dino_loss,epoch,ibot_loss,koleo_loss,step,total_loss,total_loss_epoch
5.533039093017578,0,5.533143997192383,-0.23563739657402039,9,11.056757926940918,
5.52810525894165,0,5.522395610809326,-0.23938722908496857,19,11.040925025939941,
5.529603958129883,0,5.522151947021484,-0.2938612103462219,29,11.04000186920166,
5.522982597351074,0,5.510018825531006,-0.2790856659412384,39,11.02183723449707,
5.5083770751953125,0,5.495977401733398,-0.2549850046634674,49,10.994154930114746,
5.524079322814941,0,5.48422908782959,-0.2533465623855591,59,10.998174667358398,
5.487814426422119,0,5.461726188659668,-0.17086061835289001,69,10.942707061767578,
5.45651912689209,0,5.445614337921143,-0.1218123808503151,79,10.897261619567871,
5.4586181640625,0,5.418951511383057,-0.16695599257946014,89,10.870890617370605,
5.416221618652344,0,5.38543176651001,-0.0752100721001625,99,10.798644065856934,
5.428256988525391,0,5.372699737548828,-0.14393478631973267,109,10.795199394226074,
5.367099761962891,0,5.3232293128967285,-0.03579051420092583,119,10.688897132873535,
5.374148368835449,0,5.31929874420166,-0.05856344476342201,129,10.691104888916016,
5.297492980957031,0,5.282115936279297,-0.07174666970968246,139,10.576739311218262,
5.310652732849121,0,5.241043567657471,0.060954801738262177,149,10.5541353225708,
5.202763080596924,0,5.201889991760254,0.04947056248784065,159,10.406632423400879,
5.214152812957764,0,5.177570343017578,0.029850978404283524,169,10.39291763305664,
5.118060111999512,0,5.127044200897217,0.0482582151889801,179,10.247034072875977,
5.125057220458984,0,5.11804723739624,0.08309876918792725,189,10.246428489685059,
5.142073154449463,0,5.080915451049805,0.11452487111091614,199,10.227569580078125,
4.977517127990723,0,5.053076267242432,0.17229187488555908,209,10.037485122680664,
5.078880310058594,0,5.022531986236572,0.20896309614181519,219,10.109770774841309,
4.915776252746582,0,4.992840766906738,0.20076923072338104,229,9.916647911071777,
4.853388786315918,0,4.960409164428711,0.2539161145687103,239,9.823954582214355,
4.8405609130859375,0,4.934812068939209,0.3184936046600342,249,9.788113594055176,
4.8154706954956055,0,4.9254655838012695,0.35940003395080566,259,9.755311965942383,
4.867283821105957,0,4.898797988891602,0.402728408575058,269,9.782191276550293,
4.719703197479248,0,4.892799377441406,0.46477606892585754,279,9.631093978881836,
4.797157287597656,0,4.904372692108154,0.4826897382736206,289,9.720837593078613,
4.6883392333984375,0,4.823777198791504,0.5708925724029541,299,9.534952163696289,
4.689978122711182,0,4.840172290802002,0.6592082381248474,309,9.5565185546875,
4.640091419219971,0,4.840500831604004,0.6762336492538452,319,9.507641792297363,
4.593697547912598,0,4.809055328369141,0.7105458974838257,329,9.431174278259277,
4.6179914474487305,0,4.7902326583862305,0.7013996839523315,339,9.436280250549316,
4.57877779006958,0,4.78425407409668,0.7913262248039246,349,9.394684791564941,
4.5334930419921875,0,4.780594825744629,0.8028560876846313,359,9.34620189666748,
4.4857587814331055,0,4.751648426055908,0.9541581273078918,369,9.27557373046875,
4.572108268737793,0,4.776352882385254,0.884351372718811,379,9.383834838867188,
4.493512153625488,0,4.760812282562256,0.9682008028030396,389,9.293051719665527,
4.492531776428223,0,4.743391990661621,0.959010660648346,399,9.274284362792969,
4.441452980041504,0,4.739353656768799,1.0347859859466553,409,9.222198486328125,
4.442107200622559,0,4.728044509887695,0.989912211894989,419,9.209748268127441,
4.435667514801025,0,4.718504905700684,1.0918477773666382,429,9.197846412658691,
4.440988540649414,0,4.720156192779541,1.0195331573486328,439,9.201925277709961,
4.454550266265869,0,4.720894813537598,0.9729679226875305,449,9.214364051818848,
4.437169075012207,0,4.676168918609619,1.0455330610275269,459,9.155159950256348,
4.449085235595703,0,4.706093788146973,1.0685056447982788,469,9.197918891906738,
4.373391151428223,0,4.6705217361450195,1.115488886833191,479,9.088532447814941,
4.370899677276611,0,4.663398742675781,1.0499074459075928,489,9.0762939453125,
4.393101692199707,0,4.64837646484375,1.1146082878112793,499,9.08606243133545,
4.353370189666748,0,4.6470723152160645,1.124280571937561,509,9.045413970947266,
4.408976078033447,0,4.671146392822266,1.0754027366638184,519,9.123138427734375,
4.353228569030762,0,4.638599872589111,1.1162962913513184,529,9.036480903625488,
4.383668899536133,0,4.651735782623291,1.0608775615692139,539,9.077838897705078,
4.360943794250488,0,4.644275665283203,1.1511179208755493,549,9.051263809204102,
4.358340263366699,0,4.661709308624268,1.1902871131896973,559,9.06766128540039,
4.359197616577148,0,4.639727592468262,1.1219356060028076,569,9.043802261352539,
4.370265007019043,0,4.646849632263184,1.025107502937317,579,9.05811882019043,
4.353087425231934,0,4.614879131317139,1.1465225219726562,589,9.013827323913574,
4.361664295196533,0,4.627274036407471,1.1271088123321533,599,9.034022331237793,
4.283477783203125,0,4.601800441741943,1.2033814191818237,609,8.9334135055542,
4.404550552368164,0,4.64442777633667,1.0961451530456543,619,9.092824935913086,
4.342487335205078,0,4.609499454498291,1.0678123235702515,629,8.994698524475098,
4.301080703735352,0,4.605162143707275,1.2067492008209229,639,8.954512596130371,
4.296111106872559,0,4.586628437042236,1.1875649690628052,649,8.930242538452148,
4.292746067047119,0,4.589521884918213,1.212409257888794,659,8.930764198303223,
4.254765510559082,0,4.599475860595703,1.1848399639129639,669,8.90163516998291,
4.287545204162598,0,4.593100070953369,1.1916331052780151,679,8.928311347961426,
4.3147292137146,0,4.585285663604736,1.2611685991287231,689,8.950461387634277,
4.242849349975586,0,4.564356327056885,1.2719365358352661,699,8.85808277130127,
4.320096492767334,0,4.5709943771362305,1.320386528968811,709,8.9439058303833,
4.285421371459961,0,4.555307388305664,1.1973310708999634,719,8.888622283935547,
4.30794620513916,0,4.560406684875488,1.237461805343628,729,8.917851448059082,
4.370222091674805,0,4.559126377105713,1.2379816770553589,739,8.978867530822754,
4.2764081954956055,0,4.565478324890137,1.101605772972107,749,8.885951042175293,
4.325074195861816,0,4.579537868499756,1.2447705268859863,759,8.954401969909668,
4.284689426422119,0,4.552016735076904,1.466359257698059,769,8.895360946655273,
4.271177768707275,0,4.570353031158447,1.2492763996124268,779,8.891501426696777,
4.2589192390441895,0,4.590608596801758,1.28946852684021,789,8.901105880737305,
4.2366437911987305,0,4.605827808380127,1.3842138051986694,799,8.89784049987793,
4.2568511962890625,0,4.568212032318115,1.2106579542160034,809,8.873490333557129,
4.280733585357666,0,4.555203437805176,1.2402223348617554,819,8.885546684265137,
4.230820655822754,0,4.572452545166016,1.1860909461975098,829,8.850716590881348,
4.258573055267334,0,4.578722953796387,1.2982383966445923,839,8.889225006103516,
4.268742561340332,0,4.579191207885742,1.2989635467529297,849,8.89989185333252,
4.305609703063965,0,4.555339813232422,1.2638663053512573,859,8.911503791809082,
4.250410079956055,0,4.54468297958374,1.315241813659668,869,8.847702980041504,
4.227623462677002,0,4.556647300720215,1.310953140258789,879,8.836709022521973,
4.217044353485107,0,4.570796966552734,1.3629000186920166,889,8.842357635498047,
4.282179832458496,0,4.560667514801025,1.2817926406860352,899,8.894119262695312,
4.253681659698486,0,4.546008110046387,1.2988332509994507,909,8.851643562316895,
4.226698398590088,0,4.543968200683594,1.314133882522583,919,8.82323169708252,
4.2944865226745605,0,4.557722091674805,1.3027677536010742,929,8.904319763183594,
4.2630295753479,0,4.585649490356445,1.3825725317001343,939,8.90398120880127,
4.263134956359863,0,4.555618762969971,1.2748528718948364,949,8.86974811553955,
4.238325119018555,0,4.542599678039551,1.1963214874267578,959,8.828777313232422,
4.1819963455200195,0,4.5237627029418945,1.2536027431488037,969,8.755903244018555,
4.171579360961914,0,4.5352911949157715,1.4005820751190186,979,8.762894630432129,
4.256819725036621,0,4.548713684082031,1.3068369626998901,989,8.857807159423828,
4.237393379211426,0,4.561003684997559,1.310418725013733,999,8.850813865661621,
4.215552806854248,0,4.539012908935547,1.3898292779922485,1009,8.810159683227539,
4.182124137878418,0,4.557035446166992,1.3551721572875977,1019,8.793366432189941,
4.1967058181762695,0,4.53967809677124,1.3857686519622803,1029,8.791813850402832,
,0,,,1036,,9.407403945922852
4.2270331382751465,1,4.521835803985596,1.2793700695037842,1039,8.800044059753418,
4.176748752593994,1,4.545530796051025,1.4088801145553589,1049,8.778635025024414,
4.206342697143555,1,4.53834867477417,1.320204257965088,1059,8.797499656677246,
4.206639766693115,1,4.572190761566162,1.4288040399551392,1069,8.835982322692871,
4.191520690917969,1,4.517911434173584,1.3666415214538574,1079,8.764098167419434,
4.232836723327637,1,4.593164443969727,1.4511919021606445,1089,8.884048461914062,
4.183416366577148,1,4.556718826293945,1.4473185539245605,1099,8.798027992248535,
4.187490940093994,1,4.543901443481445,1.3108572959899902,1109,8.783825874328613,
4.166345119476318,1,4.539276123046875,1.3711165189743042,1119,8.760466575622559,
4.182267189025879,1,4.551844120025635,1.371214509010315,1129,8.788960456848145,
4.189084053039551,1,4.586819171905518,1.3832005262374878,1139,8.831232070922852,
4.18827486038208,1,4.542408466339111,1.3766077756881714,1149,8.785747528076172,
4.2459211349487305,1,4.543931007385254,1.3184620141983032,1159,8.84259033203125,
4.136174201965332,1,4.543626308441162,1.3575310707092285,1169,8.734101295471191,
4.272346496582031,1,4.579565048217773,1.327243447303772,1179,8.905001640319824,
4.163276672363281,1,4.5836687088012695,1.2668346166610718,1189,8.797618865966797,
4.211944103240967,1,4.557937145233154,1.2915562391281128,1199,8.82154369354248,
4.207266330718994,1,4.538046836853027,1.3656494617462158,1209,8.799939155578613,
4.188735008239746,1,4.5505547523498535,1.2776036262512207,1219,8.79039478302002,
4.192045211791992,1,4.529524326324463,1.269732117652893,1229,8.772357940673828,
4.240361213684082,1,4.548081874847412,1.286620855331421,1239,8.8399076461792,
4.190399646759033,1,4.538980007171631,1.2726452350616455,1249,8.780285835266113,
4.230340003967285,1,4.551255702972412,1.3253705501556396,1259,8.834609985351562,
4.188096046447754,1,4.539597511291504,1.3076223134994507,1269,8.779998779296875,
4.159532070159912,1,4.572808265686035,1.2790343761444092,1279,8.783501625061035,
4.269343376159668,1,4.53087043762207,1.2923415899276733,1289,8.851907730102539,
4.196475982666016,1,4.578453063964844,1.3771562576293945,1299,8.830015182495117,
4.229201316833496,1,4.563867092132568,1.3210490942001343,1309,8.84591007232666,
4.228443145751953,1,4.550829887390137,1.3206572532653809,1319,8.832098960876465,
4.221393585205078,1,4.539448261260986,1.34520423412323,1329,8.81464958190918,
4.189309120178223,1,4.55133581161499,1.256836175918579,1339,8.790918350219727,
4.263970375061035,1,4.550181865692139,1.2859318256378174,1349,8.865589141845703,
4.174632549285889,1,4.5696821212768555,1.366905689239502,1359,8.798990249633789,
4.177943229675293,1,4.559553623199463,1.3684320449829102,1369,8.792234420776367,
4.1766252517700195,1,4.523379802703857,1.3386635780334473,1379,8.753551483154297,
4.160581588745117,1,4.519957542419434,1.2970622777938843,1389,8.732421875,
4.179907321929932,1,4.521518707275391,1.2838308811187744,1399,8.752779006958008,
4.298646926879883,1,4.587526321411133,1.339897871017456,1409,8.93976879119873,
4.2362470626831055,1,4.530060291290283,1.3434224128723145,1419,8.82004451751709,
4.227429389953613,1,4.507668972015381,1.320446252822876,1429,8.78791618347168,
4.240780830383301,1,4.521099090576172,1.332931637763977,1439,8.815196990966797,
4.198087692260742,1,4.5438408851623535,1.287653923034668,1449,8.793434143066406,
4.228611469268799,1,4.528471946716309,1.3127270936965942,1459,8.809593200683594,
4.136471271514893,1,4.528515338897705,1.4024757146835327,1469,8.721085548400879,
4.215457916259766,1,4.551633358001709,1.2782363891601562,1479,8.818221092224121,
4.138999938964844,1,4.536329746246338,1.2642017602920532,1489,8.725896835327148,
4.213759899139404,1,4.538949012756348,1.3425885438919067,1499,8.806411743164062,
4.222818374633789,1,4.5186238288879395,1.316452145576477,1509,8.794099807739258,
4.149346828460693,1,4.5227556228637695,1.3819776773452759,1519,8.727380752563477,
4.2186689376831055,1,4.48708438873291,1.2612102031707764,1529,8.75620174407959,
4.176293849945068,1,4.530819892883301,1.299530267715454,1539,8.75909423828125,
4.233548641204834,1,4.52185583114624,1.3147609233856201,1549,8.807994842529297,
4.20704984664917,1,4.549191474914551,1.3031249046325684,1559,8.808365821838379,
4.1674957275390625,1,4.49296760559082,1.3331109285354614,1569,8.713788032531738,
4.206947326660156,1,4.507717609405518,1.2726752758026123,1579,8.765571594238281,
4.182166576385498,1,4.504720211029053,1.280861496925354,1589,8.738121032714844,
4.27253532409668,1,4.5238165855407715,1.27999746799469,1599,8.847552299499512,
4.198912620544434,1,4.488605976104736,1.256845235824585,1609,8.73779296875,
4.231032371520996,1,4.53833532333374,1.216156244277954,1619,8.818013191223145,
4.166031837463379,1,4.486958980560303,1.3274751901626587,1629,8.70608901977539,
4.184896469116211,1,4.519574165344238,1.3136836290359497,1639,8.757018089294434,
4.237152576446533,1,4.501805305480957,1.3018187284469604,1649,8.791030883789062,
4.249997138977051,1,4.509703159332275,1.3491742610931396,1659,8.813667297363281,
4.121498107910156,1,4.519552707672119,1.3115336894989014,1669,8.693511962890625,
4.155170917510986,1,4.535470008850098,1.2388337850570679,1679,8.740194320678711,
4.203882217407227,1,4.496836185455322,1.2698777914047241,1689,8.751513481140137,
4.233031272888184,1,4.5151495933532715,1.2660731077194214,1699,8.798823356628418,
4.196378707885742,1,4.511115074157715,1.3701202869415283,1709,8.762298583984375,
4.29551887512207,1,4.49621057510376,1.293452262878418,1719,8.843466758728027,
4.335140228271484,1,4.492478847503662,1.2545859813690186,1729,8.877802848815918,
4.45796012878418,1,4.529773712158203,1.3167200088500977,1739,9.04040241241455,
4.210624694824219,1,4.462128162384033,1.31070876121521,1749,8.725180625915527,
4.15144157409668,1,4.53844690322876,1.306233525276184,1759,8.74213695526123,
4.259543418884277,1,4.525793075561523,1.3653007745742798,1769,8.839948654174805,
4.186469078063965,1,4.476996898651123,1.3485239744186401,1779,8.717406272888184,
4.185072898864746,1,4.498788356781006,1.3094804286956787,1789,8.73624038696289,
4.247945785522461,1,4.5308308601379395,1.3490514755249023,1799,8.832737922668457,
4.188974380493164,1,4.5086283683776855,1.4075719118118286,1809,8.75390625,
4.337541580200195,1,4.492043972015381,1.3027087450027466,1819,8.881694793701172,
4.208423137664795,1,4.499757766723633,1.3474382162094116,1829,8.762079238891602,
4.258220195770264,1,4.486863613128662,1.2985984086990356,1839,8.797027587890625,
4.179378509521484,1,4.516376972198486,1.3651821613311768,1849,8.750362396240234,
4.1514739990234375,1,4.479858875274658,1.3380793333053589,1859,8.684855461120605,
4.193493366241455,1,4.4819536209106445,1.3115885257720947,1869,8.727910995483398,
4.188344955444336,1,4.5004448890686035,1.3176313638687134,1879,8.741494178771973,
4.204771041870117,1,4.506165027618408,1.3196473121643066,1889,8.763721466064453,
4.211727619171143,1,4.524179935455322,1.3303767442703247,1899,8.789122581481934,
4.194817066192627,1,4.468013286590576,1.35782790184021,1909,8.717143058776855,
4.143190383911133,1,4.484716892242432,1.3256834745407104,1919,8.680933952331543,
4.143719673156738,1,4.468886375427246,1.3018380403518677,1929,8.664679527282715,
4.126140117645264,1,4.533077239990234,1.4153523445129395,1939,8.715831756591797,
4.173469543457031,1,4.467461109161377,1.3005235195159912,1949,8.692951202392578,
4.264954090118408,1,4.504273414611816,1.2923240661621094,1959,8.820920944213867,
4.207488059997559,1,4.4744553565979,1.2943476438522339,1969,8.733717918395996,
4.112269878387451,1,4.501796245574951,1.328747034072876,1979,8.667216300964355,
4.141080856323242,1,4.507873058319092,1.3067030906677246,1989,8.70122241973877,
4.154944896697998,1,4.4791975021362305,1.2748621702194214,1999,8.685136795043945,
4.154469966888428,1,4.470712661743164,1.3079701662063599,2009,8.677501678466797,
4.15363073348999,1,4.4981465339660645,1.3120228052139282,2019,8.70425796508789,
4.143865585327148,1,4.508886337280273,1.3716483116149902,2029,8.70761775970459,
4.167194366455078,1,4.48038387298584,1.37181556224823,2039,8.7024507522583,
4.162204742431641,1,4.479541778564453,1.2945876121520996,2049,8.693530082702637,
4.162175178527832,1,4.466304302215576,1.2306907176971436,2059,8.677706718444824,
4.142724990844727,1,4.492140293121338,1.3065096139907837,2069,8.687125205993652,
,1,,,2073,,8.777909278869629
4.158257007598877,2,4.471268177032471,1.3342995643615723,2079,8.682897567749023,
4.208166122436523,2,4.5119194984436035,1.298149824142456,2089,8.772010803222656,
4.225716590881348,2,4.475673198699951,1.2987792491912842,2099,8.753340721130371,
4.186256408691406,2,4.471100330352783,1.3016022443771362,2109,8.709420204162598,
4.177157402038574,2,4.475492000579834,1.2748347520828247,2119,8.703641891479492,
4.156541347503662,2,4.466842174530029,1.3385322093963623,2129,8.676924705505371,
4.184609413146973,2,4.460599899291992,1.3532291650772095,2139,8.699338912963867,
4.176202774047852,2,4.467498302459717,1.2902621030807495,2149,8.6953125,
4.217942237854004,2,4.485841751098633,1.3416038751602173,2159,8.757448196411133,
4.1251325607299805,2,4.46947717666626,1.2955405712127686,2169,8.646431922912598,
4.218669891357422,2,4.461287975311279,1.2853304147720337,2179,8.731371879577637,
4.215851783752441,2,4.475841999053955,1.3070096969604492,2189,8.743974685668945,
4.181450366973877,2,4.4641432762146,1.3514113426208496,2199,8.699649810791016,
4.218533515930176,2,4.462465286254883,1.3104639053344727,2209,8.733417510986328,
4.143619060516357,2,4.469306945800781,1.29861581325531,2219,8.664871215820312,
4.215111255645752,2,4.438705921173096,1.311941385269165,2229,8.706295013427734,
4.127006530761719,2,4.423819065093994,1.2961472272872925,2239,8.602670669555664,
4.1423234939575195,2,4.454892158508301,1.3011260032653809,2249,8.649260520935059,
4.148326873779297,2,4.491663455963135,1.3284471035003662,2259,8.693127632141113,
4.163249492645264,2,4.448129177093506,1.2461928129196167,2269,8.661226272583008,
4.146836757659912,2,4.521965026855469,1.4166609048843384,2279,8.725468635559082,
4.153916358947754,2,4.500575065612793,1.3013592958450317,2289,8.70654582977295,
4.1830949783325195,2,4.455446720123291,1.2447521686553955,2299,8.688332557678223,
4.158353328704834,2,4.418930530548096,1.2895116806030273,2309,8.628864288330078,
4.153902053833008,2,4.457763195037842,1.3797781467437744,2319,8.66685676574707,
4.1684041023254395,2,4.445801258087158,1.2838084697723389,2329,8.665557861328125,
4.172851085662842,2,4.449937343597412,1.2607359886169434,2339,8.6732177734375,
4.108792304992676,2,4.477653980255127,1.2783794403076172,2349,8.637581825256348,
4.112097263336182,2,4.438486099243164,1.2968294620513916,2359,8.602456092834473,
4.124394416809082,2,4.475935935974121,1.2592048645019531,2369,8.6506986618042,
4.139272212982178,2,4.433477401733398,1.265341877937317,2379,8.623363494873047,
4.183987617492676,2,4.450044631958008,1.2303756475448608,2389,8.683247566223145,
4.105493545532227,2,4.444261074066162,1.3097165822982788,2399,8.602143287658691,
4.1753644943237305,2,4.494538307189941,1.363356590270996,2409,8.72443675994873,
4.196135997772217,2,4.4344611167907715,1.3168903589248657,2419,8.683272361755371,
4.143963813781738,2,4.471630573272705,1.2316296100616455,2429,8.664859771728516,
4.107127666473389,2,4.472688674926758,1.3507436513900757,2439,8.633846282958984,
4.205540180206299,2,4.480813980102539,1.3883998394012451,2449,8.741889953613281,
4.135237216949463,2,4.447710990905762,1.2950084209442139,2459,8.634749412536621,
4.147665023803711,2,4.4877824783325195,1.2491722106933594,2469,8.68541431427002,
4.149439811706543,2,4.5160908699035645,1.3177821636199951,2479,8.718242645263672,
4.089029312133789,2,4.46320104598999,1.2850686311721802,2489,8.603633880615234,
4.1010637283325195,2,4.4948811531066895,1.305611252784729,2499,8.64816951751709,
4.172259330749512,2,4.4865899085998535,1.2517880201339722,2509,8.708921432495117,
4.148896217346191,2,4.485403537750244,1.3356077671051025,2519,8.687724113464355,
4.1161909103393555,2,4.461240768432617,1.3007593154907227,2529,8.629462242126465,
4.151843070983887,2,4.436920166015625,1.2591150999069214,2539,8.639127731323242,
4.15921688079834,2,4.449172019958496,1.237550139427185,2549,8.657891273498535,
4.09462308883667,2,4.446052551269531,1.2868317365646362,2559,8.59214973449707,
4.070061683654785,2,4.477655410766602,1.3233076333999634,2569,8.6006498336792,
4.17111873626709,2,4.442241191864014,1.3295201063156128,2579,8.666540145874023,
4.19142484664917,2,4.455921649932861,1.3120231628417969,2589,8.699827194213867,
4.153207778930664,2,4.481026649475098,1.2535512447357178,2599,8.68437671661377,
4.17592191696167,2,4.402604579925537,1.2485624551773071,2609,8.628469467163086,
4.1341352462768555,2,4.478468418121338,1.3041836023330688,2619,8.66477108001709,
4.18134880065918,2,4.439581394195557,1.260191559791565,2629,8.671337127685547,
4.200834274291992,2,4.452178001403809,1.323048710823059,2639,8.705934524536133,
4.183282852172852,2,4.44119930267334,1.3398414850234985,2649,8.678075790405273,
4.1227874755859375,2,4.43725061416626,1.2548805475234985,2659,8.610233306884766,
4.252511024475098,2,4.458026885986328,1.2608009576797485,2669,8.760970115661621,
4.217555046081543,2,4.42857027053833,1.2870237827301025,2679,8.697607040405273,
4.163760185241699,2,4.426586627960205,1.270673155784607,2689,8.64117431640625,
4.121507167816162,2,4.42841100692749,1.299045443534851,2699,8.601880073547363,
4.102189064025879,2,4.417473316192627,1.2639799118041992,2709,8.570221900939941,
4.152992248535156,2,4.436054706573486,1.2995851039886475,2719,8.641030311584473,
4.309845924377441,2,4.4613423347473145,1.287711262702942,2729,8.822697639465332,
4.126283645629883,2,4.42869758605957,1.326884150505066,2739,8.608057022094727,
4.10045051574707,2,4.4343366622924805,1.2641582489013672,2749,8.58535385131836,
4.103579044342041,2,4.477134704589844,1.2654666900634766,2759,8.631332397460938,
4.114197731018066,2,4.450238227844238,1.3011579513549805,2769,8.616482734680176,
4.155832290649414,2,4.428354740142822,1.2935535907745361,2779,8.635929107666016,
4.111388206481934,2,4.481002330780029,1.3594876527786255,2789,8.646769523620605,
4.157106876373291,2,4.46003532409668,1.3703229427337646,2799,8.671955108642578,
4.162840843200684,2,4.460297107696533,1.2606275081634521,2809,8.673563957214355,
4.2600226402282715,2,4.449750900268555,1.2802232503890991,2819,8.760982513427734,
4.100105285644531,2,4.412665367126465,1.2716374397277832,2829,8.56363582611084,
4.07271146774292,2,4.401825904846191,1.2280919551849365,2839,8.523660659790039,
4.230262756347656,2,4.483213424682617,1.2529178857803345,2849,8.763592720031738,
4.188152313232422,2,4.405722141265869,1.2936347723007202,2859,8.64561939239502,
4.18372917175293,2,4.432281970977783,1.2268208265304565,2869,8.665083885192871,
4.096012592315674,2,4.446166515350342,1.2250336408615112,2879,8.591180801391602,
4.1109938621521,2,4.4304304122924805,1.2731140851974487,2889,8.592348098754883,
4.1371917724609375,2,4.446850299835205,1.2993093729019165,2899,8.636013984680176,
4.0674824714660645,2,4.41912317276001,1.2642076015472412,2909,8.537174224853516,
4.123493194580078,2,4.414836406707764,1.2912863492965698,2919,8.589981079101562,
4.084234237670898,2,4.416592121124268,1.282990574836731,2929,8.552145957946777,
4.149659156799316,2,4.3886027336120605,1.2777276039123535,2939,8.589370727539062,
4.084855079650879,2,4.415172576904297,1.254296064376831,2949,8.550199508666992,
4.125483989715576,2,4.391021728515625,1.224639892578125,2959,8.565491676330566,
4.094025611877441,2,4.40052604675293,1.2381478548049927,2969,8.54407787322998,
4.132769584655762,2,4.440398216247559,1.261374831199646,2979,8.62362289428711,
4.166101455688477,2,4.4376983642578125,1.1844362020492554,2989,8.651177406311035,
4.13412618637085,2,4.402268409729004,1.2781431674957275,2999,8.587519645690918,
4.079272747039795,2,4.397025108337402,1.2498464584350586,3009,8.526290893554688,
4.130746841430664,2,4.43428373336792,1.2583107948303223,3019,8.615363121032715,
4.199976444244385,2,4.459833145141602,1.2283344268798828,3029,8.708942413330078,
4.0425615310668945,2,4.395965576171875,1.2183465957641602,3039,8.487260818481445,
4.024284362792969,2,4.399946689605713,1.289778709411621,3049,8.475821495056152,
4.190132141113281,2,4.4434919357299805,1.2142915725708008,3059,8.682195663452148,
4.1350417137146,2,4.392407417297363,1.2402132749557495,3069,8.577056884765625,
4.052255153656006,2,4.404458522796631,1.2474825382232666,3079,8.506612777709961,
4.158824920654297,2,4.445160388946533,1.2399109601974487,3089,8.653581619262695,
4.1267828941345215,2,4.436750888824463,1.30787992477417,3099,8.615848541259766,
4.1696624755859375,2,4.440852642059326,1.2142431735992432,3109,8.659085273742676,
,2,,,3110,,8.646374702453613
4.055492401123047,3,4.4266357421875,1.3016750812530518,3119,8.534194946289062,
4.207947731018066,3,4.442635536193848,1.2538498640060425,3129,8.700736999511719,
4.081564426422119,3,4.387185096740723,1.2612680196762085,3139,8.519200325012207,
4.140005588531494,3,4.3963727951049805,1.231773853302002,3149,8.585649490356445,
4.055916786193848,3,4.439823627471924,1.2239354848861694,3159,8.544698715209961,
4.1259002685546875,3,4.434783935546875,1.1876170635223389,3169,8.60818862915039,
4.110682487487793,3,4.411154270172119,1.335564136505127,3179,8.575260162353516,
4.095888137817383,3,4.405953407287598,1.2301037311553955,3189,8.551045417785645,
4.127641201019287,3,4.3773627281188965,1.3134416341781616,3199,8.557541847229004,
4.178089618682861,3,4.424983024597168,1.2236241102218628,3209,8.652018547058105,
4.060239791870117,3,4.4289655685424805,1.179495096206665,3219,8.536385536193848,
4.15617561340332,3,4.378750324249268,1.1904679536819458,3229,8.582544326782227,
4.073169231414795,3,4.384624481201172,1.3154677152633667,3239,8.51041316986084,
4.1517133712768555,3,4.427883625030518,1.3153632879257202,3249,8.632211685180664,
4.023097991943359,3,4.41156005859375,1.1893672943115234,3259,8.482233047485352,
4.086198806762695,3,4.434041500091553,1.1692317724227905,3269,8.567009925842285,
4.053230285644531,3,4.381406784057617,1.2709105014801025,3279,8.4854736328125,
4.050407886505127,3,4.447097301483154,1.278161883354187,3289,8.54863166809082,
4.094170570373535,3,4.397877216339111,1.235001802444458,3299,8.541448593139648,
4.087184906005859,3,4.452349662780762,1.2685680389404297,3309,8.590277671813965,
4.020801067352295,3,4.388537406921387,1.197729468345642,3319,8.457246780395508,
4.017299652099609,3,4.418753147125244,1.2028658390045166,3329,8.484167098999023,
4.096128463745117,3,4.394519805908203,1.226952314376831,3339,8.539726257324219,
4.096869468688965,3,4.464523792266846,1.3147797584533691,3349,8.613985061645508,
4.062615394592285,3,4.432449817657471,1.2358784675598145,3359,8.544500350952148,
4.077402114868164,3,4.367087364196777,1.1258485317230225,3369,8.489523887634277,
3.9757089614868164,3,4.426657676696777,1.2315362691879272,3379,8.451627731323242,
4.075727462768555,3,4.4122772216796875,1.226938009262085,3389,8.53708267211914,
4.128536224365234,3,4.403452396392822,1.2159843444824219,3399,8.58062744140625,
4.067554473876953,3,4.412720203399658,1.1881824731826782,3409,8.527801513671875,
4.0383405685424805,3,4.437557697296143,1.1539822816848755,3419,8.522058486938477,
4.077701568603516,3,4.374375820159912,1.1846402883529663,3429,8.499463081359863,
4.004110336303711,3,4.402090549468994,1.1978874206542969,3439,8.454115867614746,
4.012966156005859,3,4.404653072357178,1.2118107080459595,3449,8.466092109680176,
4.074078559875488,3,4.383800506591797,1.161078929901123,3459,8.504322052001953,
4.02145528793335,3,4.3736395835876465,1.1503316164016724,3469,8.441107749938965,
4.141352653503418,3,4.442080974578857,1.1783854961395264,3479,8.630568504333496,
4.0885725021362305,3,4.393589019775391,1.302428126335144,3489,8.534258842468262,
4.041119575500488,3,4.370790004730225,1.2333989143371582,3499,8.461244583129883,
4.0104875564575195,3,4.363966464996338,1.2377675771713257,3509,8.423965454101562,
4.057977199554443,3,4.382123947143555,1.2769273519515991,3519,8.491178512573242,
4.117912292480469,3,4.461256504058838,1.1925654411315918,3529,8.626871109008789,
4.017851829528809,3,4.398457050323486,1.198898434638977,3539,8.464264869689941,
4.059944152832031,3,4.419788360595703,1.2565922737121582,3549,8.529995918273926,
4.021812438964844,3,4.423138618469238,1.1899971961975098,3559,8.49255084991455,
4.0306196212768555,3,4.381616592407227,1.17867112159729,3569,8.459383010864258,
3.9713828563690186,3,4.371568202972412,1.2236456871032715,3579,8.39189624786377,
4.05747127532959,3,4.434593677520752,1.2242757081985474,3589,8.541036605834961,
4.022176265716553,3,4.391202449798584,1.157692790031433,3599,8.459686279296875,
4.018514156341553,3,4.401677131652832,1.1670334339141846,3609,8.466872215270996,
4.0939178466796875,3,4.421420097351074,1.1509913206100464,3619,8.56137752532959,
3.9865775108337402,3,4.4059624671936035,1.2290751934051514,3629,8.441702842712402,
3.9871439933776855,3,4.391854286193848,1.2623246908187866,3639,8.42949104309082,
4.0037841796875,3,4.3554253578186035,1.1400283575057983,3649,8.404809951782227,
4.037056922912598,3,4.346928596496582,1.07868492603302,3659,8.427132606506348,
3.979090452194214,3,4.408404350280762,1.1954855918884277,3669,8.435314178466797,
4.018920421600342,3,4.360396385192871,1.1423267126083374,3679,8.425009727478027,
4.003625392913818,3,4.371014595031738,1.2111427783966064,3689,8.42308521270752,
3.962991714477539,3,4.388234615325928,1.203175663948059,3699,8.399353981018066,
4.025092601776123,3,4.4011054039001465,1.206810474395752,3709,8.474470138549805,
4.032273292541504,3,4.366925239562988,1.1521755456924438,3719,8.44528579711914,
4.000187873840332,3,4.387868881225586,1.1528865098953247,3729,8.434172630310059,
4.027770042419434,3,4.435634613037109,1.1869868040084839,3739,8.510884284973145,
3.9668164253234863,3,4.4075422286987305,1.230716586112976,3749,8.423587799072266,
4.010019302368164,3,4.403475284576416,1.1572480201721191,3759,8.459783554077148,
3.9659037590026855,3,4.4040679931640625,1.220556378364563,3769,8.418794631958008,
3.964909076690674,3,4.3942365646362305,1.2802631855010986,3779,8.410356521606445,
3.9601292610168457,3,4.418567180633545,1.2791062593460083,3789,8.429861068725586,
3.9485650062561035,3,4.369021415710449,1.2157845497131348,3799,8.366218566894531,
4.047970771789551,3,4.382606506347656,1.1763901710510254,3809,8.477632522583008,
3.952373743057251,3,4.389749050140381,1.144290804862976,3819,8.387894630432129,
4.004281997680664,3,4.403053283691406,1.2614184617996216,3829,8.457792282104492,
3.9880166053771973,3,4.354851722717285,1.154598593711853,3839,8.389052391052246,
4.006990432739258,3,4.397627353668213,1.2033766508102417,3849,8.452752113342285,
3.9648900032043457,3,4.379199504852295,1.167974591255188,3859,8.39080810546875,
4.026318550109863,3,4.345905303955078,1.1008676290512085,3869,8.416258811950684,
3.9925026893615723,3,4.394228458404541,1.2401868104934692,3879,8.436338424682617,
3.937826156616211,3,4.367777347564697,1.2690351009368896,3889,8.356364250183105,
3.9474546909332275,3,4.3804216384887695,1.1794154644012451,3899,8.375052452087402,
3.937405586242676,3,4.429390907287598,1.1904231309890747,3909,8.414413452148438,
3.907154083251953,3,4.367457389831543,1.1186800003051758,3919,8.319358825683594,
4.05435848236084,3,4.348731517791748,1.064767837524414,3929,8.445680618286133,
3.9267823696136475,3,4.382309913635254,1.207122564315796,3939,8.357377052307129,
3.9572691917419434,3,4.428292274475098,1.1603877544403076,3949,8.431976318359375,
4.0045013427734375,3,4.383984565734863,1.0886156558990479,3959,8.43203067779541,
3.9987192153930664,3,4.371587753295898,1.1286907196044922,3969,8.415454864501953,
3.9881653785705566,3,4.384082794189453,1.0984656810760498,3979,8.416186332702637,
3.904479742050171,3,4.37620210647583,1.1639834642410278,3989,8.327240943908691,
3.921241521835327,3,4.360769748687744,1.1984080076217651,3999,8.329947471618652,
3.973851203918457,3,4.367778301239014,1.1102741956710815,4009,8.386039733886719,
3.9494776725769043,3,4.377833843231201,1.0945353507995605,4019,8.371092796325684,
4.042873859405518,3,4.388281345367432,1.1543514728546143,4029,8.47732925415039,
4.015700817108154,3,4.366608142852783,1.2068411111831665,4039,8.430583000183105,
3.9298391342163086,3,4.444469451904297,1.2646222114562988,4049,8.424893379211426,
3.984929084777832,3,4.376991271972656,1.115358591079712,4059,8.406535148620605,
3.992675542831421,3,4.374155044555664,1.1319029331207275,4069,8.41210651397705,
3.961273670196533,3,4.370769500732422,1.215491771697998,4079,8.380661964416504,
3.9687232971191406,3,4.404897689819336,1.125530481338501,4089,8.418642044067383,
3.9403769969940186,3,4.443023204803467,1.2867926359176636,4099,8.434871673583984,
4.011847496032715,3,4.398701190948486,1.1045628786087036,4109,8.454731941223145,
3.9556665420532227,3,4.3639235496521,1.0600782632827759,4119,8.361992835998535,
3.925405502319336,3,4.367211818695068,1.1565521955490112,4129,8.338879585266113,
3.983755111694336,3,4.362554550170898,1.129394292831421,4139,8.391485214233398,
,3,,,4147,,8.473307609558105
3.9335579872131348,4,4.363307476043701,1.1931694746017456,4149,8.344592094421387,
3.939765453338623,4,4.356822967529297,1.10873281955719,4159,8.340938568115234,
4.048910617828369,4,4.385260105133057,1.2890667915344238,4169,8.485733032226562,
3.9325900077819824,4,4.368932247161865,1.092886209487915,4179,8.345237731933594,
4.040511131286621,4,4.400070667266846,1.3069871664047241,4189,8.4928617477417,
3.9837698936462402,4,4.356557369232178,1.1427360773086548,4199,8.38603687286377,
3.9724674224853516,4,4.359694004058838,1.2269197702407837,4209,8.381237983703613,
3.938401222229004,4,4.396934509277344,1.177872657775879,4219,8.382451057434082,
3.950010061264038,4,4.358633995056152,1.1282464265823364,4229,8.353774070739746,
3.9428796768188477,4,4.360737323760986,1.1198511123657227,4239,8.348411560058594,
3.9217708110809326,4,4.380349636077881,1.222285509109497,4249,8.351011276245117,
3.930992603302002,4,4.335198402404785,1.118408203125,4259,8.310927391052246,
3.9126152992248535,4,4.341249942779541,1.1336575746536255,4269,8.299211502075195,
3.9204864501953125,4,4.394498348236084,1.2748996019363403,4279,8.365981101989746,
3.928804636001587,4,4.36565637588501,1.2672187089920044,4289,8.345149993896484,
3.9784257411956787,4,4.3777642250061035,1.0867695808410645,4299,8.399660110473633,
4.032630920410156,4,4.339346408843994,1.1341596841812134,4309,8.417343139648438,
3.962460994720459,4,4.353926658630371,1.2052152156829834,4319,8.364595413208008,
3.8837246894836426,4,4.372853755950928,1.189703345298767,4329,8.304166793823242,
3.8907899856567383,4,4.359030723571777,1.1024041175842285,4339,8.293916702270508,
4.056341171264648,4,4.366922378540039,1.1269135475158691,4349,8.468339920043945,
3.9477012157440186,4,4.413383483886719,1.0744013786315918,4359,8.404061317443848,
3.8977537155151367,4,4.400317668914795,1.1527272462844849,4369,8.3441801071167,
3.9909589290618896,4,4.357215881347656,1.127968192100525,4379,8.393293380737305,
3.9581339359283447,4,4.347743988037109,1.2007945775985718,4389,8.353909492492676,
3.917567729949951,4,4.3314971923828125,1.152997374534607,4399,8.295185089111328,
3.912039041519165,4,4.315431118011475,1.1024956703186035,4409,8.271570205688477,
3.93147349357605,4,4.338833332061768,1.068314790725708,4419,8.31303882598877,
3.8622355461120605,4,4.364020347595215,1.178604006767273,4429,8.273399353027344,
3.9230563640594482,4,4.41965913772583,1.2350943088531494,4439,8.392119407653809,
3.9490292072296143,4,4.380741119384766,1.1274868249893188,4449,8.374869346618652,
3.9449234008789062,4,4.305602550506592,1.0609242916107178,4459,8.292963027954102,
3.901545524597168,4,4.3667144775390625,1.2074897289276123,4469,8.316559791564941,
3.8857126235961914,4,4.39072847366333,1.146687626838684,4479,8.322309494018555,
3.91646146774292,4,4.397738456726074,1.1530283689498901,4489,8.360321044921875,
3.9479401111602783,4,4.417729377746582,1.149032473564148,4499,8.411630630493164,
3.9169440269470215,4,4.353552341461182,1.1832772493362427,4509,8.317827224731445,
3.9803829193115234,4,4.363092422485352,1.0609432458877563,4519,8.385912895202637,
3.989579916000366,4,4.3221211433410645,1.1006100177764893,4529,8.355725288391113,
3.85837984085083,4,4.343098163604736,1.2016080617904663,4539,8.249542236328125,
3.8854129314422607,4,4.3439106941223145,1.1293368339538574,4549,8.274497032165527,
3.8636250495910645,4,4.381208896636963,1.1382815837860107,4559,8.290365219116211,
3.894958019256592,4,4.3633880615234375,1.128906011581421,4569,8.303503036499023,
3.8738174438476562,4,4.370555400848389,1.1760921478271484,4579,8.291417121887207,
3.8893465995788574,4,4.388866424560547,1.123986005783081,4589,8.323172569274902,
3.8762693405151367,4,4.35338020324707,1.1375939846038818,4599,8.275153160095215,
3.881108522415161,4,4.381135940551758,1.1059730052947998,4609,8.306483268737793,
3.957347869873047,4,4.373301982879639,1.1203770637512207,4619,8.375465393066406,
3.8634958267211914,4,4.360588073730469,1.17317795753479,4629,8.271011352539062,
3.950441360473633,4,4.362442493438721,1.1754179000854492,4639,8.35990047454834,
3.906757354736328,4,4.383933067321777,1.146667718887329,4649,8.336557388305664,
3.900387763977051,4,4.335744857788086,1.1230121850967407,4659,8.28105354309082,
3.892413854598999,4,4.3396315574646,1.149840235710144,4669,8.27803897857666,
4.29206657409668,4,4.413816928863525,1.2870906591415405,4679,8.757366180419922,
3.977246046066284,4,4.340158462524414,1.1421480178833008,4689,8.363090515136719,
3.9031448364257812,4,4.353973388671875,1.1494474411010742,4699,8.303095817565918,
3.8854997158050537,4,4.394590854644775,1.1514724493026733,4709,8.326148986816406,
3.8904495239257812,4,4.305490970611572,1.0630862712860107,4719,8.238463401794434,
3.8640589714050293,4,4.312565326690674,1.3040047883987427,4729,8.228784561157227,
3.8674325942993164,4,4.412731647491455,1.2089651823043823,4739,8.328523635864258,
3.958894729614258,4,4.3275980949401855,1.0360974073410034,4749,8.327937126159668,
3.9389710426330566,4,4.371040344238281,1.1414905786514282,4759,8.355670928955078,
3.881802558898926,4,4.3418474197387695,1.153058648109436,4769,8.26977252960205,
3.8756918907165527,4,4.32265567779541,1.0919018983840942,4779,8.242023468017578,
3.867311954498291,4,4.344508647918701,1.1469842195510864,4789,8.257699966430664,
3.906128168106079,4,4.362123489379883,1.1817412376403809,4799,8.315521240234375,
3.8324198722839355,4,4.361012935638428,1.1407135725021362,4809,8.23906135559082,
3.8823587894439697,4,4.325428009033203,1.0806766748428345,4819,8.25101375579834,
4.033819198608398,4,4.427958965301514,1.175532579421997,4829,8.50879955291748,
3.872498035430908,4,4.307581424713135,1.15684974193573,4839,8.226353645324707,
3.8562421798706055,4,4.351615905761719,1.1276153326034546,4849,8.252963066101074,
3.858003854751587,4,4.305065155029297,1.1162303686141968,4859,8.207717895507812,
3.9707436561584473,4,4.310576438903809,1.1305725574493408,4869,8.326543807983398,
3.851480007171631,4,4.311855316162109,1.2020167112350464,4879,8.211416244506836,
3.8462352752685547,4,4.373561859130859,1.081023097038269,4889,8.26303768157959,
3.932007074356079,4,4.386547088623047,1.1772619485855103,4899,8.365644454956055,
3.955669641494751,4,4.335333824157715,1.0865625143051147,4909,8.334465980529785,
3.991250991821289,4,4.379565238952637,1.0976066589355469,4919,8.41472053527832,
3.836118221282959,4,4.341116428375244,1.2620683908462524,4929,8.227717399597168,
3.8515267372131348,4,4.33961296081543,1.103905200958252,4939,8.235295295715332,
3.9025964736938477,4,4.331168174743652,1.1653183698654175,4949,8.280377388000488,
3.945371627807617,4,4.30664587020874,1.003636121749878,4959,8.292163848876953,
3.869847059249878,4,4.442442417144775,1.157503604888916,4969,8.358589172363281,
3.873716354370117,4,4.347757339477539,1.0510079860687256,4979,8.263513565063477,
3.838629722595215,4,4.3061604499816895,1.1603318452835083,4989,8.191204071044922,
3.8518362045288086,4,4.312546253204346,1.0881600379943848,4999,8.20790958404541,
3.8538684844970703,4,4.340852737426758,1.1742346286773682,5009,8.241690635681152,
3.8660647869110107,4,4.38847541809082,1.1439164876937866,5019,8.300296783447266,
3.8648972511291504,4,4.324203968048096,1.1911908388137817,5029,8.236748695373535,
3.8971216678619385,4,4.2828497886657715,1.20132315158844,5039,8.22802448272705,
3.9081549644470215,4,4.330659866333008,1.133626103401184,5049,8.284160614013672,
3.8684611320495605,4,4.343851089477539,1.1696542501449585,5059,8.259099006652832,
3.8658666610717773,4,4.284219264984131,1.10520601272583,5069,8.194293975830078,
3.882171630859375,4,4.34268045425415,1.1375514268875122,5079,8.270353317260742,
3.923844337463379,4,4.33440637588501,1.0758845806121826,5089,8.301286697387695,
3.814579963684082,4,4.344171524047852,1.1037238836288452,5099,8.202900886535645,
3.85086727142334,4,4.302730083465576,1.1187878847122192,5109,8.198348045349121,
3.86857533454895,4,4.304291248321533,1.1098676919937134,5119,8.21726131439209,
3.817561149597168,4,4.332420349121094,1.1471048593521118,5129,8.195865631103516,
3.8199384212493896,4,4.338421821594238,1.0701485872268677,5139,8.201166152954102,
3.8355281352996826,4,4.31824254989624,1.064819574356079,5149,8.19636344909668,
3.8171257972717285,4,4.3449931144714355,1.215288519859314,5159,8.21073055267334,
3.8993306159973145,4,4.3472981452941895,1.0722240209579468,5169,8.289517402648926,
3.91021466255188,4,4.327991485595703,1.0847383737564087,5179,8.281595230102539,
,4,,,5184,,8.309887886047363
3.836759328842163,5,4.363773345947266,1.098957896232605,5189,8.244491577148438,
3.8809311389923096,5,4.350289344787598,1.112491250038147,5199,8.27571964263916,
3.911677360534668,5,4.316186428070068,1.0588136911392212,5209,8.27021598815918,
3.8909950256347656,5,4.361702919006348,1.1895239353179932,5219,8.300278663635254,
3.832610607147217,5,4.339479923248291,1.1350620985031128,5229,8.217493057250977,
3.8623054027557373,5,4.3248138427734375,1.1029081344604492,5239,8.23123550415039,
3.840869903564453,5,4.316336631774902,1.100836992263794,5249,8.201239585876465,
3.8932971954345703,5,4.3605523109436035,1.2428780794143677,5259,8.303564071655273,
3.910259246826172,5,4.302342414855957,1.148195505142212,5269,8.258529663085938,
3.905118465423584,5,4.3252410888671875,1.1353105306625366,5279,8.275772094726562,
3.9021763801574707,5,4.321303367614746,1.1510651111602783,5289,8.269522666931152,
3.81378173828125,5,4.29953145980835,1.2495570182800293,5299,8.16329574584961,
3.895009994506836,5,4.362547397613525,1.1396924257278442,5309,8.303144454956055,
3.909177303314209,5,4.296058654785156,1.084272027015686,5319,8.248607635498047,
3.9010419845581055,5,4.3168816566467285,1.1464227437973022,5329,8.26378059387207,
3.8642373085021973,5,4.307122707366943,1.1453455686569214,5339,8.21717357635498,
3.9006946086883545,5,4.332388877868652,1.2906197309494019,5349,8.284708976745605,
3.8852338790893555,5,4.328738212585449,1.3021224737167358,5359,8.266057014465332,
3.868274688720703,5,4.341221332550049,1.085347056388855,5369,8.252909660339355,
3.8553738594055176,5,4.371542453765869,1.192077398300171,5379,8.274599075317383,
3.8084635734558105,5,4.305704116821289,1.1114040613174438,5389,8.158624649047852,
3.9183120727539062,5,4.318647861480713,1.062230110168457,5399,8.279448509216309,
3.8864681720733643,5,4.346397876739502,1.3200656175613403,5409,8.285669326782227,
3.9134507179260254,5,4.32455587387085,1.3539807796478271,5419,8.292165756225586,
3.87943696975708,5,4.343172073364258,1.153571605682373,5429,8.26875114440918,
4.132944583892822,5,4.348010540008545,1.2423806190490723,5439,8.53065013885498,
4.026140213012695,5,4.313754558563232,1.1759722232818604,5449,8.386934280395508,
3.876248359680176,5,4.322852611541748,1.1368029117584229,5459,8.244572639465332,
3.825119972229004,5,4.297991752624512,1.2729984521865845,5469,8.174031257629395,
3.8058218955993652,5,4.351968288421631,1.1658596992492676,5479,8.204424858093262,
3.9052891731262207,5,4.2799577713012695,1.2342054843902588,5489,8.234615325927734,
3.908721923828125,5,4.302088260650635,1.1097865104675293,5499,8.25520133972168,
3.9392027854919434,5,4.325490951538086,1.1838855743408203,5509,8.312049865722656,
3.904395818710327,5,4.3447265625,1.2006577253341675,5519,8.297148704528809,
3.927492618560791,5,4.318727016448975,1.344482421875,5529,8.299999237060547,
3.882211208343506,5,4.3319220542907715,1.2073439359664917,5539,8.26242733001709,
3.8759117126464844,5,4.302703380584717,1.1738386154174805,5549,8.225568771362305,
3.816124200820923,5,4.352817535400391,1.343488335609436,5559,8.222681045532227,
3.950234889984131,5,4.359938144683838,1.3211135864257812,5569,8.363018035888672,
3.8823726177215576,5,4.342994689941406,1.2012572288513184,5579,8.273417472839355,
3.9283013343811035,5,4.330193042755127,1.1839672327041626,5589,8.305852890014648,
3.9292373657226562,5,4.342886447906494,1.3329881429672241,5599,8.325443267822266,
3.823132038116455,5,4.334728717803955,1.2927542924880981,5609,8.20957088470459,
3.7963528633117676,5,4.335613250732422,1.3504081964492798,5619,8.185981750488281,
3.8295109272003174,5,4.315263748168945,1.137256145477295,5629,8.190264701843262,
3.824397325515747,5,4.2976226806640625,1.1718311309814453,5639,8.168892860412598,
3.84226131439209,5,4.332091331481934,1.2030761241912842,5649,8.2224760055542,
4.081960201263428,5,4.310756206512451,1.218841552734375,5659,8.4414701461792,
3.8815622329711914,5,4.32055139541626,1.2751445770263672,5669,8.253119468688965,
3.85660982131958,5,4.334436416625977,1.2420612573623657,5679,8.240728378295898,
3.8741374015808105,5,4.338150501251221,1.3700337409973145,5689,8.267088890075684,
3.822603464126587,5,4.335691452026367,1.1708282232284546,5699,8.205127716064453,
3.827765464782715,5,4.293801307678223,1.3350300788879395,5709,8.174967765808105,
3.9075660705566406,5,4.344894886016846,1.3220337629318237,5719,8.305341720581055,
3.8371973037719727,5,4.309490203857422,1.1927800178527832,5729,8.194398880004883,
3.8312511444091797,5,4.324479103088379,1.3245967626571655,5739,8.208714485168457,
3.8674979209899902,5,4.3506550788879395,1.345793604850769,5749,8.271985054016113,
3.8996949195861816,5,4.360532283782959,1.118183970451355,5759,8.304954528808594,
3.883819103240967,5,4.340871334075928,1.1998971700668335,5769,8.272686004638672,
3.819791316986084,5,4.322510719299316,1.1785401105880737,5779,8.189443588256836,
3.832918167114258,5,4.334474563598633,1.3386791944503784,5789,8.220939636230469,
3.808300018310547,5,4.342591762542725,1.200896978378296,5799,8.198927879333496,
3.869859218597412,5,4.383308410644531,1.1295982599258423,5809,8.298352241516113,
3.770040512084961,5,4.31771183013916,1.1899089813232422,5819,8.135348320007324,
3.785966396331787,5,4.3067498207092285,1.2594449520111084,5829,8.143094062805176,
3.867654800415039,5,4.337357044219971,1.0874404907226562,5839,8.248509407043457,
3.7676689624786377,5,4.276992321014404,1.3443613052368164,5849,8.09843635559082,
3.8174760341644287,5,4.345189094543457,1.2514559030532837,5859,8.212723731994629,
3.8452792167663574,5,4.335237503051758,1.0949108600616455,5869,8.224313735961914,
3.783419132232666,5,4.332996845245361,1.1919950246810913,5879,8.164095878601074,
3.807326078414917,5,4.331135272979736,1.1973419189453125,5889,8.186354637145996,
3.8486852645874023,5,4.299140930175781,1.1122734546661377,5899,8.192317008972168,
4.003488540649414,5,4.371609210968018,1.0914547443389893,5909,8.418755531311035,
3.8555140495300293,5,4.359161376953125,1.1913306713104248,5919,8.2623291015625,
3.827591896057129,5,4.317657947540283,1.096868634223938,5929,8.189125061035156,
3.8245396614074707,5,4.311485290527344,1.100480556488037,5939,8.180044174194336,
3.7965517044067383,5,4.333976745605469,1.162437915802002,5949,8.17702579498291,
3.7855167388916016,5,4.289530277252197,1.087438941001892,5959,8.11854362487793,
3.8424501419067383,5,4.306856155395508,1.2835513353347778,5969,8.200648307800293,
3.843820810317993,5,4.3236517906188965,1.2490657567977905,5979,8.217435836791992,
3.7952537536621094,5,4.3319220542907715,1.1461313962936401,5989,8.17302131652832,
3.7875547409057617,5,4.309225559234619,1.191300392150879,5999,8.14443302154541,
3.7883248329162598,5,4.303206443786621,1.1601225137710571,6009,8.13793659210205,
3.812762975692749,5,4.360963821411133,1.211782455444336,6019,8.222198486328125,
3.8354129791259766,5,4.32027006149292,1.1372017860412598,6029,8.201171875,
3.765453577041626,5,4.302735328674316,1.0090197324752808,6039,8.108549118041992,
3.8177976608276367,5,4.315981388092041,1.2103012800216675,6049,8.182191848754883,
3.787447929382324,5,4.273185729980469,1.1201765537261963,6059,8.105441093444824,
3.6966328620910645,5,4.331496715545654,1.1716634035110474,6069,8.074995994567871,
3.768528938293457,5,4.303482532501221,1.1820207834243774,6079,8.119293212890625,
3.778682231903076,5,4.3065314292907715,1.0752369165420532,6089,8.128223419189453,
3.7462260723114014,5,4.277340888977051,1.1221708059310913,6099,8.068453788757324,
3.741720676422119,5,4.352212905883789,1.0318931341171265,6109,8.135209083557129,
3.7692761421203613,5,4.283422946929932,1.1406207084655762,6119,8.098323822021484,
3.809929370880127,5,4.281230926513672,1.0215216875076294,6129,8.132020950317383,
3.732381820678711,5,4.376397609710693,1.2014777660369873,6139,8.156839370727539,
3.77390718460083,5,4.276858806610107,1.1266393661499023,6149,8.095831871032715,
3.804612159729004,5,4.357703685760498,1.0947957038879395,6159,8.206107139587402,
3.76961350440979,5,4.302148818969727,1.0923184156417847,6169,8.11545467376709,
3.721510410308838,5,4.309290409088135,1.1364691257476807,6179,8.07625961303711,
3.714340925216675,5,4.322134494781494,1.1526439189910889,6189,8.08258056640625,
3.7259774208068848,5,4.325897216796875,1.2102210521697998,6199,8.100282669067383,
3.784588098526001,5,4.359886169433594,1.113772988319397,6209,8.189024925231934,
3.71897029876709,5,4.326786518096924,1.253453254699707,6219,8.095895767211914,
,5,,,6221,,8.2305269241333
3.813556432723999,6,4.325377464294434,1.15544593334198,6229,8.185152053833008,
3.7571988105773926,6,4.315566539764404,1.059671401977539,6239,8.115152359008789,
3.774674654006958,6,4.384884834289551,1.2715835571289062,6249,8.21042251586914,
3.7965245246887207,6,4.315072536468506,1.0480685234069824,6259,8.153519630432129,
3.696460723876953,6,4.310123443603516,1.1248983144760132,6269,8.051580429077148,
3.744378089904785,6,4.301655292510986,1.0371302366256714,6279,8.087518692016602,
3.718363046646118,6,4.280880928039551,0.9923644065856934,6289,8.038938522338867,
3.727769613265991,6,4.298959732055664,1.02720046043396,6299,8.067817687988281,
3.7435805797576904,6,4.287350654602051,1.1038132905960083,6309,8.07508373260498,
3.748991012573242,6,4.2897467613220215,1.091652274131775,6319,8.082404136657715,
3.761929988861084,6,4.389858722686768,1.071453332901001,6329,8.194646835327148,
3.7602195739746094,6,4.2876715660095215,0.9815630316734314,6339,8.087154388427734,
3.723590850830078,6,4.314836025238037,1.1023379564285278,6349,8.082520484924316,
3.7846572399139404,6,4.267933368682861,1.0295058488845825,6359,8.093770980834961,
3.764770746231079,6,4.346907138824463,1.114988088607788,6369,8.156277656555176,
3.7329375743865967,6,4.332693099975586,1.1058218479156494,6379,8.109864234924316,
3.7638559341430664,6,4.3036394119262695,1.1368626356124878,6389,8.112969398498535,
3.7356038093566895,6,4.300538539886475,1.173125982284546,6399,8.083066940307617,
3.7759439945220947,6,4.277464389801025,1.1322182416915894,6409,8.098697662353516,
3.733773708343506,6,4.340095520019531,1.124886155128479,6419,8.118865013122559,
3.773393154144287,6,4.287795066833496,1.0923274755477905,6429,8.104881286621094,
3.7582712173461914,6,4.314554214477539,1.1349217891693115,6439,8.1182222366333,
3.729074716567993,6,4.329525470733643,0.9948782324790955,6449,8.098395347595215,
3.6875624656677246,6,4.341419696807861,1.1747303009033203,6459,8.075971603393555,
3.678492546081543,6,4.29396390914917,1.1842272281646729,6469,8.01982593536377,
3.789668321609497,6,4.293059349060059,1.0943355560302734,6479,8.126501083374023,
3.696399688720703,6,4.297828674316406,1.0532351732254028,6489,8.036357879638672,
3.7589194774627686,6,4.272890567779541,1.136406660079956,6499,8.077265739440918,
3.7496426105499268,6,4.29925012588501,1.0911872386932373,6509,8.092540740966797,
3.840529441833496,6,4.355493068695068,1.156654953956604,6519,8.242288589477539,
3.7495157718658447,6,4.317510604858398,1.037853717803955,6529,8.108540534973145,
3.720090627670288,6,4.2660956382751465,1.148719310760498,6539,8.032135009765625,
3.659994602203369,6,4.341033458709717,1.1925063133239746,6549,8.048727989196777,
3.752401351928711,6,4.298003673553467,1.14739990234375,6559,8.096301078796387,
3.691494941711426,6,4.295097827911377,1.1075795888900757,6569,8.030896186828613,
3.728278875350952,6,4.315995216369629,1.1173120737075806,6579,8.088966369628906,
3.759915590286255,6,4.330593109130859,1.3215351104736328,6589,8.143369674682617,
3.833836078643799,6,4.267947673797607,1.02324640750885,6599,8.14271354675293,
3.713672637939453,6,4.286048412322998,1.1397876739501953,6609,8.045312881469727,
3.7206966876983643,6,4.306257724761963,1.2584525346755981,6619,8.077292442321777,
3.767296075820923,6,4.315353870391846,1.1905598640441895,6629,8.13027286529541,
3.7494258880615234,6,4.266369342803955,0.999442458152771,6639,8.05577278137207,
3.753175735473633,6,4.2809600830078125,1.0711324214935303,6649,8.076981544494629,
3.692742347717285,6,4.296209335327148,1.0750617980957031,6659,8.031953811645508,
3.7335851192474365,6,4.305963516235352,1.166031837463379,6669,8.086190223693848,
3.735003709793091,6,4.269800662994385,1.1327558755874634,6679,8.050114631652832,
3.739812135696411,6,4.292266368865967,1.087976098060608,6689,8.075597763061523,
3.765177011489868,6,4.293793678283691,1.1096885204315186,6699,8.103358268737793,
3.73343825340271,6,4.266782283782959,1.0830707550048828,6709,8.043542861938477,
3.6672472953796387,6,4.291524887084961,1.1519798040390015,6719,8.004851341247559,
3.663947105407715,6,4.306358814239502,1.098880410194397,6729,8.014261245727539,
3.750182628631592,6,4.3492350578308105,1.1541630029678345,6739,8.145584106445312,
3.66878342628479,6,4.265893936157227,1.1063008308410645,6749,7.978929042816162,
3.66672420501709,6,4.291860103607178,1.0463842153549194,6759,8.000439643859863,
3.6273417472839355,6,4.2845892906188965,1.1021960973739624,6769,7.956018924713135,
3.791574478149414,6,4.293020725250244,1.0760993957519531,6779,8.127638816833496,
3.720287322998047,6,4.2970170974731445,1.1604419946670532,6789,8.063721656799316,
3.746985912322998,6,4.312938690185547,1.1286636590957642,6799,8.105072021484375,
3.6741414070129395,6,4.267236709594727,1.102232813835144,6809,7.985467433929443,
3.6557116508483887,6,4.267964839935303,1.0941276550292969,6819,7.967441558837891,
3.7906785011291504,6,4.278178691864014,1.063801884651184,6829,8.111409187316895,
3.7709274291992188,6,4.273760795593262,1.1941484212875366,6839,8.092453956604004,
3.6606576442718506,6,4.278027534484863,1.2036179304122925,6849,7.986830234527588,
3.789127826690674,6,4.306268215179443,1.146302580833435,6859,8.141247749328613,
3.7296829223632812,6,4.269646644592285,1.1041550636291504,6869,8.043496131896973,
3.7893619537353516,6,4.259476661682129,1.1813600063323975,6879,8.09609317779541,
3.6225757598876953,6,4.251770496368408,1.2399539947509766,6889,7.923944473266602,
3.730072498321533,6,4.2794413566589355,1.175797700881958,6899,8.056546211242676,
3.675906181335449,6,4.298177719116211,1.093235969543457,6909,8.017813682556152,
3.625187635421753,6,4.246671676635742,1.1853234767913818,6919,7.919272422790527,
3.6850790977478027,6,4.302186012268066,1.1739784479141235,6929,8.034224510192871,
3.749566078186035,6,4.283043384552002,1.2147177457809448,6939,8.081198692321777,
3.676661252975464,6,4.288276672363281,1.1852601766586304,6949,8.012348175048828,
3.6479554176330566,6,4.270254135131836,1.1460481882095337,6959,7.964051246643066,
3.6796157360076904,6,4.273937702178955,1.2041020393371582,6969,8.001717567443848,
3.705185890197754,6,4.278663635253906,1.2054059505462646,6979,8.032065391540527,
3.639047622680664,6,4.275182723999023,1.1992578506469727,6989,7.96220064163208,
3.7051796913146973,6,4.28354024887085,1.148621916770935,6999,8.03466510772705,
3.6620891094207764,6,4.281101703643799,1.0406434535980225,7009,7.984816551208496,
3.682953119277954,6,4.274442195892334,1.1676243543624878,7019,8.004100799560547,
3.7077372074127197,6,4.287327289581299,1.1128637790679932,7029,8.039579391479492,
3.719547748565674,6,4.289910316467285,1.213226318359375,7039,8.057987213134766,
3.6567814350128174,6,4.260565280914307,1.0957852602005005,7049,7.961178302764893,
3.647458553314209,6,4.277949333190918,1.1172884702682495,7059,7.970099449157715,
3.6349036693573,6,4.281501770019531,1.1916732788085938,7069,7.9640727043151855,
3.680664300918579,6,4.3250603675842285,1.2392395734786987,7079,8.055294036865234,
3.7096900939941406,6,4.240874290466309,1.0794981718063354,7089,7.993744373321533,
3.6980485916137695,6,4.299495220184326,1.0909268856048584,7099,8.041180610656738,
3.734654664993286,6,4.289423942565918,1.0626461505889893,7109,8.066584587097168,
3.7182133197784424,6,4.303704738616943,1.200171709060669,7119,8.069925308227539,
3.66129732131958,6,4.315606117248535,1.1125409603118896,7129,8.021405220031738,
3.613556146621704,6,4.3128156661987305,1.1702107191085815,7139,7.973179817199707,
3.720482349395752,6,4.300021648406982,1.2116310596466064,7149,8.068968772888184,
3.711176872253418,6,4.3367180824279785,1.223914384841919,7159,8.09685230255127,
3.7334141731262207,6,4.283733367919922,1.1243184804916382,7169,8.062119483947754,
3.651508331298828,6,4.280785083770752,1.2024081945419312,7179,7.980389595031738,
3.707221508026123,6,4.247852325439453,1.1090713739395142,7189,7.999436855316162,
3.6854071617126465,6,4.236668109893799,1.0892912149429321,7199,7.965646743774414,
3.656773090362549,6,4.29560661315918,1.0412306785583496,7209,7.9940290451049805,
3.6743640899658203,6,4.233193874359131,1.1064152717590332,7219,7.951814651489258,
3.7923288345336914,6,4.302082538604736,1.046548843383789,7229,8.136273384094238,
3.6331515312194824,6,4.279360294342041,1.1333738565444946,7239,7.957846641540527,
3.7086033821105957,6,4.263465881347656,1.1351344585418701,7249,8.017474174499512,
,6,,,7258,,8.0715970993042
3.689729928970337,7,4.3093085289001465,1.1645747423171997,7259,8.045621871948242,
3.672813653945923,7,4.2503814697265625,0.9798513650894165,7269,7.96238899230957,
3.6266398429870605,7,4.313699245452881,1.1892832517623901,7279,7.987910270690918,
3.6984214782714844,7,4.26094388961792,1.1902042627334595,7289,8.006973266601562,
3.645434856414795,7,4.317604064941406,1.150179386138916,7299,8.00904655456543,
3.580467700958252,7,4.268115520477295,1.215409517288208,7309,7.897199630737305,
3.6336658000946045,7,4.275663375854492,1.122531771659851,7319,7.954230785369873,
3.6697802543640137,7,4.279536247253418,1.1198011636734009,7329,7.9941086769104,
3.7039477825164795,7,4.295535564422607,1.2109401226043701,7339,8.047921180725098,
3.66650390625,7,4.27147912979126,1.2205232381820679,7349,7.986804008483887,
3.8024520874023438,7,4.283143043518066,1.1414316892623901,7359,8.13125228881836,
3.810854434967041,7,4.252110958099365,1.1083813905715942,7369,8.107300758361816,
3.6408936977386475,7,4.251528739929199,1.1257283687591553,7379,7.9374518394470215,
3.753970146179199,7,4.2886199951171875,1.0965684652328491,7389,8.08645248413086,
3.6416666507720947,7,4.3132452964782715,1.1140488386154175,7399,7.999474048614502,
3.613398313522339,7,4.27504825592041,1.0859543085098267,7409,7.931884765625,
3.638521671295166,7,4.273038387298584,1.1853435039520264,7419,7.9589738845825195,
3.7175989151000977,7,4.27128791809082,1.1065657138824463,7429,8.033149719238281,
3.6819777488708496,7,4.238702297210693,1.144690752029419,7439,7.96646785736084,
3.712498426437378,7,4.288620471954346,1.1238255500793457,7449,8.046072006225586,
3.721301317214966,7,4.284137725830078,1.1576887369155884,7459,8.051746368408203,
3.6119227409362793,7,4.273007392883301,1.1151162385940552,7469,7.929534912109375,
3.6082053184509277,7,4.254044532775879,1.1894733905792236,7479,7.9098286628723145,
3.627817153930664,7,4.317266464233398,1.1810994148254395,7489,7.992327690124512,
3.661393404006958,7,4.232479095458984,1.197452425956726,7499,7.941770553588867,
3.630786180496216,7,4.281249046325684,1.178758144378662,7509,7.9591851234436035,
3.675607919692993,7,4.276214122772217,1.0865687131881714,7519,7.9952850341796875,
3.608222246170044,7,4.238556861877441,1.138627529144287,7529,7.892323970794678,
3.676748275756836,7,4.304783821105957,1.1695497035980225,7539,8.028313636779785,
3.6092662811279297,7,4.27387809753418,1.0534205436706543,7549,7.925281047821045,
3.689220905303955,7,4.265388488769531,1.139318585395813,7559,8.000182151794434,
3.5941224098205566,7,4.257287502288818,1.1643658876419067,7569,7.897984504699707,
3.735793113708496,7,4.305349826812744,1.2836064100265503,7579,8.092487335205078,
3.611027956008911,7,4.296421527862549,1.1609020233154297,7589,7.953886032104492,
3.6135945320129395,7,4.271265506744385,1.1575100421905518,7599,7.9311604499816895,
3.666736125946045,7,4.300514221191406,1.1599578857421875,7609,8.013648986816406,
3.674814224243164,7,4.271106719970703,1.21422278881073,7619,7.994489669799805,
3.6047425270080566,7,4.276595115661621,1.2201354503631592,7629,7.930142879486084,
3.585935354232788,7,4.280451774597168,1.2674524784088135,7639,7.917085647583008,
3.6709156036376953,7,4.266067981719971,1.3579975366592407,7649,7.991303443908691,
3.6376123428344727,7,4.2588019371032715,1.0823357105255127,7659,7.9397077560424805,
3.6504666805267334,7,4.227917194366455,1.0507723093032837,7669,7.920414447784424,
3.694547653198242,7,4.280503273010254,1.044636607170105,7679,8.016836166381836,
3.5780529975891113,7,4.2656450271606445,1.1427661180496216,7689,7.889408588409424,
3.6644153594970703,7,4.287458419799805,1.145445704460144,7699,7.997691631317139,
3.64211368560791,7,4.250479221343994,1.1757454872131348,7709,7.93962287902832,
3.671022653579712,7,4.280879974365234,1.0443336963653564,7719,7.993675708770752,
3.609222412109375,7,4.2733001708984375,1.1736764907836914,7729,7.929469585418701,
3.65425705909729,7,4.222108364105225,1.1337180137634277,7739,7.9217143058776855,
3.5631327629089355,7,4.255739212036133,1.1889498233795166,7749,7.866429805755615,
3.7141592502593994,7,4.26156759262085,1.09157133102417,7759,8.019390106201172,
3.5900745391845703,7,4.281466007232666,1.1700044870376587,7769,7.918340682983398,
3.6016464233398438,7,4.2685370445251465,1.1360138654708862,7779,7.915624141693115,
3.681029796600342,7,4.263393402099609,1.1359437704086304,7789,7.989861011505127,
3.6310157775878906,7,4.24627161026001,1.1206607818603516,7799,7.92211389541626,
3.7079455852508545,7,4.275519371032715,1.152829885482788,7809,8.02957820892334,
3.653460741043091,7,4.230639457702637,1.113775372505188,7819,7.928650856018066,
3.716951847076416,7,4.225646495819092,1.2755874395370483,7829,7.993621826171875,
3.584251880645752,7,4.21515417098999,1.2509839534759521,7839,7.849445343017578,
3.6068320274353027,7,4.257935047149658,1.1439698934555054,7849,7.910525798797607,
3.5979347229003906,7,4.228253364562988,1.2621279954910278,7859,7.876673221588135,
3.576662302017212,7,4.260964393615723,1.1427730321884155,7869,7.883337497711182,
3.5970726013183594,7,4.2881951332092285,1.285956859588623,7879,7.936706066131592,
3.5678443908691406,7,4.238778114318848,1.2566211223602295,7889,7.856887340545654,
3.5606625080108643,7,4.2481794357299805,1.1550763845443726,7899,7.855044841766357,
3.7446181774139404,7,4.270539283752441,0.9879329204559326,7909,8.054675102233887,
3.6015872955322266,7,4.238555908203125,1.1559220552444458,7919,7.886380195617676,
3.5965051651000977,7,4.25707483291626,1.1887980699539185,7929,7.901132106781006,
3.5895743370056152,7,4.250403881072998,1.1399396657943726,7939,7.885575771331787,
3.665276050567627,7,4.246634006500244,1.151030421257019,7949,7.957951068878174,
3.6496317386627197,7,4.279526710510254,1.077762246131897,7959,7.972268581390381,
3.5806050300598145,7,4.2916951179504395,1.0880591869354248,7969,7.915822505950928,
3.659548759460449,7,4.253337860107422,1.1278308629989624,7979,7.9579997062683105,
3.6307432651519775,7,4.279397010803223,1.136124610900879,7989,7.95558500289917,
3.6246137619018555,7,4.295534133911133,1.2346360683441162,7999,7.969533443450928,
3.6381115913391113,7,4.253086566925049,1.1268821954727173,8009,7.936273574829102,
3.722136974334717,7,4.305530548095703,1.195835828781128,8019,8.075501441955566,
3.551168441772461,7,4.233591079711914,1.186492919921875,8029,7.832219123840332,
3.56138277053833,7,4.27125883102417,1.2320492267608643,8039,7.881923675537109,
3.6692581176757812,7,4.253446578979492,1.1087346076965332,8049,7.9670538902282715,
3.6798534393310547,7,4.208419322967529,1.1652426719665527,8059,7.934882640838623,
3.6358041763305664,7,4.240908622741699,1.3018651008605957,8069,7.9287872314453125,
3.6068055629730225,7,4.227412223815918,1.191277265548706,8079,7.881869316101074,
3.6645588874816895,7,4.239821434020996,1.1939305067062378,8089,7.952137470245361,
3.594414472579956,7,4.287316799163818,1.2535337209701538,8099,7.931872367858887,
3.628708839416504,7,4.245093822479248,1.1915925741195679,8109,7.92146635055542,
3.842644453048706,7,4.229586601257324,1.1889688968658447,8119,8.119790077209473,
3.5732367038726807,7,4.250345706939697,1.216745138168335,8129,7.872252464294434,
3.5888705253601074,7,4.285227298736572,1.1677558422088623,8139,7.920807838439941,
3.5571236610412598,7,4.27233362197876,1.3514554500579834,8149,7.883515357971191,
3.574185371398926,7,4.2263689041137695,1.1186010837554932,8159,7.8452982902526855,
3.5570595264434814,7,4.229452610015869,1.1320842504501343,8169,7.831795692443848,
3.5615012645721436,7,4.2441301345825195,1.162994384765625,8179,7.852151393890381,
3.553314685821533,7,4.300142765045166,1.1356654167175293,8189,7.898884296417236,
3.597581386566162,7,4.20400333404541,1.1490755081176758,8199,7.84754753112793,
3.579643487930298,7,4.212467193603516,1.1719462871551514,8209,7.838988304138184,
3.5678019523620605,7,4.225459098815918,1.1286827325820923,8219,7.838408470153809,
3.554288148880005,7,4.222372055053711,1.2409485578536987,8229,7.826297760009766,
3.605360746383667,7,4.238182544708252,1.2077394723892212,8239,7.891852855682373,
3.643092155456543,7,4.2653889656066895,1.1485764980316162,8249,7.9544243812561035,
3.5985565185546875,7,4.273815631866455,1.261844515800476,8259,7.922845840454102,
3.6450843811035156,7,4.242803573608398,1.005004644393921,8269,7.928088188171387,
3.5582327842712402,7,4.25571870803833,1.2965244054794312,8279,7.865812301635742,
3.6062958240509033,7,4.278866767883301,1.1632192134857178,8289,7.9316911697387695,
,7,,,8295,,7.948637008666992
3.579930543899536,8,4.216950416564941,1.2275623083114624,8299,7.845983028411865,
3.5959415435791016,8,4.2803568840026855,1.213921308517456,8309,7.9248552322387695,
3.5615644454956055,8,4.241694927215576,1.2344180345535278,8319,7.852635860443115,
3.6175782680511475,8,4.204519748687744,1.3063147068023682,8329,7.874350547790527,
3.550149917602539,8,4.266018390655518,1.1927565336227417,8339,7.8638787269592285,
3.6184916496276855,8,4.222416400909424,1.1470993757247925,8349,7.886792182922363,
3.6242971420288086,8,4.17454195022583,1.2368888854980469,8359,7.8483147621154785,
3.5738883018493652,8,4.239092826843262,1.22544527053833,8369,7.861999034881592,
3.6486029624938965,8,4.282099723815918,1.242864727973938,8379,7.980417251586914,
3.576585292816162,8,4.274322986602783,1.1312613487243652,8389,7.896158695220947,
3.6374669075012207,8,4.277254581451416,1.1317427158355713,8399,7.959990978240967,
3.567868232727051,8,4.273053169250488,1.183509111404419,8409,7.888261795043945,
3.690180778503418,8,4.252028942108154,1.1428947448730469,8419,7.9879255294799805,
3.6072444915771484,8,4.279469966888428,1.1290111541748047,8429,7.931874752044678,
3.6230506896972656,8,4.210026741027832,1.2287054061889648,8439,7.882225513458252,
3.60400128364563,8,4.237276554107666,1.2174077033996582,8449,7.889974594116211,
3.575706720352173,8,4.250438690185547,1.1493494510650635,8459,7.872118949890137,
3.5862979888916016,8,4.236340522766113,1.1464335918426514,8469,7.868495941162109,
3.6245551109313965,8,4.22379207611084,0.9976190328598022,8479,7.888251781463623,
3.557751178741455,8,4.212004661560059,1.134885311126709,8489,7.815151214599609,
3.557309627532959,8,4.245979309082031,1.0726398229599,8499,7.846194744110107,
3.5817642211914062,8,4.250548362731934,1.1211111545562744,8509,7.877157211303711,
3.5499894618988037,8,4.213611125946045,1.1408770084381104,8519,7.809235572814941,
3.5176353454589844,8,4.2452192306518555,1.102074146270752,8529,7.8069376945495605,
3.600127696990967,8,4.279825210571289,1.2278691530227661,8539,7.929067611694336,
3.535602331161499,8,4.208470344543457,1.1575565338134766,8549,7.790375232696533,
3.534271001815796,8,4.225033760070801,1.1660422086715698,8559,7.8059468269348145,
3.519880771636963,8,4.225671291351318,1.1464046239852905,8569,7.791408061981201,
3.6639809608459473,8,4.210948944091797,1.1474857330322266,8579,7.9208292961120605,
3.6021461486816406,8,4.26237154006958,1.0468732118606567,8589,7.906392574310303,
3.7117667198181152,8,4.28912878036499,1.2117557525634766,8599,8.049365997314453,
3.686344623565674,8,4.226146697998047,1.1195011138916016,8609,7.957271575927734,
3.571676015853882,8,4.227019786834717,1.262909173965454,8619,7.849211692810059,
3.6175074577331543,8,4.262021541595459,1.2312533855438232,8629,7.928779125213623,
3.5406527519226074,8,4.226416110992432,1.1907157897949219,8639,7.814697265625,
3.5162353515625,8,4.234611988067627,1.1232889890670776,8649,7.795778751373291,
3.6966750621795654,8,4.222519874572754,1.172675609588623,8659,7.966102123260498,
3.5567994117736816,8,4.2223334312438965,1.1312334537506104,8669,7.824382305145264,
3.5742130279541016,8,4.233458042144775,1.0797113180160522,8679,7.850859642028809,
3.5303304195404053,8,4.169680118560791,1.3158763647079468,8689,7.752645492553711,
3.5151071548461914,8,4.223269939422607,1.1560922861099243,8699,7.784620761871338,
3.582428455352783,8,4.242581844329834,1.2029085159301758,8709,7.87312650680542,
3.57511830329895,8,4.2148308753967285,1.2325245141983032,8719,7.839250564575195,
3.5938968658447266,8,4.216691970825195,1.1215778589248657,8729,7.855452060699463,
3.554063558578491,8,4.2250471115112305,1.103176474571228,8739,7.823237895965576,
3.562333583831787,8,4.174455642700195,1.1598695516586304,8749,7.783184051513672,
3.5230345726013184,8,4.243491172790527,1.1142481565475464,8759,7.811095714569092,
3.4948368072509766,8,4.245997905731201,1.1355767250061035,8769,7.786257743835449,
3.4891955852508545,8,4.185810089111328,1.189346432685852,8779,7.7225799560546875,
3.6101081371307373,8,4.237576007843018,1.1641488075256348,8789,7.89424991607666,
3.553100824356079,8,4.217535495758057,1.1405632495880127,8799,7.816258907318115,
3.5833892822265625,8,4.24295711517334,1.193955659866333,8809,7.8741044998168945,
3.599665403366089,8,4.209197044372559,1.194331169128418,8819,7.856636047363281,
3.537454843521118,8,4.253137111663818,1.1213853359222412,8829,7.835447788238525,
3.5790560245513916,8,4.257445812225342,1.0684493780136108,8839,7.879240036010742,
3.567054033279419,8,4.186951160430908,1.1011300086975098,8849,7.798050403594971,
3.540517807006836,8,4.211526870727539,1.182253122329712,8859,7.79933500289917,
3.5265300273895264,8,4.287152290344238,1.0737653970718384,8869,7.856633186340332,
3.637181282043457,8,4.204414367675781,1.1685945987701416,8879,7.888339519500732,
3.5297999382019043,8,4.208527565002441,1.1663838624954224,8889,7.784982681274414,
3.5824718475341797,8,4.2643327713012695,1.091582179069519,8899,7.890468120574951,
3.609762191772461,8,4.200204372406006,1.1100977659225464,8909,7.854370594024658,
3.510079860687256,8,4.241825580596924,1.1815719604492188,8919,7.799168109893799,
3.642958164215088,8,4.193180561065674,1.1595988273620605,8929,7.8825225830078125,
3.596048355102539,8,4.2443389892578125,1.0667425394058228,8939,7.883057117462158,
3.5651192665100098,8,4.231894016265869,1.2241113185882568,8949,7.845977783203125,
3.5032577514648438,8,4.261119365692139,1.1785674095153809,8959,7.811519622802734,
3.542013645172119,8,4.2548980712890625,1.1732767820358276,8969,7.84384298324585,
3.519796133041382,8,4.230612754821777,1.1509093046188354,8979,7.796445369720459,
3.532464027404785,8,4.234781742095947,1.1603269577026367,8989,7.813658714294434,
3.5587332248687744,8,4.291736125946045,1.1510816812515259,8999,7.896512985229492,
3.561448097229004,8,4.233492374420166,1.1197502613067627,9009,7.839730262756348,
3.537625312805176,8,4.208470344543457,1.1428085565567017,9019,7.791808128356934,
3.662059783935547,8,4.21600866317749,1.080393671989441,9029,7.921284198760986,
3.5399532318115234,8,4.222984790802002,1.1482642889022827,9039,7.808868408203125,
3.4821925163269043,8,4.2306389808654785,1.0758167505264282,9049,7.755864143371582,
3.590705394744873,8,4.188446998596191,1.1829493045806885,9059,7.826470375061035,
3.527590274810791,8,4.228739261627197,1.087459921836853,9069,7.799828052520752,
3.4941658973693848,8,4.214073181152344,1.1148099899291992,9079,7.75283145904541,
3.555030345916748,8,4.2340850830078125,1.1779053211212158,9089,7.836231708526611,
3.5191144943237305,8,4.2138752937316895,1.0687302350997925,9099,7.7757391929626465,
3.583887815475464,8,4.206392288208008,1.1197254657745361,9109,7.835069179534912,
3.704484462738037,8,4.276146411895752,1.2106739282608032,9119,8.029057502746582,
3.5303359031677246,8,4.275537490844727,1.0590760707855225,9129,7.848236560821533,
3.5260298252105713,8,4.216821670532227,1.0575801134109497,9139,7.785154342651367,
3.534259080886841,8,4.2155442237854,1.08395516872406,9149,7.793161869049072,
3.5326833724975586,8,4.262460231781006,1.1477000713348389,9159,7.8410515785217285,
3.5590062141418457,8,4.20421028137207,1.059500813484192,9169,7.805596351623535,
3.54770827293396,8,4.217787265777588,1.1119886636734009,9179,7.809974670410156,
3.693249225616455,8,4.224046230316162,1.0110331773757935,9189,7.957736968994141,
3.51420259475708,8,4.254818916320801,1.1387882232666016,9199,7.814572811126709,
3.5323877334594727,8,4.212746620178223,1.0815256834030151,9209,7.788395404815674,
3.579482078552246,8,4.230223655700684,1.0758343935012817,9219,7.852739334106445,
3.534602165222168,8,4.226564407348633,1.2230236530303955,9229,7.81008768081665,
3.506164789199829,8,4.275485992431641,1.1200950145721436,9239,7.826454162597656,
3.5140767097473145,8,4.2196431159973145,1.1230686902999878,9249,7.778642654418945,
3.5311479568481445,8,4.207677841186523,1.106570839881897,9259,7.783088684082031,
3.5571465492248535,8,4.2047905921936035,1.0768969058990479,9269,7.805013179779053,
3.4855637550354004,8,4.207890510559082,1.072733998298645,9279,7.736363410949707,
3.6623010635375977,8,4.201992511749268,1.0884617567062378,9289,7.907832145690918,
3.523914337158203,8,4.240384101867676,1.0572618246078491,9299,7.806589126586914,
3.5530824661254883,8,4.227148056030273,1.0442111492156982,9309,7.8219990730285645,
3.531076192855835,8,4.238332271575928,1.0192451477050781,9319,7.810177803039551,
3.5444793701171875,8,4.172104835510254,1.0368386507034302,9329,7.758057594299316,
,8,,,9332,,7.84683084487915
3.5435101985931396,9,4.209566116333008,1.0805482864379883,9339,7.796298503875732,
3.627002000808716,9,4.221673011779785,1.0218796730041504,9349,7.889549732208252,
3.5874011516571045,9,4.229367256164551,1.1036192178726196,9359,7.860913276672363,
3.681410789489746,9,4.192245960235596,1.1964319944381714,9369,7.92151403427124,
3.53732967376709,9,4.23806095123291,1.1158933639526367,9379,7.820026397705078,
3.5075860023498535,9,4.250692844390869,1.0693339109420776,9389,7.801052093505859,
3.578399658203125,9,4.243552207946777,1.099004864692688,9399,7.865911960601807,
3.524055004119873,9,4.17871618270874,1.068579077720642,9409,7.745514392852783,
3.5643560886383057,9,4.197666645050049,1.1029325723648071,9419,7.806140422821045,
3.566786050796509,9,4.214653491973877,1.1384762525558472,9429,7.82697868347168,
3.636941909790039,9,4.215262413024902,1.0613014698028564,9439,7.894656181335449,
3.5374600887298584,9,4.214209079742432,1.163336157798767,9449,7.7982025146484375,
3.517056465148926,9,4.217431545257568,1.1072165966033936,9459,7.7787766456604,
3.5805091857910156,9,4.203803062438965,1.1447728872299194,9469,7.830103397369385,
3.74550724029541,9,4.277736663818359,1.1064530611038208,9479,8.06750202178955,
3.541985511779785,9,4.1884284019470215,1.0161120891571045,9489,7.771058559417725,
3.471245765686035,9,4.204113483428955,1.062532901763916,9499,7.717860698699951,
3.4939401149749756,9,4.216134071350098,1.1258013248443604,9509,7.755106449127197,
3.5922703742980957,9,4.189520359039307,1.234700322151184,9519,7.831178665161133,
3.507484197616577,9,4.250710487365723,1.0604825019836426,9529,7.800614356994629,
3.452057123184204,9,4.21051549911499,1.045849084854126,9539,7.70440673828125,
3.532284736633301,9,4.227716445922852,1.0822867155075073,9549,7.803292751312256,
3.5605862140655518,9,4.248504161834717,1.1645926237106323,9559,7.8556742668151855,
3.528944969177246,9,4.214069366455078,1.0720635652542114,9569,7.7858967781066895,
3.590670585632324,9,4.2007880210876465,0.9916768074035645,9579,7.831125736236572,
3.588701009750366,9,4.214023590087891,1.0728470087051392,9589,7.845638751983643,
3.5199875831604004,9,4.214491844177246,1.0406914949417114,9599,7.776107311248779,
3.54280948638916,9,4.230777263641357,1.1265943050384521,9609,7.818650722503662,
3.681739091873169,9,4.245320796966553,1.0563900470733643,9619,7.969315528869629,
3.525606870651245,9,4.2080278396606445,1.020224928855896,9629,7.774444103240967,
3.456596612930298,9,4.233563423156738,1.097096562385559,9639,7.734043598175049,
3.6696224212646484,9,4.28777551651001,1.1204936504364014,9649,8.002217292785645,
3.5200610160827637,9,4.181684494018555,1.114220380783081,9659,7.746314525604248,
3.521399974822998,9,4.178849220275879,1.0303500890731812,9669,7.7414631843566895,
3.4282784461975098,9,4.214040756225586,1.0439298152923584,9679,7.684076309204102,
3.5061984062194824,9,4.28719425201416,1.0057693719863892,9689,7.83362340927124,
3.658245086669922,9,4.2599663734436035,1.1381537914276123,9699,7.963737487792969,
3.51875638961792,9,4.258162975311279,1.0802794694900513,9709,7.820130348205566,
3.54318904876709,9,4.2024760246276855,1.022136926651001,9719,7.786550521850586,
3.507782459259033,9,4.207616806030273,1.0610430240631104,9729,7.757841110229492,
3.5137076377868652,9,4.199114799499512,1.074072241783142,9739,7.7557854652404785,
3.492666006088257,9,4.240358829498291,1.025575876235962,9749,7.7740478515625,
3.4898927211761475,9,4.208454608917236,1.0623104572296143,9759,7.74083948135376,
3.46008563041687,9,4.261254787445068,1.0708516836166382,9769,7.764174461364746,
3.521151065826416,9,4.158883094787598,1.0960882902145386,9779,7.723877906799316,
3.5243659019470215,9,4.198643684387207,1.1215128898620605,9789,7.76786994934082,
3.481415033340454,9,4.208259105682373,1.0101395845413208,9799,7.7300801277160645,
3.5124475955963135,9,4.22143030166626,1.0255035161972046,9809,7.774898052215576,
3.4855360984802246,9,4.142945766448975,1.0614980459213257,9819,7.6709418296813965,
3.5304808616638184,9,4.21744441986084,1.078057050704956,9829,7.7910475730896,
3.5189290046691895,9,4.193889141082764,1.0381633043289185,9839,7.754344463348389,
3.4513721466064453,9,4.158318519592285,1.0179187059402466,9849,7.650407314300537,
3.460172176361084,9,4.178705215454102,1.014676809310913,9859,7.679464340209961,
3.517688274383545,9,4.222867012023926,1.0571726560592651,9869,7.78284215927124,
3.5563364028930664,9,4.21636438369751,1.1354329586029053,9879,7.818118095397949,
3.5113272666931152,9,4.2264556884765625,1.1016616821289062,9889,7.781849384307861,
3.516557216644287,9,4.20188045501709,1.000741958618164,9899,7.758467197418213,
3.574392318725586,9,4.191797733306885,0.9902950525283813,9909,7.805801868438721,
3.518195629119873,9,4.186868667602539,1.027756690979004,9919,7.746174335479736,
3.591787815093994,9,4.247872829437256,1.0775370597839355,9929,7.8827619552612305,
3.445523738861084,9,4.157050609588623,1.0856610536575317,9939,7.646000862121582,
3.5359628200531006,9,4.316218376159668,1.0551542043685913,9949,7.894387722015381,
3.4380788803100586,9,4.156224250793457,1.069440245628357,9959,7.637080669403076,
3.547126293182373,9,4.213425636291504,1.067124366760254,9969,7.803236961364746,
3.5374488830566406,9,4.169096946716309,1.0774924755096436,9979,7.749645709991455,
3.448010206222534,9,4.161525249481201,1.0469462871551514,9989,7.6514129638671875,
3.411620616912842,9,4.203413486480713,1.0033833980560303,9999,7.655169486999512,
3.4382615089416504,9,4.235097885131836,0.9694544672966003,10009,7.712137699127197,
3.505981683731079,9,4.204825401306152,1.0930477380752563,10019,7.754528522491455,
3.4886531829833984,9,4.177952766418457,1.0253266096115112,10029,7.7076191902160645,
3.4973583221435547,9,4.216508388519287,1.0376225709915161,10039,7.755371570587158,
3.4763214588165283,9,4.197813510894775,1.0536645650863647,10049,7.716281890869141,
3.4866080284118652,9,4.222771167755127,1.0786430835723877,10059,7.7525248527526855,
3.4974145889282227,9,4.256240367889404,1.0297930240631104,10069,7.794846534729004,
3.5305330753326416,9,4.240091800689697,1.0633985996246338,10079,7.8131608963012695,
3.4929285049438477,9,4.195817947387695,0.9742868542671204,10089,7.727717876434326,
3.4238805770874023,9,4.215770721435547,0.980031430721283,10099,7.678852558135986,
3.4925525188446045,9,4.21610689163208,0.9902459383010864,10109,7.748269081115723,
3.4214320182800293,9,4.249334335327148,1.0141500234603882,10119,7.711332321166992,
3.503905773162842,9,4.233714580535889,1.0884305238723755,10129,7.781157493591309,
3.5876166820526123,9,4.1674017906188965,0.9993258714675903,10139,7.794991493225098,
3.5214860439300537,9,4.211856842041016,1.0714287757873535,10149,7.776200294494629,
3.562535285949707,9,4.208651542663574,0.9997202754020691,10159,7.81117582321167,
3.606274366378784,9,4.219595909118652,1.0776058435440063,10169,7.868974685668945,
3.5248923301696777,9,4.2606024742126465,1.1050808429718018,10179,7.829698085784912,
3.51662278175354,9,4.213733196258545,1.0489146709442139,10189,7.772312641143799,
3.456331253051758,9,4.190391540527344,0.9553393125534058,10199,7.6849365234375,
3.4811532497406006,9,4.209510803222656,1.0182746648788452,10209,7.731395244598389,
3.56003475189209,9,4.267457485198975,1.0654040575027466,10219,7.870108604431152,
3.5739312171936035,9,4.234823226928711,1.058362603187561,10229,7.851089000701904,
3.4652466773986816,9,4.259599208831787,1.053894281387329,10239,7.767001628875732,
3.5054821968078613,9,4.1751885414123535,1.0044536590576172,10249,7.72084903717041,
3.429780960083008,9,4.216263771057129,1.0240466594696045,10259,7.68700647354126,
3.510573387145996,9,4.212637424468994,0.9903815984725952,10269,7.762825965881348,
3.452923059463501,9,4.189990043640137,1.0849348306655884,10279,7.686310291290283,
3.527547836303711,9,4.288816928863525,1.0517696142196655,10289,7.85843563079834,
3.6082687377929688,9,4.184533596038818,0.9849035739898682,10299,7.832198619842529,
3.4265623092651367,9,4.206458568572998,1.1046890020370483,10309,7.677208423614502,
3.4809048175811768,9,4.186227798461914,0.9744390249252319,10319,7.706110000610352,
3.4078385829925537,9,4.18142557144165,0.9952412843704224,10329,7.629073619842529,
3.4060826301574707,9,4.197502613067627,1.0281487703323364,10339,7.644711017608643,
3.512653350830078,9,4.198340892791748,1.0387837886810303,10349,7.752545356750488,
3.6156044006347656,9,4.3247857093811035,1.105125904083252,10359,7.98459529876709,
3.519103527069092,9,4.25869607925415,1.0556812286376953,10369,7.820026874542236,
,9,,,10369,,7.769501686096191
3.449414014816284,10,4.191502571105957,1.038421392440796,10379,7.682453632354736,
3.5142409801483154,10,4.178463459014893,1.0194542407989502,10389,7.733482360839844,
3.4680676460266113,10,4.205000877380371,0.9822164177894592,10399,7.712357044219971,
3.4578404426574707,10,4.1890645027160645,0.9958349466323853,10409,7.68673849105835,
3.514171600341797,10,4.1742377281188965,0.9903544187545776,10419,7.728023529052734,
3.460178852081299,10,4.21679162979126,0.9880720973014832,10429,7.716493129730225,
3.441364288330078,10,4.129754543304443,1.0116320848464966,10439,7.611584186553955,
3.390972852706909,10,4.15507173538208,0.941712498664856,10449,7.583713054656982,
3.4124631881713867,10,4.1915411949157715,1.0458409786224365,10459,7.645837783813477,
3.490499258041382,10,4.267416954040527,0.9656535983085632,10469,7.796542644500732,
3.3977413177490234,10,4.202020645141602,0.9887654185295105,10479,7.639312744140625,
3.385805606842041,10,4.161693096160889,1.0085639953613281,10489,7.587841033935547,
3.458507537841797,10,4.175942897796631,0.9992486834526062,10499,7.674420356750488,
3.506591796875,10,4.214390277862549,1.084262728691101,10509,7.764352798461914,
3.5631675720214844,10,4.199839115142822,0.9398648142814636,10519,7.800601482391357,
3.5174193382263184,10,4.17506217956543,1.0186700820922852,10529,7.7332282066345215,
3.388662815093994,10,4.159256458282471,1.038303256034851,10539,7.589451313018799,
3.486797332763672,10,4.214587211608887,1.0352014303207397,10549,7.74279260635376,
3.483696699142456,10,4.184685707092285,1.012497901916504,10559,7.7088823318481445,
3.4970991611480713,10,4.235250949859619,0.9606459736824036,10569,7.770776271820068,
3.457534074783325,10,4.201183319091797,0.9937428832054138,10579,7.698466777801514,
3.421762466430664,10,4.189774513244629,1.051040768623352,10589,7.653578758239746,
3.3971405029296875,10,4.240065097808838,1.0743310451507568,10599,7.680178642272949,
3.4135894775390625,10,4.145266056060791,0.9310599565505981,10609,7.596097946166992,
3.421778440475464,10,4.193830966949463,1.0046063661575317,10619,7.655793190002441,
3.3825297355651855,10,4.205580234527588,0.9552952647209167,10629,7.626321792602539,
3.5331311225891113,10,4.168445587158203,1.0239155292510986,10639,7.742533206939697,
3.488119125366211,10,4.212866306304932,1.0307763814926147,10649,7.74221658706665,
3.4986746311187744,10,4.174242973327637,1.0663889646530151,10659,7.715572834014893,
3.4977493286132812,10,4.186520576477051,1.118883728981018,10669,7.729025363922119,
3.3899621963500977,10,4.188343048095703,1.045052170753479,10679,7.620107173919678,
3.4708633422851562,10,4.22191047668457,1.085876226425171,10689,7.736208915710449,
3.3768153190612793,10,4.1765899658203125,0.9743179678916931,10699,7.59237813949585,
3.384638786315918,10,4.214824199676514,1.0937583446502686,10709,7.643213272094727,
3.4438188076019287,10,4.177371501922607,1.021599292755127,10719,7.662054061889648,
3.509605884552002,10,4.197422027587891,0.9749446511268616,10729,7.746025562286377,
3.444232940673828,10,4.173015594482422,0.9781069159507751,10739,7.656373023986816,
3.394824743270874,10,4.237364292144775,0.9997765421867371,10749,7.672179698944092,
3.5089075565338135,10,4.215960502624512,1.0070403814315796,10759,7.7651495933532715,
3.467182159423828,10,4.180667877197266,1.0482369661331177,10769,7.689779281616211,
3.4142544269561768,10,4.172626972198486,0.9259141087532043,10779,7.623918056488037,
3.370452404022217,10,4.1628217697143555,1.0872069597244263,10789,7.576762676239014,
3.463818073272705,10,4.235890865325928,1.049338698387146,10799,7.741682529449463,
3.4284873008728027,10,4.184441566467285,1.0496472120285034,10809,7.654914855957031,
3.443312644958496,10,4.19835090637207,1.0520967245101929,10819,7.683747291564941,
3.4028124809265137,10,4.192409992218018,0.9686828851699829,10829,7.633969783782959,
3.425534725189209,10,4.205960273742676,0.9625361561775208,10839,7.66999626159668,
3.426023483276367,10,4.212888717651367,1.0542055368423462,10849,7.681080341339111,
3.4455273151397705,10,4.215814590454102,1.0968159437179565,10859,7.705214500427246,
3.3796544075012207,10,4.167599201202393,0.9839605689048767,10869,7.586612224578857,
3.3984150886535645,10,4.219245433807373,1.1109683513641357,10879,7.662099361419678,
3.4764962196350098,10,4.188592433929443,1.006072998046875,10889,7.705331802368164,
3.4004616737365723,10,4.206752300262451,1.0440887212753296,10899,7.648977756500244,
3.391073703765869,10,4.206291198730469,0.9677186608314514,10909,7.636073589324951,
3.370840072631836,10,4.1925578117370605,0.9082716107368469,10919,7.599728584289551,
3.5351710319519043,10,4.191251754760742,1.000566840171814,10929,7.766445636749268,
3.4623093605041504,10,4.179500102996826,1.0410094261169434,10939,7.683449745178223,
3.411611557006836,10,4.247006893157959,1.0290101766586304,10949,7.699779033660889,
3.390259265899658,10,4.1788787841796875,0.9949173331260681,10959,7.6089348793029785,
3.4778857231140137,10,4.159892559051514,1.0556312799453735,10969,7.680003643035889,
3.3434040546417236,10,4.161478519439697,1.0171998739242554,10979,7.5455708503723145,
3.4092369079589844,10,4.158994197845459,1.0237419605255127,10989,7.609180927276611,
3.4475865364074707,10,4.205552101135254,1.024877905845642,10999,7.694133758544922,
3.412644386291504,10,4.199348449707031,1.0240228176116943,11009,7.652953624725342,
3.3231213092803955,10,4.206321716308594,1.1109856367111206,11019,7.573882102966309,
3.4785003662109375,10,4.249907970428467,0.9877611994743347,11029,7.767918586730957,
3.3683552742004395,10,4.198835372924805,1.0736886262893677,11039,7.610138416290283,
3.412342071533203,10,4.163938045501709,1.0413777828216553,11049,7.6179351806640625,
3.356780767440796,10,4.161886215209961,1.036482334136963,11059,7.560126304626465,
3.3612804412841797,10,4.181106090545654,0.9617463946342468,11069,7.5808563232421875,
3.379673480987549,10,4.1995768547058105,0.9729733467102051,11079,7.61816930770874,
3.466716766357422,10,4.181641578674316,0.9805944561958313,11089,7.687582015991211,
3.3928613662719727,10,4.199793815612793,1.0713646411895752,11099,7.635509967803955,
3.405592441558838,10,4.196572303771973,0.9828670024871826,11109,7.6414794921875,
3.348376750946045,10,4.201207637786865,0.9412771463394165,11119,7.587235450744629,
3.4608139991760254,10,4.186037063598633,0.977867603302002,11129,7.685965538024902,
3.3856332302093506,10,4.174094200134277,1.0104079246520996,11139,7.600143909454346,
3.430478572845459,10,4.253859043121338,1.1463779211044312,11149,7.7301926612854,
3.5613675117492676,10,4.228205680847168,1.1116540431976318,11159,7.834039211273193,
3.3653581142425537,10,4.216675281524658,0.9955449104309082,11169,7.621854782104492,
3.601768970489502,10,4.235726356506348,1.0711678266525269,11179,7.88034200668335,
3.4123196601867676,10,4.15717077255249,0.9592504501342773,11189,7.607860565185547,
3.315047264099121,10,4.180170059204102,0.9837939143180847,11199,7.534569263458252,
3.3444080352783203,10,4.232034206390381,1.0842206478118896,11209,7.619811058044434,
3.3861570358276367,10,4.180744171142578,0.9580889940261841,11219,7.605224609375,
3.3282816410064697,10,4.169814586639404,0.9374979734420776,11229,7.5355963706970215,
3.4158291816711426,10,4.198822021484375,1.0479085445404053,11239,7.656567573547363,
3.4027366638183594,10,4.250553607940674,1.0427777767181396,11249,7.695001602172852,
3.3691112995147705,10,4.1995015144348145,1.0635820627212524,11259,7.611156463623047,
3.411651134490967,10,4.2261762619018555,1.0361815690994263,11269,7.679274559020996,
3.339188575744629,10,4.229862213134766,1.0020155906677246,11279,7.609131336212158,
3.3855366706848145,10,4.18862771987915,1.0730246305465698,11289,7.6170854568481445,
3.360860824584961,10,4.201126575469971,1.1453032493591309,11299,7.607799530029297,
3.2692110538482666,10,4.223907947540283,1.0378706455230713,11309,7.534634113311768,
3.378845691680908,10,4.173844337463379,0.9517451524734497,11319,7.590759754180908,
3.442650079727173,10,4.19901704788208,0.936750054359436,11329,7.679137229919434,
3.3391733169555664,10,4.122707366943359,0.9603962898254395,11339,7.500296592712402,
3.3179869651794434,10,4.193811416625977,1.0685080289840698,11349,7.554538726806641,
3.3504910469055176,10,4.1720147132873535,0.9170985817909241,11359,7.559189796447754,
3.409151077270508,10,4.164035797119141,0.9149346351623535,11369,7.609784126281738,
3.395982027053833,10,4.210422992706299,1.0228508710861206,11379,7.647319316864014,
3.329702854156494,10,4.168667793273926,0.9895684719085693,11389,7.5379533767700195,
3.335806131362915,10,4.199237823486328,1.0218486785888672,11399,7.575917720794678,
,10,,,11406,,7.660534858703613
3.333173990249634,11,4.188340663909912,0.9870249629020691,11409,7.560996055603027,
3.303510904312134,11,4.216916084289551,1.0437309741973877,11419,7.562175750732422,
3.3939273357391357,11,4.167186260223389,0.9896741509437561,11429,7.600700378417969,
3.2739510536193848,11,4.225345134735107,1.1069461107254028,11439,7.54357385635376,
3.432368755340576,11,4.225650787353516,1.06231689453125,11449,7.700512409210205,
3.3064804077148438,11,4.179551124572754,1.0181716680526733,11459,7.526758193969727,
3.2794904708862305,11,4.1751909255981445,1.0489957332611084,11469,7.496641159057617,
3.283419370651245,11,4.1557722091674805,1.037858009338379,11479,7.480706214904785,
3.4760208129882812,11,4.234082221984863,1.0654252767562866,11489,7.752719879150391,
3.4307215213775635,11,4.172339916229248,0.9181030988693237,11499,7.6397857666015625,
3.370830535888672,11,4.2168779373168945,1.0994282960891724,11509,7.631685733795166,
3.4462742805480957,11,4.202598571777344,0.9162187576293945,11519,7.685521602630615,
3.314558267593384,11,4.171940326690674,0.9221914410591125,11529,7.523386478424072,
3.3625168800354004,11,4.221290588378906,1.0195552110671997,11539,7.624589443206787,
3.4185233116149902,11,4.233402252197266,0.9870073795318604,11549,7.691405773162842,
3.293154239654541,11,4.211899757385254,1.0551491975784302,11559,7.54725980758667,
3.2897441387176514,11,4.1735615730285645,0.9137293696403503,11569,7.499854564666748,
3.3266220092773438,11,4.142743110656738,0.9351699352264404,11579,7.506772041320801,
3.381986618041992,11,4.147777557373047,1.0580401420593262,11589,7.572085857391357,
3.357377052307129,11,4.160156726837158,1.0335702896118164,11599,7.5588765144348145,
3.350978374481201,11,4.161044597625732,0.9620295763015747,11609,7.550504207611084,
3.401118755340576,11,4.145236015319824,1.0123419761657715,11619,7.586848258972168,
3.4160268306732178,11,4.213821887969971,0.9407131671905518,11629,7.667477130889893,
3.320812702178955,11,4.211855888366699,0.9769762754440308,11639,7.571747779846191,
3.4270756244659424,11,4.174717903137207,1.078277587890625,11649,7.644924163818359,
3.4048171043395996,11,4.174707412719727,0.9321560859680176,11659,7.6168107986450195,
3.4200165271759033,11,4.162389278411865,0.8964051008224487,11669,7.61826229095459,
3.295482635498047,11,4.132277011871338,1.0892261266708374,11679,7.4713287353515625,
3.282973051071167,11,4.1665239334106445,1.0873550176620483,11689,7.4929914474487305,
3.3765928745269775,11,4.188319683074951,1.0358209609985352,11699,7.6063456535339355,
3.42684268951416,11,4.1490607261657715,1.0437606573104858,11709,7.617653846740723,
3.33176326751709,11,4.171145439147949,0.9378769993782043,11719,7.54042387008667,
3.3222954273223877,11,4.19102144241333,1.1208544969558716,11729,7.5581512451171875,
3.3611860275268555,11,4.167450904846191,1.0545469522476196,11739,7.570818901062012,
3.344613790512085,11,4.222466468811035,1.0183602571487427,11749,7.607814788818359,
3.3114566802978516,11,4.1732177734375,0.9257291555404663,11759,7.521703720092773,
3.2880945205688477,11,4.20493221282959,1.1335902214050293,11769,7.538370132446289,
3.3862555027008057,11,4.174615859985352,1.0150127410888672,11779,7.601471424102783,
3.426236867904663,11,4.239145755767822,1.1594451665878296,11789,7.7117600440979,
3.488696575164795,11,4.2397284507751465,1.005225658416748,11799,7.768633842468262,
3.475074291229248,11,4.237245082855225,1.045264482498169,11809,7.754129886627197,
3.298299551010132,11,4.15994930267334,1.072024941444397,11819,7.501130104064941,
3.272721767425537,11,4.15996789932251,1.0106040239334106,11829,7.473114013671875,
3.276247501373291,11,4.156544208526611,1.0291657447814941,11839,7.473958492279053,
3.3663206100463867,11,4.16963005065918,1.0105983018875122,11849,7.576374530792236,
3.3339738845825195,11,4.18494987487793,1.1144152879714966,11859,7.56350040435791,
3.2883126735687256,11,4.174480438232422,1.029357671737671,11869,7.503967761993408,
3.434990882873535,11,4.1787028312683105,0.9317560195922852,11879,7.65096378326416,
3.2619709968566895,11,4.1668524742126465,0.9618594646453857,11889,7.4672980308532715,
3.2983598709106445,11,4.207777976989746,1.0372748374938965,11899,7.547628879547119,
3.3366055488586426,11,4.182675361633301,1.1367833614349365,11909,7.564752101898193,
3.7168121337890625,11,4.20399808883667,1.0800261497497559,11919,7.964011192321777,
3.514394760131836,11,4.17608642578125,1.20824134349823,11929,7.738811016082764,
3.280703067779541,11,4.209562301635742,1.1048023700714111,11939,7.534457683563232,
3.480107307434082,11,4.135480880737305,0.9925253987312317,11949,7.655289173126221,
3.2935686111450195,11,4.161736488342285,1.0535962581634521,11959,7.497448921203613,
3.3332390785217285,11,4.121044158935547,0.9168291091918945,11969,7.4909563064575195,
3.3334896564483643,11,4.161506175994873,0.93115234375,11979,7.532242298126221,
3.399015426635742,11,4.235273361206055,1.0893930196762085,11989,7.6778645515441895,
3.270547866821289,11,4.255575656890869,1.050945520401001,11999,7.568161487579346,
3.3113489151000977,11,4.188628673553467,1.0036661624908447,12009,7.540124416351318,
3.2514023780822754,11,4.138454914093018,0.916279673576355,12019,7.42650842666626,
3.26483416557312,11,4.260551929473877,0.9644196629524231,12029,7.563962459564209,
3.391299247741699,11,4.194082260131836,1.1361526250839233,12039,7.6308274269104,
3.3515686988830566,11,4.181675910949707,1.0520435571670532,12049,7.575326442718506,
3.22528338432312,11,4.1751508712768555,1.0310827493667603,12059,7.441677570343018,
3.4450998306274414,11,4.238170623779297,0.992249608039856,12069,7.722960472106934,
3.2815799713134766,11,4.17738676071167,1.0808131694793701,12079,7.502199172973633,
3.311220645904541,11,4.139116287231445,1.0455392599105835,12089,7.49215841293335,
3.4182915687561035,11,4.215646743774414,1.0911839008331299,12099,7.677585601806641,
3.312293291091919,11,4.176728248596191,1.0174092054367065,12109,7.529717445373535,
3.241049289703369,11,4.1389617919921875,1.0887871980667114,12119,7.423562526702881,
3.3597347736358643,11,4.187008857727051,0.9727909564971924,12129,7.585655212402344,
3.389105796813965,11,4.205965995788574,1.0163235664367676,12139,7.6357245445251465,
3.366002082824707,11,4.167578220367432,0.9397501349449158,12149,7.571170330047607,
3.244121551513672,11,4.165599346160889,0.9976674914360046,12159,7.44962739944458,
3.3650057315826416,11,4.229727745056152,1.0550509691238403,12169,7.636935234069824,
3.4220709800720215,11,4.155398845672607,1.044931411743164,12179,7.619266986846924,
3.4414801597595215,11,4.156610488891602,0.9190114736557007,12189,7.634850978851318,
3.3133702278137207,11,4.202639579772949,0.9881535768508911,12199,7.555535793304443,
3.219350814819336,11,4.162387371063232,1.0628255605697632,12209,7.424251079559326,
3.381502389907837,11,4.174659729003906,1.1126667261123657,12219,7.600668430328369,
3.3704800605773926,11,4.1303815841674805,1.0912587642669678,12229,7.544511795043945,
3.2495298385620117,11,4.138764381408691,1.017128586769104,12239,7.428979396820068,
3.2713570594787598,11,4.1541924476623535,1.1014502048492432,12249,7.469607353210449,
3.2733538150787354,11,4.173020839691162,0.8665995001792908,12259,7.481039047241211,
3.257776975631714,11,4.162367343902588,0.9436631798744202,12269,7.457890510559082,
3.28336763381958,11,4.1549072265625,1.0777677297592163,12279,7.481385707855225,
3.2839341163635254,11,4.184537410736084,0.9955829381942749,12289,7.508295059204102,
3.20843768119812,11,4.113190174102783,1.1389275789260864,12299,7.367184638977051,
3.3434336185455322,11,4.173038959503174,0.9720230102539062,12309,7.55535364151001,
3.281219244003296,11,4.167572975158691,0.9840865135192871,12319,7.488155841827393,
3.257115364074707,11,4.208373069763184,1.0040873289108276,12329,7.505651950836182,
3.2586026191711426,11,4.201875686645508,1.0584009885787964,12339,7.502814292907715,
3.303772449493408,11,4.202061653137207,0.9898105263710022,12349,7.545426368713379,
3.22593355178833,11,4.180448532104492,1.0166747570037842,12359,7.447049140930176,
3.3950421810150146,11,4.2020721435546875,1.013216495513916,12369,7.637643337249756,
3.3108839988708496,11,4.135740756988525,0.9686475396156311,12379,7.485370635986328,
3.3868632316589355,11,4.162625312805176,1.0216710567474365,12389,7.590355396270752,
3.2580666542053223,11,4.147810459136963,0.9388055801391602,12399,7.443429470062256,
3.3772144317626953,11,4.175418853759766,1.016842007637024,12409,7.593307018280029,
3.2744498252868652,11,4.215884685516357,1.0621708631515503,12419,7.532821178436279,
3.291524887084961,11,4.169918537139893,0.8558614253997803,12429,7.495677947998047,
3.31298828125,11,4.169887542724609,0.9573860168457031,12439,7.5211710929870605,
,11,,,12443,,7.54604434967041
3.3255934715270996,12,4.173130512237549,0.9413536787033081,12449,7.536377906799316,
3.376826763153076,12,4.198241233825684,1.1125218868255615,12459,7.619568824768066,
3.3052704334259033,12,4.196660995483398,1.0640816688537598,12469,7.54449462890625,
3.3296761512756348,12,4.1431427001953125,1.0899654626846313,12479,7.516417503356934,
3.3245131969451904,12,4.168369293212891,1.0385966300964355,12489,7.534426689147949,
3.2766692638397217,12,4.188133239746094,0.9454547166824341,12499,7.502620697021484,
3.2200565338134766,12,4.212574481964111,1.0153331756591797,12509,7.4732441902160645,
3.425321102142334,12,4.167396545410156,1.0443669557571411,12519,7.63449239730835,
3.2587738037109375,12,4.115544319152832,0.9423012733459473,12529,7.412010192871094,
3.2599704265594482,12,4.201543807983398,1.034265398979187,12539,7.502884864807129,
3.2359471321105957,12,4.120441913604736,0.9205841422080994,12549,7.39321231842041,
3.3319907188415527,12,4.1448493003845215,1.02777898311615,12559,7.517951011657715,
3.216061592102051,12,4.151089668273926,0.9594688415527344,12569,7.405529975891113,
3.237154960632324,12,4.145595550537109,0.9488794207572937,12579,7.420705795288086,
3.3415329456329346,12,4.171513080596924,1.0945439338684082,12589,7.556828022003174,
3.335982322692871,12,4.105277061462402,1.1070973873138428,12599,7.485543251037598,
3.2258622646331787,12,4.160869598388672,0.9524440765380859,12609,7.424829959869385,
3.204780101776123,12,4.150439739227295,0.9838497638702393,12619,7.39457368850708,
3.3208718299865723,12,4.169373512268066,0.9813444018363953,12629,7.529499053955078,
3.276491165161133,12,4.210024356842041,1.067815899848938,12639,7.529228210449219,
3.3782999515533447,12,4.149503707885742,1.0017871856689453,12649,7.567874908447266,
3.2725353240966797,12,4.147380828857422,0.9362051486968994,12659,7.457364559173584,
3.2022314071655273,12,4.132205009460449,1.0066670179367065,12669,7.3747029304504395,
3.2401204109191895,12,4.137714385986328,1.02716863155365,12679,7.41892147064209,
3.2867653369903564,12,4.261058330535889,1.1503000259399414,12689,7.593835830688477,
3.286635398864746,12,4.187656879425049,1.0458706617355347,12699,7.516127109527588,
3.304023504257202,12,4.163792610168457,1.0506970882415771,12709,7.5098443031311035,
3.3250908851623535,12,4.165321350097656,1.0902719497680664,12719,7.534023284912109,
3.276594877243042,12,4.161816120147705,0.966947078704834,12729,7.477088451385498,
3.3051247596740723,12,4.180699348449707,1.0951660871505737,12739,7.529630661010742,
3.33769154548645,12,4.169984817504883,0.9288886189460754,12749,7.5448317527771,
3.1877331733703613,12,4.2039690017700195,1.0115594863891602,12759,7.432164669036865,
3.1639580726623535,12,4.199695587158203,1.0311819314956665,12769,7.404901027679443,
3.2262415885925293,12,4.180220603942871,1.0218299627304077,12779,7.447335243225098,
3.278679132461548,12,4.122215270996094,1.0193678140640259,12789,7.44166898727417,
3.2855288982391357,12,4.142648220062256,0.999327540397644,12799,7.4681501388549805,
3.314517021179199,12,4.107078552246094,1.0142147541046143,12809,7.462163925170898,
3.182509183883667,12,4.15902042388916,0.9850521683692932,12819,7.380931854248047,
3.1502938270568848,12,4.126266956329346,0.9953755140304565,12829,7.316375732421875,
3.3243906497955322,12,4.151532173156738,0.983835756778717,12839,7.515275955200195,
3.1803741455078125,12,4.170314788818359,0.9302014708518982,12849,7.38789701461792,
3.1997649669647217,12,4.0941267013549805,1.0637236833572388,12859,7.3364410400390625,
3.2168021202087402,12,4.199975967407227,1.0810519456863403,12869,7.460020065307617,
3.2337403297424316,12,4.189496994018555,0.964479923248291,12879,7.461816310882568,
3.447153329849243,12,4.150584697723389,0.9565364122390747,12889,7.63599967956543,
3.178781270980835,12,4.157264709472656,0.939185380935669,12899,7.3736138343811035,
3.2907490730285645,12,4.210958480834961,0.9652414321899414,12909,7.540317058563232,
3.1847920417785645,12,4.175475120544434,0.885545551776886,12919,7.395689010620117,
3.1939754486083984,12,4.100285530090332,1.0205678939819336,12929,7.335083484649658,
3.267829179763794,12,4.114766597747803,0.9892578125,12939,7.422166347503662,
3.1718459129333496,12,4.151704788208008,1.0022318363189697,12949,7.363639831542969,
3.2189061641693115,12,4.169276714324951,0.9366260766983032,12959,7.425647735595703,
3.163764238357544,12,4.185813903808594,1.015728235244751,12969,7.390206813812256,
3.1963136196136475,12,4.147989749908447,0.9887856245040894,12979,7.383854389190674,
3.1617331504821777,12,4.129415988922119,1.0199623107910156,12989,7.3319478034973145,
3.154916286468506,12,4.134868144989014,1.0659431219100952,12999,7.332422256469727,
3.165710926055908,12,4.157331943511963,1.0156794786453247,13009,7.3636698722839355,
3.227644920349121,12,4.156187534332275,0.9823466539382935,13019,7.423126220703125,
3.1749484539031982,12,4.18236780166626,0.9213099479675293,13029,7.394168376922607,
3.200594663619995,12,4.170374393463135,0.9747126698493958,13039,7.409957408905029,
3.1416356563568115,12,4.168007850646973,0.9973559379577637,13049,7.3495378494262695,
3.163933038711548,12,4.153436183929443,0.8938268423080444,13059,7.353122711181641,
3.2502503395080566,12,4.182425022125244,0.9144480228424072,13069,7.469253063201904,
3.1811575889587402,12,4.180912017822266,1.0731029510498047,13079,7.404993534088135,
3.271716356277466,12,4.110898017883301,0.9588491320610046,13089,7.420968055725098,
3.336256504058838,12,4.165705680847168,0.9391045570373535,13099,7.539526462554932,
3.149146556854248,12,4.170884609222412,1.0031956434249878,13109,7.360158920288086,
3.2398533821105957,12,4.168943405151367,0.986753523349762,13119,7.448266983032227,
3.1272387504577637,12,4.154216766357422,1.005501389503479,13129,7.321675777435303,
3.1767053604125977,12,4.136556148529053,0.9346171617507935,13139,7.350646018981934,
3.1897335052490234,12,4.13815450668335,0.9346100091934204,13149,7.365272521972656,
3.144258975982666,12,4.12251091003418,0.9427317380905151,13159,7.304479122161865,
3.1410136222839355,12,4.198785305023193,0.9983857274055481,13169,7.379734516143799,
3.169948101043701,12,4.122973442077637,0.9128071665763855,13179,7.329433917999268,
3.3774478435516357,12,4.191200256347656,0.994621753692627,13189,7.608433246612549,
3.204352378845215,12,4.135210037231445,1.0717647075653076,13199,7.38243293762207,
3.215566635131836,12,4.205255031585693,1.0591778755187988,13209,7.463188648223877,
3.1136159896850586,12,4.152921676635742,0.964640736579895,13219,7.305123329162598,
3.1846842765808105,12,4.0891194343566895,0.9159791469573975,13229,7.310442924499512,
3.1463513374328613,12,4.164561748504639,1.0928930044174194,13239,7.354629039764404,
3.2923362255096436,12,4.194154739379883,1.1947252750396729,13249,7.534280300140381,
3.178950548171997,12,4.213989734649658,1.0118687152862549,13259,7.433415412902832,
3.3054442405700684,12,4.146554470062256,0.9480372667312622,13269,7.489920139312744,
3.1640899181365967,12,4.085905075073242,0.971498966217041,13279,7.288855075836182,
3.40091609954834,12,4.181219577789307,0.8724302053451538,13289,7.617033004760742,
3.164813756942749,12,4.13207483291626,1.0043771266937256,13299,7.337063312530518,
3.21177077293396,12,4.1499528884887695,0.9846799969673157,13309,7.401111125946045,
3.2287964820861816,12,4.134153366088867,1.0037704706192017,13319,7.403100490570068,
3.235917568206787,12,4.178077697753906,1.0045491456985474,13329,7.454177379608154,
3.3122127056121826,12,4.202660083770752,0.9825723171234131,13339,7.55417537689209,
3.1507577896118164,12,4.158721923828125,0.9963656067848206,13349,7.349334239959717,
3.211365222930908,12,4.1468610763549805,1.003544807434082,13359,7.398367881774902,
3.1961703300476074,12,4.2082390785217285,1.0570836067199707,13369,7.446692943572998,
3.1688597202301025,12,4.166466236114502,0.9470546245574951,13379,7.373208522796631,
3.178879737854004,12,4.143742561340332,0.9116793870925903,13389,7.359089374542236,
3.153280735015869,12,4.17105770111084,1.0394203662872314,13399,7.365915298461914,
3.1525495052337646,12,4.132863998413086,0.9299184083938599,13409,7.322610378265381,
3.139847993850708,12,4.1457648277282715,1.0191986560821533,13419,7.326381206512451,
3.1022486686706543,12,4.161288261413574,1.001187801361084,13429,7.303584575653076,
3.2599539756774902,12,4.174530982971191,1.0093799829483032,13439,7.474860191345215,
3.284306526184082,12,4.0914506912231445,0.838022768497467,13449,7.40927791595459,
3.1861519813537598,12,4.161165714263916,1.1313998699188232,13459,7.392573833465576,
3.093644618988037,12,4.1044440269470215,1.0079851150512695,13469,7.238408088684082,
3.195178270339966,12,4.14434814453125,0.9356122612953186,13479,7.376950740814209,
,12,,,13480,,7.432649612426758
3.19073486328125,13,4.165791034698486,0.9820666313171387,13489,7.395808696746826,
3.094179391860962,13,4.211915969848633,1.0728222131729126,13499,7.349008083343506,
3.1486761569976807,13,4.142055034637451,1.1089646816253662,13509,7.335090160369873,
3.165057420730591,13,4.135468006134033,0.9676188230514526,13519,7.339230537414551,
3.1788926124572754,13,4.162839412689209,0.9478268623352051,13529,7.379644870758057,
3.171375274658203,13,4.168937683105469,0.9883361458778381,13539,7.379846572875977,
3.12484073638916,13,4.143409252166748,0.9289382100105286,13549,7.305407524108887,
3.162311553955078,13,4.210583686828613,1.1270372867584229,13559,7.4179768562316895,
3.220705986022949,13,4.131528854370117,0.9387457966804504,13569,7.389784812927246,
3.158848285675049,13,4.175939083099365,1.0075926780700684,13579,7.375091075897217,
3.272355079650879,13,4.123094081878662,0.9993062615394592,13589,7.435421466827393,
3.130650520324707,13,4.128459453582764,0.9064746499061584,13599,7.2953691482543945,
3.2107162475585938,13,4.1716179847717285,0.9251145720481873,13609,7.419338703155518,
3.1333513259887695,13,4.141146659851074,0.9775198698043823,13619,7.3135986328125,
3.122727394104004,13,4.1686530113220215,1.0111050605773926,13629,7.331824779510498,
3.2643415927886963,13,4.125997543334961,1.0070805549621582,13639,7.430622100830078,
3.166201114654541,13,4.12810754776001,0.9180461764335632,13649,7.331030368804932,
3.222116470336914,13,4.132782459259033,1.0699081420898438,13659,7.397695064544678,
3.1331143379211426,13,4.1466145515441895,0.943300724029541,13669,7.317461013793945,
3.261307954788208,13,4.1719818115234375,1.0160859823226929,13679,7.47393274307251,
3.1392624378204346,13,4.119046211242676,0.9842519760131836,13689,7.297678470611572,
3.2280473709106445,13,4.137094497680664,0.9082432389259338,13699,7.4014716148376465,
3.1532063484191895,13,4.155002117156982,0.9912824034690857,13709,7.347859859466553,
3.2247228622436523,13,4.157458782196045,0.8861134052276611,13719,7.41762638092041,
3.150637626647949,13,4.143612861633301,0.902665376663208,13729,7.330357074737549,
3.3346195220947266,13,4.181137561798096,1.0339577198028564,13739,7.55711555480957,
3.179445505142212,13,4.131131172180176,0.9091400504112244,13749,7.346941947937012,
3.1438350677490234,13,4.1519036293029785,0.9799612164497375,13759,7.33493709564209,
3.0998995304107666,13,4.158308982849121,0.9835641384124756,13769,7.297550678253174,
3.1325795650482178,13,4.1495232582092285,1.0347329378128052,13779,7.323492050170898,
3.160051107406616,13,4.201053142547607,1.0029685497283936,13789,7.4012227058410645,
3.1681227684020996,13,4.124075412750244,0.9668532013893127,13799,7.330872535705566,
3.205831527709961,13,4.132652282714844,0.8647809028625488,13809,7.373075008392334,
3.14471173286438,13,4.157765865325928,1.0907493829727173,13819,7.3461079597473145,
3.1047637462615967,13,4.1292572021484375,0.9592039585113525,13829,7.2723894119262695,
3.1912269592285156,13,4.134823322296143,0.987341046333313,13839,7.365543842315674,
3.169973373413086,13,4.143514156341553,0.9400089383125305,13849,7.351088047027588,
3.1340622901916504,13,4.173133373260498,1.1123719215393066,13859,7.351690769195557,
3.1852331161499023,13,4.17969274520874,0.9729242324829102,13869,7.403842926025391,
3.1614696979522705,13,4.0968828201293945,0.9519378542900085,13879,7.296429634094238,
3.246635913848877,13,4.178276538848877,1.0765526294708252,13889,7.467974662780762,
3.2124667167663574,13,4.156129837036133,1.000748872756958,13899,7.408626556396484,
3.0852012634277344,13,4.1239728927612305,1.0664513111114502,13909,7.251832008361816,
3.1625795364379883,13,4.153223514556885,0.9948951601982117,13919,7.3555989265441895,
3.133720636367798,13,4.154191017150879,0.9979549646377563,13929,7.327829837799072,
3.158278703689575,13,4.046573162078857,0.9599909782409668,13939,7.243251800537109,
3.171776294708252,13,4.146643161773682,1.0214240550994873,13949,7.359276294708252,
3.1172680854797363,13,4.14137601852417,1.0310213565826416,13959,7.299884796142578,
3.093379020690918,13,4.116966247558594,0.8580619096755981,13969,7.2446675300598145,
3.0989737510681152,13,4.208072185516357,1.1035006046295166,13979,7.3511857986450195,
3.0722274780273438,13,4.174318313598633,1.0117417573928833,13989,7.287015438079834,
3.184213638305664,13,4.227417469024658,1.0168161392211914,13999,7.452303886413574,
3.193998336791992,13,4.102387428283691,1.0106483697891235,14009,7.336811542510986,
3.0919384956359863,13,4.17374849319458,0.9734417200088501,14019,7.304624557495117,
3.114777088165283,13,4.103331089019775,0.9730780720710754,14029,7.257031440734863,
3.0857176780700684,13,4.143392562866211,0.9638296365737915,14039,7.267663478851318,
3.1386661529541016,13,4.14130973815918,0.9443543553352356,14049,7.317749977111816,
3.1980068683624268,13,4.10892391204834,0.9811295866966248,14059,7.346175670623779,
3.069936752319336,13,4.116428375244141,0.958072304725647,14069,7.2246880531311035,
3.1243014335632324,13,4.111841678619385,1.0057412385940552,14079,7.276372909545898,
3.095839262008667,13,4.1273884773254395,0.930172324180603,14089,7.260434627532959,
3.205010414123535,13,4.154710292816162,0.9878944754600525,14099,7.399236679077148,
3.09342098236084,13,4.114738941192627,0.8806604146957397,14109,7.243386268615723,
3.2517337799072266,13,4.141904830932617,0.9431825280189514,14119,7.431365966796875,
3.1648590564727783,13,4.120474815368652,1.0409810543060303,14129,7.326972961425781,
3.133967876434326,13,4.1482977867126465,0.9740942120552063,14139,7.321229457855225,
3.1843628883361816,13,4.136058330535889,0.9124900102615356,14149,7.3569207191467285,
3.096858263015747,13,4.148719787597656,0.9138051867485046,14159,7.282130241394043,
3.078970193862915,13,4.147883415222168,0.9800774455070496,14169,7.266056537628174,
3.1158523559570312,13,4.178976535797119,0.9780372977256775,14179,7.333950519561768,
3.2145626544952393,13,4.0899553298950195,0.9212294220924377,14189,7.341366767883301,
3.0838241577148438,13,4.121106147766113,1.0591188669204712,14199,7.247294902801514,
3.166506290435791,13,4.113905906677246,0.9577063322067261,14209,7.31872034072876,
3.1631622314453125,13,4.084046840667725,1.0261812210083008,14219,7.2882561683654785,
3.0887694358825684,13,4.198406219482422,1.035179853439331,14229,7.328582763671875,
3.115732431411743,13,4.104371070861816,1.0040416717529297,14239,7.260264873504639,
3.109839916229248,13,4.085690021514893,0.9563271999359131,14249,7.23378324508667,
3.187462329864502,13,4.117122650146484,1.1032578945159912,14259,7.348715305328369,
3.0979726314544678,13,4.10498571395874,0.9893900156021118,14269,7.2425336837768555,
3.0720670223236084,13,4.140039443969727,0.9939683675765991,14279,7.251865386962891,
3.2770180702209473,13,4.2086501121521,1.1648842096328735,14289,7.53226375579834,
3.0922276973724365,13,4.126616954803467,0.996414303779602,14299,7.258700847625732,
3.1517887115478516,13,4.12850284576416,0.922968327999115,14309,7.3172101974487305,
3.1597301959991455,13,4.1648077964782715,0.9982050657272339,14319,7.364466667175293,
3.101285934448242,13,4.138846397399902,1.0301522016525269,14329,7.281338214874268,
3.0950326919555664,13,4.124237060546875,0.9422921538352966,14339,7.256961345672607,
3.0843615531921387,13,4.071290016174316,0.9137819409370422,14349,7.192203044891357,
3.0424447059631348,13,4.154009819030762,0.9771748185157776,14359,7.235541343688965,
3.0316038131713867,13,4.120089530944824,0.9943027496337891,14369,7.191465377807617,
3.0666019916534424,13,4.074663162231445,1.013590693473816,14379,7.1818084716796875,
3.153752565383911,13,4.130713939666748,0.9942763447761536,14389,7.324237823486328,
3.1380085945129395,13,4.190693378448486,1.0392810106277466,14399,7.370273113250732,
3.2456095218658447,13,4.138037204742432,0.9608892798423767,14409,7.422082424163818,
3.0955991744995117,13,4.108376979827881,0.9641110301017761,14419,7.24254035949707,
3.122669219970703,13,4.097370624542236,1.0157188177108765,14429,7.260668754577637,
3.10793399810791,13,4.13869047164917,0.9622347354888916,14439,7.28511381149292,
3.125239133834839,13,4.1796875,1.0386496782302856,14449,7.34647274017334,
3.0563390254974365,13,4.079159736633301,0.9309022426605225,14459,7.172735214233398,
3.115370750427246,13,4.102575302124023,1.0803760290145874,14469,7.2611613273620605,
3.1315064430236816,13,4.1298909187316895,0.9231861233711243,14479,7.2983245849609375,
3.039388656616211,13,4.15101432800293,1.049140453338623,14489,7.232368469238281,
3.1205499172210693,13,4.130984306335449,0.9662526249885559,14499,7.290184497833252,
3.018094539642334,13,4.1253461837768555,1.00863516330719,14509,7.183785915374756,
,13,,,14517,,7.332522392272949
3.140383243560791,14,4.081081390380859,0.9712753295898438,14519,7.260315418243408,
3.3301749229431152,14,4.1364665031433105,1.0065562725067139,14529,7.506903648376465,
3.1978306770324707,14,4.143985271453857,1.1339174509048462,14539,7.387172698974609,
3.0576226711273193,14,4.096426010131836,1.0436487197875977,14549,7.195795059204102,
3.030693531036377,14,4.140124320983887,1.044901967048645,14559,7.212614059448242,
3.083620071411133,14,4.162196636199951,0.993127703666687,14569,7.285542011260986,
3.1624197959899902,14,4.160848140716553,0.9429260492324829,14579,7.360984802246094,
3.1770882606506348,14,4.081319808959961,1.0761476755142212,14589,7.301454067230225,
3.066072702407837,14,4.15995454788208,1.0280016660690308,14599,7.267147541046143,
3.0879530906677246,14,4.118865489959717,1.0200568437576294,14609,7.247621059417725,
3.0812172889709473,14,4.121678829193115,0.94664466381073,14619,7.240761756896973,
3.0177619457244873,14,4.104504108428955,1.0276485681533813,14629,7.163371562957764,
3.1623575687408447,14,4.103426933288574,1.1459012031555176,14639,7.311620235443115,
3.0835554599761963,14,4.100706577301025,1.0358154773712158,14649,7.22569465637207,
3.1364798545837402,14,4.070712089538574,1.116424798965454,14659,7.251849174499512,
3.144458770751953,14,4.117076873779297,1.1062761545181274,14669,7.305786609649658,
3.1408185958862305,14,4.113420009613037,0.9999657869338989,14679,7.29423713684082,
3.036377429962158,14,4.081902503967285,0.9905987977981567,14689,7.157903671264648,
3.107938766479492,14,4.126445770263672,0.9435762763023376,14699,7.272127628326416,
3.072396993637085,14,4.1531171798706055,1.110008716583252,14709,7.269914627075195,
3.298414945602417,14,4.172017574310303,1.0858598947525024,14719,7.513866901397705,
3.1072371006011963,14,4.1036553382873535,1.0229886770248413,14729,7.25181245803833,
3.191943645477295,14,4.1926774978637695,1.1163514852523804,14739,7.429275035858154,
3.1076064109802246,14,4.109923839569092,1.0692622661590576,14749,7.260300636291504,
3.061375141143799,14,4.140288352966309,1.0569435358047485,14759,7.243941307067871,
3.064588785171509,14,4.125899791717529,0.9990935325622559,14769,7.230452537536621,
3.1332080364227295,14,4.194223880767822,0.9611712098121643,14779,7.365878582000732,
3.03883695602417,14,4.1447577476501465,1.0246397256851196,14789,7.22458028793335,
3.047025680541992,14,4.08169412612915,1.0986313819885254,14799,7.172665119171143,
3.0415749549865723,14,4.138120651245117,1.043971300125122,14809,7.221454620361328,
3.007330894470215,14,4.209333896636963,1.067155122756958,14819,7.259350776672363,
3.037261962890625,14,4.119829177856445,1.0690267086029053,14829,7.199851989746094,
3.10575008392334,14,4.0828399658203125,1.0006310939788818,14839,7.2286152839660645,
3.015474319458008,14,4.10895299911499,1.090458869934082,14849,7.168045520782471,
3.147897243499756,14,4.133242130279541,1.0367299318313599,14859,7.322608470916748,
3.064150333404541,14,4.111586093902588,1.1008594036102295,14869,7.219770908355713,
3.0395593643188477,14,4.10701847076416,1.0294557809829712,14879,7.187756061553955,
2.992234945297241,14,4.177473545074463,1.1481192111968994,14889,7.215632915496826,
3.167412519454956,14,4.166336536407471,1.0416806936264038,14899,7.375416278839111,
2.983391761779785,14,4.139549255371094,1.1109975576400757,14909,7.1673808097839355,
3.1640679836273193,14,4.183323860168457,1.0261698961257935,14919,7.388438701629639,
3.117887020111084,14,4.07578706741333,1.051655650138855,14929,7.2357401847839355,
3.222872734069824,14,4.132315635681152,1.124353289604187,14939,7.400162696838379,
3.0529685020446777,14,4.124199867248535,1.0263047218322754,14949,7.2182207107543945,
3.0810861587524414,14,4.1302313804626465,1.0339792966842651,14959,7.252676486968994,
2.9943854808807373,14,4.137941837310791,1.0555665493011475,14969,7.174549579620361,
3.086493730545044,14,4.137963771820068,1.0868362188339233,14979,7.26793098449707,
2.98540997505188,14,4.144935607910156,1.1166399717330933,14989,7.175011157989502,
3.1753273010253906,14,4.137506008148193,1.134958267211914,14999,7.358231544494629,
3.105058193206787,14,4.159165382385254,1.133697271347046,15009,7.309571266174316,
3.1435647010803223,14,4.122560024261475,1.2470356225967407,15019,7.316006183624268,
3.0339956283569336,14,4.111020088195801,1.0601418018341064,15029,7.1874213218688965,
3.0444934368133545,14,4.1566596031188965,1.0935498476028442,15039,7.244894981384277,
3.054469108581543,14,4.180043697357178,1.0936378240585327,15049,7.278258323669434,
3.060821056365967,14,4.135373592376709,1.215155839920044,15059,7.244801044464111,
2.9858860969543457,14,4.1631999015808105,1.048934817314148,15069,7.191043376922607,
3.009077787399292,14,4.119699954986572,1.055789589881897,15079,7.171009063720703,
3.013622283935547,14,4.152421474456787,1.028777003288269,15089,7.207194805145264,
3.0174548625946045,14,4.1670002937316895,1.115552306175232,15099,7.229076862335205,
3.0874056816101074,14,4.078232765197754,1.007438063621521,15109,7.205935955047607,
3.1275737285614014,14,4.131147384643555,1.0508486032485962,15119,7.300755500793457,
2.99940824508667,14,4.140173435211182,1.1644816398620605,15129,7.186161041259766,
3.198546886444092,14,4.231284141540527,1.0771583318710327,15139,7.472917556762695,
3.045729875564575,14,4.221612930297852,1.177849292755127,15149,7.314456462860107,
3.063878297805786,14,4.151183128356934,1.104946494102478,15159,7.259259223937988,
3.0009922981262207,14,4.076786518096924,1.076593041419983,15169,7.120842456817627,
3.1052494049072266,14,4.111274719238281,1.0916683673858643,15179,7.260190963745117,
3.0029349327087402,14,4.107330322265625,1.1142228841781616,15189,7.154834270477295,
3.0440759658813477,14,4.0633087158203125,1.0722224712371826,15199,7.15027379989624,
3.2100181579589844,14,4.125262260437012,1.1458345651626587,15209,7.3811140060424805,
2.9821367263793945,14,4.130227088928223,1.0548243522644043,15219,7.154556751251221,
2.9919023513793945,14,4.134440898895264,1.0639307498931885,15229,7.168900489807129,
3.009676933288574,14,4.086860656738281,1.0250459909439087,15239,7.137539386749268,
3.074620485305786,14,4.080111980438232,1.0375219583511353,15249,7.196233749389648,
3.0515241622924805,14,4.132241249084473,1.0768510103225708,15259,7.226839542388916,
3.0393004417419434,14,4.127395153045654,1.1089314222335815,15269,7.211052894592285,
3.077458381652832,14,4.085358142852783,1.058774471282959,15279,7.205167293548584,
3.0482921600341797,14,4.131743431091309,1.1149847507476807,15289,7.224635124206543,
2.991511583328247,14,4.143465995788574,1.0555026531219482,15299,7.177197456359863,
3.0605857372283936,14,4.072894096374512,1.0384103059768677,15309,7.175016403198242,
3.000901699066162,14,4.1162238121032715,1.0683897733688354,15319,7.159861087799072,
2.993600368499756,14,4.121658802032471,1.0856478214263916,15329,7.158685207366943,
3.0068306922912598,14,4.085116863250732,1.0307326316833496,15339,7.133176803588867,
3.0651192665100098,14,4.1352386474609375,1.085422158241272,15349,7.243774890899658,
2.958930492401123,14,4.102880477905273,1.0739221572875977,15359,7.104767799377441,
3.0147762298583984,14,4.064736366271973,1.0636630058288574,15369,7.122059345245361,
3.040407180786133,14,4.108770370483398,1.029778242111206,15379,7.19036865234375,
3.0795648097991943,14,4.115457057952881,1.015382170677185,15389,7.2356367111206055,
3.0442402362823486,14,4.074423313140869,1.0140012502670288,15399,7.159224033355713,
2.991002082824707,14,4.122128486633301,1.1762968301773071,15409,7.160182476043701,
2.9476773738861084,14,4.174912452697754,1.1211092472076416,15419,7.167434215545654,
3.014636516571045,14,4.078652858734131,1.0060044527053833,15429,7.1335296630859375,
2.9836196899414062,14,4.1411566734313965,1.1254069805145264,15439,7.169792652130127,
3.022996664047241,14,4.080458641052246,1.0571062564849854,15449,7.145739555358887,
3.064445972442627,14,4.063202381134033,1.0009349584579468,15459,7.1676859855651855,
2.895684242248535,14,4.160444736480713,1.1047109365463257,15469,7.100317478179932,
3.0569398403167725,14,4.0972466468811035,1.1112842559814453,15479,7.19863748550415,
3.013984203338623,14,4.099584102630615,1.0298128128051758,15489,7.154760837554932,
3.058964729309082,14,4.1132121086120605,1.0963367223739624,15499,7.216030120849609,
2.9629976749420166,14,4.078927516937256,1.0495364665985107,15509,7.083907127380371,
2.903470993041992,14,4.138735294342041,1.0921696424484253,15519,7.085893154144287,
2.9858028888702393,14,4.086991786956787,1.3336198329925537,15529,7.1261396408081055,
3.048722267150879,14,4.085742950439453,1.0576690435409546,15539,7.176772117614746,
2.935749053955078,14,4.124420642852783,1.0464444160461426,15549,7.102027416229248,
,14,,,15554,,7.229251384735107
2.968348264694214,15,4.087238788604736,1.0823224782943726,15559,7.098879814147949,
2.9758028984069824,15,4.117981433868408,1.1281365156173706,15569,7.138909816741943,
3.0645666122436523,15,4.076496124267578,1.0551166534423828,15579,7.183267593383789,
3.0481512546539307,15,4.12797212600708,1.055099368095398,15589,7.218327522277832,
3.021775960922241,15,4.159878253936768,1.1044985055923462,15599,7.225833892822266,
3.048492908477783,15,4.156572341918945,1.158396601676941,15609,7.251400947570801,
3.0314836502075195,15,4.104201316833496,1.0651288032531738,15619,7.178289890289307,
3.07452392578125,15,4.08146333694458,1.1736249923706055,15629,7.202932357788086,
3.0255331993103027,15,4.093042373657227,1.131654977798462,15639,7.163841724395752,
3.033329486846924,15,4.105544567108154,1.1253538131713867,15649,7.1838884353637695,
2.9413440227508545,15,4.119631767272949,1.1391162872314453,15659,7.106540679931641,
2.9359755516052246,15,4.106610298156738,1.086561679840088,15669,7.086048126220703,
3.191753625869751,15,4.169618606567383,1.1289845705032349,15679,7.40653133392334,
3.0055885314941406,15,4.094428539276123,0.9809527397155762,15689,7.139255046844482,
2.9691548347473145,15,4.110898017883301,1.0786607265472412,15699,7.123199462890625,
3.0265204906463623,15,4.101199626922607,1.1400127410888672,15709,7.173320293426514,
2.9850516319274902,15,4.067493915557861,1.1089417934417725,15719,7.096903324127197,
2.970243215560913,15,4.129337787628174,1.0403082370758057,15729,7.14119291305542,
2.93941593170166,15,4.1133131980896,1.0913045406341553,15739,7.096381187438965,
3.0099315643310547,15,4.163705348968506,1.1946189403533936,15749,7.221421718597412,
3.0117197036743164,15,4.162929058074951,1.0648036003112793,15759,7.217240810394287,
2.9380061626434326,15,4.062150478363037,1.1072622537612915,15769,7.04444694519043,
2.872790813446045,15,4.193482875823975,1.1823134422302246,15779,7.1135663986206055,
3.0295915603637695,15,4.071470737457275,0.9753578305244446,15789,7.140076637268066,
2.9721810817718506,15,4.092698097229004,0.9995547533035278,15799,7.104861736297607,
2.936582565307617,15,4.091551780700684,1.0147464275360107,15809,7.068724155426025,
2.9796595573425293,15,4.130574703216553,1.0612812042236328,15819,7.152685642242432,
3.1276907920837402,15,4.113839149475098,1.1919620037078857,15829,7.28920841217041,
3.079578399658203,15,4.095468521118164,1.064607858657837,15839,7.2176313400268555,
3.007596492767334,15,4.117887020111084,1.0020266771316528,15849,7.16556453704834,
3.010422945022583,15,4.112441539764404,1.036019206047058,15859,7.164305686950684,
2.9109115600585938,15,4.1345534324646,1.1141270399093628,15869,7.090030193328857,
2.946532726287842,15,4.082141399383545,1.2183388471603394,15879,7.0774078369140625,
2.9304275512695312,15,4.084381580352783,1.1308664083480835,15889,7.060043811798096,
3.0208611488342285,15,4.062487602233887,1.1007524728775024,15899,7.127378940582275,
2.878545045852661,15,4.100583553314209,1.191104769706726,15909,7.026772975921631,
3.087428569793701,15,4.109940528869629,1.0459293127059937,15919,7.239206314086914,
3.0597400665283203,15,4.129181861877441,1.023400068283081,15929,7.229857921600342,
3.0467066764831543,15,4.091385364532471,0.9888595938682556,15939,7.177646636962891,
2.942537307739258,15,4.074502468109131,1.021512508392334,15949,7.057900428771973,
2.936323642730713,15,4.085265159606934,1.1260626316070557,15959,7.066631317138672,
2.976505756378174,15,4.061624050140381,1.1262816190719604,15969,7.083180904388428,
2.8919436931610107,15,4.1129255294799805,1.0939470529556274,15979,7.0486273765563965,
2.9873790740966797,15,4.1310200691223145,1.13338303565979,15989,7.163734436035156,
3.028048515319824,15,4.1011433601379395,1.0300151109695435,15999,7.1703925132751465,
3.0557193756103516,15,4.057159423828125,1.0410748720169067,16009,7.154521942138672,
2.9454684257507324,15,4.10647439956665,1.151386022567749,16019,7.097998142242432,
2.922222852706909,15,4.129223823547363,1.2408676147460938,16029,7.101081848144531,
3.001112461090088,15,4.103837013244629,1.0717012882232666,16039,7.147817611694336,
3.003098487854004,15,4.0637054443359375,1.146293044090271,16049,7.1126556396484375,
2.9002256393432617,15,4.09261417388916,1.1012287139892578,16059,7.03688907623291,
2.973674774169922,15,4.149438858032227,1.1994237899780273,16069,7.171090602874756,
3.051128387451172,15,4.117578506469727,1.0939583778381348,16079,7.212465286254883,
3.003493309020996,15,4.122312545776367,1.1354175806045532,16089,7.171222686767578,
2.907658576965332,15,4.120497226715088,1.1965371370315552,16099,7.076017379760742,
3.055859327316284,15,4.111933708190918,1.231927752494812,16109,7.217070579528809,
2.968189001083374,15,4.134042739868164,1.0860075950622559,16119,7.14567232131958,
2.958122968673706,15,4.093969345092773,1.144874095916748,16129,7.0978875160217285,
3.0472681522369385,15,4.116862773895264,1.083579659461975,16139,7.207474231719971,
2.90871000289917,15,4.1046953201293945,1.0712031126022339,16149,7.056253433227539,
3.191556692123413,15,4.149962425231934,1.1066850423812866,16159,7.385786533355713,
2.9363365173339844,15,4.090451717376709,1.1390960216522217,16169,7.072351932525635,
2.9689993858337402,15,4.14018440246582,1.1738371849060059,16179,7.156137466430664,
3.012763500213623,15,4.100447654724121,1.1977009773254395,16189,7.161118984222412,
3.069863796234131,15,4.075011253356934,1.1411033868789673,16199,7.190519332885742,
2.885979413986206,15,4.079822063446045,1.228175163269043,16209,7.014928340911865,
3.0619142055511475,15,4.077432155609131,1.0456314086914062,16219,7.181171417236328,
3.0136804580688477,15,4.206275463104248,1.1648731231689453,16229,7.2665510177612305,
2.9605183601379395,15,4.085050582885742,1.1005549430847168,16239,7.089591026306152,
2.888671398162842,15,4.197032928466797,1.154071569442749,16249,7.131867408752441,
2.936030626296997,15,4.120608329772949,1.1062654256820679,16259,7.100889205932617,
2.9248929023742676,15,4.148812294006348,1.1869319677352905,16269,7.121182441711426,
2.9289169311523438,15,4.075247764587402,1.075461506843567,16279,7.047183036804199,
2.9697859287261963,15,4.116132736206055,1.106910228729248,16289,7.130194664001465,
3.003868579864502,15,4.1042304039001465,1.2288883924484253,16299,7.157254695892334,
2.929887294769287,15,4.115180969238281,1.1305865049362183,16309,7.090291500091553,
2.921008348464966,15,4.080533027648926,1.0095595121383667,16319,7.041923522949219,
2.804192066192627,15,4.129868030548096,1.1364719867706299,16329,6.979518890380859,
2.9275894165039062,15,4.043271541595459,0.9958974123001099,16339,7.010696887969971,
2.8718323707580566,15,4.097822189331055,1.1498876810073853,16349,7.015650272369385,
2.864272117614746,15,4.101329803466797,1.1884039640426636,16359,7.013138294219971,
3.0298678874969482,15,4.062872409820557,0.9995070695877075,16369,7.132720470428467,
2.901898145675659,15,4.079282283782959,1.045198917388916,16379,7.022988319396973,
3.003488540649414,15,4.118408679962158,1.0490057468414307,16389,7.163857460021973,
3.0608692169189453,15,4.124155044555664,1.1506551504135132,16399,7.231050491333008,
2.934034824371338,15,4.095111846923828,1.096267819404602,16409,7.072997570037842,
2.9024815559387207,15,4.121210098266602,1.0788681507110596,16419,7.0668463706970215,
2.921013116836548,15,4.065280437469482,1.1977840662002563,16429,7.034204959869385,
2.8487699031829834,15,4.089029312133789,1.208261251449585,16439,6.9861297607421875,
3.055985927581787,15,4.062211990356445,1.023473858833313,16449,7.159136772155762,
2.947622299194336,15,4.103809356689453,1.1225413084030151,16459,7.0963335037231445,
2.8097381591796875,15,4.120199203491211,1.159306526184082,16469,6.976309776306152,
2.9621829986572266,15,4.080862045288086,1.1853790283203125,16479,7.090460300445557,
2.976269006729126,15,4.080536842346191,1.101895809173584,16489,7.100881576538086,
2.9223546981811523,15,4.105074882507324,1.0841630697250366,16499,7.070796012878418,
2.850536346435547,15,4.0781660079956055,1.1212077140808105,16509,6.973550796508789,
2.8791792392730713,15,4.113775253295898,1.1715092658996582,16519,7.039814472198486,
2.9727656841278076,15,4.1198954582214355,1.0888561010360718,16529,7.1362152099609375,
2.9519031047821045,15,4.121381759643555,1.156602144241333,16539,7.11954927444458,
2.861274003982544,15,4.15671443939209,1.1651796102523804,16549,7.0645952224731445,
2.90665864944458,15,4.093472480773926,1.0610663890838623,16559,7.042573928833008,
2.9463815689086914,15,4.038268566131592,1.054059386253357,16569,7.026812553405762,
2.884720802307129,15,4.066971778869629,1.2320021390914917,16579,7.000972747802734,
2.9296467304229736,15,4.146255970001221,1.1798979043960571,16589,7.123098850250244,
,15,,,16591,,7.114398002624512
2.838007926940918,16,4.093492031097412,1.093701958656311,16599,6.975247859954834,
2.9102463722229004,16,4.058579444885254,1.083742380142212,16609,7.012175559997559,
2.972181797027588,16,4.1322197914123535,1.2512544393539429,16619,7.154451847076416,
3.001972198486328,16,4.080051422119141,1.0830541849136353,16629,7.125345706939697,
2.8672986030578613,16,4.069524765014648,1.1879249811172485,16639,6.984340190887451,
2.877110242843628,16,4.171011447906494,1.1878868341445923,16649,7.09563684463501,
2.9740660190582275,16,4.119718551635742,1.0480875968933105,16659,7.135707855224609,
3.074049949645996,16,4.134786605834961,1.0744658708572388,16669,7.251815319061279,
2.9053897857666016,16,4.15336799621582,1.042336344718933,16679,7.100451469421387,
2.815307140350342,16,4.0610432624816895,1.0461313724517822,16689,6.918195724487305,
2.9357657432556152,16,4.153608798980713,1.2202116250991821,16699,7.138183116912842,
2.931619167327881,16,4.099658012390137,1.1940065622329712,16709,7.079037666320801,
2.892564296722412,16,4.119030475616455,1.136927604675293,16719,7.057071685791016,
3.0005223751068115,16,4.093008995056152,1.100819706916809,16729,7.137564182281494,
2.8499646186828613,16,4.146663188934326,1.183193564414978,16739,7.043955326080322,
2.8445074558258057,16,4.09872579574585,1.0390710830688477,16749,6.984796524047852,
2.8672523498535156,16,4.106435775756836,1.1150684356689453,16759,7.018290996551514,
2.899472713470459,16,4.101322174072266,1.0939913988113403,16769,7.044554710388184,
3.1717514991760254,16,4.146230220794678,1.191269874572754,16779,7.3656325340271,
2.8475325107574463,16,4.189008712768555,1.1347417831420898,16789,7.081930637359619,
2.908740520477295,16,4.064086437225342,0.9978606700897217,16799,7.012741565704346,
2.8273468017578125,16,4.0806884765625,1.2359262704849243,16809,6.957472324371338,
2.943774700164795,16,4.079660415649414,1.013776421546936,16819,7.063986301422119,
3.1218626499176025,16,4.096797943115234,1.0145641565322876,16829,7.259243011474609,
2.8296003341674805,16,4.140557289123535,1.1559736728668213,16839,7.016396522521973,
2.863224983215332,16,4.1002373695373535,1.067893147468567,16849,7.00617790222168,
2.8328495025634766,16,4.163496017456055,1.2884100675582886,16859,7.047882080078125,
2.8082990646362305,16,4.1355156898498535,1.0621497631072998,16869,6.986300945281982,
2.8537051677703857,16,4.104633808135986,0.9743120670318604,16879,6.997311115264893,
2.79223370552063,16,4.122686386108398,1.0946636199951172,16889,6.958706378936768,
2.8501081466674805,16,4.05638313293457,1.1311981678009033,16899,6.951739311218262,
2.7932467460632324,16,4.059551239013672,1.1138758659362793,16909,6.897353172302246,
2.831817150115967,16,4.127295017242432,1.0528892278671265,16919,7.001227855682373,
2.7798924446105957,16,4.0685625076293945,1.1460554599761963,16929,6.894297122955322,
2.854719877243042,16,4.019092082977295,1.0389612913131714,16939,6.915369987487793,
2.9061200618743896,16,4.157317638397217,1.082010269165039,16949,7.106718063354492,
2.8423027992248535,16,4.0816650390625,1.0257327556610107,16959,6.964997291564941,
2.887772560119629,16,4.115198135375977,1.0420246124267578,16969,7.044651508331299,
2.8452486991882324,16,4.074779510498047,1.1019397974014282,16979,6.964105606079102,
2.8503661155700684,16,4.0868377685546875,1.2032532691955566,16989,6.9853339195251465,
2.8757243156433105,16,4.080489635467529,1.0673941373825073,16999,6.998909950256348,
2.8178815841674805,16,4.039170742034912,1.085764765739441,17009,6.900483131408691,
2.801438808441162,16,4.060744762420654,1.0863220691680908,17019,6.905636310577393,
2.832871198654175,16,4.0754523277282715,1.1281661987304688,17029,6.953449726104736,
2.8321166038513184,16,4.045154571533203,1.1555635929107666,17039,6.9234938621521,
2.780296802520752,16,4.100092887878418,1.0951474905014038,17049,6.924195766448975,
2.835081100463867,16,4.10713529586792,1.1364390850067139,17059,6.987673759460449,
2.7767786979675293,16,4.088528156280518,1.068303108215332,17069,6.908039093017578,
2.8328614234924316,16,4.068906307220459,1.0419023036956787,17079,6.943443775177002,
2.8725273609161377,16,4.1628851890563965,0.9816277623176575,17089,7.07467794418335,
2.8006386756896973,16,4.102560997009277,1.072822093963623,17099,6.946112632751465,
2.8174524307250977,16,4.117318153381348,1.1187834739685059,17109,6.979521751403809,
2.7721333503723145,16,4.102609634399414,1.1122636795043945,17119,6.919233322143555,
2.9495279788970947,16,4.137993335723877,1.1075478792190552,17129,7.131823539733887,
2.891469955444336,16,4.086212158203125,1.0245380401611328,17139,7.01866340637207,
2.9053308963775635,16,4.113516807556152,1.121140956878662,17149,7.063693046569824,
2.7640953063964844,16,4.1180830001831055,1.1551377773284912,17159,6.928383827209473,
2.8604369163513184,16,4.0929646492004395,1.0701183080673218,17169,6.996206283569336,
2.7491307258605957,16,4.075473308563232,1.1204262971878052,17179,6.869421005249023,
2.7489185333251953,16,4.114695072174072,1.0369093418121338,17189,6.905089855194092,
2.9577910900115967,16,4.0926899909973145,1.0590167045593262,17199,7.092841625213623,
2.8052639961242676,16,4.085762977600098,1.2295767068862915,17209,6.940209865570068,
2.7835049629211426,16,4.0257368087768555,1.118390440940857,17219,6.853977203369141,
2.798396587371826,16,4.07740592956543,1.097931981086731,17229,6.919719696044922,
2.903374671936035,16,4.112402439117432,0.93001788854599,17239,7.052978038787842,
2.7259678840637207,16,4.1524505615234375,1.2433640956878662,17249,6.928153038024902,
2.8166990280151367,16,4.163501262664795,1.1511082649230957,17259,7.026244640350342,
2.7383131980895996,16,4.069338798522949,1.0992016792297363,17269,6.851620197296143,
2.7995378971099854,16,4.138235569000244,1.1083303689956665,17279,6.982106685638428,
3.1051840782165527,16,4.122963905334473,1.1400960683822632,17289,7.273751735687256,
2.8356380462646484,16,4.0660481452941895,1.1250253915786743,17299,6.9466872215271,
2.7699618339538574,16,4.103811264038086,1.2231568098068237,17309,6.922699451446533,
2.794323444366455,16,4.110148906707764,1.0051392316818237,17319,6.944677829742432,
2.798302173614502,16,4.097005367279053,1.0525829792022705,17329,6.937410831451416,
2.7316393852233887,16,4.077984809875488,1.1369160413742065,17339,6.855100631713867,
2.8006374835968018,16,4.076096057891846,1.1251616477966309,17349,6.9217400550842285,
2.7916347980499268,16,4.085973739624023,1.0872645378112793,17359,6.921098709106445,
2.9320688247680664,16,4.103578090667725,1.105654001235962,17369,7.079873085021973,
2.726698398590088,16,4.067490577697754,1.1808195114135742,17379,6.841421604156494,
2.7446184158325195,16,4.114548683166504,1.0388500690460205,17389,6.900721073150635,
2.827805995941162,16,4.111321449279785,1.1060034036636353,17399,6.983367443084717,
2.8326714038848877,16,4.093745708465576,1.1102513074874878,17409,6.970827579498291,
3.0730860233306885,16,4.205038070678711,1.2051745653152466,17419,7.326330661773682,
2.877185344696045,16,4.030035495758057,1.0710434913635254,17429,6.9500627517700195,
2.785015344619751,16,4.0298871994018555,1.0569363832473755,17439,6.857179641723633,
2.796480894088745,16,4.07819938659668,1.0286922454833984,17449,6.915828227996826,
2.7728943824768066,16,4.126025676727295,1.0749363899230957,17459,6.941917419433594,
2.8970465660095215,16,4.117424488067627,1.1389826536178589,17469,7.060030460357666,
2.809297561645508,16,4.139211654663086,1.0634130239486694,17479,6.991045951843262,
2.892716884613037,16,4.085634708404541,0.9806228876113892,17489,7.017576694488525,
2.7381863594055176,16,4.086609840393066,1.0062510967254639,17499,6.86504602432251,
2.8860607147216797,16,4.068717002868652,0.9490519762039185,17509,6.992739677429199,
2.8146252632141113,16,4.1387505531311035,1.2335437536239624,17519,7.0027174949646,
2.8321495056152344,16,4.124382495880127,1.087697982788086,17529,7.000040054321289,
2.849536895751953,16,4.058404922485352,1.0757416486740112,17539,6.950971603393555,
2.7489986419677734,16,4.097829818725586,1.0723475217819214,17549,6.8897223472595215,
2.736995220184326,16,4.074195861816406,1.1171520948410034,17559,6.85587739944458,
2.7634592056274414,16,4.113171100616455,1.0008196830749512,17569,6.91666316986084,
2.9891724586486816,16,4.050507545471191,0.9059650897979736,17579,7.075918674468994,
2.8192877769470215,16,4.039191246032715,1.064775824546814,17589,6.9010701179504395,
2.92722487449646,16,4.08505916595459,1.0174375772476196,17599,7.052981853485107,
2.7602005004882812,16,4.115251064300537,1.016169786453247,17609,6.916098594665527,
2.809678077697754,16,4.061365604400635,1.0554372072219849,17619,6.9132609367370605,
,16,,,17628,,6.992913722991943
2.7188563346862793,17,4.074512958526611,1.0720585584640503,17629,6.836251735687256,
2.763679027557373,17,4.037802219390869,1.1172029972076416,17639,6.846169471740723,
2.828017473220825,17,4.109617233276367,1.0508359670639038,17649,6.979668140411377,
2.811131477355957,17,4.0696120262146,1.015157699584961,17659,6.921350002288818,
2.7308545112609863,17,4.066477298736572,0.9979251623153687,17669,6.837248802185059,
2.8718180656433105,17,4.145031452178955,1.1863505840301514,17679,7.064303398132324,
2.7850263118743896,17,4.084956645965576,1.2011871337890625,17689,6.918030261993408,
2.773529052734375,17,4.171517848968506,1.2046589851379395,17699,6.9932332038879395,
2.814253091812134,17,4.092836380004883,1.0003793239593506,17709,6.947104454040527,
2.725215435028076,17,4.06980562210083,1.0626798868179321,17719,6.837528228759766,
2.7553181648254395,17,4.118880271911621,1.026153564453125,17729,6.9152445793151855,
2.7367475032806396,17,4.055203437805176,0.9673111438751221,17739,6.830643653869629,
2.995016098022461,17,4.070052146911621,0.934494137763977,17749,7.102447986602783,
2.681734561920166,17,4.150793552398682,1.1767520904541016,17759,6.879598140716553,
2.777487277984619,17,4.089618682861328,1.0958998203277588,17769,6.910942077636719,
2.7373368740081787,17,4.057797431945801,1.050416350364685,17779,6.837151050567627,
2.83790922164917,17,4.152519702911377,1.173356294631958,17789,7.037363052368164,
2.7419681549072266,17,4.058311939239502,1.0595407485961914,17799,6.8426618576049805,
2.6923727989196777,17,4.057724475860596,1.1720987558364868,17809,6.796981334686279,
2.7144877910614014,17,4.090346813201904,1.0700335502624512,17819,6.847635746002197,
2.7540283203125,17,4.080489158630371,1.1232006549835205,17829,6.879445552825928,
2.932567596435547,17,4.042036056518555,1.0359532833099365,17839,7.0160417556762695,
2.7763123512268066,17,4.0321784019470215,1.039624571800232,17849,6.850075721740723,
2.704054594039917,17,4.094972133636475,1.105294942855835,17859,6.843238353729248,
2.686316728591919,17,4.04428243637085,1.159996747970581,17869,6.776999473571777,
2.951240301132202,17,4.067183971405029,1.1092225313186646,17879,7.062792778015137,
2.6919569969177246,17,4.087273597717285,1.1041946411132812,17889,6.823398590087891,
2.6810083389282227,17,4.090959072113037,1.0769435167312622,17899,6.815045356750488,
2.7322497367858887,17,4.080355644226074,1.1260082721710205,17909,6.857645511627197,
2.6971921920776367,17,4.094743728637695,1.0867924690246582,17919,6.835407733917236,
2.7115368843078613,17,4.060161113739014,1.062729001045227,17929,6.814207077026367,
2.9721570014953613,17,4.105852127075195,0.9923645257949829,17939,7.117703914642334,
2.7051422595977783,17,4.10825252532959,1.000137209892273,17949,6.853400230407715,
2.751981258392334,17,4.144620418548584,1.2476285696029663,17959,6.946506977081299,
2.6855549812316895,17,4.053378582000732,1.0348812341690063,17969,6.780328750610352,
2.8127477169036865,17,4.065896034240723,1.032365322113037,17979,6.919938564300537,
2.7429616451263428,17,4.093635082244873,1.0762279033660889,17989,6.879645824432373,
2.7817187309265137,17,4.049098014831543,1.0279027223587036,17999,6.8719329833984375,
2.7351818084716797,17,4.05226469039917,1.0529303550720215,18009,6.829563617706299,
2.712012529373169,17,4.178144931793213,1.1764519214630127,18019,6.937215805053711,
2.740773916244507,17,4.021883010864258,1.1554306745529175,18029,6.808874607086182,
2.700199604034424,17,4.065185070037842,1.0698457956314087,18039,6.808178424835205,
2.768077850341797,17,4.048769474029541,1.1882624626159668,18049,6.864377975463867,
2.819411039352417,17,4.076923370361328,1.0102219581604004,18059,6.93674373626709,
2.7330970764160156,17,4.130215644836426,1.0774883031845093,18069,6.906412124633789,
2.720580577850342,17,4.092850208282471,1.2291845083236694,18079,6.862597942352295,
2.8233766555786133,17,4.068103790283203,1.0826003551483154,18089,6.934784412384033,
2.8123927116394043,17,4.1338348388671875,1.281268835067749,18099,6.997478485107422,
2.707763671875,17,4.0477142333984375,1.0841649770736694,18109,6.798844337463379,
2.7073020935058594,17,4.123833656311035,1.0599009990692139,18119,6.873531818389893,
2.8380026817321777,17,4.111018180847168,1.2234904766082764,18129,6.997960567474365,
2.859605073928833,17,4.0677995681762695,1.136642336845398,18139,6.972869873046875,
2.762195110321045,17,4.0638203620910645,1.115084171295166,18149,6.87061882019043,
2.650496482849121,17,4.117023944854736,1.1600462198257446,18159,6.81392240524292,
2.7519516944885254,17,4.122572422027588,1.0996638536453247,18169,6.918510437011719,
2.7506103515625,17,4.1137847900390625,0.9574588537216187,18179,6.902693271636963,
2.6706888675689697,17,4.077838897705078,1.1434805393218994,18189,6.794266700744629,
2.681628704071045,17,4.09199857711792,1.0692864656448364,18199,6.816398620605469,
2.716289758682251,17,4.092592239379883,1.01665198802948,18209,6.849547863006592,
2.644442558288574,17,4.131667613983154,1.0717029571533203,18219,6.818978309631348,
2.7480392456054688,17,4.0886335372924805,1.0462497472763062,18229,6.878522872924805,
2.688575506210327,17,4.003416061401367,1.0281139612197876,18239,6.733116149902344,
2.760622024536133,17,4.074186325073242,1.3376976251602173,18249,6.8883161544799805,
2.6623997688293457,17,4.0972161293029785,1.244353175163269,18259,6.809390068054199,
2.638885021209717,17,4.123854637145996,1.1282658576965332,18269,6.807870388031006,
2.766500949859619,17,4.123053073883057,1.1122584342956543,18279,6.934044361114502,
2.6951663494110107,17,4.047605991363525,1.1499849557876587,18289,6.788771629333496,
2.6706602573394775,17,4.043892860412598,1.0928453207015991,18299,6.758266925811768,
2.645261764526367,17,4.052783966064453,1.1225838661193848,18309,6.74294900894165,
2.7031755447387695,17,4.067365646362305,1.1315749883651733,18319,6.8158040046691895,
2.6304917335510254,17,4.109379291534424,1.2509604692459106,18329,6.789909362792969,
2.630751609802246,17,4.0622639656066895,1.0511932373046875,18339,6.735063076019287,
2.6832029819488525,17,4.035031318664551,1.0926848649978638,18349,6.761941432952881,
2.705233573913574,17,4.107848167419434,1.1343568563461304,18359,6.858456134796143,
2.6873579025268555,17,4.1442975997924805,1.177872657775879,18369,6.878770351409912,
2.7060718536376953,17,4.128274440765381,1.2760090827941895,18379,6.8853864669799805,
2.678175926208496,17,4.052710056304932,1.1090185642242432,18389,6.775246620178223,
2.6554229259490967,17,4.115135192871094,1.1760488748550415,18399,6.817600250244141,
2.6582226753234863,17,4.075695514678955,1.0399888753890991,18409,6.77551794052124,
2.59665584564209,17,4.1056013107299805,1.2858608961105347,18419,6.753691673278809,
2.6399316787719727,17,4.086607456207275,1.156245231628418,18429,6.772789001464844,
2.6597061157226562,17,4.1099348068237305,1.072690725326538,18439,6.812548637390137,
2.59928035736084,17,4.037626266479492,1.176811933517456,18449,6.683979034423828,
2.664560317993164,17,4.105344772338867,1.1122629642486572,18459,6.814395427703857,
2.6460511684417725,17,4.15769100189209,1.1447618007659912,18469,6.8495330810546875,
2.703026294708252,17,4.117955684661865,1.1378388404846191,18479,6.866495609283447,
2.691321849822998,17,4.044244289398193,1.151505708694458,18489,6.781626224517822,
2.730715036392212,17,4.041383743286133,1.0513195991516113,18499,6.814151287078857,
2.6517906188964844,17,4.168989181518555,1.170955777168274,18509,6.867618083953857,
2.6755621433258057,17,4.1067328453063965,1.168473720550537,18519,6.829034328460693,
2.6266486644744873,17,4.0486249923706055,1.1756256818771362,18529,6.722299098968506,
2.628063201904297,17,4.074843406677246,1.124969482421875,18539,6.747905254364014,
2.736565589904785,17,4.111249923706055,1.169693946838379,18549,6.894603252410889,
2.7311410903930664,17,4.100214004516602,1.161507487297058,18559,6.877815246582031,
2.6674861907958984,17,4.140234470367432,1.2084602117538452,18569,6.8560590744018555,
2.6189165115356445,17,4.114550590515137,1.2110161781311035,18579,6.781907558441162,
2.712292194366455,17,4.128576755523682,1.2123547792434692,18589,6.8893632888793945,
2.7119274139404297,17,4.016114711761475,1.103908896446228,18599,6.772198677062988,
2.6547892093658447,17,4.04608678817749,1.1475932598114014,18609,6.746779918670654,
2.7011237144470215,17,4.075994491577148,1.119507074356079,18619,6.821898460388184,
2.6267218589782715,17,4.083006858825684,1.1346567869186401,18629,6.755115032196045,
2.638693332672119,17,4.042982578277588,1.0973784923553467,18639,6.725571155548096,
2.6616642475128174,17,4.056402206420898,1.2233686447143555,18649,6.767001152038574,
2.6112232208251953,17,4.048514366149902,1.1885313987731934,18659,6.707278728485107,
,17,,,18665,,6.850761413574219
2.731328010559082,18,4.015147686004639,1.1776094436645508,18669,6.793580055236816,
2.6730830669403076,18,4.032042980194092,1.1414389610290527,18679,6.750783443450928,
2.742140769958496,18,4.093658924102783,1.2244131565093994,18689,6.8847761154174805,
2.6558303833007812,18,4.154491424560547,1.1708649396896362,18699,6.857156276702881,
2.636537790298462,18,4.118673801422119,1.1439954042434692,18709,6.800971508026123,
2.6529016494750977,18,4.078984260559082,1.1378378868103027,18719,6.77739953994751,
2.6865596771240234,18,4.024308681488037,1.2257548570632935,18729,6.759898662567139,
2.637347936630249,18,4.072322368621826,1.2023236751556396,18739,6.757762908935547,
2.6082684993743896,18,4.013001918792725,1.1599026918411255,18749,6.667666435241699,
2.6236605644226074,18,4.059028148651123,1.1463303565979004,18759,6.728541851043701,
2.6567437648773193,18,4.091657638549805,1.240752935409546,18769,6.798031806945801,
2.588073253631592,18,4.066108226776123,1.172366976737976,18779,6.701076030731201,
2.632687568664551,18,4.136219024658203,1.199703335762024,18789,6.81689453125,
2.5881917476654053,18,4.070887565612793,1.1453381776809692,18799,6.704893112182617,
2.586066246032715,18,4.059847354888916,1.186631679534912,18809,6.693378925323486,
2.6321568489074707,18,4.034521579742432,1.2217732667922974,18819,6.715549468994141,
2.5826258659362793,18,4.056704998016357,1.154280662536621,18829,6.685502052307129,
2.6428489685058594,18,4.0753607749938965,1.2528401613235474,18839,6.7683234214782715,
2.5936450958251953,18,4.129894256591797,1.1843724250793457,18849,6.770914077758789,
2.715172290802002,18,4.088611602783203,1.2103054523468018,18859,6.852196216583252,
2.68633770942688,18,4.095443248748779,1.3293675184249878,18869,6.83495569229126,
2.5647149085998535,18,4.097289085388184,1.2743535041809082,18879,6.712978363037109,
2.782040596008301,18,4.109560966491699,1.1317099332809448,18889,6.936870098114014,
2.5584211349487305,18,4.074169635772705,1.22389817237854,18899,6.681546688079834,
2.7325310707092285,18,4.125804424285889,1.105915904045105,18909,6.902572154998779,
2.6095051765441895,18,4.06345796585083,1.3466084003448486,18919,6.726827621459961,
2.740200996398926,18,4.131010055541992,1.1695756912231445,18929,6.917994022369385,
2.55720853805542,18,4.046679496765137,1.2011762857437134,18939,6.65193510055542,
2.5824718475341797,18,4.090039253234863,1.135240077972412,18949,6.717920780181885,
2.5817723274230957,18,4.117788314819336,1.2008616924285889,18959,6.747595310211182,
2.644742727279663,18,4.033500671386719,1.232553243637085,18969,6.727545738220215,
2.6894991397857666,18,4.054370880126953,1.1872336864471436,18979,6.791358947753906,
2.61287784576416,18,4.099359512329102,1.2936803102493286,18989,6.763984680175781,
2.680241346359253,18,4.054140090942383,1.0901073217391968,18999,6.7779860496521,
2.5915873050689697,18,4.047943592071533,1.1658440828323364,19009,6.686164855957031,
2.556516647338867,18,4.109004974365234,1.1655042171478271,19019,6.712141990661621,
2.641324043273926,18,4.052061557769775,1.1437914371490479,19029,6.739137172698975,
2.6211042404174805,18,4.045836448669434,1.140631079673767,19039,6.712565898895264,
2.6525232791900635,18,4.051797389984131,1.3348476886749268,19049,6.757714748382568,
2.5830118656158447,18,4.086136817932129,1.2481327056884766,19059,6.71907377243042,
2.621767044067383,18,4.093417167663574,1.124043583869934,19069,6.760146141052246,
2.586158037185669,18,4.048558712005615,1.2189199924468994,19079,6.683473587036133,
2.5603623390197754,18,4.057672500610352,1.1502584218978882,19089,6.664045333862305,
2.5301437377929688,18,4.068601608276367,1.2021243572235107,19099,6.6468305587768555,
2.6205224990844727,18,4.126256942749023,1.1762385368347168,19109,6.793828964233398,
2.6051101684570312,18,4.128692150115967,1.1331943273544312,19119,6.779129981994629,
2.565889835357666,18,4.048464775085449,1.1983392238616943,19129,6.662288188934326,
2.5444419384002686,18,4.113574981689453,1.302797794342041,19139,6.710129261016846,
2.5826783180236816,18,4.089052200317383,1.190151572227478,19149,6.71933650970459,
2.693427801132202,18,4.072707176208496,1.15989351272583,19159,6.812530994415283,
2.558643102645874,18,4.107901573181152,1.1753227710723877,19169,6.713557720184326,
2.6717824935913086,18,4.112031936645508,1.361283779144287,19179,6.838265895843506,
2.5738162994384766,18,4.124186038970947,1.1027536392211914,19189,6.742112636566162,
2.498852014541626,18,4.065403938293457,1.327669620513916,19199,6.6173624992370605,
2.5599565505981445,18,4.04093599319458,1.1527347564697266,19209,6.64700174331665,
2.586026191711426,18,4.047488689422607,1.2547852993011475,19219,6.683706283569336,
2.675414800643921,18,4.091020107269287,1.2614295482635498,19229,6.816891670227051,
2.545924186706543,18,4.059700012207031,1.2304096221923828,19239,6.654840469360352,
2.6894280910491943,18,4.080718517303467,1.2119735479354858,19249,6.818625450134277,
2.5328896045684814,18,4.113110542297363,1.2159243822097778,19259,6.694636821746826,
2.650236129760742,18,4.059656620025635,1.1763856410980225,19269,6.756947994232178,
2.6107053756713867,18,4.072084426879883,1.2104922533035278,19279,6.7312092781066895,
2.558342456817627,18,4.115960121154785,1.1879310607910156,19289,6.721819877624512,
2.6077961921691895,18,4.0301432609558105,1.2262341976165771,19299,6.686988830566406,
2.4964418411254883,18,4.059089660644531,1.2851128578186035,19309,6.606935977935791,
2.528606414794922,18,4.136242866516113,1.1467890739440918,19319,6.710721015930176,
2.575709819793701,18,4.034940242767334,1.166344404220581,19329,6.657303810119629,
2.5768589973449707,18,4.041682243347168,1.2304041385650635,19339,6.667757511138916,
2.551670551300049,18,4.054751396179199,1.2508158683776855,19349,6.656454563140869,
2.5337276458740234,18,4.097749710083008,1.2421680688858032,19359,6.681164264678955,
2.5610413551330566,18,4.16838264465332,1.3097403049468994,19369,6.781813621520996,
2.568490505218506,18,4.064992427825928,1.2217578887939453,19379,6.6823530197143555,
2.6025705337524414,18,4.063241004943848,1.236423373222351,19389,6.715268611907959,
2.4885873794555664,18,4.047465801239014,1.2317713499069214,19399,6.585323810577393,
2.615466356277466,18,4.034100532531738,1.2225309610366821,19409,6.69846773147583,
2.525129556655884,18,4.053376197814941,1.16538405418396,19419,6.625121116638184,
2.540903091430664,18,4.111076831817627,1.2003189325332642,19429,6.699992656707764,
2.540853977203369,18,4.095112323760986,1.2251847982406616,19439,6.68497371673584,
2.6380977630615234,18,4.078184127807617,1.1619713306427002,19449,6.762760639190674,
2.606599807739258,18,4.097231388092041,1.2136017084121704,19459,6.75237512588501,
2.56246280670166,18,4.038052558898926,1.2354930639266968,19469,6.649935245513916,
2.611759662628174,18,4.03635835647583,1.1160615682601929,19479,6.692760467529297,
2.448625087738037,18,4.102021217346191,1.2392998933792114,19489,6.600218296051025,
2.5160632133483887,18,4.08677864074707,1.2114713191986084,19499,6.65130090713501,
2.493468761444092,18,4.033378601074219,1.2752854824066162,19509,6.577858924865723,
2.513479471206665,18,4.038278102874756,1.1704597473144531,19519,6.598576068878174,
2.542278289794922,18,4.005053520202637,1.2198764085769653,19529,6.596127033233643,
2.5547714233398438,18,4.043821811676025,1.193998098373413,19539,6.646353244781494,
2.6085238456726074,18,4.060159683227539,1.1952764987945557,19549,6.716494560241699,
2.5163917541503906,18,4.064100742340088,1.2422192096710205,19559,6.630181312561035,
2.553203821182251,18,4.059328556060791,1.319549322128296,19569,6.665314674377441,
2.5967161655426025,18,4.112201690673828,1.2310408353805542,19579,6.758159160614014,
2.617358684539795,18,4.04509973526001,1.159656286239624,19589,6.7088446617126465,
2.5409862995147705,18,4.11048698425293,1.2739112377166748,19599,6.702429294586182,
2.4876437187194824,18,4.023061752319336,1.2190579175949097,19609,6.559467792510986,
2.5566349029541016,18,4.064374923706055,1.3422991037368774,19619,6.674701690673828,
2.4733049869537354,18,4.091308116912842,1.3177317380905151,19629,6.6173224449157715,
2.5058820247650146,18,4.091142654418945,1.205162763595581,19639,6.645231246948242,
2.51287579536438,18,4.069144248962402,1.2675504684448242,19649,6.632721900939941,
2.5176639556884766,18,4.123748779296875,1.2564105987548828,19659,6.69166898727417,
2.5536577701568604,18,4.056058406829834,1.2110216617584229,19669,6.6581573486328125,
2.5312013626098633,18,4.0975751876831055,1.2776023149490356,19679,6.679880619049072,
2.49587345123291,18,4.055389404296875,1.3157776594161987,19689,6.603893756866455,
2.472811698913574,18,4.081028461456299,1.2443559169769287,19699,6.603614330291748,
,18,,,19702,,6.724361419677734
2.711355686187744,19,4.121044635772705,1.279211401939392,19709,6.88356876373291,
2.572664499282837,19,4.131186485290527,1.1552106142044067,19719,6.750059127807617,
2.536653995513916,19,4.082351207733154,1.2216718196868896,19729,6.667871952056885,
2.533550262451172,19,4.073716163635254,1.1990245580673218,19739,6.655227184295654,
2.5851192474365234,19,4.01863956451416,1.2155812978744507,19749,6.652381896972656,
2.4605956077575684,19,4.105419635772705,1.3262722492218018,19759,6.61906623840332,
2.544036388397217,19,4.075829029083252,1.269429326057434,19769,6.670642375946045,
2.5839874744415283,19,4.075759410858154,1.184128999710083,19779,6.7071123123168945,
2.6265246868133545,19,4.129037380218506,1.278426170349121,19789,6.806698799133301,
2.524662971496582,19,4.060287952423096,1.281040072441101,19799,6.636192321777344,
2.4649744033813477,19,4.082307815551758,1.1497467756271362,19809,6.5932722091674805,
2.6181724071502686,19,4.0494890213012695,1.2403303384780884,19819,6.7172746658325195,
2.463954448699951,19,4.019640922546387,1.2950860261917114,19829,6.535398960113525,
2.533369779586792,19,4.038869857788086,1.3030316829681396,19839,6.624361038208008,
2.618253231048584,19,4.104291915893555,1.2182332277297974,19849,6.771274566650391,
2.4543817043304443,19,4.049976825714111,1.2103158235549927,19859,6.552771091461182,
2.4846079349517822,19,4.049674034118652,1.1902403831481934,19869,6.5818915367126465,
2.615872859954834,19,4.034779071807861,1.3232421875,19879,6.703581809997559,
2.5235700607299805,19,4.137518882751465,1.3238238096237183,19889,6.714041709899902,
2.549624443054199,19,4.038325786590576,1.3262476921081543,19899,6.641000270843506,
2.488102436065674,19,4.080138206481934,1.2837562561035156,19909,6.619590759277344,
2.5194907188415527,19,4.033193588256836,1.2314097881317139,19919,6.601940631866455,
2.613363742828369,19,4.086892127990723,1.2762359380722046,19929,6.751305103302002,
2.4996018409729004,19,4.084288120269775,1.2486237287521362,19939,6.6338348388671875,
2.580695629119873,19,4.116043567657471,1.1722633838653564,19949,6.7436299324035645,
2.5403695106506348,19,4.066526412963867,1.1720296144485474,19959,6.653777122497559,
2.5582387447357178,19,4.098206043243408,1.2594687938690186,19969,6.706823348999023,
2.5450005531311035,19,4.040462493896484,1.381897211074829,19979,6.6407389640808105,
2.5050930976867676,19,4.072155475616455,1.2572578191757202,19989,6.627538681030273,
2.579658269882202,19,4.041523456573486,1.302614688873291,19999,6.673285961151123,
2.578658103942871,19,4.128697872161865,1.3099478483200073,20009,6.759753704071045,
2.4311861991882324,19,4.012465000152588,1.2560182809829712,20019,6.493891716003418,
2.5157828330993652,19,4.059983253479004,1.253379225730896,20029,6.625901222229004,
2.47182559967041,19,4.048000812530518,1.2193834781646729,20039,6.568601608276367,
2.5440797805786133,19,4.044155597686768,1.352335810661316,20049,6.64232873916626,
2.4992899894714355,19,4.0475335121154785,1.3278712034225464,20059,6.59993839263916,
2.4921066761016846,19,4.084532737731934,1.2570372819900513,20069,6.626920700073242,
2.4606447219848633,19,4.0442914962768555,1.2971522808074951,20079,6.556822299957275,
2.497065305709839,19,4.05546236038208,1.3030515909194946,20089,6.604649543762207,
2.5355637073516846,19,4.027320384979248,1.2426154613494873,20099,6.612588882446289,
2.56473708152771,19,4.025956630706787,1.171060562133789,20109,6.63753604888916,
2.4230570793151855,19,4.036584377288818,1.4194315671920776,20119,6.516418933868408,
2.510598659515381,19,4.056985855102539,1.259132981300354,20129,6.617949962615967,
2.519179344177246,19,4.077773571014404,1.1686701774597168,20139,6.643699645996094,
2.6222128868103027,19,4.0532145500183105,1.2849689722061157,20149,6.726826190948486,
2.471029281616211,19,4.0668206214904785,1.2444127798080444,20159,6.5876264572143555,
2.517362594604492,19,4.101330280303955,1.3767396211624146,20169,6.673762321472168,
2.5683059692382812,19,4.100131511688232,1.2474647760391235,20179,6.71833610534668,
2.574277639389038,19,4.090543746948242,1.328460693359375,20189,6.717959880828857,
2.5223395824432373,19,4.082551002502441,1.2175644636154175,20199,6.65359354019165,
2.503589630126953,19,4.056285381317139,1.2375034093856812,20209,6.609375,
2.542858123779297,19,4.085142612457275,1.3994194269180298,20219,6.6839776039123535,
2.636495590209961,19,4.03285026550293,1.3199769258499146,20229,6.722145080566406,
2.4580821990966797,19,4.0572428703308105,1.3576785326004028,20239,6.569632053375244,
2.4331510066986084,19,4.067190647125244,1.2552111148834229,20249,6.5505499839782715,
2.476160764694214,19,4.036596775054932,1.3179090023040771,20259,6.565473556518555,
2.464158058166504,19,4.100308895111084,1.1701332330703735,20269,6.61127233505249,
2.6285505294799805,19,4.093268871307373,1.2344930171966553,20279,6.7711992263793945,
2.540599822998047,19,4.069455623626709,1.3665390014648438,20289,6.664717197418213,
2.4086296558380127,19,4.02432918548584,1.319024682044983,20299,6.485719680786133,
2.4018900394439697,19,4.027624607086182,1.3698313236236572,20309,6.484308242797852,
2.4490692615509033,19,4.0242533683776855,1.2487258911132812,20319,6.5232720375061035,
2.71238374710083,19,4.092898845672607,1.268350601196289,20329,6.856016635894775,
2.4944515228271484,19,4.059635162353516,1.4257144927978516,20339,6.611115455627441,
2.5996103286743164,19,4.019896984100342,1.2608647346496582,20349,6.6699419021606445,
2.4303131103515625,19,4.04272985458374,1.4008657932281494,20359,6.529077529907227,
2.431760549545288,19,4.0667338371276855,1.2749943733215332,20369,6.549493789672852,
2.426218271255493,19,4.077486515045166,1.2636470794677734,20379,6.554250717163086,
2.4774277210235596,19,4.059206008911133,1.1872074604034424,20389,6.5841217041015625,
2.501429319381714,19,4.052664756774902,1.2476444244384766,20399,6.604000091552734,
2.4124770164489746,19,4.074296474456787,1.2851816415786743,20409,6.538180828094482,
2.4304118156433105,19,4.001200199127197,1.2822376489639282,20419,6.482901573181152,
2.5395188331604004,19,4.02026891708374,1.3260153532028198,20429,6.612828254699707,
2.448824882507324,19,4.0984206199646,1.346466302871704,20439,6.601104259490967,
2.4921863079071045,19,4.089419364929199,1.3541797399520874,20449,6.635773181915283,
2.45929217338562,19,4.084135055541992,1.3720678091049194,20459,6.5983099937438965,
2.386399745941162,19,4.148772716522217,1.3359792232513428,20469,6.588611602783203,
2.412090301513672,19,4.001890182495117,1.3202556371688843,20479,6.466790676116943,
2.632059097290039,19,4.079959869384766,1.309597134590149,20489,6.764402866363525,
2.581944465637207,19,4.021997451782227,1.29498291015625,20499,6.655741214752197,
2.4393954277038574,19,4.062971591949463,1.2371724843978882,20509,6.551854133605957,
2.4280943870544434,19,4.110299110412598,1.3267370462417603,20519,6.591463088989258,
2.434156894683838,19,4.007697105407715,1.3434871435165405,20529,6.495593547821045,
2.5415077209472656,19,4.009058952331543,1.3027892112731934,20539,6.602678298950195,
2.4360857009887695,19,4.067997455596924,1.2539657354354858,20549,6.55424165725708,
2.4921388626098633,19,4.102984428405762,1.3347270488739014,20559,6.648512363433838,
2.38531494140625,19,4.034970283508301,1.2803486585617065,20569,6.471498966217041,
2.510127544403076,19,4.087230205535889,1.2044193744659424,20579,6.645534515380859,
2.3456459045410156,19,4.054049015045166,1.3394324779510498,20589,6.453272342681885,
2.474158763885498,19,4.033612251281738,1.3137993812561035,20599,6.5603227615356445,
2.456167221069336,19,4.0608320236206055,1.300913691520691,20609,6.56903600692749,
2.458379030227661,19,4.028164863586426,1.275468349456787,20619,6.537562370300293,
2.5603113174438477,19,4.103175640106201,1.3299601078033447,20629,6.7166852951049805,
2.358966112136841,19,4.062921524047852,1.3528668880462646,20639,6.476002216339111,
2.426314115524292,19,4.0239338874816895,1.246160864830017,20649,6.500094413757324,
2.413144588470459,19,4.083571434020996,1.3084708452224731,20659,6.5490546226501465,
2.480585813522339,19,4.062357425689697,1.3559081554412842,20669,6.597179412841797,
2.4324967861175537,19,4.029951095581055,1.3703116178512573,20679,6.517260551452637,
2.375180959701538,19,4.084901332855225,1.2687610387802124,20689,6.5108323097229,
2.6403210163116455,19,4.040825843811035,1.32126784324646,20699,6.733997344970703,
2.594442129135132,19,4.105912208557129,1.4066658020019531,20709,6.756621360778809,
2.4623794555664062,19,4.031354904174805,1.25063157081604,20719,6.543759822845459,
2.3504605293273926,19,4.058027267456055,1.2866485118865967,20729,6.459953784942627,
2.3629508018493652,19,4.054667949676514,1.3060740232467651,20739,6.4698615074157715,
,19,,,20739,,6.619658946990967
2.63191556930542,20,4.056267738342285,1.2949832677841187,20749,6.739982604980469,
2.4614810943603516,20,4.095884323120117,1.3534907102584839,20759,6.611505031585693,
2.383526563644409,20,4.040602207183838,1.2017130851745605,20769,6.47219705581665,
2.3641648292541504,20,4.0812153816223145,1.2645710706710815,20779,6.495963096618652,
2.4486217498779297,20,4.123024940490723,1.260934829711914,20789,6.622084140777588,
2.4036741256713867,20,4.087068557739258,1.303161859512329,20799,6.5428690910339355,
2.4371533393859863,20,4.030021667480469,1.2746917009353638,20809,6.518162727355957,
2.3424229621887207,20,4.048738956451416,1.2512623071670532,20819,6.441212177276611,
2.5310332775115967,20,4.034409046173096,1.2879817485809326,20829,6.616961479187012,
2.4319510459899902,20,4.03601598739624,1.2252415418624878,20839,6.516976833343506,
2.4419941902160645,20,4.028383731842041,1.2519481182098389,20849,6.520455837249756,
2.381956100463867,20,4.0390825271606445,1.2925676107406616,20859,6.47274112701416,
2.566908836364746,20,4.100616931915283,1.2987655401229858,20869,6.719476222991943,
2.4257030487060547,20,4.111326694488525,1.3926913738250732,20879,6.592737197875977,
2.3493776321411133,20,3.9862771034240723,1.4299851655960083,20889,6.3928542137146,
2.507699966430664,20,4.0514631271362305,1.24770188331604,20899,6.609071254730225,
2.3657329082489014,20,4.042760848999023,1.337068796157837,20909,6.461976528167725,
2.5609776973724365,20,4.060708045959473,1.293942928314209,20919,6.673443794250488,
2.381241798400879,20,4.002048015594482,1.3604764938354492,20929,6.437708854675293,
2.417851209640503,20,4.023359775543213,1.2766886949539185,20939,6.492278099060059,
2.4637672901153564,20,4.079892635345459,1.3364834785461426,20949,6.597119331359863,
2.3635597229003906,20,4.029821872711182,1.2381237745285034,20959,6.442906379699707,
2.4865787029266357,20,4.101980209350586,1.221382737159729,20969,6.637414455413818,
2.4854540824890137,20,4.050412654876709,1.2089247703552246,20979,6.584223747253418,
2.4015796184539795,20,4.0757036209106445,1.2683135271072388,20989,6.528016090393066,
2.3571691513061523,20,4.045867919921875,1.347669005393982,20999,6.456943988800049,
2.3645713329315186,20,4.106138229370117,1.2650738954544067,21009,6.521312713623047,
2.3821053504943848,20,4.006425380706787,1.2862200736999512,21019,6.439979553222656,
2.2910609245300293,20,4.0270891189575195,1.4049818515777588,21029,6.374349117279053,
2.436089515686035,20,4.042419910430908,1.2579967975616455,21039,6.528829097747803,
2.3964452743530273,20,4.037842273712158,1.3031505346298218,21049,6.486413478851318,
2.310131549835205,20,4.045733451843262,1.2904610633850098,21059,6.4074835777282715,
2.462672710418701,20,4.028650760650635,1.215088129043579,21069,6.539927005767822,
2.367431163787842,20,4.079293727874756,1.2744070291519165,21079,6.497701168060303,
2.428274154663086,20,4.066961765289307,1.2626416683197021,21089,6.545741558074951,
2.455270290374756,20,4.069252967834473,1.2513604164123535,21099,6.574577808380127,
2.3323960304260254,20,4.012697219848633,1.280037522315979,21109,6.396294593811035,
2.458056926727295,20,4.0682148933410645,1.4915279150009155,21119,6.585932731628418,
2.3878633975982666,20,4.081708908081055,1.2506937980651855,21129,6.519599914550781,
2.295789957046509,20,4.033782005310059,1.3493506908416748,21139,6.383545875549316,
2.3349714279174805,20,4.0586652755737305,1.3241773843765259,21149,6.446603775024414,
2.3662421703338623,20,4.062705039978027,1.2858234643936157,21159,6.480380535125732,
2.2642264366149902,20,4.05499792098999,1.33210027217865,21169,6.372508525848389,
2.464709758758545,20,4.0576863288879395,1.3283289670944214,21179,6.575529098510742,
2.3734216690063477,20,4.072731018066406,1.4109126329421997,21189,6.502589225769043,
2.3939530849456787,20,4.075320243835449,1.416753888130188,21199,6.525943756103516,
2.912559986114502,20,4.15314245223999,1.3458032608032227,21209,7.119534492492676,
2.359508514404297,20,4.042705535888672,1.333191990852356,21219,6.455541610717773,
2.468763589859009,20,4.0597147941589355,1.3581621646881104,21229,6.582805156707764,
2.3487045764923096,20,4.1116485595703125,1.3477996587753296,21239,6.514265060424805,
2.4408740997314453,20,4.067310333251953,1.2585505247116089,21249,6.558526515960693,
2.2892467975616455,20,4.03749418258667,1.3967148065567017,21259,6.382609844207764,
2.4016056060791016,20,4.061642169952393,1.3619298934936523,21269,6.517724990844727,
2.480140209197998,20,4.069194316864014,1.3235737085342407,21279,6.6022772789001465,
2.3372855186462402,20,4.094651222229004,1.4052424430847168,21289,6.4881463050842285,
2.3402585983276367,20,4.06187105178833,1.3541886806488037,21299,6.456297397613525,
2.542477607727051,20,4.089648723602295,1.3125970363616943,21309,6.684630393981934,
2.3022263050079346,20,4.019433975219727,1.316315770149231,21319,6.374312877655029,
2.4051733016967773,20,4.07692289352417,1.3443344831466675,21329,6.535869598388672,
2.3929367065429688,20,3.992711067199707,1.2958924770355225,21339,6.437483310699463,
2.3128204345703125,20,4.01731538772583,1.4111000299453735,21349,6.386579990386963,
2.4605250358581543,20,4.087075233459473,1.3235594034194946,21359,6.6005425453186035,
2.3731882572174072,20,4.073057174682617,1.3760029077529907,21369,6.501285076141357,
2.3233017921447754,20,4.067172050476074,1.443060278892517,21379,6.4481964111328125,
2.4037837982177734,20,4.047632217407227,1.3518075942993164,21389,6.505488395690918,
2.295520782470703,20,4.010371208190918,1.4198451042175293,21399,6.362685680389404,
2.3365988731384277,20,4.061932563781738,1.3235987424850464,21409,6.451475620269775,
2.2929508686065674,20,4.052982807159424,1.2943055629730225,21419,6.397706031799316,
2.364760398864746,20,4.0752081871032715,1.2794687747955322,21429,6.491147518157959,
2.391216278076172,20,3.996569871902466,1.3822927474975586,21439,6.443077564239502,
2.4690003395080566,20,4.096999645233154,1.2907384634017944,21449,6.617629528045654,
2.4326281547546387,20,3.9961090087890625,1.328897476196289,21459,6.481893062591553,
2.448829174041748,20,4.018146514892578,1.4215853214263916,21469,6.523838996887207,
2.3810982704162598,20,4.0925822257995605,1.32297682762146,21479,6.526599407196045,
2.3960578441619873,20,3.979950428009033,1.2172425985336304,21489,6.4246978759765625,
2.359999895095825,20,4.039542198181152,1.1993387937545776,21499,6.447515487670898,
2.648698329925537,20,4.023210048675537,1.4345059394836426,21509,6.729288578033447,
2.279888153076172,20,4.023862838745117,1.3603788614273071,21519,6.358166217803955,
2.290073871612549,20,4.043830394744873,1.356141448020935,21529,6.388149738311768,
2.332489490509033,20,4.061468601226807,1.3176509141921997,21539,6.446664333343506,
2.3539047241210938,20,4.001492977142334,1.2643707990646362,21549,6.405972480773926,
2.3653297424316406,20,4.04093599319458,1.3158074617385864,21559,6.458898067474365,
2.3553223609924316,20,4.081891059875488,1.4170894622802734,21569,6.493896961212158,
2.3801522254943848,20,4.05687952041626,1.3028714656829834,21579,6.489146709442139,
2.3516669273376465,20,4.041683673858643,1.3160514831542969,21589,6.445992469787598,
2.2847399711608887,20,4.030367851257324,1.2937650680541992,21599,6.36685848236084,
2.336967945098877,20,3.9971044063568115,1.394014835357666,21609,6.389832496643066,
2.3257813453674316,20,4.022042274475098,1.3201665878295898,21619,6.400630474090576,
2.307734489440918,20,4.010810852050781,1.4384995698928833,21629,6.37608528137207,
2.248570442199707,20,4.030128479003906,1.4198724031448364,21639,6.335494041442871,
2.4096899032592773,20,4.089332580566406,1.3752204179763794,21649,6.5540313720703125,
2.2679271697998047,20,4.012305736541748,1.3785474300384521,21659,6.33537483215332,
2.2746291160583496,20,4.030775547027588,1.2723273038864136,21669,6.356297969818115,
2.2087597846984863,20,4.0192975997924805,1.380727767944336,21679,6.2832865715026855,
2.2919414043426514,20,4.000387668609619,1.3141207695007324,21689,6.344893455505371,
2.35660457611084,20,4.008842945098877,1.2528746128082275,21699,6.415562629699707,
2.293302059173584,20,4.057936668395996,1.447700023651123,21709,6.409146785736084,
2.2968902587890625,20,3.9629104137420654,1.3203327655792236,21719,6.312614440917969,
2.3367695808410645,20,3.970410108566284,1.3019137382507324,21729,6.359255790710449,
2.253997325897217,20,4.060615539550781,1.32601797580719,21739,6.3676533699035645,
2.350294589996338,20,3.991704225540161,1.2513612508773804,21749,6.392053604125977,
2.2975728511810303,20,4.028381824493408,1.2867825031280518,21759,6.377425670623779,
2.5056545734405518,20,3.969625949859619,1.2092676162719727,21769,6.523651599884033,
,20,,,21776,,6.498299598693848
2.406039237976074,21,3.999506950378418,1.3494840860366821,21779,6.4595255851745605,
2.435814380645752,21,4.026532173156738,1.340019702911377,21789,6.515947341918945,
2.225400924682617,21,3.9922702312469482,1.4020200967788696,21799,6.273752212524414,
2.3369131088256836,21,4.003107070922852,1.3250850439071655,21809,6.393023490905762,
2.3999292850494385,21,4.038702964782715,1.39520263671875,21819,6.494440078735352,
2.3550808429718018,21,3.9684054851531982,1.344970464706421,21829,6.377285003662109,
2.3218276500701904,21,3.9376490116119385,1.275071620941162,21839,6.310479640960693,
2.353649616241455,21,3.8693995475769043,1.374964952468872,21849,6.278047561645508,
2.308049201965332,21,3.9363603591918945,1.4219099283218384,21859,6.301285743713379,
2.3502321243286133,21,3.957329273223877,1.4044288396835327,21869,6.363738536834717,
2.3408641815185547,21,3.8890469074249268,1.4086015224456787,21879,6.2862548828125,
2.318847417831421,21,3.861017942428589,1.2838399410247803,21889,6.2312188148498535,
2.256253480911255,21,3.9014980792999268,1.4053937196731567,21899,6.213967323303223,
2.5813817977905273,21,3.87526273727417,1.3317968845367432,21909,6.509916305541992,
2.278597831726074,21,3.8993959426879883,1.3681256771087646,21919,6.2327189445495605,
2.4396657943725586,21,3.876657247543335,1.3004564046859741,21929,6.368341445922852,
2.3625998497009277,21,3.8697304725646973,1.3477240800857544,21939,6.286239147186279,
2.3900742530822754,21,3.810178756713867,1.2680745124816895,21949,6.250976085662842,
2.2854666709899902,21,3.8361093997955322,1.439845085144043,21959,6.17917013168335,
2.2517142295837402,21,3.818772077560425,1.4620072841644287,21969,6.128966331481934,
2.4423325061798096,21,3.8659770488739014,1.4411028623580933,21979,6.36595344543457,
2.3103532791137695,21,3.8599965572357178,1.3491514921188354,21989,6.224316120147705,
2.3881561756134033,21,3.8322629928588867,1.3678977489471436,21999,6.275135040283203,
2.2089591026306152,21,3.8012421131134033,1.3904643058776855,22009,6.065820217132568,
2.162750720977783,21,3.792506694793701,1.4468770027160645,22019,6.013132572174072,
2.2873806953430176,21,3.7977068424224854,1.4142509698867798,22029,6.141657829284668,
2.3276023864746094,21,3.822655439376831,1.3395296335220337,22039,6.203839302062988,
2.350083827972412,21,3.847648859024048,1.3949958086013794,22049,6.253532886505127,
2.217682361602783,21,3.8116543292999268,1.3264585733413696,22059,6.082395076751709,
2.411287307739258,21,3.797126054763794,1.3448289632797241,22069,6.262206077575684,
2.246751308441162,21,3.808837413787842,1.379536747932434,22079,6.110770225524902,
2.436898708343506,21,3.780405282974243,1.2704625129699707,22089,6.268122673034668,
2.4410226345062256,21,3.7670772075653076,1.3804837465286255,22099,6.26331901550293,
2.3027937412261963,21,3.7413933277130127,1.3214234113693237,22109,6.097043991088867,
2.3277711868286133,21,3.783092737197876,1.3085670471191406,22119,6.163206577301025,
2.295452833175659,21,3.7603907585144043,1.3590933084487915,22129,6.1102070808410645,
2.2405612468719482,21,3.7696845531463623,1.3927220106124878,22139,6.065954685211182,
2.3098037242889404,21,3.8999955654144287,1.4535361528396606,22149,6.267940521240234,
2.2917041778564453,21,3.75449275970459,1.3049325942993164,22159,6.098394393920898,
2.3442955017089844,21,3.784912109375,1.4764292240142822,22169,6.188264846801758,
2.3187758922576904,21,3.710383892059326,1.2479021549224854,22179,6.079075813293457,
2.231127977371216,21,3.716737747192383,1.2876468896865845,22189,5.999371528625488,
2.2958996295928955,21,3.852229356765747,1.3871262073516846,22199,6.203614234924316,
2.37158203125,21,3.7701292037963867,1.3576384782791138,22209,6.196016788482666,
2.2719740867614746,21,3.777695417404175,1.3582713603973389,22219,6.104000091552734,
2.3151280879974365,21,3.7178988456726074,1.2955095767974854,22229,6.0848469734191895,
2.2844743728637695,21,3.6678273677825928,1.3800820112228394,22239,6.007505416870117,
2.2507081031799316,21,3.7191410064697266,1.317077875137329,22249,6.0225324630737305,
2.194986343383789,21,3.7998058795928955,1.3347662687301636,22259,6.048182487487793,
2.340402126312256,21,3.7575862407684326,1.3264634609222412,22269,6.1510467529296875,
2.354273796081543,21,3.7472615242004395,1.3308663368225098,22279,6.1547698974609375,
2.2787961959838867,21,3.739206314086914,1.3770946264266968,22289,6.073086261749268,
2.1518187522888184,21,3.678388833999634,1.5147144794464111,22299,5.890796184539795,
2.25203275680542,21,3.6984972953796387,1.3917375802993774,22309,6.006199359893799,
2.2232534885406494,21,3.6890347003936768,1.3771783113479614,22319,5.9673752784729,
2.316519260406494,21,3.6340999603271484,1.3802379369735718,22329,6.005828857421875,
2.3191215991973877,21,3.676144599914551,1.3657797574996948,22339,6.049897193908691,
2.313737630844116,21,3.727550983428955,1.3086439371109009,22349,6.093634128570557,
2.5342769622802734,21,3.7382876873016357,1.3197808265686035,22359,6.3253560066223145,
2.4648749828338623,21,3.6951494216918945,1.2979249954223633,22369,6.211941719055176,
2.238948345184326,21,3.731276035308838,1.273585319519043,22379,6.021167755126953,
2.311664581298828,21,3.7306430339813232,1.313812494277954,22389,6.094860553741455,
2.2268402576446533,21,3.6419901847839355,1.4233003854751587,22399,5.92576265335083,
2.3362202644348145,21,3.568631649017334,1.3225663900375366,22409,5.957754611968994,
2.1832664012908936,21,3.679204225540161,1.4126266241073608,22419,5.918975830078125,
2.1563632488250732,21,3.589698553085327,1.405828595161438,22429,5.802294731140137,
2.3322319984436035,21,3.5108020305633545,1.4011597633361816,22439,5.899080276489258,
2.380706787109375,21,3.7389144897460938,1.4214563369750977,22449,6.176479339599609,
2.1827635765075684,21,3.60368275642395,1.277092456817627,22459,5.837530136108398,
2.351144313812256,21,3.699045419692993,1.2846566438674927,22469,6.101576328277588,
2.276411771774292,21,3.5505475997924805,1.3005560636520386,22479,5.878982067108154,
2.1995561122894287,21,3.6192398071289062,1.360805869102478,22489,5.873228549957275,
2.3249309062957764,21,3.617464542388916,1.3597456216812134,22499,5.9967851638793945,
2.1990110874176025,21,3.57057785987854,1.424155354499817,22509,5.826555252075195,
2.168010711669922,21,3.5596325397491455,1.4178816080093384,22519,5.784358501434326,
2.221660614013672,21,3.7578296661376953,1.4759396314620972,22529,6.038527965545654,
2.2639808654785156,21,3.738257884979248,1.3901076316833496,22539,6.057843208312988,
2.2112250328063965,21,3.6526269912719727,1.4389997720718384,22549,5.921411991119385,
2.1926915645599365,21,3.6421735286712646,1.4400887489318848,22559,5.892468452453613,
2.3764867782592773,21,3.648135185241699,1.2576017379760742,22569,6.074925899505615,
2.141573429107666,21,3.596667766571045,1.4165183305740356,22579,5.7949018478393555,
2.165895938873291,21,3.6515188217163086,1.4758844375610352,22589,5.876450061798096,
2.1869935989379883,21,3.536944627761841,1.4376856088638306,22599,5.781445503234863,
2.1923954486846924,21,3.516855001449585,1.3753836154937744,22609,5.764266014099121,
2.2390854358673096,21,3.6320388317108154,1.4023782014846802,22619,5.927219390869141,
2.3952627182006836,21,3.5349957942962646,1.2239347696304321,22629,5.9792160987854,
2.153235912322998,21,3.534968137741089,1.3304485082626343,22639,5.741421699523926,
2.1904945373535156,21,3.5484273433685303,1.3685314655303955,22649,5.793663501739502,
2.3315672874450684,21,3.571082830429077,1.3619191646575928,22659,5.957126617431641,
2.1782360076904297,21,3.4848954677581787,1.396567463874817,22669,5.718994617462158,
2.2800140380859375,21,3.429276943206787,1.3313138484954834,22679,5.762543678283691,
2.290196418762207,21,3.5351388454437256,1.3879971504211426,22689,5.880855560302734,
2.236649990081787,21,3.4892373085021973,1.4197604656219482,22699,5.78267765045166,
2.2454183101654053,21,3.52301287651062,1.219780445098877,22709,5.817222595214844,
2.080322504043579,21,3.528500556945801,1.5660122632980347,22719,5.671463489532471,
2.1553354263305664,21,3.7312281131744385,1.6028211116790771,22729,5.950675964355469,
2.168797492980957,21,3.48734712600708,1.3108047246932983,22739,5.708576679229736,
2.2586522102355957,21,3.6490278244018555,1.4093348979949951,22749,5.964053630828857,
2.281956195831299,21,3.6599583625793457,1.5935781002044678,22759,6.00565767288208,
2.2951393127441406,21,3.5638983249664307,1.380933403968811,22769,5.9142746925354,
2.1709461212158203,21,3.389726400375366,1.488136887550354,22779,5.6201982498168945,
2.2160956859588623,21,3.4205081462860107,1.377366065979004,22789,5.6916985511779785,
2.1251413822174072,21,3.368664264678955,1.3834741115570068,22799,5.549144744873047,
2.219010353088379,21,3.464414596557617,1.3138355016708374,22809,5.735978603363037,
,21,,,22813,,6.070887088775635
2.190706253051758,22,3.462175130844116,1.3758984804153442,22819,5.7079176902771,
2.0953822135925293,22,3.3250622749328613,1.5369013547897339,22829,5.4819207191467285,
2.2670512199401855,22,3.571146249771118,1.4070594310760498,22839,5.894480228424072,
2.1876111030578613,22,3.425877332687378,1.3975163698196411,22849,5.669388771057129,
2.206500291824341,22,3.4241483211517334,1.429524540901184,22859,5.687829494476318,
2.2147912979125977,22,3.48502779006958,1.5419474840164185,22869,5.7614970207214355,
2.1700406074523926,22,3.4545953273773193,1.4186718463897705,22879,5.681382656097412,
2.1872878074645996,22,3.3161303997039795,1.435368537902832,22889,5.560832500457764,
2.1918392181396484,22,3.3932430744171143,1.367618203163147,22899,5.639786720275879,
2.271087408065796,22,3.438464403152466,1.4323413372039795,22909,5.766845703125,
2.260603666305542,22,3.3877716064453125,1.445099115371704,22919,5.706179618835449,
2.3391103744506836,22,3.368218183517456,1.3157349824905396,22929,5.759958267211914,
2.2139949798583984,22,3.498779058456421,1.4120585918426514,22939,5.769256591796875,
2.322874069213867,22,3.309344530105591,1.3736209869384766,22949,5.687163352966309,
2.1693713665008545,22,3.388082504272461,1.256737470626831,22959,5.607723712921143,
2.2682650089263916,22,3.299964427947998,1.3460699319839478,22969,5.622072696685791,
2.1531622409820557,22,3.3779072761535645,1.569632887840271,22979,5.593854904174805,
2.461573600769043,22,3.4457695484161377,1.446203351020813,22989,5.965190887451172,
2.256488800048828,22,3.332815408706665,1.414669394493103,22999,5.645890712738037,
2.1736228466033936,22,3.315899610519409,1.4895398616790771,23009,5.5491042137146,
2.3710689544677734,22,3.3130404949188232,1.526146650314331,23019,5.745155334472656,
2.186873435974121,22,3.4307861328125,1.3532872200012207,23029,5.671791076660156,
2.1783559322357178,22,3.4018654823303223,1.410767674446106,23039,5.636651992797852,
2.198542833328247,22,3.3765225410461426,1.338423490524292,23049,5.628602504730225,
2.212083339691162,22,3.2551825046539307,1.3314989805221558,23059,5.520525932312012,
2.182406425476074,22,3.282862424850464,1.4121977090835571,23069,5.521757125854492,
2.3320727348327637,22,3.2964091300964355,1.3221641778945923,23079,5.681368350982666,
2.1095926761627197,22,3.303776741027832,1.5094367265701294,23089,5.4737467765808105,
2.1206655502319336,22,3.3786544799804688,1.4542378187179565,23099,5.557489395141602,
2.2714004516601562,22,3.2057347297668457,1.4246468544006348,23109,5.534121036529541,
2.165574073791504,22,3.211176633834839,1.3982964754104614,23119,5.432682991027832,
2.5046610832214355,22,3.394192934036255,1.340198040008545,23129,5.952462196350098,
2.293835401535034,22,3.1229796409606934,1.2680206298828125,23139,5.467535495758057,
2.1628048419952393,22,3.319124460220337,1.4280955791473389,23149,5.539052963256836,
2.2398290634155273,22,3.156050443649292,1.4112987518310547,23159,5.45233154296875,
2.1732001304626465,22,3.305687427520752,1.53901207447052,23169,5.540448188781738,
2.2730045318603516,22,3.2457547187805176,1.2877519130706787,23179,5.5702691078186035,
2.150189161300659,22,3.206848382949829,1.4273755550384521,23189,5.414132595062256,
2.1687612533569336,22,3.2805447578430176,1.3547391891479492,23199,5.503495693206787,
2.076021194458008,22,3.1863038539886475,1.4745603799819946,23209,5.32130765914917,
2.158872127532959,22,3.1694419384002686,1.332335352897644,23219,5.3816070556640625,
2.236830234527588,22,3.2299818992614746,1.3065613508224487,23229,5.519074440002441,
2.341862201690674,22,3.179466724395752,1.286063313484192,23239,5.5727715492248535,
2.1219654083251953,22,3.2281928062438965,1.3998169898986816,23249,5.406150817871094,
2.1954238414764404,22,3.2886598110198975,1.3916114568710327,23259,5.539748191833496,
2.203847646713257,22,3.2343533039093018,1.3036268949508667,23269,5.4903459548950195,
2.086416721343994,22,3.148954153060913,1.406160593032837,23279,5.291616916656494,
2.2454328536987305,22,3.1649019718170166,1.3494623899459839,23289,5.46431303024292,
2.202576160430908,22,3.2435059547424316,1.4982779026031494,23299,5.5060133934021,
2.2439589500427246,22,3.197286367416382,1.2948167324066162,23309,5.493037700653076,
2.178311586380005,22,3.22097110748291,1.3639508485794067,23319,5.453840255737305,
2.1241681575775146,22,3.1039390563964844,1.3841297626495361,23329,5.283472537994385,
2.188777208328247,22,3.1356661319732666,1.3564188480377197,23339,5.378700256347656,
2.1857187747955322,22,3.126441478729248,1.366658091545105,23349,5.366827011108398,
2.0396759510040283,22,3.149906635284424,1.597438097000122,23359,5.253480434417725,
2.1880478858947754,22,3.0459206104278564,1.3652927875518799,23369,5.288580417633057,
2.1351749897003174,22,3.1518466472625732,1.4337180852890015,23379,5.344370365142822,
2.091632127761841,22,3.143280506134033,1.4312421083450317,23389,5.2921624183654785,
2.0906739234924316,22,3.0970897674560547,1.2928712368011475,23399,5.239478588104248,
2.005568265914917,22,3.043199062347412,1.4496121406555176,23409,5.106751441955566,
2.193181276321411,22,3.139659881591797,1.4198931455612183,23419,5.389636516571045,
2.068887233734131,22,2.946638584136963,1.37369704246521,23429,5.070473670959473,
2.4505484104156494,22,3.248230457305908,1.3854199647903442,23439,5.754195690155029,
2.339505672454834,22,3.2579050064086914,1.2292636632919312,23449,5.646581172943115,
2.1327195167541504,22,3.1820223331451416,1.375512719154358,23459,5.369762420654297,
2.086019515991211,22,2.9967756271362305,1.4097453355789185,23469,5.139184951782227,
2.124495506286621,22,3.1030609607696533,1.4750491380691528,23479,5.286558151245117,
2.1495914459228516,22,2.9711978435516357,1.3921924829483032,23489,5.176477432250977,
2.220551013946533,22,3.062293291091919,1.4096896648406982,23499,5.339231967926025,
2.3052401542663574,22,2.9791259765625,1.2303653955459595,23509,5.33358097076416,
2.038780689239502,22,2.9725799560546875,1.4214224815368652,23519,5.068217754364014,
2.0829684734344482,22,3.0378029346466064,1.4439661502838135,23529,5.178530216217041,
2.1975557804107666,22,2.991550922393799,1.3408801555633545,23539,5.24274206161499,
2.2525835037231445,22,3.1279447078704834,1.3880259990692139,23549,5.436049461364746,
2.249001979827881,22,2.978882312774658,1.4068342447280884,23559,5.284157752990723,
2.155776023864746,22,3.039504289627075,1.4567464590072632,23569,5.253550052642822,
2.099475383758545,22,2.946119546890259,1.5089274644851685,23579,5.105952262878418,
2.1577067375183105,22,2.9225924015045166,1.4051522016525269,23589,5.136505603790283,
2.147089719772339,22,2.9254329204559326,1.3811416625976562,23599,5.127768516540527,
2.1756396293640137,22,2.92649507522583,1.4107816219329834,23609,5.158565998077393,
2.192559242248535,22,2.961122512817383,1.5097254514694214,23619,5.214070796966553,
2.0583393573760986,22,3.035102128982544,1.4715911149978638,23629,5.1523051261901855,
2.153146743774414,22,2.933173656463623,1.3854891061782837,23639,5.141739845275879,
2.1314892768859863,22,3.031862258911133,1.486202359199524,23649,5.222799777984619,
2.130401611328125,22,2.906893014907837,1.3692817687988281,23659,5.092065811157227,
2.0692973136901855,22,2.980161190032959,1.3662151098251343,23669,5.104106903076172,
2.174992561340332,22,3.074920415878296,1.4396709203720093,23679,5.307499885559082,
2.005582809448242,22,2.879755973815918,1.3842880725860596,23689,4.940710067749023,
2.08306622505188,22,3.073213577270508,1.4650042057037354,23699,5.214879512786865,
2.1828370094299316,22,2.975043296813965,1.4043489694595337,23709,5.214054107666016,
2.043344736099243,22,3.0451650619506836,1.5102308988571167,23719,5.148918628692627,
2.1953353881835938,22,2.817793369293213,1.4304009675979614,23729,5.070344924926758,
2.1185882091522217,22,2.8587889671325684,1.3530162572860718,23739,5.031497478485107,
2.1397948265075684,22,2.8114726543426514,1.3799183368682861,23749,5.006464004516602,
2.1385245323181152,22,2.927293539047241,1.4637452363967896,23759,5.124367713928223,
2.050835371017456,22,2.8590376377105713,1.3351598978042603,23769,4.9632792472839355,
2.1827168464660645,22,2.800830364227295,1.2693361043930054,23779,5.034320831298828,
2.0590338706970215,22,2.826385259628296,1.390348196029663,23789,4.941032886505127,
2.18241548538208,22,2.817401170730591,1.472769021987915,23799,5.058727741241455,
2.1233227252960205,22,2.9709980487823486,1.5435857772827148,23809,5.156064033508301,
2.080353021621704,22,2.796851634979248,1.4769960641860962,23819,4.93628454208374,
2.251265048980713,22,2.957319736480713,1.5480198860168457,23829,5.270505428314209,
2.153275966644287,22,2.8289406299591064,1.3341522216796875,23839,5.035583019256592,
2.340580940246582,22,2.8542208671569824,1.2892273664474487,23849,5.246370792388916,
,22,,,23850,,5.387005805969238
2.126559257507324,23,2.689448595046997,1.4099631309509277,23859,4.872406005859375,
2.111743450164795,23,2.758870840072632,1.4231024980545044,23869,4.92753791809082,
2.3413190841674805,23,2.7688651084899902,1.363464117050171,23879,5.164722919464111,
2.2134456634521484,23,2.8656840324401855,1.3992161750793457,23889,5.135098457336426,
2.2748632431030273,23,2.7807440757751465,1.3546861410140991,23899,5.109794616699219,
1.95505952835083,23,2.808478355407715,1.522485613822937,23909,4.824437141418457,
2.246636390686035,23,2.8336827754974365,1.2676135301589966,23919,5.13102388381958,
2.2062225341796875,23,2.7901759147644043,1.3765895366668701,23929,5.051462173461914,
2.388754367828369,23,2.9737863540649414,1.5412896871566772,23939,5.424192428588867,
2.199470043182373,23,2.81416392326355,1.324101209640503,23949,5.066597938537598,
2.020413398742676,23,2.874518632888794,1.4242630004882812,23959,4.951902389526367,
2.1023216247558594,23,2.7413158416748047,1.3565503358840942,23969,4.897899627685547,
1.9946759939193726,23,2.700742483139038,1.578579306602478,23979,4.758561611175537,
2.0115320682525635,23,2.719343662261963,1.4559608697891235,23989,4.789114475250244,
2.104079246520996,23,2.7383921146392822,1.3594070672988892,23999,4.896847248077393,
2.034069061279297,23,2.8454458713531494,1.4559426307678223,24009,4.9377522468566895,
1.9697953462600708,23,2.8126649856567383,1.5636709928512573,24019,4.845006942749023,
2.110521078109741,23,2.645374059677124,1.4149898290634155,24029,4.81249475479126,
2.0125744342803955,23,2.7716972827911377,1.468332290649414,24039,4.843005180358887,
1.9733715057373047,23,2.7591617107391357,1.513202428817749,24049,4.79306173324585,
2.254460334777832,23,2.7594361305236816,1.3390955924987793,24059,5.067460060119629,
2.0990335941314697,23,2.7638063430786133,1.4094065427780151,24069,4.919216156005859,
1.9578732252120972,23,2.68953537940979,1.4725326299667358,24079,4.706309795379639,
2.039363384246826,23,2.77475905418396,1.398748755455017,24089,4.870072364807129,
2.0348222255706787,23,2.727489948272705,1.425981879234314,24099,4.8193511962890625,
2.1009325981140137,23,2.7212231159210205,1.4002727270126343,24109,4.878166675567627,
2.1188292503356934,23,2.649421215057373,1.5113877058029175,24119,4.828705787658691,
2.1420390605926514,23,2.6344478130340576,1.5279582738876343,24129,4.837604999542236,
2.130366325378418,23,2.8190765380859375,1.3753474950790405,24139,5.004456996917725,
1.955444574356079,23,2.7244086265563965,1.4393935203552246,24149,4.737429141998291,
2.0153422355651855,23,2.615178108215332,1.378766417503357,24159,4.685670852661133,
1.9984159469604492,23,2.742879629135132,1.480381727218628,24169,4.800510883331299,
2.052854537963867,23,2.7314581871032715,1.4364399909973145,24179,4.841770172119141,
2.4376068115234375,23,2.8414809703826904,1.495816946029663,24189,5.338920593261719,
1.9321452379226685,23,2.7209689617156982,1.5418510437011719,24199,4.714788436889648,
2.132181167602539,23,2.686264753341675,1.3960005044937134,24209,4.87428617477417,
2.1192269325256348,23,2.6717848777770996,1.4835023880004883,24219,4.850351810455322,
1.987302541732788,23,2.6608848571777344,1.4251965284347534,24229,4.705195426940918,
2.0386714935302734,23,2.716592788696289,1.4482662677764893,24239,4.813194751739502,
2.102659225463867,23,2.6520485877990723,1.5218087434768677,24249,4.815580368041992,
2.0159072875976562,23,2.5948598384857178,1.544287919998169,24259,4.672538757324219,
2.093381881713867,23,2.6958322525024414,1.4651914834976196,24269,4.8478217124938965,
1.966698169708252,23,2.6237757205963135,1.5629823207855225,24279,4.652993202209473,
2.080235481262207,23,2.630568504333496,1.4007521867752075,24289,4.766834259033203,
2.0980167388916016,23,2.7132155895233154,1.505139708518982,24299,4.871438026428223,
2.1201376914978027,23,2.7305655479431152,1.5087502002716064,24309,4.91105318069458,
2.2546253204345703,23,2.7171785831451416,1.600563883781433,24319,5.035826206207275,
1.9728665351867676,23,2.633112668991089,1.535628080368042,24329,4.6674041748046875,
2.122063636779785,23,2.600562810897827,1.50259268283844,24339,4.782730579376221,
2.0856831073760986,23,2.5404436588287354,1.539445161819458,24349,4.687704563140869,
2.2024054527282715,23,2.6392822265625,1.4545304775238037,24359,4.899868965148926,
2.1387476921081543,23,2.5845839977264404,1.39722740650177,24369,4.7792205810546875,
1.9083983898162842,23,2.5425519943237305,1.4825599193572998,24379,4.510252952575684,
2.068351984024048,23,2.5864877700805664,1.466489315032959,24389,4.713499069213867,
2.0909414291381836,23,2.635002374649048,1.4047905206680298,24399,4.782135009765625,
2.0858664512634277,23,2.5676794052124023,1.4366124868392944,24409,4.711010456085205,
2.1324660778045654,23,2.6361703872680664,1.3244401216506958,24419,4.8216142654418945,
2.105053663253784,23,2.617767572402954,1.4662617444992065,24429,4.7814717292785645,
2.1049985885620117,23,2.5860161781311035,1.4197945594787598,24439,4.747806549072266,
2.0562891960144043,23,2.5548691749572754,1.4941999912261963,24449,4.670926570892334,
2.008415699005127,23,2.500924825668335,1.4712203741073608,24459,4.5681891441345215,
2.053678512573242,23,2.5580499172210693,1.4018373489379883,24469,4.667802333831787,
2.2197248935699463,23,2.7026865482330322,1.489867925643921,24479,4.982006072998047,
2.018251419067383,23,2.4691379070281982,1.6120191812515259,24489,4.551870346069336,
1.9507209062576294,23,2.5138118267059326,1.5088753700256348,24499,4.524888038635254,
2.0720725059509277,23,2.455169439315796,1.4794965982437134,24509,4.586421489715576,
2.0079197883605957,23,2.600205421447754,1.4807868003845215,24519,4.667356491088867,
1.9443252086639404,23,2.52638578414917,1.4768742322921753,24529,4.529785633087158,
1.9370293617248535,23,2.530911922454834,1.4219762086868286,24539,4.524820327758789,
2.041745185852051,23,2.5491015911102295,1.486728549003601,24549,4.65031623840332,
1.9563721418380737,23,2.513895273208618,1.5271482467651367,24559,4.531352996826172,
2.133976459503174,23,2.5715491771698,1.4095031023025513,24569,4.761905670166016,
2.0196890830993652,23,2.6409518718719482,1.595227599143982,24579,4.724449634552002,
2.0965497493743896,23,2.588381767272949,1.5661152601242065,24589,4.7475762367248535,
2.06640625,23,2.644014835357666,1.4614408016204834,24599,4.768878936767578,
1.9299342632293701,23,2.581512689590454,1.4905158281326294,24609,4.571067810058594,
2.030057907104492,23,2.516953945159912,1.3874651193618774,24619,4.602510452270508,
2.029977321624756,23,2.4386675357818604,1.4848949909210205,24629,4.528040885925293,
2.029973030090332,23,2.534029722213745,1.4308937788009644,24639,4.621238708496094,
2.046675682067871,23,2.5134246349334717,1.4181056022644043,24649,4.616824626922607,
2.0267653465270996,23,2.5720055103302,1.5771732330322266,24659,4.661858081817627,
1.9131097793579102,23,2.557304620742798,1.5217597484588623,24669,4.531284332275391,
1.9319467544555664,23,2.4845666885375977,1.5455292463302612,24679,4.478334426879883,
2.0161595344543457,23,2.364915370941162,1.3644287586212158,24689,4.435652256011963,
1.9729328155517578,23,2.4743499755859375,1.4796284437179565,24699,4.506467819213867,
1.9915283918380737,23,2.328021764755249,1.4289333820343018,24709,4.376707553863525,
1.9816908836364746,23,2.571183919906616,1.486936330795288,24719,4.612351894378662,
1.9566203355789185,23,2.408543109893799,1.5438216924667358,24729,4.426916122436523,
1.8813815116882324,23,2.5462465286254883,1.573233962059021,24739,4.4905571937561035,
1.8536592721939087,23,2.563164472579956,1.5718460083007812,24749,4.4796977043151855,
1.9886044263839722,23,2.4262187480926514,1.4375190734863281,24759,4.472323894500732,
1.9980860948562622,23,2.5172183513641357,1.5234194993972778,24769,4.576241493225098,
1.9293785095214844,23,2.4159555435180664,1.4642342329025269,24779,4.403903484344482,
2.0418002605438232,23,2.435760259628296,1.5200130939483643,24789,4.538361072540283,
1.8864903450012207,23,2.5601978302001953,1.5187926292419434,24799,4.507440090179443,
1.9633581638336182,23,2.428337574005127,1.4876843690872192,24809,4.451203346252441,
1.9867796897888184,23,2.47331166267395,1.4944498538970947,24819,4.519869804382324,
1.881650447845459,23,2.4666056632995605,1.577666997909546,24829,4.411362648010254,
2.0437064170837402,23,2.5179426670074463,1.5531988143920898,24839,4.623777389526367,
2.0353760719299316,23,2.5343406200408936,1.6263827085494995,24849,4.634771823883057,
2.1152291297912598,23,2.434666156768799,1.5702356100082397,24859,4.612704753875732,
1.9609119892120361,23,2.440352439880371,1.561730146408081,24869,4.463733196258545,
1.9572182893753052,23,2.3430352210998535,1.4703550338745117,24879,4.359067440032959,
,23,,,24887,,4.741811275482178
1.9726672172546387,24,2.4719066619873047,1.5275983810424805,24889,4.505677700042725,
1.9217673540115356,24,2.322343349456787,1.5984705686569214,24899,4.308049201965332,
2.09698748588562,24,2.4569783210754395,1.4694182872772217,24909,4.6127424240112305,
1.9492251873016357,24,2.3674731254577637,1.5567518472671509,24919,4.378968238830566,
2.0332841873168945,24,2.429622173309326,1.5745923519134521,24929,4.525889873504639,
1.908866286277771,24,2.478712797164917,1.6685924530029297,24939,4.454322814941406,
2.0342180728912354,24,2.4513680934906006,1.5409510135650635,24949,4.547224044799805,
1.8992714881896973,24,2.406602382659912,1.603787899017334,24959,4.370025157928467,
1.9984633922576904,24,2.516388177871704,1.5105148553848267,24969,4.575272083282471,
2.1052823066711426,24,2.4015960693359375,1.538285493850708,24979,4.5684099197387695,
2.006279945373535,24,2.3698630332946777,1.5443271398544312,24989,4.437916278839111,
1.808854341506958,24,2.3773839473724365,1.7529146671295166,24999,4.256354808807373,
2.127650022506714,24,2.464318037033081,1.3990451097488403,25009,4.647929668426514,
1.8937008380889893,24,2.2773385047912598,1.4552885293960571,25019,4.229250907897949,
1.9033219814300537,24,2.3693604469299316,1.5733088254928589,25029,4.3356146812438965,
2.069550037384033,24,2.4268617630004883,1.5007144212722778,25039,4.556440353393555,
1.9652732610702515,24,2.317075490951538,1.501033902168274,25049,4.342390060424805,
1.8578946590423584,24,2.4585657119750977,1.5069265365600586,25059,4.376737594604492,
2.022099494934082,24,2.3486216068267822,1.5938708782196045,25069,4.434475898742676,
1.9725255966186523,24,2.354984760284424,1.5645561218261719,25079,4.390092372894287,
1.956936001777649,24,2.330388307571411,1.6252671480178833,25089,4.352334976196289,
2.0612733364105225,24,2.4142327308654785,1.4608360528945923,25099,4.533939361572266,
1.9256408214569092,24,2.3555445671081543,1.5115375518798828,25109,4.341646671295166,
1.9563076496124268,24,2.3345894813537598,1.3371801376342773,25119,4.344384670257568,
1.8743622303009033,24,2.4254872798919678,1.7123565673828125,25129,4.368343830108643,
2.0141072273254395,24,2.3118340969085693,1.562940001487732,25139,4.388458728790283,
2.057772636413574,24,2.2938060760498047,1.616091251373291,25149,4.41622257232666,
1.919938325881958,24,2.351094961166382,1.5931553840637207,25159,4.334759712219238,
1.8930644989013672,24,2.292649984359741,1.6284157037734985,25169,4.250851154327393,
1.9649115800857544,24,2.328406572341919,1.6007262468338013,25179,4.35734748840332,
2.012179374694824,24,2.3453140258789062,1.4995803833007812,25189,4.417476654052734,
1.9024584293365479,24,2.4960920810699463,1.6247295141220093,25199,4.4635396003723145,
1.8941078186035156,24,2.300952672958374,1.678883671760559,25209,4.262216091156006,
1.8942227363586426,24,2.3517282009124756,1.603615403175354,25219,4.310095310211182,
1.8048124313354492,24,2.290809392929077,1.648772954940796,25229,4.1615729331970215,
1.8512822389602661,24,2.2985289096832275,1.5624433755874634,25239,4.212308883666992,
1.8980400562286377,24,2.216073751449585,1.5469913482666016,25249,4.1759934425354,
1.791163444519043,24,2.355240821838379,1.5688321590423584,25259,4.209157466888428,
1.8720617294311523,24,2.3824667930603027,1.5659514665603638,25269,4.317166805267334,
2.050161838531494,24,2.1627588272094727,1.5850708484649658,25279,4.276323318481445,
1.911192536354065,24,2.3763070106506348,1.6513944864273071,25289,4.353555202484131,
2.054579257965088,24,2.4266018867492676,1.5973904132843018,25299,4.545076847076416,
2.0242042541503906,24,2.3640244007110596,1.4801148176193237,25309,4.447432994842529,
1.8503172397613525,24,2.292348861694336,1.4544258117675781,25319,4.20084285736084,
1.844444751739502,24,2.430621385574341,1.551902413368225,25329,4.337142467498779,
1.9588584899902344,24,2.339607000350952,1.470062255859375,25339,4.357268333435059,
1.8990721702575684,24,2.166250705718994,1.5365314483642578,25349,4.126784324645996,
1.9684879779815674,24,2.2802155017852783,1.5819185972213745,25359,4.311980247497559,
2.106470823287964,24,2.2936203479766846,1.607603907585144,25369,4.464395523071289,
1.9034619331359863,24,2.3928275108337402,1.5592936277389526,25379,4.35866117477417,
1.8673495054244995,24,2.3681888580322266,1.6697736978530884,25389,4.3023295402526855,
2.016667366027832,24,2.212385416030884,1.5283664464950562,25399,4.290187358856201,
1.9231178760528564,24,2.267840623855591,1.489393949508667,25409,4.2505340576171875,
1.9878339767456055,24,2.2118029594421387,1.4214205741882324,25419,4.25649356842041,
1.8357911109924316,24,2.3443331718444824,1.6160672903060913,25429,4.244767189025879,
1.8222177028656006,24,2.274862766265869,1.5485285520553589,25439,4.159021377563477,
1.842512845993042,24,2.310309410095215,1.6346755027770996,25449,4.218209743499756,
1.7544008493423462,24,2.2988693714141846,1.7052654027938843,25459,4.121480941772461,
1.8226473331451416,24,2.2414045333862305,1.4693152904510498,25469,4.122824192047119,
2.025303840637207,24,2.3944132328033447,1.7306270599365234,25479,4.4889421463012695,
1.8583484888076782,24,2.1647863388061523,1.5858345031738281,25489,4.0865678787231445,
1.791154146194458,24,2.34182071685791,1.6757971048355103,25499,4.200006484985352,
1.8333053588867188,24,2.2562525272369385,1.548241138458252,25509,4.151487350463867,
1.9299906492233276,24,2.220216989517212,1.516281247138977,25519,4.2108588218688965,
1.7322968244552612,24,2.297938346862793,1.6646784543991089,25529,4.096822261810303,
1.95382821559906,24,2.2402360439300537,1.5418272018432617,25539,4.2557373046875,
2.002206325531006,24,2.1556167602539062,1.5622094869613647,25549,4.220311641693115,
1.7823100090026855,24,2.329479694366455,1.5784070491790771,25559,4.174925804138184,
1.9291234016418457,24,2.3196349143981934,1.5669448375701904,25569,4.311436176300049,
1.7825586795806885,24,2.2392420768737793,1.6354141235351562,25579,4.087217330932617,
1.9224685430526733,24,2.2130331993103027,1.553387999534607,25589,4.197637557983398,
1.9312260150909424,24,2.432666063308716,1.7026997804641724,25599,4.432000160217285,
1.7117929458618164,24,2.2897915840148926,1.6750518083572388,25609,4.068586826324463,
1.862449049949646,24,2.2014591693878174,1.742884635925293,25619,4.1336236000061035,
2.1709117889404297,24,2.1802921295166016,1.519816517829895,25629,4.411996364593506,
1.9798393249511719,24,2.2157530784606934,1.5638604164123535,25639,4.2581467628479,
1.9041190147399902,24,2.2326395511627197,1.5818692445755005,25649,4.200033664703369,
1.9246246814727783,24,2.3311574459075928,1.5317373275756836,25659,4.317051410675049,
1.802579641342163,24,2.1805577278137207,1.5642369985580444,25669,4.045706748962402,
1.833128571510315,24,2.3248934745788574,1.6153508424758911,25679,4.222635746002197,
1.9822824001312256,24,2.1170730590820312,1.4860632419586182,25689,4.1587982177734375,
1.9673408269882202,24,2.2573466300964355,1.5718988180160522,25699,4.287563323974609,
1.8903567790985107,24,2.241262674331665,1.5921862125396729,25709,4.195306777954102,
1.9380403757095337,24,2.2767763137817383,1.5135623216629028,25719,4.275359153747559,
2.1610546112060547,24,2.2115042209625244,1.5269845724105835,25729,4.433638095855713,
1.830007791519165,24,2.2232754230499268,1.634882926940918,25739,4.118678569793701,
1.9263743162155151,24,2.255160331726074,1.6212310791015625,25749,4.246384143829346,
1.8580141067504883,24,2.353778123855591,1.589573860168457,25759,4.275374889373779,
1.9522535800933838,24,2.148916721343994,1.6111797094345093,25769,4.165617942810059,
1.8261092901229858,24,2.2031612396240234,1.600198745727539,25779,4.093278408050537,
1.7013208866119385,24,2.253127098083496,1.6605685949325562,25789,4.020870685577393,
1.8989301919937134,24,2.3416361808776855,1.5703791379928589,25799,4.303381443023682,
1.7891960144042969,24,2.201366662979126,1.610325574874878,25809,4.054975509643555,
1.8225046396255493,24,2.2935967445373535,1.6661206483840942,25819,4.182745933532715,
1.9061585664749146,24,2.308155059814453,1.7119261026382446,25829,4.282790660858154,
2.0445001125335693,24,2.23980712890625,1.6105319261550903,25839,4.348728656768799,
1.8418095111846924,24,2.215071439743042,1.6067167520523071,25849,4.12114953994751,
1.8441333770751953,24,2.186788558959961,1.5754979848861694,25859,4.093941688537598,
1.8383986949920654,24,2.29903507232666,1.6330904960632324,25869,4.202757835388184,
1.8645347356796265,24,2.27242112159729,1.6179022789001465,25879,4.201671600341797,
1.9801572561264038,24,2.223256826400757,1.6316977739334106,25889,4.26868200302124,
1.8950321674346924,24,2.2511508464813232,1.6233062744140625,25899,4.21111536026001,
1.8114533424377441,24,2.1303493976593018,1.7086890935897827,25909,4.01015043258667,
1.7379295825958252,24,2.1891191005706787,1.5710951089859009,25919,3.9898924827575684,
,24,,,25924,,4.270567417144775
1.7678309679031372,25,2.13857364654541,1.6464945077896118,25929,3.972264289855957,
1.7101836204528809,25,2.1114003658294678,1.6145445108413696,25939,3.8861658573150635,
1.6986361742019653,25,2.176494836807251,1.615712285041809,25949,3.9397597312927246,
1.8999204635620117,25,2.14739727973938,1.5796862840652466,25959,4.110505104064941,
1.9847558736801147,25,2.097689390182495,1.54612135887146,25969,4.144289970397949,
1.8096354007720947,25,2.227797508239746,1.6201621294021606,25979,4.10223913192749,
1.7945044040679932,25,2.2029054164886475,1.666502833366394,25989,4.064069747924805,
1.8002650737762451,25,2.059638738632202,1.6333622932434082,25999,3.9252383708953857,
1.9887546300888062,25,2.245786428451538,1.6364285945892334,26009,4.2999982833862305,
1.8005075454711914,25,2.119048595428467,1.6443026065826416,26019,3.985328197479248,
1.6804773807525635,25,2.1077558994293213,1.7011312246322632,26029,3.856278419494629,
1.8370697498321533,25,2.1162497997283936,1.552366852760315,26039,4.015414237976074,
1.9101417064666748,25,2.0987582206726074,1.5955320596694946,26049,4.072721004486084,
1.755049467086792,25,2.15299916267395,1.6314172744750977,26059,3.9733052253723145,
1.871877908706665,25,2.044583559036255,1.5579451322555542,26069,3.9787793159484863,
1.7237269878387451,25,2.0989227294921875,1.6199891567230225,26079,3.887449264526367,
1.7482565641403198,25,1.9820876121520996,1.6260186433792114,26089,3.7953851222991943,
1.9511973857879639,25,2.1805946826934814,1.629304051399231,26099,4.196964263916016,
1.7516298294067383,25,2.051084041595459,1.5278165340423584,26109,3.8638265132904053,
1.9380240440368652,25,2.072962522506714,1.5496928691864014,26119,4.07297420501709,
1.8986209630966187,25,1.9642202854156494,1.562656283378601,26129,3.925347328186035,
1.8054850101470947,25,1.9854711294174194,1.6160781383514404,26139,3.8555991649627686,
1.921852707862854,25,1.996914267539978,1.576927900314331,26149,3.981844186782837,
1.8775181770324707,25,2.010040044784546,1.6313954591751099,26159,3.9528141021728516,
1.9541434049606323,25,2.1433794498443604,1.704040288925171,26169,4.165684223175049,
1.7430574893951416,25,1.9195606708526611,1.7367972135543823,26179,3.7320899963378906,
1.7092188596725464,25,2.0545260906219482,1.6672899723052979,26189,3.8304364681243896,
2.010148048400879,25,2.066840648651123,1.5485445261001587,26199,4.138930320739746,
1.6752310991287231,25,2.0185904502868652,1.648491382598877,26209,3.759761095046997,
1.7476729154586792,25,2.0022733211517334,1.6491427421569824,26219,3.8159117698669434,
1.7833383083343506,25,1.9756211042404175,1.68600594997406,26229,3.826399564743042,
1.714299201965332,25,1.9572083950042725,1.6505440473556519,26239,3.7375292778015137,
1.8057047128677368,25,1.8936586380004883,1.7390179634094238,26249,3.7689239978790283,
1.806477665901184,25,2.0057668685913086,1.6171454191207886,26259,3.8769302368164062,
1.7338762283325195,25,2.0238277912139893,1.7521246671676636,26269,3.827789068222046,
1.7075430154800415,25,1.937448263168335,1.6419845819473267,26279,3.7106707096099854,
1.6677255630493164,25,1.9313358068466187,1.5712099075317383,26289,3.661909818649292,
1.9051220417022705,25,1.904496192932129,1.5788967609405518,26299,3.872774124145508,
1.839280605316162,25,1.9512864351272583,1.542526125907898,26309,3.8522679805755615,
1.7649141550064087,25,1.8812172412872314,1.6649590730667114,26319,3.7127299308776855,
1.726761817932129,25,2.013950824737549,1.8560349941253662,26329,3.8149540424346924,
2.074977159500122,25,1.9623825550079346,1.782792329788208,26339,4.108671188354492,
1.6127781867980957,25,1.8891338109970093,1.7661422491073608,26349,3.5725579261779785,
1.6915104389190674,25,1.9589866399765015,1.7454982995986938,26359,3.7203168869018555,
1.9668190479278564,25,2.0009357929229736,1.5421198606491089,26369,4.029439449310303,
1.7230502367019653,25,1.9201494455337524,1.6550565958023071,26379,3.709401845932007,
1.6484695672988892,25,1.863732933998108,1.6643439531326294,26389,3.5787763595581055,
1.844550609588623,25,1.8903971910476685,1.6137323379516602,26399,3.79949688911438,
1.6710007190704346,25,1.8529407978057861,1.677180528640747,26409,3.5910286903381348,
2.010336399078369,25,1.8394442796707153,1.6492676734924316,26419,3.9157512187957764,
1.711822271347046,25,1.9605543613433838,1.6611099243164062,26429,3.738821029663086,
1.740859031677246,25,1.92719566822052,1.8126988410949707,26439,3.7405624389648438,
1.8033840656280518,25,1.8427878618240356,1.8063583374023438,26449,3.718426465988159,
1.743314504623413,25,1.8920997381210327,1.614542841911316,26459,3.699995756149292,
1.6425594091415405,25,1.909717321395874,1.7930556535720825,26469,3.6239988803863525,
1.8963136672973633,25,1.8435434103012085,1.6615986824035645,26479,3.806321144104004,
1.7678790092468262,25,1.88504958152771,1.608756422996521,26489,3.7172789573669434,
1.8007316589355469,25,1.9350333213806152,1.724245548248291,26499,3.804734706878662,
1.6637729406356812,25,1.8444489240646362,1.6915287971496582,26509,3.575882911682129,
1.7839254140853882,25,1.8891026973724365,1.9240635633468628,26519,3.749990463256836,
1.663759708404541,25,1.8658719062805176,1.7024719715118408,26529,3.5977303981781006,
1.79423189163208,25,1.8378639221191406,1.7007837295532227,26539,3.700127124786377,
1.8736567497253418,25,1.8622435331344604,1.5289136171340942,26549,3.7970569133758545,
1.745027780532837,25,1.8967022895812988,1.593863844871521,26559,3.705484628677368,
2.001156806945801,25,1.8730674982070923,1.8396340608596802,26569,3.9478094577789307,
1.8210391998291016,25,1.8917326927185059,1.8026882410049438,26579,3.784879446029663,
1.8289320468902588,25,1.7781407833099365,1.6445317268371582,26589,3.67285418510437,
1.7016873359680176,25,1.7732744216918945,1.627821445465088,26599,3.540074586868286,
1.7707710266113281,25,1.721251368522644,1.6802626848220825,26609,3.5592329502105713,
1.6239519119262695,25,1.7902333736419678,1.6295207738876343,26619,3.4793660640716553,
1.7004613876342773,25,1.882075309753418,1.7218824625015259,26629,3.651412010192871,
1.7079973220825195,25,1.7511627674102783,1.649561882019043,26639,3.5251426696777344,
1.8959641456604004,25,1.7647044658660889,1.570010781288147,26649,3.7234690189361572,
1.6206626892089844,25,1.731220006942749,1.710970163345337,26659,3.420321464538574,
1.7362582683563232,25,1.774841070175171,1.719238519668579,26669,3.579868793487549,
1.753455400466919,25,1.854071855545044,1.6726787090301514,26679,3.6744344234466553,
1.5593726634979248,25,1.680445671081543,1.7414988279342651,26689,3.309478282928467,
1.6548595428466797,25,1.7315607070922852,1.7230132818222046,26699,3.45534086227417,
1.8197753429412842,25,1.862448811531067,1.6000124216079712,26709,3.746224880218506,
1.8386048078536987,25,1.8729257583618164,1.657384991645813,26719,3.7778260707855225,
1.8376691341400146,25,1.7826515436172485,1.6257637739181519,26729,3.6853513717651367,
1.8181179761886597,25,1.665903091430664,1.6649225950241089,26739,3.5506181716918945,
1.5685468912124634,25,1.7964701652526855,1.697668194770813,26749,3.4329235553741455,
1.965706467628479,25,1.7362548112869263,1.6661081314086914,26759,3.7686057090759277,
1.6498218774795532,25,1.7150665521621704,1.693315029144287,26769,3.4326210021972656,
1.6610262393951416,25,1.7313312292099,1.782731056213379,26779,3.4636666774749756,
1.6518402099609375,25,1.6931136846542358,1.8049304485321045,26789,3.4171512126922607,
1.7886278629302979,25,1.661502718925476,1.6816482543945312,26799,3.5173964500427246,
1.7153702974319458,25,1.6754075288772583,1.6602048873901367,26809,3.457185983657837,
1.6928865909576416,25,1.7148674726486206,1.530856966972351,26819,3.4689881801605225,
1.7780463695526123,25,1.6740180253982544,1.6395998001098633,26829,3.517648458480835,
1.7766669988632202,25,1.659656047821045,1.651810646057129,26839,3.5023956298828125,
1.600348949432373,25,1.611222505569458,1.8639127016067505,26849,3.286128044128418,
1.8036118745803833,25,1.7787021398544312,1.7024785280227661,26859,3.6504130363464355,
1.6870778799057007,25,1.6967910528182983,1.7315233945846558,26869,3.453129768371582,
2.0559000968933105,25,1.7738927602767944,1.547729253768921,26879,3.891702175140381,
1.650233507156372,25,1.6588598489761353,1.7154051065444946,26889,3.3777096271514893,
1.81659996509552,25,1.7729735374450684,1.677302598953247,26899,3.656665563583374,
1.696866750717163,25,1.7009671926498413,1.6939332485198975,26909,3.4655911922454834,
1.6974830627441406,25,1.7316389083862305,1.6340632438659668,26919,3.4944844245910645,
1.837301254272461,25,1.7233541011810303,1.7225552797317505,26929,3.6295576095581055,
1.801717758178711,25,1.6564358472824097,1.5783004760742188,26939,3.5212857723236084,
1.7635356187820435,25,1.6417655944824219,1.6448132991790771,26949,3.4710936546325684,
1.8547286987304688,25,1.7193621397018433,1.7579684257507324,26959,3.644409656524658,
,25,,,26961,,3.749896287918091
1.6441668272018433,26,1.684369444847107,1.653359293937683,26969,3.3946707248687744,
1.887364149093628,26,1.7300665378570557,1.6470050811767578,26979,3.6833109855651855,
1.7285711765289307,26,1.7205100059509277,1.7104772329330444,26989,3.517500162124634,
1.7997562885284424,26,1.6290212869644165,1.736869215965271,26999,3.4982523918151855,
1.6282339096069336,26,1.6467223167419434,1.7523696422576904,27009,3.3450510501861572,
1.7428783178329468,26,1.6125999689102173,1.6235908269882202,27019,3.420421838760376,
1.8934624195098877,26,1.6810575723648071,1.7016041278839111,27029,3.6425843238830566,
1.5884907245635986,26,1.6398283243179321,1.7417975664138794,27039,3.2979910373687744,
1.8543801307678223,26,1.7467881441116333,1.7918912172317505,27049,3.6728436946868896,
1.5462496280670166,26,1.6307957172393799,1.8066151142120361,27059,3.24931001663208,
2.099184036254883,26,1.7350232601165771,1.7568449974060059,27069,3.9044811725616455,
1.6290979385375977,26,1.5851818323135376,1.7205908298492432,27079,3.2831032276153564,
1.5993750095367432,26,1.6459821462631226,1.6779245138168335,27089,3.312474012374878,
1.6782052516937256,26,1.6799323558807373,1.7644296884536743,27099,3.4287147521972656,
1.528391718864441,26,1.5903323888778687,1.828808069229126,27109,3.1918764114379883,
1.9769752025604248,26,1.6393003463745117,1.69798743724823,27119,3.684195041656494,
1.549208402633667,26,1.6508736610412598,1.7551605701446533,27129,3.2702884674072266,
1.6978403329849243,26,1.5947574377059937,1.6396723985671997,27139,3.358184576034546,
1.9334495067596436,26,1.676699161529541,1.6538236141204834,27149,3.6763017177581787,
1.657848834991455,26,1.584000587463379,1.7031333446502686,27159,3.3099746704101562,
1.6740598678588867,26,1.615228295326233,1.6333121061325073,27169,3.3546204566955566,
1.5404130220413208,26,1.647484540939331,1.831679344177246,27179,3.261164903640747,
1.5778424739837646,26,1.5324441194534302,1.683985710144043,27189,3.1776461601257324,
2.0877952575683594,26,1.7049102783203125,1.7829350233078003,27199,3.864022970199585,
1.8399330377578735,26,1.6187158823013306,1.6400279998779297,27209,3.524250030517578,
1.5410425662994385,26,1.6034735441207886,1.7081317901611328,27219,3.212841272354126,
1.6808860301971436,26,1.5795445442199707,1.6657575368881226,27229,3.3270609378814697,
1.5294623374938965,26,1.5874019861221313,1.7319153547286987,27239,3.186140775680542,
1.8574607372283936,26,1.6997227668762207,1.6423686742782593,27249,3.622878313064575,
1.668870449066162,26,1.6578575372695923,1.7038620710372925,27259,3.3948824405670166,
1.5728652477264404,26,1.552439570426941,1.7700351476669312,27269,3.196106195449829,
1.7576382160186768,26,1.6136462688446045,1.7107254266738892,27279,3.439713478088379,
1.6819264888763428,26,1.5702334642410278,1.6244890689849854,27289,3.3171396255493164,
1.8902812004089355,26,1.5774102210998535,1.7837018966674805,27299,3.5390396118164062,
1.5920915603637695,26,1.5743542909622192,1.8460379838943481,27309,3.2402873039245605,
1.7905821800231934,26,1.586410641670227,1.6668297052383423,27319,3.4436659812927246,
1.8333919048309326,26,1.599030613899231,1.7185338735580444,27329,3.501163959503174,
1.5244708061218262,26,1.5553748607635498,1.7763398885726929,27339,3.1508991718292236,
1.7488046884536743,26,1.5773290395736694,1.559212327003479,27349,3.3885021209716797,
1.5132685899734497,26,1.5627472400665283,1.7326149940490723,27359,3.1453206539154053,
1.5438593626022339,26,1.6854276657104492,1.8246961832046509,27369,3.3022749423980713,
1.452864646911621,26,1.587740182876587,1.879974126815796,27379,3.1158037185668945,
1.7751713991165161,26,1.519986629486084,1.6331167221069336,27389,3.360482692718506,
1.6386220455169678,26,1.5276721715927124,1.8535411357879639,27399,3.240435838699341,
1.852481722831726,26,1.5865172147750854,1.6764914989471436,27409,3.506058692932129,
1.8783646821975708,26,1.5573221445083618,1.72683846950531,27419,3.504760265350342,
1.758345365524292,26,1.614202857017517,1.748192548751831,27429,3.4424757957458496,
1.8948220014572144,26,1.6148196458816528,1.6572349071502686,27439,3.5759310722351074,
1.6726911067962646,26,1.5921332836151123,1.684518575668335,27449,3.332205057144165,
1.6282862424850464,26,1.5642774105072021,1.6351536512374878,27459,3.257969617843628,
1.5717852115631104,26,1.604498267173767,1.7361478805541992,27469,3.2457292079925537,
1.544555425643921,26,1.607925295829773,1.7043089866638184,27479,3.2206530570983887,
1.607283115386963,26,1.5389578342437744,1.6985032558441162,27489,3.2141811847686768,
1.610069990158081,26,1.5707882642745972,1.7091245651245117,27499,3.249223232269287,
1.8325902223587036,26,1.6370261907577515,1.85601007938385,27509,3.5438568592071533,
1.582005262374878,26,1.579877257347107,1.8323357105255127,27519,3.235175848007202,
1.6433029174804688,26,1.5338057279586792,1.7224851846694946,27529,3.2460081577301025,
1.620727777481079,26,1.6205215454101562,1.8014962673187256,27539,3.3133091926574707,
1.9356346130371094,26,1.6498795747756958,1.8029676675796509,27549,3.657632827758789,
1.6786435842514038,26,1.616437315940857,1.814758539199829,27559,3.367671251296997,
1.6631510257720947,26,1.553913950920105,1.7730793952941895,27569,3.2879879474639893,
1.498033046722412,26,1.5417053699493408,1.8221983909606934,27579,3.112626314163208,
1.6308338642120361,26,1.6593492031097412,1.8628242015838623,27589,3.3646960258483887,
1.602865219116211,26,1.570459008216858,1.6513996124267578,27599,3.239380121231079,
1.5720727443695068,26,1.6298073530197144,1.775307536125183,27609,3.2728922367095947,
1.5826534032821655,26,1.566794991493225,1.776735544204712,27619,3.220517873764038,
1.7374646663665771,26,1.5523879528045654,1.6369537115097046,27629,3.3553307056427,
1.478940725326538,26,1.5272862911224365,1.7853641510009766,27639,3.077641487121582,
1.5105187892913818,26,1.5514042377471924,1.7641732692718506,27649,3.1324899196624756,
1.4070611000061035,26,1.5110194683074951,1.9017384052276611,27659,2.994150161743164,
1.4660663604736328,26,1.5116819143295288,1.7644360065460205,27669,3.048325777053833,
1.5544812679290771,26,1.5617318153381348,1.812914490699768,27679,3.188729763031006,
1.5120861530303955,26,1.533901333808899,1.8685654401779175,27689,3.12073016166687,
1.612771987915039,26,1.6251007318496704,1.84942626953125,27699,3.311849594116211,
1.4815593957901,26,1.5390076637268066,1.8515516519546509,27709,3.0946290493011475,
1.6208372116088867,26,1.549005150794983,1.7278406620025635,27719,3.2389559745788574,
1.4527835845947266,26,1.5065932273864746,1.7408597469329834,27729,3.0290112495422363,
1.6013147830963135,26,1.5178899765014648,1.6690160036087036,27739,3.1859652996063232,
1.7026675939559937,26,1.5895514488220215,1.8648762702941895,27749,3.366814136505127,
1.5063934326171875,26,1.492516040802002,1.7827433347702026,27759,3.0702192783355713,
1.6068987846374512,26,1.457087755203247,1.7416800260543823,27769,3.1336536407470703,
1.4984374046325684,26,1.5257644653320312,1.7663506269454956,27779,3.094855785369873,
1.6239224672317505,26,1.537673830986023,1.7070889472961426,27789,3.229879856109619,
1.7397152185440063,26,1.498784065246582,1.8192499876022339,27799,3.3112692832946777,
1.6710457801818848,26,1.5126173496246338,1.9658679962158203,27809,3.2622978687286377,
1.6093907356262207,26,1.5356062650680542,1.724021315574646,27819,3.2139580249786377,
1.6247079372406006,26,1.5165107250213623,1.7950057983398438,27829,3.2130188941955566,
1.5194170475006104,26,1.5318472385406494,1.732470989227295,27839,3.12056303024292,
1.4945907592773438,26,1.4659419059753418,1.8108062744140625,27849,3.0329649448394775,
1.3935948610305786,26,1.4794031381607056,1.7498761415481567,27859,2.9429931640625,
1.441744089126587,26,1.526225209236145,1.9146162271499634,27869,3.0445539951324463,
1.6816679239273071,26,1.5318946838378906,1.776455044746399,27879,3.284620761871338,
1.6109671592712402,26,1.5360949039459229,1.7352087497711182,27889,3.21647047996521,
1.5178502798080444,26,1.5087827444076538,1.8497803211212158,27899,3.1006243228912354,
1.6482009887695312,26,1.448933482170105,1.7757656574249268,27909,3.1681652069091797,
1.6198713779449463,26,1.4653397798538208,1.7605358362197876,27919,3.155632734298706,
1.5752840042114258,26,1.507482886314392,1.8703386783599854,27929,3.157580614089966,
1.8710060119628906,26,1.4802613258361816,1.8152546882629395,27939,3.423877477645874,
1.5421078205108643,26,1.5805175304412842,1.9454599618911743,27949,3.200443744659424,
1.5404980182647705,26,1.4809859991073608,1.7934070825576782,27959,3.0932202339172363,
1.5037740468978882,26,1.4725937843322754,1.9364776611328125,27969,3.0538270473480225,
1.507692575454712,26,1.5068806409835815,1.8117642402648926,27979,3.0870437622070312,
1.7733688354492188,26,1.5270189046859741,1.6462432146072388,27989,3.3662376403808594,
,26,,,27998,,3.2962148189544678
1.453000545501709,27,1.4770392179489136,1.8337161540985107,27999,3.0033884048461914,
1.6263612508773804,27,1.496959924697876,1.7064623832702637,28009,3.191579580307007,
1.91245436668396,27,1.5262246131896973,1.8646491765975952,28019,3.5132648944854736,
1.4225919246673584,27,1.4749141931533813,1.810266137123108,28029,2.969916820526123,
1.479901909828186,27,1.5048143863677979,1.9169518947601318,28039,3.061394453048706,
1.6192760467529297,27,1.5289251804351807,1.8229961395263672,28049,3.221121072769165,
1.632369041442871,27,1.5084258317947388,1.6114439964294434,28059,3.2052524089813232,
1.5409963130950928,27,1.4573856592178345,1.8365188837051392,28069,3.071842908859253,
1.4163663387298584,27,1.5053075551986694,1.8350964784622192,28079,2.995077610015869,
1.5047802925109863,27,1.4769287109375,1.8425617218017578,28089,3.0554115772247314,
1.5836776494979858,27,1.5354877710342407,1.8945657014846802,28099,3.1949479579925537,
1.5971479415893555,27,1.4648476839065552,1.7882959842681885,28109,3.1335272789001465,
1.520957589149475,27,1.455076813697815,1.876573085784912,28119,3.0510973930358887,
1.5988624095916748,27,1.5393856763839722,1.7115724086761475,28129,3.2067108154296875,
1.5540053844451904,27,1.471679449081421,1.7923957109451294,28139,3.0973806381225586,
1.661539077758789,27,1.438185214996338,1.7338393926620483,28149,3.1690778732299805,
1.4559600353240967,27,1.6002347469329834,1.8694273233413696,28159,3.130971908569336,
1.6250216960906982,27,1.5575748682022095,1.9471946954727173,28169,3.260484457015991,
1.6606146097183228,27,1.546035647392273,1.6766303777694702,28179,3.2737154960632324,
1.5661523342132568,27,1.5460569858551025,1.752932071685791,28189,3.182326555252075,
1.4289387464523315,27,1.5107918977737427,1.8819881677627563,28199,3.015010118484497,
1.474854826927185,27,1.5103752613067627,1.72377347946167,28209,3.054180860519409,
1.5198767185211182,27,1.5156664848327637,1.8483613729476929,28219,3.1094777584075928,
1.4886436462402344,27,1.483297348022461,1.8631293773651123,28229,3.046466112136841,
1.7400946617126465,27,1.567029356956482,1.7996373176574707,28239,3.3791096210479736,
1.5193915367126465,27,1.4894863367080688,2.0046486854553223,28249,3.0890636444091797,
1.457573413848877,27,1.5249477624893188,1.8614721298217773,28259,3.0569798946380615,
1.3564780950546265,27,1.5029964447021484,1.9032784700393677,28269,2.935605764389038,
1.6025078296661377,27,1.4573286771774292,1.8376065492630005,28279,3.13334059715271,
1.6626391410827637,27,1.5164668560028076,1.824784755706787,28289,3.2520973682403564,
1.4806134700775146,27,1.472555160522461,1.8325531482696533,28299,3.02647066116333,
1.4147968292236328,27,1.4880188703536987,1.889676570892334,28309,2.978402853012085,
1.4252066612243652,27,1.4464949369430542,1.8281487226486206,28319,2.9448275566101074,
1.538927435874939,27,1.5225523710250854,1.7076457738876343,28329,3.1297855377197266,
1.6414433717727661,27,1.5058788061141968,1.8748306035995483,28339,3.2223153114318848,
1.7093676328659058,27,1.5027633905410767,1.7659597396850586,28349,3.2827694416046143,
1.5763466358184814,27,1.508780598640442,1.8855663537979126,28359,3.160550117492676,
1.3682126998901367,27,1.4891730546951294,2.0251376628875732,28369,2.9383912086486816,
1.5047800540924072,27,1.5635955333709717,1.947513222694397,28379,3.1462759971618652,
1.4329499006271362,27,1.5037096738815308,1.863747000694275,28389,3.011209487915039,
1.5486321449279785,27,1.491523027420044,1.8796426057815552,28399,3.1153409481048584,
1.4647235870361328,27,1.5541878938674927,1.7961088418960571,28409,3.0907557010650635,
1.7665144205093384,27,1.5315282344818115,1.8333163261413574,28419,3.371375322341919,
1.6695635318756104,27,1.5275866985321045,1.6922932863235474,28429,3.2648420333862305,
1.6150784492492676,27,1.5376707315444946,1.899839997291565,28439,3.2287425994873047,
1.440384864807129,27,1.50274658203125,1.8195689916610718,28449,3.01591420173645,
1.422067642211914,27,1.5437462329864502,2.0254831314086914,28459,3.0468332767486572,
1.4351674318313599,27,1.5312793254852295,1.890485167503357,28469,3.0420663356781006,
1.4406505823135376,27,1.4892215728759766,1.9509201049804688,28479,3.007908821105957,
1.535119652748108,27,1.6549772024154663,1.9062676429748535,28489,3.266347646713257,
1.4550275802612305,27,1.5527538061141968,1.7881946563720703,28499,3.0793092250823975,
1.4036731719970703,27,1.5511729717254639,1.874683141708374,28509,3.0298335552215576,
1.6036205291748047,27,1.5359476804733276,1.7826887369155884,28519,3.210875988006592,
1.337752342224121,27,1.5078227519989014,1.9369217157363892,28529,2.9230520725250244,
1.4883010387420654,27,1.579542636871338,1.9291423559188843,28539,3.1450092792510986,
1.3529433012008667,27,1.5613353252410889,1.884764313697815,28549,2.98966908454895,
1.4191868305206299,27,1.534835696220398,1.8402069807052612,28559,3.0276308059692383,
1.4180071353912354,27,1.6482019424438477,1.8880151510238647,28569,3.1417295932769775,
1.3466191291809082,27,1.5610696077346802,1.8512599468231201,28579,2.981739044189453,
1.564208984375,27,1.5376214981079102,1.7555962800979614,28589,3.1720542907714844,
1.4192087650299072,27,1.5426567792892456,1.7838250398635864,28599,3.0332183837890625,
1.4002811908721924,27,1.537621259689331,1.812340497970581,28609,3.0103960037231445,
1.3925209045410156,27,1.5164512395858765,1.7958499193191528,28619,2.980806350708008,
1.4929167032241821,27,1.5301448106765747,1.8074755668640137,28629,3.095360517501831,
1.3409422636032104,27,1.5526617765426636,1.8981716632843018,28639,2.9695308208465576,
1.4732557535171509,27,1.6098685264587402,1.9502350091934204,28649,3.1611335277557373,
1.5354218482971191,27,1.6552340984344482,1.827521800994873,28659,3.26375675201416,
1.3369312286376953,27,1.558671236038208,1.8768250942230225,28669,2.970675468444824,
1.4242610931396484,27,1.5709855556488037,1.9030345678329468,28679,3.0713679790496826,
1.398310899734497,27,1.563140630722046,1.751201868057251,28689,3.0314996242523193,
1.501016616821289,27,1.544101357460022,1.8309850692749023,28699,3.1183571815490723,
1.3990435600280762,27,1.5402930974960327,1.7936859130859375,28709,3.0110843181610107,
1.5281543731689453,27,1.6066696643829346,1.8680001497268677,28719,3.2095439434051514,
1.4860262870788574,27,1.558304786682129,1.8201640844345093,28729,3.1171376705169678,
1.5391632318496704,27,1.7251191139221191,1.8629134893417358,28739,3.338798761367798,
1.5935263633728027,27,1.5665991306304932,1.9121198654174805,28749,3.236610174179077,
1.3439221382141113,27,1.4800620079040527,1.979756474494934,28759,2.90317440032959,
1.3372604846954346,27,1.5409215688705444,1.8846734762191772,28769,2.953568935394287,
1.451554775238037,27,1.5389947891235352,1.828709363937378,28779,3.0636978149414062,
1.534935712814331,27,1.6165292263031006,1.742849588394165,28789,3.2211790084838867,
1.3776814937591553,27,1.4882553815841675,1.6900664567947388,28799,2.933539390563965,
1.489571213722229,27,1.5459398031234741,1.7808845043182373,28809,3.1067464351654053,
1.4415900707244873,27,1.6680643558502197,2.017514228820801,28819,3.190355062484741,
1.3686788082122803,27,1.5518269538879395,1.7813478708267212,28829,2.991759777069092,
1.3418595790863037,27,1.5928069353103638,1.8121124505996704,28839,3.0071511268615723,
1.487451434135437,27,1.55972158908844,1.7305705547332764,28849,3.116395950317383,
1.5496954917907715,27,1.5758461952209473,1.7542239427566528,28859,3.1957106590270996,
1.33445143699646,27,1.487035870552063,1.8989557027816772,28869,2.8974456787109375,
1.4778196811676025,27,1.5266902446746826,1.902361512184143,28879,3.080604314804077,
1.4287846088409424,27,1.572407603263855,1.862980842590332,28889,3.075711250305176,
1.4533202648162842,27,1.5884782075881958,1.9797662496566772,28899,3.1209893226623535,
1.6345500946044922,27,1.5857207775115967,1.6958026885986328,28909,3.288102865219116,
1.3685423135757446,27,1.616923213005066,1.9268637895584106,28919,3.062540054321289,
1.4396768808364868,27,1.6489107608795166,1.8159235715866089,28929,3.161224603652954,
1.2401485443115234,27,1.484373927116394,1.8628230094909668,28939,2.7990355491638184,
1.547999620437622,27,1.5206538438796997,1.7765063047409058,28949,3.139713764190674,
1.5837876796722412,27,1.6001410484313965,1.8473321199417114,28959,3.257822036743164,
1.5607428550720215,27,1.5280542373657227,2.007772207260132,28969,3.1691079139709473,
1.3148560523986816,27,1.6058708429336548,2.0202105045318604,28979,3.001535177230835,
1.247240662574768,27,1.5198668241500854,1.8631980419158936,28989,2.8416354656219482,
1.607696294784546,27,1.5879359245300293,1.732712745666504,28999,3.2649407386779785,
1.6894361972808838,27,1.5679525136947632,1.936802625656128,29009,3.3348608016967773,
1.5081230401992798,27,1.5155525207519531,1.7693912982940674,29019,3.0944511890411377,
1.6713125705718994,27,1.4988257884979248,1.8784321546554565,29029,3.2452757358551025,
,27,,,29035,,3.100628614425659
1.4392610788345337,28,1.546505331993103,1.9587807655334473,29039,3.064117670059204,
1.5132054090499878,28,1.6391347646713257,1.796842098236084,29049,3.2242138385772705,
1.5317864418029785,28,1.5582342147827148,1.8527911901474,29059,3.1641323566436768,
1.7110909223556519,28,1.6203092336654663,1.931094765663147,29069,3.408643960952759,
1.4489778280258179,28,1.5219916105270386,1.9153157472610474,29079,3.0475821495056152,
1.4193925857543945,28,1.5062545537948608,1.9216912984848022,29089,3.0025148391723633,
1.384390115737915,28,1.4965665340423584,1.793057918548584,29099,2.952678918838501,
1.2888188362121582,28,1.491135597229004,1.8561962842941284,29109,2.8542022705078125,
1.4671059846878052,28,1.567984700202942,1.8223505020141602,29119,3.107984781265259,
1.3906996250152588,28,1.5746134519577026,1.938387155532837,29129,3.0428483486175537,
1.2670152187347412,28,1.5231086015701294,2.081773042678833,29139,2.8733949661254883,
1.394317865371704,28,1.5162832736968994,1.7615920305252075,29149,2.981064796447754,
1.4358317852020264,28,1.5103157758712769,1.7270586490631104,29159,3.0152297019958496,
1.3744534254074097,28,1.43215012550354,1.944469928741455,29169,2.8843822479248047,
1.534947395324707,28,1.5088276863098145,1.7684608697891235,29179,3.114513397216797,
1.4722734689712524,28,1.4797179698944092,1.9352128505706787,29189,3.029400110244751,
1.4474538564682007,28,1.6036711931228638,1.9120113849639893,29199,3.127605438232422,
1.4157824516296387,28,1.5609804391860962,1.76860773563385,29209,3.0475070476531982,
1.6227731704711914,28,1.5332776308059692,1.8776756525039673,29219,3.2311577796936035,
1.4636096954345703,28,1.4577245712280273,1.8126033544540405,29229,2.993838310241699,
1.4483052492141724,28,1.5301010608673096,1.9882488250732422,29239,3.057936429977417,
1.4400875568389893,28,1.5957058668136597,1.7838592529296875,29249,3.107147693634033,
1.5795525312423706,28,1.499166488647461,1.7155362367630005,29259,3.1473405361175537,
1.2608883380889893,28,1.4456537961959839,1.8951648473739624,29269,2.7823486328125,
1.227638602256775,28,1.5250245332717896,2.066875696182251,29279,2.8353381156921387,
1.5410900115966797,28,1.6110185384750366,1.834265947341919,29289,3.2254793643951416,
1.3026254177093506,28,1.6143145561218262,1.9347518682479858,29299,2.9943299293518066,
1.2404377460479736,28,1.5400798320770264,1.9455002546310425,29309,2.858337640762329,
1.5121817588806152,28,1.4786587953567505,1.8659181594848633,29319,3.065477132797241,
1.2161890268325806,28,1.5241551399230957,1.7878458499908447,29329,2.8118579387664795,
1.6255273818969727,28,1.4432430267333984,1.7800192832946777,29339,3.1399712562561035,
1.3460361957550049,28,1.5150014162063599,1.9106661081314087,29349,2.937464475631714,
1.5986273288726807,28,1.5430282354354858,1.7647839784622192,29359,3.212246894836426,
1.504542350769043,28,1.5210785865783691,2.1939947605133057,29369,3.1133806705474854,
1.3833461999893188,28,1.4776506423950195,1.8343663215637207,29379,2.9343714714050293,
1.2418034076690674,28,1.4835416078567505,1.915997862815857,29389,2.801985025405884,
1.2854467630386353,28,1.467436671257019,1.7949683666229248,29399,2.8246822357177734,
1.429386854171753,28,1.5161190032958984,1.7848844528198242,29409,3.0169012546539307,
1.3448344469070435,28,1.4575021266937256,1.8672157526016235,29419,2.8770253658294678,
1.4619338512420654,28,1.4494125843048096,1.9511160850524902,29429,2.9893910884857178,
1.2785066366195679,28,1.4744737148284912,1.9604257345199585,29439,2.831397294998169,
1.352989912033081,28,1.514817714691162,1.8270307779312134,29449,2.9408888816833496,
1.3757926225662231,28,1.4842427968978882,1.8911545276641846,29459,2.9356815814971924,
1.2484564781188965,28,1.5268254280090332,1.8427164554595947,29469,2.8489904403686523,
1.3453419208526611,28,1.441312551498413,1.943110466003418,29479,2.8643789291381836,
1.3850712776184082,28,1.5572971105575562,1.7825075387954712,29489,3.0136687755584717,
1.4906821250915527,28,1.5433155298233032,1.9475728273391724,29499,3.1119003295898438,
1.2583993673324585,28,1.4060146808624268,1.9095470905303955,29509,2.740795850753784,
1.3611276149749756,28,1.4665714502334595,1.884785532951355,29519,2.903090715408325,
1.4770323038101196,28,1.4972729682922363,1.9025291204452515,29529,3.0504062175750732,
1.3322479724884033,28,1.459143877029419,1.8460556268692017,29539,2.865234136581421,
1.4671289920806885,28,1.4410409927368164,1.935163974761963,29549,2.985576629638672,
1.3760826587677002,28,1.5139800310134888,1.8035798072814941,29559,2.9622058868408203,
1.2583779096603394,28,1.5012423992156982,1.8682090044021606,29569,2.834348440170288,
1.5333830118179321,28,1.5390759706497192,2.0140042304992676,29579,3.1530191898345947,
1.2169513702392578,28,1.450140357017517,1.884399652481079,29589,2.7424678802490234,
1.4277284145355225,28,1.5339860916137695,1.8959323167800903,29599,3.0375518798828125,
1.29935622215271,28,1.44826078414917,1.890183687210083,29609,2.8232243061065674,
1.2917699813842773,28,1.552651286125183,1.9952630996704102,29619,2.924232006072998,
1.2149932384490967,28,1.522383451461792,1.911892056465149,29629,2.813852310180664,
1.648967981338501,28,1.5498237609863281,1.9897414445877075,29639,3.27838134765625,
1.1752073764801025,28,1.436141848564148,1.8498514890670776,29649,2.6853432655334473,
1.3203500509262085,28,1.5790988206863403,1.7945600748062134,29659,2.97123122215271,
1.6064777374267578,28,1.5077412128448486,1.770035982131958,29669,3.1850204467773438,
1.2414212226867676,28,1.5712121725082397,1.8741627931594849,29679,2.8875999450683594,
1.3358724117279053,28,1.5839365720748901,2.0394985675811768,29689,3.0013887882232666,
1.2638604640960693,28,1.4481638669967651,1.882606029510498,29699,2.7873284816741943,
1.3969955444335938,28,1.423454999923706,1.8070704936981201,29709,2.892733335494995,
1.3213088512420654,28,1.437583565711975,1.9031506776809692,29719,2.8350186347961426,
1.1327567100524902,28,1.4969793558120728,1.982136845588684,29729,2.7090213298797607,
1.2484140396118164,28,1.4904452562332153,1.8790158033370972,29739,2.8140199184417725,
1.2414112091064453,28,1.5122416019439697,1.919757604598999,29749,2.8304431438446045,
1.536116123199463,28,1.4746811389923096,1.9276669025421143,29759,3.0879039764404297,
1.3711929321289062,28,1.4368345737457275,1.9084689617156982,29769,2.884366273880005,
1.1700632572174072,28,1.473772644996643,2.0547187328338623,29779,2.726024866104126,
1.3232039213180542,28,1.5312304496765137,1.8805972337722778,29789,2.9296584129333496,
1.1672415733337402,28,1.5258172750473022,2.0014615058898926,29799,2.7731175422668457,
1.397998571395874,28,1.5292283296585083,1.9607592821121216,29809,3.005657434463501,
1.5536179542541504,28,1.6292724609375,1.9557256698608398,29819,3.2611193656921387,
1.1837612390518188,28,1.504920482635498,1.9634312391281128,29829,2.767218828201294,
1.3753471374511719,28,1.4504544734954834,1.849572777748108,29839,2.899784564971924,
1.297177791595459,28,1.4845095872879028,1.9556214809417725,29849,2.859912157058716,
1.3050472736358643,28,1.5735059976577759,1.8516334295272827,29859,2.9526188373565674,
1.144010305404663,28,1.5199780464172363,1.9561657905578613,29869,2.742234945297241,
1.4498775005340576,28,1.4680869579315186,1.7742698192596436,29879,2.9889352321624756,
1.2940009832382202,28,1.4968688488006592,2.004502773284912,29889,2.8710498809814453,
1.3476227521896362,28,1.4865485429763794,1.8831119537353516,29899,2.9094958305358887,
1.6318212747573853,28,1.4975793361663818,1.79082190990448,29909,3.201033592224121,
1.2512876987457275,28,1.5079662799835205,1.9118634462356567,29919,2.835728406906128,
1.4324548244476318,28,1.4998691082000732,1.9577016830444336,29929,3.010632038116455,
1.342740774154663,28,1.4631966352462769,1.901373267173767,29939,2.8819923400878906,
1.2155146598815918,28,1.4401911497116089,1.9152371883392334,29949,2.7323153018951416,
1.6120160818099976,28,1.569334626197815,2.114654064178467,29959,3.265936851501465,
1.4159154891967773,28,1.4921430349349976,1.9814481735229492,29969,2.987316608428955,
1.300593614578247,28,1.5530730485916138,1.8114593029022217,29979,2.9261250495910645,
1.4704654216766357,28,1.4627923965454102,1.8475522994995117,29989,3.007159948348999,
1.4408769607543945,28,1.4599848985671997,2.0435221195220947,29999,2.982602596282959,
1.2039833068847656,28,1.4642508029937744,2.0550124645233154,30009,2.750434637069702,
1.350063681602478,28,1.4445000886917114,1.8033794164657593,30019,2.866698980331421,
1.4053609371185303,28,1.4951226711273193,1.8278014659881592,30029,2.97359561920166,
1.4476771354675293,28,1.4749504327774048,1.9167695045471191,30039,2.999298334121704,
1.2636501789093018,28,1.5184357166290283,1.8936456441879272,30049,2.8578317165374756,
1.2534763813018799,28,1.4077249765396118,1.8841291666030884,30059,2.7365665435791016,
1.261135220527649,28,1.4561582803726196,1.8327988386154175,30069,2.7906055450439453,
,28,,,30072,,2.950345993041992
1.5426886081695557,29,1.5477545261383057,1.8775861263275146,30079,3.1655466556549072,
1.212066411972046,29,1.4998401403427124,1.8919310569763184,30089,2.787583589553833,
1.3656260967254639,29,1.4473177194595337,1.8093891143798828,30099,2.885319471359253,
1.2922276258468628,29,1.4073963165283203,1.9788610935211182,30109,2.778778553009033,
1.278329849243164,29,1.4290807247161865,1.8328038454055786,30119,2.7807226181030273,
1.2449016571044922,29,1.4550998210906982,1.9052066802978516,30129,2.776209831237793,
1.163341999053955,29,1.450690746307373,1.8746554851531982,30139,2.689018964767456,
1.2657835483551025,29,1.4369765520095825,1.9396216869354248,30149,2.7803449630737305,
1.6798896789550781,29,1.5229562520980835,2.01884388923645,30159,3.283599853515625,
1.3045494556427002,29,1.5151622295379639,1.9379899501800537,30169,2.897231340408325,
1.1858153343200684,29,1.5003132820129395,1.9619709253311157,30179,2.7646074295043945,
1.311521291732788,29,1.4249681234359741,1.8479286432266235,30189,2.810406446456909,
1.496293067932129,29,1.539597749710083,1.846492052078247,30199,3.109750509262085,
1.3985676765441895,29,1.51042902469635,1.8844497203826904,30209,2.984374523162842,
1.2321767807006836,29,1.430364966392517,1.9014317989349365,30219,2.7385990619659424,
1.271697759628296,29,1.4348777532577515,1.950036883354187,30229,2.784576892852783,
1.2391605377197266,29,1.4237658977508545,1.8965873718261719,30239,2.7387900352478027,
1.2176011800765991,29,1.5071741342544556,1.8625935316085815,30249,2.799278974533081,
1.232811689376831,29,1.4095730781555176,1.849107027053833,30259,2.7163491249084473,
1.3068888187408447,29,1.4519007205963135,1.8591060638427734,30269,2.83315372467041,
1.2300384044647217,29,1.4377909898757935,1.8946928977966309,30279,2.743617296218872,
1.1584925651550293,29,1.4172980785369873,1.8632627725601196,30289,2.6503212451934814,
1.17634916305542,29,1.4436157941818237,1.8705352544784546,30299,2.694786548614502,
1.2217402458190918,29,1.4580637216567993,1.9649953842163086,30309,2.758403778076172,
1.0450663566589355,29,1.4531474113464355,1.93706214427948,30319,2.5756962299346924,
1.4623216390609741,29,1.4753565788269043,1.8423798084259033,30329,3.011373519897461,
1.1439331769943237,29,1.5150861740112305,1.99968683719635,30339,2.739006996154785,
1.292210340499878,29,1.552346110343933,1.9006357192993164,30349,2.920581817626953,
1.2939175367355347,29,1.4554909467697144,2.0013375282287598,30359,2.8294620513916016,
1.423713207244873,29,1.4734843969345093,1.9091578722000122,30369,2.9735641479492188,
1.1773574352264404,29,1.4672809839248657,1.8621301651000977,30379,2.7191238403320312,
1.4468272924423218,29,1.4542509317398071,1.82176673412323,30389,2.9739489555358887,
1.343738079071045,29,1.4828602075576782,1.8823776245117188,30399,2.901893377304077,
1.272516131401062,29,1.3963491916656494,1.9011342525482178,30409,2.744910478591919,
1.3768067359924316,29,1.4104076623916626,1.91463041305542,30419,2.863799571990967,
1.3389263153076172,29,1.438219428062439,1.8594236373901367,30429,2.851522922515869,
1.4669756889343262,29,1.4359700679779053,1.9079586267471313,30439,2.9792640209198,
1.1413365602493286,29,1.4920576810836792,1.9419820308685303,30449,2.711073398590088,
1.1247159242630005,29,1.4956530332565308,2.0694591999053955,30459,2.7031474113464355,
1.1952261924743652,29,1.4388363361358643,1.8854831457138062,30469,2.709481954574585,
1.302939534187317,29,1.483187198638916,1.9338890314102173,30479,2.8634822368621826,
1.3290119171142578,29,1.3906418085098267,1.8552758693695068,30489,2.7938647270202637,
1.3163235187530518,29,1.440201997756958,1.9211008548736572,30499,2.833369493484497,
1.5185270309448242,29,1.441599726676941,1.9537789821624756,30509,3.038278102874756,
1.3141045570373535,29,1.380778431892395,1.850893259048462,30519,2.768918514251709,
1.1957406997680664,29,1.4315710067749023,1.8986272811889648,30529,2.703256845474243,
1.1292716264724731,29,1.3824690580368042,2.0127079486846924,30539,2.5922489166259766,
1.2303599119186401,29,1.413606882095337,1.9075325727462769,30549,2.7202680110931396,
1.4899927377700806,29,1.4146873950958252,2.1071062088012695,30559,2.988964557647705,
1.2881821393966675,29,1.4346812963485718,1.9214783906936646,30569,2.799722671508789,
1.2378838062286377,29,1.5444759130477905,1.8287490606307983,30579,2.8555095195770264,
1.1775100231170654,29,1.3832299709320068,1.7902824878692627,30589,2.6323513984680176,
1.1707894802093506,29,1.3591678142547607,1.9848726987838745,30599,2.6093521118164062,
1.2711317539215088,29,1.4108192920684814,2.0443170070648193,30609,2.763723611831665,
1.0839568376541138,29,1.3646506071090698,1.9776546955108643,30619,2.5277135372161865,
1.2136244773864746,29,1.442199945449829,1.8654524087905884,30629,2.730442523956299,
1.1597107648849487,29,1.4393969774246216,1.9207239151000977,30639,2.675936698913574,
1.2266629934310913,29,1.4169507026672363,1.9319051504135132,30649,2.7208900451660156,
1.4021762609481812,29,1.390914797782898,2.0770509243011475,30659,2.8761730194091797,
1.1935408115386963,29,1.3958804607391357,1.8862922191619873,30669,2.664872884750366,
1.164710521697998,29,1.5314157009124756,1.8781036138534546,30679,2.7712502479553223,
1.1941604614257812,29,1.5107908248901367,1.8889473676681519,30689,2.7805092334747314,
1.184522032737732,29,1.3791658878326416,1.8822458982467651,30699,2.638977527618408,
1.2504221200942993,29,1.4017583131790161,1.9259977340698242,30709,2.729220390319824,
1.1097763776779175,29,1.3754687309265137,1.957448124885559,30719,2.5635430812835693,
1.1595451831817627,29,1.3710076808929443,2.0434958934783936,30729,2.612292766571045,
1.1356456279754639,29,1.4606531858444214,2.0984535217285156,30739,2.68023681640625,
1.1764166355133057,29,1.4991307258605957,1.9648634195327759,30749,2.7541418075561523,
1.100010871887207,29,1.4284487962722778,1.8469892740249634,30759,2.602339029312134,
1.2531070709228516,29,1.4145455360412598,1.7762327194213867,30769,2.738701820373535,
1.1053413152694702,29,1.4034298658370972,2.0795786380767822,30779,2.591954231262207,
1.131521463394165,29,1.3899345397949219,1.8948851823806763,30789,2.5972514152526855,
1.3034868240356445,29,1.5454552173614502,2.0557022094726562,30799,2.9311702251434326,
1.489936113357544,29,1.374544382095337,1.9339853525161743,30809,2.9418399333953857,
1.4436113834381104,29,1.3719826936721802,1.9132016897201538,30819,2.892122268676758,
1.2150523662567139,29,1.359404444694519,1.8487671613693237,30829,2.648407459259033,
1.2836017608642578,29,1.3687983751296997,1.9498051404953003,30839,2.7303922176361084,
1.3004016876220703,29,1.3617509603500366,1.9205926656723022,30849,2.73897647857666,
1.2544007301330566,29,1.444008231163025,2.0837297439575195,30859,2.7817583084106445,
1.042386531829834,29,1.3358176946640015,1.9582053422927856,30869,2.4565324783325195,
1.3656823635101318,29,1.3472355604171753,1.8022900819778442,30879,2.7850093841552734,
1.2003408670425415,29,1.4491617679595947,2.083012819290161,30889,2.732823371887207,
1.3109724521636963,29,1.39915132522583,2.0459792613983154,30899,2.7919628620147705,
1.256380319595337,29,1.3853520154953003,2.156991720199585,30909,2.7280118465423584,
1.1145093441009521,29,1.4417872428894043,2.157254457473755,30919,2.6425867080688477,
1.2791492938995361,29,1.3745834827423096,1.9185174703598022,30929,2.730473518371582,
1.2037858963012695,29,1.3845324516296387,1.9598685503005981,30939,2.666712999343872,
1.2944872379302979,29,1.4162558317184448,1.948035717010498,30949,2.7886643409729004,
1.4621416330337524,29,1.4361196756362915,1.901373028755188,30959,2.974316120147705,
1.0027185678482056,29,1.3941683769226074,2.07517671585083,30969,2.479893922805786,
1.4458763599395752,29,1.3889788389205933,1.8992528915405273,30979,2.910825252532959,
1.3569481372833252,29,1.5221989154815674,1.9371987581253052,30989,2.956634998321533,
1.1298577785491943,29,1.3397871255874634,1.8776967525482178,30999,2.544752836227417,
1.0694868564605713,29,1.348129153251648,1.9405786991119385,31009,2.495239019393921,
1.1329846382141113,29,1.4074145555496216,1.995656132698059,31019,2.620225429534912,
1.1649830341339111,29,1.388543963432312,1.9841769933700562,31029,2.6328940391540527,
1.2011932134628296,29,1.3951632976531982,1.9239951372146606,31039,2.673316240310669,
1.2003602981567383,29,1.3699300289154053,2.030489444732666,31049,2.651510000228882,
1.0417160987854004,29,1.4280449151992798,1.913596510887146,31059,2.546304702758789,
1.0945879220962524,29,1.3778942823410034,2.0848419666290283,31069,2.555875778198242,
1.3350515365600586,29,1.3456377983093262,2.111764669418335,31079,2.765159845352173,
1.0832009315490723,29,1.3504630327224731,1.8979198932647705,31089,2.509580612182617,
1.2601680755615234,29,1.496231198310852,1.8866311311721802,31099,2.831864356994629,
1.0806463956832886,29,1.3467727899551392,1.8845412731170654,31109,2.502800941467285,
,29,,,31109,,2.7592248916625977
1.3678255081176758,30,1.3002722263336182,1.9380557537078857,31119,2.745620012283325,
1.3067936897277832,30,1.4172052145004272,2.084775686264038,31129,2.807389974594116,
1.1908541917800903,30,1.426476240158081,1.9001587629318237,31139,2.6933369636535645,
1.2304167747497559,30,1.374184489250183,1.9683845043182373,31149,2.6833367347717285,
1.1608636379241943,30,1.3758593797683716,2.003755807876587,31159,2.616873264312744,
1.2599210739135742,30,1.3120859861373901,2.0147645473480225,31169,2.652597665786743,
1.0462520122528076,30,1.425803542137146,2.0075321197509766,31179,2.552356719970703,
1.0298857688903809,30,1.3289624452590942,2.0422582626342773,31189,2.4405384063720703,
1.0672476291656494,30,1.3005088567733765,1.9908101558685303,31199,2.4473886489868164,
1.0290522575378418,30,1.3256826400756836,2.0738141536712646,31209,2.437687397003174,
1.0318431854248047,30,1.4738199710845947,2.0216028690338135,31219,2.5865273475646973,
1.1187723875045776,30,1.4190603494644165,1.9577752351760864,31229,2.6161437034606934,
1.2085293531417847,30,1.3469125032424927,1.8784452676773071,31239,2.630579710006714,
0.9966210126876831,30,1.334468126296997,2.049798011779785,31249,2.413080930709839,
1.1747915744781494,30,1.3836185932159424,1.8407036066055298,31259,2.6320383548736572,
1.0835007429122925,30,1.4187288284301758,2.0066072940826416,31269,2.582494020462036,
0.9878196120262146,30,1.4180527925491333,2.073251724243164,31279,2.488802433013916,
1.0498318672180176,30,1.329160213470459,1.958769679069519,31289,2.4573428630828857,
1.1504015922546387,30,1.441122055053711,2.0413131713867188,31299,2.6731762886047363,
1.0354273319244385,30,1.3941540718078613,2.0667030811309814,31309,2.51224946975708,
1.1547911167144775,30,1.41571843624115,1.8863766193389893,31319,2.6459643840789795,
1.2078220844268799,30,1.413095474243164,1.920488953590393,31329,2.697737216949463,
1.0660312175750732,30,1.3754979372024536,2.0095858573913574,31339,2.5219128131866455,
1.1988732814788818,30,1.3360958099365234,1.8922085762023926,31349,2.6106574535369873,
1.0696697235107422,30,1.3929657936096191,1.9467512369155884,31359,2.5405056476593018,
1.2058804035186768,30,1.428400993347168,2.0344302654266357,31369,2.715658664703369,
1.1625792980194092,30,1.2864413261413574,2.141232967376709,31379,2.534669876098633,
1.2381058931350708,30,1.321121335029602,1.8944103717803955,31389,2.6350035667419434,
1.2105547189712524,30,1.2429940700531006,1.9170637130737305,31399,2.530231475830078,
1.0079795122146606,30,1.3153610229492188,2.0681605339050293,31409,2.40606689453125,
1.2926439046859741,30,1.4075219631195068,1.8557277917861938,31419,2.7743947505950928,
1.1092838048934937,30,1.3499715328216553,2.1096835136413574,31429,2.543642520904541,
1.0429022312164307,30,1.2607570886611938,2.0024194717407227,31439,2.383756160736084,
1.4103798866271973,30,1.3758876323699951,1.8721522092819214,31449,2.8611536026000977,
1.0654046535491943,30,1.50740385055542,1.8957575559616089,31459,2.6486387252807617,
1.0546674728393555,30,1.2649641036987305,2.0281898975372314,31469,2.400759220123291,
1.0673089027404785,30,1.3373737335205078,1.9204885959625244,31479,2.481502056121826,
1.2763073444366455,30,1.3423740863800049,1.9452142715454102,31489,2.6964900493621826,
1.2626597881317139,30,1.3451604843139648,1.892874836921692,31499,2.68353533744812,
0.9769505262374878,30,1.3155198097229004,1.9605176448822021,31509,2.3708910942077637,
1.0138294696807861,30,1.3441418409347534,2.0501322746276855,31519,2.439976453781128,
1.1290968656539917,30,1.3523136377334595,1.9695110321044922,31529,2.5601909160614014,
1.098135232925415,30,1.3239026069641113,2.1408751010894775,31539,2.5076727867126465,
1.0564006567001343,30,1.3544020652770996,1.992291808128357,31549,2.4904944896698,
1.1591267585754395,30,1.3721104860305786,1.8667235374450684,31559,2.6059060096740723,
1.0911232233047485,30,1.306233286857605,2.004976749420166,31569,2.477555513381958,
1.2184736728668213,30,1.3269095420837402,1.8917901515960693,31579,2.6210548877716064,
1.0376330614089966,30,1.2512716054916382,1.9017045497894287,31589,2.3649728298187256,
1.2909319400787354,30,1.3012899160385132,2.0514392852783203,31599,2.67427921295166,
1.2045961618423462,30,1.3160282373428345,1.9114031791687012,31609,2.5970804691314697,
0.9990549087524414,30,1.2797348499298096,2.0038087368011475,31619,2.3589420318603516,
0.9506237506866455,30,1.3159246444702148,2.0248568058013916,31629,2.3475427627563477,
1.284658670425415,30,1.293560266494751,1.929645299911499,31639,2.655404806137085,
0.9965170621871948,30,1.3147919178009033,2.058297872543335,31649,2.3936407566070557,
1.1855719089508057,30,1.256524682044983,1.8758349418640137,31659,2.517130136489868,
1.0140819549560547,30,1.3219751119613647,2.0955049991607666,31669,2.419877290725708,
1.2140718698501587,30,1.3365468978881836,1.881100058555603,31679,2.6258625984191895,
1.087959885597229,30,1.4142886400222778,2.054529905319214,31689,2.5844297409057617,
1.0832650661468506,30,1.4103846549987793,1.901326298713684,31699,2.5697028636932373,
1.0234122276306152,30,1.2920267581939697,2.15985107421875,31709,2.4018330574035645,
1.43863844871521,30,1.2386143207550049,1.7813564538955688,31719,2.748507022857666,
1.0901577472686768,30,1.295387864112854,2.0359106063842773,31729,2.466982126235962,
1.1617975234985352,30,1.2302744388580322,1.9700500965118408,31739,2.470874071121216,
1.2343286275863647,30,1.3323228359222412,2.008280038833618,31749,2.646982431411743,
0.9802604913711548,30,1.26325261592865,2.1861448287963867,31759,2.330958843231201,
1.299149751663208,30,1.2205021381378174,1.859934687614441,31769,2.5940492153167725,
1.0900039672851562,30,1.3254772424697876,2.146427631378174,31779,2.501338243484497,
1.3316020965576172,30,1.292135238647461,2.137230157852173,31789,2.709226608276367,
1.100007176399231,30,1.2727525234222412,1.9607937335968018,31799,2.4511916637420654,
1.1123899221420288,30,1.277072548866272,1.9992016553878784,31809,2.469430446624756,
1.116805911064148,30,1.3195061683654785,2.0597846508026123,31819,2.5187034606933594,
1.22694730758667,30,1.320227026939392,1.9829331636428833,31829,2.6264917850494385,
1.1968427896499634,30,1.2537872791290283,1.8722622394561768,31839,2.5255205631256104,
0.9534410238265991,30,1.4604054689407349,1.9196434020996094,31849,2.4906322956085205,
1.0837059020996094,30,1.254485011100769,1.9315991401672363,31859,2.4154551029205322,
0.9815279841423035,30,1.3517582416534424,2.1211864948272705,31869,2.4181337356567383,
0.9491221904754639,30,1.2007114887237549,2.0636534690856934,31879,2.232379913330078,
1.3051749467849731,30,1.269081473350525,1.8895066976547241,31889,2.649836778640747,
1.016835331916809,30,1.3390074968338013,1.891803503036499,31899,2.4315149784088135,
0.9733080863952637,30,1.4439365863800049,1.9617997407913208,31909,2.4957165718078613,
0.9727859497070312,30,1.2877979278564453,1.9751094579696655,31919,2.339588165283203,
0.865683913230896,30,1.2419027090072632,2.024339437484741,31929,2.1885602474212646,
1.2540769577026367,30,1.243615984916687,2.0293383598327637,31939,2.578866481781006,
1.0519832372665405,30,1.2550603151321411,1.9605454206466675,31949,2.385465383529663,
1.1118171215057373,30,1.3177380561828613,2.046686887741089,31959,2.511422634124756,
1.0667531490325928,30,1.2099804878234863,1.9340014457702637,31969,2.3540937900543213,
1.0871806144714355,30,1.3055858612060547,2.017552614212036,31979,2.473468542098999,
1.055513858795166,30,1.2768406867980957,1.9155011177062988,31989,2.4089746475219727,
0.8889855146408081,30,1.2305535078048706,2.081597089767456,31999,2.202802896499634,
1.025085687637329,30,1.1906367540359497,1.9732089042663574,32009,2.2946510314941406,
1.3283299207687378,30,1.2209622859954834,1.9301037788391113,32019,2.6264963150024414,
1.0042412281036377,30,1.3875678777694702,1.963904857635498,32029,2.470365285873413,
1.0240694284439087,30,1.1840919256210327,1.9739062786102295,32039,2.2871174812316895,
1.119215726852417,30,1.24227774143219,2.064683437347412,32049,2.4440808296203613,
1.0059690475463867,30,1.1822515726089478,1.9315521717071533,32059,2.2654826641082764,
0.9478538036346436,30,1.3367960453033447,1.9748958349227905,32069,2.3636457920074463,
1.0604374408721924,30,1.200647234916687,2.0110812187194824,32079,2.3415277004241943,
1.1275373697280884,30,1.234895944595337,2.0609545707702637,32089,2.444871664047241,
1.052051305770874,30,1.2573497295379639,2.0511345863342285,32099,2.391446352005005,
0.9533599615097046,30,1.2399603128433228,2.1002659797668457,32109,2.2773308753967285,
1.23008394241333,30,1.2650872468948364,1.9991366863250732,32119,2.575136423110962,
1.112396240234375,30,1.2120050191879272,1.878564476966858,32129,2.3995440006256104,
0.9672995805740356,30,1.2297167778015137,2.1515274047851562,32139,2.2830772399902344,
,30,,,32146,,2.502519130706787
1.1133227348327637,31,1.1812280416488647,2.053744316101074,32149,2.3767006397247314,
1.5747950077056885,31,1.2738183736801147,2.1032745838165283,32159,2.932744264602661,
1.1470155715942383,31,1.2147490978240967,1.9871976375579834,32169,2.4412524700164795,
1.0504560470581055,31,1.2472119331359863,2.0795626640319824,32179,2.3808505535125732,
1.153432011604309,31,1.1530472040176392,1.9807448387145996,32189,2.385709047317505,
1.0432556867599487,31,1.2445393800735474,2.088319778442383,32199,2.3713278770446777,
1.0627111196517944,31,1.211056113243103,2.165976047515869,32209,2.3604061603546143,
0.8995838761329651,31,1.1911628246307373,2.0136525630950928,32219,2.171292781829834,
1.1248464584350586,31,1.2197587490081787,1.983734369277954,32229,2.423954486846924,
1.0358068943023682,31,1.2499604225158691,2.124027729034424,32239,2.3707284927368164,
1.1047885417938232,31,1.289955973625183,2.0733754634857178,32249,2.477679491043091,
0.9625826478004456,31,1.2442442178726196,2.0266501903533936,32259,2.2878928184509277,
0.8756301403045654,31,1.20826256275177,2.011409282684326,32269,2.16434907913208,
1.1858127117156982,31,1.175643801689148,1.922478437423706,32279,2.4383554458618164,
0.9343644976615906,31,1.2616468667984009,2.0506997108459473,32289,2.2780392169952393,
1.1875581741333008,31,1.1679168939590454,1.9815783500671387,32299,2.4347381591796875,
1.1438136100769043,31,1.2396202087402344,2.151674747467041,32309,2.469500780105591,
0.9017891883850098,31,1.1746524572372437,1.9415780305862427,32319,2.1541049480438232,
0.9837961792945862,31,1.199557900428772,2.0106725692749023,32329,2.2637810707092285,
1.1740071773529053,31,1.2052597999572754,1.8871608972549438,32339,2.4547533988952637,
0.9080479741096497,31,1.136421799659729,1.999700903892517,32349,2.124457836151123,
1.0077651739120483,31,1.1705495119094849,2.0762810707092285,32359,2.2613658905029297,
1.0523713827133179,31,1.171449065208435,1.9264739751815796,32369,2.30087947845459,
0.9249897003173828,31,1.164030909538269,1.9349122047424316,32379,2.166417121887207,
1.0127497911453247,31,1.2783336639404297,1.932470679283142,32389,2.368382215499878,
1.0718111991882324,31,1.2342175245285034,1.921880841255188,32399,2.382904052734375,
1.1450910568237305,31,1.1989456415176392,1.9473505020141602,32409,2.4219305515289307,
0.9497603178024292,31,1.195285439491272,1.9786800146102905,32419,2.2241928577423096,
1.1797181367874146,31,1.2487422227859497,1.8119200468063354,32429,2.5009372234344482,
0.8275835514068604,31,1.2130794525146484,2.1283164024353027,32439,2.125795602798462,
0.9685343503952026,31,1.2173420190811157,1.9556511640548706,32449,2.2641024589538574,
1.2199240922927856,31,1.2293329238891602,2.09729266166687,32459,2.5331485271453857,
1.0058372020721436,31,1.199073076248169,1.9463520050048828,32469,2.282764434814453,
0.995084285736084,31,1.1648465394973755,2.048797130584717,32479,2.241882562637329,
1.1738736629486084,31,1.148785948753357,1.9596176147460938,32489,2.4010441303253174,
0.9165381789207458,31,1.2731375694274902,1.9918327331542969,32499,2.2693490982055664,
0.959583044052124,31,1.2289167642593384,1.9135607481002808,32509,2.265042304992676,
0.945881187915802,31,1.1977537870407104,1.95985746383667,32519,2.222029209136963,
1.0132169723510742,31,1.1988351345062256,2.124897003173828,32529,2.2970480918884277,
0.9610486626625061,31,1.2093135118484497,2.019467353820801,32539,2.251140832901001,
0.9788374304771423,31,1.160695195198059,2.050729274749756,32549,2.2215616703033447,
0.9983450770378113,31,1.2071377038955688,2.1149117946624756,32559,2.290079116821289,
1.195960283279419,31,1.159299373626709,1.9533486366271973,32569,2.4333934783935547,
1.0160017013549805,31,1.2337130308151245,1.942331314086914,32579,2.3274080753326416,
0.883276641368866,31,1.1842800378799438,1.9872938394546509,32589,2.1470484733581543,
0.8917844295501709,31,1.1602091789245605,2.038907289505005,32599,2.133549928665161,
1.0966732501983643,31,1.1990208625793457,2.0708019733428955,32609,2.378526210784912,
0.8259807825088501,31,1.152700424194336,2.002192735671997,32619,2.0587689876556396,
0.9339543581008911,31,1.1762808561325073,2.1257500648498535,32629,2.195265293121338,
0.9259285926818848,31,1.2332661151885986,2.0150952339172363,32639,2.2397985458374023,
1.1524351835250854,31,1.2318181991577148,2.0342299938201904,32649,2.465622663497925,
0.9615318775177002,31,1.2051116228103638,1.9879480600357056,32659,2.246161460876465,
0.9092565774917603,31,1.234123945236206,2.050746202468872,32669,2.2254104614257812,
1.0222327709197998,31,1.2901766300201416,1.936729907989502,32679,2.389878511428833,
1.0996150970458984,31,1.1542596817016602,2.103926420211792,32689,2.338031768798828,
1.0101476907730103,31,1.2257741689682007,2.0176281929016113,32699,2.316627025604248,
0.9622124433517456,31,1.1634987592697144,2.0008678436279297,32709,2.2057459354400635,
1.1784793138504028,31,1.1603612899780273,2.026409864425659,32719,2.4198968410491943,
1.0983335971832275,31,1.201308012008667,2.099341630935669,32729,2.383615255355835,
0.9334026575088501,31,1.1730453968048096,2.052192211151123,32739,2.1885359287261963,
1.0866118669509888,31,1.1918550729751587,2.080524206161499,32749,2.3616878986358643,
0.8828574419021606,31,1.1053380966186523,1.9810893535614014,32759,2.067439079284668,
0.8827677369117737,31,1.2043862342834473,2.067781925201416,32769,2.169865131378174,
0.7703946828842163,31,1.1666651964187622,2.0570733547210693,32779,2.0193428993225098,
0.8937430381774902,31,1.2012104988098145,1.9506064653396606,32789,2.1729776859283447,
0.9935187697410583,31,1.1533703804016113,1.9706422090530396,32799,2.225714921951294,
0.8003131151199341,31,1.176414966583252,2.074756622314453,32809,2.059718370437622,
0.9903122186660767,31,1.1780587434768677,1.910422444343567,32819,2.2447879314422607,
1.3398663997650146,31,1.1520402431488037,2.205955743789673,32829,2.5801448822021484,
0.9979380369186401,31,1.1405383348464966,1.9247385263442993,32839,2.215466022491455,
1.3307812213897705,31,1.0938777923583984,1.9304627180099487,32849,2.501877546310425,
0.9006034135818481,31,1.1929080486297607,1.897904396057129,32859,2.1694278717041016,
1.013927936553955,31,1.1840473413467407,1.9645428657531738,32869,2.276556968688965,
1.2391879558563232,31,1.20004403591156,2.060530185699463,32879,2.521653175354004,
0.9218443036079407,31,1.123996615409851,2.0796473026275635,32889,2.1290268898010254,
0.895232617855072,31,1.064743995666504,2.020397901535034,32899,2.040792465209961,
0.8939358592033386,31,1.0999479293823242,1.956994891166687,32909,2.0721635818481445,
0.8520046472549438,31,1.2244603633880615,1.9674047231674194,32919,2.1551613807678223,
1.0405173301696777,31,1.0820413827896118,2.0326638221740723,32929,2.2038650512695312,
1.2439299821853638,31,1.1966571807861328,2.1432101726531982,32939,2.526315450668335,
1.032071590423584,31,1.2159055471420288,2.031672716140747,32949,2.3292441368103027,
1.0012339353561401,31,1.1283936500549316,2.04957914352417,32959,2.211610794067383,
1.0250813961029053,31,1.118959903717041,1.947923183441162,32969,2.2219581604003906,
1.1175884008407593,31,1.1120142936706543,1.9836409091949463,32979,2.308948516845703,
1.2117811441421509,31,1.1689889430999756,2.0518128871917725,32989,2.4628427028656006,
1.2830437421798706,31,1.1437597274780273,2.1236681938171387,32999,2.5117502212524414,
0.8674458265304565,31,1.0956735610961914,2.030543327331543,33009,2.0443410873413086,
0.9704694151878357,31,1.1377500295639038,1.9987473487854004,33019,2.188169240951538,
1.0894441604614258,31,1.142138123512268,1.987734317779541,33029,2.311091423034668,
1.0335149765014648,31,1.117226481437683,2.063892364501953,33039,2.233297348022461,
0.861766517162323,31,1.1622729301452637,2.032270669937134,33049,2.105330228805542,
0.9191335439682007,31,1.1701774597167969,2.03271746635437,33059,2.1706197261810303,
0.7745085954666138,31,1.090958833694458,2.033268928527832,33069,1.9467982053756714,
0.9095489382743835,31,1.1633812189102173,1.9392601251602173,33079,2.150500535964966,
1.0424011945724487,31,1.0435746908187866,2.219299554824829,33089,2.174747943878174,
1.2595551013946533,31,1.1622813940048218,2.096879482269287,33099,2.505711555480957,
0.7646937370300293,31,1.0832951068878174,1.9891313314437866,33109,1.9275541305541992,
1.1276236772537231,31,1.0839266777038574,1.9952670335769653,33119,2.291360855102539,
0.8299673795700073,31,1.126346230506897,2.0624167919158936,33129,2.0388102531433105,
1.0161075592041016,31,1.1170504093170166,1.9487141370773315,33139,2.211106538772583,
1.0602872371673584,31,1.12714421749115,1.994467854499817,33149,2.267210006713867,
1.0343773365020752,31,1.085914969444275,1.9628173112869263,33159,2.1988048553466797,
0.6976022720336914,31,1.14927077293396,2.1696677207946777,33169,1.9336597919464111,
1.3617074489593506,31,1.116826057434082,2.040531873703003,33179,2.560154676437378,
,31,,,33183,,2.2729008197784424
0.9640268683433533,32,1.1250492334365845,2.0680389404296875,33189,2.171797513961792,
0.832077145576477,32,1.110872745513916,2.1880087852478027,33199,2.030470132827759,
0.8922041058540344,32,1.1357604265213013,1.9911547899246216,33209,2.1076107025146484,
0.9635361433029175,32,1.0876548290252686,2.015070915222168,33219,2.131793737411499,
0.9685154557228088,32,1.126545786857605,1.9254673719406128,33229,2.1720800399780273,
0.7306140661239624,32,1.12014639377594,2.1606130599975586,33239,1.9371849298477173,
1.083524227142334,32,1.0686157941818237,1.9266388416290283,33249,2.22920560836792,
0.9619159698486328,32,1.1304148435592651,1.9568355083465576,33259,2.1706042289733887,
0.8899414539337158,32,1.0892176628112793,2.039872884750366,33269,2.0607540607452393,
0.9544082283973694,32,1.115875482559204,1.9190943241119385,33279,2.147047519683838,
0.9885511994361877,32,1.069671630859375,2.1748719215393066,33289,2.1452176570892334,
0.6916411519050598,32,1.1976593732833862,2.178663492202759,33299,1.9764471054077148,
0.8654269576072693,32,1.0869618654251099,1.9529545307159424,33309,2.0305068492889404,
0.9343965649604797,32,1.1741782426834106,2.0467522144317627,33319,2.1904449462890625,
0.8414250016212463,32,1.1696451902389526,2.056688070297241,33329,2.0933377742767334,
0.7261257171630859,32,1.0774694681167603,2.090129852294922,33339,1.8872003555297852,
1.1747483015060425,32,1.0724685192108154,2.0504913330078125,33349,2.3292362689971924,
0.8653355240821838,32,1.09450101852417,2.0411059856414795,33359,2.041480779647827,
1.2316534519195557,32,1.1212928295135498,1.9352790117263794,33369,2.4303574562072754,
0.7382584810256958,32,1.0918370485305786,2.228922128677368,33379,1.9192523956298828,
0.7841804027557373,32,1.0555164813995361,2.085434675216675,33389,1.92311429977417,
0.8809751272201538,32,1.1384875774383545,1.9545316696166992,33399,2.0976438522338867,
0.9340591430664062,32,1.1258039474487305,2.1161279678344727,33409,2.144508123397827,
0.8494638204574585,32,1.071133017539978,1.9744148254394531,33419,1.9995734691619873,
0.8647292852401733,32,1.0934211015701294,2.0087907314300537,33429,2.0385019779205322,
0.8442308902740479,32,1.0804476737976074,2.0221362113952637,33439,2.005563974380493,
0.6935546398162842,32,1.021345615386963,2.168086290359497,33449,1.8016237020492554,
0.7058531641960144,32,1.0794587135314941,2.086536407470703,33459,1.868773341178894,
0.8615273237228394,32,1.0708624124526978,2.0317914485931396,33469,2.0136613845825195,
1.0241831541061401,32,1.024335265159607,2.1034460067749023,33479,2.1326563358306885,
0.9682097434997559,32,1.0858248472213745,1.8879876136779785,33489,2.129554271697998,
0.8608831167221069,32,1.083634614944458,2.071833610534668,33499,2.027390956878662,
1.1271851062774658,32,1.0942093133926392,2.2767670154571533,33509,2.312465190887451,
0.9067771434783936,32,1.0853614807128906,1.9985275268554688,33519,2.072079658508301,
0.9242772459983826,32,1.059929609298706,2.085754156112671,33529,2.0676369667053223,
0.8624703884124756,32,1.1035041809082031,1.9467458724975586,33539,2.04384446144104,
0.7085755467414856,32,1.085839033126831,2.159641742706299,33549,1.8808002471923828,
0.7165853977203369,32,1.0549334287643433,2.1350760459899902,33559,1.856921911239624,
0.7127432823181152,32,1.069078803062439,2.196932315826416,33569,1.8696993589401245,
0.9553115367889404,32,1.1101502180099487,2.057507276535034,33579,2.147761821746826,
0.9036113023757935,32,1.2115296125411987,1.982474446296692,33589,2.1944398880004883,
1.0189509391784668,32,1.160949945449829,1.924355149269104,33599,2.2568750381469727,
1.1329680681228638,32,1.0323916673660278,2.0646958351135254,33609,2.2479474544525146,
0.8164181709289551,32,1.127899169921875,1.9603028297424316,33619,2.0227293968200684,
0.812488317489624,32,1.1138792037963867,2.081899404525757,33629,2.0096435546875,
0.890159010887146,32,1.0680197477340698,2.0085833072662354,33639,2.0385220050811768,
0.7419173717498779,32,1.1199727058410645,2.051727056503296,33649,1.94395911693573,
0.8617141246795654,32,1.0603779554367065,1.9991801977157593,33659,2.0020592212677,
0.9175353050231934,32,1.1001331806182861,1.9666260480880737,33669,2.0963335037231445,
0.8085857629776001,32,1.069515585899353,2.2362444400787354,33679,1.9675511121749878,
0.8540660738945007,32,1.0768440961837769,2.004088878631592,33689,2.011073589324951,
0.9649984836578369,32,1.089760422706604,1.994446873664856,33699,2.1345369815826416,
0.9704357981681824,32,1.1633083820343018,2.0030198097229004,33709,2.213865041732788,
0.9272096157073975,32,1.1809468269348145,2.060112237930298,33719,2.190560817718506,
0.8566148281097412,32,1.0700832605361938,1.9138972759246826,33729,2.003253936767578,
0.8072633147239685,32,1.0251694917678833,2.0530717372894287,33739,1.9145556688308716,
0.8185492753982544,32,1.0048766136169434,2.026221752166748,33749,1.9044747352600098,
0.8702540397644043,32,1.1361451148986816,1.9841305017471313,33759,2.0857644081115723,
0.8842940926551819,32,1.0305269956588745,1.9833189249038696,33769,1.9941538572311401,
1.0581985712051392,32,1.0087225437164307,1.9928795099258423,33779,2.146636486053467,
0.8286218047142029,32,1.0415751934051514,2.060025930404663,33789,1.9525980949401855,
0.8730589151382446,32,1.0997823476791382,2.001012086868286,33799,2.0528817176818848,
0.9791004657745361,32,1.056123971939087,1.961957335472107,33809,2.1137027740478516,
1.1708524227142334,32,1.0694401264190674,2.0497050285339355,33819,2.3222806453704834,
1.037797212600708,32,1.11214017868042,2.0418412685394287,33829,2.2316110134124756,
0.9422479867935181,32,1.022527813911438,2.0360240936279297,33839,2.0462167263031006,
0.8851124048233032,32,1.0306657552719116,2.048389196395874,33849,1.9977136850357056,
0.8298214673995972,32,1.0800789594650269,1.998232364654541,33859,1.9898297786712646,
0.7371917366981506,32,1.0399824380874634,2.1779801845550537,33869,1.8642934560775757,
0.861993670463562,32,1.08366060256958,2.0653903484344482,33879,2.0282697677612305,
0.8378129005432129,32,1.0056246519088745,2.0310328006744385,33889,1.9246788024902344,
0.9827451109886169,32,0.9876953959465027,1.9985109567642212,33899,2.0503809452056885,
0.8644430041313171,32,1.024720311164856,2.0970804691314697,33909,1.9730464220046997,
0.6255134344100952,32,1.0309439897537231,2.1324374675750732,33919,1.7417548894882202,
0.7883000373840332,32,1.0596626996994019,2.1304309368133545,33929,1.9331799745559692,
0.9808717370033264,32,0.9857340455055237,2.0608010292053223,33939,2.0490379333496094,
0.7467442750930786,32,1.093795895576477,2.076587200164795,33949,1.9236036539077759,
1.0365715026855469,32,1.0179762840270996,1.970547080039978,33959,2.1333696842193604,
0.6827853918075562,32,1.0451329946517944,2.0334420204162598,33969,1.8092560768127441,
0.9050703048706055,32,0.9916749000549316,2.112398147583008,33979,1.9812411069869995,
0.7419865131378174,32,1.0665968656539917,2.0789990425109863,33989,1.8917433023452759,
0.7610418796539307,32,1.0507749319076538,2.0607073307037354,33999,1.8942451477050781,
0.7747480869293213,32,0.9702174663543701,2.012282371520996,34009,1.8254568576812744,
0.9455609917640686,32,1.028465747833252,2.0215775966644287,34019,2.054889678955078,
0.6519980430603027,32,1.0255823135375977,2.096808910369873,34029,1.7614526748657227,
0.7549482583999634,32,1.1472140550613403,2.1486477851867676,34039,1.9881082773208618,
0.8086334466934204,32,1.0378081798553467,1.992302656173706,34049,1.9261337518692017,
1.1172974109649658,32,1.0534194707870483,1.927061915397644,34059,2.2477991580963135,
0.9228824377059937,32,1.055943250656128,2.074688196182251,34069,2.0618131160736084,
0.7607219815254211,32,1.0717202425003052,1.969560146331787,34079,1.9112247228622437,
0.7607415914535522,32,1.0993927717208862,2.067335844039917,34089,1.942827820777893,
1.0782309770584106,32,1.0243501663208008,1.9721893072128296,34099,2.1814684867858887,
0.8598105907440186,32,1.0962011814117432,1.8940953016281128,34109,2.03177547454834,
0.8082347512245178,32,1.0563828945159912,1.997702717781067,34119,1.9445257186889648,
0.8277841210365295,32,1.0130960941314697,1.9872188568115234,34129,1.9203689098358154,
0.7766100168228149,32,0.9692665338516235,2.093210220336914,34139,1.829604983329773,
0.908888578414917,32,1.0125099420547485,1.9512660503387451,34149,1.9994491338729858,
0.7483013272285461,32,0.9819691777229309,2.10125732421875,34159,1.8143208026885986,
0.7558674812316895,32,1.1211740970611572,1.9670112133026123,34169,1.9557219743728638,
0.803712010383606,32,1.0984752178192139,2.1283490657806396,34179,1.987321138381958,
0.8389254808425903,32,1.009053349494934,2.150315284729004,34189,1.9339914321899414,
1.0681618452072144,32,1.076623797416687,1.7671210765838623,34199,2.215470552444458,
0.9353516697883606,32,0.9977005124092102,1.9764195680618286,34209,2.0121090412139893,
0.7988440990447998,32,1.0077067613601685,1.9875497817993164,34219,1.8860528469085693,
,32,,,34220,,2.0489256381988525
0.7496194839477539,33,0.9905508160591125,1.9911305904388428,34229,1.8198155164718628,
0.6494646072387695,33,1.0667179822921753,2.063640832901001,34239,1.7987282276153564,
1.109370231628418,33,1.0657342672348022,1.9648597240447998,34249,2.2536990642547607,
0.9351615905761719,33,1.0065094232559204,1.995053768157959,34259,2.0214731693267822,
0.7927680015563965,33,1.049195408821106,2.0443124771118164,34269,1.9237358570098877,
0.7154783010482788,33,1.0573416948318481,2.1159543991088867,34279,1.8574581146240234,
0.8728132247924805,33,1.0362272262573242,2.1488680839538574,34289,1.9949951171875,
0.739040732383728,33,1.0404037237167358,1.9832322597503662,34299,1.8587737083435059,
1.020293951034546,33,0.9795518517494202,1.9260400533676147,34309,2.076887369155884,
0.7382723093032837,33,1.0294231176376343,2.0900187492370605,34319,1.8512961864471436,
0.8413652777671814,33,1.0301015377044678,1.9793205261230469,34329,1.9506397247314453,
0.77625972032547,33,1.0559426546096802,1.9881330728530884,34339,1.911727786064148,
0.9245330095291138,33,0.9935013651847839,2.219161033630371,34349,2.006800651550293,
0.721984326839447,33,1.026460886001587,2.0239906311035156,34359,1.8294049501419067,
0.7786455154418945,33,1.0197374820709229,2.109469175338745,34369,1.8827617168426514,
0.8599309325218201,33,1.1081751585006714,2.0284767150878906,34379,2.0492451190948486,
0.9605485200881958,33,1.019730806350708,1.944606065750122,34389,2.058063507080078,
0.8042286038398743,33,0.9776103496551514,2.0353875160217285,34399,1.863254427909851,
0.886978805065155,33,0.9580754041671753,2.1462833881378174,34409,1.9309054613113403,
0.9083592891693115,33,1.028732419013977,2.105285406112671,34419,2.021303176879883,
0.8552851676940918,33,1.006519079208374,1.9922231435775757,34429,1.9414931535720825,
0.6581723690032959,33,1.009886384010315,2.045130729675293,34439,1.7498639822006226,
1.0368934869766235,33,1.0490654706954956,1.9538475275039673,34449,2.1641128063201904,
0.9308239817619324,33,1.0012738704681396,2.0613718032836914,34459,2.0145528316497803,
0.9169873595237732,33,1.088463544845581,2.0657403469085693,34469,2.088080644607544,
1.0006117820739746,33,0.9521477222442627,2.0215978622436523,34479,2.033623456954956,
0.6781331896781921,33,0.9652233123779297,2.0303215980529785,34489,1.7245694398880005,
0.8893941640853882,33,0.9812015891075134,2.0102121829986572,34499,1.951004147529602,
0.8992344737052917,33,1.0047215223312378,2.057551622390747,34509,1.9862580299377441,
0.888166606426239,33,0.9996272921562195,2.066336154937744,34519,1.970447301864624,
0.8284153342247009,33,1.015441656112671,1.9419453144073486,34529,1.9215348958969116,
0.8764225244522095,33,0.9954640865325928,1.9414780139923096,34539,1.9495457410812378,
1.0844215154647827,33,1.122485637664795,2.0502872467041016,34549,2.2889187335968018,
0.8837693929672241,33,0.9932816028594971,1.9822360277175903,34559,1.9563404321670532,
0.7916736602783203,33,1.0145726203918457,1.9613215923309326,34569,1.8846991062164307,
0.6442051529884338,33,0.9464238882064819,2.144300937652588,34579,1.676401138305664,
0.6051869988441467,33,1.0055484771728516,2.195190906524658,34589,1.6985430717468262,
0.8157013654708862,33,0.9855450987815857,1.841639757156372,34599,1.8749120235443115,
0.8198733329772949,33,0.9649775624275208,1.9922856092453003,34609,1.8645422458648682,
0.6885152459144592,33,1.0086768865585327,1.9719619750976562,34619,1.7760707139968872,
0.9026384353637695,33,1.019605278968811,1.8842170238494873,34629,1.9976123571395874,
0.7945647239685059,33,1.0682753324508667,2.0601534843444824,34639,1.9452462196350098,
0.7632548809051514,33,0.9613726735115051,1.9751315116882324,34649,1.8036327362060547,
0.6877885460853577,33,1.0042740106582642,2.0988409519195557,34659,1.7760162353515625,
0.9790685176849365,33,1.024613857269287,2.0048987865448,34669,2.0838782787323,
0.751919150352478,33,1.0300477743148804,1.9855080842971802,34679,1.8613872528076172,
0.7550843358039856,33,0.9724319577217102,1.966503620147705,34689,1.8061764240264893,
0.6874781847000122,33,0.9720265865325928,2.031669855117798,34699,1.7407715320587158,
0.7788664102554321,33,1.0488996505737305,1.9269919395446777,34709,1.9048457145690918,
0.7168561220169067,33,1.1070510149002075,2.005742311477661,34719,1.9041367769241333,
1.0085175037384033,33,1.022337555885315,2.0027952194213867,34729,2.110966920852661,
0.8907655477523804,33,1.059949278831482,2.142737627029419,34739,2.036424398422241,
0.7813640236854553,33,0.9580719470977783,1.9032957553863525,34749,1.8155677318572998,
0.7862173914909363,33,0.9733071327209473,2.004173517227173,34759,1.8396915197372437,
0.7167019248008728,33,1.1054089069366455,2.0672366619110107,34769,1.9048004150390625,
0.91401606798172,33,1.0543259382247925,1.9294909238815308,34779,2.0455217361450195,
0.8063719272613525,33,0.9894881844520569,2.006462335586548,34789,1.876118540763855,
0.7785109281539917,33,1.0031311511993408,2.0091748237609863,34799,1.862009048461914,
0.7989047765731812,33,0.9914074540138245,2.0596375465393066,34809,1.8726978302001953,
0.7751238942146301,33,0.9798980951309204,2.078314781188965,34819,1.838154673576355,
0.7840001583099365,33,0.9621036648750305,2.0066516399383545,34829,1.8263698816299438,
0.6875430941581726,33,1.0717284679412842,2.0504813194274902,34839,1.841290831565857,
0.7153098583221436,33,0.9620047807693481,2.0590531826019287,34849,1.7596768140792847,
0.7241928577423096,33,1.018979787826538,1.9704833030700684,34859,1.8219919204711914,
0.7616814374923706,33,0.9462119340896606,2.0419511795043945,34869,1.7895714044570923,
0.7846455574035645,33,0.9622493982315063,1.9557422399520874,34879,1.8251246213912964,
0.867570698261261,33,1.0332659482955933,1.8919763565063477,34889,1.976515769958496,
0.878410279750824,33,1.0430140495300293,2.088468074798584,34899,2.0049631595611572,
0.7845917344093323,33,1.097881555557251,2.0579702854156494,34909,1.964792013168335,
0.8029292821884155,33,1.0640084743499756,1.941208004951477,34919,1.9445860385894775,
0.6931353807449341,33,0.9756664633750916,2.0223376750946045,34929,1.7496953010559082,
0.7084827423095703,33,1.0107197761535645,2.01523756980896,34939,1.7998120784759521,
0.8184409141540527,33,1.0542289018630981,1.971955418586731,34949,1.9515479803085327,
0.609534740447998,33,1.0121095180511475,2.0119335651397705,34959,1.702121615409851,
0.665520191192627,33,0.9927449822425842,1.9458250999450684,34969,1.7360981702804565,
0.8430103659629822,33,0.9675222635269165,1.87654447555542,34979,1.885594367980957,
0.7472423315048218,33,1.0158958435058594,1.8749113082885742,34989,1.8381346464157104,
0.6475305557250977,33,0.9595730900764465,2.0197408199310303,34999,1.687893271446228,
0.6412350535392761,33,1.0481655597686768,2.007096767425537,35009,1.7696845531463623,
0.7946828603744507,33,1.0596861839294434,2.0788583755493164,35019,1.937523365020752,
0.9547467231750488,33,0.9798370003700256,1.9614092111587524,35029,2.013040065765381,
0.8659369349479675,33,0.9669406414031982,1.990303635597229,35039,1.9124897718429565,
0.9457051753997803,33,1.033044695854187,1.9718000888824463,35049,2.057621955871582,
0.7855145931243896,33,1.0362401008605957,1.9339864253997803,35059,1.8991141319274902,
0.6841269731521606,33,1.0382521152496338,1.9306566715240479,35069,1.799605369567871,
1.0178406238555908,33,0.9546307325363159,1.9203661680221558,35079,2.049285888671875,
0.8301423192024231,33,1.021873950958252,1.9557957649230957,35089,1.9302480220794678,
0.8354272842407227,33,0.9927297830581665,1.9815685749053955,35099,1.9074198007583618,
0.7206040620803833,33,0.9577168226242065,2.057905912399292,35109,1.7606371641159058,
1.073087453842163,33,0.9690892100334167,1.8788840770721436,35119,2.1173319816589355,
0.5688769817352295,33,0.9899858832359314,2.111064910888672,35129,1.6433055400848389,
1.031731367111206,33,0.9855165481567383,2.09535813331604,35139,2.101062297821045,
0.8437408208847046,33,1.024014949798584,1.9351154565811157,35149,1.9451603889465332,
0.7672343254089355,33,1.007224678993225,1.8740452527999878,35159,1.8494207859039307,
0.920710027217865,33,1.0178625583648682,1.9524195194244385,35169,2.016669511795044,
0.8468822240829468,33,1.0295201539993286,1.9472414255142212,35179,1.9542920589447021,
0.9237847924232483,33,0.9845964312553406,2.03857159614563,35189,1.9899240732192993,
0.9340384006500244,33,1.1505271196365356,2.0552544593811035,35199,2.166775703430176,
0.6644055843353271,33,0.9510449171066284,1.9825146198272705,35209,1.6947510242462158,
0.717932403087616,33,1.0216987133026123,2.0192840099334717,35219,1.8204025030136108,
0.658985435962677,33,0.9910536408424377,2.005586624145508,35229,1.7302625179290771,
1.097909688949585,33,1.039689540863037,2.084242343902588,35239,2.2209689617156982,
0.9752355217933655,33,1.0587447881698608,1.9533382654190063,35249,2.1121139526367188,
,33,,,35257,,1.9153929948806763
0.6545447111129761,34,0.9341323375701904,2.066432476043701,35259,1.6713343858718872,
0.8030928373336792,34,1.069115400314331,1.9636608362197876,35269,1.9507546424865723,
0.7325208187103271,34,1.0573372840881348,2.0290231704711914,35279,1.8710190057754517,
0.7882282733917236,34,1.053916573524475,2.003331422805786,35289,1.9222780466079712,
0.8293501138687134,34,1.0778594017028809,1.9551335573196411,35299,1.9854148626327515,
0.7438132762908936,34,0.9687655568122864,1.9572888612747192,35309,1.7908703088760376,
0.6718300580978394,34,0.971673309803009,2.0186822414398193,35319,1.7242506742477417,
0.7438024878501892,34,1.0079519748687744,1.9729390144348145,35329,1.830672025680542,
0.7325201034545898,34,0.9997079372406006,1.9634737968444824,35339,1.8107669353485107,
0.6764064431190491,34,0.9529414772987366,2.0889203548431396,35349,1.712904691696167,
0.7455459833145142,34,1.0369722843170166,1.9274027347564697,35359,1.859614372253418,
0.7041551470756531,34,1.0406486988067627,1.956904649734497,35369,1.823080062866211,
0.5968325138092041,34,1.0816549062728882,2.135122776031494,35379,1.7638922929763794,
0.6732072830200195,34,1.059934139251709,1.942680835723877,35389,1.8108487129211426,
0.9027510285377502,34,0.9846751093864441,1.9899311065673828,35399,1.9670233726501465,
0.674671471118927,34,1.1019024848937988,2.108067035675049,35409,1.8608965873718262,
0.6989349722862244,34,0.9629058241844177,2.0852527618408203,35419,1.745250940322876,
0.6571065187454224,34,0.9932724833488464,2.051281690597534,35429,1.7324302196502686,
0.7548525333404541,34,0.9702304601669312,2.144181251525879,35439,1.8108502626419067,
0.5953105688095093,34,0.9470831155776978,1.9670827388763428,35449,1.6210769414901733,
0.6114532947540283,34,1.0099142789840698,2.0235214233398438,35459,1.7023084163665771,
0.7691822052001953,34,0.9961145520210266,1.9631587266921997,35469,1.8438230752944946,
0.639655351638794,34,0.9543275237083435,1.9248371124267578,35479,1.6709764003753662,
0.745587944984436,34,0.9927945733070374,2.0487122535705566,35489,1.82033109664917,
0.9356034994125366,34,0.9454811811447144,2.061244010925293,35499,1.9635344743728638,
0.9736966490745544,34,0.9504772424697876,1.984955072402954,35509,2.0035719871520996,
0.6043280959129333,34,0.99354088306427,1.944494605064392,35519,1.6756486892700195,
0.6584622859954834,34,0.9975724816322327,2.0122339725494385,35529,1.7365241050720215,
0.8246859312057495,34,0.9782695174217224,1.9389843940734863,35539,1.8805147409439087,
0.6135855317115784,34,1.0199427604675293,1.9562658071517944,35549,1.7117788791656494,
0.7647426128387451,34,1.0179452896118164,1.9656771421432495,35559,1.8613150119781494,
1.175783395767212,34,1.016094446182251,2.1371724605560303,35569,2.277364730834961,
0.7749571800231934,34,0.9731339812278748,1.9957466125488281,35579,1.8279210329055786,
0.7680389881134033,34,0.9953500032424927,2.029783010482788,35589,1.8445802927017212,
0.8472496867179871,34,1.0451239347457886,1.9160434007644653,35599,1.9690152406692505,
0.7283667325973511,34,0.9458177089691162,2.0428459644317627,35609,1.7558982372283936,
0.742415189743042,34,0.9726863503456116,1.9320101737976074,35619,1.7923818826675415,
0.9223001599311829,34,1.1403188705444336,1.9557567834854126,35629,2.1408493518829346,
0.8021914958953857,34,0.9916144013404846,2.0363240242004395,35639,1.8752588033676147,
0.8720600008964539,34,0.9939059019088745,2.0821871757507324,35649,1.9492533206939697,
0.7554084658622742,34,0.9713520407676697,2.1630051136016846,35659,1.813280701637268,
0.6604281663894653,34,1.0146052837371826,2.047675848007202,35669,1.756940484046936,
0.6127299666404724,34,1.0177185535430908,2.116116762161255,35679,1.7150932550430298,
0.8088582754135132,34,1.0363216400146484,1.9562678337097168,35689,1.9234306812286377,
0.6728407144546509,34,1.116260290145874,1.9970645904541016,35699,1.8689836263656616,
0.7893397808074951,34,1.0264337062835693,1.887250542640686,35709,1.891263484954834,
0.7843339443206787,34,0.9857813715934753,1.8992208242416382,35719,1.8460842370986938,
0.6383157968521118,34,1.0353087186813354,2.0437862873077393,35729,1.7553759813308716,
0.7943947315216064,34,0.9790523648262024,1.9961477518081665,35739,1.8532929420471191,
0.8181971907615662,34,0.9491500854492188,1.9616793394088745,35749,1.8458144664764404,
0.6247093677520752,34,1.0136892795562744,2.0178871154785156,35759,1.7191141843795776,
0.697510838508606,34,0.9881095290184021,1.9377490282058716,35769,1.7631303071975708,
0.956078290939331,34,0.9720538854598999,1.8603733777999878,35779,2.002547025680542,
0.7655777931213379,34,0.951389491558075,2.0640978813171387,35789,1.7995312213897705,
0.7743020057678223,34,0.998530387878418,2.001727342605591,35799,1.8529014587402344,
0.9747148156166077,34,0.9427419900894165,1.993090271949768,35809,1.997180461883545,
0.7422991991043091,34,0.9395223259925842,2.079737663269043,35819,1.7650110721588135,
0.7943001985549927,34,1.0005043745040894,1.9518321752548218,35829,1.872877836227417,
0.7528813481330872,34,1.0610568523406982,1.990235447883606,35839,1.893547534942627,
0.7135365605354309,34,1.0734564065933228,1.9248180389404297,35849,1.8639857769012451,
0.8764432072639465,34,0.9318827390670776,2.0157785415649414,35859,1.888957142829895,
0.8227478861808777,34,1.0000954866409302,2.0137062072753906,35869,1.9033915996551514,
0.6861090660095215,34,1.0625180006027222,2.0612998008728027,35879,1.8310790061950684,
0.8269041776657104,34,0.9986151456832886,1.981218934059143,35889,1.9047681093215942,
0.7263691425323486,34,0.941817581653595,2.036837100982666,35899,1.7496601343154907,
0.5568019151687622,34,0.9850170612335205,2.0302679538726807,35909,1.6230297088623047,
0.8115192651748657,34,0.9585094451904297,1.9363067150115967,35919,1.8474810123443604,
0.9617069363594055,34,0.9821826815605164,1.9304660558700562,35929,2.0211081504821777,
0.7598735094070435,34,0.9845212697982788,1.997373342514038,35939,1.8242896795272827,
0.7968367338180542,34,1.039913296699524,2.019562005996704,35949,1.9175325632095337,
0.7817040085792542,34,0.9541015625,1.9957104921340942,35959,1.8156338930130005,
0.7055091857910156,34,0.9987826347351074,1.9758988618850708,35969,1.7833278179168701,
1.1574254035949707,34,0.9811047911643982,2.0078392028808594,35979,2.218843936920166,
0.550886869430542,34,0.9851221442222595,2.0730626583099365,35989,1.618931531906128,
0.664354681968689,34,0.9073361754417419,1.960210919380188,35999,1.650099277496338,
0.7248646020889282,34,0.9679443836212158,2.0267622470855713,36009,1.7738795280456543,
0.7217986583709717,34,0.9838300943374634,1.9490867853164673,36019,1.7835922241210938,
0.5827267169952393,34,0.9899184107780457,1.96918523311615,36029,1.6514126062393188,
0.7159780263900757,34,0.94297194480896,1.9497146606445312,36039,1.7369385957717896,
0.7959014773368835,34,1.0312635898590088,1.9629263877868652,36049,1.9056822061538696,
0.8279567956924438,34,0.9412003755569458,2.040062427520752,36059,1.8507596254348755,
0.7812806367874146,34,0.9610226154327393,2.0352392196655273,36069,1.8237128257751465,
1.342900276184082,34,0.9441917538642883,1.9707107543945312,36079,2.365920305252075,
0.8920942544937134,34,0.9648168683052063,1.9269734621047974,36089,1.9339901208877563,
0.7969825267791748,34,0.9933381676673889,1.9511903524398804,36099,1.8683682680130005,
0.5705760717391968,34,0.9769559502601624,2.042212963104248,36109,1.6292206048965454,
0.8253856301307678,34,0.9134607315063477,1.9632742404937744,36119,1.8173773288726807,
1.2129502296447754,34,0.9523500204086304,1.958627700805664,36129,2.243645429611206,
0.5490667819976807,34,0.9864321351051331,2.102968692779541,36139,1.6196175813674927,
0.4705970883369446,34,0.8953059315681458,2.064481019973755,36149,1.4484822750091553,
0.8971174955368042,34,0.9780293107032776,2.0014967918395996,36159,1.9552067518234253,
0.653066873550415,34,0.9687891602516174,2.051089286804199,36169,1.7038995027542114,
0.7628816366195679,34,0.9586660861968994,1.9394744634628296,36179,1.7991267442703247,
0.7804853320121765,34,0.9578673243522644,2.05767822265625,36189,1.8206597566604614,
0.7997305393218994,34,0.9833387136459351,2.1768715381622314,36199,1.8701441287994385,
0.8024437427520752,34,0.9200121164321899,1.9116569757461548,36209,1.7989221811294556,
0.715999960899353,34,0.9053736329078674,2.0355100631713867,36219,1.702794075012207,
1.034208059310913,34,0.9535558819770813,2.031280755996704,36229,2.0690150260925293,
0.6687029600143433,34,1.039571762084961,1.9471033811569214,36239,1.786158800125122,
0.7596464157104492,34,0.9650543928146362,2.0346641540527344,36249,1.8060873746871948,
0.7053676843643188,34,0.912713348865509,1.977802038192749,36259,1.6971931457519531,
0.725634753704071,34,0.9668059349060059,1.9612185955047607,36269,1.7708895206451416,
0.6908069849014282,34,0.930303692817688,2.046391487121582,36279,1.702966332435608,
0.588632345199585,34,0.9276041984558105,2.0156173706054688,36289,1.5968612432479858,
,34,,,36294,,1.8348098993301392
0.8716691136360168,35,0.9381200075149536,2.0568747520446777,36299,1.8920642137527466,
0.6867006421089172,35,1.0218716859817505,1.9925575256347656,36309,1.7882746458053589,
0.7393386363983154,35,0.9791848063468933,1.9591439962387085,36319,1.796889305114746,
0.7585071325302124,35,0.9891168475151062,2.0569937229156494,36329,1.8299037218093872,
0.9232198596000671,35,0.9757589101791382,1.9001171588897705,36339,1.9749834537506104,
0.9790158271789551,35,0.9963298439979553,1.9040838479995728,36349,2.051508903503418,
0.8690930604934692,35,0.8719987273216248,1.9566376209259033,36359,1.8193572759628296,
0.6378747820854187,35,1.0055562257766724,1.9608080387115479,36369,1.7218632698059082,
0.5684949159622192,35,0.9973488450050354,1.9487016201019287,36379,1.643791913986206,
0.7647758722305298,35,0.8641695976257324,1.9337745904922485,36389,1.706296443939209,
0.8377660512924194,35,0.9489964246749878,2.0441789627075195,36399,1.8685296773910522,
0.8933157920837402,35,1.0466651916503906,1.9320459365844727,36409,2.0172629356384277,
0.6284054517745972,35,0.9918296337127686,1.8803778886795044,36419,1.6954501867294312,
0.690719485282898,35,0.929326057434082,2.074915647506714,36429,1.7030421495437622,
0.8693140149116516,35,0.9291254878044128,2.0846705436706543,36439,1.8818262815475464,
1.0228450298309326,35,1.0971589088439941,1.9675735235214233,36449,2.198706865310669,
0.6587486267089844,35,0.9711073637008667,2.0254132747650146,36459,1.7108725309371948,
0.5345397591590881,35,1.0815471410751343,2.0277061462402344,36469,1.6971951723098755,
0.6690219640731812,35,0.9796926379203796,2.1560535430908203,36479,1.7349567413330078,
0.8091846704483032,35,0.927664041519165,1.97243070602417,36489,1.8157459497451782,
0.8641780614852905,35,0.907089114189148,1.9049581289291382,36499,1.8474655151367188,
0.633406400680542,35,0.9651581048965454,1.927062749862671,36509,1.6756470203399658,
0.8223114013671875,35,0.9708343148231506,2.0006842613220215,36519,1.8731729984283447,
1.2038867473602295,35,0.9404246211051941,2.052114248275757,36529,2.226396083831787,
0.5501424074172974,35,1.0217649936676025,1.967484712600708,36539,1.6506067514419556,
0.9702788591384888,35,0.9591708183288574,1.8515688180923462,36549,2.003512382507324,
0.7421349287033081,35,0.8921973705291748,1.9281551837921143,36559,1.711458444595337,
0.637663722038269,35,0.954505980014801,2.067523956298828,36569,1.6748707294464111,
0.5897438526153564,35,0.9973340630531311,1.9014599323272705,36579,1.6631362438201904,
0.5691743493080139,35,0.9439290165901184,1.9152352809906006,36589,1.5897127389907837,
0.7857548594474792,35,0.9846242070198059,1.9428778886795044,36599,1.8480942249298096,
0.7291063070297241,35,0.8887211084365845,2.0895168781280518,36609,1.7014081478118896,
0.6843254566192627,35,0.9365110993385315,1.924824833869934,36619,1.6978294849395752,
0.5695204734802246,35,0.9763347506523132,2.003862142562866,36629,1.6260098218917847,
0.9347800016403198,35,0.9531459212303162,1.7896724939346313,36639,1.959512710571289,
0.797855019569397,35,0.9146658778190613,1.9470809698104858,36649,1.7904040813446045,
0.5712550282478333,35,0.8785853385925293,2.083570957183838,36659,1.5331830978393555,
0.7687669396400452,35,0.924309253692627,1.8931294679641724,36669,1.7688013315200806,
0.6846048831939697,35,0.9812331199645996,1.9949687719345093,36679,1.7456367015838623,
0.7286003828048706,35,0.9421807527542114,1.9578797817230225,36689,1.7490962743759155,
0.8776770830154419,35,0.9026327729225159,2.1360764503479004,36699,1.865752935409546,
1.0419411659240723,35,0.932046115398407,1.9555952548980713,36709,2.052211046218872,
0.6439850926399231,35,0.907353937625885,1.926235556602478,36719,1.6283884048461914,
0.8069220185279846,35,0.8739727735519409,1.9211513996124268,36729,1.75774085521698,
0.5968636870384216,35,0.9858922958374023,1.9850279092788696,36739,1.6621571779251099,
0.8140096664428711,35,0.8631645441055298,1.9682247638702393,36749,1.7559032440185547,
0.5919584035873413,35,0.9251973032951355,1.9879059791564941,36759,1.5966719388961792,
0.6974979043006897,35,0.8875308036804199,1.9938856363296509,36769,1.6647840738296509,
0.7721803784370422,35,0.9945081472396851,2.0480217933654785,36779,1.848609447479248,
0.627397358417511,35,0.9572783708572388,1.9908928871154785,36789,1.6643115282058716,
0.6609869599342346,35,0.9818803071975708,1.8966188430786133,36799,1.7187321186065674,
0.6578861474990845,35,0.9121781587600708,2.015378475189209,36809,1.6506794691085815,
0.7838355898857117,35,1.178828239440918,1.9434033632278442,36819,2.0404000282287598,
0.6396044492721558,35,0.9137992262840271,2.2041540145874023,36829,1.64156973361969,
0.6804293394088745,35,0.8982932567596436,1.8273428678512573,36839,1.6518163681030273,
0.6800403594970703,35,0.9053282737731934,2.0069491863250732,36849,1.6656465530395508,
1.025124430656433,35,0.8810358047485352,1.9569045305252075,36859,1.9844363927841187,
0.7762465476989746,35,0.8811897039413452,2.0668811798095703,36869,1.7401114702224731,
0.6928777098655701,35,1.0199675559997559,1.9270745515823364,36879,1.7899283170700073,
0.6940956115722656,35,0.9034528732299805,2.0085721015930176,36889,1.6778913736343384,
0.5782572031021118,35,0.9576609134674072,1.9472737312316895,36899,1.6138091087341309,
0.7511805295944214,35,0.9283415675163269,1.8887156248092651,36909,1.755070686340332,
0.8900212645530701,35,0.980526864528656,1.9000983238220215,36919,1.946552038192749,
0.6091829538345337,35,0.8708760738372803,1.8992416858673096,36929,1.5560287237167358,
0.5302937030792236,35,0.8981239199638367,2.036478042602539,36939,1.5098768472671509,
0.6340132355690002,35,0.8974656462669373,2.068040370941162,36949,1.614200472831726,
0.5842685699462891,35,1.0124636888504028,2.112746238708496,36959,1.6812421083450317,
0.6402974128723145,35,0.9420080780982971,1.9043558835983276,36969,1.6584796905517578,
0.8405486345291138,35,0.9049857258796692,1.855299949645996,36979,1.8197463750839233,
0.6540873050689697,35,0.8696132898330688,1.9510022401809692,36989,1.6017407178878784,
0.6064009666442871,35,0.9153198599815369,2.018017053604126,36999,1.6024415493011475,
0.6208311319351196,35,0.9433295726776123,2.0831358432769775,37009,1.6474860906600952,
0.6132118701934814,35,0.9337918758392334,1.9725110530853271,37019,1.6259042024612427,
0.6211971044540405,35,1.0019543170928955,2.015387773513794,37029,1.703766942024231,
0.5374276041984558,35,0.9248380661010742,2.0601632595062256,37039,1.5446722507476807,
0.8601633310317993,35,1.0014795064926147,1.900922417640686,37049,1.9376797676086426,
0.6420655846595764,35,0.9812312722206116,1.9477722644805908,37059,1.7012077569961548,
0.7035602927207947,35,0.8797192573547363,1.9929118156433105,37069,1.6629960536956787,
0.6364097595214844,35,0.905791699886322,1.91873300075531,37079,1.6189508438110352,
0.6732381582260132,35,0.9288944602012634,1.98833429813385,37089,1.6816658973693848,
0.7752208709716797,35,0.9331318736076355,1.9381325244903564,37099,1.78587806224823,
0.5642110705375671,35,0.938572108745575,2.0354490280151367,37109,1.5842010974884033,
0.7899840474128723,35,0.9087109565734863,1.917222261428833,37119,1.7753838300704956,
0.6631884574890137,35,0.9477139711380005,1.8994349241256714,37129,1.6868798732757568,
0.847213625907898,35,0.9563958048820496,1.8761699199676514,37139,1.8786561489105225,
0.7362581491470337,35,0.9197510480880737,2.1582438945770264,37149,1.7423388957977295,
0.6671572327613831,35,0.9113928079605103,1.9301542043685913,37159,1.6557562351226807,
0.868472695350647,35,0.8880720734596252,1.9581025838851929,37169,1.8348689079284668,
0.6715419292449951,35,0.9448323845863342,1.8233845233917236,37179,1.6893095970153809,
1.0120210647583008,35,0.9065737128257751,1.8554251194000244,37189,1.9928117990493774,
0.5893053412437439,35,0.9384856224060059,1.9737440347671509,37199,1.6067408323287964,
0.5876390337944031,35,0.9092223048210144,1.874639868736267,37209,1.5718469619750977,
0.568457841873169,35,0.9642946124076843,2.0396671295166016,37219,1.6143392324447632,
0.6561492085456848,35,0.9572145342826843,1.922349452972412,37229,1.6902576684951782,
0.5651223063468933,35,0.8922436237335205,1.9358088970184326,37239,1.5347983837127686,
0.7572431564331055,35,0.9092023372650146,1.9799171686172485,37249,1.7456421852111816,
0.7909011840820312,35,0.9210662245750427,2.105523109436035,37259,1.7961883544921875,
0.623450756072998,35,0.9528156518936157,1.9493151903152466,37269,1.6542390584945679,
0.6560524106025696,35,0.9264435172080994,2.020803689956665,37279,1.6633280515670776,
0.6987816095352173,35,0.9136880040168762,1.9274269342422485,37289,1.689566731452942,
0.6912552118301392,35,0.9161168336868286,1.8966096639633179,37299,1.6832364797592163,
0.696840763092041,35,0.9158050417900085,1.9097521305084229,37309,1.6890358924865723,
0.8263780474662781,35,0.9893026351928711,1.9722371101379395,37319,1.894570231437683,
0.5703301429748535,35,0.8816277980804443,1.9403764009475708,37329,1.5295729637145996,
,35,,,37331,,1.7363228797912598
0.5829838514328003,36,0.8675225377082825,1.929944396018982,37339,1.5277042388916016,
0.6883484125137329,36,0.9972295165061951,1.9265044927597046,37349,1.7626380920410156,
0.8209799528121948,36,0.986866295337677,1.8923277854919434,37359,1.8835394382476807,
0.5884865522384644,36,0.940308690071106,1.9205247163772583,37369,1.6056162118911743,
0.5149027705192566,36,0.9019917249679565,2.0364580154418945,37379,1.4983527660369873,
0.7250627279281616,36,0.931033194065094,1.9660001993179321,37389,1.7347359657287598,
0.6174261569976807,36,0.9182006120681763,1.8284791707992554,37399,1.608765959739685,
0.39899563789367676,36,0.885530412197113,1.9802554845809937,37409,1.3637362718582153,
0.5198884010314941,36,0.882017970085144,1.9925310611724854,37419,1.4816075563430786,
0.5447486639022827,36,0.8726988434791565,1.9574809074401855,37429,1.4957468509674072,
0.5505657196044922,36,0.9605526328086853,2.0695228576660156,37439,1.5938993692398071,
0.5226154923439026,36,0.9494427442550659,1.8891403675079346,37449,1.547623872756958,
0.6095857620239258,36,0.9704902172088623,1.8827438354492188,37459,1.6553857326507568,
0.6160546541213989,36,0.9267870187759399,2.109100341796875,37469,1.627205729484558,
0.530380129814148,36,1.0087727308273315,1.966481328010559,37479,1.617812156677246,
0.6737949848175049,36,0.9118078351020813,1.932822346687317,37489,1.6629157066345215,
0.9402561187744141,36,0.9767806529998779,1.9514141082763672,37499,1.9950933456420898,
0.5510297417640686,36,0.9620242714881897,1.9460535049438477,37509,1.5908961296081543,
0.7630036473274231,36,0.8792283535003662,1.9599777460098267,37519,1.7206310033798218,
0.6971315741539001,36,0.8887542486190796,1.9317659139633179,37529,1.6631563901901245,
0.7121959328651428,36,0.9745352864265442,1.9710296392440796,37539,1.765572428703308,
0.6807414293289185,36,0.9536560773849487,1.925993800163269,37549,1.7114372253417969,
0.8348671793937683,36,0.9474110007286072,1.89585542678833,37559,1.8581123352050781,
0.681591272354126,36,0.892302393913269,1.9152724742889404,37569,1.6505045890808105,
0.6529024243354797,36,0.8548480272293091,1.9134968519210815,37579,1.5842903852462769,
0.9554442167282104,36,0.9244571328163147,1.8201640844345093,37589,1.9527080059051514,
0.7354531288146973,36,0.9172474145889282,1.9695422649383545,37599,1.7314822673797607,
0.6514451503753662,36,0.9758400917053223,2.0165224075317383,37609,1.7079461812973022,
0.5624046921730042,36,0.8825533986091614,1.9618613719940186,37619,1.5234324932098389,
0.5973814129829407,36,0.9358280301094055,2.0197558403015137,37629,1.6139997243881226,
0.6714063882827759,36,0.8599501252174377,1.9282782077789307,37639,1.6084877252578735,
0.7482612133026123,36,0.9911283254623413,1.8370627164840698,37649,1.812872052192688,
0.721656084060669,36,0.8739075660705566,1.9365413188934326,37659,1.6730252504348755,
0.8609588742256165,36,0.914743185043335,2.031421661376953,37669,1.8569588661193848,
0.814152717590332,36,0.8609640002250671,1.8777880668640137,37679,1.7502282857894897,
0.7345877289772034,36,0.9070269465446472,1.8734341859817505,37689,1.7165520191192627,
0.7617537975311279,36,0.8787107467651367,2.0201430320739746,37699,1.7212703227996826,
0.7499446868896484,36,0.91207355260849,1.9944125413894653,37709,1.7417948246002197,
0.6071533560752869,36,0.9938654899597168,1.9507347345352173,37719,1.6790482997894287,
0.8443260192871094,36,0.8529568314552307,1.998731255531311,37729,1.777232050895691,
0.6883164644241333,36,0.9141563177108765,1.9127511978149414,37739,1.6789828538894653,
0.6490272283554077,36,0.8438848257064819,1.8990825414657593,37749,1.5688753128051758,
0.5934474468231201,36,0.8911478519439697,1.8866609334945679,37759,1.5600616931915283,
0.5398508906364441,36,1.0134021043777466,2.049821376800537,37769,1.6352458000183105,
0.8628854751586914,36,0.8920426368713379,1.9281387329101562,37779,1.8320536613464355,
0.5923206806182861,36,0.8480457067489624,1.9768205881118774,37789,1.5194392204284668,
0.6431106925010681,36,0.9588960409164429,1.9001895189285278,37799,1.6780142784118652,
0.6952216625213623,36,0.8847545981407166,1.8722959756851196,37809,1.6548681259155273,
0.7707374095916748,36,0.9089672565460205,2.063798666000366,37819,1.7622566223144531,
0.8175015449523926,36,0.9664559960365295,2.049098253250122,37829,1.8659213781356812,
0.4623892307281494,36,0.8799400329589844,1.9272732734680176,37839,1.4194202423095703,
0.5882265567779541,36,0.8752757906913757,1.7985986471176147,37849,1.5354464054107666,
0.5489619970321655,36,0.8903560042381287,1.9520026445388794,37859,1.5173979997634888,
0.7392396926879883,36,0.8604431748390198,1.95289945602417,37869,1.6777987480163574,
0.48228463530540466,36,0.9271899461746216,2.048649311065674,37879,1.4914206266403198,
0.6163177490234375,36,0.9131508469581604,1.8678635358810425,37889,1.6041830778121948,
0.5307311415672302,36,0.9893012642860413,2.0131921768188477,37899,1.6005600690841675,
0.516977071762085,36,0.8337768912315369,2.0453271865844727,37909,1.4325671195983887,
0.5407088398933411,36,0.9911347031593323,2.049835443496704,37919,1.6138370037078857,
0.6422080993652344,36,0.9758654832839966,2.073723077774048,37929,1.7010225057601929,
0.6052377223968506,36,0.9635584950447083,1.9239132404327393,37939,1.6457526683807373,
0.582638680934906,36,0.8645913004875183,1.8896621465682983,37949,1.5228164196014404,
0.5395487546920776,36,0.9696768522262573,1.9450527429580688,37959,1.587027668952942,
0.753122866153717,36,0.9816089272499084,1.8221864700317383,37969,1.8076192140579224,
0.7888052463531494,36,0.9213520884513855,1.809769868850708,37979,1.782548189163208,
0.5784933567047119,36,0.9878920912742615,1.9291669130325317,37989,1.6435521841049194,
0.6607333421707153,36,0.9357415437698364,2.095047950744629,37999,1.6802767515182495,
0.813180685043335,36,0.8642175793647766,1.8889003992080688,38009,1.7529542446136475,
1.0378646850585938,36,0.8375528454780579,1.8377882242202759,38019,1.948928952217102,
0.7565613985061646,36,0.9471611380577087,1.9667291641235352,38029,1.7823916673660278,
0.5610554814338684,36,0.9602311849594116,1.8958321809768677,38039,1.5971200466156006,
0.5496480464935303,36,0.8881117105484009,1.9100987911224365,38049,1.5141637325286865,
0.5346981287002563,36,0.937915563583374,1.9160298109054565,38059,1.5492548942565918,
0.4993298351764679,36,0.8247715830802917,2.0227131843566895,38069,1.4050099849700928,
0.6390562653541565,36,0.9298887848854065,1.867911696434021,38079,1.6436614990234375,
0.5189682245254517,36,0.8449850678443909,2.075925588607788,38089,1.4469903707504272,
0.4850333034992218,36,0.9196861386299133,1.930611252784729,38099,1.481943964958191,
0.4341437816619873,36,0.8742479085922241,1.9079457521438599,38109,1.3847094774246216,
0.6709344387054443,36,0.8645042181015015,1.8984899520874023,38119,1.6113781929016113,
0.49901455640792847,36,0.8695909976959229,2.0271618366241455,38129,1.4496921300888062,
0.7443081140518188,36,0.9228875637054443,1.8916711807250977,38139,1.7428624629974365,
0.578371524810791,36,0.9138894081115723,2.0045666694641113,38149,1.5724436044692993,
0.7069530487060547,36,0.8836658596992493,1.883225440979004,38159,1.6659479141235352,
0.7053897380828857,36,0.8511351943016052,1.8687690496444702,38169,1.6312757730484009,
0.5507287979125977,36,0.8781400322914124,1.9666017293930054,38179,1.5075328350067139,
0.47687751054763794,36,0.8787246942520142,1.9956318140029907,38189,1.4354275465011597,
0.6807548403739929,36,0.8519689440727234,1.924638271331787,38199,1.6097092628479004,
0.6901849508285522,36,0.961725115776062,1.944854736328125,38209,1.7297042608261108,
0.7173300385475159,36,0.8581789135932922,2.015730857849121,38219,1.6561381816864014,
0.6121268272399902,36,0.8869727253913879,1.9263560771942139,38229,1.5761537551879883,
0.6216855049133301,36,0.9285354614257812,1.8950581550598145,38239,1.626023292541504,
0.7247396111488342,36,0.9077756404876709,1.8388322591781616,38249,1.706068515777588,
0.5299913883209229,36,0.8695301413536072,1.8951289653778076,38259,1.4753267765045166,
0.6411677598953247,36,0.9195743203163147,1.9787089824676514,38269,1.6398905515670776,
0.8716838359832764,36,0.9737583994865417,1.77916419506073,38279,1.9166088104248047,
0.7027329206466675,36,0.9092342853546143,2.0198609828948975,38289,1.6927616596221924,
0.7445606589317322,36,0.9769871830940247,1.896602988243103,38299,1.7974119186401367,
0.5536473393440247,36,0.8696824312210083,1.9703552722930908,38309,1.5021440982818604,
0.4436503052711487,36,0.9551776647567749,1.9508230686187744,38319,1.4768610000610352,
0.5356476306915283,36,0.9567397236824036,1.9216896295547485,38329,1.5692548751831055,
0.5965771675109863,36,0.9247627258300781,2.0040764808654785,38339,1.6015028953552246,
0.443778395652771,36,0.9158772826194763,1.9367436170578003,38349,1.437125325202942,
0.7932286262512207,36,0.9440436363220215,1.948309302330017,38359,1.8152046203613281,
,36,,,38368,,1.6349422931671143
0.6881058812141418,37,0.8700760006904602,1.9244890213012695,38369,1.6351613998413086,
0.5902830958366394,37,0.8256211280822754,1.9664441347122192,38379,1.494562029838562,
0.6170915365219116,37,0.8591675162315369,1.9500752687454224,38389,1.5542620420455933,
0.8564189076423645,37,0.8706516027450562,1.9026226997375488,38399,1.803175449371338,
0.6259849071502686,37,0.9097015857696533,1.8527246713638306,38409,1.6097954511642456,
0.5716432929039001,37,0.912066638469696,1.872801661491394,38419,1.5586220026016235,
0.6531205773353577,37,0.8897285461425781,1.9031860828399658,38429,1.6189764738082886,
0.6106439828872681,37,0.872653067111969,1.8661084175109863,38439,1.5579414367675781,
0.5814107656478882,37,0.8198026418685913,1.876307725906372,38449,1.4762656688690186,
0.6277834177017212,37,0.8869454264640808,2.027021646499634,38459,1.5958096981048584,
0.4499726891517639,37,0.8774849772453308,1.9985343217849731,38469,1.40739905834198,
0.5969007015228271,37,0.8791698813438416,1.9990861415863037,38479,1.5560340881347656,
0.5116928815841675,37,0.8452469706535339,1.91422700881958,38489,1.4335088729858398,
0.9467020034790039,37,0.8508429527282715,1.8964343070983887,38499,1.8734023571014404,
0.7155028581619263,37,0.9163655638694763,1.8565163612365723,38509,1.7061290740966797,
0.7762928605079651,37,0.8287708759307861,1.8844939470291138,38519,1.6804434061050415,
0.5036462545394897,37,0.9475053548812866,1.9235024452209473,38529,1.5280916690826416,
0.5178430080413818,37,0.8743699789047241,1.8607478141784668,38539,1.4666428565979004,
0.6456390023231506,37,0.8798467516899109,1.9461991786956787,38549,1.6033337116241455,
0.6269342303276062,37,0.8735283017158508,1.9301395416259766,38559,1.5776680707931519,
0.6477934122085571,37,0.8771681785583496,1.9438778162002563,38569,1.6027166843414307,
0.6601690649986267,37,0.7954233288764954,1.8808212280273438,38579,1.5308252573013306,
0.6155080795288086,37,0.9316436648368835,1.832313060760498,38589,1.6204442977905273,
0.41455546021461487,37,0.9550470113754272,1.8740524053573608,38599,1.4445645809173584,
0.7331026196479797,37,0.8213254809379578,1.867557168006897,38609,1.6291303634643555,
0.7275025844573975,37,0.8888309597969055,1.9177112579345703,38619,1.6930419206619263,
0.8874601125717163,37,0.8501613736152649,1.806606650352478,38629,1.809885859489441,
0.5676815509796143,37,0.8889201879501343,1.866889238357544,38639,1.5312772989273071,
0.5247020721435547,37,0.9261469841003418,1.9143474102020264,38649,1.5274229049682617,
0.44473856687545776,37,0.9411421418190002,1.9282498359680176,38659,1.4630106687545776,
0.5069779753684998,37,1.0144628286361694,1.9032059907913208,38669,1.5975689888000488,
0.7595838308334351,37,0.8986150622367859,1.8032208681106567,38679,1.7303276062011719,
0.5885811448097229,37,0.9098303318023682,1.8474740982055664,38689,1.5723103284835815,
0.635961651802063,37,0.831361711025238,1.961178183555603,38699,1.5457704067230225,
0.45297712087631226,37,0.8241631388664246,2.005122184753418,38709,1.3573451042175293,
0.5590699911117554,37,0.8304916620254517,1.895896553993225,38719,1.4653974771499634,
0.5482488870620728,37,0.926023006439209,1.9753888845443726,38729,1.5532875061035156,
0.5158729553222656,37,0.8651090264320374,2.0813329219818115,38739,1.4642351865768433,
0.6846680641174316,37,0.8969913125038147,2.042930841445923,38749,1.6633765697479248,
0.6568468809127808,37,0.829226553440094,1.956740140914917,38759,1.5643430948257446,
0.5468342304229736,37,0.8723036646842957,1.8520612716674805,38769,1.4932204484939575,
0.5546441078186035,37,0.9020065069198608,1.8701456785202026,38779,1.531456470489502,
0.5698949098587036,37,0.8644862174987793,1.8143725395202637,38789,1.5069559812545776,
0.7912018299102783,37,0.8667612671852112,1.908627986907959,38799,1.734308123588562,
0.4326188862323761,37,0.9074786901473999,1.9092580080032349,38809,1.4164679050445557,
0.5735539197921753,37,0.8142898082733154,1.8989940881729126,38819,1.4638035297393799,
0.7403862476348877,37,0.8163103461265564,1.921518325805664,38829,1.6335574388504028,
0.5119453072547913,37,0.9130881428718567,1.941603422164917,38839,1.5026975870132446,
0.4423222541809082,37,0.9308093786239624,1.9882274866104126,38849,1.4526606798171997,
0.6093475818634033,37,0.9487313032150269,1.9428468942642212,38859,1.6357927322387695,
0.43129515647888184,37,0.8469928503036499,1.9028292894363403,38869,1.3544012308120728,
0.5166107416152954,37,0.9067689180374146,1.9107980728149414,38879,1.4998115301132202,
0.5892626047134399,37,0.8688344955444336,1.9285216331481934,38889,1.5352379083633423,
0.4688226580619812,37,0.8239304423332214,1.9046285152435303,38899,1.3689382076263428,
0.603488028049469,37,0.9258537292480469,1.9250620603561401,38909,1.606344223022461,
0.577623724937439,37,0.8935519456863403,1.9484533071517944,38919,1.5491137504577637,
0.7205364108085632,37,0.8623944520950317,1.8185759782791138,38929,1.655673861503601,
0.5838507413864136,37,0.7884688377380371,1.8894604444503784,38939,1.447898030281067,
0.5613821744918823,37,0.7903462052345276,1.905957579612732,38949,1.4279667139053345,
0.6308403015136719,37,0.831059992313385,1.9239236116409302,38959,1.5388572216033936,
0.5725025534629822,37,0.8535199761390686,1.8570626974105835,38969,1.5003050565719604,
0.6075714826583862,37,0.8493348956108093,1.8645662069320679,38979,1.5314890146255493,
0.5836485624313354,37,0.8216270208358765,1.9389766454696655,38989,1.4828346967697144,
0.8382389545440674,37,0.8783268332481384,1.8204679489135742,38999,1.7893846035003662,
0.5294994115829468,37,0.8384130001068115,1.9128684997558594,39009,1.4444271326065063,
0.4656122624874115,37,0.8241352438926697,1.9631433486938477,39019,1.3682732582092285,
0.4103650748729706,37,0.9046022295951843,1.9843333959579468,39029,1.3943406343460083,
0.7588826417922974,37,0.9911510944366455,1.7804697751998901,39039,1.8212525844573975,
0.5344768762588501,37,0.8536169528961182,1.9345932006835938,39049,1.4654775857925415,
0.5191805362701416,37,0.7887154221534729,1.8681987524032593,39059,1.3826237916946411,
0.6519045233726501,37,0.8378868699073792,1.7943835258483887,39069,1.561566710472107,
0.8055660724639893,37,0.8313544392585754,2.0149662494659424,39079,1.7175190448760986,
0.6621606349945068,37,0.8665447235107422,1.8513338565826416,39089,1.602758765220642,
0.5317801833152771,37,0.8185176253318787,1.8595905303955078,39099,1.4246814250946045,
0.6748548150062561,37,0.8506097793579102,1.7940843105316162,39109,1.597227931022644,
0.5181284546852112,37,0.8383640050888062,1.9331248998641968,39119,1.4338175058364868,
0.5903976559638977,37,0.8521424531936646,1.8630274534225464,39129,1.5170612335205078,
0.6643267869949341,37,0.836098313331604,1.9041715860366821,39139,1.576591968536377,
0.5265195369720459,37,0.8213438391685486,1.9201987981796265,39149,1.4246714115142822,
0.44078528881073,37,0.8167967796325684,1.9057670831680298,39159,1.3338127136230469,
0.5353431701660156,37,0.8754051923751831,1.8276554346084595,39169,1.4838545322418213,
0.6206842064857483,37,0.8422339558601379,1.866312026977539,39179,1.537570595741272,
0.6093700528144836,37,0.9066983461380005,1.8010622262954712,39189,1.5881109237670898,
0.7222655415534973,37,0.9813438057899475,1.9142003059387207,39199,1.780177354812622,
0.5830527544021606,37,0.8343403339385986,1.8736598491668701,39209,1.4923394918441772,
0.6714869141578674,37,0.8621177077293396,1.9471176862716675,39219,1.6114892959594727,
0.6040797233581543,37,0.8727841377258301,1.8844857215881348,39229,1.5522432327270508,
0.6813201904296875,37,0.8865395784378052,1.8787513971328735,39239,1.6430097818374634,
0.6205681562423706,37,0.8486300110816956,1.8638650178909302,39249,1.5437527894973755,
0.6694318056106567,37,0.8302823305130005,1.8717856407165527,39259,1.5745855569839478,
0.6465861797332764,37,0.9210061430931091,1.928305745124817,39269,1.6447246074676514,
0.8246814608573914,37,0.8697308897972107,1.9545764923095703,39279,1.7725954055786133,
0.531578004360199,37,0.9092236161231995,1.839776873588562,39289,1.5143927335739136,
0.4532190263271332,37,0.7964860796928406,1.9523900747299194,39299,1.3278006315231323,
0.7642278075218201,37,0.8418654799461365,1.9009673595428467,39309,1.6821320056915283,
0.6257878541946411,37,0.8516262173652649,1.866017460823059,39319,1.5520548820495605,
0.46834245324134827,37,0.8212899565696716,1.8892784118652344,39329,1.365203619003296,
0.5745021104812622,37,0.8897841572761536,1.9013856649398804,39339,1.5403417348861694,
0.4172624945640564,37,0.7784844040870667,1.9887670278549194,39349,1.2752975225448608,
0.3689662218093872,37,0.9536794424057007,1.953967809677124,39359,1.4008044004440308,
0.6265415549278259,37,0.7785416841506958,1.9266290664672852,39369,1.482148289680481,
0.4326828718185425,37,0.8862570524215698,1.8498955965042114,39379,1.3929357528686523,
0.5773711204528809,37,0.810467004776001,1.8878898620605469,39389,1.4633537530899048,
0.5712213516235352,37,1.0505887269973755,1.9941056966781616,39399,1.7015743255615234,
,37,,,39405,,1.5628315210342407
0.8003976345062256,38,0.8588974475860596,1.8817322254180908,39409,1.7345644235610962,
0.6109811663627625,38,0.8480589389801025,1.8141264915466309,39419,1.5316052436828613,
0.620502233505249,38,0.9203876256942749,1.9091383218765259,39429,1.617255449295044,
0.5069106817245483,38,0.8150165677070618,1.9184924364089966,39439,1.3986669778823853,
0.6608582735061646,38,0.925011396408081,1.8695560693740845,39449,1.6606519222259521,
0.84793621301651,38,0.832091748714447,1.8667550086975098,39459,1.7546981573104858,
0.565827488899231,38,0.786114513874054,1.940788745880127,39469,1.429573655128479,
0.6936827898025513,38,0.7850173711776733,1.8189280033111572,39479,1.5514572858810425,
0.5399584770202637,38,0.8614982962608337,1.828791856765747,39489,1.4746085405349731,
0.6189568042755127,38,0.799261212348938,1.8839752674102783,39499,1.493577003479004,
0.6454065442085266,38,0.8082536458969116,1.8624616861343384,39509,1.5281586647033691,
0.6111128330230713,38,0.8592638373374939,1.8275290727615356,39519,1.5434778928756714,
0.5007421374320984,38,0.8619629144668579,1.8247367143630981,39529,1.4356944561004639,
0.7239041328430176,38,0.9109447598457336,1.8701168298721313,39539,1.7096534967422485,
0.4373493194580078,38,0.8334779143333435,1.863014578819275,39549,1.3453478813171387,
0.6080279350280762,38,0.835593044757843,1.8235985040664673,39559,1.5165648460388184,
0.4743195176124573,38,0.8163360953330994,1.8673193454742432,39569,1.3653483390808105,
0.5108875632286072,38,0.7652432918548584,1.8875678777694702,39579,1.3516336679458618,
0.5710353851318359,38,0.7576864957809448,1.8223239183425903,39589,1.401614785194397,
0.4332078695297241,38,0.7826547026634216,1.848203182220459,39599,1.2897906303405762,
0.527072012424469,38,0.8082944750785828,1.8636664152145386,39609,1.409913182258606,
0.4184610843658447,38,0.8009577393531799,1.9119232892990112,39619,1.2958956956863403,
0.4013044834136963,38,0.9122632741928101,1.8442445993423462,39629,1.387337565422058,
0.5943101644515991,38,0.8193628787994385,1.8208343982696533,39639,1.486506462097168,
0.5092883110046387,38,0.8012385964393616,1.7746303081512451,39649,1.3815120458602905,
0.48980605602264404,38,0.9027840495109558,1.9428133964538574,39659,1.4703025817871094,
0.5100014209747314,38,0.7817515730857849,1.783020257949829,39669,1.3630738258361816,
0.45707809925079346,38,0.8678215146064758,1.8522478342056274,39679,1.3989895582199097,
0.7140673398971558,38,0.8193552494049072,1.899986743927002,39689,1.6094220876693726,
0.4885983169078827,38,0.8984439373016357,1.8533216714859009,39699,1.4611752033233643,
0.576492190361023,38,0.7690854668617249,1.8806703090667725,39709,1.420804500579834,
0.44289934635162354,38,0.8200019001960754,1.9253644943237305,39719,1.3399158716201782,
0.7112169861793518,38,0.8551587462425232,1.9827781915664673,39729,1.6456868648529053,
0.6824063062667847,38,0.8260067105293274,1.9597522020339966,39739,1.5868031978607178,
0.6802517175674438,38,0.7417241930961609,1.822985053062439,39749,1.4948952198028564,
0.6035429239273071,38,0.8150593638420105,1.8050998449325562,39759,1.490806221961975,
0.7843999266624451,38,0.8144663572311401,1.8122771978378296,39769,1.671357274055481,
0.5791764259338379,38,0.8165199160575867,1.8751342296600342,39779,1.470701813697815,
0.4692261815071106,38,0.7946987748146057,1.9165585041046143,39789,1.3405872583389282,
0.5663166046142578,38,0.8171420693397522,1.8791478872299194,39799,1.4586244821548462,
0.7706936597824097,38,0.852612316608429,1.8126857280731201,39809,1.6958134174346924,
0.4400118589401245,38,0.8020316958427429,1.9305931329727173,39819,1.3192672729492188,
0.6005892157554626,38,0.8138643503189087,1.8671728372573853,39829,1.4891403913497925,
0.5336332321166992,38,0.8460142612457275,1.8538775444030762,39839,1.4538025856018066,
0.47206270694732666,38,0.8065999746322632,1.8310351371765137,39849,1.351904034614563,
0.4494937062263489,38,0.8020796775817871,1.8125654458999634,39859,1.3240759372711182,
0.6040387153625488,38,0.8127754330635071,1.8111518621444702,39869,1.489260196685791,
0.6876605749130249,38,0.8051714897155762,1.9646443128585815,39879,1.5714178085327148,
0.4705345332622528,38,0.8093799948692322,1.8837177753448486,39889,1.3552632331848145,
0.5769156813621521,38,0.9109680652618408,1.7462581396102905,39899,1.5577341318130493,
0.6255393028259277,38,0.8845801949501038,1.9225833415985107,39909,1.5870227813720703,
0.4792780578136444,38,0.7914659976959229,1.9335979223251343,39919,1.348088026046753,
0.6693744659423828,38,0.826823890209198,1.977248191833496,39929,1.5752882957458496,
0.4873344302177429,38,0.8079230189323425,1.8086986541748047,39939,1.367605447769165,
0.5403934717178345,38,0.905195951461792,1.8970509767532349,39949,1.5214715003967285,
0.6562161445617676,38,0.7830334901809692,1.89664888381958,39959,1.5151156187057495,
0.5311424732208252,38,0.7802114486694336,1.8831106424331665,39969,1.3866783380508423,
0.70786452293396,38,0.7621299624443054,1.8751872777938843,39979,1.5450019836425781,
0.5649574995040894,38,0.8174273371696472,1.8558305501937866,39989,1.4566179513931274,
0.4308280646800995,38,0.8122698068618774,1.829959750175476,39999,1.3162963390350342,
0.4459528923034668,38,0.7834041714668274,1.7814130783081055,40009,1.300613522529602,
0.4904257655143738,38,0.8626529574394226,1.7873059511184692,40019,1.424570918083191,
0.5869786143302917,38,0.753545880317688,1.9740474224090576,40029,1.4194862842559814,
0.4735972285270691,38,0.8736859560012817,1.884171485900879,40039,1.4226499795913696,
0.5568630695343018,38,0.7937856316566467,1.958743691444397,40049,1.428998351097107,
0.711400032043457,38,0.9274610280990601,1.823119044303894,40059,1.7117857933044434,
0.6926659345626831,38,0.8126627206802368,1.8217473030090332,40069,1.5781985521316528,
0.6152428388595581,38,0.79625403881073,1.8941600322723389,40079,1.4872633218765259,
0.6391909718513489,38,0.8214056491851807,1.8703413009643555,40089,1.5354101657867432,
0.6342032551765442,38,0.8326157927513123,1.8800599575042725,40099,1.54202139377594,
0.658787727355957,38,0.7886579632759094,1.9137004613876343,40109,1.5239936113357544,
0.546765923500061,38,0.8086983561515808,1.9761496782302856,40119,1.4345102310180664,
0.5241698026657104,38,0.8260147571563721,1.8493562936782837,40129,1.4241588115692139,
0.7323054075241089,38,0.723272979259491,1.8050928115844727,40139,1.5277820825576782,
0.5546450614929199,38,0.7778673768043518,1.8705159425735474,40149,1.4073330163955688,
0.5304533243179321,38,0.8083916902542114,1.889975666999817,40159,1.414444088935852,
0.41841477155685425,38,0.8791749477386475,1.8647066354751587,40169,1.372178077697754,
0.5187596082687378,38,0.766473650932312,1.8832072019577026,40179,1.360561490058899,
0.8102189302444458,38,0.7759110927581787,1.8365978002548218,40189,1.659593939781189,
0.7889756560325623,38,0.7982105016708374,1.8890068531036377,40199,1.6627464294433594,
0.5625717639923096,38,0.8237631916999817,1.8745067119598389,40209,1.4613151550292969,
0.7905486226081848,38,0.7327656745910645,1.842322826385498,40219,1.597007155418396,
0.46374648809432983,38,0.7894259095191956,1.8545541763305664,40229,1.3273545503616333,
0.6423933506011963,38,0.8512426018714905,1.763137698173523,40239,1.5641614198684692,
0.7218206524848938,38,0.7343726754188538,1.7244867086410522,40249,1.5251728296279907,
0.40339773893356323,38,0.8515576720237732,1.8264659643173218,40259,1.3280140161514282,
0.7345802187919617,38,0.8231849670410156,1.8170666694641113,40269,1.6304478645324707,
0.6815330982208252,38,0.774771511554718,1.8816128969192505,40279,1.531569004058838,
0.6525470614433289,38,0.7557410597801208,1.9587299823760986,40289,1.4866373538970947,
0.6657785177230835,38,0.7888387441635132,1.8866114616394043,40299,1.5300817489624023,
0.39851707220077515,38,0.793091356754303,1.8790169954299927,40309,1.2667690515518188,
0.4412989914417267,38,0.8512468934059143,1.8328821659088135,40319,1.365861177444458,
0.5237196087837219,38,0.8247846961021423,1.9082010984420776,40329,1.4248323440551758,
0.4129444360733032,38,0.781337559223175,1.84852933883667,40339,1.2682232856750488,
0.579752504825592,38,0.7748386263847351,1.773413062095642,40349,1.4255276918411255,
0.6408138871192932,38,0.8371313214302063,1.8347034454345703,40359,1.5513333082199097,
0.7237855195999146,38,0.8957263231277466,1.8564045429229736,40369,1.69376802444458,
0.40472283959388733,38,0.7558082342147827,1.8989181518554688,40379,1.2364877462387085,
0.6929264664649963,38,0.8440430164337158,1.798761010169983,40389,1.6089198589324951,
0.44998520612716675,38,0.7842373847961426,1.8064266443252563,40399,1.3064796924591064,
0.4978700280189514,38,0.8118636608123779,1.7921967506408691,40409,1.381421446800232,
0.6878178119659424,38,0.7919865846633911,1.817590594291687,40419,1.552507996559143,
0.5616049766540527,38,0.7680019736289978,1.8190277814865112,40429,1.4023680686950684,
0.708174467086792,38,0.8522028923034668,1.836835265159607,40439,1.6338508129119873,
,38,,,40442,,1.4847537279129028
0.676937460899353,39,0.8003937005996704,1.8110277652740479,40449,1.5497722625732422,
0.7202283143997192,39,0.8903486728668213,1.7879940271377563,40459,1.6820967197418213,
0.7727587819099426,39,0.790371835231781,1.8031624555587769,40469,1.6352571249008179,
0.6520223617553711,39,0.7699455618858337,1.9085816144943237,40479,1.4983112812042236,
0.558667004108429,39,0.8487597703933716,1.880946397781372,40489,1.482664704322815,
0.6268821358680725,39,0.9421427845954895,1.860520601272583,40499,1.6434457302093506,
0.5444372892379761,39,0.9109058380126953,1.8306180238723755,40509,1.5285677909851074,
0.5403518676757812,39,0.7942395210266113,1.8005110025405884,40519,1.4066118001937866,
0.5553137063980103,39,0.7830161452293396,1.8001413345336914,40529,1.4103354215621948,
0.5808160305023193,39,0.7204647660255432,1.866359829902649,40539,1.3759350776672363,
0.43119508028030396,39,0.7982399463653564,1.8355079889297485,40549,1.3028552532196045,
0.4586840867996216,39,0.8958333730697632,1.8142104148864746,40559,1.4270858764648438,
0.7071480751037598,39,0.7789646983146667,1.825892448425293,40569,1.5591485500335693,
0.6270641088485718,39,0.8338415622711182,1.88895583152771,40579,1.5364638566970825,
0.7099144458770752,39,0.809459924697876,1.9081463813781738,40589,1.5957002639770508,
0.8545854091644287,39,0.7676753401756287,1.8258333206176758,40599,1.6952941417694092,
0.4601089358329773,39,0.8707007765769958,1.8587006330490112,40609,1.4051576852798462,
0.9500872492790222,39,0.8410575985908508,1.755933165550232,40619,1.8613821268081665,
0.5828665494918823,39,0.7631579637527466,1.8258297443389893,40629,1.4190577268600464,
0.709392786026001,39,0.8436288833618164,1.8245797157287598,40639,1.6260048151016235,
0.545830249786377,39,0.7807568907737732,1.7676877975463867,40649,1.3972947597503662,
0.5292202234268188,39,0.830403745174408,1.8718312978744507,40659,1.4344971179962158,
0.4682691693305969,39,0.8289596438407898,1.8559699058532715,40669,1.3714675903320312,
0.47254303097724915,39,0.7800724506378174,1.82998788356781,40679,1.325814962387085,
0.5421011447906494,39,0.7716739177703857,1.8461532592773438,40689,1.3876211643218994,
0.5539308190345764,39,0.8532701730728149,1.8025531768798828,40699,1.4793031215667725,
0.5641531944274902,39,0.7371504902839661,1.840874195098877,40709,1.3749386072158813,
0.5965583324432373,39,0.7470594644546509,1.7852684259414673,40719,1.4150285720825195,
0.4248584508895874,39,0.780276358127594,1.766854166984558,40729,1.2758090496063232,
0.6451774835586548,39,0.7864335179328918,1.911966323852539,40739,1.5080896615982056,
0.6039009690284729,39,0.7784799933433533,1.8477894067764282,40749,1.4562925100326538,
0.5638211369514465,39,0.7154259085655212,1.8331717252731323,40759,1.3525738716125488,
0.47901052236557007,39,0.751830518245697,1.8816746473312378,40769,1.306107997894287,
0.3730679750442505,39,0.7702842354774475,1.836174726486206,40779,1.216799259185791,
0.8127508163452148,39,0.8162850141525269,1.834468126296997,40789,1.7024145126342773,
0.42341649532318115,39,0.7246484756469727,1.7775851488113403,40799,1.2191684246063232,
0.48541784286499023,39,0.779024064540863,1.8070420026779175,40809,1.3367236852645874,
0.6559813022613525,39,0.7168263792991638,1.8126330375671387,40819,1.4453130960464478,
0.6788747310638428,39,0.7119281888008118,1.788533091545105,40829,1.4623441696166992,
0.530490517616272,39,0.8102219700813293,1.8273398876190186,40839,1.4138062000274658,
0.49347662925720215,39,0.7339768409729004,1.8551942110061646,40849,1.3016612529754639,
0.6256496906280518,39,0.8529142737388611,1.8432577848434448,40859,1.552294373512268,
0.43097636103630066,39,0.7720029354095459,1.8287509679794312,40869,1.2761293649673462,
0.46704086661338806,39,0.806311309337616,1.7853775024414062,40879,1.3447672128677368,
0.4988419711589813,39,0.821397602558136,1.812338948249817,40889,1.392733097076416,
0.4736435115337372,39,0.7857268452644348,1.8838764429092407,40899,1.3347253799438477,
0.8150198459625244,39,0.824440598487854,1.920174241065979,40909,1.716267466545105,
0.4533537030220032,39,0.7741233110427856,1.7824774980545044,40919,1.2987761497497559,
0.5499088168144226,39,0.6965304017066956,1.8571161031723022,40929,1.3207238912582397,
0.6521676778793335,39,0.8058950901031494,1.8633923530578613,40939,1.5325984954833984,
0.40967079997062683,39,0.719132125377655,1.9577000141143799,40949,1.20711088180542,
0.5334871411323547,39,0.7877194881439209,1.826945424079895,40959,1.3942843675613403,
0.7661941051483154,39,0.7683152556419373,1.812103509902954,40969,1.606993556022644,
0.69700026512146,39,0.7409176230430603,1.867189884185791,40979,1.5126055479049683,
0.5385867953300476,39,0.7543229460716248,1.9246468544006348,40989,1.369895577430725,
0.46224743127822876,39,0.7226271033287048,1.7733663320541382,40999,1.2558091878890991,
0.6473100781440735,39,0.7264561057090759,1.9476615190505981,41009,1.4516726732254028,
0.6896854043006897,39,0.7373916506767273,1.856197714805603,41019,1.501325011253357,
0.4447498321533203,39,0.7037183046340942,1.954862356185913,41029,1.2266626358032227,
0.6756836175918579,39,0.7974855303764343,1.7725433111190796,41039,1.544070839881897,
0.4777097702026367,39,0.7099288702011108,1.7729504108428955,41049,1.258556604385376,
0.41238993406295776,39,0.7598612308502197,1.8308825492858887,41059,1.2454864978790283,
0.6252831220626831,39,0.7339761257171631,1.795335054397583,41069,1.4310725927352905,
0.514776349067688,39,0.7234154343605042,1.7912142276763916,41079,1.309840440750122,
0.5268107056617737,39,0.7612170577049255,2.0057241916656494,41089,1.368256688117981,
0.597878098487854,39,0.7840591073036194,1.9018889665603638,41099,1.4580128192901611,
0.4788776636123657,39,0.8207120299339294,1.88336181640625,41109,1.3749240636825562,
0.6341729164123535,39,0.7143921256065369,1.7527376413345337,41119,1.4186745882034302,
0.6942647695541382,39,0.7652565836906433,1.926252007484436,41129,1.5365713834762573,
0.6711211800575256,39,0.8093987107276917,1.7109131813049316,41139,1.5489563941955566,
0.7556055188179016,39,0.7247415781021118,1.9356048107147217,41149,1.5577713251113892,
0.4782458543777466,39,0.7590296864509583,1.769884467124939,41159,1.3080710172653198,
0.6944323778152466,39,0.753897488117218,1.845508098602295,41169,1.5221502780914307,
0.530133843421936,39,0.7385260462760925,1.7561304569244385,41179,1.3389050960540771,
0.5392036437988281,39,0.762969434261322,1.7973451614379883,41189,1.374066948890686,
0.5051578283309937,39,0.7390908598899841,1.801629900932312,41199,1.3163138628005981,
0.583729088306427,39,0.7530643343925476,1.7501540184020996,41209,1.406799554824829,
0.5086472034454346,39,0.7150885462760925,1.8071694374084473,41219,1.2960225343704224,
0.577183723449707,39,0.8014281988143921,1.867160677909851,41229,1.4532983303070068,
0.9319722652435303,39,0.781115710735321,1.8399955034255981,41239,1.7866878509521484,
0.6444735527038574,39,0.7773627042770386,1.8610944747924805,41249,1.4962800741195679,
0.5323406457901001,39,0.7247393131256104,1.8129652738571167,41259,1.3295985460281372,
0.48759469389915466,39,0.7475059032440186,1.7828620672225952,41269,1.30641508102417,
0.45557475090026855,39,0.7431827783584595,1.8146315813064575,41279,1.2713427543640137,
0.4706420302391052,39,0.7064855098724365,1.8054635524749756,41289,1.249346137046814,
0.6331137418746948,39,0.7481420040130615,1.9687881469726562,41299,1.4600073099136353,
0.6092013120651245,39,0.7385404109954834,1.7752450704574585,41309,1.4187514781951904,
0.9756032228469849,39,0.7360962629318237,1.9100596904754639,41319,1.7881019115447998,
0.453227162361145,39,0.7563340067863464,1.8208484649658203,41329,1.2823950052261353,
0.7220726013183594,39,0.7676666975021362,1.7612779140472412,41339,1.5601904392242432,
0.6149040460586548,39,0.6788563132286072,1.8497227430343628,41349,1.3677492141723633,
0.6561086177825928,39,0.743643581867218,1.7618523836135864,41359,1.4702262878417969,
0.6392312049865723,39,0.7811874747276306,1.7419129610061646,41369,1.4900952577590942,
0.3959242105484009,39,0.8117738962173462,1.8143326044082642,41379,1.2802714109420776,
0.5341814160346985,39,0.7994245290756226,1.7857420444488525,41389,1.4050357341766357,
0.5286674499511719,39,0.7951319813728333,1.7586325407028198,41399,1.3941446542739868,
0.5209532976150513,39,0.7528771162033081,1.71715247631073,41409,1.342516541481018,
0.5073963403701782,39,0.7460998296737671,1.7950772047042847,41419,1.3252992630004883,
0.6035463809967041,39,0.8146480321884155,1.7906827926635742,41429,1.4898216724395752,
0.5060333609580994,39,0.7209151983261108,1.7714645862579346,41439,1.2978070974349976,
0.6380940675735474,39,0.7522498369216919,1.686775803565979,41449,1.4578149318695068,
0.47054678201675415,39,0.6726054549217224,1.8412575721740723,41459,1.2168025970458984,
0.5110233426094055,39,0.7740237712860107,1.83061683177948,41469,1.3582717180252075,
0.7634879350662231,39,0.7537643909454346,1.7482097148895264,41479,1.587180733680725,
,39,,,41479,,1.4375320672988892
0.5092747807502747,40,0.7388813495635986,1.808313012123108,41489,1.3204885721206665,
0.5295020341873169,40,0.7606070041656494,1.8082839250564575,41499,1.3624403476715088,
0.8581690788269043,40,0.779067873954773,1.7596759796142578,41509,1.7076239585876465,
0.6216126680374146,40,0.8552879691123962,1.71432363986969,41519,1.545473575592041,
0.5956034660339355,40,0.790794312953949,1.8223363161087036,41529,1.4592913389205933,
0.5593354105949402,40,0.6765875816345215,1.839160442352295,41539,1.3094894886016846,
0.586410641670227,40,0.6836416721343994,1.836941123008728,41549,1.3435299396514893,
0.5770965814590454,40,0.7431566715240479,1.7658034563064575,41559,1.390885353088379,
0.7097262740135193,40,0.824504017829895,1.8529924154281616,41569,1.6083499193191528,
0.5861254930496216,40,0.7154410481452942,1.721588373184204,41579,1.3704301118850708,
0.5877155065536499,40,0.7907375693321228,1.7987463474273682,41589,1.450402855873108,
0.6031225919723511,40,0.7375069856643677,1.7437413930892944,41599,1.41037917137146,
0.5799300670623779,40,0.8841297626495361,1.7642607688903809,41609,1.534630298614502,
0.4990544319152832,40,0.7633218765258789,1.806192398071289,41619,1.3346240520477295,
0.5000649094581604,40,0.7169641256332397,1.7686716318130493,41629,1.287775993347168,
0.4720207452774048,40,0.8112712502479553,1.7757030725479126,41639,1.3543201684951782,
0.6234371662139893,40,0.6922855973243713,1.706996202468872,41649,1.3840025663375854,
0.4600568413734436,40,0.8319984674453735,1.761331558227539,41659,1.3625086545944214,
0.5703783631324768,40,0.7132980823516846,1.9134126901626587,41669,1.3602129220962524,
0.6478709578514099,40,0.7065444588661194,1.895031452178955,41679,1.430216670036316,
0.38989686965942383,40,0.7572548389434814,1.8574427366256714,41689,1.221449375152588,
0.4638265371322632,40,0.7462905645370483,1.7767703533172607,41699,1.281187891960144,
0.4976552128791809,40,0.7443622946739197,1.8907443284988403,41709,1.3176472187042236,
0.7232625484466553,40,0.7694726586341858,1.911609172821045,41719,1.569199562072754,
0.4588112235069275,40,0.7253900766372681,1.8179606199264526,41729,1.2569196224212646,
0.6736649870872498,40,0.729678213596344,1.845332145690918,41739,1.4771565198898315,
0.38005876541137695,40,0.7326377630233765,1.7829573154449463,41749,1.1840147972106934,
0.6060187220573425,40,0.7681847214698792,1.8682926893234253,41759,1.4489351511001587,
0.5220565795898438,40,0.760033369064331,1.8061987161636353,41769,1.3543379306793213,
0.38984161615371704,40,0.7381260991096497,1.751782774925232,41779,1.1980390548706055,
0.5761050581932068,40,0.7660917639732361,1.8576076030731201,41789,1.4165011644363403,
0.6016587018966675,40,0.7294773459434509,1.7263257503509521,41799,1.4001890420913696,
0.7639226913452148,40,0.7404255270957947,1.750410556793213,41809,1.5743646621704102,
0.8393939733505249,40,0.7240209579467773,1.7984209060668945,41819,1.6353517770767212,
0.5424965620040894,40,0.7985538244247437,1.7700308561325073,41829,1.4118516445159912,
0.6154695153236389,40,0.6977221965789795,1.7925761938095093,41839,1.3848947286605835,
0.43796947598457336,40,0.6924404501914978,1.829498529434204,41849,1.203589916229248,
0.5719316005706787,40,0.7468674182891846,1.7371867895126343,41859,1.3882864713668823,
0.3953368067741394,40,0.7020777463912964,1.7436301708221436,41869,1.1671596765518188,
0.41308918595314026,40,0.7253878712654114,1.727108359336853,41879,1.2075613737106323,
0.7923388481140137,40,0.697232723236084,1.909106969833374,41889,1.5659358501434326,
0.41144758462905884,40,0.711412787437439,1.7248775959014893,41899,1.191855549812317,
0.4155489206314087,40,0.79209303855896,1.781968116760254,41909,1.2789206504821777,
0.6605002880096436,40,0.7443907260894775,1.757350206375122,41919,1.4751850366592407,
0.6856322288513184,40,0.7192620038986206,1.734633445739746,41929,1.474279522895813,
0.4792092740535736,40,0.714747428894043,1.7873016595840454,41939,1.265448808670044,
0.4004018306732178,40,0.6707147359848022,1.7923842668533325,41949,1.142811894416809,
0.317103773355484,40,0.7066174149513245,1.8990832567214966,41959,1.0996845960617065,
0.7327587604522705,40,0.7136255502700806,1.9302047491073608,41969,1.523592472076416,
0.530964195728302,40,0.7307395935058594,1.867064118385315,41979,1.3363863229751587,
0.6319828629493713,40,0.6951911449432373,1.7264996767044067,41989,1.3962339162826538,
0.5594286918640137,40,0.7057570815086365,1.7666510343551636,41999,1.3358519077301025,
0.5185233354568481,40,0.7517838478088379,1.7598251104354858,42009,1.3407001495361328,
0.6297640204429626,40,0.7328431606292725,1.7630306482315063,42019,1.4331284761428833,
0.32964032888412476,40,0.720841109752655,1.7809162139892578,42029,1.1217180490493774,
0.5653414726257324,40,0.7669104933738708,1.9082229137420654,42039,1.4085808992385864,
0.6686651706695557,40,0.7353646755218506,1.8379634618759155,42049,1.477548360824585,
0.48266851902008057,40,0.7366755604743958,1.7918652296066284,42059,1.2910187244415283,
0.539050817489624,40,0.7256481647491455,1.9192359447479248,42069,1.3414684534072876,
0.6030621528625488,40,0.7132547497749329,1.9867408275604248,42079,1.3957865238189697,
0.6315956711769104,40,0.7090264558792114,1.8072775602340698,42089,1.4129133224487305,
0.4770394563674927,40,0.6616551280021667,1.841636300086975,42099,1.2123600244522095,
0.6391031742095947,40,0.7252439260482788,1.8453946113586426,42109,1.438162922859192,
0.6191021203994751,40,0.6659896969795227,1.7482075691223145,42119,1.3550201654434204,
0.6042014360427856,40,0.7030397653579712,1.7123544216156006,42129,1.3757354021072388,
0.5380359888076782,40,0.6694793105125427,1.77099609375,42139,1.2783551216125488,
0.6534743905067444,40,0.6643399596214294,1.8767244815826416,42149,1.39288330078125,
0.6361477375030518,40,0.6980746388435364,1.7745720148086548,42159,1.405205249786377,
0.691623330116272,40,0.6424091458320618,1.727538824081421,42169,1.4031341075897217,
0.49435779452323914,40,0.7781121730804443,1.7084300518035889,42179,1.3408071994781494,
0.7087093591690063,40,0.6662874817848206,1.8327441215515137,42189,1.448306679725647,
0.6388842463493347,40,0.7260385155677795,1.7238876819610596,42199,1.4338783025741577,
0.6276510953903198,40,0.6934152245521545,1.7431176900863647,42209,1.3907910585403442,
0.7209687232971191,40,0.6890091896057129,1.8512787818908691,42219,1.4840290546417236,
0.6658647060394287,40,0.7208482623100281,1.6914931535720825,42229,1.454372763633728,
0.5442525148391724,40,0.7304791808128357,1.7213902473449707,42239,1.3435872793197632,
0.5122687816619873,40,0.7208212614059448,1.743299961090088,42249,1.3028219938278198,
0.5225181579589844,40,0.7027958035469055,1.7473700046539307,42259,1.2952086925506592,
0.7656062841415405,40,0.7754513621330261,1.8227856159210205,42269,1.6139689683914185,
0.5069764852523804,40,0.7112969160079956,1.6952345371246338,42279,1.2860827445983887,
0.6801140308380127,40,0.7406212687492371,1.8187602758407593,42289,1.4934858083724976,
0.7306498289108276,40,0.7815734148025513,1.8518495559692383,42299,1.5862972736358643,
0.9722899198532104,40,0.704895555973053,1.8247835636138916,42309,1.7501769065856934,
0.5742311477661133,40,0.6990265250205994,1.7297444343566895,42319,1.3424475193023682,
0.6958500146865845,40,0.6937114596366882,1.75102961063385,42329,1.4596025943756104,
0.5085183382034302,40,0.7131311297416687,1.8216331005096436,42339,1.294514775276184,
0.6291462779045105,40,0.674333930015564,1.8084880113601685,42349,1.3758196830749512,
0.5308175683021545,40,0.7136495113372803,1.820705533027649,42359,1.3172951936721802,
0.5363417863845825,40,0.6972319483757019,1.7133572101593018,42369,1.3021079301834106,
0.5219173431396484,40,0.657346785068512,1.7591111660003662,42379,1.2496285438537598,
0.41545727849006653,40,0.7048802375793457,1.8270437717437744,42389,1.1934192180633545,
0.40296822786331177,40,0.6904774308204651,1.7467854022979736,42399,1.163317084312439,
0.5004105567932129,40,0.746531069278717,1.7257999181747437,42409,1.3159735202789307,
0.6977287530899048,40,0.7530723810195923,1.7539211511611938,42419,1.5209579467773438,
0.5566534399986267,40,0.6622480154037476,1.7874363660812378,42429,1.2903988361358643,
0.49225831031799316,40,0.671645998954773,1.907557725906372,42439,1.2402065992355347,
0.5545989871025085,40,0.651615560054779,1.752097725868225,42449,1.2762984037399292,
0.6993628740310669,40,0.6697561740875244,1.8042412996292114,42459,1.441288709640503,
0.4765488803386688,40,0.7138729691505432,1.7490668296813965,42469,1.260384440422058,
1.1114290952682495,40,0.72031569480896,1.7783033847808838,42479,1.9028769731521606,
0.614690899848938,40,0.6779749393463135,1.735575795173645,42489,1.362088918685913,
0.3892093896865845,40,0.7496437430381775,1.773298978805542,42499,1.209784984588623,
0.4801537096500397,40,0.6614089608192444,1.7606441974639893,42509,1.2119884490966797,
,40,,,42516,,1.3832435607910156
0.44426462054252625,41,0.6536027789115906,1.7736082077026367,42519,1.1688116788864136,
0.5171197056770325,41,0.6734523773193359,1.8613481521606445,42529,1.2650259733200073,
0.7840800285339355,41,0.7092198133468628,1.723005771636963,42539,1.5622200965881348,
0.5697362422943115,41,0.6532530784606934,1.792381763458252,42549,1.294684648513794,
0.49025851488113403,41,0.6627734899520874,1.7041670083999634,42559,1.2211987972259521,
0.5467200875282288,41,0.6852841377258301,1.7736456394195557,42569,1.3029500246047974,
0.3753211498260498,41,0.606858491897583,1.7023223638534546,42579,1.0502725839614868,
0.6500957608222961,41,0.6680415272712708,1.8464365005493164,42589,1.3919947147369385,
0.5055018663406372,41,0.6551021933555603,1.834916353225708,42599,1.2340006828308105,
0.8554996252059937,41,0.6333120465278625,1.7856453657150269,42609,1.5602375268936157,
0.5570355653762817,41,0.716925859451294,1.7511262893676758,42619,1.3440064191818237,
0.7095168232917786,41,0.757463276386261,1.7184529304504395,42629,1.5357182025909424,
0.6143029928207397,41,0.6967071890830994,1.7725696563720703,42639,1.3819129467010498,
0.7621603012084961,41,0.7879307866096497,1.6963812112808228,42649,1.6179462671279907,
0.707767128944397,41,0.7439464330673218,1.6757642030715942,42659,1.5187441110610962,
0.5359553098678589,41,0.6904340982437134,1.715828776359558,42669,1.2950226068496704,
0.6430667042732239,41,0.6807499527931213,1.7472598552703857,42679,1.393707036972046,
0.47242334485054016,41,0.647136926651001,1.8224852085113525,42689,1.1924597024917603,
0.8071010112762451,41,0.7193822264671326,1.868817925453186,42699,1.6012359857559204,
0.6993319988250732,41,0.6283532381057739,1.826953411102295,42709,1.4007633924484253,
1.045717477798462,41,0.6557267308235168,2.015784740447998,42719,1.7820755243301392,
0.5259228944778442,41,0.6507153511047363,1.7365055084228516,42729,1.246098518371582,
0.46142321825027466,41,0.6748507618904114,1.7699341773986816,42739,1.207071304321289,
0.3974704146385193,41,0.690345823764801,1.7379560470581055,42749,1.1573344469070435,
0.4862104058265686,41,0.7087604403495789,1.722109079360962,42759,1.263855218887329,
0.5790178775787354,41,0.6135074496269226,1.8029162883758545,42769,1.2646420001983643,
0.6262376308441162,41,0.663737952709198,1.7472255229949951,42779,1.3598647117614746,
0.6107457280158997,41,0.7183575630187988,1.705281138420105,42789,1.397314429283142,
0.5357105731964111,41,0.7095670104026794,1.712337851524353,42799,1.31377112865448,
0.5178322792053223,41,0.666458249092102,1.7853949069976807,42809,1.2557063102722168,
0.42208027839660645,41,0.6642944812774658,1.8116611242294312,42819,1.1588412523269653,
0.7019051313400269,41,0.6341972351074219,1.7625315189361572,42829,1.4066035747528076,
0.5053145885467529,41,0.6859925389289856,1.7019585371017456,42839,1.259385347366333,
0.5974416136741638,41,0.6084520220756531,1.7251355648040771,42849,1.2748990058898926,
0.5623594522476196,41,0.7499694228172302,1.83940589427948,42859,1.3859050273895264,
0.6611186265945435,41,0.6319770216941833,1.7725090980529785,42869,1.363995909690857,
0.538192629814148,41,0.6483793258666992,1.7701590061187744,42879,1.257378339767456,
0.5757834911346436,41,0.6293296217918396,1.7716320753097534,42889,1.275978446006775,
0.7228468656539917,41,0.641990065574646,1.7782106399536133,42899,1.4359652996063232,
0.5434287190437317,41,0.6594407558441162,1.6730272769927979,42909,1.269790530204773,
0.4251834750175476,41,0.6734504103660583,1.7462818622589111,42919,1.168485164642334,
0.8189023733139038,41,0.6968691945075989,1.6837034225463867,42929,1.5831197500228882,
0.93653804063797,41,0.6328000426292419,1.6769243478775024,42939,1.6364150047302246,
0.6529202461242676,41,0.673529863357544,1.8075716495513916,42949,1.3987529277801514,
0.4755840301513672,41,0.7180039882659912,1.8606877326965332,42959,1.2680155038833618,
0.5281696319580078,41,0.6903563141822815,1.7242600917816162,42969,1.2874963283538818,
0.6047137975692749,41,0.660224437713623,1.8025648593902588,42979,1.3370407819747925,
0.42095470428466797,41,0.6011027097702026,1.7290328741073608,42989,1.0912187099456787,
0.5945513844490051,41,0.6399719715118408,1.834415078163147,42999,1.3078999519348145,
0.7907551527023315,41,0.6331761479377747,1.7499496936798096,43009,1.493929386138916,
0.43636804819107056,41,0.5979011058807373,1.8208612203598022,43019,1.1071035861968994,
0.6441446542739868,41,0.7125467658042908,1.7271344661712646,43029,1.425776720046997,
0.4391160309314728,41,0.7435195446014404,1.7194409370422363,43039,1.2514132261276245,
0.4146016240119934,41,0.623477041721344,1.7412556409835815,43049,1.1077288389205933,
0.5770724415779114,41,0.6260449886322021,1.7287647724151611,43059,1.2722679376602173,
0.5751022100448608,41,0.7408379316329956,1.712603211402893,43069,1.384444236755371,
0.5826441645622253,41,0.6332736015319824,1.7090662717819214,43079,1.2842804193496704,
0.6252186298370361,41,0.5909264087677002,1.7806304693222046,43089,1.287370204925537,
0.38899990916252136,41,0.5897484421730042,1.7580268383026123,43099,1.0490694046020508,
0.4317896366119385,41,0.6293193101882935,1.7064242362976074,43109,1.1293659210205078,
0.42804765701293945,41,0.708990752696991,1.7634040117263794,43119,1.2075746059417725,
0.7331680059432983,41,0.6340863704681396,1.8321751356124878,43129,1.440541386604309,
0.6800188422203064,41,0.654154360294342,1.8310354948043823,43139,1.4074146747589111,
0.6381776928901672,41,0.616947591304779,1.7837878465652466,43149,1.326476812362671,
0.5869074463844299,41,0.6734346747398376,1.7573846578598022,43159,1.3306374549865723,
0.4298087954521179,41,0.702351987361908,1.7412773370742798,43169,1.2018119096755981,
0.5245248675346375,41,0.6074537634849548,1.7206451892852783,43179,1.2008044719696045,
0.4798703193664551,41,0.6093440055847168,1.6907340288162231,43189,1.156843662261963,
0.5906879901885986,41,0.6296257376670837,1.6510512828826904,43199,1.2863558530807495,
0.9369604587554932,41,0.7268487215042114,1.741443157196045,43209,1.7334668636322021,
0.6225133538246155,41,0.6435024738311768,1.6909011602401733,43219,1.3336517810821533,
0.7097293138504028,41,0.7208511829376221,1.7968517541885376,43229,1.5024545192718506,
0.8447451591491699,41,0.6199427843093872,1.8860023021697998,43239,1.5401279926300049,
0.4369405508041382,41,0.6182225942611694,1.7167913913726807,43249,1.1238348484039307,
0.576810359954834,41,0.5866671204566956,1.6705427169799805,43259,1.2302991151809692,
0.4396880269050598,41,0.6305679678916931,1.7184430360794067,43269,1.138993740081787,
0.7175973057746887,41,0.6496288776397705,1.7935311794281006,43279,1.4389673471450806,
0.6527918577194214,41,0.6413595080375671,1.7747540473937988,43289,1.36514151096344,
0.6196671724319458,41,0.647258460521698,1.730031132698059,43299,1.3361268043518066,
0.45358172059059143,41,0.5685704350471497,1.6778285503387451,43309,1.0892653465270996,
0.534717321395874,41,0.5570093393325806,1.7430331707000732,43319,1.1614480018615723,
0.39244508743286133,41,0.6172629594802856,1.7804415225982666,43329,1.080925703048706,
0.8367635011672974,41,0.6039674878120422,1.6895800828933716,43339,1.5083142518997192,
0.9196175336837769,41,0.5925359129905701,1.7758779525756836,43349,1.583188533782959,
0.5582528710365295,41,0.6543225646018982,1.706656575202942,43359,1.2808417081832886,
0.6677547693252563,41,0.591073751449585,1.6959036588668823,43369,1.326664686203003,
0.5991309881210327,41,0.5803614258766174,1.7624396085739136,43379,1.2499901056289673,
0.647859513759613,41,0.6707754731178284,1.676479697227478,43389,1.385694146156311,
0.6668763160705566,41,0.6822342276573181,1.726228952407837,43399,1.4181597232818604,
0.5891453623771667,41,0.6362608671188354,1.7300822734832764,43409,1.2946094274520874,
0.591538667678833,41,0.5664314031600952,1.7316405773162842,43419,1.2272356748580933,
0.4474092125892639,41,0.6023111939430237,1.6901150941848755,43429,1.1173250675201416,
0.6086921691894531,41,0.6386110186576843,1.6175470352172852,43439,1.3120051622390747,
0.5564916133880615,41,0.5889392495155334,1.6701699495315552,43449,1.2122375965118408,
0.5052223205566406,41,0.6585338115692139,1.6746505498886108,43459,1.23074209690094,
0.697067379951477,41,0.5876486897468567,1.7993500232696533,43469,1.3566901683807373,
0.6167346835136414,41,0.687455415725708,1.7175514698028564,43479,1.3728922605514526,
0.73006671667099,41,0.6000156998634338,1.688218593597412,43489,1.397611141204834,
0.5891450643539429,41,0.6244961619377136,1.7536286115646362,43499,1.2837862968444824,
0.7973493337631226,41,0.6658914685249329,1.6873608827590942,43509,1.5307352542877197,
0.5814530253410339,41,0.6011853218078613,1.6972148418426514,43519,1.250527024269104,
0.5273628830909729,41,0.6257702112197876,1.75767982006073,43529,1.2234402894973755,
0.525806188583374,41,0.5846267938613892,1.779771327972412,43539,1.1816238164901733,
0.47032955288887024,41,0.6256404519081116,1.6667230129241943,43549,1.1626389026641846,
,41,,,43553,,1.3380147218704224
0.6377888917922974,42,0.6058287620544434,1.6799113750457764,43559,1.3108141422271729,
0.656160831451416,42,0.6075785756111145,1.7262521982192993,43569,1.332789421081543,
0.6792160272598267,42,0.6072403788566589,1.7579426765441895,43579,1.356774091720581,
0.5713699460029602,42,0.612144410610199,1.7441295385360718,43589,1.2532795667648315,
0.8690364360809326,42,0.6082631349563599,1.7473502159118652,43599,1.5471935272216797,
0.6998903751373291,42,0.565295398235321,1.7026901245117188,43609,1.3332934379577637,
0.5827463865280151,42,0.6114591360092163,1.683756947517395,43619,1.261555790901184,
0.6427568793296814,42,0.5898622274398804,1.7677799463272095,43629,1.3033301830291748,
0.6434837579727173,42,0.6193156838417053,1.7387288808822632,43639,1.3323487043380737,
0.674785852432251,42,0.6399819254875183,1.7570137977600098,43649,1.3850483894348145,
1.0192005634307861,42,0.63343346118927,1.6585122346878052,43659,1.7189744710922241,
0.6396104693412781,42,0.565148115158081,1.7486990690231323,43669,1.2747066020965576,
0.6784093379974365,42,0.58198082447052,1.8437132835388184,43679,1.3341386318206787,
0.8326122164726257,42,0.6005460023880005,1.7101974487304688,43689,1.5015660524368286,
0.7108244299888611,42,0.6511771082878113,1.7999778985977173,43699,1.4340006113052368,
0.4825432300567627,42,0.631473183631897,1.6972756385803223,43709,1.1819074153900146,
0.8152947425842285,42,0.6310479640960693,1.6807454824447632,43719,1.5135725736618042,
0.4655565023422241,42,0.6088960766792297,1.6749686002731323,43729,1.141451358795166,
0.9093599319458008,42,0.6302711367607117,1.6766990423202515,43739,1.6066991090774536,
0.510115385055542,42,0.598019003868103,1.6689298152923584,43749,1.1748915910720825,
0.7278883457183838,42,0.6258487105369568,1.7069133520126343,43759,1.4220136404037476,
0.5808525085449219,42,0.5883386731147766,1.7044264078140259,43769,1.2373682260513306,
0.4122616946697235,42,0.5603520274162292,1.689031958580017,43779,1.040174961090088,
0.6455000638961792,42,0.6013249158859253,1.6475824117660522,43789,1.3127282857894897,
0.522682785987854,42,0.6685050129890442,1.7101843357086182,43799,1.259595274925232,
0.45085620880126953,42,0.5675997138023376,1.6970725059509277,43809,1.0863388776779175,
0.6031718254089355,42,0.5798364877700806,1.728033423423767,43819,1.2521296739578247,
0.7368733286857605,42,0.6070414185523987,1.6759803295135498,43829,1.4109539985656738,
0.6073610782623291,42,0.5767845511436462,1.7452820539474487,43839,1.253956913948059,
0.39245763421058655,42,0.7376258373260498,1.7658302783966064,43849,1.2007166147232056,
0.6295413970947266,42,0.6403668522834778,1.713379144668579,43859,1.338443398475647,
0.7704722881317139,42,0.6082226634025574,1.7718009948730469,43869,1.4495670795440674,
0.6459565162658691,42,0.57901531457901,1.680686354637146,43879,1.2921992540359497,
0.734256386756897,42,0.6506444811820984,1.7995184659957886,43889,1.4568815231323242,
0.5427685976028442,42,0.6246012449264526,1.6693617105484009,43899,1.2341443300247192,
0.6324030160903931,42,0.6309607625007629,1.718840479850769,43909,1.3321174383163452,
0.6089154481887817,42,0.5976904034614563,1.6809419393539429,43919,1.27384352684021,
0.6019777059555054,42,0.5576303005218506,1.6863032579421997,43929,1.227060079574585,
0.5554525852203369,42,0.6232655048370361,1.7911821603775024,43939,1.2503653764724731,
0.7194724082946777,42,0.6227644681930542,1.7055572271347046,43949,1.4104591608047485,
0.9973711967468262,42,0.6236112117767334,1.7359917163848877,43959,1.6904220581054688,
0.5018900632858276,42,0.63875412940979,1.7114207744598389,43969,1.2091009616851807,
0.4560473561286926,42,0.6064810752868652,1.672417402267456,43979,1.129425048828125,
0.5076748132705688,42,0.6107003092765808,1.6839975118637085,43989,1.1857349872589111,
0.7508816123008728,42,0.6516854166984558,1.7549984455108643,43999,1.4727669954299927,
0.4847343862056732,42,0.6225082278251648,1.7634533643722534,44009,1.1777807474136353,
0.379582941532135,42,0.5519007444381714,1.7555320262908936,44019,1.0017049312591553,
0.660490095615387,42,0.5882014632225037,1.6899809837341309,44029,1.3162908554077148,
0.45914021134376526,42,0.5684851408004761,1.7048351764678955,44039,1.0958187580108643,
0.5824061036109924,42,0.5557776093482971,1.682626724243164,44049,1.2054888010025024,
0.34343403577804565,42,0.5932199358940125,1.7293192148208618,44059,1.005826711654663,
0.6112679243087769,42,0.6346766948699951,1.6599622964859009,44069,1.3123431205749512,
0.5646578669548035,42,0.6111319065093994,1.6652125120162964,44079,1.2423983812332153,
0.6076754331588745,42,0.601338803768158,1.707474708557129,44089,1.2773131132125854,
0.5657516717910767,42,0.5705066323280334,1.690643310546875,44099,1.2038841247558594,
0.3785741627216339,42,0.706160843372345,1.802249550819397,44109,1.156825065612793,
0.6226477026939392,42,0.5681541562080383,1.696650743484497,44119,1.2586679458618164,
0.4995827078819275,42,0.5750306844711304,1.6882126331329346,44129,1.1421418190002441,
0.7517515420913696,42,0.5956437587738037,1.6942336559295654,44139,1.415164589881897,
0.4191981554031372,42,0.5827279090881348,1.7633252143859863,44149,1.072459101676941,
0.6814516186714172,42,0.6262201070785522,1.6679452657699585,44159,1.3743896484375,
0.6063969135284424,42,0.5718656778335571,1.6542751789093018,44169,1.2444336414337158,
0.7440650463104248,42,0.6418991684913635,1.7110991477966309,44179,1.4544081687927246,
0.5844600200653076,42,0.5607397556304932,1.7131812572479248,44189,1.2137269973754883,
0.790109395980835,42,0.5876810550689697,1.7479087114334106,44199,1.4477068185806274,
0.49223896861076355,42,0.6178459525108337,1.6516389846801758,44209,1.1761504411697388,
0.6598706245422363,42,0.5518110990524292,1.7292627096176147,44219,1.280852198600769,
0.8317902684211731,42,0.5675632357597351,1.7666751146316528,44229,1.4700205326080322,
0.5125523209571838,42,0.6293002963066101,1.6361724138259888,44239,1.2072994709014893,
0.5972208380699158,42,0.552844762802124,1.6927610635757446,44249,1.2177760601043701,
0.6545332670211792,42,0.5613855719566345,1.7248961925506592,44259,1.2849146127700806,
0.48799484968185425,42,0.5876792073249817,1.687969446182251,44269,1.1431928873062134,
0.6388406753540039,42,0.5396462678909302,1.7167067527770996,44279,1.2471551895141602,
0.6787206530570984,42,0.5815856456756592,1.6599452495574951,44289,1.3267041444778442,
0.46454721689224243,42,0.5664865970611572,1.7269151210784912,44299,1.100110411643982,
0.6212995052337646,42,0.6522316932678223,1.6942064762115479,44309,1.3412994146347046,
0.7542915940284729,42,0.6523606181144714,1.7544320821762085,44319,1.4768295288085938,
0.522881031036377,42,0.6380142569541931,1.64500892162323,44329,1.2266956567764282,
0.5259115695953369,42,0.5586958527565002,1.688147783279419,44339,1.1521332263946533,
0.5177844762802124,42,0.5949395298957825,1.6692360639572144,44349,1.1794935464859009,
0.480816125869751,42,0.6636282801628113,1.6513994932174683,44359,1.2105004787445068,
0.7781302332878113,42,0.5834885835647583,1.7012343406677246,44369,1.4296681880950928,
0.39525777101516724,42,0.5635679364204407,1.7416878938674927,44379,1.0284931659698486,
0.6327519416809082,42,0.5754572749137878,1.7122796773910522,44389,1.276700496673584,
0.5450029373168945,42,0.5924711227416992,1.6707472801208496,44399,1.2043039798736572,
0.331948459148407,42,0.5842340588569641,1.6521657705307007,44409,0.9822691679000854,
0.6547160148620605,42,0.5703686475753784,1.7573508024215698,44419,1.2953786849975586,
0.7152578830718994,42,0.5631855130195618,1.6598057746887207,44429,1.3448355197906494,
0.41454043984413147,42,0.5425875186920166,1.716346263885498,44439,1.0257817506790161,
0.7072246074676514,42,0.5656394362449646,1.7292512655258179,44449,1.342034101486206,
0.6653561592102051,42,0.5609443187713623,1.7075413465499878,44459,1.2946021556854248,
0.591508150100708,42,0.5630995035171509,1.7519935369491577,44469,1.2246873378753662,
0.6561516523361206,42,0.5378759503364563,1.7453666925430298,44479,1.2638423442840576,
0.6281341314315796,42,0.5772964358329773,1.710350751876831,44489,1.2738444805145264,
0.5765096545219421,42,0.6064974665641785,1.6786575317382812,44499,1.2501534223556519,
0.42647355794906616,42,0.5382591485977173,1.6494836807250977,44509,1.0307120084762573,
0.41863226890563965,42,0.5643599033355713,1.663646936416626,44519,1.049538016319275,
0.32448095083236694,42,0.5861507058143616,1.7002973556518555,44529,0.978643536567688,
0.5135126709938049,42,0.5927417874336243,1.655268669128418,44539,1.172465205192566,
0.5918887853622437,42,0.5228610038757324,1.7141588926315308,44549,1.1833161115646362,
0.5858845114707947,42,0.6029228568077087,1.6833056211471558,44559,1.2561396360397339,
0.5598196983337402,42,0.5963893532752991,1.7256888151168823,44569,1.2252365350723267,
0.5200717449188232,42,0.5429491996765137,1.6924506425857544,44579,1.1307189464569092,
0.4697960317134857,42,0.532967746257782,1.7231498956680298,44589,1.0716897249221802,
,42,,,44590,,1.2620490789413452
0.42160364985466003,43,0.557415783405304,1.642095923423767,44599,1.0447032451629639,
0.43440231680870056,43,0.5826973915100098,1.6304746866226196,44609,1.0823187828063965,
0.6035327911376953,43,0.5663838386535645,1.7823034524917603,44619,1.241208791732788,
0.6273946762084961,43,0.5597934126853943,1.6882784366607666,44629,1.2547192573547363,
0.426422119140625,43,0.5558386445045471,1.7626404762268066,44639,1.0527663230895996,
0.5445466041564941,43,0.5199025869369507,1.680644154548645,44649,1.1316750049591064,
0.5721798539161682,43,0.5783953070640564,1.7125887870788574,44659,1.2190786600112915,
0.6583784818649292,43,0.5549343228340149,1.727462649345398,44669,1.2824113368988037,
0.4685507118701935,43,0.5264162421226501,1.6980031728744507,44679,1.0628870725631714,
0.3248308300971985,43,0.585762083530426,1.7851096391677856,44689,0.9819973111152649,
0.5976694822311401,43,0.5315736532211304,1.6270034313201904,44699,1.1943233013153076,
0.5733955502510071,43,0.5399572849273682,1.6154447793960571,44709,1.1779705286026,
0.5906014442443848,43,0.5570186972618103,1.640969157218933,44719,1.213258981704712,
0.6834850907325745,43,0.5419985055923462,1.7161389589309692,44729,1.2941292524337769,
0.38772690296173096,43,0.5383356809616089,1.658036470413208,44739,0.9923840165138245,
0.4996972978115082,43,0.5197267532348633,1.7396456003189087,44749,1.0890098810195923,
0.5067333579063416,43,0.570065975189209,1.7181257009506226,44759,1.1455243825912476,
0.5437196493148804,43,0.5755565762519836,1.70147705078125,44769,1.1873353719711304,
0.531262993812561,43,0.5753980875015259,1.6869127750396729,44779,1.1741375923156738,
0.8943020701408386,43,0.5451705455780029,1.6803011894226074,44789,1.5066847801208496,
0.5916506052017212,43,0.5629929304122925,1.661224365234375,44799,1.2210924625396729,
1.1647673845291138,43,0.6022310256958008,1.7870053052902222,44809,1.8384785652160645,
0.6643338799476624,43,0.6604135632514954,1.7191375494003296,44819,1.3935129642486572,
0.5449911952018738,43,0.569328784942627,1.6652261018753052,44829,1.1809290647506714,
0.8494358062744141,43,0.5739239454269409,1.6722815036773682,44839,1.490251064300537,
0.4606509804725647,43,0.5609524846076965,1.7228269577026367,44849,1.0905165672302246,
0.5116495490074158,43,0.575830340385437,1.7097907066345215,44859,1.1558715105056763,
0.41603147983551025,43,0.5073668360710144,1.7078397274017334,44869,0.9917119145393372,
0.6064311265945435,43,0.5282807946205139,1.715209722518921,44879,1.2033203840255737,
0.5431622266769409,43,0.5113385319709778,1.7041776180267334,44889,1.122667908668518,
0.5796915292739868,43,0.5415451526641846,1.6924108266830444,44899,1.1889331340789795,
0.7197914123535156,43,0.5696530938148499,1.7481132745742798,44909,1.359368920326233,
0.5414300560951233,43,0.5533562302589417,1.7152001857757568,44919,1.1633943319320679,
0.7940704822540283,43,0.5131104588508606,1.7576408386230469,44929,1.3774864673614502,
0.34210819005966187,43,0.6216517090797424,1.7251931428909302,44939,1.032767653465271,
0.5403672456741333,43,0.5555063486099243,1.7023886442184448,44949,1.1639691591262817,
0.6573473215103149,43,0.6209226250648499,1.719407558441162,44959,1.3470462560653687,
0.5963356494903564,43,0.6254149675369263,1.7241153717041016,44969,1.290715217590332,
0.472639799118042,43,0.521582305431366,1.7417404651641846,44979,1.0638917684555054,
0.3584896922111511,43,0.5961143970489502,1.6588516235351562,44989,1.0209581851959229,
0.4049505889415741,43,0.55119788646698,1.6711149215698242,44999,1.0229930877685547,
0.49965113401412964,43,0.5231878161430359,1.7004636526107788,45009,1.0908575057983398,
0.6597352027893066,43,0.5557026863098145,1.8118822574615479,45019,1.287913203239441,
0.5607056617736816,43,0.5848278403282166,1.6335126161575317,45029,1.210874080657959,
0.5176512002944946,43,0.5393901467323303,1.6663234233856201,45039,1.1236943006515503,
0.712490439414978,43,0.5308133959770203,1.720150113105774,45049,1.3121098279953003,
0.6735993027687073,43,0.5561061501502991,1.7082420587539673,45059,1.2980351448059082,
0.6833529472351074,43,0.5737961530685425,1.64810311794281,45069,1.3230732679367065,
0.6352688670158386,43,0.5397650003433228,1.7236016988754272,45079,1.2439779043197632,
0.501533567905426,43,0.5618011355400085,1.7430294752120972,45089,1.1330559253692627,
0.43181926012039185,43,0.5069942474365234,1.6930251121520996,45099,1.006534457206726,
0.44893190264701843,43,0.5289238095283508,1.6327087879180908,45109,1.0431640148162842,
0.6919888854026794,43,0.550687849521637,1.624127984046936,45119,1.307641863822937,
0.6125974059104919,43,0.6149968504905701,1.6862010955810547,45129,1.2950422763824463,
0.6240763664245605,43,0.566506028175354,1.6804717779159546,45139,1.2578012943267822,
0.4602473974227905,43,0.6220711469650269,1.663291335105896,45149,1.1488502025604248,
0.42494726181030273,43,0.5500701069831848,1.687770962715149,45159,1.0425281524658203,
0.45249247550964355,43,0.588811457157135,1.6680954694747925,45169,1.108027696609497,
0.44997867941856384,43,0.53172767162323,1.7516870498657227,45179,1.0517739057540894,
0.6551772356033325,43,0.6053694486618042,1.6517404317855835,45189,1.3266162872314453,
1.23639976978302,43,0.5627341270446777,1.775709629058838,45199,1.8701622486114502,
0.7742601037025452,43,0.56606525182724,1.6391832828521729,45209,1.4058927297592163,
0.4359157979488373,43,0.5153350234031677,1.6346391439437866,45219,1.0166363716125488,
0.49849969148635864,43,0.6037406325340271,1.6974475383758545,45229,1.1701382398605347,
0.4698292911052704,43,0.6407232284545898,1.6591289043426514,45239,1.1769176721572876,
0.5730956792831421,43,0.5400286316871643,1.691291093826294,45249,1.1807760000228882,
0.3794364035129547,43,0.5275558829307556,1.6634316444396973,45259,0.973529577255249,
0.48712775111198425,43,0.5289996862411499,1.6810357570648193,45269,1.0833688974380493,
0.8386158347129822,43,0.5801506042480469,1.6411858797073364,45279,1.484413981437683,
0.522208571434021,43,0.5870227217674255,1.6985805034637451,45289,1.17717444896698,
0.3188627362251282,43,0.5543565154075623,1.7529531717300415,45299,0.9433373808860779,
0.4052753150463104,43,0.538707435131073,1.5970898866653442,45309,1.0078662633895874,
0.5033876299858093,43,0.5376559495925903,1.6930172443389893,45319,1.1087641716003418,
0.6084672808647156,43,0.5437936186790466,1.6450673341751099,45329,1.2180635929107666,
0.6415427923202515,43,0.5388251543045044,1.7046092748641968,45339,1.2485523223876953,
0.42872726917266846,43,0.5397965908050537,1.6650853157043457,45349,1.0351272821426392,
0.3494003117084503,43,0.5076875686645508,1.6624674797058105,45359,0.9235865473747253,
0.3966870903968811,43,0.5288071036338806,1.6264084577560425,45369,0.9905505180358887,
0.37843385338783264,43,0.6353519558906555,1.6932048797607422,45379,1.0815140008926392,
0.5856291055679321,43,0.558942437171936,1.6675094366073608,45389,1.21127188205719,
0.47776323556900024,43,0.5347381830215454,1.7139180898666382,45399,1.081058144569397,
0.831750214099884,43,0.4845864176750183,1.720097303390503,45409,1.3851405382156372,
0.5653669238090515,43,0.4933490455150604,1.6832997798919678,45419,1.126047968864441,
0.46951502561569214,43,0.6271650791168213,1.633415937423706,45429,1.162016749382019,
0.41780394315719604,43,0.5538843274116516,1.604274868965149,45439,1.035859227180481,
0.4199390411376953,43,0.5511002540588379,1.7596737146377563,45449,1.041426181793213,
0.577336311340332,43,0.5522579550743103,1.6549527645111084,45459,1.1957924365997314,
0.46563640236854553,43,0.5313144326210022,1.6606560945510864,45469,1.0633771419525146,
0.6002285480499268,43,0.49455103278160095,1.6303660869598389,45479,1.1599942445755005,
0.5997074246406555,43,0.5816360116004944,1.620861530303955,45489,1.2461779117584229,
0.472051739692688,43,0.5513747334480286,1.7005876302719116,45499,1.0914499759674072,
0.4341769516468048,43,0.49733972549438477,1.662636637687683,45509,0.9980220794677734,
0.4321678876876831,43,0.5201725959777832,1.621744155883789,45519,1.0172102451324463,
0.4559932351112366,43,0.5518780946731567,1.8570072650909424,45529,1.0821516513824463,
0.2752349376678467,43,0.543739914894104,1.627959966659546,45539,0.8840932250022888,
0.4447099566459656,43,0.5007456541061401,1.656668782234192,45549,1.0117223262786865,
0.5144234895706177,43,0.523960530757904,1.7478362321853638,45559,1.108297348022461,
0.5460497140884399,43,0.6059073805809021,1.7203797101974487,45569,1.2207722663879395,
0.5917580127716064,43,0.5140558481216431,1.6367548704147339,45579,1.1712840795516968,
0.5337615013122559,43,0.557951033115387,1.6980806589126587,45589,1.1596356630325317,
0.5291576981544495,43,0.5836768746376038,1.628713607788086,45599,1.1779831647872925,
0.5026943683624268,43,0.5709940195083618,1.6282904148101807,45609,1.1388200521469116,
0.4751714766025543,43,0.5874025821685791,1.7553707361221313,45619,1.132788896560669,
,43,,,45627,,1.1921244859695435
0.6046786308288574,44,0.6371451616287231,1.6327540874481201,45629,1.3071339130401611,
0.6472865343093872,44,0.5239824652671814,1.6913813352584839,45639,1.2389241456985474,
0.8854240775108337,44,0.5392482280731201,1.601885437965393,45649,1.4887478351593018,
0.532265305519104,44,0.6501814723014832,1.7633869647979736,45659,1.2529821395874023,
0.3507135212421417,44,0.5237360000610352,1.6968498229980469,45669,0.9423235058784485,
0.6671968698501587,44,0.5508192777633667,1.71085786819458,45679,1.2864505052566528,
0.49420666694641113,44,0.5494916439056396,1.668352484703064,45689,1.1104323863983154,
0.36355841159820557,44,0.5254058241844177,1.7631919384002686,45699,0.9594919085502625,
0.5437735319137573,44,0.5329903364181519,1.6521124839782715,45709,1.1428483724594116,
0.4064183235168457,44,0.5640425086021423,1.7651797533035278,45719,1.0410680770874023,
0.5336442589759827,44,0.5837522745132446,1.8618208169937134,45729,1.1918693780899048,
0.4226168990135193,44,0.5891635417938232,1.7213102579116821,45739,1.0806329250335693,
0.6099846959114075,44,0.5066773295402527,1.6691832542419434,45749,1.1834293603897095,
0.531650185585022,44,0.4966883063316345,1.6964073181152344,45759,1.0961947441101074,
0.6166402101516724,44,0.5634296536445618,1.614820122718811,45769,1.2446627616882324,
0.579451858997345,44,0.5057055950164795,1.7034835815429688,45779,1.153296709060669,
0.736750602722168,44,0.586218535900116,1.6207412481307983,45789,1.38779878616333,
0.5307871103286743,44,0.5659533143043518,1.6807838678359985,45799,1.1639717817306519,
0.46866124868392944,44,0.5015347599983215,1.7282401323318481,45809,1.0393255949020386,
0.6567845940589905,44,0.556130588054657,1.6387749910354614,45819,1.2784662246704102,
0.622078001499176,44,0.5452651381492615,1.6513580083847046,45829,1.2333974838256836,
0.524308979511261,44,0.5760841965675354,1.6620330810546875,45839,1.1668745279312134,
0.3312463164329529,44,0.5320104956626892,1.688199758529663,45849,0.9307848215103149,
0.5986305475234985,44,0.5303102731704712,1.5988355875015259,45859,1.1928942203521729,
0.4166680872440338,44,0.5047430992126465,1.6235986948013306,45869,0.9863551259040833,
0.5215061902999878,44,0.47987985610961914,1.642484188079834,45879,1.0670853853225708,
0.8054131269454956,44,0.5290924906730652,1.6972676515579224,45889,1.4023962020874023,
0.8424785137176514,44,0.5005699396133423,1.640108346939087,45899,1.4086527824401855,
0.5190351605415344,44,0.505280077457428,1.6523720026016235,45909,1.0904101133346558,
0.49171775579452515,44,0.49795281887054443,1.7770813703536987,45919,1.0607538223266602,
0.538375735282898,44,0.5367783308029175,1.6831974983215332,45929,1.1424819231033325,
0.5411034822463989,44,0.5421099066734314,1.640773057937622,45939,1.1488442420959473,
0.43834593892097473,44,0.568859875202179,1.6813026666641235,45949,1.0744580030441284,
0.39327478408813477,44,0.6637198328971863,1.6774919033050537,45959,1.1240943670272827,
0.4969044625759125,44,0.5750404596328735,1.713900089263916,45969,1.1405009031295776,
0.3307526409626007,44,0.5695967078208923,1.6494591236114502,45979,0.9663277268409729,
0.6468930244445801,44,0.5009742379188538,1.685281753540039,45989,1.2152785062789917,
0.44911766052246094,44,0.4943939447402954,1.7127832174301147,45999,1.0120229721069336,
0.6516722440719604,44,0.5092447996139526,1.633919358253479,46009,1.226273775100708,
0.33491992950439453,44,0.5122820138931274,1.638942837715149,46019,0.9127596616744995,
0.5992412567138672,44,0.5000059604644775,1.6115729808807373,46029,1.163710117340088,
0.3820365071296692,44,0.5178335905075073,1.5891268253326416,46039,0.963435173034668,
0.5760822296142578,44,0.503083348274231,1.7129004001617432,46049,1.1476815938949585,
0.5695706605911255,44,0.5251051187515259,1.6805438995361328,46059,1.1618975400924683,
0.5623596906661987,44,0.5250484347343445,1.6270467042922974,46069,1.1524899005889893,
0.5355255603790283,44,0.515209972858429,1.6433336734771729,46079,1.1164687871932983,
0.29484373331069946,44,0.49578580260276794,1.6630957126617432,46089,0.8571533560752869,
0.7644919753074646,44,0.5453242063522339,1.7035236358642578,46099,1.3779571056365967,
0.39465421438217163,44,0.599189281463623,1.6193503141403198,46109,1.0586174726486206,
0.4957258105278015,44,0.48496899008750916,1.7186450958251953,46119,1.049440622329712,
0.4038027226924896,44,0.5456171035766602,1.6719605922698975,46129,1.0162982940673828,
0.47336655855178833,44,0.46772047877311707,1.7289111614227295,46139,1.0102434158325195,
0.4543101191520691,44,0.5367690920829773,1.572092056274414,46149,1.0539629459381104,
0.5428341627120972,44,0.5310831069946289,1.5987449884414673,46159,1.1378670930862427,
0.5431802868843079,44,0.5314025282859802,1.6953119039535522,46169,1.142395257949829,
0.5854992270469666,44,0.6163569092750549,1.6169376373291016,46179,1.266533613204956,
0.8487215042114258,44,0.493364542722702,1.6706867218017578,46189,1.408913493156433,
0.5522866249084473,44,0.6309384703636169,1.6658165454864502,46199,1.249857783317566,
0.525052547454834,44,0.5029499530792236,1.73433518409729,46209,1.0973758697509766,
0.5096039175987244,44,0.5710503458976746,1.6450347900390625,46219,1.1464556455612183,
0.5466979742050171,44,0.6035777926445007,1.6085450649261475,46229,1.2146174907684326,
0.39261311292648315,44,0.5611678957939148,1.6597819328308105,46239,1.0201722383499146,
0.6135675311088562,44,0.59771329164505,1.6369303464889526,46249,1.276758074760437,
0.5088940858840942,44,0.5211689472198486,1.6612577438354492,46259,1.0965133905410767,
0.5444822907447815,44,0.5932192802429199,1.5824496746063232,46269,1.2009994983673096,
0.6486300230026245,44,0.473406046628952,1.6548889875411987,46279,1.1882317066192627,
0.6594690084457397,44,0.5882226824760437,1.6346285343170166,46289,1.3130767345428467,
0.6377627849578857,44,0.4956746995449066,1.683372974395752,46299,1.2007724046707153,
0.4303973317146301,44,0.5561779737472534,1.6009074449539185,46309,1.0506116151809692,
0.6802687048912048,44,0.4705844819545746,1.7034958600997925,46319,1.2189929485321045,
0.7795661687850952,44,0.5210515856742859,1.6722136735916138,46329,1.3675062656402588,
0.5219775438308716,44,0.5761432647705078,1.656146764755249,46339,1.1643667221069336,
0.5056929588317871,44,0.530250072479248,1.6277859210968018,46349,1.1010544300079346,
0.5908370018005371,44,0.5727430582046509,1.6778382062911987,46359,1.2306935787200928,
0.3748593330383301,44,0.6525902152061462,1.6735398769378662,46369,1.0943912267684937,
1.6460471153259277,44,0.5532535314559937,1.8354111909866333,46379,2.272717237472534,
0.37029722332954407,44,0.5229458212852478,1.6154847145080566,46389,0.9578624367713928,
0.44258713722229004,44,0.4885600805282593,1.6792876720428467,46399,0.9983187317848206,
0.448442280292511,44,0.5149235129356384,1.698437213897705,46409,1.0313032865524292,
0.5361689925193787,44,0.5811123251914978,1.6018242835998535,46419,1.181354284286499,
0.5214225053787231,44,0.5081851482391357,1.6822959184646606,46429,1.0968995094299316,
0.40621429681777954,44,0.5231505632400513,1.6219245195388794,46439,0.9942418336868286,
0.6545113325119019,44,0.5107914805412292,1.6391457319259644,46449,1.2308685779571533,
0.4567914307117462,44,0.47615140676498413,1.7556132078170776,46459,1.0031673908233643,
0.3378291428089142,44,0.5106174945831299,1.6604841947555542,46469,0.9148659706115723,
0.6605300307273865,44,0.5014740228652954,1.6748583316802979,46479,1.2289983034133911,
0.2683086097240448,44,0.48622286319732666,1.7156178951263428,46489,0.8231562376022339,
0.4317037761211395,44,0.5315300226211548,1.7186858654022217,46499,1.0319812297821045,
0.5683243274688721,44,0.4907143712043762,1.6725605726242065,46509,1.1259410381317139,
0.27603888511657715,44,0.6077452898025513,1.677381992340088,46519,0.9508794546127319,
0.39570853114128113,44,0.5767427086830139,1.619193434715271,46529,1.0372189283370972,
0.5734015107154846,44,0.5050815343856812,1.6103363037109375,46539,1.1428965330123901,
0.5291246175765991,44,0.5361392498016357,1.5936108827590942,46549,1.1290082931518555,
0.4748537540435791,44,0.632498562335968,1.6572883129119873,46559,1.1736438274383545,
0.6944941282272339,44,0.5542482733726501,1.7333009243011475,46569,1.318074345588684,
0.3736470937728882,44,0.5138405561447144,1.734134554862976,46579,0.9568530321121216,
0.5802298188209534,44,0.4819088280200958,1.6244893074035645,46589,1.1271182298660278,
0.4408268630504608,44,0.4939878284931183,1.617182731628418,46599,0.9995020031929016,
0.3061373233795166,44,0.5083097815513611,1.679404616355896,46609,0.8816232681274414,
0.5124326348304749,44,0.4696457087993622,1.605979323387146,46619,1.046317458152771,
0.35092097520828247,44,0.507201611995697,1.577400803565979,46629,0.9212186336517334,
0.4558422565460205,44,0.5183200836181641,1.5917234420776367,46639,1.0378313064575195,
0.5262574553489685,44,0.4540903568267822,1.6143478155136108,46649,1.0449217557907104,
0.5213095545768738,44,0.49335354566574097,1.622900366783142,46659,1.0795791149139404,
,44,,,46664,,1.1177940368652344
0.7076936960220337,45,0.47490742802619934,1.6056047677993774,46669,1.2468253374099731,
0.5760122537612915,45,0.4729549288749695,1.833017110824585,46679,1.1222877502441406,
0.8833014369010925,45,0.575482964515686,1.5764747858047485,46689,1.5218433141708374,
0.32685282826423645,45,0.5805529952049255,1.6426947116851807,46699,0.9731136560440063,
0.5287069082260132,45,0.5227653384208679,1.6059550046920776,46709,1.1157103776931763,
0.493344247341156,45,0.46763038635253906,1.5762897729873657,46719,1.0240262746810913,
0.3697129487991333,45,0.49431297183036804,1.6220747232437134,46729,0.9289089441299438,
0.43624478578567505,45,0.4960799217224121,1.6862398386001587,46739,0.9997742772102356,
0.9245668649673462,45,0.5091052055358887,1.604292392730713,46749,1.4978437423706055,
0.3363778293132782,45,0.5112330913543701,1.5863841772079468,46759,0.9110662937164307,
0.5217767357826233,45,0.47180676460266113,1.6541112661361694,46769,1.0597479343414307,
0.3937196135520935,45,0.48005211353302,1.655595302581787,46779,0.939995527267456,
0.5069183111190796,45,0.5588589906692505,1.6453611850738525,46789,1.131591796875,
0.5784636735916138,45,0.4887380003929138,1.6742949485778809,46799,1.1341733932495117,
0.47582072019577026,45,0.5415112972259521,1.6503785848617554,46809,1.083347201347351,
0.5144931674003601,45,0.532383382320404,1.6086481809616089,46819,1.111222505569458,
0.5918666124343872,45,0.5190842747688293,1.6178689002990723,46829,1.1756657361984253,
0.4623899459838867,45,0.5157946348190308,1.682055115699768,46839,1.0454667806625366,
0.520018458366394,45,0.4985456168651581,1.576542854309082,46849,1.0816258192062378,
0.8319571018218994,45,0.5579778552055359,1.5828696489334106,46859,1.4532498121261597,
0.5615854263305664,45,0.496707558631897,1.692007303237915,46869,1.1259732246398926,
0.3269965648651123,45,0.5327351689338684,1.6510671377182007,46879,0.9257743954658508,
0.4739764928817749,45,0.5211807489395142,1.7131359577178955,46889,1.0636826753616333,
0.5284848213195801,45,0.4842446446418762,1.807003140449524,46899,1.0850095748901367,
0.524833619594574,45,0.535666823387146,1.6183562278747559,46909,1.125234603881836,
0.3393615484237671,45,0.5022778511047363,1.6622718572616577,46919,0.9081302881240845,
0.3122967481613159,45,0.509642481803894,1.666666030883789,46929,0.8886058926582336,
0.35517531633377075,45,0.5661984086036682,1.6001358032226562,46939,0.985379159450531,
0.44849321246147156,45,0.48932453989982605,1.5633018016815186,46949,1.000349760055542,
0.5175067186355591,45,0.4421561658382416,1.6059253215789795,46959,1.0238999128341675,
0.41461247205734253,45,0.4436529576778412,1.7097746133804321,46969,0.9266563653945923,
0.8039937019348145,45,0.4612179100513458,1.7682275772094727,46979,1.3359407186508179,
0.6294566988945007,45,0.4663388133049011,1.7597894668579102,46989,1.166187047958374,
0.6459941267967224,45,0.4627162218093872,1.5799626111984253,46999,1.1719087362289429,
0.3857518136501312,45,0.4640815854072571,1.7226170301437378,47009,0.918738067150116,
0.44948410987854004,45,0.45715245604515076,1.7980016469955444,47019,0.9785566329956055,
0.960335910320282,45,0.44745585322380066,1.7749468088150024,47029,1.4787895679473877,
0.590631365776062,45,0.49404364824295044,1.5320712327957153,47039,1.1459579467773438,
0.42488864064216614,45,0.46550819277763367,1.573990821838379,47049,0.9533564448356628,
0.36717715859413147,45,0.4909551739692688,1.6152774095535278,47059,0.9227434396743774,
0.612405002117157,45,0.4597407281398773,1.8142701387405396,47069,1.144716501235962,
0.46072816848754883,45,0.4776235520839691,1.5813666582107544,47079,1.0016064643859863,
0.7619553208351135,45,0.48316869139671326,1.6370365619659424,47089,1.3106054067611694,
0.3710596561431885,45,0.5366374254226685,1.5896276235580444,47099,0.9712821841239929,
0.6544336080551147,45,0.5272266864776611,1.6138927936553955,47109,1.246216058731079,
0.3687163293361664,45,0.4871841073036194,1.632581114768982,47119,0.9212036728858948,
0.3865504264831543,45,0.45332837104797363,1.5921014547348022,47129,0.9035628437995911,
0.6606268882751465,45,0.5216115117073059,1.554294228553772,47139,1.2444101572036743,
0.3699442446231842,45,0.4550149142742157,1.6338136196136475,47149,0.8903117179870605,
0.34192055463790894,45,0.4501708447933197,1.5614244937896729,47159,0.8545483350753784,
0.5619379281997681,45,0.46391013264656067,1.637024164199829,47169,1.0913289785385132,
0.44690993428230286,45,0.5208204984664917,1.6230852603912354,47179,1.03265380859375,
0.4177643060684204,45,0.44394630193710327,1.5761910676956177,47189,0.92475825548172,
0.5353500247001648,45,0.4817213714122772,1.5908024311065674,47199,1.0807034969329834,
0.25272026658058167,45,0.4616486132144928,1.7091221809387207,47209,0.7827337980270386,
0.5320073366165161,45,0.49141132831573486,1.5686235427856445,47219,1.0861636400222778,
0.3161168694496155,45,0.5262807607650757,1.6478650569915771,47229,0.908312201499939,
0.5160437822341919,45,0.5568341612815857,1.6175625324249268,47239,1.137580394744873,
0.27775049209594727,45,0.4220256507396698,1.6657516956329346,47249,0.766406238079071,
0.3497195243835449,45,0.5031496286392212,1.634629249572754,47259,0.9182543158531189,
0.4455908238887787,45,0.4804007411003113,1.5470393896102905,47269,0.9878731369972229,
0.3898496925830841,45,0.4670455753803253,1.6349318027496338,47279,0.9222925305366516,
0.6032682657241821,45,0.4788949489593506,1.6480287313461304,47289,1.1480844020843506,
0.32993048429489136,45,0.4990009367465973,1.5789927244186401,47299,0.8920911550521851,
0.44537872076034546,45,0.6005772352218628,1.6435030698776245,47309,1.1116960048675537,
0.5376726388931274,45,0.4591561555862427,1.6404881477355957,47319,1.062448263168335,
0.5715088248252869,45,0.45500481128692627,1.6714140176773071,47329,1.0933700799942017,
0.4469839930534363,45,0.5603532195091248,1.6079766750335693,47339,1.0716562271118164,
0.48188138008117676,45,0.47562724351882935,1.6238667964935303,47349,1.022463321685791,
0.30462709069252014,45,0.5234532952308655,1.672724723815918,47359,0.8949893712997437,
0.4232574999332428,45,0.44908732175827026,1.5686535835266113,47369,0.9350910186767578,
0.43416154384613037,45,0.4590094983577728,1.6954524517059326,47379,0.9609891772270203,
0.39028260111808777,45,0.4483581781387329,1.6861613988876343,47389,0.9060872793197632,
0.4540637731552124,45,0.47242438793182373,1.666491985321045,47399,0.9931478500366211,
0.5303473472595215,45,0.4519714415073395,1.6499121189117432,47409,1.0483152866363525,
0.49926304817199707,45,0.412754625082016,1.5782221555709839,47419,0.9751465916633606,
0.7191915512084961,45,0.5221536755561829,1.7031137943267822,47429,1.3094696998596191,
0.5460396409034729,45,0.43647855520248413,1.6531671285629272,47439,1.0486449003219604,
0.4621424973011017,45,0.4277237057685852,1.6156940460205078,47449,0.9544939994812012,
0.526493489742279,45,0.4380849301815033,1.5992834568023682,47459,1.0285496711730957,
0.26846984028816223,45,0.4291748106479645,1.6327184438705444,47469,0.7629534006118774,
0.4984760880470276,45,0.4727114140987396,1.6198326349258423,47479,1.0359808206558228,
0.4806252717971802,45,0.4979285001754761,1.5683704614639282,47489,1.0412886142730713,
0.3740670084953308,45,0.41383489966392517,1.5729864835739136,47499,0.850821316242218,
0.31183603405952454,45,0.4831891655921936,1.6054874658584595,47509,0.859244704246521,
0.4928898215293884,45,0.4545884132385254,1.675213098526001,47519,1.0144867897033691,
0.8869848251342773,45,0.4125630259513855,1.6943457126617432,47529,1.3673217296600342,
0.6406354904174805,45,0.42312535643577576,1.7641950845718384,47539,1.1343287229537964,
0.8421608209609985,45,0.4722195565700531,1.5879117250442505,47549,1.3778969049453735,
0.4948682188987732,45,0.4797900319099426,1.5887385606765747,47559,1.038207769393921,
0.743606686592102,45,0.46140536665916443,1.5963115692138672,47569,1.2688645124435425,
0.26053670048713684,45,0.4556937515735626,1.5932730436325073,47579,0.779961347579956,
0.5441325306892395,45,0.42339009046554565,1.7339937686920166,47589,1.0368824005126953,
0.38232919573783875,45,0.4380197823047638,1.6278389692306519,47599,0.8854625225067139,
0.4699271023273468,45,0.45926037430763245,1.5773628950119019,47609,0.992281973361969,
0.563158392906189,45,0.4574868679046631,1.7064006328582764,47619,1.0889012813568115,
0.8054423928260803,45,0.4328543245792389,1.6321334838867188,47629,1.3035820722579956,
0.6632902026176453,45,0.5577619671821594,1.4929548501968384,47639,1.2807703018188477,
0.32929727435112,45,0.4190252721309662,1.6100525856018066,47649,0.8127246499061584,
0.4731627106666565,45,0.5100967288017273,1.649649977684021,47659,1.0492454767227173,
0.42392852902412415,45,0.45570215582847595,1.6230179071426392,47669,0.944551408290863,
0.6025494337081909,45,0.4226406216621399,1.6972793340682983,47679,1.0930812358856201,
0.45089858770370483,45,0.555913507938385,1.5894184112548828,47689,1.0703887939453125,
0.5451346635818481,45,0.4123051166534424,1.638875126838684,47699,1.0229947566986084,
,45,,,47701,,1.0220013856887817
0.6482181549072266,46,0.44344857335090637,1.6162502765655518,47709,1.1563167572021484,
0.2534382939338684,46,0.47292712330818176,1.6494814157485962,47719,0.7923446893692017,
0.6439336538314819,46,0.45851603150367737,1.5783277750015259,47729,1.1655827760696411,
0.551869809627533,46,0.4392200708389282,1.5755090713500977,47739,1.0541102886199951,
0.5503649115562439,46,0.4742460250854492,1.8110854625701904,47749,1.097054362297058,
0.5113065242767334,46,0.40153926610946655,1.6754776239395142,47759,0.9798648953437805,
0.6244509816169739,46,0.4557679295539856,1.6541931629180908,47769,1.1463866233825684,
0.7907552123069763,46,0.4283526837825775,1.6193362474441528,47779,1.2838813066482544,
0.5543570518493652,46,0.4528328776359558,1.5763323307037354,47789,1.070243239402771,
0.24452731013298035,46,0.5105956792831421,1.6722074747085571,47799,0.8220112919807434,
0.40384387969970703,46,0.527260959148407,1.544577717781067,47809,0.9928879737854004,
0.7479555606842041,46,0.40764120221138,1.5706284046173096,47819,1.2184218168258667,
0.49048706889152527,46,0.4304634928703308,1.5820518732070923,47829,0.9842326045036316,
0.47919297218322754,46,0.4941593110561371,1.53788423538208,47839,1.0348676443099976,
0.5814241766929626,46,0.42055654525756836,1.8016692399978638,47849,1.074047565460205,
0.5663107633590698,46,0.46822577714920044,1.6370065212249756,47859,1.1000168323516846,
0.7135207653045654,46,0.45355021953582764,1.658921241760254,47869,1.233427882194519,
0.32163310050964355,46,0.4352515637874603,1.5519849061965942,47879,0.8189640641212463,
0.5088714957237244,46,0.4410788416862488,1.5591484308242798,47889,1.0123162269592285,
0.5309007167816162,46,0.4424641728401184,1.6749972105026245,47899,1.0403647422790527,
0.6012811660766602,46,0.4257239103317261,1.5724172592163086,47909,1.0899018049240112,
0.5136258602142334,46,0.4368113875389099,1.5630911588668823,47919,1.0129609107971191,
0.47293347120285034,46,0.49515488743782043,1.6484886407852173,47929,1.0340279340744019,
0.37967023253440857,46,0.4692871868610382,1.642637848854065,47939,0.9146629571914673,
0.47154778242111206,46,0.4434206783771515,1.546105146408081,47949,0.9768127202987671,
0.39642050862312317,46,0.48585039377212524,1.5895750522613525,47959,0.9458539485931396,
0.31832486391067505,46,0.5059595704078674,1.6394294500350952,47969,0.8898615837097168,
0.3319130837917328,46,0.40735065937042236,1.5842978954315186,47979,0.802635669708252,
0.5199165344238281,46,0.43475452065467834,1.656916856765747,47989,1.0209476947784424,
0.3442390561103821,46,0.4815070629119873,1.6302770376205444,47999,0.8909571766853333,
0.5465091466903687,46,0.4228806793689728,1.652342677116394,48009,1.035483479499817,
0.3182178735733032,46,0.5092305541038513,1.6083472967147827,48019,0.8917823433876038,
0.4419584572315216,46,0.46535927057266235,1.5426015853881836,48029,0.9690217971801758,
0.4928489625453949,46,0.4579958915710449,1.5952820777893066,48039,1.0146561861038208,
0.3189888000488281,46,0.4574088454246521,1.623875379562378,48049,0.841352641582489,
0.20978718996047974,46,0.5500816106796265,1.5945665836334229,48059,0.8236514329910278,
0.4688231647014618,46,0.4637601375579834,1.5862501859664917,48069,0.9960333108901978,
0.7816639542579651,46,0.4100395739078522,1.5667314529418945,48079,1.2543728351593018,
0.5787745118141174,46,0.4385794401168823,1.531887173652649,48089,1.078629493713379,
0.3485163748264313,46,0.48241621255874634,1.6248364448547363,48099,0.8959260582923889,
0.27820706367492676,46,0.49976298213005066,1.622672200202942,48109,0.8428769707679749,
0.455272376537323,46,0.4863167405128479,1.490404725074768,48119,1.001205325126648,
0.48562705516815186,46,0.41069304943084717,1.6105033159255981,48129,0.9607402086257935,
0.643025279045105,46,0.5028396248817444,1.5072702169418335,48139,1.206155776977539,
0.29029911756515503,46,0.4336545765399933,1.577558159828186,48149,0.787056028842926,
0.5180738568305969,46,0.49252578616142273,1.6082117557525635,48159,1.0749280452728271,
0.3443876802921295,46,0.4798511862754822,1.5952121019363403,48169,0.8880473971366882,
0.4982652962207794,46,0.4729994237422943,1.5660817623138428,48179,1.0339080095291138,
0.6184743046760559,46,0.4771730601787567,1.5390070676803589,48189,1.1572076082229614,
0.24347883462905884,46,0.46045586466789246,1.605149745941162,48199,0.7681406736373901,
0.4213765263557434,46,0.47761082649230957,1.585160732269287,48209,0.9623937606811523,
0.3793306350708008,46,0.4461114704608917,1.5260775089263916,48219,0.8864851593971252,
0.36247438192367554,46,0.44945046305656433,1.5535213947296143,48229,0.8740656971931458,
0.34299254417419434,46,0.48708412051200867,1.5675216913223267,48239,0.8927775621414185,
0.3741456866264343,46,0.43295183777809143,1.5683714151382446,48249,0.8698323965072632,
0.33031848073005676,46,0.43097829818725586,1.6304160356521606,48259,0.826513409614563,
0.43658241629600525,46,0.5151851773262024,1.5528662204742432,48269,1.0138821601867676,
0.4842582941055298,46,0.42704886198043823,1.5773327350616455,48279,0.9744004607200623,
0.3439197242259979,46,0.4128166437149048,1.550582766532898,48289,0.8187596797943115,
0.28100019693374634,46,0.41562172770500183,1.7637124061584473,48299,0.7671703696250916,
0.4310586154460907,46,0.4779578745365143,1.6519397497177124,48309,0.9750940799713135,
0.4672253131866455,46,0.4541119635105133,1.5806773900985718,48319,0.9845643639564514,
0.42081359028816223,46,0.4974953234195709,1.708012342453003,48329,0.9866294264793396,
0.7249972820281982,46,0.4562281370162964,1.6181565523147583,48339,1.2459516525268555,
0.3451574146747589,46,0.45131915807724,1.5962363481521606,48349,0.8603260517120361,
0.46577292680740356,46,0.47763821482658386,1.5964182615280151,48359,1.0072678327560425,
0.33324581384658813,46,0.4272586703300476,1.5658020973205566,48369,0.823136568069458,
0.46004730463027954,46,0.4115632474422455,1.7170192003250122,48379,0.9402912855148315,
0.4015732407569885,46,0.42247921228408813,1.6025665998458862,48389,0.8881551027297974,
0.3686988949775696,46,0.392234206199646,1.5950188636779785,48399,0.8247338533401489,
0.24399149417877197,46,0.42993754148483276,1.5699377059936523,48409,0.7367265224456787,
0.3824921250343323,46,0.44256889820098877,1.5717711448669434,48419,0.8879318833351135,
0.3671104907989502,46,0.4029045104980469,1.5633642673492432,48429,0.8325495719909668,
0.28904563188552856,46,0.4248151481151581,1.6531081199645996,48439,0.7799850702285767,
0.5757278203964233,46,0.4071691036224365,1.585275411605835,48449,1.046307921409607,
0.3211687207221985,46,0.4261307418346405,1.6037087440490723,48459,0.81144779920578,
0.49212437868118286,46,0.47699669003486633,1.6423219442367554,48469,1.0348140001296997,
0.5992950797080994,46,0.4495396614074707,1.5402755737304688,48479,1.1104458570480347,
0.41143184900283813,46,0.4267786741256714,1.5631864070892334,48489,0.900738000869751,
0.24292370676994324,46,0.42176616191864014,1.555017352104187,48499,0.7268905639648438,
0.4811021685600281,46,0.4303835928440094,1.6174668073654175,48509,0.9761844873428345,
0.48330196738243103,46,0.433971643447876,1.6198070049285889,48519,0.9820659160614014,
0.30115699768066406,46,0.4592103958129883,1.5632960796356201,48529,0.8228992223739624,
0.5193649530410767,46,0.39880603551864624,1.593812346458435,48539,0.9819234609603882,
0.5936861634254456,46,0.3733697235584259,1.5535516738891602,48549,1.0291979312896729,
0.4957617521286011,46,0.37878096103668213,1.5482951402664185,48559,0.9364745020866394,
0.29523766040802,46,0.3825344741344452,1.4763625860214233,48569,0.7368266582489014,
0.5808860063552856,46,0.38970059156417847,1.6549310684204102,48579,1.0367838144302368,
0.34067294001579285,46,0.4252249598503113,1.6031605005264282,48589,0.8300243020057678,
0.3267951011657715,46,0.5359491109848022,1.532793641090393,48599,0.9240559339523315,
0.5096959471702576,46,0.484748512506485,1.6821891069412231,48609,1.0617320537567139,
0.6799988150596619,46,0.46344560384750366,1.5124385356903076,48619,1.2039419412612915,
0.4698337912559509,46,0.37739208340644836,1.60849928855896,48629,0.911565899848938,
0.4773423969745636,46,0.39013803005218506,1.4903544187545776,48639,0.927094578742981,
0.3457832932472229,46,0.4762665927410126,1.5614725351333618,48649,0.8845087289810181,
0.9000787138938904,46,0.42023414373397827,1.6127004623413086,48659,1.384820818901062,
0.3499016761779785,46,0.46329623460769653,1.4680066108703613,48669,0.8719182014465332,
0.4357815682888031,46,0.38389867544174194,1.618929386138916,48679,0.8844373822212219,
0.48349887132644653,46,0.4404343068599701,1.6544623374938965,48689,0.9901116490364075,
0.38928142189979553,46,0.3935987651348114,1.5367937088012695,48699,0.8443519473075867,
0.523413896560669,46,0.41388553380966187,1.4875630140304565,48709,0.9968019723892212,
0.6074140667915344,46,0.40815943479537964,1.6036086082458496,48719,1.0797178745269775,
0.28048086166381836,46,0.41531944274902344,1.667585849761963,48729,0.7625037431716919,
,46,,,48738,,0.9809026122093201
0.5583895444869995,47,0.429647833108902,1.5750768184661865,48739,1.0510404109954834,
0.520218014717102,47,0.4026705026626587,1.5275506973266602,48749,0.9839905500411987,
0.43094566464424133,47,0.3923606872558594,1.6505451202392578,48759,0.889328122138977,
0.32423311471939087,47,0.4608634412288666,1.6434301137924194,48769,0.8508337140083313,
0.5148875117301941,47,0.4490491449832916,1.6421253681182861,48779,1.0296217203140259,
0.47239816188812256,47,0.4383014142513275,1.5912480354309082,48789,0.9743494987487793,
0.4925104081630707,47,0.5341531038284302,1.476778268814087,48799,1.0857347249984741,
0.5466663837432861,47,0.46952664852142334,1.6188760995864868,48809,1.0809481143951416,
1.0517964363098145,47,0.47420623898506165,1.6380259990692139,48819,1.5915236473083496,
0.5295674204826355,47,0.4358331561088562,1.6639314889907837,48829,1.0319578647613525,
0.44529998302459717,47,0.41467177867889404,1.4804657697677612,48839,0.9191904067993164,
0.35798704624176025,47,0.4319492280483246,1.5534335374832153,48849,0.8520736694335938,
0.6954274773597717,47,0.38694825768470764,1.6050065755844116,48859,1.1465760469436646,
0.4668527841567993,47,0.4599451720714569,1.4803104400634766,48869,0.9860104322433472,
0.5742137432098389,47,0.43456313014030457,1.6030327081680298,48879,1.0728981494903564,
0.3232230544090271,47,0.42271509766578674,1.5154361724853516,48889,0.8065556287765503,
0.3984305262565613,47,0.4030386507511139,1.5673761367797852,48899,0.8641642332077026,
0.39816394448280334,47,0.3844130039215088,1.6134748458862305,48909,0.8471159338951111,
0.46634262800216675,47,0.41968241333961487,1.5968799591064453,48919,0.9499002695083618,
0.5655038952827454,47,0.4750874936580658,1.5070744752883911,48929,1.1008743047714233,
0.8273890018463135,47,0.38106033205986023,1.5978941917419434,48939,1.2723650932312012,
0.5134650468826294,47,0.43042314052581787,1.5598509311676025,48949,1.0062822103500366,
0.4073445498943329,47,0.38208770751953125,1.5958012342453003,48959,0.853264331817627,
0.37713247537612915,47,0.4020036458969116,1.499672532081604,48969,0.839123010635376,
0.21520212292671204,47,0.4660337567329407,1.6038010120391846,48979,0.7453879714012146,
0.5702834129333496,47,0.38684511184692383,1.5614333152770996,48989,1.0195858478546143,
0.5820282697677612,47,0.4520280063152313,1.5282686948776245,48999,1.0951870679855347,
0.2853539288043976,47,0.373334676027298,1.5190678834915161,49009,0.7194513082504272,
0.4554906487464905,47,0.39386558532714844,1.6441782712936401,49019,0.9151233434677124,
0.2785848081111908,47,0.37890347838401794,1.5270099639892578,49029,0.7185686826705933,
0.46924465894699097,47,0.39349091053009033,1.5134506225585938,49039,0.9232735633850098,
0.5163254141807556,47,0.4380893409252167,1.619810700416565,49049,1.0192071199417114,
0.6524527668952942,47,0.41105785965919495,1.4960026741027832,49059,1.123350739479065,
0.5397777557373047,47,0.35291755199432373,1.636191725730896,49069,0.9581429958343506,
0.27060478925704956,47,0.45902934670448303,1.591425895690918,49079,0.7932912111282349,
0.5225256085395813,47,0.39870956540107727,1.4952480792999268,49089,0.981045126914978,
0.2999165654182434,47,0.41499200463294983,1.5476994514465332,49099,0.7768166065216064,
0.6217904090881348,47,0.3798992335796356,1.5413557291030884,49109,1.06334388256073,
0.4084949493408203,47,0.38103726506233215,1.5986534357070923,49119,0.8534783124923706,
0.46252429485321045,47,0.46036654710769653,1.4817999601364136,49129,0.9821628332138062,
0.1914251297712326,47,0.4129508137702942,1.5136760473251343,49139,0.6649230122566223,
0.5053990483283997,47,0.43497395515441895,1.5952271223068237,49149,1.0041821002960205,
0.3831772804260254,47,0.3865235149860382,1.5486594438552856,49159,0.8316471576690674,
0.7229572534561157,47,0.3557306230068207,1.6115381717681885,49169,1.1431493759155273,
0.5183326005935669,47,0.39172786474227905,1.5907316207885742,49179,0.9736897349357605,
0.3107093572616577,47,0.39958733320236206,1.6142369508743286,49189,0.7748661637306213,
0.47497037053108215,47,0.37571701407432556,1.584781527519226,49199,0.9140786528587341,
0.6285882592201233,47,0.3957211971282959,1.5526750087738037,49209,1.0864163637161255,
0.8617353439331055,47,0.3903965353965759,1.622284173965454,49219,1.3170232772827148,
0.5148048996925354,47,0.411662220954895,1.5295571088790894,49229,0.9876493811607361,
0.3488021194934845,47,0.43203118443489075,1.5333542823791504,49239,0.8421674966812134,
1.3812246322631836,47,0.4008428752422333,1.673327922821045,49249,1.8490006923675537,
0.4461880922317505,47,0.4236685335636139,1.5691642761230469,49259,0.9326231479644775,
0.5250553488731384,47,0.37624529004096985,1.5441386699676514,49269,0.9630662202835083,
0.6033987998962402,47,0.377991259098053,1.557472825050354,49279,1.0436890125274658,
0.35763126611709595,47,0.40746331214904785,1.5791527032852173,49289,0.8282606601715088,
0.38239946961402893,47,0.4292377829551697,1.5366668701171875,49299,0.8731039762496948,
0.4245762228965759,47,0.3980644643306732,1.536647081375122,49309,0.8841065168380737,
0.4312962591648102,47,0.3993901312351227,1.5954420566558838,49319,0.8945040702819824,
0.42971235513687134,47,0.38750702142715454,1.5355151891708374,49329,0.8786399960517883,
0.3820519745349884,47,0.4429498016834259,1.4888345003128052,49339,0.8845551609992981,
0.5566553473472595,47,0.4098699986934662,1.5664795637130737,49349,1.0291844606399536,
0.6175235509872437,47,0.3676320016384125,1.510980486869812,49359,1.0455948114395142,
0.6597148776054382,47,0.39068603515625,1.5421305894851685,49369,1.1120861768722534,
0.4922682046890259,47,0.410437673330307,1.6046026945114136,49379,0.9668900370597839,
0.4828076660633087,47,0.40503910183906555,1.5020564794540405,49389,0.9479290246963501,
0.6846562027931213,47,0.3625444769859314,1.507163643836975,49399,1.1074872016906738,
0.494301974773407,47,0.352235347032547,1.531180500984192,49409,0.9077845811843872,
0.4871542453765869,47,0.5086733102798462,1.505584955215454,49419,1.0560508966445923,
0.9287101030349731,47,0.3629036545753479,1.5819443464279175,49429,1.3548915386199951,
0.5326785445213318,47,0.36004579067230225,1.5118017196655273,49439,0.9531964063644409,
0.5895770192146301,47,0.4608667492866516,1.5095573663711548,49449,1.110826015472412,
0.45141705870628357,47,0.3839070200920105,1.5748271942138672,49459,0.8983171582221985,
0.5380756855010986,47,0.38728415966033936,1.5263160467147827,49469,0.9864124655723572,
0.4325023889541626,47,0.4157053232192993,1.5025513172149658,49479,0.9083097577095032,
0.46721377968788147,47,0.42229151725769043,1.5887856483459473,49489,0.9530566930770874,
0.44101208448410034,47,0.3625498414039612,1.4148774147033691,49499,0.8601570129394531,
0.4024970233440399,47,0.3671487867832184,1.5786302089691162,49509,0.8327910304069519,
0.41194212436676025,47,0.38043469190597534,1.6616524457931519,49519,0.8588429093360901,
0.3660306930541992,47,0.37520715594291687,1.5805869102478027,49529,0.8044613599777222,
0.5680644512176514,47,0.35104039311408997,1.544013261795044,49539,0.9808653593063354,
0.44413530826568604,47,0.4017646312713623,1.4837666749954224,49549,0.905250608921051,
0.556387722492218,47,0.43023279309272766,1.5651116371154785,49559,1.0492249727249146,
0.4460686147212982,47,0.3554585576057434,1.5709720849990845,49569,0.8643660545349121,
0.5161648988723755,47,0.39524775743484497,1.6497865915298462,49579,0.9774041175842285,
0.6730204224586487,47,0.4034910798072815,1.525559663772583,49589,1.1375339031219482,
0.583553671836853,47,0.3714863359928131,1.564026951789856,49599,1.0176010131835938,
0.2754886746406555,47,0.3741547763347626,1.4965564012527466,49609,0.7095056772232056,
0.5165873765945435,47,0.3284291923046112,1.4987977743148804,49619,0.9049685001373291,
0.6377220749855042,47,0.36939874291419983,1.5527094602584839,49629,1.069229245185852,
0.48930925130844116,47,0.3648155927658081,1.5276236534118652,49639,0.9152297973632812,
0.5154940485954285,47,0.3923863470554352,1.5307164192199707,49649,0.969109058380127,
0.31043511629104614,47,0.3715951442718506,1.538596510887146,49659,0.7435741424560547,
0.7862222194671631,47,0.3432013690471649,1.5695141553878784,49669,1.192204236984253,
0.2571585178375244,47,0.4111207127571106,1.5748971700668335,49679,0.7312751412391663,
0.4736327528953552,47,0.35640019178390503,1.4955823421478271,49689,0.889856219291687,
0.3591541647911072,47,0.3469852805137634,1.4998345375061035,49699,0.7661328315734863,
0.418719619512558,47,0.34876930713653564,1.547615647315979,49709,0.8293935656547546,
0.48863208293914795,47,0.3512445390224457,1.5409663915634155,49719,0.9015153050422668,
0.5161964893341064,47,0.38250887393951416,1.4537943601608276,49729,0.9568571448326111,
0.43329086899757385,47,0.4447338581085205,1.4693204164505005,49739,0.9367974996566772,
0.6907379627227783,47,0.3762528598308563,1.565926432609558,49749,1.1296279430389404,
0.40849047899246216,47,0.38930103182792664,1.5915474891662598,49759,0.8614533543586731,
0.622077226638794,47,0.3672456443309784,1.4848448038101196,49769,1.04871666431427,
,47,,,49775,,0.9500408172607422
0.6210397481918335,48,0.3938092589378357,1.531395435333252,49779,1.076104760169983,
0.4181235730648041,48,0.4109513461589813,1.58052659034729,49789,0.8922959566116333,
0.5368576645851135,48,0.4066585600376129,1.5031747817993164,49799,1.003643274307251,
0.3900304138660431,48,0.4007662236690521,1.4357426166534424,49809,0.8482263684272766,
0.7474613189697266,48,0.35057446360588074,1.6217448711395264,49819,1.1629055738449097,
0.3749937415122986,48,0.36145254969596863,1.5203969478607178,49829,0.7972621321678162,
0.24534885585308075,48,0.41056859493255615,1.4517818689346313,49839,0.713988721370697,
0.32708004117012024,48,0.3349856436252594,1.5050780773162842,49849,0.72226881980896,
0.522221028804779,48,0.3488045036792755,1.5386064052581787,49859,0.9325698018074036,
0.5735704898834229,48,0.37625017762184143,1.5467312335968018,49869,1.0116899013519287,
0.42586272954940796,48,0.3753955662250519,1.51902437210083,49879,0.8620193004608154,
0.334492564201355,48,0.4016038179397583,1.5110512971878052,49889,0.7965384125709534,
0.8167887926101685,48,0.43549105525016785,1.498358130455017,49899,1.3122142553329468,
0.5644701719284058,48,0.3467825651168823,1.4977277517318726,49909,0.9711618423461914,
0.4467400014400482,48,0.42499595880508423,1.609644889831543,49919,0.9361217021942139,
0.38968396186828613,48,0.40884530544281006,1.4857807159423828,49929,0.8579605221748352,
0.6502496004104614,48,0.42344731092453003,1.5026483535766602,49939,1.1338027715682983,
1.0837602615356445,48,0.4244852364063263,1.4517631530761719,49949,1.56631600856781,
0.7572420239448547,48,0.3562999665737152,1.5050976276397705,49959,1.17374587059021,
0.35092785954475403,48,0.39946186542510986,1.4632954597473145,49969,0.8089215159416199,
0.5666713714599609,48,0.3685940206050873,1.5344946384429932,49979,0.9966452121734619,
0.711388885974884,48,0.39572566747665405,1.555917739868164,49989,1.1693512201309204,
0.5428916215896606,48,0.38512295484542847,1.6168075799942017,49999,0.9926868677139282,
0.4707092046737671,48,0.3457753658294678,1.5270967483520508,50009,0.8775684237480164,
0.4644070863723755,48,0.3770425021648407,1.5402060747146606,50019,0.903057873249054,
0.2782895267009735,48,0.45015254616737366,1.4896031618118286,50029,0.7880262136459351,
0.4268273711204529,48,0.3844155967235565,1.526316523551941,50039,0.872295618057251,
0.8910799026489258,48,0.39187681674957275,1.5051624774932861,50049,1.343163251876831,
0.6864067316055298,48,0.4748322665691376,1.4350769519805908,50059,1.2186421155929565,
0.4997771978378296,48,0.35517412424087524,1.5377496480941772,50069,0.9164612889289856,
0.5504710078239441,48,0.34092870354652405,1.6004676818847656,50079,0.9554184675216675,
0.8425558805465698,48,0.36070969700813293,1.5698926448822021,50089,1.2660613059997559,
0.7776525020599365,48,0.3468610644340515,1.4857081174850464,50099,1.1839419603347778,
0.7132092714309692,48,0.3899438679218292,1.4967117309570312,50109,1.1630215644836426,
0.5595992803573608,48,0.3932528495788574,1.5309453010559082,50119,1.0140899419784546,
0.4857061803340912,48,0.43039870262145996,1.4553909301757812,50129,0.9743205308914185,
0.41246524453163147,48,0.35792335867881775,1.59648859500885,50139,0.8342481255531311,
0.36167532205581665,48,0.3590647578239441,1.4615212678909302,50149,0.7792009115219116,
0.6614893674850464,48,0.344137579202652,1.6481125354766846,50159,1.0715514421463013,
0.7193639874458313,48,0.3832780420780182,1.537786602973938,50169,1.1641535758972168,
0.5568785667419434,48,0.3608397841453552,1.5001178979873657,50179,0.9777230620384216,
0.5711703300476074,48,0.39768752455711365,1.5529356002807617,50189,1.030975341796875,
0.49397891759872437,48,0.4788196384906769,1.4953327178955078,50199,1.0326118469238281,
0.5716942548751831,48,0.38199859857559204,1.526410698890686,50209,1.01474928855896,
0.37434011697769165,48,0.3645766079425812,1.5276764631271362,50219,0.8000237941741943,
0.7008047103881836,48,0.3585975766181946,1.491126298904419,50229,1.1190472841262817,
0.6478407382965088,48,0.3690471649169922,1.602082371711731,50239,1.0809712409973145,
0.652566134929657,48,0.3443080186843872,1.5565484762191772,50249,1.059136152267456,
0.5894262194633484,48,0.3995131254196167,1.6366524696350098,50259,1.0544054508209229,
0.27653968334198,48,0.43401622772216797,1.4258970022201538,50269,0.7675917744636536,
0.6039968132972717,48,0.3787443935871124,1.496584177017212,50279,1.0426045656204224,
0.5546152591705322,48,0.3841681182384491,1.509117603302002,50289,0.9991481304168701,
0.619120717048645,48,0.37469741702079773,1.5716851949691772,50299,1.0566855669021606,
0.510168194770813,48,0.33750098943710327,1.5826189517974854,50309,0.9109739661216736,
0.5914672613143921,48,0.34312379360198975,1.7267736196517944,50319,1.0036619901657104,
0.6153163909912109,48,0.34096840023994446,1.625072717666626,50329,1.0212876796722412,
0.5072718858718872,48,0.390241801738739,1.5129770040512085,50339,0.9580327868461609,
0.5003623366355896,48,0.4309844672679901,1.480527639389038,50349,0.9905678629875183,
0.6579172015190125,48,0.3739316463470459,1.464982032775879,50359,1.0904481410980225,
0.5913902521133423,48,0.3492831885814667,1.4910792112350464,50369,1.0003166198730469,
0.6500412225723267,48,0.387279212474823,1.5804353952407837,50379,1.1005377769470215,
0.9474966526031494,48,0.36099299788475037,1.5008742809295654,50389,1.3685246706008911,
0.36409515142440796,48,0.4312162697315216,1.4524353742599487,50399,0.8534088730812073,
0.9350594878196716,48,0.39648276567459106,1.4426119327545166,50409,1.3892467021942139,
0.3639723062515259,48,0.391695111989975,1.5019749402999878,50419,0.8157464265823364,
0.5550776124000549,48,0.34048187732696533,1.5094249248504639,50429,0.9559364914894104,
0.5909835696220398,48,0.3765839636325836,1.4982309341430664,50439,1.0274968147277832,
0.29322975873947144,48,0.34378692507743835,1.5157748460769653,50449,0.6976476311683655,
0.6628780364990234,48,0.337407648563385,1.5790584087371826,50459,1.0634479522705078,
0.4467047452926636,48,0.38573944568634033,1.465087890625,50469,0.8910477161407471,
0.4438473880290985,48,0.35318684577941895,1.486933708190918,50479,0.8565115928649902,
0.635066032409668,48,0.3646637201309204,1.4908392429351807,50489,1.0593633651733398,
0.35087841749191284,48,0.37128615379333496,1.5204304456710815,50499,0.782981812953949,
0.6037819981575012,48,0.35316038131713867,1.5148121118545532,50509,1.017534852027893,
0.5143988132476807,48,0.36366140842437744,1.642693042755127,50519,0.9437679648399353,
0.4798116385936737,48,0.3932044506072998,1.4455448389053345,50529,0.9308379292488098,
0.5385978817939758,48,0.3471795618534088,1.4632539749145508,50539,0.9443076252937317,
0.804409384727478,48,0.37329158186912537,1.4337778091430664,50549,1.2350521087646484,
0.6095215678215027,48,0.35748302936553955,1.5037981271743774,50559,1.0271564722061157,
0.477019727230072,48,0.3320539891719818,1.4629013538360596,50569,0.8675897121429443,
0.8197827339172363,48,0.3541370928287506,1.5739656686782837,50579,1.2368783950805664,
0.3945873975753784,48,0.4469009339809418,1.4839046001434326,50589,0.9008445739746094,
0.3401450216770172,48,0.37847310304641724,1.4424604177474976,50599,0.7763165831565857,
0.6210170388221741,48,0.3876515030860901,1.5378915071487427,50609,1.0701842308044434,
0.39262253046035767,48,0.35548117756843567,1.486350655555725,50619,0.8075577616691589,
0.2158040702342987,48,0.3561008870601654,1.4794511795043945,50629,0.6310830116271973,
0.5759499669075012,48,0.343586266040802,1.509439468383789,50639,0.9799138307571411,
0.4215134084224701,48,0.34058940410614014,1.5366077423095703,50649,0.8235671520233154,
0.6179137229919434,48,0.3479410707950592,1.506227970123291,50659,1.0261038541793823,
0.9787627458572388,48,0.33547598123550415,1.6327159404754639,50669,1.3795474767684937,
0.6845008134841919,48,0.3300856947898865,1.5325430631637573,50679,1.0758881568908691,
0.8502230048179626,48,0.39756178855895996,1.5761678218841553,50689,1.3108315467834473,
0.7441854476928711,48,0.35389018058776855,1.520425796508789,50699,1.1588926315307617,
0.6228311657905579,48,0.3422163426876068,1.5118757486343384,50709,1.0255224704742432,
1.07296884059906,48,0.360156774520874,1.5756912231445312,50719,1.4961532354354858,
0.4058322012424469,48,0.3497064411640167,1.503187656402588,50729,0.815666139125824,
0.667057991027832,48,0.3960011899471283,1.5507503747940063,50739,1.125089168548584,
0.35343194007873535,48,0.38238629698753357,1.500181794166565,50749,0.7958255410194397,
0.9421663284301758,48,0.4038245975971222,1.6018434762954712,50759,1.4100645780563354,
0.3359644412994385,48,0.36755913496017456,1.4962332248687744,50769,0.7633728981018066,
0.5878716111183167,48,0.3473791778087616,1.55968177318573,50779,0.9976380467414856,
0.7624852657318115,48,0.4049361050128937,1.5235579013824463,50789,1.2283636331558228,
0.6184024810791016,48,0.36768925189971924,1.4838343858718872,50799,1.0454450845718384,
0.2993108630180359,48,0.35943514108657837,1.5169981718063354,50809,0.7194259166717529,
,48,,,50812,,0.9766881465911865
0.4907293915748596,49,0.3811309337615967,1.477992057800293,50819,0.9309800267219543,
0.8499242663383484,49,0.33845242857933044,1.5757893323898315,50829,1.2514082193374634,
0.8000794649124146,49,0.34276920557022095,1.530045986175537,50839,1.2040505409240723,
0.48014068603515625,49,0.34322553873062134,1.5147626399993896,50849,0.8839567303657532,
0.34755438566207886,49,0.389483779668808,1.4997018575668335,50859,0.7970262169837952,
0.488109290599823,49,0.40013307332992554,1.406598448753357,50869,0.9445062875747681,
0.35316774249076843,49,0.3841046988964081,1.473593831062317,50879,0.7962161898612976,
0.45363980531692505,49,0.35303494334220886,1.4919759035110474,50889,0.8663537502288818,
0.8591827154159546,49,0.3426674008369446,1.598042368888855,50899,1.2657718658447266,
0.6583528518676758,49,0.3756292164325714,1.5721505880355835,50909,1.0968680381774902,
0.45222702622413635,49,0.3296876549720764,1.454315185546875,50919,0.8400872945785522,
0.4153338074684143,49,0.33131811022758484,1.541086196899414,50929,0.8082953095436096,
1.0958187580108643,49,0.3641711473464966,1.547633171081543,50939,1.521895170211792,
0.6833670735359192,49,0.37057632207870483,1.532989740371704,50949,1.1152629852294922,
0.7275053858757019,49,0.3849566876888275,1.584433913230896,50959,1.1758394241333008,
0.7063166499137878,49,0.35084542632102966,1.5787948369979858,50969,1.1203138828277588,
0.7529667615890503,49,0.31016188859939575,1.5952060222625732,50979,1.126936912536621,
0.8277456760406494,49,0.3411361277103424,1.5528194904327393,50989,1.2309945821762085,
0.4920729100704193,49,0.4243876338005066,1.4178483486175537,50999,0.9731744527816772,
0.48050594329833984,49,0.35677969455718994,1.527093529701233,51009,0.8983693718910217,
0.6871533393859863,49,0.3722970485687256,1.614017367362976,51019,1.1240110397338867,
0.5143842697143555,49,0.3431779742240906,1.4868942499160767,51029,0.9170380234718323,
0.5583008527755737,49,0.36983275413513184,1.4669623374938965,51039,0.9868121147155762,
0.7193021178245544,49,0.36855414509773254,1.4649364948272705,51049,1.1464537382125854,
0.7737483382225037,49,0.36906200647354126,1.5701030492782593,51059,1.205614447593689,
0.5092633962631226,49,0.3575983941555023,1.4737069606781006,51069,0.9258100986480713,
0.49556487798690796,49,0.3412438929080963,1.50307297706604,51079,0.8969317078590393,
0.4287240207195282,49,0.33830711245536804,1.5961297750473022,51089,0.830876350402832,
0.6032919883728027,49,0.37029358744621277,1.5212011337280273,51099,1.0344336032867432,
0.5075377225875854,49,0.35342904925346375,1.5788884162902832,51109,0.9241223335266113,
0.5205641388893127,49,0.4247477650642395,1.503212809562683,51119,1.0054404735565186,
0.41300708055496216,49,0.39279595017433167,1.5031181573867798,51129,0.8659278154373169,
0.6141948699951172,49,0.3465641438961029,1.5523693561553955,51139,1.0228538513183594,
0.9462080597877502,49,0.3549927771091461,1.5993000268936157,51149,1.3651728630065918,
0.4288579821586609,49,0.31228137016296387,1.4551197290420532,51159,0.7993441224098206,
0.5284608602523804,49,0.34425386786460876,1.4803011417388916,51169,0.9319267868995667,
0.5072469711303711,49,0.29408273100852966,1.4376986026763916,51179,0.8588376641273499,
0.5642223954200745,49,0.32797807455062866,1.4687764644622803,51189,0.9509515166282654,
0.8337889313697815,49,0.33933261036872864,1.52933931350708,51199,1.234295129776001,
0.5931214094161987,49,0.33172956109046936,1.4428925514221191,51209,0.9825666546821594,
0.2789229452610016,49,0.3504358232021332,1.4238531589508057,51219,0.6863129138946533,
0.6093496084213257,49,0.39729827642440796,1.3901630640029907,51229,1.0622543096542358,
0.586815595626831,49,0.36036503314971924,1.5474625825881958,51239,1.009079098701477,
0.6506048440933228,49,0.3284262716770172,1.482265830039978,51249,1.0383217334747314,
0.3835897445678711,49,0.3611004650592804,1.4271458387374878,51259,0.8017759919166565,
0.67409348487854,49,0.38792216777801514,1.5428986549377441,51269,1.1237316131591797,
0.3724517822265625,49,0.33145779371261597,1.4520543813705444,51279,0.7619917392730713,
0.3028746247291565,49,0.34396466612815857,1.4573540687561035,51289,0.7051334381103516,
0.4043903350830078,49,0.46367397904396057,1.4405030012130737,51299,0.92568439245224,
0.45631739497184753,49,0.31488481163978577,1.4756733179092407,51309,0.8302291631698608,
0.47283393144607544,49,0.32836011052131653,1.4967459440231323,51319,0.8610638976097107,
0.6678931713104248,49,0.29890695214271545,1.5016188621520996,51329,1.0268648862838745,
0.34379252791404724,49,0.3408045470714569,1.5204521417617798,51339,0.7454151511192322,
0.5039822459220886,49,0.3156278431415558,1.4252463579177856,51349,0.8766199946403503,
0.5641125440597534,49,0.3299161195755005,1.551200032234192,51359,0.9560766816139221,
0.6140613555908203,49,0.32291775941848755,1.5151816606521606,51369,0.9975863695144653,
0.47696053981781006,49,0.32160699367523193,1.4470025300979614,51379,0.8564476370811462,
0.422735333442688,49,0.4069700837135315,1.4820873737335205,51389,0.8889889121055603,
0.47316861152648926,49,0.36405932903289795,1.4687376022338867,51399,0.8959774374961853,
0.3125562369823456,49,0.3605203330516815,1.449612021446228,51409,0.7310610413551331,
0.7788906097412109,49,0.4054874777793884,1.476955771446228,51419,1.2434563636779785,
0.3846448063850403,49,0.35822468996047974,1.4506561756134033,51429,0.8008957505226135,
0.7639349699020386,49,0.43975958228111267,1.6288789510726929,51439,1.2688497304916382,
0.431740939617157,49,0.366354763507843,1.536280632019043,51449,0.8595468997955322,
0.4920964539051056,49,0.36584559082984924,1.5263841152191162,51459,0.9189974069595337,
0.36017292737960815,49,0.3829062879085541,1.412369966506958,51469,0.7995739579200745,
1.0251100063323975,49,0.3377581238746643,1.4331687688827515,51479,1.4201948642730713,
0.3700590133666992,49,0.3347737491130829,1.433080792427063,51489,0.7621560096740723,
0.6760317087173462,49,0.31979280710220337,1.5597939491271973,51499,1.0582163333892822,
0.5299492478370667,49,0.31117260456085205,1.44169020652771,51509,0.8987894654273987,
0.5686546564102173,49,0.37549155950546265,1.5117292404174805,51519,1.0046154260635376,
0.5276687145233154,49,0.3521253764629364,1.4902151823043823,51529,0.93940269947052,
0.40889742970466614,49,0.3244188129901886,1.4535915851593018,51539,0.7914599180221558,
0.7853894233703613,49,0.35542282462120056,1.4759029150009155,51549,1.1998484134674072,
0.5880881547927856,49,0.3407845199108124,1.495258092880249,51559,0.9886830449104309,
0.8734363913536072,49,0.33556586503982544,1.430928349494934,51569,1.2662394046783447,
0.6919302344322205,49,0.32178494334220886,1.500565767288208,51579,1.0737377405166626,
0.701554000377655,49,0.3437286615371704,1.473166584968567,51589,1.104209303855896,
0.45563429594039917,49,0.4036634862422943,1.463038682937622,51599,0.9178193211555481,
0.7761650085449219,49,0.35559341311454773,1.5407016277313232,51609,1.1933865547180176,
0.7631109356880188,49,0.4030305743217468,1.476824164390564,51619,1.2252144813537598,
0.38298460841178894,49,0.38716182112693787,1.4458813667297363,51629,0.82798171043396,
0.5168179273605347,49,0.36544564366340637,1.5333091020584106,51639,0.9435958862304688,
0.49530044198036194,49,0.3829538822174072,1.5113388299942017,51649,0.9387078285217285,
0.48391100764274597,49,0.3023710548877716,1.5085660219192505,51659,0.8466247320175171,
0.3832477033138275,49,0.30660301446914673,1.4509583711624146,51669,0.7478890419006348,
1.167421817779541,49,0.3386366069316864,1.6239748001098633,51679,1.5710175037384033,
0.4044532775878906,49,0.2801934480667114,1.6202571392059326,51689,0.7494570016860962,
0.9755626320838928,49,0.3217005133628845,1.4596835374832153,51699,1.3556504249572754,
0.5683465003967285,49,0.3081733286380768,1.5312870740890503,51709,0.9377712607383728,
0.6248414516448975,49,0.38664355874061584,1.5203487873077393,51719,1.0722988843917847,
0.5736522674560547,49,0.3788888156414032,1.5142558813095093,51729,1.0131113529205322,
0.49046286940574646,49,0.3665519952774048,1.4299970865249634,51739,0.9142147898674011,
0.422915518283844,49,0.36059316992759705,1.4389764070510864,51749,0.8410677313804626,
0.38347679376602173,49,0.3400530517101288,1.467362403869629,51759,0.7822242975234985,
0.459827184677124,49,0.43725818395614624,1.412446141242981,51769,0.9535832405090332,
0.358189195394516,49,0.3404307961463928,1.4017999172210693,51779,0.7546919584274292,
0.9469394683837891,49,0.3711695373058319,1.6375806331634521,51789,1.3836122751235962,
0.6471602916717529,49,0.3135606050491333,1.5970436334609985,51799,1.0246026515960693,
0.5195424556732178,49,0.3210427165031433,1.5313345193862915,51809,0.9018385410308838,
0.3910667896270752,49,0.3018411695957184,1.392723798751831,51819,0.7486168742179871,
0.5495532155036926,49,0.3451406955718994,1.4208117723464966,51829,0.951526403427124,
0.6742019653320312,49,0.3827049434185028,1.5518038272857666,51839,1.1189790964126587,
0.2732801139354706,49,0.48523029685020447,1.4114696979522705,51849,0.8149691820144653,
,49,,,51849,,0.9803287982940674
