epoch,step,total_grad_norm,total_weight_norm,train_auc_eval,train_f1_eval,train_loss,train_loss_epoch,train_loss_eval,train_map_eval,val_auc,val_auc_eval,val_f1,val_f1_eval,val_loss,val_loss_eval,val_map,val_map_eval
0,0,,,0.4828397333621979,0.017586369067430496,,,37.23168273212046,0.015017782337963581,,0.4765819311141968,,0.017151912674307823,,37.22915114675249,,0.016805440187454224
0,9,,,,,34.671085357666016,,,,,,,,,,,
0,19,,,,,29.621734619140625,,,,,,,,,,,
0,29,,,,,27.497488021850586,,,,,,,,,,,
0,39,,,,,25.743488311767578,,,,,,,,,,,
0,49,,,,,24.75452423095703,,,,,,,,,,,
0,59,,,,,23.759185791015625,,,,,,,,,,,
0,69,,,,,22.86593246459961,,,,,,,,,,,
0,79,,,,,22.305343627929688,,,,,,,,,,,
0,89,,,,,21.932592391967773,,,,,,,,,,,
0,99,,,,,21.470073699951172,,,,,,,,,,,
0,109,,,,,21.280746459960938,,,,,,,,,,,
0,119,,,,,20.863080978393555,,,,,,,,,,,
0,129,,,,,20.645456314086914,,,,,,,,,,,
0,139,,,,,20.397720336914062,,,,,,,,,,,
0,0,16.504125089165953,90.37371797141272,,,,,,,,,,,,,,
0,141,,,,,,24.14068603515625,,,,,,,,,,
1,149,,,,,19.81075668334961,,,,,,,,,,,
1,159,,,,,19.6954288482666,,,,,,,,,,,
1,169,,,,,19.43620491027832,,,,,,,,,,,
1,179,,,,,19.344161987304688,,,,,,,,,,,
1,189,,,,,18.92051887512207,,,,,,,,,,,
1,199,,,,,18.514921188354492,,,,,,,,,,,
1,209,,,,,18.629417419433594,,,,,,,,,,,
1,219,,,,,18.348623275756836,,,,,,,,,,,
1,229,,,,,18.029104232788086,,,,,,,,,,,
1,239,,,,,18.042133331298828,,,,,,,,,,,
1,249,,,,,17.900468826293945,,,,,,,,,,,
1,259,,,,,17.53635597229004,,,,,,,,,,,
1,269,,,,,17.281641006469727,,,,,,,,,,,
1,279,,,,,17.103912353515625,,,,,,,,,,,
1,1,9.654711846246608,90.38169754667005,,,,,,,,,,,,,,
1,283,,,,,,18.511404037475586,,,,,,,,,,
2,289,,,,,16.9166202545166,,,,,,,,,,,
2,299,,,,,16.640092849731445,,,,,,,,,,,
2,309,,,,,16.480609893798828,,,,,,,,,,,
2,319,,,,,16.360029220581055,,,,,,,,,,,
2,329,,,,,16.21240234375,,,,,,,,,,,
2,339,,,,,15.986323356628418,,,,,,,,,,,
2,349,,,,,15.74866008758545,,,,,,,,,,,
2,359,,,,,15.48030948638916,,,,,,,,,,,
2,369,,,,,15.338775634765625,,,,,,,,,,,
2,379,,,,,15.277406692504883,,,,,,,,,,,
2,389,,,,,15.17314624786377,,,,,,,,,,,
2,399,,,,,14.87328815460205,,,,,,,,,,,
2,409,,,,,15.103399276733398,,,,,,,,,,,
2,419,,,,,14.725812911987305,,,,,,,,,,,
2,2,8.57222582729946,90.39256898092486,,,,,,,,,,,,,,
2,425,,,,,,15.776290893554688,,,,,,,,,,
3,429,,,,,14.649531364440918,,,,,,,,,,,
3,439,,,,,14.368688583374023,,,,,,,,,,,
3,449,,,,,14.033832550048828,,,,,,,,,,,
3,459,,,,,13.933398246765137,,,,,,,,,,,
3,469,,,,,14.203868865966797,,,,,,,,,,,
3,479,,,,,13.803048133850098,,,,,,,,,,,
3,489,,,,,13.575507164001465,,,,,,,,,,,
3,499,,,,,13.358433723449707,,,,,,,,,,,
3,509,,,,,13.176093101501465,,,,,,,,,,,
3,519,,,,,13.200780868530273,,,,,,,,,,,
3,529,,,,,13.032431602478027,,,,,,,,,,,
3,539,,,,,12.873064041137695,,,,,,,,,,,
3,549,,,,,12.697990417480469,,,,,,,,,,,
3,559,,,,,12.780142784118652,,,,,,,,,,,
3,3,7.546652423896318,90.40714178113114,,,,,,,,,,,,,,
3,567,,,,,,13.505341529846191,,,,,,,,,,
4,569,,,,,12.569520950317383,,,,,,,,,,,
4,579,,,,,12.458871841430664,,,,,,,,,,,
4,589,,,,,12.416653633117676,,,,,,,,,,,
4,599,,,,,12.280888557434082,,,,,,,,,,,
4,609,,,,,12.031633377075195,,,,,,,,,,,
4,619,,,,,11.457206726074219,,,,,,,,,,,
4,629,,,,,11.655280113220215,,,,,,,,,,,
4,639,,,,,11.762758255004883,,,,,,,,,,,
4,649,,,,,11.530868530273438,,,,,,,,,,,
4,659,,,,,11.37613296508789,,,,,,,,,,,
4,669,,,,,11.182587623596191,,,,,,,,,,,
4,679,,,,,11.198987007141113,,,,,,,,,,,
4,689,,,,,10.917643547058105,,,,,,,,,,,
4,699,,,,,10.814784049987793,,,,,,,,,,,
4,709,,,,,10.838322639465332,,,,,,,,,,,
4,4,6.551599802074709,90.42262680137767,,,,,,,,,,,,,,
4,709,,,,,,11.59908676147461,,,,,,,,,,
5,719,,,,,10.94063663482666,,,,,,,,,,,
5,729,,,,,10.487021446228027,,,,,,,,,,,
5,739,,,,,10.448115348815918,,,,,,,,,,,
5,749,,,,,10.18952465057373,,,,,,,,,,,
5,759,,,,,10.284401893615723,,,,,,,,,,,
5,769,,,,,10.321303367614746,,,,,,,,,,,
5,779,,,,,10.079977035522461,,,,,,,,,,,
5,789,,,,,9.754473686218262,,,,,,,,,,,
5,799,,,,,9.797529220581055,,,,,,,,,,,
5,809,,,,,9.828635215759277,,,,,,,,,,,
5,819,,,,,9.654837608337402,,,,,,,,,,,
5,829,,,,,9.496011734008789,,,,,,,,,,,
5,839,,,,,9.370894432067871,,,,,,,,,,,
5,849,,,,,9.49871826171875,,,,,,,,,,,
5,5,5.607368028115106,90.43925813973424,,,,,,,,,,,,,,
5,851,,,,,,10.009828567504883,,,,,,,,,,
6,859,,,,,9.352343559265137,,,,,,,,,,,
6,869,,,,,9.322943687438965,,,,,,,,,,,
6,879,,,,,9.020825386047363,,,,,,,,,,,
6,889,,,,,8.894685745239258,,,,,,,,,,,
6,899,,,,,9.039090156555176,,,,,,,,,,,
6,909,,,,,8.674579620361328,,,,,,,,,,,
6,919,,,,,8.81837272644043,,,,,,,,,,,
6,929,,,,,8.634092330932617,,,,,,,,,,,
6,939,,,,,8.748698234558105,,,,,,,,,,,
6,949,,,,,8.304648399353027,,,,,,,,,,,
6,959,,,,,8.342519760131836,,,,,,,,,,,
6,969,,,,,8.305360794067383,,,,,,,,,,,
6,979,,,,,8.415191650390625,,,,,,,,,,,
6,989,,,,,8.18504810333252,,,,,,,,,,,
6,6,4.747596373339085,90.45851131832087,,,,,,,,,,,,,,
6,993,,,,,,8.722637176513672,,,,,,,,,,
7,999,,,,,8.090961456298828,,,,,,,,,,,
7,1009,,,,,8.157380104064941,,,,,,,,,,,
7,1019,,,,,8.102141380310059,,,,,,,,,,,
7,1029,,,,,7.855127334594727,,,,,,,,,,,
7,1039,,,,,7.6166090965271,,,,,,,,,,,
7,1049,,,,,7.725891590118408,,,,,,,,,,,
7,1059,,,,,7.4877142906188965,,,,,,,,,,,
7,1069,,,,,7.714015483856201,,,,,,,,,,,
7,1079,,,,,7.724158763885498,,,,,,,,,,,
7,1089,,,,,7.546247959136963,,,,,,,,,,,
7,1099,,,,,7.634120941162109,,,,,,,,,,,
7,1109,,,,,7.470376968383789,,,,,,,,,,,
7,1119,,,,,7.630791664123535,,,,,,,,,,,
7,1129,,,,,7.369020938873291,,,,,,,,,,,
7,7,4.058945375588879,90.48024230001766,,,,,,,,,,,,,,
7,1135,,,,,,7.781022548675537,,,,,,,,,,
8,1139,,,,,7.705721378326416,,,,,,,,,,,
8,1149,,,,,7.312729358673096,,,,,,,,,,,
8,1159,,,,,7.292812347412109,,,,,,,,,,,
8,1169,,,,,7.099793434143066,,,,,,,,,,,
8,1179,,,,,7.0173020362854,,,,,,,,,,,
8,1189,,,,,7.12683629989624,,,,,,,,,,,
8,1199,,,,,7.053040504455566,,,,,,,,,,,
8,1209,,,,,6.975574970245361,,,,,,,,,,,
8,1219,,,,,6.923340320587158,,,,,,,,,,,
8,1229,,,,,7.106975078582764,,,,,,,,,,,
8,1239,,,,,7.180203914642334,,,,,,,,,,,
8,1249,,,,,6.880198001861572,,,,,,,,,,,
8,1259,,,,,6.748289585113525,,,,,,,,,,,
8,1269,,,,,6.78222131729126,,,,,,,,,,,
8,8,3.520871342679098,90.50186033555076,,,,,,,,,,,,,,
8,1277,,,,,,7.069560527801514,,,,,,,,,,
9,1279,,,,,7.145171165466309,,,,,,,,,,,
9,1289,,,,,6.808604717254639,,,,,,,,,,,
9,1299,,,,,6.807879447937012,,,,,,,,,,,
9,1309,,,,,6.651040077209473,,,,,,,,,,,
9,1319,,,,,6.658585071563721,,,,,,,,,,,
9,1329,,,,,6.709732532501221,,,,,,,,,,,
9,1339,,,,,6.627779483795166,,,,,,,,,,,
9,1349,,,,,6.618484973907471,,,,,,,,,,,
9,1359,,,,,6.267836093902588,,,,,,,,,,,
9,1369,,,,,6.48491096496582,,,,,,,,,,,
9,1379,,,,,6.440306663513184,,,,,,,,,,,
9,1389,,,,,6.5293169021606445,,,,,,,,,,,
9,1399,,,,,6.210203647613525,,,,,,,,,,,
9,1409,,,,,6.411226749420166,,,,,,,,,,,
9,1419,,,,,6.3982439041137695,,,,,,,,,,,
9,9,,,0.5638691186904907,0.0064746611751616,,,5.697404209896658,0.03531286492943764,,0.564860999584198,,0.006323899608105421,,5.719389571219074,,0.03801590949296951
9,1419,,,,,,,,,0.564860999584198,,0.006323899608105421,,5.71938943862915,,0.03801590949296951,
9,9,3.081448056730463,90.52427302750316,,,,,,,,,,,,,,
9,1419,,,,,,6.539340019226074,,,,,,,,,,
10,1429,,,,,6.348142623901367,,,,,,,,,,,
10,1439,,,,,6.1683030128479,,,,,,,,,,,
10,1449,,,,,6.341178894042969,,,,,,,,,,,
10,1459,,,,,6.221105098724365,,,,,,,,,,,
10,1469,,,,,6.030770301818848,,,,,,,,,,,
10,1479,,,,,6.179160118103027,,,,,,,,,,,
10,1489,,,,,6.121150493621826,,,,,,,,,,,
10,1499,,,,,6.07402229309082,,,,,,,,,,,
10,1509,,,,,6.275724411010742,,,,,,,,,,,
10,1519,,,,,6.105871677398682,,,,,,,,,,,
10,1529,,,,,6.187790393829346,,,,,,,,,,,
10,1539,,,,,6.039028167724609,,,,,,,,,,,
10,1549,,,,,6.027594089508057,,,,,,,,,,,
10,1559,,,,,5.703873157501221,,,,,,,,,,,
10,10,2.727072016584621,90.54666382417746,,,,,,,,,,,,,,
10,1561,,,,,,6.113480091094971,,,,,,,,,,
11,1569,,,,,5.987155437469482,,,,,,,,,,,
11,1579,,,,,5.830045223236084,,,,,,,,,,,
11,1589,,,,,5.924412727355957,,,,,,,,,,,
11,1599,,,,,5.808202266693115,,,,,,,,,,,
11,1609,,,,,5.910772800445557,,,,,,,,,,,
11,1619,,,,,5.824731826782227,,,,,,,,,,,
11,1629,,,,,5.71146821975708,,,,,,,,,,,
11,1639,,,,,5.77081823348999,,,,,,,,,,,
11,1649,,,,,5.5568671226501465,,,,,,,,,,,
11,1659,,,,,5.868372440338135,,,,,,,,,,,
11,1669,,,,,5.73870849609375,,,,,,,,,,,
11,1679,,,,,5.637024402618408,,,,,,,,,,,
11,1689,,,,,5.538521766662598,,,,,,,,,,,
11,1699,,,,,5.471983909606934,,,,,,,,,,,
11,11,2.4892773930066756,90.57041805271419,,,,,,,,,,,,,,
11,1703,,,,,,5.78154993057251,,,,,,,,,,
12,1709,,,,,5.834118366241455,,,,,,,,,,,
12,1719,,,,,5.541500568389893,,,,,,,,,,,
12,1729,,,,,5.354998588562012,,,,,,,,,,,
12,1739,,,,,5.638898849487305,,,,,,,,,,,
12,1749,,,,,5.228386878967285,,,,,,,,,,,
12,1759,,,,,5.571435451507568,,,,,,,,,,,
12,1769,,,,,5.24112606048584,,,,,,,,,,,
12,1779,,,,,5.700026035308838,,,,,,,,,,,
12,1789,,,,,5.375881671905518,,,,,,,,,,,
12,1799,,,,,5.432037353515625,,,,,,,,,,,
12,1809,,,,,5.385988712310791,,,,,,,,,,,
12,1819,,,,,5.4926347732543945,,,,,,,,,,,
12,1829,,,,,5.5308637619018555,,,,,,,,,,,
12,1839,,,,,5.0365424156188965,,,,,,,,,,,
12,12,2.2295744216347897,90.59503187033663,,,,,,,,,,,,,,
12,1845,,,,,,5.5030837059021,,,,,,,,,,
13,1849,,,,,5.590466022491455,,,,,,,,,,,
13,1859,,,,,5.185039043426514,,,,,,,,,,,
13,1869,,,,,5.347542762756348,,,,,,,,,,,
13,1879,,,,,5.533089637756348,,,,,,,,,,,
13,1889,,,,,5.111818313598633,,,,,,,,,,,
13,1899,,,,,5.471719741821289,,,,,,,,,,,
13,1909,,,,,5.138142108917236,,,,,,,,,,,
13,1919,,,,,5.271824836730957,,,,,,,,,,,
13,1929,,,,,5.511093616485596,,,,,,,,,,,
13,1939,,,,,5.068790912628174,,,,,,,,,,,
13,1949,,,,,5.343379020690918,,,,,,,,,,,
13,1959,,,,,5.123409271240234,,,,,,,,,,,
13,1969,,,,,5.409013748168945,,,,,,,,,,,
13,1979,,,,,4.846872329711914,,,,,,,,,,,
13,13,2.067323319984545,90.62048735401183,,,,,,,,,,,,,,
13,1987,,,,,,5.279214382171631,,,,,,,,,,
14,1989,,,,,4.862181663513184,,,,,,,,,,,
14,1999,,,,,5.608773708343506,,,,,,,,,,,
14,2009,,,,,5.129486083984375,,,,,,,,,,,
14,2019,,,,,5.233861446380615,,,,,,,,,,,
14,2029,,,,,4.81706428527832,,,,,,,,,,,
14,2039,,,,,5.136841773986816,,,,,,,,,,,
14,2049,,,,,4.915592193603516,,,,,,,,,,,
14,2059,,,,,5.081302165985107,,,,,,,,,,,
14,2069,,,,,4.9478678703308105,,,,,,,,,,,
14,2079,,,,,5.106727123260498,,,,,,,,,,,
14,2089,,,,,5.00422477722168,,,,,,,,,,,
14,2099,,,,,5.09891414642334,,,,,,,,,,,
14,2109,,,,,5.12213659286499,,,,,,,,,,,
14,2119,,,,,5.200028419494629,,,,,,,,,,,
14,2129,,,,,4.844418048858643,,,,,,,,,,,
14,14,2.000950351716865,90.64650989554522,,,,,,,,,,,,,,
14,2129,,,,,,5.08926248550415,,,,,,,,,,
15,2139,,,,,5.075621128082275,,,,,,,,,,,
15,2149,,,,,4.768527030944824,,,,,,,,,,,
15,2159,,,,,4.872129917144775,,,,,,,,,,,
15,2169,,,,,5.170970439910889,,,,,,,,,,,
15,2179,,,,,5.152603626251221,,,,,,,,,,,
15,2189,,,,,4.864069938659668,,,,,,,,,,,
15,2199,,,,,5.097839832305908,,,,,,,,,,,
15,2209,,,,,5.048675537109375,,,,,,,,,,,
15,2219,,,,,5.1945905685424805,,,,,,,,,,,
15,2229,,,,,4.5752787590026855,,,,,,,,,,,
15,2239,,,,,4.825344562530518,,,,,,,,,,,
15,2249,,,,,4.69518518447876,,,,,,,,,,,
15,2259,,,,,4.933553218841553,,,,,,,,,,,
15,2269,,,,,4.7971601486206055,,,,,,,,,,,
15,15,1.8958987696481047,90.67213117628043,,,,,,,,,,,,,,
15,2271,,,,,,4.931693077087402,,,,,,,,,,
16,2279,,,,,4.787219524383545,,,,,,,,,,,
16,2289,,,,,4.661069393157959,,,,,,,,,,,
16,2299,,,,,5.038789749145508,,,,,,,,,,,
16,2309,,,,,5.068233013153076,,,,,,,,,,,
16,2319,,,,,4.716946125030518,,,,,,,,,,,
16,2329,,,,,4.888599395751953,,,,,,,,,,,
16,2339,,,,,4.93951940536499,,,,,,,,,,,
16,2349,,,,,4.825855731964111,,,,,,,,,,,
16,2359,,,,,4.784184455871582,,,,,,,,,,,
16,2369,,,,,4.758417129516602,,,,,,,,,,,
16,2379,,,,,4.790335655212402,,,,,,,,,,,
16,2389,,,,,4.7254791259765625,,,,,,,,,,,
16,2399,,,,,4.525946140289307,,,,,,,,,,,
16,2409,,,,,4.689952850341797,,,,,,,,,,,
16,16,1.9090719705160664,90.69691659438297,,,,,,,,,,,,,,
16,2413,,,,,,4.7994232177734375,,,,,,,,,,
17,2419,,,,,4.912533283233643,,,,,,,,,,,
17,2429,,,,,4.6769490242004395,,,,,,,,,,,
17,2439,,,,,4.800235271453857,,,,,,,,,,,
17,2449,,,,,4.679561614990234,,,,,,,,,,,
17,2459,,,,,4.763134479522705,,,,,,,,,,,
17,2469,,,,,4.578915119171143,,,,,,,,,,,
17,2479,,,,,4.79757022857666,,,,,,,,,,,
17,2489,,,,,4.916748523712158,,,,,,,,,,,
17,2499,,,,,4.535797119140625,,,,,,,,,,,
17,2509,,,,,4.601987361907959,,,,,,,,,,,
17,2519,,,,,4.837585926055908,,,,,,,,,,,
17,2529,,,,,4.8131513595581055,,,,,,,,,,,
17,2539,,,,,4.697122097015381,,,,,,,,,,,
17,2549,,,,,4.5744218826293945,,,,,,,,,,,
17,17,1.8692778299555786,90.71945579201663,,,,,,,,,,,,,,
17,2555,,,,,,4.6747236251831055,,,,,,,,,,
18,2559,,,,,4.31962251663208,,,,,,,,,,,
18,2569,,,,,4.528910160064697,,,,,,,,,,,
18,2579,,,,,4.6434454917907715,,,,,,,,,,,
18,2589,,,,,4.545680999755859,,,,,,,,,,,
18,2599,,,,,4.503703594207764,,,,,,,,,,,
18,2609,,,,,4.390035152435303,,,,,,,,,,,
18,2619,,,,,4.410442352294922,,,,,,,,,,,
18,2629,,,,,4.643718242645264,,,,,,,,,,,
18,2639,,,,,4.587477207183838,,,,,,,,,,,
18,2649,,,,,4.592254638671875,,,,,,,,,,,
18,2659,,,,,4.585046291351318,,,,,,,,,,,
18,2669,,,,,4.650415420532227,,,,,,,,,,,
18,2679,,,,,4.724078178405762,,,,,,,,,,,
18,2689,,,,,4.408778667449951,,,,,,,,,,,
18,18,1.918985186487376,90.74109055536373,,,,,,,,,,,,,,
18,2697,,,,,,4.570907115936279,,,,,,,,,,
19,2699,,,,,4.67719841003418,,,,,,,,,,,
19,2709,,,,,4.381239891052246,,,,,,,,,,,
19,2719,,,,,4.423171043395996,,,,,,,,,,,
19,2729,,,,,4.639516830444336,,,,,,,,,,,
19,2739,,,,,4.422133445739746,,,,,,,,,,,
19,2749,,,,,4.509988784790039,,,,,,,,,,,
19,2759,,,,,4.45595121383667,,,,,,,,,,,
19,2769,,,,,4.304708957672119,,,,,,,,,,,
19,2779,,,,,4.699545383453369,,,,,,,,,,,
19,2789,,,,,4.53349494934082,,,,,,,,,,,
19,2799,,,,,4.368027687072754,,,,,,,,,,,
19,2809,,,,,4.525635719299316,,,,,,,,,,,
19,2819,,,,,4.336469650268555,,,,,,,,,,,
19,2829,,,,,4.057490348815918,,,,,,,,,,,
19,2839,,,,,4.6960577964782715,,,,,,,,,,,
19,19,,,0.6117269992828369,0.014738396741449833,,,4.123598883119904,0.054910916835069656,,0.6061606407165527,,0.01500332448631525,,4.157726231582311,,0.056198377162218094
19,2839,,,,,,,,,0.6061606407165527,,0.01500332448631525,,4.157726287841797,,0.056198377162218094,
19,19,1.9370636169091313,90.7618087265911,,,,,,,,,,,,,,
19,2839,,,,,,4.48372220993042,,,,,,,,,,
20,2849,,,,,4.645104885101318,,,,,,,,,,,
20,2859,,,,,4.240974426269531,,,,,,,,,,,
20,2869,,,,,4.460351943969727,,,,,,,,,,,
20,2879,,,,,4.81622838973999,,,,,,,,,,,
20,2889,,,,,4.659845352172852,,,,,,,,,,,
20,2899,,,,,4.326258182525635,,,,,,,,,,,
20,2909,,,,,4.363370418548584,,,,,,,,,,,
20,2919,,,,,4.556538105010986,,,,,,,,,,,
20,2929,,,,,4.406190872192383,,,,,,,,,,,
20,2939,,,,,3.9263076782226562,,,,,,,,,,,
20,2949,,,,,4.168006420135498,,,,,,,,,,,
20,2959,,,,,4.812012672424316,,,,,,,,,,,
20,2969,,,,,4.549992084503174,,,,,,,,,,,
20,2979,,,,,4.293664932250977,,,,,,,,,,,
20,20,2.046890543479369,90.78126581182626,,,,,,,,,,,,,,
20,2981,,,,,,4.401360988616943,,,,,,,,,,
21,2989,,,,,4.737735271453857,,,,,,,,,,,
21,2999,,,,,4.3944525718688965,,,,,,,,,,,
21,3009,,,,,4.467245578765869,,,,,,,,,,,
21,3019,,,,,4.227733612060547,,,,,,,,,,,
21,3029,,,,,4.017456531524658,,,,,,,,,,,
21,3039,,,,,3.9626543521881104,,,,,,,,,,,
21,3049,,,,,4.402073860168457,,,,,,,,,,,
21,3059,,,,,4.574542045593262,,,,,,,,,,,
21,3069,,,,,4.255475997924805,,,,,,,,,,,
21,3079,,,,,4.382209777832031,,,,,,,,,,,
21,3089,,,,,4.337164878845215,,,,,,,,,,,
21,3099,,,,,3.985584259033203,,,,,,,,,,,
21,3109,,,,,4.199386119842529,,,,,,,,,,,
21,3119,,,,,4.480825901031494,,,,,,,,,,,
21,21,2.246797163821056,90.7995755419675,,,,,,,,,,,,,,
21,3123,,,,,,4.334031581878662,,,,,,,,,,
22,3129,,,,,4.205775737762451,,,,,,,,,,,
22,3139,,,,,4.338347911834717,,,,,,,,,,,
22,3149,,,,,4.464786052703857,,,,,,,,,,,
22,3159,,,,,4.234536170959473,,,,,,,,,,,
22,3169,,,,,4.0820441246032715,,,,,,,,,,,
22,3179,,,,,4.286370754241943,,,,,,,,,,,
22,3189,,,,,4.453073501586914,,,,,,,,,,,
22,3199,,,,,4.25645112991333,,,,,,,,,,,
22,3209,,,,,3.975975751876831,,,,,,,,,,,
22,3219,,,,,4.274134635925293,,,,,,,,,,,
22,3229,,,,,4.346080780029297,,,,,,,,,,,
22,3239,,,,,4.223917007446289,,,,,,,,,,,
22,3249,,,,,4.249448299407959,,,,,,,,,,,
22,3259,,,,,4.303771495819092,,,,,,,,,,,
22,22,2.058763097901225,90.81786240880527,,,,,,,,,,,,,,
22,3265,,,,,,4.269931793212891,,,,,,,,,,
23,3269,,,,,4.194974422454834,,,,,,,,,,,
23,3279,,,,,4.280892372131348,,,,,,,,,,,
23,3289,,,,,4.084651470184326,,,,,,,,,,,
23,3299,,,,,4.397161960601807,,,,,,,,,,,
23,3309,,,,,4.478785991668701,,,,,,,,,,,
23,3319,,,,,3.9554269313812256,,,,,,,,,,,
23,3329,,,,,3.855224609375,,,,,,,,,,,
23,3339,,,,,3.8753228187561035,,,,,,,,,,,
23,3349,,,,,4.144218444824219,,,,,,,,,,,
23,3359,,,,,4.145293712615967,,,,,,,,,,,
23,3369,,,,,4.486032009124756,,,,,,,,,,,
23,3379,,,,,4.318079948425293,,,,,,,,,,,
23,3389,,,,,3.980963945388794,,,,,,,,,,,
23,3399,,,,,3.965064287185669,,,,,,,,,,,
23,23,2.1453117308683733,90.83457701679484,,,,,,,,,,,,,,
23,3407,,,,,,4.211024284362793,,,,,,,,,,
24,3409,,,,,4.4199934005737305,,,,,,,,,,,
24,3419,,,,,3.9752280712127686,,,,,,,,,,,
24,3429,,,,,4.18115234375,,,,,,,,,,,
24,3439,,,,,3.9722042083740234,,,,,,,,,,,
24,3449,,,,,4.212831497192383,,,,,,,,,,,
24,3459,,,,,4.14132833480835,,,,,,,,,,,
24,3469,,,,,4.29425048828125,,,,,,,,,,,
24,3479,,,,,4.055119037628174,,,,,,,,,,,
24,3489,,,,,4.451657772064209,,,,,,,,,,,
24,3499,,,,,4.162838935852051,,,,,,,,,,,
24,3509,,,,,4.021637439727783,,,,,,,,,,,
24,3519,,,,,4.022792816162109,,,,,,,,,,,
24,3529,,,,,3.994288921356201,,,,,,,,,,,
24,3539,,,,,4.231298923492432,,,,,,,,,,,
24,3549,,,,,4.282651424407959,,,,,,,,,,,
24,24,2.261347970598321,90.85076330577556,,,,,,,,,,,,,,
24,3549,,,,,,4.160792827606201,,,,,,,,,,
25,3559,,,,,4.336694717407227,,,,,,,,,,,
25,3569,,,,,3.9294891357421875,,,,,,,,,,,
25,3579,,,,,4.224759578704834,,,,,,,,,,,
25,3589,,,,,4.0328874588012695,,,,,,,,,,,
25,3599,,,,,3.851353645324707,,,,,,,,,,,
25,3609,,,,,4.375292778015137,,,,,,,,,,,
25,3619,,,,,4.061820030212402,,,,,,,,,,,
25,3629,,,,,4.080502033233643,,,,,,,,,,,
25,3639,,,,,4.114444255828857,,,,,,,,,,,
25,3649,,,,,4.351662635803223,,,,,,,,,,,
25,3659,,,,,4.061758995056152,,,,,,,,,,,
25,3669,,,,,4.138919830322266,,,,,,,,,,,
25,3679,,,,,4.136787414550781,,,,,,,,,,,
25,3689,,,,,4.070253849029541,,,,,,,,,,,
25,25,2.35210616026011,90.86721784134224,,,,,,,,,,,,,,
25,3691,,,,,,4.111335754394531,,,,,,,,,,
26,3699,,,,,4.096371173858643,,,,,,,,,,,
26,3709,,,,,4.116315841674805,,,,,,,,,,,
26,3719,,,,,4.138510704040527,,,,,,,,,,,
26,3729,,,,,4.190749168395996,,,,,,,,,,,
26,3739,,,,,4.008996486663818,,,,,,,,,,,
26,3749,,,,,4.036479473114014,,,,,,,,,,,
26,3759,,,,,3.9930214881896973,,,,,,,,,,,
26,3769,,,,,3.9530019760131836,,,,,,,,,,,
26,3779,,,,,4.146798610687256,,,,,,,,,,,
26,3789,,,,,4.134864330291748,,,,,,,,,,,
26,3799,,,,,4.048799991607666,,,,,,,,,,,
26,3809,,,,,4.209615230560303,,,,,,,,,,,
26,3819,,,,,4.0498504638671875,,,,,,,,,,,
26,3829,,,,,4.574049472808838,,,,,,,,,,,
26,26,2.397875633687917,90.88217271175424,,,,,,,,,,,,,,
26,3833,,,,,,4.0634026527404785,,,,,,,,,,
27,3839,,,,,3.911044120788574,,,,,,,,,,,
27,3849,,,,,3.944894552230835,,,,,,,,,,,
27,3859,,,,,3.878615140914917,,,,,,,,,,,
27,3869,,,,,4.036687850952148,,,,,,,,,,,
27,3879,,,,,4.039597511291504,,,,,,,,,,,
27,3889,,,,,3.908947467803955,,,,,,,,,,,
27,3899,,,,,4.2473039627075195,,,,,,,,,,,
27,3909,,,,,4.280484676361084,,,,,,,,,,,
27,3919,,,,,3.974270820617676,,,,,,,,,,,
27,3929,,,,,3.9718682765960693,,,,,,,,,,,
27,3939,,,,,3.778581380844116,,,,,,,,,,,
27,3949,,,,,3.8195903301239014,,,,,,,,,,,
27,3959,,,,,4.403890609741211,,,,,,,,,,,
27,3969,,,,,4.138901233673096,,,,,,,,,,,
27,27,2.911497095599497,90.89745123148828,,,,,,,,,,,,,,
27,3975,,,,,,4.025848388671875,,,,,,,,,,
28,3979,,,,,4.175941467285156,,,,,,,,,,,
28,3989,,,,,4.1397857666015625,,,,,,,,,,,
28,3999,,,,,3.8237757682800293,,,,,,,,,,,
28,4009,,,,,3.8000545501708984,,,,,,,,,,,
28,4019,,,,,4.221956729888916,,,,,,,,,,,
28,4029,,,,,4.033709526062012,,,,,,,,,,,
28,4039,,,,,3.9309637546539307,,,,,,,,,,,
28,4049,,,,,4.046639442443848,,,,,,,,,,,
28,4059,,,,,3.879476308822632,,,,,,,,,,,
28,4069,,,,,3.898729085922241,,,,,,,,,,,
28,4079,,,,,4.1901350021362305,,,,,,,,,,,
28,4089,,,,,4.066495418548584,,,,,,,,,,,
28,4099,,,,,3.8098137378692627,,,,,,,,,,,
28,4109,,,,,4.3071489334106445,,,,,,,,,,,
28,28,2.866946244459498,90.91199328849312,,,,,,,,,,,,,,
28,4117,,,,,,3.9831020832061768,,,,,,,,,,
29,4119,,,,,4.33685827255249,,,,,,,,,,,
29,4129,,,,,3.8731634616851807,,,,,,,,,,,
29,4139,,,,,4.09967565536499,,,,,,,,,,,
29,4149,,,,,3.802600622177124,,,,,,,,,,,
29,4159,,,,,4.08545446395874,,,,,,,,,,,
29,4169,,,,,3.963568925857544,,,,,,,,,,,
29,4179,,,,,4.212437629699707,,,,,,,,,,,
29,4189,,,,,3.786139488220215,,,,,,,,,,,
29,4199,,,,,4.308028697967529,,,,,,,,,,,
29,4209,,,,,4.01573371887207,,,,,,,,,,,
29,4219,,,,,4.170038223266602,,,,,,,,,,,
29,4229,,,,,4.070326328277588,,,,,,,,,,,
29,4239,,,,,4.130223751068115,,,,,,,,,,,
29,4249,,,,,3.9188215732574463,,,,,,,,,,,
29,4259,,,,,3.7828123569488525,,,,,,,,,,,
29,29,,,0.6694275736808777,0.025422891601920128,,,3.6934597706811636,0.07811704277992249,,0.6536955237388611,,0.02503027953207493,,3.7606908016058864,,0.07677363604307175
29,4259,,,,,,,,,0.6536955237388611,,0.02503027953207493,,3.760690689086914,,0.07677363604307175,
29,29,2.5325602428272957,90.92630816321766,,,,,,,,,,,,,,
29,4259,,,,,,3.9484570026397705,,,,,,,,,,
30,4269,,,,,3.874288558959961,,,,,,,,,,,
30,4279,,,,,3.7818493843078613,,,,,,,,,,,
30,4289,,,,,4.045200347900391,,,,,,,,,,,
30,4299,,,,,4.018311023712158,,,,,,,,,,,
30,4309,,,,,3.819098949432373,,,,,,,,,,,
30,4319,,,,,3.799975872039795,,,,,,,,,,,
30,4329,,,,,3.8792898654937744,,,,,,,,,,,
30,4339,,,,,4.052165985107422,,,,,,,,,,,
30,4349,,,,,3.8284857273101807,,,,,,,,,,,
30,4359,,,,,3.861414670944214,,,,,,,,,,,
30,4369,,,,,3.587660551071167,,,,,,,,,,,
30,4379,,,,,4.234744071960449,,,,,,,,,,,
30,4389,,,,,3.9088897705078125,,,,,,,,,,,
30,4399,,,,,4.154768466949463,,,,,,,,,,,
30,30,3.0196755504138304,90.94007254437615,,,,,,,,,,,,,,
30,4401,,,,,,3.912266731262207,,,,,,,,,,
31,4409,,,,,3.6310012340545654,,,,,,,,,,,
31,4419,,,,,3.6142852306365967,,,,,,,,,,,
31,4429,,,,,3.905604124069214,,,,,,,,,,,
31,4439,,,,,3.7333879470825195,,,,,,,,,,,
31,4449,,,,,3.6845855712890625,,,,,,,,,,,
31,4459,,,,,3.846276044845581,,,,,,,,,,,
31,4469,,,,,3.8149707317352295,,,,,,,,,,,
31,4479,,,,,3.731128692626953,,,,,,,,,,,
31,4489,,,,,3.763432025909424,,,,,,,,,,,
31,4499,,,,,3.678866147994995,,,,,,,,,,,
31,4509,,,,,4.072431564331055,,,,,,,,,,,
31,4519,,,,,3.8022396564483643,,,,,,,,,,,
31,4529,,,,,3.8932182788848877,,,,,,,,,,,
31,4539,,,,,3.679072856903076,,,,,,,,,,,
31,31,3.2161678230477126,90.95390216358483,,,,,,,,,,,,,,
31,4543,,,,,,3.8798418045043945,,,,,,,,,,
32,4549,,,,,4.039350509643555,,,,,,,,,,,
32,4559,,,,,3.7073071002960205,,,,,,,,,,,
32,4569,,,,,4.034358024597168,,,,,,,,,,,
32,4579,,,,,4.122833251953125,,,,,,,,,,,
32,4589,,,,,3.821359395980835,,,,,,,,,,,
32,4599,,,,,3.846349000930786,,,,,,,,,,,
32,4609,,,,,3.821309804916382,,,,,,,,,,,
32,4619,,,,,3.612388849258423,,,,,,,,,,,
32,4629,,,,,3.8620994091033936,,,,,,,,,,,
32,4639,,,,,4.263812065124512,,,,,,,,,,,
32,4649,,,,,3.8302135467529297,,,,,,,,,,,
32,4659,,,,,3.634117603302002,,,,,,,,,,,
32,4669,,,,,3.310040235519409,,,,,,,,,,,
32,4679,,,,,3.603306770324707,,,,,,,,,,,
32,32,2.95689205870186,90.967503017898,,,,,,,,,,,,,,
32,4685,,,,,,3.8513236045837402,,,,,,,,,,
33,4689,,,,,3.988297700881958,,,,,,,,,,,
33,4699,,,,,4.334214210510254,,,,,,,,,,,
33,4709,,,,,3.905395746231079,,,,,,,,,,,
33,4719,,,,,3.5033984184265137,,,,,,,,,,,
33,4729,,,,,3.735774040222168,,,,,,,,,,,
33,4739,,,,,3.6029748916625977,,,,,,,,,,,
33,4749,,,,,3.9914605617523193,,,,,,,,,,,
33,4759,,,,,3.91328763961792,,,,,,,,,,,
33,4769,,,,,3.6500892639160156,,,,,,,,,,,
33,4779,,,,,4.009654521942139,,,,,,,,,,,
33,4789,,,,,3.9212820529937744,,,,,,,,,,,
33,4799,,,,,3.9169490337371826,,,,,,,,,,,
33,4809,,,,,4.1524882316589355,,,,,,,,,,,
33,4819,,,,,3.6352806091308594,,,,,,,,,,,
33,33,3.4197438938205154,90.98084483702972,,,,,,,,,,,,,,
33,4827,,,,,,3.8240280151367188,,,,,,,,,,
34,4829,,,,,3.5956709384918213,,,,,,,,,,,
34,4839,,,,,4.1263628005981445,,,,,,,,,,,
34,4849,,,,,3.923534393310547,,,,,,,,,,,
34,4859,,,,,3.72701096534729,,,,,,,,,,,
34,4869,,,,,3.677622079849243,,,,,,,,,,,
34,4879,,,,,3.872642755508423,,,,,,,,,,,
34,4889,,,,,3.824687957763672,,,,,,,,,,,
34,4899,,,,,3.7709004878997803,,,,,,,,,,,
34,4909,,,,,3.61875319480896,,,,,,,,,,,
34,4919,,,,,3.4996676445007324,,,,,,,,,,,
34,4929,,,,,3.78008770942688,,,,,,,,,,,
34,4939,,,,,3.616936683654785,,,,,,,,,,,
34,4949,,,,,3.7742888927459717,,,,,,,,,,,
34,4959,,,,,3.8195533752441406,,,,,,,,,,,
34,4969,,,,,3.529451847076416,,,,,,,,,,,
34,34,3.649546143271187,90.99418760524566,,,,,,,,,,,,,,
34,4969,,,,,,3.793513536453247,,,,,,,,,,
35,4979,,,,,3.6108498573303223,,,,,,,,,,,
35,4989,,,,,3.819257974624634,,,,,,,,,,,
35,4999,,,,,3.659457206726074,,,,,,,,,,,
35,5009,,,,,3.376223087310791,,,,,,,,,,,
35,5019,,,,,3.9043338298797607,,,,,,,,,,,
35,5029,,,,,3.930142402648926,,,,,,,,,,,
35,5039,,,,,3.621904134750366,,,,,,,,,,,
35,5049,,,,,3.6169698238372803,,,,,,,,,,,
35,5059,,,,,3.379722833633423,,,,,,,,,,,
35,5069,,,,,3.6738247871398926,,,,,,,,,,,
35,5079,,,,,3.5061113834381104,,,,,,,,,,,
35,5089,,,,,3.6776843070983887,,,,,,,,,,,
35,5099,,,,,3.8129947185516357,,,,,,,,,,,
35,5109,,,,,3.928520441055298,,,,,,,,,,,
35,35,3.610806573283458,91.00693285906165,,,,,,,,,,,,,,
35,5111,,,,,,3.762575387954712,,,,,,,,,,
36,5119,,,,,3.925356388092041,,,,,,,,,,,
36,5129,,,,,3.7531371116638184,,,,,,,,,,,
36,5139,,,,,4.271538734436035,,,,,,,,,,,
36,5149,,,,,4.079540252685547,,,,,,,,,,,
36,5159,,,,,3.6988987922668457,,,,,,,,,,,
36,5169,,,,,3.732518196105957,,,,,,,,,,,
36,5179,,,,,3.457503080368042,,,,,,,,,,,
36,5189,,,,,3.7942826747894287,,,,,,,,,,,
36,5199,,,,,3.7857255935668945,,,,,,,,,,,
36,5209,,,,,3.7774670124053955,,,,,,,,,,,
36,5219,,,,,3.5257070064544678,,,,,,,,,,,
36,5229,,,,,3.6920244693756104,,,,,,,,,,,
36,5239,,,,,3.5274810791015625,,,,,,,,,,,
36,5249,,,,,3.7689597606658936,,,,,,,,,,,
36,36,3.5130865423485123,91.01972638611916,,,,,,,,,,,,,,
36,5253,,,,,,3.7361679077148438,,,,,,,,,,
37,5259,,,,,3.551483631134033,,,,,,,,,,,
37,5269,,,,,3.4716784954071045,,,,,,,,,,,
37,5279,,,,,3.6178536415100098,,,,,,,,,,,
37,5289,,,,,3.652846574783325,,,,,,,,,,,
37,5299,,,,,3.701969861984253,,,,,,,,,,,
37,5309,,,,,3.7182838916778564,,,,,,,,,,,
37,5319,,,,,3.866872787475586,,,,,,,,,,,
37,5329,,,,,3.6726837158203125,,,,,,,,,,,
37,5339,,,,,3.9211578369140625,,,,,,,,,,,
37,5349,,,,,3.9638993740081787,,,,,,,,,,,
37,5359,,,,,3.765536069869995,,,,,,,,,,,
37,5369,,,,,3.494251012802124,,,,,,,,,,,
37,5379,,,,,3.7342753410339355,,,,,,,,,,,
37,5389,,,,,3.9396770000457764,,,,,,,,,,,
37,37,4.162909443664932,91.03177958397418,,,,,,,,,,,,,,
37,5395,,,,,,3.712486982345581,,,,,,,,,,
38,5399,,,,,3.7980237007141113,,,,,,,,,,,
38,5409,,,,,3.8769819736480713,,,,,,,,,,,
38,5419,,,,,3.6672377586364746,,,,,,,,,,,
38,5429,,,,,3.881167411804199,,,,,,,,,,,
38,5439,,,,,3.915247678756714,,,,,,,,,,,
38,5449,,,,,3.837893009185791,,,,,,,,,,,
38,5459,,,,,3.695044994354248,,,,,,,,,,,
38,5469,,,,,3.4564473628997803,,,,,,,,,,,
38,5479,,,,,3.516251564025879,,,,,,,,,,,
38,5489,,,,,3.7690281867980957,,,,,,,,,,,
38,5499,,,,,3.408991575241089,,,,,,,,,,,
38,5509,,,,,3.840068817138672,,,,,,,,,,,
38,5519,,,,,3.512765645980835,,,,,,,,,,,
38,5529,,,,,3.9026005268096924,,,,,,,,,,,
38,38,3.8681877377155924,91.04360164755383,,,,,,,,,,,,,,
38,5537,,,,,,3.6874024868011475,,,,,,,,,,
39,5539,,,,,3.7794313430786133,,,,,,,,,,,
39,5549,,,,,3.6367452144622803,,,,,,,,,,,
39,5559,,,,,3.7174644470214844,,,,,,,,,,,
39,5569,,,,,3.7185792922973633,,,,,,,,,,,
39,5579,,,,,3.481160879135132,,,,,,,,,,,
39,5589,,,,,3.8219106197357178,,,,,,,,,,,
39,5599,,,,,3.809419870376587,,,,,,,,,,,
39,5609,,,,,3.657463550567627,,,,,,,,,,,
39,5619,,,,,3.8135390281677246,,,,,,,,,,,
39,5629,,,,,3.7951149940490723,,,,,,,,,,,
39,5639,,,,,3.884143352508545,,,,,,,,,,,
39,5649,,,,,3.3333940505981445,,,,,,,,,,,
39,5659,,,,,3.535557746887207,,,,,,,,,,,
39,5669,,,,,3.6856319904327393,,,,,,,,,,,
39,5679,,,,,3.779688596725464,,,,,,,,,,,
39,39,,,0.7317289710044861,0.04202491044998169,,,3.4479704548668813,0.10219474881887436,,0.7033991813659668,,0.039110880345106125,,3.557056702825488,,0.09589053690433502
39,5679,,,,,,,,,0.7033991813659668,,0.039110880345106125,,3.5570566654205322,,0.09589053690433502,
39,39,4.4665888749157645,91.05565076818503,,,,,,,,,,,,,,
39,5679,,,,,,3.6682333946228027,,,,,,,,,,
40,5689,,,,,3.6604228019714355,,,,,,,,,,,
40,5699,,,,,3.6461825370788574,,,,,,,,,,,
40,5709,,,,,3.6219592094421387,,,,,,,,,,,
40,5719,,,,,3.4613094329833984,,,,,,,,,,,
40,5729,,,,,3.4615161418914795,,,,,,,,,,,
40,5739,,,,,3.9087493419647217,,,,,,,,,,,
40,5749,,,,,3.2442753314971924,,,,,,,,,,,
40,5759,,,,,3.825183629989624,,,,,,,,,,,
40,5769,,,,,3.572223424911499,,,,,,,,,,,
40,5779,,,,,3.4335124492645264,,,,,,,,,,,
40,5789,,,,,3.6840789318084717,,,,,,,,,,,
40,5799,,,,,3.49796724319458,,,,,,,,,,,
40,5809,,,,,3.833906888961792,,,,,,,,,,,
40,5819,,,,,3.5126149654388428,,,,,,,,,,,
40,40,4.329644949379519,91.06747585268796,,,,,,,,,,,,,,
40,5821,,,,,,3.639544725418091,,,,,,,,,,
41,5829,,,,,3.412445068359375,,,,,,,,,,,
41,5839,,,,,3.8157615661621094,,,,,,,,,,,
41,5849,,,,,3.834467649459839,,,,,,,,,,,
41,5859,,,,,3.7108960151672363,,,,,,,,,,,
41,5869,,,,,3.8079967498779297,,,,,,,,,,,
41,5879,,,,,3.8192992210388184,,,,,,,,,,,
41,5889,,,,,3.4329893589019775,,,,,,,,,,,
41,5899,,,,,3.3846006393432617,,,,,,,,,,,
41,5909,,,,,3.423051357269287,,,,,,,,,,,
41,5919,,,,,3.8298051357269287,,,,,,,,,,,
41,5929,,,,,3.8474507331848145,,,,,,,,,,,
41,5939,,,,,3.6176695823669434,,,,,,,,,,,
41,5949,,,,,3.776193857192993,,,,,,,,,,,
41,5959,,,,,3.4804234504699707,,,,,,,,,,,
41,41,4.418657380232414,91.0789947197505,,,,,,,,,,,,,,
41,5963,,,,,,3.6165435314178467,,,,,,,,,,
42,5969,,,,,3.410759210586548,,,,,,,,,,,
42,5979,,,,,3.9518325328826904,,,,,,,,,,,
42,5989,,,,,3.8385167121887207,,,,,,,,,,,
42,5999,,,,,3.6807796955108643,,,,,,,,,,,
42,6009,,,,,3.64577317237854,,,,,,,,,,,
42,6019,,,,,3.4441637992858887,,,,,,,,,,,
42,6029,,,,,3.5566039085388184,,,,,,,,,,,
42,6039,,,,,3.479081153869629,,,,,,,,,,,
42,6049,,,,,3.763038158416748,,,,,,,,,,,
42,6059,,,,,3.5898637771606445,,,,,,,,,,,
42,6069,,,,,3.6060564517974854,,,,,,,,,,,
42,6079,,,,,3.674004316329956,,,,,,,,,,,
42,6089,,,,,3.5335850715637207,,,,,,,,,,,
42,6099,,,,,3.4421911239624023,,,,,,,,,,,
42,42,4.318587408894491,91.0902833651879,,,,,,,,,,,,,,
42,6105,,,,,,3.5914769172668457,,,,,,,,,,
43,6109,,,,,3.5681583881378174,,,,,,,,,,,
43,6119,,,,,3.7931928634643555,,,,,,,,,,,
43,6129,,,,,3.4766814708709717,,,,,,,,,,,
43,6139,,,,,3.345804452896118,,,,,,,,,,,
43,6149,,,,,3.500955104827881,,,,,,,,,,,
43,6159,,,,,3.7638561725616455,,,,,,,,,,,
43,6169,,,,,3.4444432258605957,,,,,,,,,,,
43,6179,,,,,3.2193169593811035,,,,,,,,,,,
43,6189,,,,,3.3875234127044678,,,,,,,,,,,
43,6199,,,,,3.451587677001953,,,,,,,,,,,
43,6209,,,,,3.4394726753234863,,,,,,,,,,,
43,6219,,,,,3.632988452911377,,,,,,,,,,,
43,6229,,,,,3.401113748550415,,,,,,,,,,,
43,6239,,,,,3.822158098220825,,,,,,,,,,,
43,43,4.250948173113851,91.10195063795565,,,,,,,,,,,,,,
43,6247,,,,,,3.5719571113586426,,,,,,,,,,
44,6249,,,,,3.568476438522339,,,,,,,,,,,
44,6259,,,,,3.6894009113311768,,,,,,,,,,,
44,6269,,,,,3.5743281841278076,,,,,,,,,,,
44,6279,,,,,3.824035167694092,,,,,,,,,,,
44,6289,,,,,3.285430431365967,,,,,,,,,,,
44,6299,,,,,4.056890964508057,,,,,,,,,,,
44,6309,,,,,3.5474565029144287,,,,,,,,,,,
44,6319,,,,,3.5536370277404785,,,,,,,,,,,
44,6329,,,,,3.6681699752807617,,,,,,,,,,,
44,6339,,,,,3.362091064453125,,,,,,,,,,,
44,6349,,,,,3.2786355018615723,,,,,,,,,,,
44,6359,,,,,3.509450912475586,,,,,,,,,,,
44,6369,,,,,3.60591721534729,,,,,,,,,,,
44,6379,,,,,3.4161651134490967,,,,,,,,,,,
44,6389,,,,,3.502514600753784,,,,,,,,,,,
44,44,4.538255159648914,91.11269079644705,,,,,,,,,,,,,,
44,6389,,,,,,3.5551095008850098,,,,,,,,,,
45,6399,,,,,3.5355191230773926,,,,,,,,,,,
45,6409,,,,,3.6218624114990234,,,,,,,,,,,
45,6419,,,,,3.395228862762451,,,,,,,,,,,
45,6429,,,,,3.49308705329895,,,,,,,,,,,
45,6439,,,,,3.6403748989105225,,,,,,,,,,,
45,6449,,,,,3.642523765563965,,,,,,,,,,,
45,6459,,,,,3.4029290676116943,,,,,,,,,,,
45,6469,,,,,3.4978137016296387,,,,,,,,,,,
45,6479,,,,,3.6012165546417236,,,,,,,,,,,
45,6489,,,,,3.4335436820983887,,,,,,,,,,,
45,6499,,,,,3.855269193649292,,,,,,,,,,,
45,6509,,,,,3.455371856689453,,,,,,,,,,,
45,6519,,,,,3.6622302532196045,,,,,,,,,,,
45,6529,,,,,3.4025185108184814,,,,,,,,,,,
45,45,4.6665231452305225,91.12379837911594,,,,,,,,,,,,,,
45,6531,,,,,,3.536458969116211,,,,,,,,,,
46,6539,,,,,3.5707502365112305,,,,,,,,,,,
46,6549,,,,,3.6343464851379395,,,,,,,,,,,
46,6559,,,,,3.296621322631836,,,,,,,,,,,
46,6569,,,,,3.5351357460021973,,,,,,,,,,,
46,6579,,,,,3.5973634719848633,,,,,,,,,,,
46,6589,,,,,3.2870006561279297,,,,,,,,,,,
46,6599,,,,,3.4099929332733154,,,,,,,,,,,
46,6609,,,,,3.6651296615600586,,,,,,,,,,,
46,6619,,,,,3.71221923828125,,,,,,,,,,,
46,6629,,,,,3.478854179382324,,,,,,,,,,,
46,6639,,,,,3.4899861812591553,,,,,,,,,,,
46,6649,,,,,3.4998619556427,,,,,,,,,,,
46,6659,,,,,3.402557373046875,,,,,,,,,,,
46,6669,,,,,3.3342387676239014,,,,,,,,,,,
46,46,4.955627052193133,91.1344966870817,,,,,,,,,,,,,,
46,6673,,,,,,3.5212745666503906,,,,,,,,,,
47,6679,,,,,3.1712496280670166,,,,,,,,,,,
47,6689,,,,,3.3557546138763428,,,,,,,,,,,
47,6699,,,,,3.462998628616333,,,,,,,,,,,
47,6709,,,,,3.4540116786956787,,,,,,,,,,,
47,6719,,,,,3.4719738960266113,,,,,,,,,,,
47,6729,,,,,3.3324618339538574,,,,,,,,,,,
47,6739,,,,,3.326716423034668,,,,,,,,,,,
47,6749,,,,,3.2548882961273193,,,,,,,,,,,
47,6759,,,,,3.7370288372039795,,,,,,,,,,,
47,6769,,,,,3.497122049331665,,,,,,,,,,,
47,6779,,,,,3.3170604705810547,,,,,,,,,,,
47,6789,,,,,3.9821853637695312,,,,,,,,,,,
47,6799,,,,,3.240013360977173,,,,,,,,,,,
47,6809,,,,,3.326002836227417,,,,,,,,,,,
47,47,5.3957349160583385,91.14506350874785,,,,,,,,,,,,,,
47,6815,,,,,,3.4982781410217285,,,,,,,,,,
48,6819,,,,,3.118265390396118,,,,,,,,,,,
48,6829,,,,,3.600438117980957,,,,,,,,,,,
48,6839,,,,,3.778432607650757,,,,,,,,,,,
48,6849,,,,,3.4748449325561523,,,,,,,,,,,
48,6859,,,,,3.306370496749878,,,,,,,,,,,
48,6869,,,,,3.319493055343628,,,,,,,,,,,
48,6879,,,,,3.808806896209717,,,,,,,,,,,
48,6889,,,,,3.509256601333618,,,,,,,,,,,
48,6899,,,,,3.5669140815734863,,,,,,,,,,,
48,6909,,,,,3.4127511978149414,,,,,,,,,,,
48,6919,,,,,3.3444783687591553,,,,,,,,,,,
48,6929,,,,,3.5453920364379883,,,,,,,,,,,
48,6939,,,,,3.7445147037506104,,,,,,,,,,,
48,6949,,,,,3.356152057647705,,,,,,,,,,,
48,48,5.30718535000943,91.15588984004974,,,,,,,,,,,,,,
48,6957,,,,,,3.4753384590148926,,,,,,,,,,
49,6959,,,,,3.2851245403289795,,,,,,,,,,,
49,6969,,,,,3.359074115753174,,,,,,,,,,,
49,6979,,,,,3.744875431060791,,,,,,,,,,,
49,6989,,,,,3.5041685104370117,,,,,,,,,,,
49,6999,,,,,3.659736156463623,,,,,,,,,,,
49,7009,,,,,3.645292282104492,,,,,,,,,,,
49,7019,,,,,3.614511251449585,,,,,,,,,,,
49,7029,,,,,3.503308057785034,,,,,,,,,,,
49,7039,,,,,3.348297119140625,,,,,,,,,,,
49,7049,,,,,3.810685396194458,,,,,,,,,,,
49,7059,,,,,3.770578622817993,,,,,,,,,,,
49,7069,,,,,3.403461456298828,,,,,,,,,,,
49,7079,,,,,3.5217981338500977,,,,,,,,,,,
49,7089,,,,,3.389920949935913,,,,,,,,,,,
49,7099,,,,,3.444004535675049,,,,,,,,,,,
49,49,,,0.7767988443374634,0.05589812994003296,,,3.2536778586879005,0.1244424432516098,,0.7387241721153259,,0.04971330985426903,,3.415814602253388,,0.11344999074935913
49,7099,,,,,,,,,0.7387241721153259,,0.04971330985426903,,3.415814161300659,,0.11344999074935913,
49,49,5.332063528472728,91.16594806671853,,,,,,,,,,,,,,
49,7099,,,,,,3.463620901107788,,,,,,,,,,
50,7109,,,,,3.2795610427856445,,,,,,,,,,,
50,7119,,,,,3.219191312789917,,,,,,,,,,,
50,7129,,,,,3.5490379333496094,,,,,,,,,,,
50,7139,,,,,3.5901310443878174,,,,,,,,,,,
50,7149,,,,,3.341433525085449,,,,,,,,,,,
50,7159,,,,,3.501683473587036,,,,,,,,,,,
50,7169,,,,,3.7195518016815186,,,,,,,,,,,
50,7179,,,,,3.182752847671509,,,,,,,,,,,
50,7189,,,,,3.4242796897888184,,,,,,,,,,,
50,7199,,,,,3.549542188644409,,,,,,,,,,,
50,7209,,,,,3.741610050201416,,,,,,,,,,,
50,7219,,,,,3.606578826904297,,,,,,,,,,,
50,7229,,,,,3.5894763469696045,,,,,,,,,,,
50,7239,,,,,3.7011518478393555,,,,,,,,,,,
50,50,5.147557628907773,91.17634216968517,,,,,,,,,,,,,,
50,7241,,,,,,3.451098680496216,,,,,,,,,,
51,7249,,,,,3.703314781188965,,,,,,,,,,,
51,7259,,,,,3.3545548915863037,,,,,,,,,,,
51,7269,,,,,3.6830029487609863,,,,,,,,,,,
51,7279,,,,,3.16501784324646,,,,,,,,,,,
51,7289,,,,,3.209209442138672,,,,,,,,,,,
51,7299,,,,,3.3795223236083984,,,,,,,,,,,
51,7309,,,,,3.6655235290527344,,,,,,,,,,,
51,7319,,,,,3.390005350112915,,,,,,,,,,,
51,7329,,,,,3.6782710552215576,,,,,,,,,,,
51,7339,,,,,3.4157378673553467,,,,,,,,,,,
51,7349,,,,,3.4876863956451416,,,,,,,,,,,
51,7359,,,,,3.3778724670410156,,,,,,,,,,,
51,7369,,,,,3.4961962699890137,,,,,,,,,,,
51,7379,,,,,3.4742045402526855,,,,,,,,,,,
51,51,5.671936544770949,91.18675174290853,,,,,,,,,,,,,,
51,7383,,,,,,3.4289183616638184,,,,,,,,,,
52,7389,,,,,3.414675712585449,,,,,,,,,,,
52,7399,,,,,3.607381820678711,,,,,,,,,,,
52,7409,,,,,3.4531936645507812,,,,,,,,,,,
52,7419,,,,,3.291442394256592,,,,,,,,,,,
52,7429,,,,,3.4798033237457275,,,,,,,,,,,
52,7439,,,,,3.2149853706359863,,,,,,,,,,,
52,7449,,,,,3.527669668197632,,,,,,,,,,,
52,7459,,,,,3.6117961406707764,,,,,,,,,,,
52,7469,,,,,3.2903695106506348,,,,,,,,,,,
52,7479,,,,,3.3809967041015625,,,,,,,,,,,
52,7489,,,,,3.16198468208313,,,,,,,,,,,
52,7499,,,,,3.716597318649292,,,,,,,,,,,
52,7509,,,,,3.0768065452575684,,,,,,,,,,,
52,7519,,,,,3.131312131881714,,,,,,,,,,,
52,52,5.743868902757014,91.1969065897924,,,,,,,,,,,,,,
52,7525,,,,,,3.408055067062378,,,,,,,,,,
53,7529,,,,,3.427894115447998,,,,,,,,,,,
53,7539,,,,,3.3083651065826416,,,,,,,,,,,
53,7549,,,,,3.5051889419555664,,,,,,,,,,,
53,7559,,,,,3.6265532970428467,,,,,,,,,,,
53,7569,,,,,3.687858819961548,,,,,,,,,,,
53,7579,,,,,3.667422294616699,,,,,,,,,,,
53,7589,,,,,3.47255539894104,,,,,,,,,,,
53,7599,,,,,3.774014711380005,,,,,,,,,,,
53,7609,,,,,3.178121328353882,,,,,,,,,,,
53,7619,,,,,3.2924187183380127,,,,,,,,,,,
53,7629,,,,,3.3147897720336914,,,,,,,,,,,
53,7639,,,,,3.3617634773254395,,,,,,,,,,,
53,7649,,,,,3.342505693435669,,,,,,,,,,,
53,7659,,,,,3.413076639175415,,,,,,,,,,,
53,53,5.768433371803533,91.20682525253036,,,,,,,,,,,,,,
53,7667,,,,,,3.3962912559509277,,,,,,,,,,
54,7669,,,,,3.4121649265289307,,,,,,,,,,,
54,7679,,,,,3.0622799396514893,,,,,,,,,,,
54,7689,,,,,3.331313133239746,,,,,,,,,,,
54,7699,,,,,3.511368989944458,,,,,,,,,,,
54,7709,,,,,3.1748335361480713,,,,,,,,,,,
54,7719,,,,,3.1953060626983643,,,,,,,,,,,
54,7729,,,,,3.4740583896636963,,,,,,,,,,,
54,7739,,,,,3.373040199279785,,,,,,,,,,,
54,7749,,,,,3.3223729133605957,,,,,,,,,,,
54,7759,,,,,3.1318349838256836,,,,,,,,,,,
54,7769,,,,,2.994039297103882,,,,,,,,,,,
54,7779,,,,,3.223867416381836,,,,,,,,,,,
54,7789,,,,,3.2363085746765137,,,,,,,,,,,
54,7799,,,,,3.5342233180999756,,,,,,,,,,,
54,7809,,,,,3.1952779293060303,,,,,,,,,,,
54,54,5.793512786648125,91.21718345007804,,,,,,,,,,,,,,
54,7809,,,,,,3.3772480487823486,,,,,,,,,,
55,7819,,,,,3.360872983932495,,,,,,,,,,,
55,7829,,,,,3.2362895011901855,,,,,,,,,,,
55,7839,,,,,3.2806015014648438,,,,,,,,,,,
55,7849,,,,,3.481654644012451,,,,,,,,,,,
55,7859,,,,,3.563720226287842,,,,,,,,,,,
55,7869,,,,,3.474846124649048,,,,,,,,,,,
55,7879,,,,,3.2195894718170166,,,,,,,,,,,
55,7889,,,,,3.205833673477173,,,,,,,,,,,
55,7899,,,,,3.2707149982452393,,,,,,,,,,,
55,7909,,,,,3.1439030170440674,,,,,,,,,,,
55,7919,,,,,2.9921300411224365,,,,,,,,,,,
55,7929,,,,,3.6088812351226807,,,,,,,,,,,
55,7939,,,,,3.5263922214508057,,,,,,,,,,,
55,7949,,,,,3.352908134460449,,,,,,,,,,,
55,55,6.119709600117226,91.22717014489965,,,,,,,,,,,,,,
55,7951,,,,,,3.3614463806152344,,,,,,,,,,
56,7959,,,,,3.3434624671936035,,,,,,,,,,,
56,7969,,,,,3.140705108642578,,,,,,,,,,,
56,7979,,,,,3.491215229034424,,,,,,,,,,,
56,7989,,,,,3.336693048477173,,,,,,,,,,,
56,7999,,,,,3.579606533050537,,,,,,,,,,,
56,8009,,,,,3.7367327213287354,,,,,,,,,,,
56,8019,,,,,3.267432689666748,,,,,,,,,,,
56,8029,,,,,3.3537774085998535,,,,,,,,,,,
56,8039,,,,,3.3915188312530518,,,,,,,,,,,
56,8049,,,,,3.1548187732696533,,,,,,,,,,,
56,8059,,,,,3.6244444847106934,,,,,,,,,,,
56,8069,,,,,3.266908884048462,,,,,,,,,,,
56,8079,,,,,3.1851232051849365,,,,,,,,,,,
56,8089,,,,,3.2487754821777344,,,,,,,,,,,
56,56,6.296006440394972,91.23651690319244,,,,,,,,,,,,,,
56,8093,,,,,,3.3468477725982666,,,,,,,,,,
57,8099,,,,,3.0564098358154297,,,,,,,,,,,
57,8109,,,,,3.3274662494659424,,,,,,,,,,,
57,8119,,,,,3.419891834259033,,,,,,,,,,,
57,8129,,,,,3.342261791229248,,,,,,,,,,,
57,8139,,,,,3.2577028274536133,,,,,,,,,,,
57,8149,,,,,3.286591053009033,,,,,,,,,,,
57,8159,,,,,3.1625335216522217,,,,,,,,,,,
57,8169,,,,,3.3624792098999023,,,,,,,,,,,
57,8179,,,,,3.520972728729248,,,,,,,,,,,
57,8189,,,,,3.1864657402038574,,,,,,,,,,,
57,8199,,,,,3.081048011779785,,,,,,,,,,,
57,8209,,,,,3.571927309036255,,,,,,,,,,,
57,8219,,,,,3.024625539779663,,,,,,,,,,,
57,8229,,,,,3.391181230545044,,,,,,,,,,,
57,57,6.428357719663125,91.24650974845288,,,,,,,,,,,,,,
57,8235,,,,,,3.335705518722534,,,,,,,,,,
58,8239,,,,,3.5401294231414795,,,,,,,,,,,
58,8249,,,,,3.2861623764038086,,,,,,,,,,,
58,8259,,,,,2.8932530879974365,,,,,,,,,,,
58,8269,,,,,3.600733757019043,,,,,,,,,,,
58,8279,,,,,3.1897974014282227,,,,,,,,,,,
58,8289,,,,,3.416775941848755,,,,,,,,,,,
58,8299,,,,,3.4679503440856934,,,,,,,,,,,
58,8309,,,,,3.351569175720215,,,,,,,,,,,
58,8319,,,,,3.345801591873169,,,,,,,,,,,
58,8329,,,,,3.1594536304473877,,,,,,,,,,,
58,8339,,,,,3.4259612560272217,,,,,,,,,,,
58,8349,,,,,3.1167287826538086,,,,,,,,,,,
58,8359,,,,,3.268632173538208,,,,,,,,,,,
58,8369,,,,,3.1609649658203125,,,,,,,,,,,
58,58,5.95173769704373,91.25641069301265,,,,,,,,,,,,,,
58,8377,,,,,,3.3194005489349365,,,,,,,,,,
59,8379,,,,,3.508167266845703,,,,,,,,,,,
59,8389,,,,,3.1196072101593018,,,,,,,,,,,
59,8399,,,,,3.436593532562256,,,,,,,,,,,
59,8409,,,,,3.114877462387085,,,,,,,,,,,
59,8419,,,,,3.353490114212036,,,,,,,,,,,
59,8429,,,,,3.407727003097534,,,,,,,,,,,
59,8439,,,,,3.344907760620117,,,,,,,,,,,
59,8449,,,,,3.449556589126587,,,,,,,,,,,
59,8459,,,,,3.4285595417022705,,,,,,,,,,,
59,8469,,,,,3.131112575531006,,,,,,,,,,,
59,8479,,,,,3.458641529083252,,,,,,,,,,,
59,8489,,,,,3.496582269668579,,,,,,,,,,,
59,8499,,,,,3.092719554901123,,,,,,,,,,,
59,8509,,,,,3.3109359741210938,,,,,,,,,,,
59,8519,,,,,3.067110538482666,,,,,,,,,,,
59,59,,,0.8204264044761658,0.06853030622005463,,,3.1118396930370156,0.1456117182970047,,0.7756785154342651,,0.06034828722476959,,3.3318759488816165,,0.1290835738182068
59,8519,,,,,,,,,0.7756785154342651,,0.06034828722476959,,3.331876277923584,,0.1290835738182068,
59,59,6.453966655772398,91.26574696220837,,,,,,,,,,,,,,
59,8519,,,,,,3.307351589202881,,,,,,,,,,
60,8529,,,,,3.1022424697875977,,,,,,,,,,,
60,8539,,,,,3.5118942260742188,,,,,,,,,,,
60,8549,,,,,3.5463268756866455,,,,,,,,,,,
60,8559,,,,,3.3789021968841553,,,,,,,,,,,
60,8569,,,,,3.1579864025115967,,,,,,,,,,,
60,8579,,,,,3.177642345428467,,,,,,,,,,,
60,8589,,,,,3.5029613971710205,,,,,,,,,,,
60,8599,,,,,3.4598748683929443,,,,,,,,,,,
60,8609,,,,,3.5194995403289795,,,,,,,,,,,
60,8619,,,,,3.27720308303833,,,,,,,,,,,
60,8629,,,,,3.022040843963623,,,,,,,,,,,
60,8639,,,,,3.3609609603881836,,,,,,,,,,,
60,8649,,,,,3.0668904781341553,,,,,,,,,,,
60,8659,,,,,3.263295888900757,,,,,,,,,,,
60,60,7.11188276632654,91.27470806904797,,,,,,,,,,,,,,
60,8661,,,,,,3.2900514602661133,,,,,,,,,,
61,8669,,,,,3.4980735778808594,,,,,,,,,,,
61,8679,,,,,3.4177422523498535,,,,,,,,,,,
61,8689,,,,,3.1102590560913086,,,,,,,,,,,
61,8699,,,,,3.156315565109253,,,,,,,,,,,
61,8709,,,,,3.461747646331787,,,,,,,,,,,
61,8719,,,,,3.358912229537964,,,,,,,,,,,
61,8729,,,,,3.6497726440429688,,,,,,,,,,,
61,8739,,,,,3.17460298538208,,,,,,,,,,,
61,8749,,,,,3.2560505867004395,,,,,,,,,,,
61,8759,,,,,3.324768304824829,,,,,,,,,,,
61,8769,,,,,3.158745288848877,,,,,,,,,,,
61,8779,,,,,2.8883697986602783,,,,,,,,,,,
61,8789,,,,,3.20985746383667,,,,,,,,,,,
61,8799,,,,,3.646489143371582,,,,,,,,,,,
61,61,6.450020905542362,91.28393324961998,,,,,,,,,,,,,,
61,8803,,,,,,3.274256467819214,,,,,,,,,,
62,8809,,,,,3.3765032291412354,,,,,,,,,,,
62,8819,,,,,3.054978609085083,,,,,,,,,,,
62,8829,,,,,3.003472328186035,,,,,,,,,,,
62,8839,,,,,3.5487120151519775,,,,,,,,,,,
62,8849,,,,,3.2173922061920166,,,,,,,,,,,
62,8859,,,,,3.4144279956817627,,,,,,,,,,,
62,8869,,,,,3.416234016418457,,,,,,,,,,,
62,8879,,,,,3.2526028156280518,,,,,,,,,,,
62,8889,,,,,3.572509765625,,,,,,,,,,,
62,8899,,,,,3.357924461364746,,,,,,,,,,,
62,8909,,,,,3.204763650894165,,,,,,,,,,,
62,8919,,,,,3.274739980697632,,,,,,,,,,,
62,8929,,,,,3.4654533863067627,,,,,,,,,,,
62,8939,,,,,3.498103618621826,,,,,,,,,,,
62,62,6.988875891643267,91.2931536173815,,,,,,,,,,,,,,
62,8945,,,,,,3.2638087272644043,,,,,,,,,,
63,8949,,,,,3.275869131088257,,,,,,,,,,,
63,8959,,,,,3.684755563735962,,,,,,,,,,,
63,8969,,,,,3.523710012435913,,,,,,,,,,,
63,8979,,,,,3.0455522537231445,,,,,,,,,,,
63,8989,,,,,3.374328136444092,,,,,,,,,,,
63,8999,,,,,3.4045896530151367,,,,,,,,,,,
63,9009,,,,,2.86446475982666,,,,,,,,,,,
63,9019,,,,,3.3142571449279785,,,,,,,,,,,
63,9029,,,,,2.91477632522583,,,,,,,,,,,
63,9039,,,,,3.1500258445739746,,,,,,,,,,,
63,9049,,,,,3.189929246902466,,,,,,,,,,,
63,9059,,,,,3.1539342403411865,,,,,,,,,,,
63,9069,,,,,3.345515012741089,,,,,,,,,,,
63,9079,,,,,3.404006242752075,,,,,,,,,,,
63,63,6.7358181359719165,91.30249509679518,,,,,,,,,,,,,,
63,9087,,,,,,3.247122049331665,,,,,,,,,,
64,9089,,,,,3.04239821434021,,,,,,,,,,,
64,9099,,,,,3.2818703651428223,,,,,,,,,,,
64,9109,,,,,2.9314301013946533,,,,,,,,,,,
64,9119,,,,,3.085252523422241,,,,,,,,,,,
64,9129,,,,,3.0556933879852295,,,,,,,,,,,
64,9139,,,,,3.5477218627929688,,,,,,,,,,,
64,9149,,,,,3.380579948425293,,,,,,,,,,,
64,9159,,,,,2.9806106090545654,,,,,,,,,,,
64,9169,,,,,3.191594123840332,,,,,,,,,,,
64,9179,,,,,3.329826831817627,,,,,,,,,,,
64,9189,,,,,3.566232204437256,,,,,,,,,,,
64,9199,,,,,3.4409477710723877,,,,,,,,,,,
64,9209,,,,,3.039628028869629,,,,,,,,,,,
64,9219,,,,,3.027379035949707,,,,,,,,,,,
64,9229,,,,,3.2414774894714355,,,,,,,,,,,
64,64,6.847733329447219,91.3115465053784,,,,,,,,,,,,,,
64,9229,,,,,,3.2398617267608643,,,,,,,,,,
65,9239,,,,,2.9783403873443604,,,,,,,,,,,
65,9249,,,,,3.4383811950683594,,,,,,,,,,,
65,9259,,,,,3.0850536823272705,,,,,,,,,,,
65,9269,,,,,3.370114326477051,,,,,,,,,,,
65,9279,,,,,3.086998224258423,,,,,,,,,,,
65,9289,,,,,3.1973984241485596,,,,,,,,,,,
65,9299,,,,,3.1945621967315674,,,,,,,,,,,
65,9309,,,,,3.136702537536621,,,,,,,,,,,
65,9319,,,,,3.293403148651123,,,,,,,,,,,
65,9329,,,,,3.3298778533935547,,,,,,,,,,,
65,9339,,,,,3.3087756633758545,,,,,,,,,,,
65,9349,,,,,3.0937392711639404,,,,,,,,,,,
65,9359,,,,,3.116532325744629,,,,,,,,,,,
65,9369,,,,,3.2400262355804443,,,,,,,,,,,
65,65,7.01918291380026,91.32037774932589,,,,,,,,,,,,,,
65,9371,,,,,,3.2230212688446045,,,,,,,,,,
66,9379,,,,,2.933706283569336,,,,,,,,,,,
66,9389,,,,,3.396348714828491,,,,,,,,,,,
66,9399,,,,,3.164212465286255,,,,,,,,,,,
66,9409,,,,,3.0715343952178955,,,,,,,,,,,
66,9419,,,,,3.361855983734131,,,,,,,,,,,
66,9429,,,,,3.003127098083496,,,,,,,,,,,
66,9439,,,,,3.2932233810424805,,,,,,,,,,,
66,9449,,,,,3.5741450786590576,,,,,,,,,,,
66,9459,,,,,3.3399646282196045,,,,,,,,,,,
66,9469,,,,,3.127793788909912,,,,,,,,,,,
66,9479,,,,,3.187331199645996,,,,,,,,,,,
66,9489,,,,,3.051663398742676,,,,,,,,,,,
66,9499,,,,,3.4877898693084717,,,,,,,,,,,
66,9509,,,,,3.1104397773742676,,,,,,,,,,,
66,66,6.669181123424446,91.32985451555663,,,,,,,,,,,,,,
66,9513,,,,,,3.211538076400757,,,,,,,,,,
67,9519,,,,,3.341132402420044,,,,,,,,,,,
67,9529,,,,,3.283785581588745,,,,,,,,,,,
67,9539,,,,,3.374020576477051,,,,,,,,,,,
67,9549,,,,,3.2536122798919678,,,,,,,,,,,
67,9559,,,,,3.0341765880584717,,,,,,,,,,,
67,9569,,,,,3.092106819152832,,,,,,,,,,,
67,9579,,,,,3.002978563308716,,,,,,,,,,,
67,9589,,,,,3.0488128662109375,,,,,,,,,,,
67,9599,,,,,2.9895195960998535,,,,,,,,,,,
67,9609,,,,,3.2653636932373047,,,,,,,,,,,
67,9619,,,,,3.0730106830596924,,,,,,,,,,,
67,9629,,,,,3.2937512397766113,,,,,,,,,,,
67,9639,,,,,3.6427812576293945,,,,,,,,,,,
67,9649,,,,,3.2694091796875,,,,,,,,,,,
67,67,8.473870430881469,91.33838110321295,,,,,,,,,,,,,,
67,9655,,,,,,3.200782299041748,,,,,,,,,,
68,9659,,,,,3.103114604949951,,,,,,,,,,,
68,9669,,,,,3.319995641708374,,,,,,,,,,,
68,9679,,,,,3.0970330238342285,,,,,,,,,,,
68,9689,,,,,3.152161121368408,,,,,,,,,,,
68,9699,,,,,3.3869662284851074,,,,,,,,,,,
68,9709,,,,,3.213407278060913,,,,,,,,,,,
68,9719,,,,,3.5865910053253174,,,,,,,,,,,
68,9729,,,,,3.284693479537964,,,,,,,,,,,
68,9739,,,,,3.153886079788208,,,,,,,,,,,
68,9749,,,,,3.206899642944336,,,,,,,,,,,
68,9759,,,,,3.2105913162231445,,,,,,,,,,,
68,9769,,,,,3.09891676902771,,,,,,,,,,,
68,9779,,,,,3.3441522121429443,,,,,,,,,,,
68,9789,,,,,3.1168127059936523,,,,,,,,,,,
68,68,7.489810386557592,91.34645813509033,,,,,,,,,,,,,,
68,9797,,,,,,3.1915535926818848,,,,,,,,,,
69,9799,,,,,3.3423781394958496,,,,,,,,,,,
69,9809,,,,,3.1820521354675293,,,,,,,,,,,
69,9819,,,,,3.127256155014038,,,,,,,,,,,
69,9829,,,,,3.2364416122436523,,,,,,,,,,,
69,9839,,,,,3.20499587059021,,,,,,,,,,,
69,9849,,,,,3.2240169048309326,,,,,,,,,,,
69,9859,,,,,2.878528118133545,,,,,,,,,,,
69,9869,,,,,3.107560396194458,,,,,,,,,,,
69,9879,,,,,3.2513885498046875,,,,,,,,,,,
69,9889,,,,,3.274024486541748,,,,,,,,,,,
69,9899,,,,,3.4420166015625,,,,,,,,,,,
69,9909,,,,,3.244590997695923,,,,,,,,,,,
69,9919,,,,,3.099268674850464,,,,,,,,,,,
69,9929,,,,,3.2644283771514893,,,,,,,,,,,
69,9939,,,,,3.2771685123443604,,,,,,,,,,,
69,69,,,0.8497031331062317,0.08161917328834534,,,2.9873943526553903,0.16573527455329895,,0.7997954487800598,,0.0703134536743164,,3.2539652227138984,,0.14093370735645294
69,9939,,,,,,,,,0.7997954487800598,,0.0703134536743164,,3.253964900970459,,0.14093370735645294,
69,69,7.937890546479827,91.35517588729867,,,,,,,,,,,,,,
69,9939,,,,,,3.1767776012420654,,,,,,,,,,
70,9949,,,,,2.8767921924591064,,,,,,,,,,,
70,9959,,,,,3.077531576156616,,,,,,,,,,,
70,9969,,,,,2.9073455333709717,,,,,,,,,,,
70,9979,,,,,3.144843339920044,,,,,,,,,,,
70,9989,,,,,3.02056884765625,,,,,,,,,,,
70,9999,,,,,3.161365270614624,,,,,,,,,,,
70,10009,,,,,2.965569496154785,,,,,,,,,,,
70,10019,,,,,3.0921168327331543,,,,,,,,,,,
70,10029,,,,,2.968944549560547,,,,,,,,,,,
70,10039,,,,,3.036672830581665,,,,,,,,,,,
70,10049,,,,,2.846841335296631,,,,,,,,,,,
70,10059,,,,,3.173126220703125,,,,,,,,,,,
70,10069,,,,,3.087385892868042,,,,,,,,,,,
70,10079,,,,,3.3919029235839844,,,,,,,,,,,
70,70,7.321594222957788,91.36401074755528,,,,,,,,,,,,,,
70,10081,,,,,,3.161311626434326,,,,,,,,,,
71,10089,,,,,3.2123589515686035,,,,,,,,,,,
71,10099,,,,,3.2860655784606934,,,,,,,,,,,
71,10109,,,,,2.940855026245117,,,,,,,,,,,
71,10119,,,,,3.059770345687866,,,,,,,,,,,
71,10129,,,,,3.184870481491089,,,,,,,,,,,
71,10139,,,,,3.3682897090911865,,,,,,,,,,,
71,10149,,,,,3.05082631111145,,,,,,,,,,,
71,10159,,,,,3.1448395252227783,,,,,,,,,,,
71,10169,,,,,3.3707714080810547,,,,,,,,,,,
71,10179,,,,,3.2515246868133545,,,,,,,,,,,
71,10189,,,,,3.154754638671875,,,,,,,,,,,
71,10199,,,,,3.091097116470337,,,,,,,,,,,
71,10209,,,,,3.2605040073394775,,,,,,,,,,,
71,10219,,,,,2.8835887908935547,,,,,,,,,,,
71,71,7.531781146821612,91.37247903523826,,,,,,,,,,,,,,
71,10223,,,,,,3.158522129058838,,,,,,,,,,
72,10229,,,,,3.0169458389282227,,,,,,,,,,,
72,10239,,,,,2.8190245628356934,,,,,,,,,,,
72,10249,,,,,3.144987106323242,,,,,,,,,,,
72,10259,,,,,3.2735488414764404,,,,,,,,,,,
72,10269,,,,,3.430004596710205,,,,,,,,,,,
72,10279,,,,,2.9107189178466797,,,,,,,,,,,
72,10289,,,,,3.060587167739868,,,,,,,,,,,
72,10299,,,,,3.2703826427459717,,,,,,,,,,,
72,10309,,,,,3.263132333755493,,,,,,,,,,,
72,10319,,,,,3.0235118865966797,,,,,,,,,,,
72,10329,,,,,3.1444039344787598,,,,,,,,,,,
72,10339,,,,,3.096755027770996,,,,,,,,,,,
72,10349,,,,,3.0423195362091064,,,,,,,,,,,
72,10359,,,,,2.848985433578491,,,,,,,,,,,
72,72,8.306002042643604,91.38106346327645,,,,,,,,,,,,,,
72,10365,,,,,,3.1338586807250977,,,,,,,,,,
73,10369,,,,,3.262735605239868,,,,,,,,,,,
73,10379,,,,,2.7216944694519043,,,,,,,,,,,
73,10389,,,,,3.279010534286499,,,,,,,,,,,
73,10399,,,,,3.2883989810943604,,,,,,,,,,,
73,10409,,,,,3.112985134124756,,,,,,,,,,,
73,10419,,,,,3.100801944732666,,,,,,,,,,,
73,10429,,,,,3.2893519401550293,,,,,,,,,,,
73,10439,,,,,3.1311051845550537,,,,,,,,,,,
73,10449,,,,,3.189760446548462,,,,,,,,,,,
73,10459,,,,,3.184656858444214,,,,,,,,,,,
73,10469,,,,,3.0368447303771973,,,,,,,,,,,
73,10479,,,,,3.132078170776367,,,,,,,,,,,
73,10489,,,,,3.008222818374634,,,,,,,,,,,
73,10499,,,,,2.8785319328308105,,,,,,,,,,,
73,73,7.1381252968084254,91.38957628384154,,,,,,,,,,,,,,
73,10507,,,,,,3.1251373291015625,,,,,,,,,,
74,10509,,,,,2.9903995990753174,,,,,,,,,,,
74,10519,,,,,2.9160375595092773,,,,,,,,,,,
74,10529,,,,,3.26530385017395,,,,,,,,,,,
74,10539,,,,,2.9442546367645264,,,,,,,,,,,
74,10549,,,,,2.9394068717956543,,,,,,,,,,,
74,10559,,,,,3.4921696186065674,,,,,,,,,,,
74,10569,,,,,3.0590782165527344,,,,,,,,,,,
74,10579,,,,,3.1737115383148193,,,,,,,,,,,
74,10589,,,,,3.219099283218384,,,,,,,,,,,
74,10599,,,,,3.107513427734375,,,,,,,,,,,
74,10609,,,,,3.2086260318756104,,,,,,,,,,,
74,10619,,,,,3.3427627086639404,,,,,,,,,,,
74,10629,,,,,2.877964973449707,,,,,,,,,,,
74,10639,,,,,3.154552459716797,,,,,,,,,,,
74,10649,,,,,3.1576263904571533,,,,,,,,,,,
74,74,7.637719263522831,91.39811692369635,,,,,,,,,,,,,,
74,10649,,,,,,3.111769676208496,,,,,,,,,,
75,10659,,,,,2.9728667736053467,,,,,,,,,,,
75,10669,,,,,3.0734567642211914,,,,,,,,,,,
75,10679,,,,,3.079970121383667,,,,,,,,,,,
75,10689,,,,,3.4290382862091064,,,,,,,,,,,
75,10699,,,,,3.0167291164398193,,,,,,,,,,,
75,10709,,,,,3.1236889362335205,,,,,,,,,,,
75,10719,,,,,3.1747963428497314,,,,,,,,,,,
75,10729,,,,,3.0238189697265625,,,,,,,,,,,
75,10739,,,,,3.150970697402954,,,,,,,,,,,
75,10749,,,,,3.398590326309204,,,,,,,,,,,
75,10759,,,,,3.4289822578430176,,,,,,,,,,,
75,10769,,,,,3.326491594314575,,,,,,,,,,,
75,10779,,,,,2.86519718170166,,,,,,,,,,,
75,10789,,,,,3.2633345127105713,,,,,,,,,,,
75,75,8.565326853954828,91.40639149199498,,,,,,,,,,,,,,
75,10791,,,,,,3.100327491760254,,,,,,,,,,
76,10799,,,,,2.914708375930786,,,,,,,,,,,
76,10809,,,,,2.82845139503479,,,,,,,,,,,
76,10819,,,,,3.0363783836364746,,,,,,,,,,,
76,10829,,,,,2.9939448833465576,,,,,,,,,,,
76,10839,,,,,2.7761147022247314,,,,,,,,,,,
76,10849,,,,,3.0704128742218018,,,,,,,,,,,
76,10859,,,,,3.0136523246765137,,,,,,,,,,,
76,10869,,,,,2.9648830890655518,,,,,,,,,,,
76,10879,,,,,3.151791572570801,,,,,,,,,,,
76,10889,,,,,2.959536075592041,,,,,,,,,,,
76,10899,,,,,3.080806016921997,,,,,,,,,,,
76,10909,,,,,2.920741558074951,,,,,,,,,,,
76,10919,,,,,3.620929479598999,,,,,,,,,,,
76,10929,,,,,2.9452953338623047,,,,,,,,,,,
76,76,7.682889926489772,91.41527909490068,,,,,,,,,,,,,,
76,10933,,,,,,3.097886800765991,,,,,,,,,,
77,10939,,,,,3.137227773666382,,,,,,,,,,,
77,10949,,,,,2.844797372817993,,,,,,,,,,,
77,10959,,,,,3.115651845932007,,,,,,,,,,,
77,10969,,,,,2.986764430999756,,,,,,,,,,,
77,10979,,,,,3.384451150894165,,,,,,,,,,,
77,10989,,,,,2.964264392852783,,,,,,,,,,,
77,10999,,,,,3.096494674682617,,,,,,,,,,,
77,11009,,,,,3.092662811279297,,,,,,,,,,,
77,11019,,,,,3.1058788299560547,,,,,,,,,,,
77,11029,,,,,3.2108776569366455,,,,,,,,,,,
77,11039,,,,,3.337374210357666,,,,,,,,,,,
77,11049,,,,,3.3492422103881836,,,,,,,,,,,
77,11059,,,,,2.89455509185791,,,,,,,,,,,
77,11069,,,,,2.96559476852417,,,,,,,,,,,
77,77,7.769111549296747,91.42336762125151,,,,,,,,,,,,,,
77,11075,,,,,,3.089040517807007,,,,,,,,,,
78,11079,,,,,3.340956926345825,,,,,,,,,,,
78,11089,,,,,3.288435220718384,,,,,,,,,,,
78,11099,,,,,3.189455270767212,,,,,,,,,,,
78,11109,,,,,2.936826705932617,,,,,,,,,,,
78,11119,,,,,2.9558169841766357,,,,,,,,,,,
78,11129,,,,,2.9914512634277344,,,,,,,,,,,
78,11139,,,,,2.9768457412719727,,,,,,,,,,,
78,11149,,,,,2.9713776111602783,,,,,,,,,,,
78,11159,,,,,2.9095263481140137,,,,,,,,,,,
78,11169,,,,,3.200747489929199,,,,,,,,,,,
78,11179,,,,,3.1106998920440674,,,,,,,,,,,
78,11189,,,,,2.884556770324707,,,,,,,,,,,
78,11199,,,,,3.220747709274292,,,,,,,,,,,
78,11209,,,,,3.1929736137390137,,,,,,,,,,,
78,78,7.646724143489029,91.43177896389706,,,,,,,,,,,,,,
78,11217,,,,,,3.0696375370025635,,,,,,,,,,
79,11219,,,,,3.3693063259124756,,,,,,,,,,,
79,11229,,,,,3.1028990745544434,,,,,,,,,,,
79,11239,,,,,3.0918354988098145,,,,,,,,,,,
79,11249,,,,,2.7086563110351562,,,,,,,,,,,
79,11259,,,,,3.552924394607544,,,,,,,,,,,
79,11269,,,,,3.2860264778137207,,,,,,,,,,,
79,11279,,,,,2.8828139305114746,,,,,,,,,,,
79,11289,,,,,3.359234571456909,,,,,,,,,,,
79,11299,,,,,3.030848979949951,,,,,,,,,,,
79,11309,,,,,2.9000508785247803,,,,,,,,,,,
79,11319,,,,,3.0653162002563477,,,,,,,,,,,
79,11329,,,,,2.8817052841186523,,,,,,,,,,,
79,11339,,,,,2.807645797729492,,,,,,,,,,,
79,11349,,,,,2.9927892684936523,,,,,,,,,,,
79,11359,,,,,3.5027101039886475,,,,,,,,,,,
79,79,,,0.8738145232200623,0.09859655797481537,,,2.860142998455434,0.18724842369556427,,0.8181875348091125,,0.08609825372695923,,3.1868692539176164,,0.15446621179580688
79,11359,,,,,,,,,0.8181875348091125,,0.08609825372695923,,3.1868693828582764,,0.15446621179580688,
79,79,7.692958240376416,91.43988485530171,,,,,,,,,,,,,,
79,11359,,,,,,3.0631067752838135,,,,,,,,,,
80,11369,,,,,2.851221799850464,,,,,,,,,,,
80,11379,,,,,2.8647310733795166,,,,,,,,,,,
80,11389,,,,,3.2287092208862305,,,,,,,,,,,
80,11399,,,,,3.2007386684417725,,,,,,,,,,,
80,11409,,,,,3.21828293800354,,,,,,,,,,,
80,11419,,,,,3.1595985889434814,,,,,,,,,,,
80,11429,,,,,2.732571601867676,,,,,,,,,,,
80,11439,,,,,3.2449114322662354,,,,,,,,,,,
80,11449,,,,,3.216848611831665,,,,,,,,,,,
80,11459,,,,,2.974449634552002,,,,,,,,,,,
80,11469,,,,,2.963843584060669,,,,,,,,,,,
80,11479,,,,,3.0462868213653564,,,,,,,,,,,
80,11489,,,,,3.230259895324707,,,,,,,,,,,
80,11499,,,,,2.87489914894104,,,,,,,,,,,
80,80,8.153701130360782,91.44811220325381,,,,,,,,,,,,,,
80,11501,,,,,,3.0470175743103027,,,,,,,,,,
81,11509,,,,,2.9168434143066406,,,,,,,,,,,
81,11519,,,,,2.931077241897583,,,,,,,,,,,
81,11529,,,,,2.9560115337371826,,,,,,,,,,,
81,11539,,,,,3.2184431552886963,,,,,,,,,,,
81,11549,,,,,3.478294610977173,,,,,,,,,,,
81,11559,,,,,2.8858392238616943,,,,,,,,,,,
81,11569,,,,,3.0768535137176514,,,,,,,,,,,
81,11579,,,,,2.8868680000305176,,,,,,,,,,,
81,11589,,,,,3.05275559425354,,,,,,,,,,,
81,11599,,,,,3.2088615894317627,,,,,,,,,,,
81,11609,,,,,2.8797552585601807,,,,,,,,,,,
81,11619,,,,,3.129517078399658,,,,,,,,,,,
81,11629,,,,,3.1640825271606445,,,,,,,,,,,
81,11639,,,,,3.2150826454162598,,,,,,,,,,,
81,81,8.120297761350075,91.45635138318917,,,,,,,,,,,,,,
81,11643,,,,,,3.0448453426361084,,,,,,,,,,
82,11649,,,,,3.097661256790161,,,,,,,,,,,
82,11659,,,,,3.337578773498535,,,,,,,,,,,
82,11669,,,,,2.962494373321533,,,,,,,,,,,
82,11679,,,,,3.08290958404541,,,,,,,,,,,
82,11689,,,,,3.1293787956237793,,,,,,,,,,,
82,11699,,,,,3.0791308879852295,,,,,,,,,,,
82,11709,,,,,3.0291426181793213,,,,,,,,,,,
82,11719,,,,,3.108504295349121,,,,,,,,,,,
82,11729,,,,,3.3559155464172363,,,,,,,,,,,
82,11739,,,,,2.781585216522217,,,,,,,,,,,
82,11749,,,,,3.17042875289917,,,,,,,,,,,
82,11759,,,,,3.0653164386749268,,,,,,,,,,,
82,11769,,,,,3.3788464069366455,,,,,,,,,,,
82,11779,,,,,3.168977975845337,,,,,,,,,,,
82,82,8.426722843033666,91.4641359460084,,,,,,,,,,,,,,
82,11785,,,,,,3.0352675914764404,,,,,,,,,,
83,11789,,,,,2.8544087409973145,,,,,,,,,,,
83,11799,,,,,2.6609349250793457,,,,,,,,,,,
83,11809,,,,,2.9629602432250977,,,,,,,,,,,
83,11819,,,,,3.1864771842956543,,,,,,,,,,,
83,11829,,,,,3.3002564907073975,,,,,,,,,,,
83,11839,,,,,2.9497711658477783,,,,,,,,,,,
83,11849,,,,,3.0371716022491455,,,,,,,,,,,
83,11859,,,,,3.2083816528320312,,,,,,,,,,,
83,11869,,,,,2.9467036724090576,,,,,,,,,,,
83,11879,,,,,2.999690532684326,,,,,,,,,,,
83,11889,,,,,2.9292144775390625,,,,,,,,,,,
83,11899,,,,,2.8307878971099854,,,,,,,,,,,
83,11909,,,,,3.0772130489349365,,,,,,,,,,,
83,11919,,,,,2.9374465942382812,,,,,,,,,,,
83,83,8.474180066307511,91.47271443409008,,,,,,,,,,,,,,
83,11927,,,,,,3.020595073699951,,,,,,,,,,
84,11929,,,,,2.868096351623535,,,,,,,,,,,
84,11939,,,,,3.1722817420959473,,,,,,,,,,,
84,11949,,,,,2.98179030418396,,,,,,,,,,,
84,11959,,,,,3.0535888671875,,,,,,,,,,,
84,11969,,,,,2.8178508281707764,,,,,,,,,,,
84,11979,,,,,3.2319841384887695,,,,,,,,,,,
84,11989,,,,,2.7982866764068604,,,,,,,,,,,
84,11999,,,,,2.960953712463379,,,,,,,,,,,
84,12009,,,,,3.273900270462036,,,,,,,,,,,
84,12019,,,,,3.0144729614257812,,,,,,,,,,,
84,12029,,,,,3.1346561908721924,,,,,,,,,,,
84,12039,,,,,3.0269951820373535,,,,,,,,,,,
84,12049,,,,,2.95782470703125,,,,,,,,,,,
84,12059,,,,,3.1460158824920654,,,,,,,,,,,
84,12069,,,,,2.995772361755371,,,,,,,,,,,
84,84,8.226381908351017,91.48089076873671,,,,,,,,,,,,,,
84,12069,,,,,,3.0042171478271484,,,,,,,,,,
85,12079,,,,,3.294326066970825,,,,,,,,,,,
85,12089,,,,,3.053461790084839,,,,,,,,,,,
85,12099,,,,,3.302459239959717,,,,,,,,,,,
85,12109,,,,,2.7369728088378906,,,,,,,,,,,
85,12119,,,,,3.0101048946380615,,,,,,,,,,,
85,12129,,,,,2.8729913234710693,,,,,,,,,,,
85,12139,,,,,2.9827120304107666,,,,,,,,,,,
85,12149,,,,,3.122735023498535,,,,,,,,,,,
85,12159,,,,,3.121567726135254,,,,,,,,,,,
85,12169,,,,,2.889630079269409,,,,,,,,,,,
85,12179,,,,,3.23392915725708,,,,,,,,,,,
85,12189,,,,,2.9576680660247803,,,,,,,,,,,
85,12199,,,,,2.7864036560058594,,,,,,,,,,,
85,12209,,,,,2.9541518688201904,,,,,,,,,,,
85,85,10.04331203377882,91.48873025627968,,,,,,,,,,,,,,
85,12211,,,,,,2.999854803085327,,,,,,,,,,
86,12219,,,,,2.9851644039154053,,,,,,,,,,,
86,12229,,,,,3.1782989501953125,,,,,,,,,,,
86,12239,,,,,2.8441662788391113,,,,,,,,,,,
86,12249,,,,,2.9330804347991943,,,,,,,,,,,
86,12259,,,,,2.7124762535095215,,,,,,,,,,,
86,12269,,,,,2.9515085220336914,,,,,,,,,,,
86,12279,,,,,2.647066831588745,,,,,,,,,,,
86,12289,,,,,2.9490206241607666,,,,,,,,,,,
86,12299,,,,,2.8559162616729736,,,,,,,,,,,
86,12309,,,,,2.750919818878174,,,,,,,,,,,
86,12319,,,,,2.77968692779541,,,,,,,,,,,
86,12329,,,,,2.9307148456573486,,,,,,,,,,,
86,12339,,,,,3.171079635620117,,,,,,,,,,,
86,12349,,,,,3.221573829650879,,,,,,,,,,,
86,86,9.355718987783067,91.49663085315842,,,,,,,,,,,,,,
86,12353,,,,,,2.993140697479248,,,,,,,,,,
87,12359,,,,,2.9868266582489014,,,,,,,,,,,
87,12369,,,,,2.795391798019409,,,,,,,,,,,
87,12379,,,,,2.5718297958374023,,,,,,,,,,,
87,12389,,,,,2.9598114490509033,,,,,,,,,,,
87,12399,,,,,2.5916686058044434,,,,,,,,,,,
87,12409,,,,,3.047297716140747,,,,,,,,,,,
87,12419,,,,,3.173234701156616,,,,,,,,,,,
87,12429,,,,,2.9262988567352295,,,,,,,,,,,
87,12439,,,,,2.881694793701172,,,,,,,,,,,
87,12449,,,,,3.371314525604248,,,,,,,,,,,
87,12459,,,,,2.789605140686035,,,,,,,,,,,
87,12469,,,,,3.3126373291015625,,,,,,,,,,,
87,12479,,,,,3.20259952545166,,,,,,,,,,,
87,12489,,,,,2.8079559803009033,,,,,,,,,,,
87,87,9.775517912276412,91.50449129814676,,,,,,,,,,,,,,
87,12495,,,,,,2.9870243072509766,,,,,,,,,,
88,12499,,,,,2.6689610481262207,,,,,,,,,,,
88,12509,,,,,2.9540088176727295,,,,,,,,,,,
88,12519,,,,,3.2531726360321045,,,,,,,,,,,
88,12529,,,,,3.4471330642700195,,,,,,,,,,,
88,12539,,,,,3.2536678314208984,,,,,,,,,,,
88,12549,,,,,3.0693962574005127,,,,,,,,,,,
88,12559,,,,,3.0803287029266357,,,,,,,,,,,
88,12569,,,,,3.4051167964935303,,,,,,,,,,,
88,12579,,,,,3.2659175395965576,,,,,,,,,,,
88,12589,,,,,2.820270299911499,,,,,,,,,,,
88,12599,,,,,2.9967520236968994,,,,,,,,,,,
88,12609,,,,,2.954986095428467,,,,,,,,,,,
88,12619,,,,,2.9044125080108643,,,,,,,,,,,
88,12629,,,,,2.996588706970215,,,,,,,,,,,
88,88,8.652854875567382,91.51174074246214,,,,,,,,,,,,,,
88,12637,,,,,,2.974597692489624,,,,,,,,,,
89,12639,,,,,2.7627081871032715,,,,,,,,,,,
89,12649,,,,,2.7925572395324707,,,,,,,,,,,
89,12659,,,,,2.877622365951538,,,,,,,,,,,
89,12669,,,,,3.084904670715332,,,,,,,,,,,
89,12679,,,,,3.1615617275238037,,,,,,,,,,,
89,12689,,,,,2.9094836711883545,,,,,,,,,,,
89,12699,,,,,2.7183163166046143,,,,,,,,,,,
89,12709,,,,,2.7948694229125977,,,,,,,,,,,
89,12719,,,,,2.630662441253662,,,,,,,,,,,
89,12729,,,,,3.221306800842285,,,,,,,,,,,
89,12739,,,,,3.24188232421875,,,,,,,,,,,
89,12749,,,,,3.1517131328582764,,,,,,,,,,,
89,12759,,,,,3.124359130859375,,,,,,,,,,,
89,12769,,,,,3.1783790588378906,,,,,,,,,,,
89,12779,,,,,2.777949571609497,,,,,,,,,,,
89,89,,,0.8901616334915161,0.10517378151416779,,,2.76214460360083,0.20643025636672974,,0.8304811716079712,,0.08876978605985641,,3.1509012108554644,,0.16416025161743164
89,12779,,,,,,,,,0.8304811716079712,,0.08876978605985641,,3.1509013175964355,,0.16416025161743164,
89,89,9.036782494865351,91.51910997559439,,,,,,,,,,,,,,
89,12779,,,,,,2.9623165130615234,,,,,,,,,,
90,12789,,,,,2.939398765563965,,,,,,,,,,,
90,12799,,,,,2.8960258960723877,,,,,,,,,,,
90,12809,,,,,2.9338486194610596,,,,,,,,,,,
90,12819,,,,,3.0085792541503906,,,,,,,,,,,
90,12829,,,,,2.8542442321777344,,,,,,,,,,,
90,12839,,,,,3.057647705078125,,,,,,,,,,,
90,12849,,,,,2.7124178409576416,,,,,,,,,,,
90,12859,,,,,2.8258297443389893,,,,,,,,,,,
90,12869,,,,,2.99764084815979,,,,,,,,,,,
90,12879,,,,,2.865859270095825,,,,,,,,,,,
90,12889,,,,,2.797006845474243,,,,,,,,,,,
90,12899,,,,,3.0279948711395264,,,,,,,,,,,
90,12909,,,,,3.224787473678589,,,,,,,,,,,
90,12919,,,,,2.948575019836426,,,,,,,,,,,
90,90,8.718844646190787,91.52701196189986,,,,,,,,,,,,,,
90,12921,,,,,,2.9526710510253906,,,,,,,,,,
91,12929,,,,,2.6433660984039307,,,,,,,,,,,
91,12939,,,,,2.7414114475250244,,,,,,,,,,,
91,12949,,,,,2.825756788253784,,,,,,,,,,,
91,12959,,,,,2.8589589595794678,,,,,,,,,,,
91,12969,,,,,2.8941404819488525,,,,,,,,,,,
91,12979,,,,,2.743335485458374,,,,,,,,,,,
91,12989,,,,,2.923299551010132,,,,,,,,,,,
91,12999,,,,,3.1600451469421387,,,,,,,,,,,
91,13009,,,,,2.910949230194092,,,,,,,,,,,
91,13019,,,,,2.924076557159424,,,,,,,,,,,
91,13029,,,,,2.890244722366333,,,,,,,,,,,
91,13039,,,,,2.881176710128784,,,,,,,,,,,
91,13049,,,,,3.2912752628326416,,,,,,,,,,,
91,13059,,,,,2.7496085166931152,,,,,,,,,,,
91,91,9.499028756538959,91.53423004800004,,,,,,,,,,,,,,
91,13063,,,,,,2.9496586322784424,,,,,,,,,,
92,13069,,,,,3.0604186058044434,,,,,,,,,,,
92,13079,,,,,2.8956058025360107,,,,,,,,,,,
92,13089,,,,,2.839155912399292,,,,,,,,,,,
92,13099,,,,,3.000019073486328,,,,,,,,,,,
92,13109,,,,,2.849348306655884,,,,,,,,,,,
92,13119,,,,,2.842832565307617,,,,,,,,,,,
92,13129,,,,,3.288642168045044,,,,,,,,,,,
92,13139,,,,,2.904280424118042,,,,,,,,,,,
92,13149,,,,,3.285978078842163,,,,,,,,,,,
92,13159,,,,,3.282658100128174,,,,,,,,,,,
92,13169,,,,,3.0791499614715576,,,,,,,,,,,
92,13179,,,,,2.7914230823516846,,,,,,,,,,,
92,13189,,,,,3.003673553466797,,,,,,,,,,,
92,13199,,,,,2.900308847427368,,,,,,,,,,,
92,92,9.247722050496899,91.54215423138835,,,,,,,,,,,,,,
92,13205,,,,,,2.9359326362609863,,,,,,,,,,
93,13209,,,,,2.874009847640991,,,,,,,,,,,
93,13219,,,,,2.790170192718506,,,,,,,,,,,
93,13229,,,,,3.0349831581115723,,,,,,,,,,,
93,13239,,,,,3.153414249420166,,,,,,,,,,,
93,13249,,,,,2.912508249282837,,,,,,,,,,,
93,13259,,,,,2.986677885055542,,,,,,,,,,,
93,13269,,,,,3.044527769088745,,,,,,,,,,,
93,13279,,,,,2.9502880573272705,,,,,,,,,,,
93,13289,,,,,3.0166947841644287,,,,,,,,,,,
93,13299,,,,,2.831045389175415,,,,,,,,,,,
93,13309,,,,,2.785489320755005,,,,,,,,,,,
93,13319,,,,,3.037303924560547,,,,,,,,,,,
93,13329,,,,,3.1110730171203613,,,,,,,,,,,
93,13339,,,,,2.694728374481201,,,,,,,,,,,
93,93,9.063564382593556,91.5497122988467,,,,,,,,,,,,,,
93,13347,,,,,,2.9280827045440674,,,,,,,,,,
94,13349,,,,,2.982769727706909,,,,,,,,,,,
94,13359,,,,,2.86073637008667,,,,,,,,,,,
94,13369,,,,,2.8380558490753174,,,,,,,,,,,
94,13379,,,,,2.6944804191589355,,,,,,,,,,,
94,13389,,,,,2.734233856201172,,,,,,,,,,,
94,13399,,,,,3.1565470695495605,,,,,,,,,,,
94,13409,,,,,2.9260897636413574,,,,,,,,,,,
94,13419,,,,,2.81095290184021,,,,,,,,,,,
94,13429,,,,,2.9166247844696045,,,,,,,,,,,
94,13439,,,,,2.9761335849761963,,,,,,,,,,,
94,13449,,,,,3.0306057929992676,,,,,,,,,,,
94,13459,,,,,2.849888801574707,,,,,,,,,,,
94,13469,,,,,2.9664885997772217,,,,,,,,,,,
94,13479,,,,,2.7561070919036865,,,,,,,,,,,
94,13489,,,,,2.7086987495422363,,,,,,,,,,,
94,94,8.277188984263253,91.55760812518595,,,,,,,,,,,,,,
94,13489,,,,,,2.9157447814941406,,,,,,,,,,
95,13499,,,,,2.8971455097198486,,,,,,,,,,,
95,13509,,,,,2.8667192459106445,,,,,,,,,,,
95,13519,,,,,2.894688606262207,,,,,,,,,,,
95,13529,,,,,2.9021739959716797,,,,,,,,,,,
95,13539,,,,,3.063783884048462,,,,,,,,,,,
95,13549,,,,,3.0758702754974365,,,,,,,,,,,
95,13559,,,,,2.819126844406128,,,,,,,,,,,
95,13569,,,,,3.0137367248535156,,,,,,,,,,,
95,13579,,,,,2.9294509887695312,,,,,,,,,,,
95,13589,,,,,3.051356077194214,,,,,,,,,,,
95,13599,,,,,3.199566602706909,,,,,,,,,,,
95,13609,,,,,3.0559535026550293,,,,,,,,,,,
95,13619,,,,,2.6138081550598145,,,,,,,,,,,
95,13629,,,,,2.964040517807007,,,,,,,,,,,
95,95,9.141344130986527,91.56514182250287,,,,,,,,,,,,,,
95,13631,,,,,,2.9089417457580566,,,,,,,,,,
96,13639,,,,,3.192152738571167,,,,,,,,,,,
96,13649,,,,,2.5947201251983643,,,,,,,,,,,
96,13659,,,,,3.0008058547973633,,,,,,,,,,,
96,13669,,,,,2.613715410232544,,,,,,,,,,,
96,13679,,,,,2.86167049407959,,,,,,,,,,,
96,13689,,,,,2.853553295135498,,,,,,,,,,,
96,13699,,,,,2.7940480709075928,,,,,,,,,,,
96,13709,,,,,2.984018564224243,,,,,,,,,,,
96,13719,,,,,2.9097654819488525,,,,,,,,,,,
96,13729,,,,,2.6116292476654053,,,,,,,,,,,
96,13739,,,,,2.9767401218414307,,,,,,,,,,,
96,13749,,,,,2.6220498085021973,,,,,,,,,,,
96,13759,,,,,3.045602321624756,,,,,,,,,,,
96,13769,,,,,2.8266210556030273,,,,,,,,,,,
96,96,9.306970831926375,91.57266160410508,,,,,,,,,,,,,,
96,13773,,,,,,2.8961806297302246,,,,,,,,,,
97,13779,,,,,3.272974967956543,,,,,,,,,,,
97,13789,,,,,2.7326080799102783,,,,,,,,,,,
97,13799,,,,,3.2104709148406982,,,,,,,,,,,
97,13809,,,,,2.931746482849121,,,,,,,,,,,
97,13819,,,,,2.983076810836792,,,,,,,,,,,
97,13829,,,,,2.6708903312683105,,,,,,,,,,,
97,13839,,,,,3.2670018672943115,,,,,,,,,,,
97,13849,,,,,2.959240436553955,,,,,,,,,,,
97,13859,,,,,2.7376420497894287,,,,,,,,,,,
97,13869,,,,,2.8955225944519043,,,,,,,,,,,
97,13879,,,,,2.6736366748809814,,,,,,,,,,,
97,13889,,,,,2.747020721435547,,,,,,,,,,,
97,13899,,,,,2.904160976409912,,,,,,,,,,,
97,13909,,,,,2.812415599822998,,,,,,,,,,,
97,97,9.434342287240035,91.58015205720764,,,,,,,,,,,,,,
97,13915,,,,,,2.896770477294922,,,,,,,,,,
98,13919,,,,,3.197784423828125,,,,,,,,,,,
98,13929,,,,,2.8454320430755615,,,,,,,,,,,
98,13939,,,,,2.597938060760498,,,,,,,,,,,
98,13949,,,,,3.0051605701446533,,,,,,,,,,,
98,13959,,,,,2.6062750816345215,,,,,,,,,,,
98,13969,,,,,2.9809067249298096,,,,,,,,,,,
98,13979,,,,,2.886439800262451,,,,,,,,,,,
98,13989,,,,,2.675459861755371,,,,,,,,,,,
98,13999,,,,,2.7784621715545654,,,,,,,,,,,
98,14009,,,,,2.8345370292663574,,,,,,,,,,,
98,14019,,,,,2.7621243000030518,,,,,,,,,,,
98,14029,,,,,2.8879148960113525,,,,,,,,,,,
98,14039,,,,,2.85900616645813,,,,,,,,,,,
98,14049,,,,,3.016610622406006,,,,,,,,,,,
98,98,10.07809555336653,91.58776248439749,,,,,,,,,,,,,,
98,14057,,,,,,2.887192487716675,,,,,,,,,,
99,14059,,,,,3.1943469047546387,,,,,,,,,,,
99,14069,,,,,3.0145156383514404,,,,,,,,,,,
99,14079,,,,,2.835210084915161,,,,,,,,,,,
99,14089,,,,,2.3831422328948975,,,,,,,,,,,
99,14099,,,,,2.946533679962158,,,,,,,,,,,
99,14109,,,,,3.044659376144409,,,,,,,,,,,
99,14119,,,,,2.6930675506591797,,,,,,,,,,,
99,14129,,,,,2.604175567626953,,,,,,,,,,,
99,14139,,,,,2.876804828643799,,,,,,,,,,,
99,14149,,,,,2.989388942718506,,,,,,,,,,,
99,14159,,,,,3.0884881019592285,,,,,,,,,,,
99,14169,,,,,3.020423173904419,,,,,,,,,,,
99,14179,,,,,2.8302416801452637,,,,,,,,,,,
99,14189,,,,,2.6898272037506104,,,,,,,,,,,
99,14199,,,,,2.708026647567749,,,,,,,,,,,
99,99,,,0.9032397270202637,0.12258565425872803,,,2.6666647855649175,0.22417081892490387,,0.8411941528320312,,0.10052236914634705,,3.117771104890473,,0.1771174818277359
99,14199,,,,,,,,,0.8411941528320312,,0.10052236914634705,,3.1177713871002197,,0.1771174818277359,
99,99,10.089508109151112,91.5954473314436,,,,,,,,,,,,,,
99,14199,,,,,,2.8726775646209717,,,,,,,,,,
100,14209,,,,,2.7430365085601807,,,,,,,,,,,
100,14219,,,,,2.4865970611572266,,,,,,,,,,,
100,14229,,,,,2.842434883117676,,,,,,,,,,,
100,14239,,,,,2.5429294109344482,,,,,,,,,,,
100,14249,,,,,2.6831178665161133,,,,,,,,,,,
100,14259,,,,,2.938023567199707,,,,,,,,,,,
100,14269,,,,,3.0057029724121094,,,,,,,,,,,
100,14279,,,,,3.1994879245758057,,,,,,,,,,,
100,14289,,,,,3.14640736579895,,,,,,,,,,,
100,14299,,,,,2.75180721282959,,,,,,,,,,,
100,14309,,,,,2.683990001678467,,,,,,,,,,,
100,14319,,,,,3.083962917327881,,,,,,,,,,,
100,14329,,,,,3.120986223220825,,,,,,,,,,,
100,14339,,,,,2.9456372261047363,,,,,,,,,,,
100,100,9.444650075853234,91.60333382278064,,,,,,,,,,,,,,
100,14341,,,,,,2.8659613132476807,,,,,,,,,,
101,14349,,,,,2.6212639808654785,,,,,,,,,,,
101,14359,,,,,3.079773426055908,,,,,,,,,,,
101,14369,,,,,2.943561315536499,,,,,,,,,,,
101,14379,,,,,3.146273136138916,,,,,,,,,,,
101,14389,,,,,2.7434957027435303,,,,,,,,,,,
101,14399,,,,,2.7927849292755127,,,,,,,,,,,
101,14409,,,,,2.833806037902832,,,,,,,,,,,
101,14419,,,,,2.997196674346924,,,,,,,,,,,
101,14429,,,,,2.547900676727295,,,,,,,,,,,
101,14439,,,,,2.9322102069854736,,,,,,,,,,,
101,14449,,,,,3.0598204135894775,,,,,,,,,,,
101,14459,,,,,2.7410073280334473,,,,,,,,,,,
101,14469,,,,,2.714852809906006,,,,,,,,,,,
101,14479,,,,,3.045274496078491,,,,,,,,,,,
101,101,9.358666922543318,91.61080328509289,,,,,,,,,,,,,,
101,14483,,,,,,2.860659599304199,,,,,,,,,,
102,14489,,,,,2.9850714206695557,,,,,,,,,,,
102,14499,,,,,2.827688455581665,,,,,,,,,,,
102,14509,,,,,2.646195650100708,,,,,,,,,,,
102,14519,,,,,2.6250860691070557,,,,,,,,,,,
102,14529,,,,,2.9961071014404297,,,,,,,,,,,
102,14539,,,,,2.7774548530578613,,,,,,,,,,,
102,14549,,,,,2.8757760524749756,,,,,,,,,,,
102,14559,,,,,2.81978178024292,,,,,,,,,,,
102,14569,,,,,2.6675429344177246,,,,,,,,,,,
102,14579,,,,,2.707601308822632,,,,,,,,,,,
102,14589,,,,,2.6138086318969727,,,,,,,,,,,
102,14599,,,,,2.569725275039673,,,,,,,,,,,
102,14609,,,,,2.9560983180999756,,,,,,,,,,,
102,14619,,,,,2.5690553188323975,,,,,,,,,,,
102,102,9.643313772355798,91.61880140340416,,,,,,,,,,,,,,
102,14625,,,,,,2.846569538116455,,,,,,,,,,
103,14629,,,,,2.7935736179351807,,,,,,,,,,,
103,14639,,,,,2.824097156524658,,,,,,,,,,,
103,14649,,,,,3.126729726791382,,,,,,,,,,,
103,14659,,,,,2.833268880844116,,,,,,,,,,,
103,14669,,,,,2.7037353515625,,,,,,,,,,,
103,14679,,,,,2.7176361083984375,,,,,,,,,,,
103,14689,,,,,2.9485766887664795,,,,,,,,,,,
103,14699,,,,,2.7826199531555176,,,,,,,,,,,
103,14709,,,,,2.966074228286743,,,,,,,,,,,
103,14719,,,,,2.984055995941162,,,,,,,,,,,
103,14729,,,,,2.7139294147491455,,,,,,,,,,,
103,14739,,,,,2.9273877143859863,,,,,,,,,,,
103,14749,,,,,3.149667263031006,,,,,,,,,,,
103,14759,,,,,2.9478108882904053,,,,,,,,,,,
103,103,10.162652302291427,91.6264771255957,,,,,,,,,,,,,,
103,14767,,,,,,2.835576057434082,,,,,,,,,,
104,14769,,,,,2.925645589828491,,,,,,,,,,,
104,14779,,,,,2.6589674949645996,,,,,,,,,,,
104,14789,,,,,2.7684288024902344,,,,,,,,,,,
104,14799,,,,,2.579631805419922,,,,,,,,,,,
104,14809,,,,,3.1614482402801514,,,,,,,,,,,
104,14819,,,,,2.9791481494903564,,,,,,,,,,,
104,14829,,,,,2.8564491271972656,,,,,,,,,,,
104,14839,,,,,2.9091081619262695,,,,,,,,,,,
104,14849,,,,,2.8052077293395996,,,,,,,,,,,
104,14859,,,,,2.8407037258148193,,,,,,,,,,,
104,14869,,,,,2.995983123779297,,,,,,,,,,,
104,14879,,,,,2.5842528343200684,,,,,,,,,,,
104,14889,,,,,2.882061719894409,,,,,,,,,,,
104,14899,,,,,3.1173853874206543,,,,,,,,,,,
104,14909,,,,,2.5633227825164795,,,,,,,,,,,
104,104,10.059451331097504,91.63327407137393,,,,,,,,,,,,,,
104,14909,,,,,,2.833784580230713,,,,,,,,,,
105,14919,,,,,2.7524805068969727,,,,,,,,,,,
105,14929,,,,,2.8461084365844727,,,,,,,,,,,
105,14939,,,,,2.711827278137207,,,,,,,,,,,
105,14949,,,,,2.6895663738250732,,,,,,,,,,,
105,14959,,,,,2.900779962539673,,,,,,,,,,,
105,14969,,,,,3.210031747817993,,,,,,,,,,,
105,14979,,,,,2.604811429977417,,,,,,,,,,,
105,14989,,,,,2.597018003463745,,,,,,,,,,,
105,14999,,,,,3.3117473125457764,,,,,,,,,,,
105,15009,,,,,2.577097177505493,,,,,,,,,,,
105,15019,,,,,2.9252660274505615,,,,,,,,,,,
105,15029,,,,,2.828301429748535,,,,,,,,,,,
105,15039,,,,,2.8980021476745605,,,,,,,,,,,
105,15049,,,,,2.7217249870300293,,,,,,,,,,,
105,105,10.937895542924625,91.64097668594968,,,,,,,,,,,,,,
105,15051,,,,,,2.823850631713867,,,,,,,,,,
106,15059,,,,,2.5081100463867188,,,,,,,,,,,
106,15069,,,,,2.6165268421173096,,,,,,,,,,,
106,15079,,,,,2.706878900527954,,,,,,,,,,,
106,15089,,,,,2.8558349609375,,,,,,,,,,,
106,15099,,,,,2.820697069168091,,,,,,,,,,,
106,15109,,,,,2.9466068744659424,,,,,,,,,,,
106,15119,,,,,2.6672310829162598,,,,,,,,,,,
106,15129,,,,,2.6874186992645264,,,,,,,,,,,
106,15139,,,,,2.696256160736084,,,,,,,,,,,
106,15149,,,,,3.1053318977355957,,,,,,,,,,,
106,15159,,,,,2.988121271133423,,,,,,,,,,,
106,15169,,,,,2.82784104347229,,,,,,,,,,,
106,15179,,,,,2.834104537963867,,,,,,,,,,,
106,15189,,,,,2.8449108600616455,,,,,,,,,,,
106,106,10.46951421440831,91.64845077043238,,,,,,,,,,,,,,
106,15193,,,,,,2.814060926437378,,,,,,,,,,
107,15199,,,,,2.766202449798584,,,,,,,,,,,
107,15209,,,,,2.7743422985076904,,,,,,,,,,,
107,15219,,,,,2.6026437282562256,,,,,,,,,,,
107,15229,,,,,2.7326085567474365,,,,,,,,,,,
107,15239,,,,,2.9548661708831787,,,,,,,,,,,
107,15249,,,,,2.877871036529541,,,,,,,,,,,
107,15259,,,,,2.953040361404419,,,,,,,,,,,
107,15269,,,,,2.7440011501312256,,,,,,,,,,,
107,15279,,,,,3.247236967086792,,,,,,,,,,,
107,15289,,,,,2.868389129638672,,,,,,,,,,,
107,15299,,,,,2.591127634048462,,,,,,,,,,,
107,15309,,,,,2.668571710586548,,,,,,,,,,,
107,15319,,,,,2.948213815689087,,,,,,,,,,,
107,15329,,,,,2.795414686203003,,,,,,,,,,,
107,107,10.222246363495652,91.65578000372523,,,,,,,,,,,,,,
107,15335,,,,,,2.801604986190796,,,,,,,,,,
108,15339,,,,,2.7509984970092773,,,,,,,,,,,
108,15349,,,,,3.3337810039520264,,,,,,,,,,,
108,15359,,,,,3.03749680519104,,,,,,,,,,,
108,15369,,,,,2.717597246170044,,,,,,,,,,,
108,15379,,,,,2.9838452339172363,,,,,,,,,,,
108,15389,,,,,2.54738712310791,,,,,,,,,,,
108,15399,,,,,2.7803356647491455,,,,,,,,,,,
108,15409,,,,,2.882300853729248,,,,,,,,,,,
108,15419,,,,,2.777254819869995,,,,,,,,,,,
108,15429,,,,,2.8141191005706787,,,,,,,,,,,
108,15439,,,,,2.8792529106140137,,,,,,,,,,,
108,15449,,,,,2.778369426727295,,,,,,,,,,,
108,15459,,,,,2.8892838954925537,,,,,,,,,,,
108,15469,,,,,2.8502888679504395,,,,,,,,,,,
108,108,10.47266668983322,91.66343257325357,,,,,,,,,,,,,,
108,15477,,,,,,2.8012797832489014,,,,,,,,,,
109,15479,,,,,2.822017192840576,,,,,,,,,,,
109,15489,,,,,2.5744218826293945,,,,,,,,,,,
109,15499,,,,,2.746508836746216,,,,,,,,,,,
109,15509,,,,,2.7008635997772217,,,,,,,,,,,
109,15519,,,,,2.7168328762054443,,,,,,,,,,,
109,15529,,,,,2.7731237411499023,,,,,,,,,,,
109,15539,,,,,2.9504973888397217,,,,,,,,,,,
109,15549,,,,,2.90494441986084,,,,,,,,,,,
109,15559,,,,,2.876878023147583,,,,,,,,,,,
109,15569,,,,,3.05908465385437,,,,,,,,,,,
109,15579,,,,,2.867886543273926,,,,,,,,,,,
109,15589,,,,,2.46559476852417,,,,,,,,,,,
109,15599,,,,,2.639385223388672,,,,,,,,,,,
109,15609,,,,,3.0569632053375244,,,,,,,,,,,
109,15619,,,,,2.6725287437438965,,,,,,,,,,,
109,109,,,0.9151536226272583,0.1318914294242859,,,2.5791830376139098,0.24102883040905,,0.8480609059333801,,0.10684819519519806,,3.102317746196474,,0.1848614513874054
109,15619,,,,,,,,,0.8480609059333801,,0.10684819519519806,,3.1023175716400146,,0.1848614513874054,
109,109,11.417144061170404,91.6705085805705,,,,,,,,,,,,,,
109,15619,,,,,,2.7918717861175537,,,,,,,,,,
110,15629,,,,,2.888157367706299,,,,,,,,,,,
110,15639,,,,,2.728276252746582,,,,,,,,,,,
110,15649,,,,,3.0539369583129883,,,,,,,,,,,
110,15659,,,,,2.901616096496582,,,,,,,,,,,
110,15669,,,,,2.7937352657318115,,,,,,,,,,,
110,15679,,,,,2.6759941577911377,,,,,,,,,,,
110,15689,,,,,2.763011932373047,,,,,,,,,,,
110,15699,,,,,2.8351738452911377,,,,,,,,,,,
110,15709,,,,,2.8563430309295654,,,,,,,,,,,
110,15719,,,,,2.7661919593811035,,,,,,,,,,,
110,15729,,,,,2.595940589904785,,,,,,,,,,,
110,15739,,,,,2.729376792907715,,,,,,,,,,,
110,15749,,,,,2.6000514030456543,,,,,,,,,,,
110,15759,,,,,2.9203100204467773,,,,,,,,,,,
110,110,9.887431853484298,91.6779518012615,,,,,,,,,,,,,,
110,15761,,,,,,2.7816431522369385,,,,,,,,,,
111,15769,,,,,2.684997081756592,,,,,,,,,,,
111,15779,,,,,2.7111663818359375,,,,,,,,,,,
111,15789,,,,,2.9533798694610596,,,,,,,,,,,
111,15799,,,,,2.754796028137207,,,,,,,,,,,
111,15809,,,,,2.6631064414978027,,,,,,,,,,,
111,15819,,,,,2.706526517868042,,,,,,,,,,,
111,15829,,,,,2.6629445552825928,,,,,,,,,,,
111,15839,,,,,2.5751123428344727,,,,,,,,,,,
111,15849,,,,,3.1652204990386963,,,,,,,,,,,
111,15859,,,,,2.8278985023498535,,,,,,,,,,,
111,15869,,,,,2.6864013671875,,,,,,,,,,,
111,15879,,,,,2.7644808292388916,,,,,,,,,,,
111,15889,,,,,2.7622249126434326,,,,,,,,,,,
111,15899,,,,,2.943325996398926,,,,,,,,,,,
111,111,12.5637846251054,91.68503785469541,,,,,,,,,,,,,,
111,15903,,,,,,2.7752773761749268,,,,,,,,,,
112,15909,,,,,2.870750665664673,,,,,,,,,,,
112,15919,,,,,2.6852059364318848,,,,,,,,,,,
112,15929,,,,,2.4804389476776123,,,,,,,,,,,
112,15939,,,,,2.5913286209106445,,,,,,,,,,,
112,15949,,,,,2.9035558700561523,,,,,,,,,,,
112,15959,,,,,2.6973893642425537,,,,,,,,,,,
112,15969,,,,,2.6901636123657227,,,,,,,,,,,
112,15979,,,,,2.9328699111938477,,,,,,,,,,,
112,15989,,,,,3.083979368209839,,,,,,,,,,,
112,15999,,,,,2.840081214904785,,,,,,,,,,,
112,16009,,,,,3.0882022380828857,,,,,,,,,,,
112,16019,,,,,2.659687042236328,,,,,,,,,,,
112,16029,,,,,2.7529220581054688,,,,,,,,,,,
112,16039,,,,,2.896815061569214,,,,,,,,,,,
112,112,10.544720810324376,91.6923367970143,,,,,,,,,,,,,,
112,16045,,,,,,2.7691400051116943,,,,,,,,,,
113,16049,,,,,2.7412924766540527,,,,,,,,,,,
113,16059,,,,,2.4974968433380127,,,,,,,,,,,
113,16069,,,,,3.0525126457214355,,,,,,,,,,,
113,16079,,,,,2.5486083030700684,,,,,,,,,,,
113,16089,,,,,2.615347146987915,,,,,,,,,,,
113,16099,,,,,2.628387451171875,,,,,,,,,,,
113,16109,,,,,2.5417165756225586,,,,,,,,,,,
113,16119,,,,,2.86102557182312,,,,,,,,,,,
113,16129,,,,,2.716442823410034,,,,,,,,,,,
113,16139,,,,,2.7602083683013916,,,,,,,,,,,
113,16149,,,,,2.5198943614959717,,,,,,,,,,,
113,16159,,,,,2.7301058769226074,,,,,,,,,,,
113,16169,,,,,2.582507371902466,,,,,,,,,,,
113,16179,,,,,2.6566734313964844,,,,,,,,,,,
113,113,10.448247990100844,91.69951737436902,,,,,,,,,,,,,,
113,16187,,,,,,2.7587969303131104,,,,,,,,,,
114,16189,,,,,2.9971208572387695,,,,,,,,,,,
114,16199,,,,,2.5853002071380615,,,,,,,,,,,
114,16209,,,,,2.695819139480591,,,,,,,,,,,
114,16219,,,,,2.5323808193206787,,,,,,,,,,,
114,16229,,,,,3.0203022956848145,,,,,,,,,,,
114,16239,,,,,2.9768152236938477,,,,,,,,,,,
114,16249,,,,,2.857091188430786,,,,,,,,,,,
114,16259,,,,,2.90903377532959,,,,,,,,,,,
114,16269,,,,,2.6561312675476074,,,,,,,,,,,
114,16279,,,,,3.0612106323242188,,,,,,,,,,,
114,16289,,,,,2.466362714767456,,,,,,,,,,,
114,16299,,,,,2.7734363079071045,,,,,,,,,,,
114,16309,,,,,2.6853363513946533,,,,,,,,,,,
114,16319,,,,,2.9169883728027344,,,,,,,,,,,
114,16329,,,,,2.7940075397491455,,,,,,,,,,,
114,114,10.560166870042686,91.70694104797278,,,,,,,,,,,,,,
114,16329,,,,,,2.7583272457122803,,,,,,,,,,
115,16339,,,,,2.8627145290374756,,,,,,,,,,,
115,16349,,,,,2.9486894607543945,,,,,,,,,,,
115,16359,,,,,2.8169190883636475,,,,,,,,,,,
115,16369,,,,,2.3113296031951904,,,,,,,,,,,
115,16379,,,,,2.585779905319214,,,,,,,,,,,
115,16389,,,,,2.6566412448883057,,,,,,,,,,,
115,16399,,,,,2.8518240451812744,,,,,,,,,,,
115,16409,,,,,2.909491539001465,,,,,,,,,,,
115,16419,,,,,2.6771938800811768,,,,,,,,,,,
115,16429,,,,,2.686948299407959,,,,,,,,,,,
115,16439,,,,,2.5799217224121094,,,,,,,,,,,
115,16449,,,,,2.7560946941375732,,,,,,,,,,,
115,16459,,,,,2.9988789558410645,,,,,,,,,,,
115,16469,,,,,2.573519468307495,,,,,,,,,,,
115,115,11.826838885484197,91.71365796617798,,,,,,,,,,,,,,
115,16471,,,,,,2.744499683380127,,,,,,,,,,
116,16479,,,,,2.709975242614746,,,,,,,,,,,
116,16489,,,,,2.570815324783325,,,,,,,,,,,
116,16499,,,,,2.6042797565460205,,,,,,,,,,,
116,16509,,,,,2.6524899005889893,,,,,,,,,,,
116,16519,,,,,2.738903045654297,,,,,,,,,,,
116,16529,,,,,2.7917983531951904,,,,,,,,,,,
116,16539,,,,,2.762643575668335,,,,,,,,,,,
116,16549,,,,,2.4061295986175537,,,,,,,,,,,
116,16559,,,,,2.856175422668457,,,,,,,,,,,
116,16569,,,,,2.829134464263916,,,,,,,,,,,
116,16579,,,,,2.734487771987915,,,,,,,,,,,
116,16589,,,,,2.7319939136505127,,,,,,,,,,,
116,16599,,,,,2.82069993019104,,,,,,,,,,,
116,16609,,,,,3.048393487930298,,,,,,,,,,,
116,116,10.092775446297143,91.72097730940769,,,,,,,,,,,,,,
116,16613,,,,,,2.739645004272461,,,,,,,,,,
117,16619,,,,,2.843594789505005,,,,,,,,,,,
117,16629,,,,,2.629657506942749,,,,,,,,,,,
117,16639,,,,,2.277787446975708,,,,,,,,,,,
117,16649,,,,,2.4100699424743652,,,,,,,,,,,
117,16659,,,,,2.8747873306274414,,,,,,,,,,,
117,16669,,,,,2.8345844745635986,,,,,,,,,,,
117,16679,,,,,2.555468797683716,,,,,,,,,,,
117,16689,,,,,2.6616978645324707,,,,,,,,,,,
117,16699,,,,,2.611875534057617,,,,,,,,,,,
117,16709,,,,,2.4916322231292725,,,,,,,,,,,
117,16719,,,,,2.640873908996582,,,,,,,,,,,
117,16729,,,,,2.6029045581817627,,,,,,,,,,,
117,16739,,,,,2.681074380874634,,,,,,,,,,,
117,16749,,,,,2.708449125289917,,,,,,,,,,,
117,117,10.823088360185944,91.728350398826,,,,,,,,,,,,,,
117,16755,,,,,,2.7312510013580322,,,,,,,,,,
118,16759,,,,,2.928346872329712,,,,,,,,,,,
118,16769,,,,,3.0635805130004883,,,,,,,,,,,
118,16779,,,,,2.866877317428589,,,,,,,,,,,
118,16789,,,,,2.926621437072754,,,,,,,,,,,
118,16799,,,,,2.7341768741607666,,,,,,,,,,,
118,16809,,,,,2.9431722164154053,,,,,,,,,,,
118,16819,,,,,3.015631914138794,,,,,,,,,,,
118,16829,,,,,2.6327197551727295,,,,,,,,,,,
118,16839,,,,,2.711296558380127,,,,,,,,,,,
118,16849,,,,,2.954408884048462,,,,,,,,,,,
118,16859,,,,,2.9773902893066406,,,,,,,,,,,
118,16869,,,,,2.5791563987731934,,,,,,,,,,,
118,16879,,,,,2.6285958290100098,,,,,,,,,,,
118,16889,,,,,2.9367971420288086,,,,,,,,,,,
118,118,10.636846202976953,91.73576265248535,,,,,,,,,,,,,,
118,16897,,,,,,2.7225139141082764,,,,,,,,,,
119,16899,,,,,2.5952248573303223,,,,,,,,,,,
119,16909,,,,,2.341609239578247,,,,,,,,,,,
119,16919,,,,,2.840496778488159,,,,,,,,,,,
119,16929,,,,,2.7055909633636475,,,,,,,,,,,
119,16939,,,,,2.5919029712677,,,,,,,,,,,
119,16949,,,,,2.6882688999176025,,,,,,,,,,,
119,16959,,,,,2.951631784439087,,,,,,,,,,,
119,16969,,,,,2.8163084983825684,,,,,,,,,,,
119,16979,,,,,2.8651084899902344,,,,,,,,,,,
119,16989,,,,,2.7747650146484375,,,,,,,,,,,
119,16999,,,,,2.684837579727173,,,,,,,,,,,
119,17009,,,,,2.999089241027832,,,,,,,,,,,
119,17019,,,,,2.6711888313293457,,,,,,,,,,,
119,17029,,,,,3.006558656692505,,,,,,,,,,,
119,17039,,,,,2.525907278060913,,,,,,,,,,,
119,119,,,0.92376309633255,0.14250802993774414,,,2.4974812396784185,0.25991010665893555,,0.8534801006317139,,0.11335533857345581,,3.07908586458284,,0.1935524195432663
119,17039,,,,,,,,,0.8534801006317139,,0.11335533857345581,,3.0790860652923584,,0.1935524195432663,
119,119,10.383347459479062,91.74343942159214,,,,,,,,,,,,,,
119,17039,,,,,,2.7136423587799072,,,,,,,,,,
120,17049,,,,,2.6612517833709717,,,,,,,,,,,
120,17059,,,,,3.07560396194458,,,,,,,,,,,
120,17069,,,,,3.0099968910217285,,,,,,,,,,,
120,17079,,,,,2.906736373901367,,,,,,,,,,,
120,17089,,,,,2.651660442352295,,,,,,,,,,,
120,17099,,,,,2.573330879211426,,,,,,,,,,,
120,17109,,,,,2.542477607727051,,,,,,,,,,,
120,17119,,,,,2.832595109939575,,,,,,,,,,,
120,17129,,,,,2.6803202629089355,,,,,,,,,,,
120,17139,,,,,2.776566505432129,,,,,,,,,,,
120,17149,,,,,2.7014389038085938,,,,,,,,,,,
120,17159,,,,,2.7592320442199707,,,,,,,,,,,
120,17169,,,,,3.0453126430511475,,,,,,,,,,,
120,17179,,,,,2.6889238357543945,,,,,,,,,,,
120,120,11.096411953484354,91.75089249586725,,,,,,,,,,,,,,
120,17181,,,,,,2.7060022354125977,,,,,,,,,,
121,17189,,,,,2.8505022525787354,,,,,,,,,,,
121,17199,,,,,2.9031291007995605,,,,,,,,,,,
121,17209,,,,,2.7898290157318115,,,,,,,,,,,
121,17219,,,,,2.5264389514923096,,,,,,,,,,,
121,17229,,,,,2.6173577308654785,,,,,,,,,,,
121,17239,,,,,2.5334839820861816,,,,,,,,,,,
121,17249,,,,,2.8083627223968506,,,,,,,,,,,
121,17259,,,,,2.519036293029785,,,,,,,,,,,
121,17269,,,,,2.9152157306671143,,,,,,,,,,,
121,17279,,,,,2.684192180633545,,,,,,,,,,,
121,17289,,,,,2.979959011077881,,,,,,,,,,,
121,17299,,,,,2.4336771965026855,,,,,,,,,,,
121,17309,,,,,2.4635825157165527,,,,,,,,,,,
121,17319,,,,,2.7744948863983154,,,,,,,,,,,
121,121,10.921562516532676,91.75738310484708,,,,,,,,,,,,,,
121,17323,,,,,,2.69973087310791,,,,,,,,,,
122,17329,,,,,2.6208784580230713,,,,,,,,,,,
122,17339,,,,,2.5047411918640137,,,,,,,,,,,
122,17349,,,,,2.9299254417419434,,,,,,,,,,,
122,17359,,,,,2.4497017860412598,,,,,,,,,,,
122,17369,,,,,2.420748710632324,,,,,,,,,,,
122,17379,,,,,2.378932476043701,,,,,,,,,,,
122,17389,,,,,2.660889148712158,,,,,,,,,,,
122,17399,,,,,2.5682034492492676,,,,,,,,,,,
122,17409,,,,,2.346911668777466,,,,,,,,,,,
122,17419,,,,,2.9834423065185547,,,,,,,,,,,
122,17429,,,,,2.8002920150756836,,,,,,,,,,,
122,17439,,,,,2.3629040718078613,,,,,,,,,,,
122,17449,,,,,2.7070534229278564,,,,,,,,,,,
122,17459,,,,,2.7484984397888184,,,,,,,,,,,
122,122,11.046921713256399,91.76532136523635,,,,,,,,,,,,,,
122,17465,,,,,,2.6907143592834473,,,,,,,,,,
123,17469,,,,,2.571368455886841,,,,,,,,,,,
123,17479,,,,,2.4711101055145264,,,,,,,,,,,
123,17489,,,,,2.4732038974761963,,,,,,,,,,,
123,17499,,,,,2.6965065002441406,,,,,,,,,,,
123,17509,,,,,2.908848285675049,,,,,,,,,,,
123,17519,,,,,2.746887683868408,,,,,,,,,,,
123,17529,,,,,2.5895214080810547,,,,,,,,,,,
123,17539,,,,,2.871725082397461,,,,,,,,,,,
123,17549,,,,,2.6718831062316895,,,,,,,,,,,
123,17559,,,,,2.5845742225646973,,,,,,,,,,,
123,17569,,,,,2.841310977935791,,,,,,,,,,,
123,17579,,,,,2.435116767883301,,,,,,,,,,,
123,17589,,,,,2.413224935531616,,,,,,,,,,,
123,17599,,,,,2.761082410812378,,,,,,,,,,,
123,123,10.558701191899702,91.77264163289477,,,,,,,,,,,,,,
123,17607,,,,,,2.68257999420166,,,,,,,,,,
124,17609,,,,,2.4912593364715576,,,,,,,,,,,
124,17619,,,,,2.762197256088257,,,,,,,,,,,
124,17629,,,,,2.526148796081543,,,,,,,,,,,
124,17639,,,,,2.5887160301208496,,,,,,,,,,,
124,17649,,,,,2.5562660694122314,,,,,,,,,,,
124,17659,,,,,2.576770067214966,,,,,,,,,,,
124,17669,,,,,3.057102680206299,,,,,,,,,,,
124,17679,,,,,2.7077205181121826,,,,,,,,,,,
124,17689,,,,,2.920384407043457,,,,,,,,,,,
124,17699,,,,,2.7189321517944336,,,,,,,,,,,
124,17709,,,,,2.905565023422241,,,,,,,,,,,
124,17719,,,,,2.761096715927124,,,,,,,,,,,
124,17729,,,,,2.805981397628784,,,,,,,,,,,
124,17739,,,,,2.8333346843719482,,,,,,,,,,,
124,17749,,,,,2.8358099460601807,,,,,,,,,,,
124,124,10.786024514320243,91.78014840178022,,,,,,,,,,,,,,
124,17749,,,,,,2.6779236793518066,,,,,,,,,,
125,17759,,,,,2.3598434925079346,,,,,,,,,,,
125,17769,,,,,2.6953158378601074,,,,,,,,,,,
125,17779,,,,,2.6072497367858887,,,,,,,,,,,
125,17789,,,,,2.878702402114868,,,,,,,,,,,
125,17799,,,,,2.561762571334839,,,,,,,,,,,
125,17809,,,,,2.846569776535034,,,,,,,,,,,
125,17819,,,,,2.762551784515381,,,,,,,,,,,
125,17829,,,,,2.6474106311798096,,,,,,,,,,,
125,17839,,,,,2.6956825256347656,,,,,,,,,,,
125,17849,,,,,2.701108694076538,,,,,,,,,,,
125,17859,,,,,2.580848217010498,,,,,,,,,,,
125,17869,,,,,2.7147886753082275,,,,,,,,,,,
125,17879,,,,,2.6858978271484375,,,,,,,,,,,
125,17889,,,,,2.9834978580474854,,,,,,,,,,,
125,125,11.334280478596032,91.7872559838834,,,,,,,,,,,,,,
125,17891,,,,,,2.665975570678711,,,,,,,,,,
126,17899,,,,,2.867330551147461,,,,,,,,,,,
126,17909,,,,,2.596935987472534,,,,,,,,,,,
126,17919,,,,,2.5422627925872803,,,,,,,,,,,
126,17929,,,,,2.3593010902404785,,,,,,,,,,,
126,17939,,,,,2.5556979179382324,,,,,,,,,,,
126,17949,,,,,2.609926700592041,,,,,,,,,,,
126,17959,,,,,2.7260382175445557,,,,,,,,,,,
126,17969,,,,,2.69142746925354,,,,,,,,,,,
126,17979,,,,,2.8426644802093506,,,,,,,,,,,
126,17989,,,,,2.5634407997131348,,,,,,,,,,,
126,17999,,,,,2.3239595890045166,,,,,,,,,,,
126,18009,,,,,2.4804909229278564,,,,,,,,,,,
126,18019,,,,,2.655193328857422,,,,,,,,,,,
126,18029,,,,,2.3785829544067383,,,,,,,,,,,
126,126,11.947464635233743,91.79408582130279,,,,,,,,,,,,,,
126,18033,,,,,,2.667166233062744,,,,,,,,,,
127,18039,,,,,2.611368417739868,,,,,,,,,,,
127,18049,,,,,2.7017648220062256,,,,,,,,,,,
127,18059,,,,,2.569624900817871,,,,,,,,,,,
127,18069,,,,,2.9743764400482178,,,,,,,,,,,
127,18079,,,,,2.7211415767669678,,,,,,,,,,,
127,18089,,,,,2.8131749629974365,,,,,,,,,,,
127,18099,,,,,2.864739418029785,,,,,,,,,,,
127,18109,,,,,2.5498695373535156,,,,,,,,,,,
127,18119,,,,,2.390345811843872,,,,,,,,,,,
127,18129,,,,,2.647336721420288,,,,,,,,,,,
127,18139,,,,,2.645101547241211,,,,,,,,,,,
127,18149,,,,,2.7998647689819336,,,,,,,,,,,
127,18159,,,,,2.73826003074646,,,,,,,,,,,
127,18169,,,,,2.6517558097839355,,,,,,,,,,,
127,127,12.7002341911535,91.80116834284668,,,,,,,,,,,,,,
127,18175,,,,,,2.6573522090911865,,,,,,,,,,
128,18179,,,,,2.62325382232666,,,,,,,,,,,
128,18189,,,,,2.887951612472534,,,,,,,,,,,
128,18199,,,,,2.7042148113250732,,,,,,,,,,,
128,18209,,,,,2.8384594917297363,,,,,,,,,,,
128,18219,,,,,2.151318073272705,,,,,,,,,,,
128,18229,,,,,2.71637225151062,,,,,,,,,,,
128,18239,,,,,2.787032127380371,,,,,,,,,,,
128,18249,,,,,2.759141683578491,,,,,,,,,,,
128,18259,,,,,2.6553902626037598,,,,,,,,,,,
128,18269,,,,,2.820507764816284,,,,,,,,,,,
128,18279,,,,,2.8663296699523926,,,,,,,,,,,
128,18289,,,,,3.0279481410980225,,,,,,,,,,,
128,18299,,,,,2.7490007877349854,,,,,,,,,,,
128,18309,,,,,2.7791097164154053,,,,,,,,,,,
128,128,12.708426878522152,91.80828146590682,,,,,,,,,,,,,,
128,18317,,,,,,2.6546292304992676,,,,,,,,,,
129,18319,,,,,2.665475368499756,,,,,,,,,,,
129,18329,,,,,2.6378085613250732,,,,,,,,,,,
129,18339,,,,,2.609790563583374,,,,,,,,,,,
129,18349,,,,,2.9781789779663086,,,,,,,,,,,
129,18359,,,,,2.637305498123169,,,,,,,,,,,
129,18369,,,,,2.705609083175659,,,,,,,,,,,
129,18379,,,,,2.6976840496063232,,,,,,,,,,,
129,18389,,,,,2.6508383750915527,,,,,,,,,,,
129,18399,,,,,2.502897024154663,,,,,,,,,,,
129,18409,,,,,2.9233763217926025,,,,,,,,,,,
129,18419,,,,,2.5087006092071533,,,,,,,,,,,
129,18429,,,,,2.758742332458496,,,,,,,,,,,
129,18439,,,,,2.6927430629730225,,,,,,,,,,,
129,18449,,,,,2.7385692596435547,,,,,,,,,,,
129,18459,,,,,2.715909481048584,,,,,,,,,,,
129,129,,,0.9318006634712219,0.15451639890670776,,,2.4367102689560554,0.27731505036354065,,0.8597511053085327,,0.118284210562706,,3.0814888270533816,,0.1995169073343277
129,18459,,,,,,,,,0.8597511053085327,,0.118284210562706,,3.081489086151123,,0.1995169073343277,
129,129,12.247607288610565,91.81539453636614,,,,,,,,,,,,,,
129,18459,,,,,,2.6424012184143066,,,,,,,,,,
130,18469,,,,,2.608182907104492,,,,,,,,,,,
130,18479,,,,,2.4671831130981445,,,,,,,,,,,
130,18489,,,,,2.7739498615264893,,,,,,,,,,,
130,18499,,,,,2.445807695388794,,,,,,,,,,,
130,18509,,,,,2.820558786392212,,,,,,,,,,,
130,18519,,,,,2.5248918533325195,,,,,,,,,,,
130,18529,,,,,2.5311293601989746,,,,,,,,,,,
130,18539,,,,,2.5534393787384033,,,,,,,,,,,
130,18549,,,,,2.407700538635254,,,,,,,,,,,
130,18559,,,,,2.5703845024108887,,,,,,,,,,,
130,18569,,,,,2.6893041133880615,,,,,,,,,,,
130,18579,,,,,2.594913959503174,,,,,,,,,,,
130,18589,,,,,2.609365463256836,,,,,,,,,,,
130,18599,,,,,2.583404064178467,,,,,,,,,,,
130,130,10.26452287686149,91.82328243156032,,,,,,,,,,,,,,
130,18601,,,,,,2.6362035274505615,,,,,,,,,,
131,18609,,,,,3.028564453125,,,,,,,,,,,
131,18619,,,,,2.5085785388946533,,,,,,,,,,,
131,18629,,,,,2.5993542671203613,,,,,,,,,,,
131,18639,,,,,2.3849828243255615,,,,,,,,,,,
131,18649,,,,,2.523815631866455,,,,,,,,,,,
131,18659,,,,,2.651285409927368,,,,,,,,,,,
131,18669,,,,,2.910710573196411,,,,,,,,,,,
131,18679,,,,,2.6474645137786865,,,,,,,,,,,
131,18689,,,,,2.450985908508301,,,,,,,,,,,
131,18699,,,,,2.8964040279388428,,,,,,,,,,,
131,18709,,,,,2.811051607131958,,,,,,,,,,,
131,18719,,,,,3.1254425048828125,,,,,,,,,,,
131,18729,,,,,2.77776837348938,,,,,,,,,,,
131,18739,,,,,2.6489553451538086,,,,,,,,,,,
131,131,13.726591319360846,91.83033235089958,,,,,,,,,,,,,,
131,18743,,,,,,2.628162384033203,,,,,,,,,,
132,18749,,,,,2.268209457397461,,,,,,,,,,,
132,18759,,,,,2.5728042125701904,,,,,,,,,,,
132,18769,,,,,2.79411244392395,,,,,,,,,,,
132,18779,,,,,2.5067596435546875,,,,,,,,,,,
132,18789,,,,,2.461764335632324,,,,,,,,,,,
132,18799,,,,,2.7565994262695312,,,,,,,,,,,
132,18809,,,,,2.356564998626709,,,,,,,,,,,
132,18819,,,,,2.3962953090667725,,,,,,,,,,,
132,18829,,,,,2.6625921726226807,,,,,,,,,,,
132,18839,,,,,2.8805816173553467,,,,,,,,,,,
132,18849,,,,,2.7146739959716797,,,,,,,,,,,
132,18859,,,,,2.281900644302368,,,,,,,,,,,
132,18869,,,,,2.578745126724243,,,,,,,,,,,
132,18879,,,,,2.6303677558898926,,,,,,,,,,,
132,132,11.635874951323677,91.83702070179879,,,,,,,,,,,,,,
132,18885,,,,,,2.6245760917663574,,,,,,,,,,
133,18889,,,,,2.7096011638641357,,,,,,,,,,,
133,18899,,,,,2.8039512634277344,,,,,,,,,,,
133,18909,,,,,2.6648478507995605,,,,,,,,,,,
133,18919,,,,,2.4245669841766357,,,,,,,,,,,
133,18929,,,,,2.6160616874694824,,,,,,,,,,,
133,18939,,,,,2.636568307876587,,,,,,,,,,,
133,18949,,,,,2.657283067703247,,,,,,,,,,,
133,18959,,,,,2.6976006031036377,,,,,,,,,,,
133,18969,,,,,2.420468807220459,,,,,,,,,,,
133,18979,,,,,2.810816526412964,,,,,,,,,,,
133,18989,,,,,2.8063392639160156,,,,,,,,,,,
133,18999,,,,,2.5152907371520996,,,,,,,,,,,
133,19009,,,,,2.509178638458252,,,,,,,,,,,
133,19019,,,,,2.410832405090332,,,,,,,,,,,
133,133,11.984582775764308,91.84467632305387,,,,,,,,,,,,,,
133,19027,,,,,,2.61334490776062,,,,,,,,,,
134,19029,,,,,2.8153231143951416,,,,,,,,,,,
134,19039,,,,,2.729966878890991,,,,,,,,,,,
134,19049,,,,,2.770922899246216,,,,,,,,,,,
134,19059,,,,,2.3360698223114014,,,,,,,,,,,
134,19069,,,,,2.478595018386841,,,,,,,,,,,
134,19079,,,,,2.913637399673462,,,,,,,,,,,
134,19089,,,,,2.6482794284820557,,,,,,,,,,,
134,19099,,,,,2.440995454788208,,,,,,,,,,,
134,19109,,,,,2.5088164806365967,,,,,,,,,,,
134,19119,,,,,2.8397209644317627,,,,,,,,,,,
134,19129,,,,,2.5285372734069824,,,,,,,,,,,
134,19139,,,,,2.680584669113159,,,,,,,,,,,
134,19149,,,,,2.4746694564819336,,,,,,,,,,,
134,19159,,,,,2.8197622299194336,,,,,,,,,,,
134,19169,,,,,3.0118680000305176,,,,,,,,,,,
134,134,13.757345318644072,91.85064870877211,,,,,,,,,,,,,,
134,19169,,,,,,2.616734743118286,,,,,,,,,,
135,19179,,,,,2.727864980697632,,,,,,,,,,,
135,19189,,,,,2.828242778778076,,,,,,,,,,,
135,19199,,,,,2.469059944152832,,,,,,,,,,,
135,19209,,,,,2.5676097869873047,,,,,,,,,,,
135,19219,,,,,2.696807861328125,,,,,,,,,,,
135,19229,,,,,2.539680242538452,,,,,,,,,,,
135,19239,,,,,2.5967984199523926,,,,,,,,,,,
135,19249,,,,,2.410349130630493,,,,,,,,,,,
135,19259,,,,,2.4430642127990723,,,,,,,,,,,
135,19269,,,,,2.5289223194122314,,,,,,,,,,,
135,19279,,,,,2.8019256591796875,,,,,,,,,,,
135,19289,,,,,2.476275682449341,,,,,,,,,,,
135,19299,,,,,2.4523398876190186,,,,,,,,,,,
135,19309,,,,,2.4506731033325195,,,,,,,,,,,
135,135,14.284793121259154,91.85835775400409,,,,,,,,,,,,,,
135,19311,,,,,,2.605593681335449,,,,,,,,,,
136,19319,,,,,2.652918577194214,,,,,,,,,,,
136,19329,,,,,2.6939468383789062,,,,,,,,,,,
136,19339,,,,,2.9789555072784424,,,,,,,,,,,
136,19349,,,,,2.422616720199585,,,,,,,,,,,
136,19359,,,,,2.413468360900879,,,,,,,,,,,
136,19369,,,,,2.3551857471466064,,,,,,,,,,,
136,19379,,,,,2.856412887573242,,,,,,,,,,,
136,19389,,,,,2.4767372608184814,,,,,,,,,,,
136,19399,,,,,2.6755926609039307,,,,,,,,,,,
136,19409,,,,,2.6149773597717285,,,,,,,,,,,
136,19419,,,,,2.965236186981201,,,,,,,,,,,
136,19429,,,,,2.5864336490631104,,,,,,,,,,,
136,19439,,,,,2.3705246448516846,,,,,,,,,,,
136,19449,,,,,2.5207419395446777,,,,,,,,,,,
136,136,11.829760128589346,91.86631644872308,,,,,,,,,,,,,,
136,19453,,,,,,2.5987625122070312,,,,,,,,,,
137,19459,,,,,2.664543390274048,,,,,,,,,,,
137,19469,,,,,2.4721999168395996,,,,,,,,,,,
137,19479,,,,,2.625728130340576,,,,,,,,,,,
137,19489,,,,,2.6105940341949463,,,,,,,,,,,
137,19499,,,,,2.6121044158935547,,,,,,,,,,,
137,19509,,,,,2.655552864074707,,,,,,,,,,,
137,19519,,,,,2.381788492202759,,,,,,,,,,,
137,19529,,,,,2.705991744995117,,,,,,,,,,,
137,19539,,,,,2.7688441276550293,,,,,,,,,,,
137,19549,,,,,2.324012517929077,,,,,,,,,,,
137,19559,,,,,2.5571646690368652,,,,,,,,,,,
137,19569,,,,,2.1695239543914795,,,,,,,,,,,
137,19579,,,,,2.426597833633423,,,,,,,,,,,
137,19589,,,,,2.793717861175537,,,,,,,,,,,
137,137,13.044033401907981,91.87392380022138,,,,,,,,,,,,,,
137,19595,,,,,,2.5886731147766113,,,,,,,,,,
138,19599,,,,,2.737455368041992,,,,,,,,,,,
138,19609,,,,,2.409597635269165,,,,,,,,,,,
138,19619,,,,,2.3872933387756348,,,,,,,,,,,
138,19629,,,,,2.689549207687378,,,,,,,,,,,
138,19639,,,,,2.6596202850341797,,,,,,,,,,,
138,19649,,,,,2.3993422985076904,,,,,,,,,,,
138,19659,,,,,2.279995918273926,,,,,,,,,,,
138,19669,,,,,2.6374495029449463,,,,,,,,,,,
138,19679,,,,,2.772817611694336,,,,,,,,,,,
138,19689,,,,,2.5748000144958496,,,,,,,,,,,
138,19699,,,,,2.2752456665039062,,,,,,,,,,,
138,19709,,,,,2.8353092670440674,,,,,,,,,,,
138,19719,,,,,2.496403217315674,,,,,,,,,,,
138,19729,,,,,2.827693462371826,,,,,,,,,,,
138,138,12.330192445165169,91.88102057291343,,,,,,,,,,,,,,
138,19737,,,,,,2.575289487838745,,,,,,,,,,
139,19739,,,,,2.8845601081848145,,,,,,,,,,,
139,19749,,,,,2.4573116302490234,,,,,,,,,,,
139,19759,,,,,2.5514955520629883,,,,,,,,,,,
139,19769,,,,,2.385653018951416,,,,,,,,,,,
139,19779,,,,,2.3471171855926514,,,,,,,,,,,
139,19789,,,,,2.306988477706909,,,,,,,,,,,
139,19799,,,,,2.295496702194214,,,,,,,,,,,
139,19809,,,,,2.8842782974243164,,,,,,,,,,,
139,19819,,,,,2.526719808578491,,,,,,,,,,,
139,19829,,,,,2.5435092449188232,,,,,,,,,,,
139,19839,,,,,2.6651089191436768,,,,,,,,,,,
139,19849,,,,,2.578206777572632,,,,,,,,,,,
139,19859,,,,,2.485156297683716,,,,,,,,,,,
139,19869,,,,,2.5671849250793457,,,,,,,,,,,
139,19879,,,,,2.6718034744262695,,,,,,,,,,,
139,139,,,0.9390496611595154,0.1647014021873474,,,2.381863764040357,0.2939465045928955,,0.8616666197776794,,0.12158588320016861,,3.1270216995356033,,0.20801158249378204
139,19879,,,,,,,,,0.8616666197776794,,0.12158588320016861,,3.127021551132202,,0.20801158249378204,
139,139,12.9884784124276,91.88801697979477,,,,,,,,,,,,,,
139,19879,,,,,,2.576385736465454,,,,,,,,,,
140,19889,,,,,2.6179518699645996,,,,,,,,,,,
140,19899,,,,,2.548112630844116,,,,,,,,,,,
140,19909,,,,,2.613722085952759,,,,,,,,,,,
140,19919,,,,,2.264620542526245,,,,,,,,,,,
140,19929,,,,,2.361311912536621,,,,,,,,,,,
140,19939,,,,,2.6545228958129883,,,,,,,,,,,
140,19949,,,,,2.5338358879089355,,,,,,,,,,,
140,19959,,,,,2.3579933643341064,,,,,,,,,,,
140,19969,,,,,2.6579668521881104,,,,,,,,,,,
140,19979,,,,,2.5761914253234863,,,,,,,,,,,
140,19989,,,,,2.4725112915039062,,,,,,,,,,,
140,19999,,,,,2.7064671516418457,,,,,,,,,,,
140,20009,,,,,2.710559129714966,,,,,,,,,,,
140,20019,,,,,2.5834765434265137,,,,,,,,,,,
140,140,12.94123936808923,91.89491572726558,,,,,,,,,,,,,,
140,20021,,,,,,2.570530414581299,,,,,,,,,,
141,20029,,,,,2.455409526824951,,,,,,,,,,,
141,20039,,,,,2.6395976543426514,,,,,,,,,,,
141,20049,,,,,2.1085498332977295,,,,,,,,,,,
141,20059,,,,,2.8436098098754883,,,,,,,,,,,
141,20069,,,,,2.4445583820343018,,,,,,,,,,,
141,20079,,,,,2.552980422973633,,,,,,,,,,,
141,20089,,,,,2.736755609512329,,,,,,,,,,,
141,20099,,,,,2.478358030319214,,,,,,,,,,,
141,20109,,,,,2.7529003620147705,,,,,,,,,,,
141,20119,,,,,2.6666581630706787,,,,,,,,,,,
141,20129,,,,,2.6747419834136963,,,,,,,,,,,
141,20139,,,,,2.4223132133483887,,,,,,,,,,,
141,20149,,,,,2.3556153774261475,,,,,,,,,,,
141,20159,,,,,2.6656582355499268,,,,,,,,,,,
141,141,11.996003193936929,91.90213700503776,,,,,,,,,,,,,,
141,20163,,,,,,2.5655930042266846,,,,,,,,,,
142,20169,,,,,2.6870219707489014,,,,,,,,,,,
142,20179,,,,,2.652114152908325,,,,,,,,,,,
142,20189,,,,,2.7042627334594727,,,,,,,,,,,
142,20199,,,,,2.3465843200683594,,,,,,,,,,,
142,20209,,,,,2.61270809173584,,,,,,,,,,,
142,20219,,,,,2.9507594108581543,,,,,,,,,,,
142,20229,,,,,2.433770179748535,,,,,,,,,,,
142,20239,,,,,2.562028646469116,,,,,,,,,,,
142,20249,,,,,2.103565216064453,,,,,,,,,,,
142,20259,,,,,2.522097110748291,,,,,,,,,,,
142,20269,,,,,2.677579879760742,,,,,,,,,,,
142,20279,,,,,2.529886245727539,,,,,,,,,,,
142,20289,,,,,2.4812169075012207,,,,,,,,,,,
142,20299,,,,,2.8236515522003174,,,,,,,,,,,
142,142,12.93739358378414,91.90950972606153,,,,,,,,,,,,,,
142,20305,,,,,,2.55208683013916,,,,,,,,,,
143,20309,,,,,2.562199115753174,,,,,,,,,,,
143,20319,,,,,2.6557841300964355,,,,,,,,,,,
143,20329,,,,,2.5795891284942627,,,,,,,,,,,
143,20339,,,,,2.5676519870758057,,,,,,,,,,,
143,20349,,,,,2.5788536071777344,,,,,,,,,,,
143,20359,,,,,2.3834919929504395,,,,,,,,,,,
143,20369,,,,,2.707899808883667,,,,,,,,,,,
143,20379,,,,,2.413909912109375,,,,,,,,,,,
143,20389,,,,,2.410449266433716,,,,,,,,,,,
143,20399,,,,,2.532726764678955,,,,,,,,,,,
143,20409,,,,,2.4179556369781494,,,,,,,,,,,
143,20419,,,,,2.1786482334136963,,,,,,,,,,,
143,20429,,,,,2.5613884925842285,,,,,,,,,,,
143,20439,,,,,2.5610949993133545,,,,,,,,,,,
143,143,11.352005870618143,91.91655203661215,,,,,,,,,,,,,,
143,20447,,,,,,2.5534794330596924,,,,,,,,,,
144,20449,,,,,2.2536063194274902,,,,,,,,,,,
144,20459,,,,,2.690166473388672,,,,,,,,,,,
144,20469,,,,,2.571598529815674,,,,,,,,,,,
144,20479,,,,,2.4579641819000244,,,,,,,,,,,
144,20489,,,,,2.6751251220703125,,,,,,,,,,,
144,20499,,,,,2.788400411605835,,,,,,,,,,,
144,20509,,,,,2.2388358116149902,,,,,,,,,,,
144,20519,,,,,2.790822744369507,,,,,,,,,,,
144,20529,,,,,2.6544249057769775,,,,,,,,,,,
144,20539,,,,,2.7669479846954346,,,,,,,,,,,
144,20549,,,,,2.598071575164795,,,,,,,,,,,
144,20559,,,,,2.274811029434204,,,,,,,,,,,
144,20569,,,,,2.5249719619750977,,,,,,,,,,,
144,20579,,,,,2.729931354522705,,,,,,,,,,,
144,20589,,,,,2.574723720550537,,,,,,,,,,,
144,144,12.435868150533361,91.92383261783829,,,,,,,,,,,,,,
144,20589,,,,,,2.5453267097473145,,,,,,,,,,
145,20599,,,,,2.647274971008301,,,,,,,,,,,
145,20609,,,,,2.643712043762207,,,,,,,,,,,
145,20619,,,,,2.5290815830230713,,,,,,,,,,,
145,20629,,,,,2.1713762283325195,,,,,,,,,,,
145,20639,,,,,2.4039714336395264,,,,,,,,,,,
145,20649,,,,,2.4927685260772705,,,,,,,,,,,
145,20659,,,,,2.663959264755249,,,,,,,,,,,
145,20669,,,,,2.692633628845215,,,,,,,,,,,
145,20679,,,,,2.607506036758423,,,,,,,,,,,
145,20689,,,,,2.5906825065612793,,,,,,,,,,,
145,20699,,,,,2.675175189971924,,,,,,,,,,,
145,20709,,,,,3.012033700942993,,,,,,,,,,,
145,20719,,,,,2.5895559787750244,,,,,,,,,,,
145,20729,,,,,2.545788049697876,,,,,,,,,,,
145,145,12.28985909017899,91.9307860194246,,,,,,,,,,,,,,
145,20731,,,,,,2.537541151046753,,,,,,,,,,
146,20739,,,,,2.5390102863311768,,,,,,,,,,,
146,20749,,,,,2.4694173336029053,,,,,,,,,,,
146,20759,,,,,2.5307199954986572,,,,,,,,,,,
146,20769,,,,,2.238157272338867,,,,,,,,,,,
146,20779,,,,,2.4148221015930176,,,,,,,,,,,
146,20789,,,,,2.341625690460205,,,,,,,,,,,
146,20799,,,,,2.545854330062866,,,,,,,,,,,
146,20809,,,,,2.6133601665496826,,,,,,,,,,,
146,20819,,,,,2.7042927742004395,,,,,,,,,,,
146,20829,,,,,2.6168596744537354,,,,,,,,,,,
146,20839,,,,,2.7076592445373535,,,,,,,,,,,
146,20849,,,,,2.4228780269622803,,,,,,,,,,,
146,20859,,,,,2.7787394523620605,,,,,,,,,,,
146,20869,,,,,2.118786096572876,,,,,,,,,,,
146,146,11.504730721813178,91.93816855955647,,,,,,,,,,,,,,
146,20873,,,,,,2.5317671298980713,,,,,,,,,,
147,20879,,,,,2.665117025375366,,,,,,,,,,,
147,20889,,,,,2.5265591144561768,,,,,,,,,,,
147,20899,,,,,2.7505266666412354,,,,,,,,,,,
147,20909,,,,,2.4180612564086914,,,,,,,,,,,
147,20919,,,,,2.428422451019287,,,,,,,,,,,
147,20929,,,,,2.7692580223083496,,,,,,,,,,,
147,20939,,,,,2.2744247913360596,,,,,,,,,,,
147,20949,,,,,2.23820161819458,,,,,,,,,,,
147,20959,,,,,2.4446868896484375,,,,,,,,,,,
147,20969,,,,,2.6322667598724365,,,,,,,,,,,
147,20979,,,,,2.51454496383667,,,,,,,,,,,
147,20989,,,,,2.6541850566864014,,,,,,,,,,,
147,20999,,,,,2.387814521789551,,,,,,,,,,,
147,21009,,,,,2.650261402130127,,,,,,,,,,,
147,147,13.220021318861708,91.94560382907208,,,,,,,,,,,,,,
147,21015,,,,,,2.528534173965454,,,,,,,,,,
148,21019,,,,,2.5750017166137695,,,,,,,,,,,
148,21029,,,,,2.386368751525879,,,,,,,,,,,
148,21039,,,,,2.259514331817627,,,,,,,,,,,
148,21049,,,,,2.667711019515991,,,,,,,,,,,
148,21059,,,,,2.644420623779297,,,,,,,,,,,
148,21069,,,,,2.9202020168304443,,,,,,,,,,,
148,21079,,,,,2.751373767852783,,,,,,,,,,,
148,21089,,,,,2.5157394409179688,,,,,,,,,,,
148,21099,,,,,2.484102487564087,,,,,,,,,,,
148,21109,,,,,2.2106716632843018,,,,,,,,,,,
148,21119,,,,,2.578965187072754,,,,,,,,,,,
148,21129,,,,,2.640763282775879,,,,,,,,,,,
148,21139,,,,,2.6234991550445557,,,,,,,,,,,
148,21149,,,,,2.571195363998413,,,,,,,,,,,
148,148,13.158247180373847,91.95301028809985,,,,,,,,,,,,,,
148,21157,,,,,,2.521939754486084,,,,,,,,,,
149,21159,,,,,2.8551506996154785,,,,,,,,,,,
149,21169,,,,,2.3007683753967285,,,,,,,,,,,
149,21179,,,,,2.7079875469207764,,,,,,,,,,,
149,21189,,,,,2.1575915813446045,,,,,,,,,,,
149,21199,,,,,2.559932231903076,,,,,,,,,,,
149,21209,,,,,2.3561458587646484,,,,,,,,,,,
149,21219,,,,,2.158524513244629,,,,,,,,,,,
149,21229,,,,,2.50994873046875,,,,,,,,,,,
149,21239,,,,,2.5107061862945557,,,,,,,,,,,
149,21249,,,,,2.488856554031372,,,,,,,,,,,
149,21259,,,,,2.059086799621582,,,,,,,,,,,
149,21269,,,,,2.3528120517730713,,,,,,,,,,,
149,21279,,,,,2.532975912094116,,,,,,,,,,,
149,21289,,,,,2.2730112075805664,,,,,,,,,,,
149,21299,,,,,2.722064733505249,,,,,,,,,,,
149,149,,,0.9435452222824097,0.18146392703056335,,,2.3055339880145076,0.3105738162994385,,0.8688643574714661,,0.1352907121181488,,3.069153049466561,,0.21083785593509674
149,21299,,,,,,,,,0.8688643574714661,,0.1352907121181488,,3.069152593612671,,0.21083785593509674,
149,149,11.790636314920556,91.96023424968998,,,,,,,,,,,,,,
149,21299,,,,,,2.50850772857666,,,,,,,,,,
150,21309,,,,,2.4112184047698975,,,,,,,,,,,
150,21319,,,,,2.8021578788757324,,,,,,,,,,,
150,21329,,,,,2.989431381225586,,,,,,,,,,,
150,21339,,,,,2.708878755569458,,,,,,,,,,,
150,21349,,,,,2.474884033203125,,,,,,,,,,,
150,21359,,,,,2.6358063220977783,,,,,,,,,,,
150,21369,,,,,2.508082389831543,,,,,,,,,,,
150,21379,,,,,2.500544309616089,,,,,,,,,,,
150,21389,,,,,2.4138195514678955,,,,,,,,,,,
150,21399,,,,,2.5541129112243652,,,,,,,,,,,
150,21409,,,,,2.5873513221740723,,,,,,,,,,,
150,21419,,,,,2.2849667072296143,,,,,,,,,,,
150,21429,,,,,2.633288860321045,,,,,,,,,,,
150,21439,,,,,2.488330125808716,,,,,,,,,,,
150,150,12.821605845048278,91.9676800495936,,,,,,,,,,,,,,
150,21441,,,,,,2.5074105262756348,,,,,,,,,,
151,21449,,,,,2.4913699626922607,,,,,,,,,,,
151,21459,,,,,2.678981304168701,,,,,,,,,,,
151,21469,,,,,2.234480142593384,,,,,,,,,,,
151,21479,,,,,2.653225898742676,,,,,,,,,,,
151,21489,,,,,2.279162645339966,,,,,,,,,,,
151,21499,,,,,2.688857316970825,,,,,,,,,,,
151,21509,,,,,2.6194119453430176,,,,,,,,,,,
151,21519,,,,,2.423725128173828,,,,,,,,,,,
151,21529,,,,,2.4535303115844727,,,,,,,,,,,
151,21539,,,,,2.37747859954834,,,,,,,,,,,
151,21549,,,,,2.3311562538146973,,,,,,,,,,,
151,21559,,,,,2.595059871673584,,,,,,,,,,,
151,21569,,,,,2.288367986679077,,,,,,,,,,,
151,21579,,,,,2.471379041671753,,,,,,,,,,,
151,151,13.229164483007125,91.9744372303085,,,,,,,,,,,,,,
151,21583,,,,,,2.499338150024414,,,,,,,,,,
152,21589,,,,,2.504211664199829,,,,,,,,,,,
152,21599,,,,,2.547442674636841,,,,,,,,,,,
152,21609,,,,,2.7341864109039307,,,,,,,,,,,
152,21619,,,,,2.439119577407837,,,,,,,,,,,
152,21629,,,,,2.796142578125,,,,,,,,,,,
152,21639,,,,,2.294673204421997,,,,,,,,,,,
152,21649,,,,,2.91186785697937,,,,,,,,,,,
152,21659,,,,,2.2648415565490723,,,,,,,,,,,
152,21669,,,,,2.5035312175750732,,,,,,,,,,,
152,21679,,,,,2.485276937484741,,,,,,,,,,,
152,21689,,,,,2.3335537910461426,,,,,,,,,,,
152,21699,,,,,2.620734214782715,,,,,,,,,,,
152,21709,,,,,2.7259600162506104,,,,,,,,,,,
152,21719,,,,,2.4784491062164307,,,,,,,,,,,
152,152,12.16149614204828,91.98214042106103,,,,,,,,,,,,,,
152,21725,,,,,,2.494161367416382,,,,,,,,,,
153,21729,,,,,2.4988107681274414,,,,,,,,,,,
153,21739,,,,,2.739729881286621,,,,,,,,,,,
153,21749,,,,,2.407956600189209,,,,,,,,,,,
153,21759,,,,,2.5121676921844482,,,,,,,,,,,
153,21769,,,,,2.731048583984375,,,,,,,,,,,
153,21779,,,,,2.589219331741333,,,,,,,,,,,
153,21789,,,,,2.309988260269165,,,,,,,,,,,
153,21799,,,,,2.411607503890991,,,,,,,,,,,
153,21809,,,,,2.734362840652466,,,,,,,,,,,
153,21819,,,,,2.5216493606567383,,,,,,,,,,,
153,21829,,,,,2.5121400356292725,,,,,,,,,,,
153,21839,,,,,2.39894437789917,,,,,,,,,,,
153,21849,,,,,2.7399446964263916,,,,,,,,,,,
153,21859,,,,,2.462263345718384,,,,,,,,,,,
153,153,12.893435277313616,91.98901162839603,,,,,,,,,,,,,,
153,21867,,,,,,2.4872539043426514,,,,,,,,,,
154,21869,,,,,2.382664918899536,,,,,,,,,,,
154,21879,,,,,2.335439920425415,,,,,,,,,,,
154,21889,,,,,2.3762004375457764,,,,,,,,,,,
154,21899,,,,,2.2541091442108154,,,,,,,,,,,
154,21909,,,,,2.5434935092926025,,,,,,,,,,,
154,21919,,,,,2.482215166091919,,,,,,,,,,,
154,21929,,,,,2.461550712585449,,,,,,,,,,,
154,21939,,,,,2.2167153358459473,,,,,,,,,,,
154,21949,,,,,2.363222360610962,,,,,,,,,,,
154,21959,,,,,2.367408037185669,,,,,,,,,,,
154,21969,,,,,2.439417839050293,,,,,,,,,,,
154,21979,,,,,2.510211944580078,,,,,,,,,,,
154,21989,,,,,2.31809139251709,,,,,,,,,,,
154,21999,,,,,2.4705779552459717,,,,,,,,,,,
154,22009,,,,,2.5076632499694824,,,,,,,,,,,
154,154,13.115810501581405,91.99624126376295,,,,,,,,,,,,,,
154,22009,,,,,,2.4845869541168213,,,,,,,,,,
155,22019,,,,,2.3307316303253174,,,,,,,,,,,
155,22029,,,,,2.588002920150757,,,,,,,,,,,
155,22039,,,,,2.4941041469573975,,,,,,,,,,,
155,22049,,,,,2.35659122467041,,,,,,,,,,,
155,22059,,,,,2.512071371078491,,,,,,,,,,,
155,22069,,,,,2.7383272647857666,,,,,,,,,,,
155,22079,,,,,2.4390487670898438,,,,,,,,,,,
155,22089,,,,,2.403252363204956,,,,,,,,,,,
155,22099,,,,,2.359295606613159,,,,,,,,,,,
155,22109,,,,,2.8273589611053467,,,,,,,,,,,
155,22119,,,,,2.8132176399230957,,,,,,,,,,,
155,22129,,,,,2.8208372592926025,,,,,,,,,,,
155,22139,,,,,2.4928205013275146,,,,,,,,,,,
155,22149,,,,,2.349684715270996,,,,,,,,,,,
155,155,12.586517860042388,92.00323215071498,,,,,,,,,,,,,,
155,22151,,,,,,2.469325065612793,,,,,,,,,,
156,22159,,,,,2.5329442024230957,,,,,,,,,,,
156,22169,,,,,2.6498827934265137,,,,,,,,,,,
156,22179,,,,,2.2813005447387695,,,,,,,,,,,
156,22189,,,,,2.3008065223693848,,,,,,,,,,,
156,22199,,,,,2.305094003677368,,,,,,,,,,,
156,22209,,,,,2.7421510219573975,,,,,,,,,,,
156,22219,,,,,2.4672329425811768,,,,,,,,,,,
156,22229,,,,,2.6898016929626465,,,,,,,,,,,
156,22239,,,,,2.5161826610565186,,,,,,,,,,,
156,22249,,,,,2.339507579803467,,,,,,,,,,,
156,22259,,,,,2.259383201599121,,,,,,,,,,,
156,22269,,,,,2.2724292278289795,,,,,,,,,,,
156,22279,,,,,2.231078624725342,,,,,,,,,,,
156,22289,,,,,2.6965646743774414,,,,,,,,,,,
156,156,11.000886922894649,92.01062625672336,,,,,,,,,,,,,,
156,22293,,,,,,2.464388608932495,,,,,,,,,,
157,22299,,,,,2.5965068340301514,,,,,,,,,,,
157,22309,,,,,2.6087214946746826,,,,,,,,,,,
157,22319,,,,,2.59401535987854,,,,,,,,,,,
157,22329,,,,,2.59763240814209,,,,,,,,,,,
157,22339,,,,,2.5526649951934814,,,,,,,,,,,
157,22349,,,,,2.6012563705444336,,,,,,,,,,,
157,22359,,,,,2.605800151824951,,,,,,,,,,,
157,22369,,,,,2.485548734664917,,,,,,,,,,,
157,22379,,,,,2.7096879482269287,,,,,,,,,,,
157,22389,,,,,2.5554864406585693,,,,,,,,,,,
157,22399,,,,,2.36110258102417,,,,,,,,,,,
157,22409,,,,,1.995938777923584,,,,,,,,,,,
157,22419,,,,,2.4088921546936035,,,,,,,,,,,
157,22429,,,,,2.420663595199585,,,,,,,,,,,
157,157,13.659124456124012,92.018267324081,,,,,,,,,,,,,,
157,22435,,,,,,2.462549924850464,,,,,,,,,,
158,22439,,,,,2.507683277130127,,,,,,,,,,,
158,22449,,,,,2.551555633544922,,,,,,,,,,,
158,22459,,,,,2.383881092071533,,,,,,,,,,,
158,22469,,,,,2.630873441696167,,,,,,,,,,,
158,22479,,,,,2.615396022796631,,,,,,,,,,,
158,22489,,,,,2.445613145828247,,,,,,,,,,,
158,22499,,,,,2.491889715194702,,,,,,,,,,,
158,22509,,,,,2.380786895751953,,,,,,,,,,,
158,22519,,,,,2.3123369216918945,,,,,,,,,,,
158,22529,,,,,2.7604823112487793,,,,,,,,,,,
158,22539,,,,,2.50136661529541,,,,,,,,,,,
158,22549,,,,,2.2903802394866943,,,,,,,,,,,
158,22559,,,,,2.2284963130950928,,,,,,,,,,,
158,22569,,,,,2.5328593254089355,,,,,,,,,,,
158,158,11.915533039649382,92.02502439563007,,,,,,,,,,,,,,
158,22577,,,,,,2.450066328048706,,,,,,,,,,
159,22579,,,,,2.3814446926116943,,,,,,,,,,,
159,22589,,,,,2.0217463970184326,,,,,,,,,,,
159,22599,,,,,2.1753320693969727,,,,,,,,,,,
159,22609,,,,,2.1816763877868652,,,,,,,,,,,
159,22619,,,,,2.7371058464050293,,,,,,,,,,,
159,22629,,,,,2.4629898071289062,,,,,,,,,,,
159,22639,,,,,2.430173397064209,,,,,,,,,,,
159,22649,,,,,2.3875153064727783,,,,,,,,,,,
159,22659,,,,,2.2617573738098145,,,,,,,,,,,
159,22669,,,,,2.317688465118408,,,,,,,,,,,
159,22679,,,,,2.522717237472534,,,,,,,,,,,
159,22689,,,,,2.3819899559020996,,,,,,,,,,,
159,22699,,,,,2.410961627960205,,,,,,,,,,,
159,22709,,,,,2.38723087310791,,,,,,,,,,,
159,22719,,,,,2.6740267276763916,,,,,,,,,,,
159,159,,,0.9483863711357117,0.1881624013185501,,,2.2498294082117116,0.3257717788219452,,0.8714905977249146,,0.1364467293024063,,3.0802595627551175,,0.21424371004104614
159,22719,,,,,,,,,0.8714905977249146,,0.1364467293024063,,3.0802600383758545,,0.21424371004104614,
159,159,14.608233882183217,92.03214240649862,,,,,,,,,,,,,,
159,22719,,,,,,2.4518542289733887,,,,,,,,,,
160,22729,,,,,2.399258613586426,,,,,,,,,,,
160,22739,,,,,2.063337564468384,,,,,,,,,,,
160,22749,,,,,2.3196446895599365,,,,,,,,,,,
160,22759,,,,,2.3442304134368896,,,,,,,,,,,
160,22769,,,,,2.3491456508636475,,,,,,,,,,,
160,22779,,,,,2.4093523025512695,,,,,,,,,,,
160,22789,,,,,2.5434536933898926,,,,,,,,,,,
160,22799,,,,,2.7922680377960205,,,,,,,,,,,
160,22809,,,,,2.9112389087677,,,,,,,,,,,
160,22819,,,,,2.502807855606079,,,,,,,,,,,
160,22829,,,,,2.3488028049468994,,,,,,,,,,,
160,22839,,,,,2.282224655151367,,,,,,,,,,,
160,22849,,,,,2.5649046897888184,,,,,,,,,,,
160,22859,,,,,2.4736762046813965,,,,,,,,,,,
160,160,13.67887212223518,92.03901949243124,,,,,,,,,,,,,,
160,22861,,,,,,2.44347882270813,,,,,,,,,,
161,22869,,,,,2.4256367683410645,,,,,,,,,,,
161,22879,,,,,2.57765793800354,,,,,,,,,,,
161,22889,,,,,2.37186861038208,,,,,,,,,,,
161,22899,,,,,2.313263177871704,,,,,,,,,,,
161,22909,,,,,2.3750154972076416,,,,,,,,,,,
161,22919,,,,,2.5409910678863525,,,,,,,,,,,
161,22929,,,,,2.324504852294922,,,,,,,,,,,
161,22939,,,,,2.581186056137085,,,,,,,,,,,
161,22949,,,,,2.622523069381714,,,,,,,,,,,
161,22959,,,,,2.254842519760132,,,,,,,,,,,
161,22969,,,,,2.2629003524780273,,,,,,,,,,,
161,22979,,,,,2.680370330810547,,,,,,,,,,,
161,22989,,,,,2.2782084941864014,,,,,,,,,,,
161,22999,,,,,2.4882283210754395,,,,,,,,,,,
161,161,13.004422991153643,92.04594620834165,,,,,,,,,,,,,,
161,23003,,,,,,2.4377894401550293,,,,,,,,,,
162,23009,,,,,2.1286211013793945,,,,,,,,,,,
162,23019,,,,,2.342745065689087,,,,,,,,,,,
162,23029,,,,,2.5178685188293457,,,,,,,,,,,
162,23039,,,,,2.40488600730896,,,,,,,,,,,
162,23049,,,,,2.5308737754821777,,,,,,,,,,,
162,23059,,,,,2.361008405685425,,,,,,,,,,,
162,23069,,,,,2.5679173469543457,,,,,,,,,,,
162,23079,,,,,2.232952117919922,,,,,,,,,,,
162,23089,,,,,2.317707061767578,,,,,,,,,,,
162,23099,,,,,2.5945489406585693,,,,,,,,,,,
162,23109,,,,,2.3207290172576904,,,,,,,,,,,
162,23119,,,,,2.275397777557373,,,,,,,,,,,
162,23129,,,,,2.703721761703491,,,,,,,,,,,
162,23139,,,,,2.604222059249878,,,,,,,,,,,
162,162,14.121048391775561,92.05319557388948,,,,,,,,,,,,,,
162,23145,,,,,,2.4267404079437256,,,,,,,,,,
163,23149,,,,,2.547024726867676,,,,,,,,,,,
163,23159,,,,,2.444551706314087,,,,,,,,,,,
163,23169,,,,,2.3914361000061035,,,,,,,,,,,
163,23179,,,,,2.6803500652313232,,,,,,,,,,,
163,23189,,,,,2.5036063194274902,,,,,,,,,,,
163,23199,,,,,2.498018741607666,,,,,,,,,,,
163,23209,,,,,2.2901573181152344,,,,,,,,,,,
163,23219,,,,,2.13134765625,,,,,,,,,,,
163,23229,,,,,2.3693230152130127,,,,,,,,,,,
163,23239,,,,,2.310117244720459,,,,,,,,,,,
163,23249,,,,,2.434920310974121,,,,,,,,,,,
163,23259,,,,,2.4255316257476807,,,,,,,,,,,
163,23269,,,,,2.1261770725250244,,,,,,,,,,,
163,23279,,,,,2.6126091480255127,,,,,,,,,,,
163,163,11.853569529098865,92.06060075896123,,,,,,,,,,,,,,
163,23287,,,,,,2.423945903778076,,,,,,,,,,
164,23289,,,,,2.534367084503174,,,,,,,,,,,
164,23299,,,,,2.3268673419952393,,,,,,,,,,,
164,23309,,,,,2.0824801921844482,,,,,,,,,,,
164,23319,,,,,2.308131694793701,,,,,,,,,,,
164,23329,,,,,2.384659767150879,,,,,,,,,,,
164,23339,,,,,2.2559444904327393,,,,,,,,,,,
164,23349,,,,,2.5088093280792236,,,,,,,,,,,
164,23359,,,,,2.447420835494995,,,,,,,,,,,
164,23369,,,,,2.5209929943084717,,,,,,,,,,,
164,23379,,,,,2.4960293769836426,,,,,,,,,,,
164,23389,,,,,2.334749460220337,,,,,,,,,,,
164,23399,,,,,2.3232524394989014,,,,,,,,,,,
164,23409,,,,,2.729443311691284,,,,,,,,,,,
164,23419,,,,,2.565230369567871,,,,,,,,,,,
164,23429,,,,,2.8575122356414795,,,,,,,,,,,
164,164,14.368794100238995,92.0680132807614,,,,,,,,,,,,,,
164,23429,,,,,,2.416325330734253,,,,,,,,,,
165,23439,,,,,2.3320152759552,,,,,,,,,,,
165,23449,,,,,2.5300216674804688,,,,,,,,,,,
165,23459,,,,,2.323540210723877,,,,,,,,,,,
165,23469,,,,,2.4144787788391113,,,,,,,,,,,
165,23479,,,,,2.6805367469787598,,,,,,,,,,,
165,23489,,,,,2.1352930068969727,,,,,,,,,,,
165,23499,,,,,2.6899218559265137,,,,,,,,,,,
165,23509,,,,,2.4585864543914795,,,,,,,,,,,
165,23519,,,,,2.400355339050293,,,,,,,,,,,
165,23529,,,,,2.188549041748047,,,,,,,,,,,
165,23539,,,,,2.7581593990325928,,,,,,,,,,,
165,23549,,,,,2.5784707069396973,,,,,,,,,,,
165,23559,,,,,2.5147790908813477,,,,,,,,,,,
165,23569,,,,,2.41555118560791,,,,,,,,,,,
165,165,12.593760079836562,92.07559253857889,,,,,,,,,,,,,,
165,23571,,,,,,2.4143409729003906,,,,,,,,,,
166,23579,,,,,2.227994680404663,,,,,,,,,,,
166,23589,,,,,2.216524839401245,,,,,,,,,,,
166,23599,,,,,2.3410189151763916,,,,,,,,,,,
166,23609,,,,,2.332838773727417,,,,,,,,,,,
166,23619,,,,,2.383481502532959,,,,,,,,,,,
166,23629,,,,,2.3429839611053467,,,,,,,,,,,
166,23639,,,,,2.4888975620269775,,,,,,,,,,,
166,23649,,,,,2.217603921890259,,,,,,,,,,,
166,23659,,,,,2.3811869621276855,,,,,,,,,,,
166,23669,,,,,2.4203577041625977,,,,,,,,,,,
166,23679,,,,,2.397143840789795,,,,,,,,,,,
166,23689,,,,,2.929107189178467,,,,,,,,,,,
166,23699,,,,,2.6349406242370605,,,,,,,,,,,
166,23709,,,,,2.3477160930633545,,,,,,,,,,,
166,166,13.886158760927705,92.08279197494535,,,,,,,,,,,,,,
166,23713,,,,,,2.4069936275482178,,,,,,,,,,
167,23719,,,,,2.495388984680176,,,,,,,,,,,
167,23729,,,,,2.645139217376709,,,,,,,,,,,
167,23739,,,,,2.3166322708129883,,,,,,,,,,,
167,23749,,,,,2.360142230987549,,,,,,,,,,,
167,23759,,,,,2.505141258239746,,,,,,,,,,,
167,23769,,,,,2.392749071121216,,,,,,,,,,,
167,23779,,,,,2.197943687438965,,,,,,,,,,,
167,23789,,,,,2.2939934730529785,,,,,,,,,,,
167,23799,,,,,2.182389259338379,,,,,,,,,,,
167,23809,,,,,2.431741952896118,,,,,,,,,,,
167,23819,,,,,2.5016841888427734,,,,,,,,,,,
167,23829,,,,,2.1872613430023193,,,,,,,,,,,
167,23839,,,,,2.8395779132843018,,,,,,,,,,,
167,23849,,,,,2.5255937576293945,,,,,,,,,,,
167,167,13.46360737949882,92.08993682098587,,,,,,,,,,,,,,
167,23855,,,,,,2.400665760040283,,,,,,,,,,
168,23859,,,,,2.6088266372680664,,,,,,,,,,,
168,23869,,,,,2.5047688484191895,,,,,,,,,,,
168,23879,,,,,2.2857556343078613,,,,,,,,,,,
168,23889,,,,,2.4912195205688477,,,,,,,,,,,
168,23899,,,,,2.2362723350524902,,,,,,,,,,,
168,23909,,,,,2.231248378753662,,,,,,,,,,,
168,23919,,,,,2.126553535461426,,,,,,,,,,,
168,23929,,,,,2.417283296585083,,,,,,,,,,,
168,23939,,,,,2.0736083984375,,,,,,,,,,,
168,23949,,,,,2.4515583515167236,,,,,,,,,,,
168,23959,,,,,2.8965768814086914,,,,,,,,,,,
168,23969,,,,,2.458482265472412,,,,,,,,,,,
168,23979,,,,,2.824402332305908,,,,,,,,,,,
168,23989,,,,,2.278601884841919,,,,,,,,,,,
168,168,11.570532383010988,92.09760692726815,,,,,,,,,,,,,,
168,23997,,,,,,2.3917691707611084,,,,,,,,,,
169,23999,,,,,2.527054786682129,,,,,,,,,,,
169,24009,,,,,2.4875667095184326,,,,,,,,,,,
169,24019,,,,,2.464014768600464,,,,,,,,,,,
169,24029,,,,,2.4835402965545654,,,,,,,,,,,
169,24039,,,,,2.2792460918426514,,,,,,,,,,,
169,24049,,,,,2.7338767051696777,,,,,,,,,,,
169,24059,,,,,2.5428333282470703,,,,,,,,,,,
169,24069,,,,,2.2417523860931396,,,,,,,,,,,
169,24079,,,,,2.214287042617798,,,,,,,,,,,
169,24089,,,,,2.584674596786499,,,,,,,,,,,
169,24099,,,,,2.0648000240325928,,,,,,,,,,,
169,24109,,,,,2.5616583824157715,,,,,,,,,,,
169,24119,,,,,2.1702775955200195,,,,,,,,,,,
169,24129,,,,,2.2030622959136963,,,,,,,,,,,
169,24139,,,,,2.6557443141937256,,,,,,,,,,,
169,169,,,0.9533225893974304,0.20969419181346893,,,2.1703377283692444,0.345712810754776,,0.875432550907135,,0.1454855501651764,,3.0636133524228115,,0.22074267268180847
169,24139,,,,,,,,,0.875432550907135,,0.1454855501651764,,3.0636136531829834,,0.22074267268180847,
169,169,14.242104252971513,92.10466165162397,,,,,,,,,,,,,,
169,24139,,,,,,2.388763427734375,,,,,,,,,,
170,24149,,,,,2.253690242767334,,,,,,,,,,,
170,24159,,,,,2.4045424461364746,,,,,,,,,,,
170,24169,,,,,2.306978464126587,,,,,,,,,,,
170,24179,,,,,2.298516273498535,,,,,,,,,,,
170,24189,,,,,2.3371779918670654,,,,,,,,,,,
170,24199,,,,,2.414057493209839,,,,,,,,,,,
170,24209,,,,,2.4614739418029785,,,,,,,,,,,
170,24219,,,,,2.4184703826904297,,,,,,,,,,,
170,24229,,,,,2.4414308071136475,,,,,,,,,,,
170,24239,,,,,2.2108845710754395,,,,,,,,,,,
170,24249,,,,,2.5795886516571045,,,,,,,,,,,
170,24259,,,,,2.1056909561157227,,,,,,,,,,,
170,24269,,,,,2.4533908367156982,,,,,,,,,,,
170,24279,,,,,2.338009834289551,,,,,,,,,,,
170,170,13.119956141172798,92.11167452730116,,,,,,,,,,,,,,
170,24281,,,,,,2.381476640701294,,,,,,,,,,
171,24289,,,,,2.7607457637786865,,,,,,,,,,,
171,24299,,,,,2.176382064819336,,,,,,,,,,,
171,24309,,,,,2.3648085594177246,,,,,,,,,,,
171,24319,,,,,2.0263967514038086,,,,,,,,,,,
171,24329,,,,,2.032728910446167,,,,,,,,,,,
171,24339,,,,,2.4781863689422607,,,,,,,,,,,
171,24349,,,,,2.4458258152008057,,,,,,,,,,,
171,24359,,,,,2.5182080268859863,,,,,,,,,,,
171,24369,,,,,2.2732090950012207,,,,,,,,,,,
171,24379,,,,,2.3443846702575684,,,,,,,,,,,
171,24389,,,,,2.3202497959136963,,,,,,,,,,,
171,24399,,,,,2.417686939239502,,,,,,,,,,,
171,24409,,,,,2.3098034858703613,,,,,,,,,,,
171,24419,,,,,2.366323709487915,,,,,,,,,,,
171,171,13.818045434167,92.11924438096841,,,,,,,,,,,,,,
171,24423,,,,,,2.3703551292419434,,,,,,,,,,
172,24429,,,,,2.1965880393981934,,,,,,,,,,,
172,24439,,,,,2.2258498668670654,,,,,,,,,,,
172,24449,,,,,2.4127676486968994,,,,,,,,,,,
172,24459,,,,,2.371997594833374,,,,,,,,,,,
172,24469,,,,,2.3856289386749268,,,,,,,,,,,
172,24479,,,,,2.259460210800171,,,,,,,,,,,
172,24489,,,,,2.3839097023010254,,,,,,,,,,,
172,24499,,,,,2.0182852745056152,,,,,,,,,,,
172,24509,,,,,2.1530275344848633,,,,,,,,,,,
172,24519,,,,,2.324174404144287,,,,,,,,,,,
172,24529,,,,,2.4724066257476807,,,,,,,,,,,
172,24539,,,,,2.3526251316070557,,,,,,,,,,,
172,24549,,,,,2.547125816345215,,,,,,,,,,,
172,24559,,,,,2.536989450454712,,,,,,,,,,,
172,172,16.208764882752583,92.12648722594349,,,,,,,,,,,,,,
172,24565,,,,,,2.3725860118865967,,,,,,,,,,
173,24569,,,,,2.2320690155029297,,,,,,,,,,,
173,24579,,,,,2.2981908321380615,,,,,,,,,,,
173,24589,,,,,2.5575902462005615,,,,,,,,,,,
173,24599,,,,,2.0832388401031494,,,,,,,,,,,
173,24609,,,,,2.5624709129333496,,,,,,,,,,,
173,24619,,,,,2.3114116191864014,,,,,,,,,,,
173,24629,,,,,2.419539451599121,,,,,,,,,,,
173,24639,,,,,2.294022560119629,,,,,,,,,,,
173,24649,,,,,2.150341033935547,,,,,,,,,,,
173,24659,,,,,2.282466173171997,,,,,,,,,,,
173,24669,,,,,2.3871819972991943,,,,,,,,,,,
173,24679,,,,,2.359711170196533,,,,,,,,,,,
173,24689,,,,,2.4436070919036865,,,,,,,,,,,
173,24699,,,,,2.5205562114715576,,,,,,,,,,,
173,173,12.544111311730697,92.13342612968627,,,,,,,,,,,,,,
173,24707,,,,,,2.368150234222412,,,,,,,,,,
174,24709,,,,,2.5946054458618164,,,,,,,,,,,
174,24719,,,,,2.3861842155456543,,,,,,,,,,,
174,24729,,,,,2.532320261001587,,,,,,,,,,,
174,24739,,,,,2.432295083999634,,,,,,,,,,,
174,24749,,,,,2.4074199199676514,,,,,,,,,,,
174,24759,,,,,2.408656120300293,,,,,,,,,,,
174,24769,,,,,2.37766432762146,,,,,,,,,,,
174,24779,,,,,2.216266393661499,,,,,,,,,,,
174,24789,,,,,2.6693050861358643,,,,,,,,,,,
174,24799,,,,,2.563352346420288,,,,,,,,,,,
174,24809,,,,,2.177912950515747,,,,,,,,,,,
174,24819,,,,,2.3874871730804443,,,,,,,,,,,
174,24829,,,,,2.603806734085083,,,,,,,,,,,
174,24839,,,,,2.0330071449279785,,,,,,,,,,,
174,24849,,,,,2.353184461593628,,,,,,,,,,,
174,174,13.494956117445104,92.14072355014811,,,,,,,,,,,,,,
174,24849,,,,,,2.3588180541992188,,,,,,,,,,
175,24859,,,,,2.197160243988037,,,,,,,,,,,
175,24869,,,,,2.0978643894195557,,,,,,,,,,,
175,24879,,,,,2.3874168395996094,,,,,,,,,,,
175,24889,,,,,2.3402304649353027,,,,,,,,,,,
175,24899,,,,,2.2642385959625244,,,,,,,,,,,
175,24909,,,,,2.0735340118408203,,,,,,,,,,,
175,24919,,,,,2.314140796661377,,,,,,,,,,,
175,24929,,,,,2.235053062438965,,,,,,,,,,,
175,24939,,,,,2.406501293182373,,,,,,,,,,,
175,24949,,,,,1.9574782848358154,,,,,,,,,,,
175,24959,,,,,2.4058077335357666,,,,,,,,,,,
175,24969,,,,,2.461212396621704,,,,,,,,,,,
175,24979,,,,,2.186350107192993,,,,,,,,,,,
175,24989,,,,,2.2526230812072754,,,,,,,,,,,
175,175,12.846646479723374,92.14812050374302,,,,,,,,,,,,,,
175,24991,,,,,,2.355480670928955,,,,,,,,,,
176,24999,,,,,2.202336072921753,,,,,,,,,,,
176,25009,,,,,2.3232262134552,,,,,,,,,,,
176,25019,,,,,2.366957664489746,,,,,,,,,,,
176,25029,,,,,2.544947862625122,,,,,,,,,,,
176,25039,,,,,2.1679654121398926,,,,,,,,,,,
176,25049,,,,,2.206663131713867,,,,,,,,,,,
176,25059,,,,,1.9466608762741089,,,,,,,,,,,
176,25069,,,,,2.3989453315734863,,,,,,,,,,,
176,25079,,,,,2.543172836303711,,,,,,,,,,,
176,25089,,,,,2.3835196495056152,,,,,,,,,,,
176,25099,,,,,2.481931686401367,,,,,,,,,,,
176,25109,,,,,2.328155517578125,,,,,,,,,,,
176,25119,,,,,2.370384693145752,,,,,,,,,,,
176,25129,,,,,2.3609628677368164,,,,,,,,,,,
176,176,14.058393282326588,92.15518811003723,,,,,,,,,,,,,,
176,25133,,,,,,2.343639850616455,,,,,,,,,,
177,25139,,,,,2.2866392135620117,,,,,,,,,,,
177,25149,,,,,2.716897487640381,,,,,,,,,,,
177,25159,,,,,2.329946517944336,,,,,,,,,,,
177,25169,,,,,2.139676809310913,,,,,,,,,,,
177,25179,,,,,2.4495906829833984,,,,,,,,,,,
177,25189,,,,,2.365476131439209,,,,,,,,,,,
177,25199,,,,,2.350428819656372,,,,,,,,,,,
177,25209,,,,,2.312722682952881,,,,,,,,,,,
177,25219,,,,,2.0923776626586914,,,,,,,,,,,
177,25229,,,,,2.562553882598877,,,,,,,,,,,
177,25239,,,,,2.442943811416626,,,,,,,,,,,
177,25249,,,,,2.2635583877563477,,,,,,,,,,,
177,25259,,,,,2.2387335300445557,,,,,,,,,,,
177,25269,,,,,2.461559772491455,,,,,,,,,,,
177,177,14.185723906183147,92.16153977073276,,,,,,,,,,,,,,
177,25275,,,,,,2.3449957370758057,,,,,,,,,,
178,25279,,,,,2.0942487716674805,,,,,,,,,,,
178,25289,,,,,2.0253593921661377,,,,,,,,,,,
178,25299,,,,,2.768956184387207,,,,,,,,,,,
178,25309,,,,,2.3237624168395996,,,,,,,,,,,
178,25319,,,,,2.1406140327453613,,,,,,,,,,,
178,25329,,,,,2.6352334022521973,,,,,,,,,,,
178,25339,,,,,2.383751392364502,,,,,,,,,,,
178,25349,,,,,2.560452461242676,,,,,,,,,,,
178,25359,,,,,2.344043731689453,,,,,,,,,,,
178,25369,,,,,2.0629351139068604,,,,,,,,,,,
178,25379,,,,,2.2436485290527344,,,,,,,,,,,
178,25389,,,,,2.4170217514038086,,,,,,,,,,,
178,25399,,,,,2.426335334777832,,,,,,,,,,,
178,25409,,,,,2.4832420349121094,,,,,,,,,,,
178,178,15.106136723896473,92.16892648548072,,,,,,,,,,,,,,
178,25417,,,,,,2.337601661682129,,,,,,,,,,
179,25419,,,,,2.5649538040161133,,,,,,,,,,,
179,25429,,,,,2.0648176670074463,,,,,,,,,,,
179,25439,,,,,2.506972074508667,,,,,,,,,,,
179,25449,,,,,2.271169900894165,,,,,,,,,,,
179,25459,,,,,2.431403875350952,,,,,,,,,,,
179,25469,,,,,2.4948763847351074,,,,,,,,,,,
179,25479,,,,,2.2022552490234375,,,,,,,,,,,
179,25489,,,,,2.2274086475372314,,,,,,,,,,,
179,25499,,,,,2.3372604846954346,,,,,,,,,,,
179,25509,,,,,2.1710493564605713,,,,,,,,,,,
179,25519,,,,,2.521327495574951,,,,,,,,,,,
179,25529,,,,,2.124485492706299,,,,,,,,,,,
179,25539,,,,,2.544268846511841,,,,,,,,,,,
179,25549,,,,,2.2790465354919434,,,,,,,,,,,
179,25559,,,,,2.153026819229126,,,,,,,,,,,
179,179,,,0.9574955701828003,0.21562716364860535,,,2.1052235927588545,0.364125519990921,,0.8764469623565674,,0.14618325233459473,,3.0852952155531668,,0.22858920693397522
179,25559,,,,,,,,,0.8764469623565674,,0.14618325233459473,,3.0852949619293213,,0.22858920693397522,
179,179,14.040428140598923,92.17586913828559,,,,,,,,,,,,,,
179,25559,,,,,,2.332899332046509,,,,,,,,,,
180,25569,,,,,2.2549078464508057,,,,,,,,,,,
180,25579,,,,,2.4857418537139893,,,,,,,,,,,
180,25589,,,,,2.25675368309021,,,,,,,,,,,
180,25599,,,,,2.394634962081909,,,,,,,,,,,
180,25609,,,,,2.12601900100708,,,,,,,,,,,
180,25619,,,,,2.283151149749756,,,,,,,,,,,
180,25629,,,,,2.3725624084472656,,,,,,,,,,,
180,25639,,,,,2.0618834495544434,,,,,,,,,,,
180,25649,,,,,2.388582229614258,,,,,,,,,,,
180,25659,,,,,2.3473427295684814,,,,,,,,,,,
180,25669,,,,,2.1596810817718506,,,,,,,,,,,
180,25679,,,,,2.410454273223877,,,,,,,,,,,
180,25689,,,,,2.1758720874786377,,,,,,,,,,,
180,25699,,,,,2.1993651390075684,,,,,,,,,,,
180,180,15.619634241966956,92.18360486896529,,,,,,,,,,,,,,
180,25701,,,,,,2.325305223464966,,,,,,,,,,
181,25709,,,,,2.098785161972046,,,,,,,,,,,
181,25719,,,,,2.384855031967163,,,,,,,,,,,
181,25729,,,,,2.4098315238952637,,,,,,,,,,,
181,25739,,,,,2.3937392234802246,,,,,,,,,,,
181,25749,,,,,2.409318208694458,,,,,,,,,,,
181,25759,,,,,2.2274179458618164,,,,,,,,,,,
181,25769,,,,,2.2062628269195557,,,,,,,,,,,
181,25779,,,,,2.5630955696105957,,,,,,,,,,,
181,25789,,,,,2.054330587387085,,,,,,,,,,,
181,25799,,,,,2.379892587661743,,,,,,,,,,,
181,25809,,,,,2.4578616619110107,,,,,,,,,,,
181,25819,,,,,2.178420066833496,,,,,,,,,,,
181,25829,,,,,2.2048513889312744,,,,,,,,,,,
181,25839,,,,,2.5409083366394043,,,,,,,,,,,
181,181,13.158876130201742,92.19045809666653,,,,,,,,,,,,,,
181,25843,,,,,,2.319777250289917,,,,,,,,,,
182,25849,,,,,1.894378662109375,,,,,,,,,,,
182,25859,,,,,2.411377429962158,,,,,,,,,,,
182,25869,,,,,2.2888426780700684,,,,,,,,,,,
182,25879,,,,,2.1804823875427246,,,,,,,,,,,
182,25889,,,,,2.350464344024658,,,,,,,,,,,
182,25899,,,,,2.423295736312866,,,,,,,,,,,
182,25909,,,,,2.0748250484466553,,,,,,,,,,,
182,25919,,,,,2.1655077934265137,,,,,,,,,,,
182,25929,,,,,2.233856201171875,,,,,,,,,,,
182,25939,,,,,2.086611032485962,,,,,,,,,,,
182,25949,,,,,2.3055593967437744,,,,,,,,,,,
182,25959,,,,,2.4816689491271973,,,,,,,,,,,
182,25969,,,,,2.5325160026550293,,,,,,,,,,,
182,25979,,,,,2.148651123046875,,,,,,,,,,,
182,182,15.980341610918355,92.19775761158871,,,,,,,,,,,,,,
182,25985,,,,,,2.3237485885620117,,,,,,,,,,
183,25989,,,,,2.4069981575012207,,,,,,,,,,,
183,25999,,,,,2.0804407596588135,,,,,,,,,,,
183,26009,,,,,2.3394203186035156,,,,,,,,,,,
183,26019,,,,,2.4503426551818848,,,,,,,,,,,
183,26029,,,,,2.253737211227417,,,,,,,,,,,
183,26039,,,,,2.1312079429626465,,,,,,,,,,,
183,26049,,,,,2.244961738586426,,,,,,,,,,,
183,26059,,,,,1.806497573852539,,,,,,,,,,,
183,26069,,,,,2.363818645477295,,,,,,,,,,,
183,26079,,,,,2.2570204734802246,,,,,,,,,,,
183,26089,,,,,2.693493366241455,,,,,,,,,,,
183,26099,,,,,2.2472176551818848,,,,,,,,,,,
183,26109,,,,,2.336170196533203,,,,,,,,,,,
183,26119,,,,,2.0541553497314453,,,,,,,,,,,
183,183,12.52716303407133,92.20509857314575,,,,,,,,,,,,,,
183,26127,,,,,,2.3137590885162354,,,,,,,,,,
184,26129,,,,,2.0597755908966064,,,,,,,,,,,
184,26139,,,,,2.319070339202881,,,,,,,,,,,
184,26149,,,,,2.246565103530884,,,,,,,,,,,
184,26159,,,,,2.5031447410583496,,,,,,,,,,,
184,26169,,,,,2.0534231662750244,,,,,,,,,,,
184,26179,,,,,2.478602647781372,,,,,,,,,,,
184,26189,,,,,1.960267186164856,,,,,,,,,,,
184,26199,,,,,2.480333089828491,,,,,,,,,,,
184,26209,,,,,2.296637773513794,,,,,,,,,,,
184,26219,,,,,2.287348508834839,,,,,,,,,,,
184,26229,,,,,2.253810167312622,,,,,,,,,,,
184,26239,,,,,2.3235023021698,,,,,,,,,,,
184,26249,,,,,1.9647430181503296,,,,,,,,,,,
184,26259,,,,,2.2357308864593506,,,,,,,,,,,
184,26269,,,,,2.334214925765991,,,,,,,,,,,
184,184,12.895730375656267,92.21212896667755,,,,,,,,,,,,,,
184,26269,,,,,,2.300114870071411,,,,,,,,,,
185,26279,,,,,2.2311551570892334,,,,,,,,,,,
185,26289,,,,,2.252526044845581,,,,,,,,,,,
185,26299,,,,,2.315199136734009,,,,,,,,,,,
185,26309,,,,,2.4159553050994873,,,,,,,,,,,
185,26319,,,,,2.2885472774505615,,,,,,,,,,,
185,26329,,,,,2.3070168495178223,,,,,,,,,,,
185,26339,,,,,2.6050097942352295,,,,,,,,,,,
185,26349,,,,,2.363628387451172,,,,,,,,,,,
185,26359,,,,,2.2803523540496826,,,,,,,,,,,
185,26369,,,,,2.398721933364868,,,,,,,,,,,
185,26379,,,,,2.152127981185913,,,,,,,,,,,
185,26389,,,,,2.484053611755371,,,,,,,,,,,
185,26399,,,,,2.1810803413391113,,,,,,,,,,,
185,26409,,,,,2.5830116271972656,,,,,,,,,,,
185,185,14.505597060827823,92.21944006188974,,,,,,,,,,,,,,
185,26411,,,,,,2.295027256011963,,,,,,,,,,
186,26419,,,,,2.148799180984497,,,,,,,,,,,
186,26429,,,,,2.643913745880127,,,,,,,,,,,
186,26439,,,,,2.4221200942993164,,,,,,,,,,,
186,26449,,,,,2.0855183601379395,,,,,,,,,,,
186,26459,,,,,2.524247884750366,,,,,,,,,,,
186,26469,,,,,2.20882248878479,,,,,,,,,,,
186,26479,,,,,2.09159779548645,,,,,,,,,,,
186,26489,,,,,2.1286520957946777,,,,,,,,,,,
186,26499,,,,,2.224733829498291,,,,,,,,,,,
186,26509,,,,,2.463149309158325,,,,,,,,,,,
186,26519,,,,,2.315692901611328,,,,,,,,,,,
186,26529,,,,,2.43796968460083,,,,,,,,,,,
186,26539,,,,,2.074754476547241,,,,,,,,,,,
186,26549,,,,,2.3564987182617188,,,,,,,,,,,
186,186,14.921299515490613,92.2265141792024,,,,,,,,,,,,,,
186,26553,,,,,,2.294630289077759,,,,,,,,,,
187,26559,,,,,2.446333408355713,,,,,,,,,,,
187,26569,,,,,2.2227840423583984,,,,,,,,,,,
187,26579,,,,,2.2881717681884766,,,,,,,,,,,
187,26589,,,,,2.2522244453430176,,,,,,,,,,,
187,26599,,,,,2.070441484451294,,,,,,,,,,,
187,26609,,,,,2.260890245437622,,,,,,,,,,,
187,26619,,,,,2.3976616859436035,,,,,,,,,,,
187,26629,,,,,2.458650827407837,,,,,,,,,,,
187,26639,,,,,2.5225043296813965,,,,,,,,,,,
187,26649,,,,,2.197625160217285,,,,,,,,,,,
187,26659,,,,,2.508228302001953,,,,,,,,,,,
187,26669,,,,,2.2376108169555664,,,,,,,,,,,
187,26679,,,,,2.5063319206237793,,,,,,,,,,,
187,26689,,,,,2.2230160236358643,,,,,,,,,,,
187,187,15.339034596937042,92.23401379289932,,,,,,,,,,,,,,
187,26695,,,,,,2.2878150939941406,,,,,,,,,,
188,26699,,,,,2.1404073238372803,,,,,,,,,,,
188,26709,,,,,2.1844418048858643,,,,,,,,,,,
188,26719,,,,,2.227581739425659,,,,,,,,,,,
188,26729,,,,,2.4688398838043213,,,,,,,,,,,
188,26739,,,,,1.9296869039535522,,,,,,,,,,,
188,26749,,,,,1.9855620861053467,,,,,,,,,,,
188,26759,,,,,2.3512277603149414,,,,,,,,,,,
188,26769,,,,,2.4692327976226807,,,,,,,,,,,
188,26779,,,,,2.3594212532043457,,,,,,,,,,,
188,26789,,,,,2.382880449295044,,,,,,,,,,,
188,26799,,,,,2.3413259983062744,,,,,,,,,,,
188,26809,,,,,2.1517343521118164,,,,,,,,,,,
188,26819,,,,,2.006182909011841,,,,,,,,,,,
188,26829,,,,,2.3065333366394043,,,,,,,,,,,
188,188,15.274922503038805,92.24176010660365,,,,,,,,,,,,,,
188,26837,,,,,,2.278818130493164,,,,,,,,,,
189,26839,,,,,2.4135661125183105,,,,,,,,,,,
189,26849,,,,,2.3151297569274902,,,,,,,,,,,
189,26859,,,,,2.013838768005371,,,,,,,,,,,
189,26869,,,,,2.3518712520599365,,,,,,,,,,,
189,26879,,,,,2.3486080169677734,,,,,,,,,,,
189,26889,,,,,2.1758501529693604,,,,,,,,,,,
189,26899,,,,,2.389573097229004,,,,,,,,,,,
189,26909,,,,,2.2656548023223877,,,,,,,,,,,
189,26919,,,,,2.0789244174957275,,,,,,,,,,,
189,26929,,,,,2.4040472507476807,,,,,,,,,,,
189,26939,,,,,2.110107898712158,,,,,,,,,,,
189,26949,,,,,2.0473365783691406,,,,,,,,,,,
189,26959,,,,,2.304349422454834,,,,,,,,,,,
189,26969,,,,,2.340026617050171,,,,,,,,,,,
189,26979,,,,,2.371201753616333,,,,,,,,,,,
189,189,,,0.9604350328445435,0.23327989876270294,,,2.082810362208236,0.3772437274456024,,0.8761561512947083,,0.15301740169525146,,3.1491387614182065,,0.2257327288389206
189,26979,,,,,,,,,0.8761561512947083,,0.15301740169525146,,3.149139165878296,,0.2257327288389206,
189,189,13.930925756003967,92.24963667144078,,,,,,,,,,,,,,
189,26979,,,,,,2.2737154960632324,,,,,,,,,,
190,26989,,,,,2.333385467529297,,,,,,,,,,,
190,26999,,,,,2.300518035888672,,,,,,,,,,,
190,27009,,,,,2.2723171710968018,,,,,,,,,,,
190,27019,,,,,2.380845785140991,,,,,,,,,,,
190,27029,,,,,2.056107521057129,,,,,,,,,,,
190,27039,,,,,2.0271551609039307,,,,,,,,,,,
190,27049,,,,,2.1967122554779053,,,,,,,,,,,
190,27059,,,,,2.6722984313964844,,,,,,,,,,,
190,27069,,,,,2.011077404022217,,,,,,,,,,,
190,27079,,,,,2.281679630279541,,,,,,,,,,,
190,27089,,,,,2.213982343673706,,,,,,,,,,,
190,27099,,,,,2.1514012813568115,,,,,,,,,,,
190,27109,,,,,2.3740875720977783,,,,,,,,,,,
190,27119,,,,,2.0910251140594482,,,,,,,,,,,
190,190,13.828974920507482,92.2569674675554,,,,,,,,,,,,,,
190,27121,,,,,,2.2709686756134033,,,,,,,,,,
191,27129,,,,,2.1814045906066895,,,,,,,,,,,
191,27139,,,,,2.3188869953155518,,,,,,,,,,,
191,27149,,,,,2.286184072494507,,,,,,,,,,,
191,27159,,,,,2.1431381702423096,,,,,,,,,,,
191,27169,,,,,2.322178840637207,,,,,,,,,,,
191,27179,,,,,2.197751998901367,,,,,,,,,,,
191,27189,,,,,2.15362811088562,,,,,,,,,,,
191,27199,,,,,2.3362720012664795,,,,,,,,,,,
191,27209,,,,,2.6374592781066895,,,,,,,,,,,
191,27219,,,,,1.9666372537612915,,,,,,,,,,,
191,27229,,,,,2.0131542682647705,,,,,,,,,,,
191,27239,,,,,2.1680874824523926,,,,,,,,,,,
191,27249,,,,,2.016266345977783,,,,,,,,,,,
191,27259,,,,,2.2684848308563232,,,,,,,,,,,
191,191,14.127366185160179,92.26374785659864,,,,,,,,,,,,,,
191,27263,,,,,,2.2679219245910645,,,,,,,,,,
192,27269,,,,,2.3881514072418213,,,,,,,,,,,
192,27279,,,,,1.9723279476165771,,,,,,,,,,,
192,27289,,,,,2.3564906120300293,,,,,,,,,,,
192,27299,,,,,2.132617950439453,,,,,,,,,,,
192,27309,,,,,2.326093912124634,,,,,,,,,,,
192,27319,,,,,2.2230987548828125,,,,,,,,,,,
192,27329,,,,,2.7774674892425537,,,,,,,,,,,
192,27339,,,,,2.2964375019073486,,,,,,,,,,,
192,27349,,,,,2.230776071548462,,,,,,,,,,,
192,27359,,,,,2.128425359725952,,,,,,,,,,,
192,27369,,,,,2.42620849609375,,,,,,,,,,,
192,27379,,,,,2.2809865474700928,,,,,,,,,,,
192,27389,,,,,2.3594107627868652,,,,,,,,,,,
192,27399,,,,,2.384129524230957,,,,,,,,,,,
192,192,16.94770547968574,92.27098987713761,,,,,,,,,,,,,,
192,27405,,,,,,2.259514093399048,,,,,,,,,,
193,27409,,,,,2.1743953227996826,,,,,,,,,,,
193,27419,,,,,2.1877591609954834,,,,,,,,,,,
193,27429,,,,,2.2292640209198,,,,,,,,,,,
193,27439,,,,,2.023864984512329,,,,,,,,,,,
193,27449,,,,,2.1495652198791504,,,,,,,,,,,
193,27459,,,,,1.997332215309143,,,,,,,,,,,
193,27469,,,,,2.2807400226593018,,,,,,,,,,,
193,27479,,,,,2.5841407775878906,,,,,,,,,,,
193,27489,,,,,1.95736563205719,,,,,,,,,,,
193,27499,,,,,2.4268746376037598,,,,,,,,,,,
193,27509,,,,,2.7576119899749756,,,,,,,,,,,
193,27519,,,,,2.1803107261657715,,,,,,,,,,,
193,27529,,,,,2.2101471424102783,,,,,,,,,,,
193,27539,,,,,2.396275281906128,,,,,,,,,,,
193,193,14.39015120930814,92.27804254944755,,,,,,,,,,,,,,
193,27547,,,,,,2.248048782348633,,,,,,,,,,
194,27549,,,,,2.2901339530944824,,,,,,,,,,,
194,27559,,,,,2.114581823348999,,,,,,,,,,,
194,27569,,,,,2.738776683807373,,,,,,,,,,,
194,27579,,,,,2.560943603515625,,,,,,,,,,,
194,27589,,,,,2.458770275115967,,,,,,,,,,,
194,27599,,,,,2.1794164180755615,,,,,,,,,,,
194,27609,,,,,2.0766584873199463,,,,,,,,,,,
194,27619,,,,,2.5646660327911377,,,,,,,,,,,
194,27629,,,,,2.0865204334259033,,,,,,,,,,,
194,27639,,,,,2.419142007827759,,,,,,,,,,,
194,27649,,,,,2.1324946880340576,,,,,,,,,,,
194,27659,,,,,2.14699387550354,,,,,,,,,,,
194,27669,,,,,2.168931484222412,,,,,,,,,,,
194,27679,,,,,2.152069568634033,,,,,,,,,,,
194,27689,,,,,2.0233328342437744,,,,,,,,,,,
194,194,13.810587331345324,92.2854841559125,,,,,,,,,,,,,,
194,27689,,,,,,2.2437338829040527,,,,,,,,,,
195,27699,,,,,2.248964786529541,,,,,,,,,,,
195,27709,,,,,2.5329861640930176,,,,,,,,,,,
195,27719,,,,,2.1050009727478027,,,,,,,,,,,
195,27729,,,,,2.1668596267700195,,,,,,,,,,,
195,27739,,,,,2.1649999618530273,,,,,,,,,,,
195,27749,,,,,1.9828760623931885,,,,,,,,,,,
195,27759,,,,,2.1245639324188232,,,,,,,,,,,
195,27769,,,,,2.146829843521118,,,,,,,,,,,
195,27779,,,,,2.2377676963806152,,,,,,,,,,,
195,27789,,,,,2.148752450942993,,,,,,,,,,,
195,27799,,,,,1.9517781734466553,,,,,,,,,,,
195,27809,,,,,2.0497031211853027,,,,,,,,,,,
195,27819,,,,,2.4053030014038086,,,,,,,,,,,
195,27829,,,,,2.2136664390563965,,,,,,,,,,,
195,195,14.881579245468053,92.29279035829727,,,,,,,,,,,,,,
195,27831,,,,,,2.238231658935547,,,,,,,,,,
196,27839,,,,,2.2233822345733643,,,,,,,,,,,
196,27849,,,,,2.042951822280884,,,,,,,,,,,
196,27859,,,,,2.059258460998535,,,,,,,,,,,
196,27869,,,,,2.189546823501587,,,,,,,,,,,
196,27879,,,,,2.4934675693511963,,,,,,,,,,,
196,27889,,,,,2.4392268657684326,,,,,,,,,,,
196,27899,,,,,2.201622486114502,,,,,,,,,,,
196,27909,,,,,2.2271687984466553,,,,,,,,,,,
196,27919,,,,,2.2559871673583984,,,,,,,,,,,
196,27929,,,,,2.2340452671051025,,,,,,,,,,,
196,27939,,,,,2.2566425800323486,,,,,,,,,,,
196,27949,,,,,2.008915662765503,,,,,,,,,,,
196,27959,,,,,2.0327208042144775,,,,,,,,,,,
196,27969,,,,,2.1369965076446533,,,,,,,,,,,
196,196,13.407272547927809,92.30067237894933,,,,,,,,,,,,,,
196,27973,,,,,,2.2383222579956055,,,,,,,,,,
197,27979,,,,,2.0536868572235107,,,,,,,,,,,
197,27989,,,,,2.1619298458099365,,,,,,,,,,,
197,27999,,,,,2.2068212032318115,,,,,,,,,,,
197,28009,,,,,2.4515626430511475,,,,,,,,,,,
197,28019,,,,,2.2276451587677,,,,,,,,,,,
197,28029,,,,,2.6551506519317627,,,,,,,,,,,
197,28039,,,,,2.4037833213806152,,,,,,,,,,,
197,28049,,,,,1.9797953367233276,,,,,,,,,,,
197,28059,,,,,2.1072771549224854,,,,,,,,,,,
197,28069,,,,,2.393266439437866,,,,,,,,,,,
197,28079,,,,,2.1890764236450195,,,,,,,,,,,
197,28089,,,,,1.8967318534851074,,,,,,,,,,,
197,28099,,,,,1.9944466352462769,,,,,,,,,,,
197,28109,,,,,1.9429192543029785,,,,,,,,,,,
197,197,13.460310740829676,92.30814455302882,,,,,,,,,,,,,,
197,28115,,,,,,2.228832244873047,,,,,,,,,,
198,28119,,,,,2.2225584983825684,,,,,,,,,,,
198,28129,,,,,1.9831231832504272,,,,,,,,,,,
198,28139,,,,,2.243736743927002,,,,,,,,,,,
198,28149,,,,,2.1303818225860596,,,,,,,,,,,
198,28159,,,,,2.1180310249328613,,,,,,,,,,,
198,28169,,,,,2.0818166732788086,,,,,,,,,,,
198,28179,,,,,2.522655487060547,,,,,,,,,,,
198,28189,,,,,1.934964656829834,,,,,,,,,,,
198,28199,,,,,2.062586545944214,,,,,,,,,,,
198,28209,,,,,2.13081955909729,,,,,,,,,,,
198,28219,,,,,2.063401222229004,,,,,,,,,,,
198,28229,,,,,2.3313701152801514,,,,,,,,,,,
198,28239,,,,,2.0332558155059814,,,,,,,,,,,
198,28249,,,,,2.307405948638916,,,,,,,,,,,
198,198,14.835853854965542,92.31509608308522,,,,,,,,,,,,,,
198,28257,,,,,,2.228498697280884,,,,,,,,,,
199,28259,,,,,2.0768659114837646,,,,,,,,,,,
199,28269,,,,,2.329559087753296,,,,,,,,,,,
199,28279,,,,,2.0643391609191895,,,,,,,,,,,
199,28289,,,,,2.387453317642212,,,,,,,,,,,
199,28299,,,,,2.194096326828003,,,,,,,,,,,
199,28309,,,,,2.312955379486084,,,,,,,,,,,
199,28319,,,,,2.2190990447998047,,,,,,,,,,,
199,28329,,,,,2.190539598464966,,,,,,,,,,,
199,28339,,,,,2.292520046234131,,,,,,,,,,,
199,28349,,,,,2.023019313812256,,,,,,,,,,,
199,28359,,,,,2.1837563514709473,,,,,,,,,,,
199,28369,,,,,2.3410210609436035,,,,,,,,,,,
199,28379,,,,,2.341989040374756,,,,,,,,,,,
199,28389,,,,,2.1751623153686523,,,,,,,,,,,
199,28399,,,,,2.4164223670959473,,,,,,,,,,,
199,199,,,0.964181661605835,0.25211548805236816,,,1.9805826657550036,0.39894965291023254,,0.8817439675331116,,0.16175159811973572,,3.081785971108748,,0.2368161678314209
199,28399,,,,,,,,,0.8817439675331116,,0.16175159811973572,,3.0817859172821045,,0.2368161678314209,
199,199,15.808292328222082,92.32257735987879,,,,,,,,,,,,,,
199,28399,,,,,,2.22640323638916,,,,,,,,,,
200,28409,,,,,2.258178472518921,,,,,,,,,,,
200,28419,,,,,2.5774033069610596,,,,,,,,,,,
200,28429,,,,,2.0915677547454834,,,,,,,,,,,
200,28439,,,,,2.3548483848571777,,,,,,,,,,,
200,28449,,,,,1.907900094985962,,,,,,,,,,,
200,28459,,,,,2.0257065296173096,,,,,,,,,,,
200,28469,,,,,2.0923707485198975,,,,,,,,,,,
200,28479,,,,,2.4299540519714355,,,,,,,,,,,
200,28489,,,,,2.3316307067871094,,,,,,,,,,,
200,28499,,,,,2.6452126502990723,,,,,,,,,,,
200,28509,,,,,2.2014551162719727,,,,,,,,,,,
200,28519,,,,,2.305036783218384,,,,,,,,,,,
200,28529,,,,,2.082540273666382,,,,,,,,,,,
200,28539,,,,,2.22485089302063,,,,,,,,,,,
200,200,13.916892024176834,92.32937922736254,,,,,,,,,,,,,,
200,28541,,,,,,2.2136833667755127,,,,,,,,,,
201,28549,,,,,2.358339548110962,,,,,,,,,,,
201,28559,,,,,2.222292423248291,,,,,,,,,,,
201,28569,,,,,2.3803725242614746,,,,,,,,,,,
201,28579,,,,,2.1291043758392334,,,,,,,,,,,
201,28589,,,,,2.3384883403778076,,,,,,,,,,,
201,28599,,,,,2.280287981033325,,,,,,,,,,,
201,28609,,,,,2.221748113632202,,,,,,,,,,,
201,28619,,,,,2.4556987285614014,,,,,,,,,,,
201,28629,,,,,2.2866532802581787,,,,,,,,,,,
201,28639,,,,,2.1543126106262207,,,,,,,,,,,
201,28649,,,,,2.2495639324188232,,,,,,,,,,,
201,28659,,,,,2.512526035308838,,,,,,,,,,,
201,28669,,,,,2.1036970615386963,,,,,,,,,,,
201,28679,,,,,2.0546422004699707,,,,,,,,,,,
201,201,14.778733993208744,92.33664391582056,,,,,,,,,,,,,,
201,28683,,,,,,2.2143192291259766,,,,,,,,,,
202,28689,,,,,2.29105806350708,,,,,,,,,,,
202,28699,,,,,2.1515655517578125,,,,,,,,,,,
202,28709,,,,,2.225389003753662,,,,,,,,,,,
202,28719,,,,,2.2734553813934326,,,,,,,,,,,
202,28729,,,,,2.1882431507110596,,,,,,,,,,,
202,28739,,,,,2.092094898223877,,,,,,,,,,,
202,28749,,,,,2.2076051235198975,,,,,,,,,,,
202,28759,,,,,2.0716545581817627,,,,,,,,,,,
202,28769,,,,,2.369138717651367,,,,,,,,,,,
202,28779,,,,,2.013791084289551,,,,,,,,,,,
202,28789,,,,,2.2464821338653564,,,,,,,,,,,
202,28799,,,,,2.0802409648895264,,,,,,,,,,,
202,28809,,,,,2.1319360733032227,,,,,,,,,,,
202,28819,,,,,2.1359848976135254,,,,,,,,,,,
202,202,14.64193432792336,92.34429199003904,,,,,,,,,,,,,,
202,28825,,,,,,2.206958532333374,,,,,,,,,,
203,28829,,,,,2.1906187534332275,,,,,,,,,,,
203,28839,,,,,2.276308298110962,,,,,,,,,,,
203,28849,,,,,2.595595359802246,,,,,,,,,,,
203,28859,,,,,1.969130516052246,,,,,,,,,,,
203,28869,,,,,2.5139873027801514,,,,,,,,,,,
203,28879,,,,,1.975246548652649,,,,,,,,,,,
203,28889,,,,,2.1910362243652344,,,,,,,,,,,
203,28899,,,,,2.0695931911468506,,,,,,,,,,,
203,28909,,,,,2.013746500015259,,,,,,,,,,,
203,28919,,,,,2.0332608222961426,,,,,,,,,,,
203,28929,,,,,2.5453028678894043,,,,,,,,,,,
203,28939,,,,,2.2134649753570557,,,,,,,,,,,
203,28949,,,,,2.0130250453948975,,,,,,,,,,,
203,28959,,,,,2.2803127765655518,,,,,,,,,,,
203,203,13.86286755570477,92.351669524111,,,,,,,,,,,,,,
203,28967,,,,,,2.198115587234497,,,,,,,,,,
204,28969,,,,,2.035066843032837,,,,,,,,,,,
204,28979,,,,,2.4578819274902344,,,,,,,,,,,
204,28989,,,,,1.9466184377670288,,,,,,,,,,,
204,28999,,,,,2.0745458602905273,,,,,,,,,,,
204,29009,,,,,2.0500497817993164,,,,,,,,,,,
204,29019,,,,,2.1538519859313965,,,,,,,,,,,
204,29029,,,,,2.324561357498169,,,,,,,,,,,
204,29039,,,,,2.24243426322937,,,,,,,,,,,
204,29049,,,,,1.7943575382232666,,,,,,,,,,,
204,29059,,,,,2.2395482063293457,,,,,,,,,,,
204,29069,,,,,2.405599594116211,,,,,,,,,,,
204,29079,,,,,2.2658348083496094,,,,,,,,,,,
204,29089,,,,,2.2728168964385986,,,,,,,,,,,
204,29099,,,,,2.057079792022705,,,,,,,,,,,
204,29109,,,,,2.095518112182617,,,,,,,,,,,
204,204,14.305315667920905,92.35895752544738,,,,,,,,,,,,,,
204,29109,,,,,,2.193643808364868,,,,,,,,,,
205,29119,,,,,2.234755039215088,,,,,,,,,,,
205,29129,,,,,2.2452003955841064,,,,,,,,,,,
205,29139,,,,,2.0084729194641113,,,,,,,,,,,
205,29149,,,,,2.3957035541534424,,,,,,,,,,,
205,29159,,,,,2.215625524520874,,,,,,,,,,,
205,29169,,,,,2.012671709060669,,,,,,,,,,,
205,29179,,,,,1.9293708801269531,,,,,,,,,,,
205,29189,,,,,2.22843861579895,,,,,,,,,,,
205,29199,,,,,1.977830171585083,,,,,,,,,,,
205,29209,,,,,2.2439613342285156,,,,,,,,,,,
205,29219,,,,,2.268105983734131,,,,,,,,,,,
205,29229,,,,,2.0547218322753906,,,,,,,,,,,
205,29239,,,,,2.027679204940796,,,,,,,,,,,
205,29249,,,,,2.4041049480438232,,,,,,,,,,,
205,205,14.681777568455198,92.36617029372147,,,,,,,,,,,,,,
205,29251,,,,,,2.1901676654815674,,,,,,,,,,
206,29259,,,,,2.0981054306030273,,,,,,,,,,,
206,29269,,,,,2.125741481781006,,,,,,,,,,,
206,29279,,,,,1.993302583694458,,,,,,,,,,,
206,29289,,,,,2.6306231021881104,,,,,,,,,,,
206,29299,,,,,2.129411220550537,,,,,,,,,,,
206,29309,,,,,2.038878917694092,,,,,,,,,,,
206,29319,,,,,1.9386199712753296,,,,,,,,,,,
206,29329,,,,,2.1744322776794434,,,,,,,,,,,
206,29339,,,,,2.2143285274505615,,,,,,,,,,,
206,29349,,,,,2.2297379970550537,,,,,,,,,,,
206,29359,,,,,1.9451016187667847,,,,,,,,,,,
206,29369,,,,,2.291274309158325,,,,,,,,,,,
206,29379,,,,,2.208570718765259,,,,,,,,,,,
206,29389,,,,,2.238651752471924,,,,,,,,,,,
206,206,13.606717826726836,92.37351029350985,,,,,,,,,,,,,,
206,29393,,,,,,2.1783370971679688,,,,,,,,,,
207,29399,,,,,2.3514692783355713,,,,,,,,,,,
207,29409,,,,,2.123548746109009,,,,,,,,,,,
207,29419,,,,,2.3010928630828857,,,,,,,,,,,
207,29429,,,,,2.195293664932251,,,,,,,,,,,
207,29439,,,,,2.170135974884033,,,,,,,,,,,
207,29449,,,,,2.1121203899383545,,,,,,,,,,,
207,29459,,,,,1.9158494472503662,,,,,,,,,,,
207,29469,,,,,1.9504320621490479,,,,,,,,,,,
207,29479,,,,,2.2247445583343506,,,,,,,,,,,
207,29489,,,,,2.062148332595825,,,,,,,,,,,
207,29499,,,,,2.2401559352874756,,,,,,,,,,,
207,29509,,,,,2.042955160140991,,,,,,,,,,,
207,29519,,,,,2.187974691390991,,,,,,,,,,,
207,29529,,,,,2.260660409927368,,,,,,,,,,,
207,207,13.748860334073514,92.38060099173931,,,,,,,,,,,,,,
207,29535,,,,,,2.1805922985076904,,,,,,,,,,
208,29539,,,,,2.0227208137512207,,,,,,,,,,,
208,29549,,,,,2.3210558891296387,,,,,,,,,,,
208,29559,,,,,2.3724966049194336,,,,,,,,,,,
208,29569,,,,,2.1442158222198486,,,,,,,,,,,
208,29579,,,,,2.1352903842926025,,,,,,,,,,,
208,29589,,,,,2.4104554653167725,,,,,,,,,,,
208,29599,,,,,2.043955087661743,,,,,,,,,,,
208,29609,,,,,2.2545175552368164,,,,,,,,,,,
208,29619,,,,,2.2589895725250244,,,,,,,,,,,
208,29629,,,,,1.9755386114120483,,,,,,,,,,,
208,29639,,,,,1.903739333152771,,,,,,,,,,,
208,29649,,,,,2.077772855758667,,,,,,,,,,,
208,29659,,,,,2.0357742309570312,,,,,,,,,,,
208,29669,,,,,2.0760045051574707,,,,,,,,,,,
208,208,14.994852547328342,92.38778634617961,,,,,,,,,,,,,,
208,29677,,,,,,2.177518367767334,,,,,,,,,,
209,29679,,,,,1.8762515783309937,,,,,,,,,,,
209,29689,,,,,2.212998867034912,,,,,,,,,,,
209,29699,,,,,2.0375709533691406,,,,,,,,,,,
209,29709,,,,,2.2590160369873047,,,,,,,,,,,
209,29719,,,,,2.1897313594818115,,,,,,,,,,,
209,29729,,,,,2.094407320022583,,,,,,,,,,,
209,29739,,,,,2.2016191482543945,,,,,,,,,,,
209,29749,,,,,2.2213406562805176,,,,,,,,,,,
209,29759,,,,,2.281684637069702,,,,,,,,,,,
209,29769,,,,,2.135110378265381,,,,,,,,,,,
209,29779,,,,,2.4496448040008545,,,,,,,,,,,
209,29789,,,,,2.039384126663208,,,,,,,,,,,
209,29799,,,,,1.9489240646362305,,,,,,,,,,,
209,29809,,,,,2.120162010192871,,,,,,,,,,,
209,29819,,,,,2.0427052974700928,,,,,,,,,,,
209,209,,,0.9666302800178528,0.2684161067008972,,,1.936621323534143,0.41450977325439453,,0.8831654191017151,,0.16727900505065918,,3.0861464030280406,,0.24145101010799408
209,29819,,,,,,,,,0.8831654191017151,,0.16727900505065918,,3.086146831512451,,0.24145101010799408,
209,209,14.362541206063893,92.39526980279294,,,,,,,,,,,,,,
209,29819,,,,,,2.1678450107574463,,,,,,,,,,
210,29829,,,,,2.181222677230835,,,,,,,,,,,
210,29839,,,,,2.022698402404785,,,,,,,,,,,
210,29849,,,,,2.1891019344329834,,,,,,,,,,,
210,29859,,,,,2.248347043991089,,,,,,,,,,,
210,29869,,,,,2.0256574153900146,,,,,,,,,,,
210,29879,,,,,2.330307960510254,,,,,,,,,,,
210,29889,,,,,2.106309652328491,,,,,,,,,,,
210,29899,,,,,2.1892828941345215,,,,,,,,,,,
210,29909,,,,,2.2612576484680176,,,,,,,,,,,
210,29919,,,,,2.3418939113616943,,,,,,,,,,,
210,29929,,,,,2.0829813480377197,,,,,,,,,,,
210,29939,,,,,1.919602870941162,,,,,,,,,,,
210,29949,,,,,2.5393521785736084,,,,,,,,,,,
210,29959,,,,,2.1123626232147217,,,,,,,,,,,
210,210,14.200904496412985,92.40277736614789,,,,,,,,,,,,,,
210,29961,,,,,,2.16571044921875,,,,,,,,,,
211,29969,,,,,2.099116086959839,,,,,,,,,,,
211,29979,,,,,1.9225924015045166,,,,,,,,,,,
211,29989,,,,,2.146068572998047,,,,,,,,,,,
211,29999,,,,,2.096423387527466,,,,,,,,,,,
211,30009,,,,,2.0556108951568604,,,,,,,,,,,
211,30019,,,,,2.153095245361328,,,,,,,,,,,
211,30029,,,,,2.4208476543426514,,,,,,,,,,,
211,30039,,,,,2.0106265544891357,,,,,,,,,,,
211,30049,,,,,2.083521604537964,,,,,,,,,,,
211,30059,,,,,2.087498664855957,,,,,,,,,,,
211,30069,,,,,2.2986061573028564,,,,,,,,,,,
211,30079,,,,,2.189636707305908,,,,,,,,,,,
211,30089,,,,,1.978672742843628,,,,,,,,,,,
211,30099,,,,,2.1580419540405273,,,,,,,,,,,
211,211,15.223509083252967,92.4097070698429,,,,,,,,,,,,,,
211,30103,,,,,,2.1591672897338867,,,,,,,,,,
212,30109,,,,,2.1021859645843506,,,,,,,,,,,
212,30119,,,,,2.1689600944519043,,,,,,,,,,,
212,30129,,,,,1.9195791482925415,,,,,,,,,,,
212,30139,,,,,2.392906904220581,,,,,,,,,,,
212,30149,,,,,2.0096435546875,,,,,,,,,,,
212,30159,,,,,2.1436030864715576,,,,,,,,,,,
212,30169,,,,,1.9496537446975708,,,,,,,,,,,
212,30179,,,,,2.1469171047210693,,,,,,,,,,,
212,30189,,,,,2.302903413772583,,,,,,,,,,,
212,30199,,,,,2.2309327125549316,,,,,,,,,,,
212,30209,,,,,2.078303575515747,,,,,,,,,,,
212,30219,,,,,1.9010086059570312,,,,,,,,,,,
212,30229,,,,,2.0873074531555176,,,,,,,,,,,
212,30239,,,,,2.3065521717071533,,,,,,,,,,,
212,212,14.973423453035844,92.41693895969279,,,,,,,,,,,,,,
212,30245,,,,,,2.1494579315185547,,,,,,,,,,
213,30249,,,,,2.088226079940796,,,,,,,,,,,
213,30259,,,,,2.445692777633667,,,,,,,,,,,
213,30269,,,,,2.1715266704559326,,,,,,,,,,,
213,30279,,,,,2.054877519607544,,,,,,,,,,,
213,30289,,,,,2.4676287174224854,,,,,,,,,,,
213,30299,,,,,2.0493013858795166,,,,,,,,,,,
213,30309,,,,,2.124286651611328,,,,,,,,,,,
213,30319,,,,,2.496446132659912,,,,,,,,,,,
213,30329,,,,,2.0295042991638184,,,,,,,,,,,
213,30339,,,,,2.308957099914551,,,,,,,,,,,
213,30349,,,,,2.202691078186035,,,,,,,,,,,
213,30359,,,,,2.1941895484924316,,,,,,,,,,,
213,30369,,,,,2.261449098587036,,,,,,,,,,,
213,30379,,,,,2.3590664863586426,,,,,,,,,,,
213,213,15.350632475101051,92.42400833702477,,,,,,,,,,,,,,
213,30387,,,,,,2.157033920288086,,,,,,,,,,
214,30389,,,,,1.9934675693511963,,,,,,,,,,,
214,30399,,,,,2.1174449920654297,,,,,,,,,,,
214,30409,,,,,2.08769154548645,,,,,,,,,,,
214,30419,,,,,2.209601640701294,,,,,,,,,,,
214,30429,,,,,1.9802486896514893,,,,,,,,,,,
214,30439,,,,,2.3949034214019775,,,,,,,,,,,
214,30449,,,,,2.218337297439575,,,,,,,,,,,
214,30459,,,,,2.366466522216797,,,,,,,,,,,
214,30469,,,,,2.386214017868042,,,,,,,,,,,
214,30479,,,,,2.1044070720672607,,,,,,,,,,,
214,30489,,,,,2.087210178375244,,,,,,,,,,,
214,30499,,,,,2.22839617729187,,,,,,,,,,,
214,30509,,,,,2.3302664756774902,,,,,,,,,,,
214,30519,,,,,2.4385130405426025,,,,,,,,,,,
214,30529,,,,,2.053312063217163,,,,,,,,,,,
214,214,14.83179688038478,92.431095397971,,,,,,,,,,,,,,
214,30529,,,,,,2.1440916061401367,,,,,,,,,,
215,30539,,,,,2.2638566493988037,,,,,,,,,,,
215,30549,,,,,2.0135531425476074,,,,,,,,,,,
215,30559,,,,,2.2910099029541016,,,,,,,,,,,
215,30569,,,,,2.223771572113037,,,,,,,,,,,
215,30579,,,,,2.312962532043457,,,,,,,,,,,
215,30589,,,,,2.1421539783477783,,,,,,,,,,,
215,30599,,,,,2.5088491439819336,,,,,,,,,,,
215,30609,,,,,2.0539512634277344,,,,,,,,,,,
215,30619,,,,,2.2323782444000244,,,,,,,,,,,
215,30629,,,,,2.183901071548462,,,,,,,,,,,
215,30639,,,,,2.376659870147705,,,,,,,,,,,
215,30649,,,,,2.375797986984253,,,,,,,,,,,
215,30659,,,,,1.861885666847229,,,,,,,,,,,
215,30669,,,,,2.447528123855591,,,,,,,,,,,
215,215,16.17841683754129,92.43785905935266,,,,,,,,,,,,,,
215,30671,,,,,,2.1407530307769775,,,,,,,,,,
216,30679,,,,,1.9067176580429077,,,,,,,,,,,
216,30689,,,,,2.183216094970703,,,,,,,,,,,
216,30699,,,,,2.101356267929077,,,,,,,,,,,
216,30709,,,,,1.9107509851455688,,,,,,,,,,,
216,30719,,,,,2.0533690452575684,,,,,,,,,,,
216,30729,,,,,2.002034902572632,,,,,,,,,,,
216,30739,,,,,2.1474037170410156,,,,,,,,,,,
216,30749,,,,,2.151913642883301,,,,,,,,,,,
216,30759,,,,,2.0162649154663086,,,,,,,,,,,
216,30769,,,,,2.101719856262207,,,,,,,,,,,
216,30779,,,,,2.340158224105835,,,,,,,,,,,
216,30789,,,,,2.31815505027771,,,,,,,,,,,
216,30799,,,,,2.094533681869507,,,,,,,,,,,
216,30809,,,,,2.2216737270355225,,,,,,,,,,,
216,216,15.424924040100665,92.44560112913742,,,,,,,,,,,,,,
216,30813,,,,,,2.1315858364105225,,,,,,,,,,
217,30819,,,,,2.54264497756958,,,,,,,,,,,
217,30829,,,,,1.8343249559402466,,,,,,,,,,,
217,30839,,,,,2.12471604347229,,,,,,,,,,,
217,30849,,,,,2.1280646324157715,,,,,,,,,,,
217,30859,,,,,2.227450370788574,,,,,,,,,,,
217,30869,,,,,2.187598466873169,,,,,,,,,,,
217,30879,,,,,2.0094211101531982,,,,,,,,,,,
217,30889,,,,,2.0059664249420166,,,,,,,,,,,
217,30899,,,,,2.17600679397583,,,,,,,,,,,
217,30909,,,,,1.9715856313705444,,,,,,,,,,,
217,30919,,,,,2.0938773155212402,,,,,,,,,,,
217,30929,,,,,2.0160977840423584,,,,,,,,,,,
217,30939,,,,,2.395057201385498,,,,,,,,,,,
217,30949,,,,,2.298442840576172,,,,,,,,,,,
217,217,13.836094587114173,92.45333836228217,,,,,,,,,,,,,,
217,30955,,,,,,2.1281747817993164,,,,,,,,,,
218,30959,,,,,2.169543981552124,,,,,,,,,,,
218,30969,,,,,2.31490159034729,,,,,,,,,,,
218,30979,,,,,2.1537530422210693,,,,,,,,,,,
218,30989,,,,,2.115678310394287,,,,,,,,,,,
218,30999,,,,,2.3323709964752197,,,,,,,,,,,
218,31009,,,,,2.4731643199920654,,,,,,,,,,,
218,31019,,,,,2.104675531387329,,,,,,,,,,,
218,31029,,,,,1.8787575960159302,,,,,,,,,,,
218,31039,,,,,2.335407018661499,,,,,,,,,,,
218,31049,,,,,2.102553129196167,,,,,,,,,,,
218,31059,,,,,1.9975783824920654,,,,,,,,,,,
218,31069,,,,,2.164260149002075,,,,,,,,,,,
218,31079,,,,,2.353456735610962,,,,,,,,,,,
218,31089,,,,,2.1565070152282715,,,,,,,,,,,
218,218,15.908517544548527,92.46092234729461,,,,,,,,,,,,,,
218,31097,,,,,,2.1246228218078613,,,,,,,,,,
219,31099,,,,,2.2584121227264404,,,,,,,,,,,
219,31109,,,,,2.247467517852783,,,,,,,,,,,
219,31119,,,,,2.4117424488067627,,,,,,,,,,,
219,31129,,,,,2.147348165512085,,,,,,,,,,,
219,31139,,,,,2.4115090370178223,,,,,,,,,,,
219,31149,,,,,2.265719175338745,,,,,,,,,,,
219,31159,,,,,2.479287624359131,,,,,,,,,,,
219,31169,,,,,2.175283193588257,,,,,,,,,,,
219,31179,,,,,2.527299404144287,,,,,,,,,,,
219,31189,,,,,2.396974802017212,,,,,,,,,,,
219,31199,,,,,1.757466435432434,,,,,,,,,,,
219,31209,,,,,1.975669264793396,,,,,,,,,,,
219,31219,,,,,2.1365787982940674,,,,,,,,,,,
219,31229,,,,,2.2637057304382324,,,,,,,,,,,
219,31239,,,,,2.0872223377227783,,,,,,,,,,,
219,219,,,0.9695996046066284,0.28120487928390503,,,1.8863998354114935,0.43134719133377075,,0.8838353753089905,,0.17000001668930054,,3.128840682153799,,0.24344977736473083
219,31239,,,,,,,,,0.8838353753089905,,0.17000001668930054,,3.128840923309326,,0.24344977736473083,
219,219,15.94431438691479,92.46788701222019,,,,,,,,,,,,,,
219,31239,,,,,,2.1204566955566406,,,,,,,,,,
220,31249,,,,,2.0102784633636475,,,,,,,,,,,
220,31259,,,,,1.88893461227417,,,,,,,,,,,
220,31269,,,,,2.1977243423461914,,,,,,,,,,,
220,31279,,,,,2.440436601638794,,,,,,,,,,,
220,31289,,,,,2.186429500579834,,,,,,,,,,,
220,31299,,,,,2.2073299884796143,,,,,,,,,,,
220,31309,,,,,1.9225950241088867,,,,,,,,,,,
220,31319,,,,,2.1694607734680176,,,,,,,,,,,
220,31329,,,,,2.139833450317383,,,,,,,,,,,
220,31339,,,,,1.929120421409607,,,,,,,,,,,
220,31349,,,,,2.051349639892578,,,,,,,,,,,
220,31359,,,,,2.035759687423706,,,,,,,,,,,
220,31369,,,,,2.031376838684082,,,,,,,,,,,
220,31379,,,,,2.0806710720062256,,,,,,,,,,,
220,220,16.010694785061457,92.47500854047372,,,,,,,,,,,,,,
220,31381,,,,,,2.11629581451416,,,,,,,,,,
221,31389,,,,,2.1770122051239014,,,,,,,,,,,
221,31399,,,,,2.4268367290496826,,,,,,,,,,,
221,31409,,,,,1.93141770362854,,,,,,,,,,,
221,31419,,,,,1.8966619968414307,,,,,,,,,,,
221,31429,,,,,1.8683583736419678,,,,,,,,,,,
221,31439,,,,,2.3442952632904053,,,,,,,,,,,
221,31449,,,,,2.3640544414520264,,,,,,,,,,,
221,31459,,,,,2.484541893005371,,,,,,,,,,,
221,31469,,,,,2.086268663406372,,,,,,,,,,,
221,31479,,,,,2.0030264854431152,,,,,,,,,,,
221,31489,,,,,1.878878116607666,,,,,,,,,,,
221,31499,,,,,2.157288074493408,,,,,,,,,,,
221,31509,,,,,2.013489246368408,,,,,,,,,,,
221,31519,,,,,2.194030523300171,,,,,,,,,,,
221,221,14.034764870417987,92.48250560758262,,,,,,,,,,,,,,
221,31523,,,,,,2.110353708267212,,,,,,,,,,
222,31529,,,,,1.8682368993759155,,,,,,,,,,,
222,31539,,,,,2.029819965362549,,,,,,,,,,,
222,31549,,,,,2.0352985858917236,,,,,,,,,,,
222,31559,,,,,2.0244882106781006,,,,,,,,,,,
222,31569,,,,,2.115043878555298,,,,,,,,,,,
222,31579,,,,,1.9713343381881714,,,,,,,,,,,
222,31589,,,,,2.1232709884643555,,,,,,,,,,,
222,31599,,,,,2.0079407691955566,,,,,,,,,,,
222,31609,,,,,2.254361867904663,,,,,,,,,,,
222,31619,,,,,2.285580635070801,,,,,,,,,,,
222,31629,,,,,2.205460548400879,,,,,,,,,,,
222,31639,,,,,2.1987645626068115,,,,,,,,,,,
222,31649,,,,,2.132901668548584,,,,,,,,,,,
222,31659,,,,,2.2201030254364014,,,,,,,,,,,
222,222,13.199962977167168,92.48987414444171,,,,,,,,,,,,,,
222,31665,,,,,,2.1001298427581787,,,,,,,,,,
223,31669,,,,,2.348268508911133,,,,,,,,,,,
223,31679,,,,,2.2017030715942383,,,,,,,,,,,
223,31689,,,,,2.0750365257263184,,,,,,,,,,,
223,31699,,,,,2.268465757369995,,,,,,,,,,,
223,31709,,,,,1.8830326795578003,,,,,,,,,,,
223,31719,,,,,1.9142332077026367,,,,,,,,,,,
223,31729,,,,,2.0602777004241943,,,,,,,,,,,
223,31739,,,,,2.0381662845611572,,,,,,,,,,,
223,31749,,,,,2.2119264602661133,,,,,,,,,,,
223,31759,,,,,2.0712084770202637,,,,,,,,,,,
223,31769,,,,,2.0635483264923096,,,,,,,,,,,
223,31779,,,,,2.2813687324523926,,,,,,,,,,,
223,31789,,,,,2.1004981994628906,,,,,,,,,,,
223,31799,,,,,2.489410400390625,,,,,,,,,,,
223,223,16.598253138006335,92.49701852660401,,,,,,,,,,,,,,
223,31807,,,,,,2.1030008792877197,,,,,,,,,,
224,31809,,,,,1.6805155277252197,,,,,,,,,,,
224,31819,,,,,2.426384210586548,,,,,,,,,,,
224,31829,,,,,1.9657437801361084,,,,,,,,,,,
224,31839,,,,,2.267303466796875,,,,,,,,,,,
224,31849,,,,,1.9096505641937256,,,,,,,,,,,
224,31859,,,,,2.2896530628204346,,,,,,,,,,,
224,31869,,,,,2.0751771926879883,,,,,,,,,,,
224,31879,,,,,2.075148582458496,,,,,,,,,,,
224,31889,,,,,2.073040008544922,,,,,,,,,,,
224,31899,,,,,2.0513548851013184,,,,,,,,,,,
224,31909,,,,,2.1692185401916504,,,,,,,,,,,
224,31919,,,,,2.0975944995880127,,,,,,,,,,,
224,31929,,,,,2.152921676635742,,,,,,,,,,,
224,31939,,,,,2.145993947982788,,,,,,,,,,,
224,31949,,,,,2.3975276947021484,,,,,,,,,,,
224,224,14.275343567739736,92.50433178911005,,,,,,,,,,,,,,
224,31949,,,,,,2.0977377891540527,,,,,,,,,,
225,31959,,,,,2.053201198577881,,,,,,,,,,,
225,31969,,,,,2.0255208015441895,,,,,,,,,,,
225,31979,,,,,1.9088854789733887,,,,,,,,,,,
225,31989,,,,,2.221137523651123,,,,,,,,,,,
225,31999,,,,,2.2296104431152344,,,,,,,,,,,
225,32009,,,,,2.0994558334350586,,,,,,,,,,,
225,32019,,,,,1.9721975326538086,,,,,,,,,,,
225,32029,,,,,2.0670831203460693,,,,,,,,,,,
225,32039,,,,,1.954325795173645,,,,,,,,,,,
225,32049,,,,,2.040041208267212,,,,,,,,,,,
225,32059,,,,,2.0980992317199707,,,,,,,,,,,
225,32069,,,,,1.9248731136322021,,,,,,,,,,,
225,32079,,,,,2.1919000148773193,,,,,,,,,,,
225,32089,,,,,1.9672186374664307,,,,,,,,,,,
225,225,13.6969380792084,92.51196738669292,,,,,,,,,,,,,,
225,32091,,,,,,2.083101749420166,,,,,,,,,,
226,32099,,,,,1.8356701135635376,,,,,,,,,,,
226,32109,,,,,2.1779675483703613,,,,,,,,,,,
226,32119,,,,,2.1740028858184814,,,,,,,,,,,
226,32129,,,,,1.7878392934799194,,,,,,,,,,,
226,32139,,,,,2.3433890342712402,,,,,,,,,,,
226,32149,,,,,1.8415368795394897,,,,,,,,,,,
226,32159,,,,,2.1437878608703613,,,,,,,,,,,
226,32169,,,,,1.9350316524505615,,,,,,,,,,,
226,32179,,,,,2.3345305919647217,,,,,,,,,,,
226,32189,,,,,2.4230754375457764,,,,,,,,,,,
226,32199,,,,,2.28692364692688,,,,,,,,,,,
226,32209,,,,,2.2242560386657715,,,,,,,,,,,
226,32219,,,,,2.155064582824707,,,,,,,,,,,
226,32229,,,,,2.2144219875335693,,,,,,,,,,,
226,226,14.69168745554835,92.51953003006197,,,,,,,,,,,,,,
226,32233,,,,,,2.0793211460113525,,,,,,,,,,
227,32239,,,,,2.357423782348633,,,,,,,,,,,
227,32249,,,,,2.1908328533172607,,,,,,,,,,,
227,32259,,,,,2.1484320163726807,,,,,,,,,,,
227,32269,,,,,2.249620199203491,,,,,,,,,,,
227,32279,,,,,1.9635508060455322,,,,,,,,,,,
227,32289,,,,,2.3038501739501953,,,,,,,,,,,
227,32299,,,,,2.075407028198242,,,,,,,,,,,
227,32309,,,,,1.934790015220642,,,,,,,,,,,
227,32319,,,,,1.6313966512680054,,,,,,,,,,,
227,32329,,,,,1.834878921508789,,,,,,,,,,,
227,32339,,,,,1.9348509311676025,,,,,,,,,,,
227,32349,,,,,2.0448110103607178,,,,,,,,,,,
227,32359,,,,,1.9414209127426147,,,,,,,,,,,
227,32369,,,,,2.0416595935821533,,,,,,,,,,,
227,227,14.9272106048273,92.5272872094791,,,,,,,,,,,,,,
227,32375,,,,,,2.0771517753601074,,,,,,,,,,
228,32379,,,,,2.1977484226226807,,,,,,,,,,,
228,32389,,,,,2.2272377014160156,,,,,,,,,,,
228,32399,,,,,2.2715206146240234,,,,,,,,,,,
228,32409,,,,,2.1934423446655273,,,,,,,,,,,
228,32419,,,,,2.0836241245269775,,,,,,,,,,,
228,32429,,,,,1.7873302698135376,,,,,,,,,,,
228,32439,,,,,1.9796514511108398,,,,,,,,,,,
228,32449,,,,,2.055757522583008,,,,,,,,,,,
228,32459,,,,,2.243591547012329,,,,,,,,,,,
228,32469,,,,,1.9060012102127075,,,,,,,,,,,
228,32479,,,,,2.116168975830078,,,,,,,,,,,
228,32489,,,,,2.291337251663208,,,,,,,,,,,
228,32499,,,,,2.0212557315826416,,,,,,,,,,,
228,32509,,,,,1.950337290763855,,,,,,,,,,,
228,228,15.84243794400356,92.53432655342344,,,,,,,,,,,,,,
228,32517,,,,,,2.0807647705078125,,,,,,,,,,
229,32519,,,,,2.0099661350250244,,,,,,,,,,,
229,32529,,,,,2.159756898880005,,,,,,,,,,,
229,32539,,,,,2.0271425247192383,,,,,,,,,,,
229,32549,,,,,2.2912709712982178,,,,,,,,,,,
229,32559,,,,,2.008991003036499,,,,,,,,,,,
229,32569,,,,,2.14737868309021,,,,,,,,,,,
229,32579,,,,,1.9528231620788574,,,,,,,,,,,
229,32589,,,,,2.024379014968872,,,,,,,,,,,
229,32599,,,,,1.8289775848388672,,,,,,,,,,,
229,32609,,,,,2.2507567405700684,,,,,,,,,,,
229,32619,,,,,2.2478432655334473,,,,,,,,,,,
229,32629,,,,,2.2292587757110596,,,,,,,,,,,
229,32639,,,,,1.9689494371414185,,,,,,,,,,,
229,32649,,,,,2.128523588180542,,,,,,,,,,,
229,32659,,,,,2.0032413005828857,,,,,,,,,,,
229,229,,,0.9718228578567505,0.2886543571949005,,,1.8345524625183418,0.4492757320404053,,0.8833902478218079,,0.1714233160018921,,3.168391374300937,,0.2483275681734085
229,32659,,,,,,,,,0.8833902478218079,,0.1714233160018921,,3.168391704559326,,0.2483275681734085,
229,229,14.595927570020345,92.54169271152888,,,,,,,,,,,,,,
229,32659,,,,,,2.0653836727142334,,,,,,,,,,
230,32669,,,,,2.248685836791992,,,,,,,,,,,
230,32679,,,,,2.238703489303589,,,,,,,,,,,
230,32689,,,,,2.0231456756591797,,,,,,,,,,,
230,32699,,,,,1.8019323348999023,,,,,,,,,,,
230,32709,,,,,2.1940503120422363,,,,,,,,,,,
230,32719,,,,,2.2552952766418457,,,,,,,,,,,
230,32729,,,,,2.2248079776763916,,,,,,,,,,,
230,32739,,,,,2.031071662902832,,,,,,,,,,,
230,32749,,,,,1.7928380966186523,,,,,,,,,,,
230,32759,,,,,2.079258441925049,,,,,,,,,,,
230,32769,,,,,2.0246877670288086,,,,,,,,,,,
230,32779,,,,,2.0098659992218018,,,,,,,,,,,
230,32789,,,,,2.009944200515747,,,,,,,,,,,
230,32799,,,,,1.962330937385559,,,,,,,,,,,
230,230,13.229084406181805,92.54886284522914,,,,,,,,,,,,,,
230,32801,,,,,,2.060284376144409,,,,,,,,,,
231,32809,,,,,2.109468698501587,,,,,,,,,,,
231,32819,,,,,2.1402788162231445,,,,,,,,,,,
231,32829,,,,,1.8579001426696777,,,,,,,,,,,
231,32839,,,,,2.226548194885254,,,,,,,,,,,
231,32849,,,,,1.9914252758026123,,,,,,,,,,,
231,32859,,,,,1.7699700593948364,,,,,,,,,,,
231,32869,,,,,1.6513851881027222,,,,,,,,,,,
231,32879,,,,,2.1437911987304688,,,,,,,,,,,
231,32889,,,,,1.938293218612671,,,,,,,,,,,
231,32899,,,,,2.1340088844299316,,,,,,,,,,,
231,32909,,,,,1.8828927278518677,,,,,,,,,,,
231,32919,,,,,2.1365740299224854,,,,,,,,,,,
231,32929,,,,,1.8164150714874268,,,,,,,,,,,
231,32939,,,,,2.12754487991333,,,,,,,,,,,
231,231,14.516112129766688,92.5562843206593,,,,,,,,,,,,,,
231,32943,,,,,,2.05488920211792,,,,,,,,,,
232,32949,,,,,2.0343215465545654,,,,,,,,,,,
232,32959,,,,,2.0886902809143066,,,,,,,,,,,
232,32969,,,,,1.9714053869247437,,,,,,,,,,,
232,32979,,,,,2.012653350830078,,,,,,,,,,,
232,32989,,,,,2.123443365097046,,,,,,,,,,,
232,32999,,,,,2.150592803955078,,,,,,,,,,,
232,33009,,,,,2.0476880073547363,,,,,,,,,,,
232,33019,,,,,2.296036958694458,,,,,,,,,,,
232,33029,,,,,2.2872140407562256,,,,,,,,,,,
232,33039,,,,,1.90101158618927,,,,,,,,,,,
232,33049,,,,,2.4143922328948975,,,,,,,,,,,
232,33059,,,,,1.9655725955963135,,,,,,,,,,,
232,33069,,,,,1.9431743621826172,,,,,,,,,,,
232,33079,,,,,2.017533779144287,,,,,,,,,,,
232,232,15.484066383374058,92.56360858008023,,,,,,,,,,,,,,
232,33085,,,,,,2.053114414215088,,,,,,,,,,
233,33089,,,,,1.9745635986328125,,,,,,,,,,,
233,33099,,,,,1.9054350852966309,,,,,,,,,,,
233,33109,,,,,2.1143345832824707,,,,,,,,,,,
233,33119,,,,,2.0104663372039795,,,,,,,,,,,
233,33129,,,,,2.1876535415649414,,,,,,,,,,,
233,33139,,,,,1.7861876487731934,,,,,,,,,,,
233,33149,,,,,2.1829817295074463,,,,,,,,,,,
233,33159,,,,,2.069655179977417,,,,,,,,,,,
233,33169,,,,,2.1962928771972656,,,,,,,,,,,
233,33179,,,,,2.1387102603912354,,,,,,,,,,,
233,33189,,,,,1.8195714950561523,,,,,,,,,,,
233,33199,,,,,2.2186944484710693,,,,,,,,,,,
233,33209,,,,,2.085176944732666,,,,,,,,,,,
233,33219,,,,,2.3532583713531494,,,,,,,,,,,
233,233,15.782934975695962,92.57138069438162,,,,,,,,,,,,,,
233,33227,,,,,,2.0457234382629395,,,,,,,,,,
234,33229,,,,,1.7672865390777588,,,,,,,,,,,
234,33239,,,,,1.91139554977417,,,,,,,,,,,
234,33249,,,,,1.8940136432647705,,,,,,,,,,,
234,33259,,,,,2.041651487350464,,,,,,,,,,,
234,33269,,,,,1.9232277870178223,,,,,,,,,,,
234,33279,,,,,1.9809702634811401,,,,,,,,,,,
234,33289,,,,,1.7984102964401245,,,,,,,,,,,
234,33299,,,,,1.7013942003250122,,,,,,,,,,,
234,33309,,,,,2.1867835521698,,,,,,,,,,,
234,33319,,,,,2.0743935108184814,,,,,,,,,,,
234,33329,,,,,1.8960850238800049,,,,,,,,,,,
234,33339,,,,,2.2837939262390137,,,,,,,,,,,
234,33349,,,,,1.8930435180664062,,,,,,,,,,,
234,33359,,,,,1.8557628393173218,,,,,,,,,,,
234,33369,,,,,1.9687923192977905,,,,,,,,,,,
234,234,15.766163744076927,92.57871497666059,,,,,,,,,,,,,,
234,33369,,,,,,2.043790578842163,,,,,,,,,,
235,33379,,,,,2.069932222366333,,,,,,,,,,,
235,33389,,,,,1.7717922925949097,,,,,,,,,,,
235,33399,,,,,1.8621505498886108,,,,,,,,,,,
235,33409,,,,,1.8522863388061523,,,,,,,,,,,
235,33419,,,,,1.8668934106826782,,,,,,,,,,,
235,33429,,,,,2.1873581409454346,,,,,,,,,,,
235,33439,,,,,1.9142755270004272,,,,,,,,,,,
235,33449,,,,,2.008348226547241,,,,,,,,,,,
235,33459,,,,,2.076688289642334,,,,,,,,,,,
235,33469,,,,,2.1729178428649902,,,,,,,,,,,
235,33479,,,,,2.0965325832366943,,,,,,,,,,,
235,33489,,,,,1.9805479049682617,,,,,,,,,,,
235,33499,,,,,1.923590064048767,,,,,,,,,,,
235,33509,,,,,1.887241005897522,,,,,,,,,,,
235,235,13.45694878554727,92.58642460894383,,,,,,,,,,,,,,
235,33511,,,,,,2.0412440299987793,,,,,,,,,,
236,33519,,,,,2.156669855117798,,,,,,,,,,,
236,33529,,,,,2.040778636932373,,,,,,,,,,,
236,33539,,,,,2.014411687850952,,,,,,,,,,,
236,33549,,,,,2.1445000171661377,,,,,,,,,,,
236,33559,,,,,2.0166659355163574,,,,,,,,,,,
236,33569,,,,,2.1669018268585205,,,,,,,,,,,
236,33579,,,,,2.041538715362549,,,,,,,,,,,
236,33589,,,,,2.063779354095459,,,,,,,,,,,
236,33599,,,,,2.1379544734954834,,,,,,,,,,,
236,33609,,,,,1.890230417251587,,,,,,,,,,,
236,33619,,,,,2.183624505996704,,,,,,,,,,,
236,33629,,,,,1.852810263633728,,,,,,,,,,,
236,33639,,,,,2.150390863418579,,,,,,,,,,,
236,33649,,,,,2.2295241355895996,,,,,,,,,,,
236,236,15.930280394408076,92.59401577720794,,,,,,,,,,,,,,
236,33653,,,,,,2.0346953868865967,,,,,,,,,,
237,33659,,,,,1.974483609199524,,,,,,,,,,,
237,33669,,,,,1.75430428981781,,,,,,,,,,,
237,33679,,,,,2.1732938289642334,,,,,,,,,,,
237,33689,,,,,1.8826267719268799,,,,,,,,,,,
237,33699,,,,,2.0054266452789307,,,,,,,,,,,
237,33709,,,,,1.9265862703323364,,,,,,,,,,,
237,33719,,,,,2.1292450428009033,,,,,,,,,,,
237,33729,,,,,2.0345442295074463,,,,,,,,,,,
237,33739,,,,,1.878551721572876,,,,,,,,,,,
237,33749,,,,,1.9435466527938843,,,,,,,,,,,
237,33759,,,,,2.1861016750335693,,,,,,,,,,,
237,33769,,,,,1.7896254062652588,,,,,,,,,,,
237,33779,,,,,2.0527942180633545,,,,,,,,,,,
237,33789,,,,,1.905300498008728,,,,,,,,,,,
237,237,15.439193670335056,92.6020950819523,,,,,,,,,,,,,,
237,33795,,,,,,2.023679256439209,,,,,,,,,,
238,33799,,,,,1.8280813694000244,,,,,,,,,,,
238,33809,,,,,2.257225275039673,,,,,,,,,,,
238,33819,,,,,1.942431092262268,,,,,,,,,,,
238,33829,,,,,2.237734079360962,,,,,,,,,,,
238,33839,,,,,1.7068395614624023,,,,,,,,,,,
238,33849,,,,,2.0489397048950195,,,,,,,,,,,
238,33859,,,,,1.8526591062545776,,,,,,,,,,,
238,33869,,,,,2.053734302520752,,,,,,,,,,,
238,33879,,,,,1.769582748413086,,,,,,,,,,,
238,33889,,,,,2.2036795616149902,,,,,,,,,,,
238,33899,,,,,2.3548474311828613,,,,,,,,,,,
238,33909,,,,,1.9890764951705933,,,,,,,,,,,
238,33919,,,,,2.0228922367095947,,,,,,,,,,,
238,33929,,,,,2.4487693309783936,,,,,,,,,,,
238,238,15.718591386968836,92.60947596824,,,,,,,,,,,,,,
238,33937,,,,,,2.023071050643921,,,,,,,,,,
239,33939,,,,,2.0165820121765137,,,,,,,,,,,
239,33949,,,,,1.8042482137680054,,,,,,,,,,,
239,33959,,,,,2.0873358249664307,,,,,,,,,,,
239,33969,,,,,1.9902606010437012,,,,,,,,,,,
239,33979,,,,,1.976275086402893,,,,,,,,,,,
239,33989,,,,,2.066072940826416,,,,,,,,,,,
239,33999,,,,,1.923322081565857,,,,,,,,,,,
239,34009,,,,,2.0016937255859375,,,,,,,,,,,
239,34019,,,,,2.090043544769287,,,,,,,,,,,
239,34029,,,,,2.2711992263793945,,,,,,,,,,,
239,34039,,,,,1.8175312280654907,,,,,,,,,,,
239,34049,,,,,2.1341559886932373,,,,,,,,,,,
239,34059,,,,,1.9881460666656494,,,,,,,,,,,
239,34069,,,,,2.024542808532715,,,,,,,,,,,
239,34079,,,,,2.2735092639923096,,,,,,,,,,,
239,239,,,0.9738619923591614,0.31136152148246765,,,1.7823373262633844,0.4655017852783203,,0.8865484595298767,,0.18155743181705475,,3.139987604654565,,0.2513108253479004
239,34079,,,,,,,,,0.8865484595298767,,0.18155743181705475,,3.1399879455566406,,0.2513108253479004,
239,239,15.110613449228639,92.61663722262522,,,,,,,,,,,,,,
239,34079,,,,,,2.014202117919922,,,,,,,,,,
240,34089,,,,,1.7695786952972412,,,,,,,,,,,
240,34099,,,,,1.9081567525863647,,,,,,,,,,,
240,34109,,,,,2.071439266204834,,,,,,,,,,,
240,34119,,,,,2.0799050331115723,,,,,,,,,,,
240,34129,,,,,1.9584544897079468,,,,,,,,,,,
240,34139,,,,,2.0007646083831787,,,,,,,,,,,
240,34149,,,,,2.0104854106903076,,,,,,,,,,,
240,34159,,,,,2.0746419429779053,,,,,,,,,,,
240,34169,,,,,1.9305760860443115,,,,,,,,,,,
240,34179,,,,,2.2226052284240723,,,,,,,,,,,
240,34189,,,,,2.1397793292999268,,,,,,,,,,,
240,34199,,,,,1.9616286754608154,,,,,,,,,,,
240,34209,,,,,2.2886886596679688,,,,,,,,,,,
240,34219,,,,,2.018277645111084,,,,,,,,,,,
240,240,14.181883153558362,92.62412322889608,,,,,,,,,,,,,,
240,34221,,,,,,2.014021158218384,,,,,,,,,,
241,34229,,,,,2.0223562717437744,,,,,,,,,,,
241,34239,,,,,2.1165716648101807,,,,,,,,,,,
241,34249,,,,,1.9977091550827026,,,,,,,,,,,
241,34259,,,,,1.7977874279022217,,,,,,,,,,,
241,34269,,,,,2.1426308155059814,,,,,,,,,,,
241,34279,,,,,2.06390380859375,,,,,,,,,,,
241,34289,,,,,2.171516180038452,,,,,,,,,,,
241,34299,,,,,2.1202499866485596,,,,,,,,,,,
241,34309,,,,,1.830155611038208,,,,,,,,,,,
241,34319,,,,,1.8314793109893799,,,,,,,,,,,
241,34329,,,,,2.0593438148498535,,,,,,,,,,,
241,34339,,,,,1.9712189435958862,,,,,,,,,,,
241,34349,,,,,2.0789520740509033,,,,,,,,,,,
241,34359,,,,,1.9569696187973022,,,,,,,,,,,
241,241,14.890979663158117,92.63124303538268,,,,,,,,,,,,,,
241,34363,,,,,,2.006920337677002,,,,,,,,,,
242,34369,,,,,1.6618642807006836,,,,,,,,,,,
242,34379,,,,,2.298450231552124,,,,,,,,,,,
242,34389,,,,,1.9876757860183716,,,,,,,,,,,
242,34399,,,,,1.8214608430862427,,,,,,,,,,,
242,34409,,,,,1.9167776107788086,,,,,,,,,,,
242,34419,,,,,1.9546281099319458,,,,,,,,,,,
242,34429,,,,,2.0260207653045654,,,,,,,,,,,
242,34439,,,,,1.9925142526626587,,,,,,,,,,,
242,34449,,,,,2.1670024394989014,,,,,,,,,,,
242,34459,,,,,1.7060188055038452,,,,,,,,,,,
242,34469,,,,,2.2050564289093018,,,,,,,,,,,
242,34479,,,,,2.120764970779419,,,,,,,,,,,
242,34489,,,,,2.1554555892944336,,,,,,,,,,,
242,34499,,,,,2.0780036449432373,,,,,,,,,,,
242,242,14.856317085474792,92.63809221121456,,,,,,,,,,,,,,
242,34505,,,,,,2.0065133571624756,,,,,,,,,,
243,34509,,,,,2.0767838954925537,,,,,,,,,,,
243,34519,,,,,1.8835827112197876,,,,,,,,,,,
243,34529,,,,,2.095250129699707,,,,,,,,,,,
243,34539,,,,,2.066910743713379,,,,,,,,,,,
243,34549,,,,,1.8545347452163696,,,,,,,,,,,
243,34559,,,,,1.711081862449646,,,,,,,,,,,
243,34569,,,,,1.869224190711975,,,,,,,,,,,
243,34579,,,,,1.9095979928970337,,,,,,,,,,,
243,34589,,,,,2.0539703369140625,,,,,,,,,,,
243,34599,,,,,1.9391735792160034,,,,,,,,,,,
243,34609,,,,,1.6630043983459473,,,,,,,,,,,
243,34619,,,,,1.9746880531311035,,,,,,,,,,,
243,34629,,,,,1.8448814153671265,,,,,,,,,,,
243,34639,,,,,2.0995497703552246,,,,,,,,,,,
243,243,15.999345640183225,92.64610339808837,,,,,,,,,,,,,,
243,34647,,,,,,1.9994237422943115,,,,,,,,,,
244,34649,,,,,1.8227038383483887,,,,,,,,,,,
244,34659,,,,,1.8023197650909424,,,,,,,,,,,
244,34669,,,,,2.168039560317993,,,,,,,,,,,
244,34679,,,,,2.1495721340179443,,,,,,,,,,,
244,34689,,,,,2.2068991661071777,,,,,,,,,,,
244,34699,,,,,1.8903697729110718,,,,,,,,,,,
244,34709,,,,,2.0313925743103027,,,,,,,,,,,
244,34719,,,,,2.173760414123535,,,,,,,,,,,
244,34729,,,,,2.072603464126587,,,,,,,,,,,
244,34739,,,,,2.116594076156616,,,,,,,,,,,
244,34749,,,,,1.9521721601486206,,,,,,,,,,,
244,34759,,,,,2.035080671310425,,,,,,,,,,,
244,34769,,,,,2.001911163330078,,,,,,,,,,,
244,34779,,,,,2.2566487789154053,,,,,,,,,,,
244,34789,,,,,2.0497844219207764,,,,,,,,,,,
244,244,15.185989958281464,92.65338598716839,,,,,,,,,,,,,,
244,34789,,,,,,1.9978989362716675,,,,,,,,,,
245,34799,,,,,2.0809247493743896,,,,,,,,,,,
245,34809,,,,,2.0960538387298584,,,,,,,,,,,
245,34819,,,,,2.0358848571777344,,,,,,,,,,,
245,34829,,,,,2.0109426975250244,,,,,,,,,,,
245,34839,,,,,1.9130871295928955,,,,,,,,,,,
245,34849,,,,,1.936283826828003,,,,,,,,,,,
245,34859,,,,,2.108448028564453,,,,,,,,,,,
245,34869,,,,,1.8870360851287842,,,,,,,,,,,
245,34879,,,,,2.1790428161621094,,,,,,,,,,,
245,34889,,,,,2.0846574306488037,,,,,,,,,,,
245,34899,,,,,1.7924147844314575,,,,,,,,,,,
245,34909,,,,,1.8823087215423584,,,,,,,,,,,
245,34919,,,,,1.940889835357666,,,,,,,,,,,
245,34929,,,,,1.8882994651794434,,,,,,,,,,,
245,245,13.966019273313504,92.6607407513102,,,,,,,,,,,,,,
245,34931,,,,,,1.989067792892456,,,,,,,,,,
246,34939,,,,,2.069952964782715,,,,,,,,,,,
246,34949,,,,,2.0372421741485596,,,,,,,,,,,
246,34959,,,,,2.017977476119995,,,,,,,,,,,
246,34969,,,,,1.7909049987792969,,,,,,,,,,,
246,34979,,,,,1.8795888423919678,,,,,,,,,,,
246,34989,,,,,2.3696751594543457,,,,,,,,,,,
246,34999,,,,,1.7690762281417847,,,,,,,,,,,
246,35009,,,,,2.0779645442962646,,,,,,,,,,,
246,35019,,,,,1.8753852844238281,,,,,,,,,,,
246,35029,,,,,2.0126776695251465,,,,,,,,,,,
246,35039,,,,,1.9296305179595947,,,,,,,,,,,
246,35049,,,,,2.0074703693389893,,,,,,,,,,,
246,35059,,,,,2.107649087905884,,,,,,,,,,,
246,35069,,,,,2.137927770614624,,,,,,,,,,,
246,246,15.080793650728028,92.66853547207401,,,,,,,,,,,,,,
246,35073,,,,,,1.9876072406768799,,,,,,,,,,
247,35079,,,,,2.005237579345703,,,,,,,,,,,
247,35089,,,,,2.0468478202819824,,,,,,,,,,,
247,35099,,,,,1.9941412210464478,,,,,,,,,,,
247,35109,,,,,1.7352676391601562,,,,,,,,,,,
247,35119,,,,,2.0116500854492188,,,,,,,,,,,
247,35129,,,,,1.9412789344787598,,,,,,,,,,,
247,35139,,,,,1.8968349695205688,,,,,,,,,,,
247,35149,,,,,1.849678874015808,,,,,,,,,,,
247,35159,,,,,2.053133249282837,,,,,,,,,,,
247,35169,,,,,1.9973506927490234,,,,,,,,,,,
247,35179,,,,,1.8528460264205933,,,,,,,,,,,
247,35189,,,,,2.0932979583740234,,,,,,,,,,,
247,35199,,,,,2.0281622409820557,,,,,,,,,,,
247,35209,,,,,1.666668176651001,,,,,,,,,,,
247,247,13.886613749260693,92.67588275699237,,,,,,,,,,,,,,
247,35215,,,,,,1.9881455898284912,,,,,,,,,,
248,35219,,,,,2.066849946975708,,,,,,,,,,,
248,35229,,,,,1.8936781883239746,,,,,,,,,,,
248,35239,,,,,2.00052809715271,,,,,,,,,,,
248,35249,,,,,1.6573439836502075,,,,,,,,,,,
248,35259,,,,,1.9231759309768677,,,,,,,,,,,
248,35269,,,,,2.340500831604004,,,,,,,,,,,
248,35279,,,,,2.2161803245544434,,,,,,,,,,,
248,35289,,,,,2.244361639022827,,,,,,,,,,,
248,35299,,,,,2.1902267932891846,,,,,,,,,,,
248,35309,,,,,2.222438097000122,,,,,,,,,,,
248,35319,,,,,1.6744335889816284,,,,,,,,,,,
248,35329,,,,,1.9420703649520874,,,,,,,,,,,
248,35339,,,,,2.1989598274230957,,,,,,,,,,,
248,35349,,,,,2.062795877456665,,,,,,,,,,,
248,248,15.65126471585313,92.68326315789855,,,,,,,,,,,,,,
248,35357,,,,,,1.980000376701355,,,,,,,,,,
249,35359,,,,,2.045332193374634,,,,,,,,,,,
249,35369,,,,,1.9036487340927124,,,,,,,,,,,
249,35379,,,,,1.8930737972259521,,,,,,,,,,,
249,35389,,,,,1.734439492225647,,,,,,,,,,,
249,35399,,,,,2.0218255519866943,,,,,,,,,,,
249,35409,,,,,1.9424749612808228,,,,,,,,,,,
249,35419,,,,,2.1053290367126465,,,,,,,,,,,
249,35429,,,,,2.0026869773864746,,,,,,,,,,,
249,35439,,,,,1.9254528284072876,,,,,,,,,,,
249,35449,,,,,1.7531286478042603,,,,,,,,,,,
249,35459,,,,,1.93632972240448,,,,,,,,,,,
249,35469,,,,,2.2031774520874023,,,,,,,,,,,
249,35479,,,,,2.07289457321167,,,,,,,,,,,
249,35489,,,,,2.054208993911743,,,,,,,,,,,
249,35499,,,,,2.036186695098877,,,,,,,,,,,
249,249,,,0.9760421514511108,0.3186473846435547,,,1.729359410148745,0.4834126830101013,,0.8863999247550964,,0.18513882160186768,,3.1766204757958043,,0.25258010625839233
249,35499,,,,,,,,,0.8863999247550964,,0.18513882160186768,,3.1766202449798584,,0.25258010625839233,
249,249,16.011424882273595,92.69065448460891,,,,,,,,,,,,,,
249,35499,,,,,,1.9708486795425415,,,,,,,,,,
250,35509,,,,,1.9674444198608398,,,,,,,,,,,
250,35519,,,,,1.9853954315185547,,,,,,,,,,,
250,35529,,,,,2.006716251373291,,,,,,,,,,,
250,35539,,,,,1.851220965385437,,,,,,,,,,,
250,35549,,,,,2.434006929397583,,,,,,,,,,,
250,35559,,,,,2.0020980834960938,,,,,,,,,,,
250,35569,,,,,2.0754928588867188,,,,,,,,,,,
250,35579,,,,,2.0729310512542725,,,,,,,,,,,
250,35589,,,,,1.737019658088684,,,,,,,,,,,
250,35599,,,,,1.939325213432312,,,,,,,,,,,
250,35609,,,,,1.888559341430664,,,,,,,,,,,
250,35619,,,,,1.9183605909347534,,,,,,,,,,,
250,35629,,,,,2.069147825241089,,,,,,,,,,,
250,35639,,,,,1.9441213607788086,,,,,,,,,,,
250,250,15.793596424723294,92.69789489995094,,,,,,,,,,,,,,
250,35641,,,,,,1.9728504419326782,,,,,,,,,,
251,35649,,,,,2.1546342372894287,,,,,,,,,,,
251,35659,,,,,1.9660996198654175,,,,,,,,,,,
251,35669,,,,,1.8803123235702515,,,,,,,,,,,
251,35679,,,,,1.9768165349960327,,,,,,,,,,,
251,35689,,,,,2.0691614151000977,,,,,,,,,,,
251,35699,,,,,2.1906769275665283,,,,,,,,,,,
251,35709,,,,,1.8004907369613647,,,,,,,,,,,
251,35719,,,,,1.9837708473205566,,,,,,,,,,,
251,35729,,,,,1.6391987800598145,,,,,,,,,,,
251,35739,,,,,1.7604833841323853,,,,,,,,,,,
251,35749,,,,,1.9463344812393188,,,,,,,,,,,
251,35759,,,,,1.9789257049560547,,,,,,,,,,,
251,35769,,,,,2.0048015117645264,,,,,,,,,,,
251,35779,,,,,1.6263103485107422,,,,,,,,,,,
251,251,16.361155865892922,92.70509582486294,,,,,,,,,,,,,,
251,35783,,,,,,1.9601991176605225,,,,,,,,,,
252,35789,,,,,2.2097702026367188,,,,,,,,,,,
252,35799,,,,,1.8873332738876343,,,,,,,,,,,
252,35809,,,,,2.0076026916503906,,,,,,,,,,,
252,35819,,,,,1.918890357017517,,,,,,,,,,,
252,35829,,,,,2.2073633670806885,,,,,,,,,,,
252,35839,,,,,1.9459307193756104,,,,,,,,,,,
252,35849,,,,,2.2545273303985596,,,,,,,,,,,
252,35859,,,,,2.0210635662078857,,,,,,,,,,,
252,35869,,,,,1.8592263460159302,,,,,,,,,,,
252,35879,,,,,1.9738235473632812,,,,,,,,,,,
252,35889,,,,,1.816759705543518,,,,,,,,,,,
252,35899,,,,,1.9633779525756836,,,,,,,,,,,
252,35909,,,,,1.9637986421585083,,,,,,,,,,,
252,35919,,,,,1.953512191772461,,,,,,,,,,,
252,252,15.12483004792472,92.71235258482066,,,,,,,,,,,,,,
252,35925,,,,,,1.9587606191635132,,,,,,,,,,
253,35929,,,,,2.1503195762634277,,,,,,,,,,,
253,35939,,,,,1.9567192792892456,,,,,,,,,,,
253,35949,,,,,1.8543695211410522,,,,,,,,,,,
253,35959,,,,,2.0351452827453613,,,,,,,,,,,
253,35969,,,,,1.8950310945510864,,,,,,,,,,,
253,35979,,,,,2.1330013275146484,,,,,,,,,,,
253,35989,,,,,2.0834972858428955,,,,,,,,,,,
253,35999,,,,,1.963064193725586,,,,,,,,,,,
253,36009,,,,,1.852042555809021,,,,,,,,,,,
253,36019,,,,,2.1328063011169434,,,,,,,,,,,
253,36029,,,,,1.8793147802352905,,,,,,,,,,,
253,36039,,,,,1.701191782951355,,,,,,,,,,,
253,36049,,,,,1.744930386543274,,,,,,,,,,,
253,36059,,,,,1.8431004285812378,,,,,,,,,,,
253,253,14.525492332353874,92.72030272178512,,,,,,,,,,,,,,
253,36067,,,,,,1.9562166929244995,,,,,,,,,,
254,36069,,,,,1.6846239566802979,,,,,,,,,,,
254,36079,,,,,2.036180019378662,,,,,,,,,,,
254,36089,,,,,1.9360674619674683,,,,,,,,,,,
254,36099,,,,,2.0308306217193604,,,,,,,,,,,
254,36109,,,,,1.9629758596420288,,,,,,,,,,,
254,36119,,,,,1.923014760017395,,,,,,,,,,,
254,36129,,,,,1.8715898990631104,,,,,,,,,,,
254,36139,,,,,2.1116952896118164,,,,,,,,,,,
254,36149,,,,,1.8317644596099854,,,,,,,,,,,
254,36159,,,,,1.903028964996338,,,,,,,,,,,
254,36169,,,,,1.7662889957427979,,,,,,,,,,,
254,36179,,,,,1.9648770093917847,,,,,,,,,,,
254,36189,,,,,1.8671406507492065,,,,,,,,,,,
254,36199,,,,,1.9164060354232788,,,,,,,,,,,
254,36209,,,,,1.9147989749908447,,,,,,,,,,,
254,254,14.35945041903866,92.7282966830669,,,,,,,,,,,,,,
254,36209,,,,,,1.9517822265625,,,,,,,,,,
255,36219,,,,,1.9362376928329468,,,,,,,,,,,
255,36229,,,,,2.042354106903076,,,,,,,,,,,
255,36239,,,,,1.9231537580490112,,,,,,,,,,,
255,36249,,,,,2.1701226234436035,,,,,,,,,,,
255,36259,,,,,2.042692184448242,,,,,,,,,,,
255,36269,,,,,1.8131160736083984,,,,,,,,,,,
255,36279,,,,,1.7706133127212524,,,,,,,,,,,
255,36289,,,,,2.062208414077759,,,,,,,,,,,
255,36299,,,,,1.94275963306427,,,,,,,,,,,
255,36309,,,,,1.9227510690689087,,,,,,,,,,,
255,36319,,,,,1.9813016653060913,,,,,,,,,,,
255,36329,,,,,1.9770959615707397,,,,,,,,,,,
255,36339,,,,,1.8379164934158325,,,,,,,,,,,
255,36349,,,,,2.1729228496551514,,,,,,,,,,,
255,255,15.08727967684356,92.73585101330517,,,,,,,,,,,,,,
255,36351,,,,,,1.9395408630371094,,,,,,,,,,
256,36359,,,,,1.8541499376296997,,,,,,,,,,,
256,36369,,,,,2.0246493816375732,,,,,,,,,,,
256,36379,,,,,1.852350115776062,,,,,,,,,,,
256,36389,,,,,1.8107357025146484,,,,,,,,,,,
256,36399,,,,,1.8961989879608154,,,,,,,,,,,
256,36409,,,,,1.9748715162277222,,,,,,,,,,,
256,36419,,,,,2.1552488803863525,,,,,,,,,,,
256,36429,,,,,1.8787637948989868,,,,,,,,,,,
256,36439,,,,,1.913624882698059,,,,,,,,,,,
256,36449,,,,,1.9571533203125,,,,,,,,,,,
256,36459,,,,,1.9799264669418335,,,,,,,,,,,
256,36469,,,,,1.7337630987167358,,,,,,,,,,,
256,36479,,,,,1.8968862295150757,,,,,,,,,,,
256,36489,,,,,1.99000084400177,,,,,,,,,,,
256,256,13.424080508900182,92.74356645826278,,,,,,,,,,,,,,
256,36493,,,,,,1.9334602355957031,,,,,,,,,,
257,36499,,,,,1.9772429466247559,,,,,,,,,,,
257,36509,,,,,2.183826208114624,,,,,,,,,,,
257,36519,,,,,1.9272812604904175,,,,,,,,,,,
257,36529,,,,,2.3151535987854004,,,,,,,,,,,
257,36539,,,,,2.1143064498901367,,,,,,,,,,,
257,36549,,,,,1.8120371103286743,,,,,,,,,,,
257,36559,,,,,2.1194517612457275,,,,,,,,,,,
257,36569,,,,,2.217987298965454,,,,,,,,,,,
257,36579,,,,,2.089742660522461,,,,,,,,,,,
257,36589,,,,,1.859425663948059,,,,,,,,,,,
257,36599,,,,,1.9333250522613525,,,,,,,,,,,
257,36609,,,,,1.5916658639907837,,,,,,,,,,,
257,36619,,,,,1.8194750547409058,,,,,,,,,,,
257,36629,,,,,2.0353586673736572,,,,,,,,,,,
257,257,15.408938736034036,92.75119683059656,,,,,,,,,,,,,,
257,36635,,,,,,1.9378894567489624,,,,,,,,,,
258,36639,,,,,1.8488019704818726,,,,,,,,,,,
258,36649,,,,,2.04185152053833,,,,,,,,,,,
258,36659,,,,,1.871097207069397,,,,,,,,,,,
258,36669,,,,,2.0594191551208496,,,,,,,,,,,
258,36679,,,,,2.05440354347229,,,,,,,,,,,
258,36689,,,,,2.0720677375793457,,,,,,,,,,,
258,36699,,,,,1.6935174465179443,,,,,,,,,,,
258,36709,,,,,2.159259796142578,,,,,,,,,,,
258,36719,,,,,1.8354686498641968,,,,,,,,,,,
258,36729,,,,,2.0095367431640625,,,,,,,,,,,
258,36739,,,,,2.050722599029541,,,,,,,,,,,
258,36749,,,,,1.783089280128479,,,,,,,,,,,
258,36759,,,,,1.927857756614685,,,,,,,,,,,
258,36769,,,,,2.0286173820495605,,,,,,,,,,,
258,258,15.635054423923703,92.75905215405496,,,,,,,,,,,,,,
258,36777,,,,,,1.9298374652862549,,,,,,,,,,
259,36779,,,,,1.9862487316131592,,,,,,,,,,,
259,36789,,,,,1.869099497795105,,,,,,,,,,,
259,36799,,,,,1.7487539052963257,,,,,,,,,,,
259,36809,,,,,1.883888602256775,,,,,,,,,,,
259,36819,,,,,2.0922207832336426,,,,,,,,,,,
259,36829,,,,,1.7875014543533325,,,,,,,,,,,
259,36839,,,,,1.9274858236312866,,,,,,,,,,,
259,36849,,,,,1.8536537885665894,,,,,,,,,,,
259,36859,,,,,1.8359200954437256,,,,,,,,,,,
259,36869,,,,,2.0518574714660645,,,,,,,,,,,
259,36879,,,,,1.942179560661316,,,,,,,,,,,
259,36889,,,,,1.958870530128479,,,,,,,,,,,
259,36899,,,,,1.8445402383804321,,,,,,,,,,,
259,36909,,,,,1.9385615587234497,,,,,,,,,,,
259,36919,,,,,2.042386293411255,,,,,,,,,,,
259,259,,,0.9775077104568481,0.341001033782959,,,1.6931175510567356,0.49827390909194946,,0.8866297006607056,,0.1929132640361786,,3.2205052667734573,,0.2543359696865082
259,36919,,,,,,,,,0.8866297006607056,,0.1929132640361786,,3.2205049991607666,,0.2543359696865082,
259,259,15.259240435131632,92.76687034696329,,,,,,,,,,,,,,
259,36919,,,,,,1.9231197834014893,,,,,,,,,,
260,36929,,,,,1.599779725074768,,,,,,,,,,,
260,36939,,,,,1.8061861991882324,,,,,,,,,,,
260,36949,,,,,1.7845252752304077,,,,,,,,,,,
260,36959,,,,,1.9713935852050781,,,,,,,,,,,
260,36969,,,,,2.0565621852874756,,,,,,,,,,,
260,36979,,,,,2.1818032264709473,,,,,,,,,,,
260,36989,,,,,2.1334140300750732,,,,,,,,,,,
260,36999,,,,,1.9378329515457153,,,,,,,,,,,
260,37009,,,,,1.8733102083206177,,,,,,,,,,,
260,37019,,,,,1.9708106517791748,,,,,,,,,,,
260,37029,,,,,2.0287811756134033,,,,,,,,,,,
260,37039,,,,,2.093233823776245,,,,,,,,,,,
260,37049,,,,,1.947977900505066,,,,,,,,,,,
260,37059,,,,,1.9063968658447266,,,,,,,,,,,
260,260,16.89454494783852,92.77425320087909,,,,,,,,,,,,,,
260,37061,,,,,,1.919331431388855,,,,,,,,,,
261,37069,,,,,2.189201593399048,,,,,,,,,,,
261,37079,,,,,1.8364009857177734,,,,,,,,,,,
261,37089,,,,,2.077423572540283,,,,,,,,,,,
261,37099,,,,,2.0424726009368896,,,,,,,,,,,
261,37109,,,,,1.9354310035705566,,,,,,,,,,,
261,37119,,,,,2.1335763931274414,,,,,,,,,,,
261,37129,,,,,1.8613728284835815,,,,,,,,,,,
261,37139,,,,,1.9695931673049927,,,,,,,,,,,
261,37149,,,,,1.9066308736801147,,,,,,,,,,,
261,37159,,,,,2.0415608882904053,,,,,,,,,,,
261,37169,,,,,1.8485069274902344,,,,,,,,,,,
261,37179,,,,,1.7956314086914062,,,,,,,,,,,
261,37189,,,,,1.9996721744537354,,,,,,,,,,,
261,37199,,,,,1.9694679975509644,,,,,,,,,,,
261,261,15.839695748044319,92.78121661424957,,,,,,,,,,,,,,
261,37203,,,,,,1.91636061668396,,,,,,,,,,
262,37209,,,,,1.8675187826156616,,,,,,,,,,,
262,37219,,,,,1.7142012119293213,,,,,,,,,,,
262,37229,,,,,2.0536296367645264,,,,,,,,,,,
262,37239,,,,,2.0366973876953125,,,,,,,,,,,
262,37249,,,,,1.8287166357040405,,,,,,,,,,,
262,37259,,,,,2.1003596782684326,,,,,,,,,,,
262,37269,,,,,1.6009690761566162,,,,,,,,,,,
262,37279,,,,,1.9452401399612427,,,,,,,,,,,
262,37289,,,,,1.8037972450256348,,,,,,,,,,,
262,37299,,,,,1.9067745208740234,,,,,,,,,,,
262,37309,,,,,1.884900450706482,,,,,,,,,,,
262,37319,,,,,1.8410331010818481,,,,,,,,,,,
262,37329,,,,,1.9655529260635376,,,,,,,,,,,
262,37339,,,,,1.756195306777954,,,,,,,,,,,
262,262,15.556264247075976,92.78893134501538,,,,,,,,,,,,,,
262,37345,,,,,,1.9156171083450317,,,,,,,,,,
263,37349,,,,,2.1056923866271973,,,,,,,,,,,
263,37359,,,,,1.799085021018982,,,,,,,,,,,
263,37369,,,,,1.955798625946045,,,,,,,,,,,
263,37379,,,,,1.995858073234558,,,,,,,,,,,
263,37389,,,,,1.6295915842056274,,,,,,,,,,,
263,37399,,,,,1.976340889930725,,,,,,,,,,,
263,37409,,,,,1.7812557220458984,,,,,,,,,,,
263,37419,,,,,2.059164047241211,,,,,,,,,,,
263,37429,,,,,1.8908660411834717,,,,,,,,,,,
263,37439,,,,,2.1153624057769775,,,,,,,,,,,
263,37449,,,,,1.8762158155441284,,,,,,,,,,,
263,37459,,,,,2.0622305870056152,,,,,,,,,,,
263,37469,,,,,1.946298599243164,,,,,,,,,,,
263,37479,,,,,1.992975115776062,,,,,,,,,,,
263,263,16.53794486958397,92.79627124510814,,,,,,,,,,,,,,
263,37487,,,,,,1.911644458770752,,,,,,,,,,
264,37489,,,,,1.8147350549697876,,,,,,,,,,,
264,37499,,,,,1.7046819925308228,,,,,,,,,,,
264,37509,,,,,1.9223296642303467,,,,,,,,,,,
264,37519,,,,,1.68128502368927,,,,,,,,,,,
264,37529,,,,,2.1470274925231934,,,,,,,,,,,
264,37539,,,,,2.0197737216949463,,,,,,,,,,,
264,37549,,,,,1.9172630310058594,,,,,,,,,,,
264,37559,,,,,2.1096184253692627,,,,,,,,,,,
264,37569,,,,,1.833523154258728,,,,,,,,,,,
264,37579,,,,,1.9194799661636353,,,,,,,,,,,
264,37589,,,,,2.1269428730010986,,,,,,,,,,,
264,37599,,,,,2.0840044021606445,,,,,,,,,,,
264,37609,,,,,2.115579128265381,,,,,,,,,,,
264,37619,,,,,2.1173312664031982,,,,,,,,,,,
264,37629,,,,,2.0170164108276367,,,,,,,,,,,
264,264,15.985553372755518,92.80345521168753,,,,,,,,,,,,,,
264,37629,,,,,,1.900564193725586,,,,,,,,,,
265,37639,,,,,1.7615267038345337,,,,,,,,,,,
265,37649,,,,,1.66415536403656,,,,,,,,,,,
265,37659,,,,,2.005746841430664,,,,,,,,,,,
265,37669,,,,,1.9418004751205444,,,,,,,,,,,
265,37679,,,,,2.0476152896881104,,,,,,,,,,,
265,37689,,,,,1.9519895315170288,,,,,,,,,,,
265,37699,,,,,1.8838818073272705,,,,,,,,,,,
265,37709,,,,,1.8664263486862183,,,,,,,,,,,
265,37719,,,,,2.103573799133301,,,,,,,,,,,
265,37729,,,,,1.940324068069458,,,,,,,,,,,
265,37739,,,,,1.8997536897659302,,,,,,,,,,,
265,37749,,,,,1.8820350170135498,,,,,,,,,,,
265,37759,,,,,2.220425605773926,,,,,,,,,,,
265,37769,,,,,1.5522714853286743,,,,,,,,,,,
265,265,14.293336938504872,92.81091212389714,,,,,,,,,,,,,,
265,37771,,,,,,1.9004603624343872,,,,,,,,,,
266,37779,,,,,1.8360787630081177,,,,,,,,,,,
266,37789,,,,,1.9107131958007812,,,,,,,,,,,
266,37799,,,,,1.976785659790039,,,,,,,,,,,
266,37809,,,,,1.6936832666397095,,,,,,,,,,,
266,37819,,,,,1.993849754333496,,,,,,,,,,,
266,37829,,,,,1.9750401973724365,,,,,,,,,,,
266,37839,,,,,2.118131160736084,,,,,,,,,,,
266,37849,,,,,2.2593252658843994,,,,,,,,,,,
266,37859,,,,,1.946417212486267,,,,,,,,,,,
266,37869,,,,,1.8747162818908691,,,,,,,,,,,
266,37879,,,,,1.6086993217468262,,,,,,,,,,,
266,37889,,,,,2.053715705871582,,,,,,,,,,,
266,37899,,,,,1.7129135131835938,,,,,,,,,,,
266,37909,,,,,1.8169784545898438,,,,,,,,,,,
266,266,14.754195032829147,92.81809950049343,,,,,,,,,,,,,,
266,37913,,,,,,1.8926576375961304,,,,,,,,,,
267,37919,,,,,1.9584667682647705,,,,,,,,,,,
267,37929,,,,,2.08907151222229,,,,,,,,,,,
267,37939,,,,,1.9206962585449219,,,,,,,,,,,
267,37949,,,,,1.9364064931869507,,,,,,,,,,,
267,37959,,,,,1.663817048072815,,,,,,,,,,,
267,37969,,,,,1.7799737453460693,,,,,,,,,,,
267,37979,,,,,1.5612537860870361,,,,,,,,,,,
267,37989,,,,,1.757796287536621,,,,,,,,,,,
267,37999,,,,,2.064887285232544,,,,,,,,,,,
267,38009,,,,,2.0412440299987793,,,,,,,,,,,
267,38019,,,,,1.7179944515228271,,,,,,,,,,,
267,38029,,,,,1.9431825876235962,,,,,,,,,,,
267,38039,,,,,1.8672170639038086,,,,,,,,,,,
267,38049,,,,,1.874155879020691,,,,,,,,,,,
267,267,17.30497335522816,92.82543890717962,,,,,,,,,,,,,,
267,38055,,,,,,1.8934975862503052,,,,,,,,,,
268,38059,,,,,1.8195332288742065,,,,,,,,,,,
268,38069,,,,,1.7943636178970337,,,,,,,,,,,
268,38079,,,,,1.7711292505264282,,,,,,,,,,,
268,38089,,,,,1.7682385444641113,,,,,,,,,,,
268,38099,,,,,1.9592063426971436,,,,,,,,,,,
268,38109,,,,,1.8370250463485718,,,,,,,,,,,
268,38119,,,,,1.8846220970153809,,,,,,,,,,,
268,38129,,,,,1.7843819856643677,,,,,,,,,,,
268,38139,,,,,1.7966314554214478,,,,,,,,,,,
268,38149,,,,,2.079620122909546,,,,,,,,,,,
268,38159,,,,,2.065730571746826,,,,,,,,,,,
268,38169,,,,,2.0483453273773193,,,,,,,,,,,
268,38179,,,,,1.8772305250167847,,,,,,,,,,,
268,38189,,,,,1.9058984518051147,,,,,,,,,,,
268,268,16.49814091942928,92.83291905016148,,,,,,,,,,,,,,
268,38197,,,,,,1.8879365921020508,,,,,,,,,,
269,38199,,,,,1.9603233337402344,,,,,,,,,,,
269,38209,,,,,1.9133721590042114,,,,,,,,,,,
269,38219,,,,,1.7342742681503296,,,,,,,,,,,
269,38229,,,,,1.941823959350586,,,,,,,,,,,
269,38239,,,,,2.094327211380005,,,,,,,,,,,
269,38249,,,,,2.020063638687134,,,,,,,,,,,
269,38259,,,,,1.79677152633667,,,,,,,,,,,
269,38269,,,,,1.7058465480804443,,,,,,,,,,,
269,38279,,,,,1.9124938249588013,,,,,,,,,,,
269,38289,,,,,1.9517947435379028,,,,,,,,,,,
269,38299,,,,,1.7724812030792236,,,,,,,,,,,
269,38309,,,,,1.8203673362731934,,,,,,,,,,,
269,38319,,,,,1.8574323654174805,,,,,,,,,,,
269,38329,,,,,1.8241758346557617,,,,,,,,,,,
269,38339,,,,,2.2653987407684326,,,,,,,,,,,
269,269,,,0.9794105887413025,0.3576135039329529,,,1.6357316349855473,0.5168957114219666,,0.8866774439811707,,0.1995963156223297,,3.233702509987111,,0.2608957588672638
269,38339,,,,,,,,,0.8866774439811707,,0.1995963156223297,,3.2337019443511963,,0.2608957588672638,
269,269,16.639120359546858,92.84033673141971,,,,,,,,,,,,,,
269,38339,,,,,,1.8853589296340942,,,,,,,,,,
270,38349,,,,,1.9158092737197876,,,,,,,,,,,
270,38359,,,,,2.2194249629974365,,,,,,,,,,,
270,38369,,,,,1.7136995792388916,,,,,,,,,,,
270,38379,,,,,1.9915276765823364,,,,,,,,,,,
270,38389,,,,,2.0018908977508545,,,,,,,,,,,
270,38399,,,,,1.6713765859603882,,,,,,,,,,,
270,38409,,,,,1.7792860269546509,,,,,,,,,,,
270,38419,,,,,1.8287544250488281,,,,,,,,,,,
270,38429,,,,,1.7906358242034912,,,,,,,,,,,
270,38439,,,,,1.9879729747772217,,,,,,,,,,,
270,38449,,,,,1.953918218612671,,,,,,,,,,,
270,38459,,,,,2.002146005630493,,,,,,,,,,,
270,38469,,,,,1.9776171445846558,,,,,,,,,,,
270,38479,,,,,1.8440357446670532,,,,,,,,,,,
270,270,17.191192218364314,92.84817939072025,,,,,,,,,,,,,,
270,38481,,,,,,1.8779970407485962,,,,,,,,,,
271,38489,,,,,1.9771101474761963,,,,,,,,,,,
271,38499,,,,,1.7423161268234253,,,,,,,,,,,
271,38509,,,,,2.0467801094055176,,,,,,,,,,,
271,38519,,,,,1.7787060737609863,,,,,,,,,,,
271,38529,,,,,1.8630880117416382,,,,,,,,,,,
271,38539,,,,,1.698087453842163,,,,,,,,,,,
271,38549,,,,,2.0139408111572266,,,,,,,,,,,
271,38559,,,,,1.7968237400054932,,,,,,,,,,,
271,38569,,,,,1.909473180770874,,,,,,,,,,,
271,38579,,,,,1.9685174226760864,,,,,,,,,,,
271,38589,,,,,1.7263462543487549,,,,,,,,,,,
271,38599,,,,,1.9454920291900635,,,,,,,,,,,
271,38609,,,,,1.9722652435302734,,,,,,,,,,,
271,38619,,,,,1.7990844249725342,,,,,,,,,,,
271,271,15.861435696101653,92.85530175682005,,,,,,,,,,,,,,
271,38623,,,,,,1.8782131671905518,,,,,,,,,,
272,38629,,,,,1.8450552225112915,,,,,,,,,,,
272,38639,,,,,1.9204418659210205,,,,,,,,,,,
272,38649,,,,,1.577871322631836,,,,,,,,,,,
272,38659,,,,,2.0445942878723145,,,,,,,,,,,
272,38669,,,,,1.7016987800598145,,,,,,,,,,,
272,38679,,,,,1.841299057006836,,,,,,,,,,,
272,38689,,,,,1.8636554479599,,,,,,,,,,,
272,38699,,,,,1.9462136030197144,,,,,,,,,,,
272,38709,,,,,1.7699334621429443,,,,,,,,,,,
272,38719,,,,,1.7777457237243652,,,,,,,,,,,
272,38729,,,,,1.9158718585968018,,,,,,,,,,,
272,38739,,,,,1.9265270233154297,,,,,,,,,,,
272,38749,,,,,1.6253752708435059,,,,,,,,,,,
272,38759,,,,,2.0569815635681152,,,,,,,,,,,
272,272,16.286593276449036,92.86321629828305,,,,,,,,,,,,,,
272,38765,,,,,,1.8659145832061768,,,,,,,,,,
273,38769,,,,,1.8628671169281006,,,,,,,,,,,
273,38779,,,,,2.0539791584014893,,,,,,,,,,,
273,38789,,,,,1.8035160303115845,,,,,,,,,,,
273,38799,,,,,1.633337378501892,,,,,,,,,,,
273,38809,,,,,1.749216079711914,,,,,,,,,,,
273,38819,,,,,1.7334831953048706,,,,,,,,,,,
273,38829,,,,,1.850675344467163,,,,,,,,,,,
273,38839,,,,,1.7383462190628052,,,,,,,,,,,
273,38849,,,,,1.9404561519622803,,,,,,,,,,,
273,38859,,,,,2.187401294708252,,,,,,,,,,,
273,38869,,,,,1.968355655670166,,,,,,,,,,,
273,38879,,,,,1.7112984657287598,,,,,,,,,,,
273,38889,,,,,1.8907655477523804,,,,,,,,,,,
273,38899,,,,,1.996201753616333,,,,,,,,,,,
273,273,15.684392994024455,92.87118131830422,,,,,,,,,,,,,,
273,38907,,,,,,1.8596991300582886,,,,,,,,,,
274,38909,,,,,2.0777976512908936,,,,,,,,,,,
274,38919,,,,,2.019895553588867,,,,,,,,,,,
274,38929,,,,,1.9448574781417847,,,,,,,,,,,
274,38939,,,,,1.5414637327194214,,,,,,,,,,,
274,38949,,,,,1.8057940006256104,,,,,,,,,,,
274,38959,,,,,1.7905197143554688,,,,,,,,,,,
274,38969,,,,,1.6593753099441528,,,,,,,,,,,
274,38979,,,,,1.7130303382873535,,,,,,,,,,,
274,38989,,,,,1.6266570091247559,,,,,,,,,,,
274,38999,,,,,1.6447982788085938,,,,,,,,,,,
274,39009,,,,,1.7404781579971313,,,,,,,,,,,
274,39019,,,,,2.0246026515960693,,,,,,,,,,,
274,39029,,,,,1.6507943868637085,,,,,,,,,,,
274,39039,,,,,1.697548747062683,,,,,,,,,,,
274,39049,,,,,2.004575490951538,,,,,,,,,,,
274,274,16.000396557321178,92.87875351087027,,,,,,,,,,,,,,
274,39049,,,,,,1.8630212545394897,,,,,,,,,,
275,39059,,,,,1.9441629648208618,,,,,,,,,,,
275,39069,,,,,1.9590508937835693,,,,,,,,,,,
275,39079,,,,,2.0111186504364014,,,,,,,,,,,
275,39089,,,,,1.8845160007476807,,,,,,,,,,,
275,39099,,,,,1.7055619955062866,,,,,,,,,,,
275,39109,,,,,1.6567137241363525,,,,,,,,,,,
275,39119,,,,,1.5489895343780518,,,,,,,,,,,
275,39129,,,,,1.947518229484558,,,,,,,,,,,
275,39139,,,,,2.123481512069702,,,,,,,,,,,
275,39149,,,,,2.006744384765625,,,,,,,,,,,
275,39159,,,,,1.8500597476959229,,,,,,,,,,,
275,39169,,,,,1.8019003868103027,,,,,,,,,,,
275,39179,,,,,1.7435216903686523,,,,,,,,,,,
275,39189,,,,,1.659006118774414,,,,,,,,,,,
275,275,15.738318034035784,92.88658742223308,,,,,,,,,,,,,,
275,39191,,,,,,1.8582655191421509,,,,,,,,,,
276,39199,,,,,1.8015835285186768,,,,,,,,,,,
276,39209,,,,,1.76270592212677,,,,,,,,,,,
276,39219,,,,,1.7461638450622559,,,,,,,,,,,
276,39229,,,,,1.8095617294311523,,,,,,,,,,,
276,39239,,,,,2.064682960510254,,,,,,,,,,,
276,39249,,,,,1.7848293781280518,,,,,,,,,,,
276,39259,,,,,2.1785123348236084,,,,,,,,,,,
276,39269,,,,,1.9532079696655273,,,,,,,,,,,
276,39279,,,,,1.9660203456878662,,,,,,,,,,,
276,39289,,,,,1.7757930755615234,,,,,,,,,,,
276,39299,,,,,1.866931438446045,,,,,,,,,,,
276,39309,,,,,1.7356503009796143,,,,,,,,,,,
276,39319,,,,,2.037875175476074,,,,,,,,,,,
276,39329,,,,,2.0809221267700195,,,,,,,,,,,
276,276,15.422231966953001,92.89436229353682,,,,,,,,,,,,,,
276,39333,,,,,,1.8478291034698486,,,,,,,,,,
277,39339,,,,,1.780943751335144,,,,,,,,,,,
277,39349,,,,,1.9180071353912354,,,,,,,,,,,
277,39359,,,,,1.8618624210357666,,,,,,,,,,,
277,39369,,,,,1.9070886373519897,,,,,,,,,,,
277,39379,,,,,2.0032379627227783,,,,,,,,,,,
277,39389,,,,,2.012662649154663,,,,,,,,,,,
277,39399,,,,,1.5815709829330444,,,,,,,,,,,
277,39409,,,,,1.8208270072937012,,,,,,,,,,,
277,39419,,,,,1.9779549837112427,,,,,,,,,,,
277,39429,,,,,1.5758520364761353,,,,,,,,,,,
277,39439,,,,,1.8549236059188843,,,,,,,,,,,
277,39449,,,,,1.7939388751983643,,,,,,,,,,,
277,39459,,,,,1.7500433921813965,,,,,,,,,,,
277,39469,,,,,1.6528295278549194,,,,,,,,,,,
277,277,15.630192588901517,92.90207414019855,,,,,,,,,,,,,,
277,39475,,,,,,1.8441154956817627,,,,,,,,,,
278,39479,,,,,1.758280873298645,,,,,,,,,,,
278,39489,,,,,1.3796555995941162,,,,,,,,,,,
278,39499,,,,,1.922189712524414,,,,,,,,,,,
278,39509,,,,,1.9107962846755981,,,,,,,,,,,
278,39519,,,,,1.796977162361145,,,,,,,,,,,
278,39529,,,,,1.7699565887451172,,,,,,,,,,,
278,39539,,,,,1.685468077659607,,,,,,,,,,,
278,39549,,,,,1.815548062324524,,,,,,,,,,,
278,39559,,,,,1.817556381225586,,,,,,,,,,,
278,39569,,,,,1.8815962076187134,,,,,,,,,,,
278,39579,,,,,1.9219480752944946,,,,,,,,,,,
278,39589,,,,,1.8044086694717407,,,,,,,,,,,
278,39599,,,,,1.8845031261444092,,,,,,,,,,,
278,39609,,,,,1.6794174909591675,,,,,,,,,,,
278,278,14.87695245557247,92.90971900219266,,,,,,,,,,,,,,
278,39617,,,,,,1.838057041168213,,,,,,,,,,
279,39619,,,,,2.012730598449707,,,,,,,,,,,
279,39629,,,,,1.7420554161071777,,,,,,,,,,,
279,39639,,,,,1.6998035907745361,,,,,,,,,,,
279,39649,,,,,2.0273549556732178,,,,,,,,,,,
279,39659,,,,,1.8438984155654907,,,,,,,,,,,
279,39669,,,,,1.877495527267456,,,,,,,,,,,
279,39679,,,,,1.711642861366272,,,,,,,,,,,
279,39689,,,,,1.7312246561050415,,,,,,,,,,,
279,39699,,,,,1.622593641281128,,,,,,,,,,,
279,39709,,,,,1.7837454080581665,,,,,,,,,,,
279,39719,,,,,1.896657943725586,,,,,,,,,,,
279,39729,,,,,1.8433223962783813,,,,,,,,,,,
279,39739,,,,,2.0070478916168213,,,,,,,,,,,
279,39749,,,,,1.931052565574646,,,,,,,,,,,
279,39759,,,,,1.7863929271697998,,,,,,,,,,,
279,279,,,0.9809631109237671,0.36659348011016846,,,1.5920877099290627,0.5321792364120483,,0.8864021301269531,,0.19921031594276428,,3.288954014072613,,0.25909629464149475
279,39759,,,,,,,,,0.8864021301269531,,0.19921031594276428,,3.288954496383667,,0.25909629464149475,
279,279,16.155573629955416,92.91722113148579,,,,,,,,,,,,,,
279,39759,,,,,,1.842299461364746,,,,,,,,,,
280,39769,,,,,1.7659835815429688,,,,,,,,,,,
280,39779,,,,,1.8486440181732178,,,,,,,,,,,
280,39789,,,,,1.8470412492752075,,,,,,,,,,,
280,39799,,,,,1.7460479736328125,,,,,,,,,,,
280,39809,,,,,1.741301417350769,,,,,,,,,,,
280,39819,,,,,1.7350393533706665,,,,,,,,,,,
280,39829,,,,,1.783124327659607,,,,,,,,,,,
280,39839,,,,,1.8297430276870728,,,,,,,,,,,
280,39849,,,,,1.8158857822418213,,,,,,,,,,,
280,39859,,,,,1.9066076278686523,,,,,,,,,,,
280,39869,,,,,1.8601408004760742,,,,,,,,,,,
280,39879,,,,,1.9790802001953125,,,,,,,,,,,
280,39889,,,,,1.8347082138061523,,,,,,,,,,,
280,39899,,,,,2.0727484226226807,,,,,,,,,,,
280,280,16.25289078905459,92.92446573589793,,,,,,,,,,,,,,
280,39901,,,,,,1.8368221521377563,,,,,,,,,,
281,39909,,,,,1.611808180809021,,,,,,,,,,,
281,39919,,,,,2.032470464706421,,,,,,,,,,,
281,39929,,,,,1.86198890209198,,,,,,,,,,,
281,39939,,,,,1.78402578830719,,,,,,,,,,,
281,39949,,,,,1.8838977813720703,,,,,,,,,,,
281,39959,,,,,1.7743715047836304,,,,,,,,,,,
281,39969,,,,,1.9146679639816284,,,,,,,,,,,
281,39979,,,,,1.8638710975646973,,,,,,,,,,,
281,39989,,,,,1.697925090789795,,,,,,,,,,,
281,39999,,,,,1.98176109790802,,,,,,,,,,,
281,40009,,,,,1.7345589399337769,,,,,,,,,,,
281,40019,,,,,1.8001710176467896,,,,,,,,,,,
281,40029,,,,,1.6726032495498657,,,,,,,,,,,
281,40039,,,,,1.8554372787475586,,,,,,,,,,,
281,281,15.086819904775965,92.93240113358499,,,,,,,,,,,,,,
281,40043,,,,,,1.829398512840271,,,,,,,,,,
282,40049,,,,,1.6161221265792847,,,,,,,,,,,
282,40059,,,,,1.596891164779663,,,,,,,,,,,
282,40069,,,,,1.8699336051940918,,,,,,,,,,,
282,40079,,,,,1.6465014219284058,,,,,,,,,,,
282,40089,,,,,1.6583585739135742,,,,,,,,,,,
282,40099,,,,,1.6546385288238525,,,,,,,,,,,
282,40109,,,,,1.695939302444458,,,,,,,,,,,
282,40119,,,,,1.7758288383483887,,,,,,,,,,,
282,40129,,,,,2.0538699626922607,,,,,,,,,,,
282,40139,,,,,1.988392949104309,,,,,,,,,,,
282,40149,,,,,1.611682415008545,,,,,,,,,,,
282,40159,,,,,2.016071319580078,,,,,,,,,,,
282,40169,,,,,1.687248706817627,,,,,,,,,,,
282,40179,,,,,1.807321310043335,,,,,,,,,,,
282,282,14.816739990240045,92.9401998433036,,,,,,,,,,,,,,
282,40185,,,,,,1.8238898515701294,,,,,,,,,,
283,40189,,,,,1.8640180826187134,,,,,,,,,,,
283,40199,,,,,1.79456627368927,,,,,,,,,,,
283,40209,,,,,2.1121559143066406,,,,,,,,,,,
283,40219,,,,,1.8173198699951172,,,,,,,,,,,
283,40229,,,,,2.1622090339660645,,,,,,,,,,,
283,40239,,,,,1.8827636241912842,,,,,,,,,,,
283,40249,,,,,1.888551115989685,,,,,,,,,,,
283,40259,,,,,1.6897549629211426,,,,,,,,,,,
283,40269,,,,,1.7468286752700806,,,,,,,,,,,
283,40279,,,,,1.697252869606018,,,,,,,,,,,
283,40289,,,,,1.7455694675445557,,,,,,,,,,,
283,40299,,,,,1.8272746801376343,,,,,,,,,,,
283,40309,,,,,1.931244134902954,,,,,,,,,,,
283,40319,,,,,1.8615615367889404,,,,,,,,,,,
283,283,16.067624880462013,92.94772776195522,,,,,,,,,,,,,,
283,40327,,,,,,1.816780686378479,,,,,,,,,,
284,40329,,,,,1.7588523626327515,,,,,,,,,,,
284,40339,,,,,1.7420568466186523,,,,,,,,,,,
284,40349,,,,,1.9429901838302612,,,,,,,,,,,
284,40359,,,,,1.73419189453125,,,,,,,,,,,
284,40369,,,,,1.789384365081787,,,,,,,,,,,
284,40379,,,,,1.917976975440979,,,,,,,,,,,
284,40389,,,,,1.7269222736358643,,,,,,,,,,,
284,40399,,,,,1.8839367628097534,,,,,,,,,,,
284,40409,,,,,2.0076651573181152,,,,,,,,,,,
284,40419,,,,,1.9206712245941162,,,,,,,,,,,
284,40429,,,,,1.723869800567627,,,,,,,,,,,
284,40439,,,,,1.767094373703003,,,,,,,,,,,
284,40449,,,,,1.9800283908843994,,,,,,,,,,,
284,40459,,,,,1.7060720920562744,,,,,,,,,,,
284,40469,,,,,1.9193240404129028,,,,,,,,,,,
284,284,15.462410166224235,92.95513085756535,,,,,,,,,,,,,,
284,40469,,,,,,1.8193292617797852,,,,,,,,,,
285,40479,,,,,2.1603212356567383,,,,,,,,,,,
285,40489,,,,,1.7087833881378174,,,,,,,,,,,
285,40499,,,,,1.817562460899353,,,,,,,,,,,
285,40509,,,,,2.0697991847991943,,,,,,,,,,,
285,40519,,,,,1.638304352760315,,,,,,,,,,,
285,40529,,,,,1.755959153175354,,,,,,,,,,,
285,40539,,,,,1.8138326406478882,,,,,,,,,,,
285,40549,,,,,1.575418472290039,,,,,,,,,,,
285,40559,,,,,1.9401781558990479,,,,,,,,,,,
285,40569,,,,,1.6247771978378296,,,,,,,,,,,
285,40579,,,,,1.8543391227722168,,,,,,,,,,,
285,40589,,,,,1.7087048292160034,,,,,,,,,,,
285,40599,,,,,1.8974075317382812,,,,,,,,,,,
285,40609,,,,,1.8930437564849854,,,,,,,,,,,
285,285,15.397827412986626,92.96282960424026,,,,,,,,,,,,,,
285,40611,,,,,,1.816607117652893,,,,,,,,,,
286,40619,,,,,1.879719614982605,,,,,,,,,,,
286,40629,,,,,1.797528624534607,,,,,,,,,,,
286,40639,,,,,1.8316020965576172,,,,,,,,,,,
286,40649,,,,,1.7007310390472412,,,,,,,,,,,
286,40659,,,,,1.909124732017517,,,,,,,,,,,
286,40669,,,,,2.057065486907959,,,,,,,,,,,
286,40679,,,,,1.8679395914077759,,,,,,,,,,,
286,40689,,,,,2.065828800201416,,,,,,,,,,,
286,40699,,,,,1.7975209951400757,,,,,,,,,,,
286,40709,,,,,1.61456298828125,,,,,,,,,,,
286,40719,,,,,1.8157528638839722,,,,,,,,,,,
286,40729,,,,,1.5393084287643433,,,,,,,,,,,
286,40739,,,,,1.7295197248458862,,,,,,,,,,,
286,40749,,,,,1.634883999824524,,,,,,,,,,,
286,286,15.763134536111844,92.97070748083901,,,,,,,,,,,,,,
286,40753,,,,,,1.8109674453735352,,,,,,,,,,
287,40759,,,,,1.620051383972168,,,,,,,,,,,
287,40769,,,,,1.7340655326843262,,,,,,,,,,,
287,40779,,,,,1.8046354055404663,,,,,,,,,,,
287,40789,,,,,1.962025761604309,,,,,,,,,,,
287,40799,,,,,1.9134658575057983,,,,,,,,,,,
287,40809,,,,,1.9516750574111938,,,,,,,,,,,
287,40819,,,,,1.9260363578796387,,,,,,,,,,,
287,40829,,,,,1.8038983345031738,,,,,,,,,,,
287,40839,,,,,1.9247597455978394,,,,,,,,,,,
287,40849,,,,,1.8121470212936401,,,,,,,,,,,
287,40859,,,,,2.0746748447418213,,,,,,,,,,,
287,40869,,,,,1.9325915575027466,,,,,,,,,,,
287,40879,,,,,1.8342140913009644,,,,,,,,,,,
287,40889,,,,,1.8715476989746094,,,,,,,,,,,
287,287,15.840038691501956,92.977993383788,,,,,,,,,,,,,,
287,40895,,,,,,1.8042421340942383,,,,,,,,,,
288,40899,,,,,1.598901629447937,,,,,,,,,,,
288,40909,,,,,1.8285558223724365,,,,,,,,,,,
288,40919,,,,,1.9425345659255981,,,,,,,,,,,
288,40929,,,,,1.7995421886444092,,,,,,,,,,,
288,40939,,,,,1.69654381275177,,,,,,,,,,,
288,40949,,,,,1.6964620351791382,,,,,,,,,,,
288,40959,,,,,1.906141757965088,,,,,,,,,,,
288,40969,,,,,1.8313124179840088,,,,,,,,,,,
288,40979,,,,,1.8739913702011108,,,,,,,,,,,
288,40989,,,,,1.8086763620376587,,,,,,,,,,,
288,40999,,,,,1.912270188331604,,,,,,,,,,,
288,41009,,,,,1.8321459293365479,,,,,,,,,,,
288,41019,,,,,1.8253024816513062,,,,,,,,,,,
288,41029,,,,,1.5395846366882324,,,,,,,,,,,
288,288,13.676567331220372,92.9860149293958,,,,,,,,,,,,,,
288,41037,,,,,,1.797608733177185,,,,,,,,,,
289,41039,,,,,2.058335542678833,,,,,,,,,,,
289,41049,,,,,1.7448484897613525,,,,,,,,,,,
289,41059,,,,,1.7278900146484375,,,,,,,,,,,
289,41069,,,,,1.7098802328109741,,,,,,,,,,,
289,41079,,,,,1.6634304523468018,,,,,,,,,,,
289,41089,,,,,1.7761061191558838,,,,,,,,,,,
289,41099,,,,,1.6399977207183838,,,,,,,,,,,
289,41109,,,,,2.015187978744507,,,,,,,,,,,
289,41119,,,,,1.7697499990463257,,,,,,,,,,,
289,41129,,,,,1.9801818132400513,,,,,,,,,,,
289,41139,,,,,1.8116281032562256,,,,,,,,,,,
289,41149,,,,,1.577445149421692,,,,,,,,,,,
289,41159,,,,,1.6312501430511475,,,,,,,,,,,
289,41169,,,,,1.9813464879989624,,,,,,,,,,,
289,41179,,,,,1.8545315265655518,,,,,,,,,,,
289,289,,,0.9823112487792969,0.3757968246936798,,,1.5536341700969563,0.5441523790359497,,0.8908346891403198,,0.20245258510112762,,3.2817825164113725,,0.2614968419075012
289,41179,,,,,,,,,0.8908346891403198,,0.20245258510112762,,3.281783103942871,,0.2614968419075012,
289,289,15.270492387249433,92.9938697118026,,,,,,,,,,,,,,
289,41179,,,,,,1.792995810508728,,,,,,,,,,
290,41189,,,,,1.8545489311218262,,,,,,,,,,,
290,41199,,,,,1.7561794519424438,,,,,,,,,,,
290,41209,,,,,1.904390573501587,,,,,,,,,,,
290,41219,,,,,1.5466156005859375,,,,,,,,,,,
290,41229,,,,,1.792220115661621,,,,,,,,,,,
290,41239,,,,,1.63255774974823,,,,,,,,,,,
290,41249,,,,,1.82085382938385,,,,,,,,,,,
290,41259,,,,,1.9731942415237427,,,,,,,,,,,
290,41269,,,,,1.7664381265640259,,,,,,,,,,,
290,41279,,,,,1.7273390293121338,,,,,,,,,,,
290,41289,,,,,1.8957918882369995,,,,,,,,,,,
290,41299,,,,,1.6351364850997925,,,,,,,,,,,
290,41309,,,,,1.6748647689819336,,,,,,,,,,,
290,41319,,,,,1.583884358406067,,,,,,,,,,,
290,290,15.546680172041464,93.00126223356841,,,,,,,,,,,,,,
290,41321,,,,,,1.7835582494735718,,,,,,,,,,
291,41329,,,,,1.8682410717010498,,,,,,,,,,,
291,41339,,,,,1.982893943786621,,,,,,,,,,,
291,41349,,,,,1.7926267385482788,,,,,,,,,,,
291,41359,,,,,1.616043210029602,,,,,,,,,,,
291,41369,,,,,1.7354955673217773,,,,,,,,,,,
291,41379,,,,,1.9145814180374146,,,,,,,,,,,
291,41389,,,,,1.5518161058425903,,,,,,,,,,,
291,41399,,,,,1.7556862831115723,,,,,,,,,,,
291,41409,,,,,1.63815176486969,,,,,,,,,,,
291,41419,,,,,1.6213401556015015,,,,,,,,,,,
291,41429,,,,,1.608337640762329,,,,,,,,,,,
291,41439,,,,,1.523045301437378,,,,,,,,,,,
291,41449,,,,,1.9139512777328491,,,,,,,,,,,
291,41459,,,,,1.790193796157837,,,,,,,,,,,
291,291,14.870842589446033,93.00923430830979,,,,,,,,,,,,,,
291,41463,,,,,,1.7825872898101807,,,,,,,,,,
292,41469,,,,,1.9257302284240723,,,,,,,,,,,
292,41479,,,,,1.8645387887954712,,,,,,,,,,,
292,41489,,,,,1.6773889064788818,,,,,,,,,,,
292,41499,,,,,1.8241028785705566,,,,,,,,,,,
292,41509,,,,,1.7754616737365723,,,,,,,,,,,
292,41519,,,,,1.9557830095291138,,,,,,,,,,,
292,41529,,,,,2.0397870540618896,,,,,,,,,,,
292,41539,,,,,1.9049749374389648,,,,,,,,,,,
292,41549,,,,,2.097747802734375,,,,,,,,,,,
292,41559,,,,,1.624953269958496,,,,,,,,,,,
292,41569,,,,,1.8371620178222656,,,,,,,,,,,
292,41579,,,,,1.7205904722213745,,,,,,,,,,,
292,41589,,,,,1.784730315208435,,,,,,,,,,,
292,41599,,,,,1.822821021080017,,,,,,,,,,,
292,292,14.607896902274298,93.01723929587898,,,,,,,,,,,,,,
292,41605,,,,,,1.783656358718872,,,,,,,,,,
293,41609,,,,,1.6312530040740967,,,,,,,,,,,
293,41619,,,,,1.5091750621795654,,,,,,,,,,,
293,41629,,,,,1.9976376295089722,,,,,,,,,,,
293,41639,,,,,1.6244852542877197,,,,,,,,,,,
293,41649,,,,,1.4932929277420044,,,,,,,,,,,
293,41659,,,,,1.8517565727233887,,,,,,,,,,,
293,41669,,,,,1.7491414546966553,,,,,,,,,,,
293,41679,,,,,2.0398974418640137,,,,,,,,,,,
293,41689,,,,,1.716706395149231,,,,,,,,,,,
293,41699,,,,,1.6752057075500488,,,,,,,,,,,
293,41709,,,,,1.7883657217025757,,,,,,,,,,,
293,41719,,,,,1.884130835533142,,,,,,,,,,,
293,41729,,,,,1.9572488069534302,,,,,,,,,,,
293,41739,,,,,1.9569594860076904,,,,,,,,,,,
293,293,15.537146184345739,93.02500180389393,,,,,,,,,,,,,,
293,41747,,,,,,1.7812669277191162,,,,,,,,,,
294,41749,,,,,1.8551898002624512,,,,,,,,,,,
294,41759,,,,,1.8103936910629272,,,,,,,,,,,
294,41769,,,,,1.9812055826187134,,,,,,,,,,,
294,41779,,,,,1.8070850372314453,,,,,,,,,,,
294,41789,,,,,1.5957794189453125,,,,,,,,,,,
294,41799,,,,,1.994204044342041,,,,,,,,,,,
294,41809,,,,,1.8513282537460327,,,,,,,,,,,
294,41819,,,,,1.6325265169143677,,,,,,,,,,,
294,41829,,,,,1.939154028892517,,,,,,,,,,,
294,41839,,,,,1.9443213939666748,,,,,,,,,,,
294,41849,,,,,1.671836495399475,,,,,,,,,,,
294,41859,,,,,1.9489980936050415,,,,,,,,,,,
294,41869,,,,,1.756658911705017,,,,,,,,,,,
294,41879,,,,,1.5488216876983643,,,,,,,,,,,
294,41889,,,,,1.932058334350586,,,,,,,,,,,
294,294,17.47106213101125,93.03200327905938,,,,,,,,,,,,,,
294,41889,,,,,,1.7755584716796875,,,,,,,,,,
295,41899,,,,,1.9017146825790405,,,,,,,,,,,
295,41909,,,,,1.7596447467803955,,,,,,,,,,,
295,41919,,,,,1.759383201599121,,,,,,,,,,,
295,41929,,,,,1.911690354347229,,,,,,,,,,,
295,41939,,,,,1.6558856964111328,,,,,,,,,,,
295,41949,,,,,1.851112961769104,,,,,,,,,,,
295,41959,,,,,1.749996304512024,,,,,,,,,,,
295,41969,,,,,1.5100936889648438,,,,,,,,,,,
295,41979,,,,,1.539390206336975,,,,,,,,,,,
295,41989,,,,,1.9205199480056763,,,,,,,,,,,
295,41999,,,,,1.639719009399414,,,,,,,,,,,
295,42009,,,,,1.837943196296692,,,,,,,,,,,
295,42019,,,,,1.7876360416412354,,,,,,,,,,,
295,42029,,,,,2.0947978496551514,,,,,,,,,,,
295,295,15.516895084974898,93.04014941841503,,,,,,,,,,,,,,
295,42031,,,,,,1.7677592039108276,,,,,,,,,,
296,42039,,,,,1.8236056566238403,,,,,,,,,,,
296,42049,,,,,1.7101037502288818,,,,,,,,,,,
296,42059,,,,,1.70577073097229,,,,,,,,,,,
296,42069,,,,,1.8236068487167358,,,,,,,,,,,
296,42079,,,,,1.5018398761749268,,,,,,,,,,,
296,42089,,,,,1.6792614459991455,,,,,,,,,,,
296,42099,,,,,1.7646852731704712,,,,,,,,,,,
296,42109,,,,,1.835787057876587,,,,,,,,,,,
296,42119,,,,,1.635764241218567,,,,,,,,,,,
296,42129,,,,,1.7256139516830444,,,,,,,,,,,
296,42139,,,,,1.5211570262908936,,,,,,,,,,,
296,42149,,,,,2.074794054031372,,,,,,,,,,,
296,42159,,,,,1.8309741020202637,,,,,,,,,,,
296,42169,,,,,1.75198233127594,,,,,,,,,,,
296,296,14.067056496566583,93.04761078274363,,,,,,,,,,,,,,
296,42173,,,,,,1.768848180770874,,,,,,,,,,
297,42179,,,,,1.8993533849716187,,,,,,,,,,,
297,42189,,,,,1.6402181386947632,,,,,,,,,,,
297,42199,,,,,1.6223528385162354,,,,,,,,,,,
297,42209,,,,,1.9592511653900146,,,,,,,,,,,
297,42219,,,,,1.7579662799835205,,,,,,,,,,,
297,42229,,,,,1.7441240549087524,,,,,,,,,,,
297,42239,,,,,2.074084520339966,,,,,,,,,,,
297,42249,,,,,1.5859355926513672,,,,,,,,,,,
297,42259,,,,,1.9262654781341553,,,,,,,,,,,
297,42269,,,,,1.7253665924072266,,,,,,,,,,,
297,42279,,,,,1.8312386274337769,,,,,,,,,,,
297,42289,,,,,1.6859917640686035,,,,,,,,,,,
297,42299,,,,,1.9379332065582275,,,,,,,,,,,
297,42309,,,,,1.7900352478027344,,,,,,,,,,,
297,297,17.28406463986647,93.05555317601062,,,,,,,,,,,,,,
297,42315,,,,,,1.7652270793914795,,,,,,,,,,
298,42319,,,,,1.9475988149642944,,,,,,,,,,,
298,42329,,,,,1.9894689321517944,,,,,,,,,,,
298,42339,,,,,1.582885980606079,,,,,,,,,,,
298,42349,,,,,1.909489393234253,,,,,,,,,,,
298,42359,,,,,1.7980458736419678,,,,,,,,,,,
298,42369,,,,,1.691825032234192,,,,,,,,,,,
298,42379,,,,,1.7832266092300415,,,,,,,,,,,
298,42389,,,,,1.7812997102737427,,,,,,,,,,,
298,42399,,,,,1.939455509185791,,,,,,,,,,,
298,42409,,,,,1.666892170906067,,,,,,,,,,,
298,42419,,,,,1.5560357570648193,,,,,,,,,,,
298,42429,,,,,1.8486188650131226,,,,,,,,,,,
298,42439,,,,,1.713117003440857,,,,,,,,,,,
298,42449,,,,,1.8976598978042603,,,,,,,,,,,
298,298,17.026769482215453,93.06296289043806,,,,,,,,,,,,,,
298,42457,,,,,,1.7544790506362915,,,,,,,,,,
299,42459,,,,,1.8430590629577637,,,,,,,,,,,
299,42469,,,,,1.8571181297302246,,,,,,,,,,,
299,42479,,,,,1.6131606101989746,,,,,,,,,,,
299,42489,,,,,1.8053069114685059,,,,,,,,,,,
299,42499,,,,,1.4470559358596802,,,,,,,,,,,
299,42509,,,,,1.506805658340454,,,,,,,,,,,
299,42519,,,,,1.7336422204971313,,,,,,,,,,,
299,42529,,,,,1.8523519039154053,,,,,,,,,,,
299,42539,,,,,1.7591806650161743,,,,,,,,,,,
299,42549,,,,,1.7143490314483643,,,,,,,,,,,
299,42559,,,,,1.561838150024414,,,,,,,,,,,
299,42569,,,,,1.8130605220794678,,,,,,,,,,,
299,42579,,,,,1.8462772369384766,,,,,,,,,,,
299,42589,,,,,1.6181615591049194,,,,,,,,,,,
299,42599,,,,,1.6757471561431885,,,,,,,,,,,
299,299,,,0.9837707877159119,0.4145929515361786,,,1.4867094125754439,0.5662524104118347,,0.8889973759651184,,0.2114531397819519,,3.3092620926243916,,0.26854267716407776
299,42599,,,,,,,,,0.8889973759651184,,0.2114531397819519,,3.3092617988586426,,0.26854267716407776,
299,299,18.28692650787987,93.07062686759389,,,,,,,,,,,,,,
299,42599,,,,,,1.7569466829299927,,,,,,,,,,
300,42609,,,,,1.6019103527069092,,,,,,,,,,,
300,42619,,,,,1.928347110748291,,,,,,,,,,,
300,42629,,,,,1.7384040355682373,,,,,,,,,,,
300,42639,,,,,1.8705767393112183,,,,,,,,,,,
300,42649,,,,,1.771718978881836,,,,,,,,,,,
300,42659,,,,,1.7850984334945679,,,,,,,,,,,
300,42669,,,,,1.5862780809402466,,,,,,,,,,,
300,42679,,,,,2.077402353286743,,,,,,,,,,,
300,42689,,,,,1.6347390413284302,,,,,,,,,,,
300,42699,,,,,1.856614589691162,,,,,,,,,,,
300,42709,,,,,1.7472937107086182,,,,,,,,,,,
300,42719,,,,,1.8563889265060425,,,,,,,,,,,
300,42729,,,,,1.8308974504470825,,,,,,,,,,,
300,42739,,,,,1.6994601488113403,,,,,,,,,,,
300,300,14.196737475808728,93.07853504466118,,,,,,,,,,,,,,
300,42741,,,,,,1.7478857040405273,,,,,,,,,,
301,42749,,,,,1.6594030857086182,,,,,,,,,,,
301,42759,,,,,1.6970187425613403,,,,,,,,,,,
301,42769,,,,,1.5332238674163818,,,,,,,,,,,
301,42779,,,,,1.5626500844955444,,,,,,,,,,,
301,42789,,,,,1.8365302085876465,,,,,,,,,,,
301,42799,,,,,1.5705376863479614,,,,,,,,,,,
301,42809,,,,,2.0109217166900635,,,,,,,,,,,
301,42819,,,,,1.7834380865097046,,,,,,,,,,,
301,42829,,,,,1.6918953657150269,,,,,,,,,,,
301,42839,,,,,1.613006591796875,,,,,,,,,,,
301,42849,,,,,1.848281979560852,,,,,,,,,,,
301,42859,,,,,1.6936376094818115,,,,,,,,,,,
301,42869,,,,,1.7055405378341675,,,,,,,,,,,
301,42879,,,,,1.895783543586731,,,,,,,,,,,
301,301,16.006103509961015,93.08641639819415,,,,,,,,,,,,,,
301,42883,,,,,,1.7475908994674683,,,,,,,,,,
302,42889,,,,,1.7019320726394653,,,,,,,,,,,
302,42899,,,,,1.619566559791565,,,,,,,,,,,
302,42909,,,,,1.5796483755111694,,,,,,,,,,,
302,42919,,,,,1.8100582361221313,,,,,,,,,,,
302,42929,,,,,1.6790746450424194,,,,,,,,,,,
302,42939,,,,,1.8411500453948975,,,,,,,,,,,
302,42949,,,,,1.709194302558899,,,,,,,,,,,
302,42959,,,,,1.7165770530700684,,,,,,,,,,,
302,42969,,,,,1.6721035242080688,,,,,,,,,,,
302,42979,,,,,1.5138394832611084,,,,,,,,,,,
302,42989,,,,,1.6036131381988525,,,,,,,,,,,
302,42999,,,,,1.7545655965805054,,,,,,,,,,,
302,43009,,,,,1.7121096849441528,,,,,,,,,,,
302,43019,,,,,1.7983739376068115,,,,,,,,,,,
302,302,16.318259504421192,93.09409490638221,,,,,,,,,,,,,,
302,43025,,,,,,1.7415393590927124,,,,,,,,,,
303,43029,,,,,1.780719518661499,,,,,,,,,,,
303,43039,,,,,1.6919976472854614,,,,,,,,,,,
303,43049,,,,,1.5674816370010376,,,,,,,,,,,
303,43059,,,,,1.5105819702148438,,,,,,,,,,,
303,43069,,,,,1.7905300855636597,,,,,,,,,,,
303,43079,,,,,1.617014765739441,,,,,,,,,,,
303,43089,,,,,1.7343764305114746,,,,,,,,,,,
303,43099,,,,,2.0613198280334473,,,,,,,,,,,
303,43109,,,,,2.048495054244995,,,,,,,,,,,
303,43119,,,,,1.7297170162200928,,,,,,,,,,,
303,43129,,,,,1.7538015842437744,,,,,,,,,,,
303,43139,,,,,1.666195034980774,,,,,,,,,,,
303,43149,,,,,1.835429310798645,,,,,,,,,,,
303,43159,,,,,1.6713125705718994,,,,,,,,,,,
303,303,19.94846091042105,93.10128692645897,,,,,,,,,,,,,,
303,43167,,,,,,1.744101643562317,,,,,,,,,,
304,43169,,,,,1.9591399431228638,,,,,,,,,,,
304,43179,,,,,1.5627672672271729,,,,,,,,,,,
304,43189,,,,,1.6961965560913086,,,,,,,,,,,
304,43199,,,,,1.5443360805511475,,,,,,,,,,,
304,43209,,,,,1.921995759010315,,,,,,,,,,,
304,43219,,,,,1.799332857131958,,,,,,,,,,,
304,43229,,,,,1.6323909759521484,,,,,,,,,,,
304,43239,,,,,1.7343090772628784,,,,,,,,,,,
304,43249,,,,,1.6949288845062256,,,,,,,,,,,
304,43259,,,,,1.6039655208587646,,,,,,,,,,,
304,43269,,,,,2.1216273307800293,,,,,,,,,,,
304,43279,,,,,1.5511562824249268,,,,,,,,,,,
304,43289,,,,,1.9679148197174072,,,,,,,,,,,
304,43299,,,,,1.700874924659729,,,,,,,,,,,
304,43309,,,,,1.6280584335327148,,,,,,,,,,,
304,304,18.567237890523035,93.10902640314438,,,,,,,,,,,,,,
304,43309,,,,,,1.7339292764663696,,,,,,,,,,
305,43319,,,,,1.8289012908935547,,,,,,,,,,,
305,43329,,,,,1.7814937829971313,,,,,,,,,,,
305,43339,,,,,1.7894902229309082,,,,,,,,,,,
305,43349,,,,,1.6825737953186035,,,,,,,,,,,
305,43359,,,,,1.7910277843475342,,,,,,,,,,,
305,43369,,,,,1.8252849578857422,,,,,,,,,,,
305,43379,,,,,1.7156552076339722,,,,,,,,,,,
305,43389,,,,,1.793300747871399,,,,,,,,,,,
305,43399,,,,,1.558530569076538,,,,,,,,,,,
305,43409,,,,,1.5836760997772217,,,,,,,,,,,
305,43419,,,,,2.0822408199310303,,,,,,,,,,,
305,43429,,,,,1.720545768737793,,,,,,,,,,,
305,43439,,,,,1.619692325592041,,,,,,,,,,,
305,43449,,,,,1.5770156383514404,,,,,,,,,,,
305,305,16.00613283097441,93.1165646237788,,,,,,,,,,,,,,
305,43451,,,,,,1.73249351978302,,,,,,,,,,
306,43459,,,,,1.9088510274887085,,,,,,,,,,,
306,43469,,,,,1.883734107017517,,,,,,,,,,,
306,43479,,,,,1.7393455505371094,,,,,,,,,,,
306,43489,,,,,1.6864073276519775,,,,,,,,,,,
306,43499,,,,,1.7521746158599854,,,,,,,,,,,
306,43509,,,,,2.0303022861480713,,,,,,,,,,,
306,43519,,,,,2.011064052581787,,,,,,,,,,,
306,43529,,,,,1.7079461812973022,,,,,,,,,,,
306,43539,,,,,1.8909783363342285,,,,,,,,,,,
306,43549,,,,,1.7574824094772339,,,,,,,,,,,
306,43559,,,,,1.5906696319580078,,,,,,,,,,,
306,43569,,,,,1.8815913200378418,,,,,,,,,,,
306,43579,,,,,1.7814812660217285,,,,,,,,,,,
306,43589,,,,,1.577486276626587,,,,,,,,,,,
306,306,15.22523691453743,93.12434211883671,,,,,,,,,,,,,,
306,43593,,,,,,1.726846694946289,,,,,,,,,,
307,43599,,,,,1.7963515520095825,,,,,,,,,,,
307,43609,,,,,2.071199655532837,,,,,,,,,,,
307,43619,,,,,1.8530529737472534,,,,,,,,,,,
307,43629,,,,,1.8429408073425293,,,,,,,,,,,
307,43639,,,,,1.796987771987915,,,,,,,,,,,
307,43649,,,,,1.7094345092773438,,,,,,,,,,,
307,43659,,,,,1.965160608291626,,,,,,,,,,,
307,43669,,,,,1.8542497158050537,,,,,,,,,,,
307,43679,,,,,1.7855944633483887,,,,,,,,,,,
307,43689,,,,,1.887142300605774,,,,,,,,,,,
307,43699,,,,,1.7606803178787231,,,,,,,,,,,
307,43709,,,,,1.6349483728408813,,,,,,,,,,,
307,43719,,,,,1.7449605464935303,,,,,,,,,,,
307,43729,,,,,1.7143746614456177,,,,,,,,,,,
307,307,17.017813195278332,93.13171996321687,,,,,,,,,,,,,,
307,43735,,,,,,1.7220126390457153,,,,,,,,,,
308,43739,,,,,1.6482912302017212,,,,,,,,,,,
308,43749,,,,,1.596382737159729,,,,,,,,,,,
308,43759,,,,,1.664076805114746,,,,,,,,,,,
308,43769,,,,,1.71260666847229,,,,,,,,,,,
308,43779,,,,,2.205291986465454,,,,,,,,,,,
308,43789,,,,,1.4834908246994019,,,,,,,,,,,
308,43799,,,,,1.5487110614776611,,,,,,,,,,,
308,43809,,,,,1.7626478672027588,,,,,,,,,,,
308,43819,,,,,1.6766005754470825,,,,,,,,,,,
308,43829,,,,,1.5380783081054688,,,,,,,,,,,
308,43839,,,,,1.542230486869812,,,,,,,,,,,
308,43849,,,,,1.7210233211517334,,,,,,,,,,,
308,43859,,,,,1.6811028718948364,,,,,,,,,,,
308,43869,,,,,1.7151987552642822,,,,,,,,,,,
308,308,15.364087460832065,93.13991126964535,,,,,,,,,,,,,,
308,43877,,,,,,1.7176872491836548,,,,,,,,,,
309,43879,,,,,1.9210262298583984,,,,,,,,,,,
309,43889,,,,,1.9152780771255493,,,,,,,,,,,
309,43899,,,,,1.692434549331665,,,,,,,,,,,
309,43909,,,,,1.5148234367370605,,,,,,,,,,,
309,43919,,,,,1.8526922464370728,,,,,,,,,,,
309,43929,,,,,1.6421960592269897,,,,,,,,,,,
309,43939,,,,,1.7556300163269043,,,,,,,,,,,
309,43949,,,,,1.7705438137054443,,,,,,,,,,,
309,43959,,,,,1.5249297618865967,,,,,,,,,,,
309,43969,,,,,1.8483474254608154,,,,,,,,,,,
309,43979,,,,,1.6572835445404053,,,,,,,,,,,
309,43989,,,,,1.552808165550232,,,,,,,,,,,
309,43999,,,,,1.457184910774231,,,,,,,,,,,
309,44009,,,,,1.8409457206726074,,,,,,,,,,,
309,44019,,,,,1.8878872394561768,,,,,,,,,,,
309,309,,,0.9847952127456665,0.4196641445159912,,,1.4710621011755638,0.5774446129798889,,0.8874040842056274,,0.2121812403202057,,3.3730591438254534,,0.2655220329761505
309,44019,,,,,,,,,0.8874040842056274,,0.2121812403202057,,3.3730592727661133,,0.2655220329761505,
309,309,14.888299156445585,93.14774555990729,,,,,,,,,,,,,,
309,44019,,,,,,1.713729739189148,,,,,,,,,,
310,44029,,,,,1.7277202606201172,,,,,,,,,,,
310,44039,,,,,1.5815773010253906,,,,,,,,,,,
310,44049,,,,,1.6530648469924927,,,,,,,,,,,
310,44059,,,,,1.9822742938995361,,,,,,,,,,,
310,44069,,,,,1.4723546504974365,,,,,,,,,,,
310,44079,,,,,1.661763072013855,,,,,,,,,,,
310,44089,,,,,1.7788723707199097,,,,,,,,,,,
310,44099,,,,,1.6601366996765137,,,,,,,,,,,
310,44109,,,,,1.9166979789733887,,,,,,,,,,,
310,44119,,,,,1.5159788131713867,,,,,,,,,,,
310,44129,,,,,1.6194595098495483,,,,,,,,,,,
310,44139,,,,,1.5976732969284058,,,,,,,,,,,
310,44149,,,,,1.9149553775787354,,,,,,,,,,,
310,44159,,,,,1.7372756004333496,,,,,,,,,,,
310,310,17.86793827254461,93.15544364111787,,,,,,,,,,,,,,
310,44161,,,,,,1.709660291671753,,,,,,,,,,
311,44169,,,,,1.9778608083724976,,,,,,,,,,,
311,44179,,,,,1.66300630569458,,,,,,,,,,,
311,44189,,,,,1.6072943210601807,,,,,,,,,,,
311,44199,,,,,1.910704255104065,,,,,,,,,,,
311,44209,,,,,1.7493953704833984,,,,,,,,,,,
311,44219,,,,,1.7360292673110962,,,,,,,,,,,
311,44229,,,,,1.4903855323791504,,,,,,,,,,,
311,44239,,,,,1.6222890615463257,,,,,,,,,,,
311,44249,,,,,1.6625020503997803,,,,,,,,,,,
311,44259,,,,,1.5691170692443848,,,,,,,,,,,
311,44269,,,,,1.8359934091567993,,,,,,,,,,,
311,44279,,,,,1.7458361387252808,,,,,,,,,,,
311,44289,,,,,1.5772486925125122,,,,,,,,,,,
311,44299,,,,,1.596606969833374,,,,,,,,,,,
311,311,14.93563344436471,93.16361861212059,,,,,,,,,,,,,,
311,44303,,,,,,1.7040268182754517,,,,,,,,,,
312,44309,,,,,1.7606621980667114,,,,,,,,,,,
312,44319,,,,,1.3561469316482544,,,,,,,,,,,
312,44329,,,,,1.7106726169586182,,,,,,,,,,,
312,44339,,,,,1.674067497253418,,,,,,,,,,,
312,44349,,,,,1.6609063148498535,,,,,,,,,,,
312,44359,,,,,1.8033699989318848,,,,,,,,,,,
312,44369,,,,,1.6996876001358032,,,,,,,,,,,
312,44379,,,,,1.5446528196334839,,,,,,,,,,,
312,44389,,,,,1.8589190244674683,,,,,,,,,,,
312,44399,,,,,1.4870437383651733,,,,,,,,,,,
312,44409,,,,,1.5538790225982666,,,,,,,,,,,
312,44419,,,,,1.4830926656723022,,,,,,,,,,,
312,44429,,,,,1.800581455230713,,,,,,,,,,,
312,44439,,,,,1.6138278245925903,,,,,,,,,,,
312,312,14.244073721331253,93.17170360468498,,,,,,,,,,,,,,
312,44445,,,,,,1.6983405351638794,,,,,,,,,,
313,44449,,,,,1.4681355953216553,,,,,,,,,,,
313,44459,,,,,1.65456223487854,,,,,,,,,,,
313,44469,,,,,1.6384377479553223,,,,,,,,,,,
313,44479,,,,,1.676723599433899,,,,,,,,,,,
313,44489,,,,,1.5828009843826294,,,,,,,,,,,
313,44499,,,,,1.6168568134307861,,,,,,,,,,,
313,44509,,,,,1.8006682395935059,,,,,,,,,,,
313,44519,,,,,1.8130416870117188,,,,,,,,,,,
313,44529,,,,,1.8227040767669678,,,,,,,,,,,
313,44539,,,,,1.8468592166900635,,,,,,,,,,,
313,44549,,,,,1.934354305267334,,,,,,,,,,,
313,44559,,,,,1.6303941011428833,,,,,,,,,,,
313,44569,,,,,1.5457721948623657,,,,,,,,,,,
313,44579,,,,,1.394354224205017,,,,,,,,,,,
313,313,14.90600434529207,93.17972049876121,,,,,,,,,,,,,,
313,44587,,,,,,1.691390872001648,,,,,,,,,,
314,44589,,,,,1.6566054821014404,,,,,,,,,,,
314,44599,,,,,1.735741376876831,,,,,,,,,,,
314,44609,,,,,1.5400604009628296,,,,,,,,,,,
314,44619,,,,,1.715635895729065,,,,,,,,,,,
314,44629,,,,,1.702690601348877,,,,,,,,,,,
314,44639,,,,,1.5491501092910767,,,,,,,,,,,
314,44649,,,,,1.5148541927337646,,,,,,,,,,,
314,44659,,,,,1.5711669921875,,,,,,,,,,,
314,44669,,,,,1.7769509553909302,,,,,,,,,,,
314,44679,,,,,1.8747155666351318,,,,,,,,,,,
314,44689,,,,,1.8688699007034302,,,,,,,,,,,
314,44699,,,,,1.6566866636276245,,,,,,,,,,,
314,44709,,,,,1.6204051971435547,,,,,,,,,,,
314,44719,,,,,1.75678551197052,,,,,,,,,,,
314,44729,,,,,1.6478561162948608,,,,,,,,,,,
314,314,17.75887849234561,93.18739345895834,,,,,,,,,,,,,,
314,44729,,,,,,1.6946146488189697,,,,,,,,,,
315,44739,,,,,1.5571256875991821,,,,,,,,,,,
315,44749,,,,,1.707045078277588,,,,,,,,,,,
315,44759,,,,,1.7344340085983276,,,,,,,,,,,
315,44769,,,,,1.6180202960968018,,,,,,,,,,,
315,44779,,,,,1.641332983970642,,,,,,,,,,,
315,44789,,,,,1.7871547937393188,,,,,,,,,,,
315,44799,,,,,1.5160627365112305,,,,,,,,,,,
315,44809,,,,,1.7105116844177246,,,,,,,,,,,
315,44819,,,,,1.9595544338226318,,,,,,,,,,,
315,44829,,,,,1.539164423942566,,,,,,,,,,,
315,44839,,,,,1.7483539581298828,,,,,,,,,,,
315,44849,,,,,1.7954457998275757,,,,,,,,,,,
315,44859,,,,,1.9068788290023804,,,,,,,,,,,
315,44869,,,,,1.882938027381897,,,,,,,,,,,
315,315,15.998080221657652,93.19513777227482,,,,,,,,,,,,,,
315,44871,,,,,,1.6855082511901855,,,,,,,,,,
316,44879,,,,,1.540547251701355,,,,,,,,,,,
316,44889,,,,,1.7307167053222656,,,,,,,,,,,
316,44899,,,,,1.7406268119812012,,,,,,,,,,,
316,44909,,,,,1.7872391939163208,,,,,,,,,,,
316,44919,,,,,1.396954894065857,,,,,,,,,,,
316,44929,,,,,1.6274055242538452,,,,,,,,,,,
316,44939,,,,,1.6880106925964355,,,,,,,,,,,
316,44949,,,,,1.9034348726272583,,,,,,,,,,,
316,44959,,,,,1.5966042280197144,,,,,,,,,,,
316,44969,,,,,1.6221750974655151,,,,,,,,,,,
316,44979,,,,,1.6398226022720337,,,,,,,,,,,
316,44989,,,,,1.5901455879211426,,,,,,,,,,,
316,44999,,,,,1.719847321510315,,,,,,,,,,,
316,45009,,,,,1.7009609937667847,,,,,,,,,,,
316,316,15.290753119392265,93.20312790392481,,,,,,,,,,,,,,
316,45013,,,,,,1.683976650238037,,,,,,,,,,
317,45019,,,,,1.6708033084869385,,,,,,,,,,,
317,45029,,,,,1.573368787765503,,,,,,,,,,,
317,45039,,,,,1.7298535108566284,,,,,,,,,,,
317,45049,,,,,1.5398434400558472,,,,,,,,,,,
317,45059,,,,,1.5651906728744507,,,,,,,,,,,
317,45069,,,,,1.469866156578064,,,,,,,,,,,
317,45079,,,,,1.6833648681640625,,,,,,,,,,,
317,45089,,,,,1.741932988166809,,,,,,,,,,,
317,45099,,,,,1.7294175624847412,,,,,,,,,,,
317,45109,,,,,1.4544661045074463,,,,,,,,,,,
317,45119,,,,,1.506394624710083,,,,,,,,,,,
317,45129,,,,,1.8755184412002563,,,,,,,,,,,
317,45139,,,,,1.9669255018234253,,,,,,,,,,,
317,45149,,,,,1.8661673069000244,,,,,,,,,,,
317,317,15.91717375210619,93.21126223418902,,,,,,,,,,,,,,
317,45155,,,,,,1.680389165878296,,,,,,,,,,
318,45159,,,,,1.8751349449157715,,,,,,,,,,,
318,45169,,,,,1.8009083271026611,,,,,,,,,,,
318,45179,,,,,1.8483145236968994,,,,,,,,,,,
318,45189,,,,,1.719617247581482,,,,,,,,,,,
318,45199,,,,,1.6761847734451294,,,,,,,,,,,
318,45209,,,,,1.828068494796753,,,,,,,,,,,
318,45219,,,,,1.7547640800476074,,,,,,,,,,,
318,45229,,,,,1.6360512971878052,,,,,,,,,,,
318,45239,,,,,1.6134027242660522,,,,,,,,,,,
318,45249,,,,,1.7151544094085693,,,,,,,,,,,
318,45259,,,,,1.8038406372070312,,,,,,,,,,,
318,45269,,,,,1.744317889213562,,,,,,,,,,,
318,45279,,,,,1.686924695968628,,,,,,,,,,,
318,45289,,,,,1.6860275268554688,,,,,,,,,,,
318,318,15.254927055693043,93.21931261532568,,,,,,,,,,,,,,
318,45297,,,,,,1.6727174520492554,,,,,,,,,,
319,45299,,,,,1.6419165134429932,,,,,,,,,,,
319,45309,,,,,1.5931288003921509,,,,,,,,,,,
319,45319,,,,,1.6989610195159912,,,,,,,,,,,
319,45329,,,,,1.7843624353408813,,,,,,,,,,,
319,45339,,,,,1.5610929727554321,,,,,,,,,,,
319,45349,,,,,1.6546541452407837,,,,,,,,,,,
319,45359,,,,,1.5871131420135498,,,,,,,,,,,
319,45369,,,,,1.5941506624221802,,,,,,,,,,,
319,45379,,,,,1.632683277130127,,,,,,,,,,,
319,45389,,,,,1.6875213384628296,,,,,,,,,,,
319,45399,,,,,1.4959988594055176,,,,,,,,,,,
319,45409,,,,,1.7471147775650024,,,,,,,,,,,
319,45419,,,,,1.5421215295791626,,,,,,,,,,,
319,45429,,,,,1.6356699466705322,,,,,,,,,,,
319,45439,,,,,1.734269380569458,,,,,,,,,,,
319,319,,,0.986125111579895,0.4341079592704773,,,1.411176997157042,0.5946687459945679,,0.8888682126998901,,0.2142525315284729,,3.3617968842083092,,0.2676336169242859
319,45439,,,,,,,,,0.8888682126998901,,0.2142525315284729,,3.3617963790893555,,0.2676336169242859,
319,319,19.56332615029505,93.22640484617386,,,,,,,,,,,,,,
319,45439,,,,,,1.6770318746566772,,,,,,,,,,
320,45449,,,,,1.867978811264038,,,,,,,,,,,
320,45459,,,,,1.6317200660705566,,,,,,,,,,,
320,45469,,,,,1.847043514251709,,,,,,,,,,,
320,45479,,,,,1.53933584690094,,,,,,,,,,,
320,45489,,,,,1.53507661819458,,,,,,,,,,,
320,45499,,,,,1.8656487464904785,,,,,,,,,,,
320,45509,,,,,1.6334408521652222,,,,,,,,,,,
320,45519,,,,,1.7412749528884888,,,,,,,,,,,
320,45529,,,,,1.7831614017486572,,,,,,,,,,,
320,45539,,,,,1.4059432744979858,,,,,,,,,,,
320,45549,,,,,1.7174947261810303,,,,,,,,,,,
320,45559,,,,,1.9464733600616455,,,,,,,,,,,
320,45569,,,,,1.5266700983047485,,,,,,,,,,,
320,45579,,,,,1.6624414920806885,,,,,,,,,,,
320,320,15.879030043338075,93.23415780524006,,,,,,,,,,,,,,
320,45581,,,,,,1.6741958856582642,,,,,,,,,,
321,45589,,,,,1.5358895063400269,,,,,,,,,,,
321,45599,,,,,1.806566596031189,,,,,,,,,,,
321,45609,,,,,1.4921772480010986,,,,,,,,,,,
321,45619,,,,,1.7866132259368896,,,,,,,,,,,
321,45629,,,,,1.6717060804367065,,,,,,,,,,,
321,45639,,,,,1.7210235595703125,,,,,,,,,,,
321,45649,,,,,1.767835021018982,,,,,,,,,,,
321,45659,,,,,1.510528802871704,,,,,,,,,,,
321,45669,,,,,1.6981812715530396,,,,,,,,,,,
321,45679,,,,,1.5278023481369019,,,,,,,,,,,
321,45689,,,,,1.5348557233810425,,,,,,,,,,,
321,45699,,,,,1.6679558753967285,,,,,,,,,,,
321,45709,,,,,1.7149807214736938,,,,,,,,,,,
321,45719,,,,,1.8509124517440796,,,,,,,,,,,
321,321,18.41433435672525,93.24221454000943,,,,,,,,,,,,,,
321,45723,,,,,,1.6578803062438965,,,,,,,,,,
322,45729,,,,,1.5491493940353394,,,,,,,,,,,
322,45739,,,,,1.7343050241470337,,,,,,,,,,,
322,45749,,,,,1.7571673393249512,,,,,,,,,,,
322,45759,,,,,1.4047186374664307,,,,,,,,,,,
322,45769,,,,,1.714313268661499,,,,,,,,,,,
322,45779,,,,,1.4959629774093628,,,,,,,,,,,
322,45789,,,,,1.512229323387146,,,,,,,,,,,
322,45799,,,,,1.6154406070709229,,,,,,,,,,,
322,45809,,,,,1.564965844154358,,,,,,,,,,,
322,45819,,,,,1.8952895402908325,,,,,,,,,,,
322,45829,,,,,1.7355749607086182,,,,,,,,,,,
322,45839,,,,,1.6467554569244385,,,,,,,,,,,
322,45849,,,,,1.5669915676116943,,,,,,,,,,,
322,45859,,,,,1.6848849058151245,,,,,,,,,,,
322,322,17.926980881513078,93.24991758599054,,,,,,,,,,,,,,
322,45865,,,,,,1.6607695817947388,,,,,,,,,,
323,45869,,,,,1.4880403280258179,,,,,,,,,,,
323,45879,,,,,1.5513039827346802,,,,,,,,,,,
323,45889,,,,,1.3293812274932861,,,,,,,,,,,
323,45899,,,,,1.6368285417556763,,,,,,,,,,,
323,45909,,,,,1.7908151149749756,,,,,,,,,,,
323,45919,,,,,1.5650395154953003,,,,,,,,,,,
323,45929,,,,,1.5561083555221558,,,,,,,,,,,
323,45939,,,,,1.5234756469726562,,,,,,,,,,,
323,45949,,,,,1.7097076177597046,,,,,,,,,,,
323,45959,,,,,1.5254154205322266,,,,,,,,,,,
323,45969,,,,,1.7615456581115723,,,,,,,,,,,
323,45979,,,,,1.5606664419174194,,,,,,,,,,,
323,45989,,,,,1.643874168395996,,,,,,,,,,,
323,45999,,,,,1.6484655141830444,,,,,,,,,,,
323,323,15.428540665421417,93.25816375934625,,,,,,,,,,,,,,
323,46007,,,,,,1.6514829397201538,,,,,,,,,,
324,46009,,,,,1.8380205631256104,,,,,,,,,,,
324,46019,,,,,1.4682480096817017,,,,,,,,,,,
324,46029,,,,,1.7036492824554443,,,,,,,,,,,
324,46039,,,,,1.5681805610656738,,,,,,,,,,,
324,46049,,,,,1.7665722370147705,,,,,,,,,,,
324,46059,,,,,1.81808602809906,,,,,,,,,,,
324,46069,,,,,1.8331648111343384,,,,,,,,,,,
324,46079,,,,,1.6440582275390625,,,,,,,,,,,
324,46089,,,,,1.7487597465515137,,,,,,,,,,,
324,46099,,,,,1.5949352979660034,,,,,,,,,,,
324,46109,,,,,1.6757787466049194,,,,,,,,,,,
324,46119,,,,,1.5285276174545288,,,,,,,,,,,
324,46129,,,,,1.6894100904464722,,,,,,,,,,,
324,46139,,,,,1.5892053842544556,,,,,,,,,,,
324,46149,,,,,1.6554023027420044,,,,,,,,,,,
324,324,15.866796178794022,93.26569156477207,,,,,,,,,,,,,,
324,46149,,,,,,1.655753254890442,,,,,,,,,,
325,46159,,,,,1.7133374214172363,,,,,,,,,,,
325,46169,,,,,1.6480993032455444,,,,,,,,,,,
325,46179,,,,,1.761831521987915,,,,,,,,,,,
325,46189,,,,,1.8050358295440674,,,,,,,,,,,
325,46199,,,,,1.6801929473876953,,,,,,,,,,,
325,46209,,,,,1.6069506406784058,,,,,,,,,,,
325,46219,,,,,1.7422261238098145,,,,,,,,,,,
325,46229,,,,,1.6072770357131958,,,,,,,,,,,
325,46239,,,,,1.5837774276733398,,,,,,,,,,,
325,46249,,,,,1.5655874013900757,,,,,,,,,,,
325,46259,,,,,1.6531249284744263,,,,,,,,,,,
325,46269,,,,,1.6469707489013672,,,,,,,,,,,
325,46279,,,,,1.7630568742752075,,,,,,,,,,,
325,46289,,,,,1.5860413312911987,,,,,,,,,,,
325,325,15.63186583457591,93.27417052182962,,,,,,,,,,,,,,
325,46291,,,,,,1.6446661949157715,,,,,,,,,,
326,46299,,,,,1.623576045036316,,,,,,,,,,,
326,46309,,,,,1.6617063283920288,,,,,,,,,,,
326,46319,,,,,1.9462963342666626,,,,,,,,,,,
326,46329,,,,,1.708680510520935,,,,,,,,,,,
326,46339,,,,,1.6349247694015503,,,,,,,,,,,
326,46349,,,,,1.762288212776184,,,,,,,,,,,
326,46359,,,,,1.5771138668060303,,,,,,,,,,,
326,46369,,,,,1.5313256978988647,,,,,,,,,,,
326,46379,,,,,1.6115365028381348,,,,,,,,,,,
326,46389,,,,,1.411519169807434,,,,,,,,,,,
326,46399,,,,,1.8705370426177979,,,,,,,,,,,
326,46409,,,,,1.476064920425415,,,,,,,,,,,
326,46419,,,,,1.6772429943084717,,,,,,,,,,,
326,46429,,,,,1.7377395629882812,,,,,,,,,,,
326,326,16.719287393166958,93.2817659993457,,,,,,,,,,,,,,
326,46433,,,,,,1.6446346044540405,,,,,,,,,,
327,46439,,,,,1.5884062051773071,,,,,,,,,,,
327,46449,,,,,1.5618423223495483,,,,,,,,,,,
327,46459,,,,,1.6064887046813965,,,,,,,,,,,
327,46469,,,,,1.6567329168319702,,,,,,,,,,,
327,46479,,,,,1.6369855403900146,,,,,,,,,,,
327,46489,,,,,1.9671094417572021,,,,,,,,,,,
327,46499,,,,,1.6284173727035522,,,,,,,,,,,
327,46509,,,,,1.6447674036026,,,,,,,,,,,
327,46519,,,,,1.4999462366104126,,,,,,,,,,,
327,46529,,,,,1.50551176071167,,,,,,,,,,,
327,46539,,,,,1.9422602653503418,,,,,,,,,,,
327,46549,,,,,1.6872799396514893,,,,,,,,,,,
327,46559,,,,,1.9291731119155884,,,,,,,,,,,
327,46569,,,,,1.612855315208435,,,,,,,,,,,
327,327,15.554646112725601,93.28985504845414,,,,,,,,,,,,,,
327,46575,,,,,,1.6384246349334717,,,,,,,,,,
328,46579,,,,,1.5750118494033813,,,,,,,,,,,
328,46589,,,,,1.5706804990768433,,,,,,,,,,,
328,46599,,,,,1.5212615728378296,,,,,,,,,,,
328,46609,,,,,1.5867310762405396,,,,,,,,,,,
328,46619,,,,,1.729332685470581,,,,,,,,,,,
328,46629,,,,,1.5792737007141113,,,,,,,,,,,
328,46639,,,,,1.46230149269104,,,,,,,,,,,
328,46649,,,,,1.7049964666366577,,,,,,,,,,,
328,46659,,,,,1.4118504524230957,,,,,,,,,,,
328,46669,,,,,1.6056824922561646,,,,,,,,,,,
328,46679,,,,,1.5788984298706055,,,,,,,,,,,
328,46689,,,,,1.8581684827804565,,,,,,,,,,,
328,46699,,,,,1.816774606704712,,,,,,,,,,,
328,46709,,,,,1.806136131286621,,,,,,,,,,,
328,328,15.200754752756506,93.29794116483079,,,,,,,,,,,,,,
328,46717,,,,,,1.6351426839828491,,,,,,,,,,
329,46719,,,,,1.7200274467468262,,,,,,,,,,,
329,46729,,,,,1.6473629474639893,,,,,,,,,,,
329,46739,,,,,1.5885037183761597,,,,,,,,,,,
329,46749,,,,,1.6143798828125,,,,,,,,,,,
329,46759,,,,,1.6774896383285522,,,,,,,,,,,
329,46769,,,,,1.6259493827819824,,,,,,,,,,,
329,46779,,,,,1.687687635421753,,,,,,,,,,,
329,46789,,,,,1.7631738185882568,,,,,,,,,,,
329,46799,,,,,2.0385231971740723,,,,,,,,,,,
329,46809,,,,,1.429861068725586,,,,,,,,,,,
329,46819,,,,,1.4760050773620605,,,,,,,,,,,
329,46829,,,,,1.5983738899230957,,,,,,,,,,,
329,46839,,,,,1.8436285257339478,,,,,,,,,,,
329,46849,,,,,1.4970698356628418,,,,,,,,,,,
329,46859,,,,,1.6847394704818726,,,,,,,,,,,
329,329,,,0.9871261119842529,0.45280030369758606,,,1.3696025084469186,0.6092278361320496,,0.8889521360397339,,0.21937774121761322,,3.4047081820210634,,0.2678089141845703
329,46859,,,,,,,,,0.8889521360397339,,0.21937774121761322,,3.404707908630371,,0.2678089141845703,
329,329,17.132318640499935,93.30585827339064,,,,,,,,,,,,,,
329,46859,,,,,,1.6324907541275024,,,,,,,,,,
330,46869,,,,,1.7912588119506836,,,,,,,,,,,
330,46879,,,,,1.7702748775482178,,,,,,,,,,,
330,46889,,,,,1.744456171989441,,,,,,,,,,,
330,46899,,,,,1.698536992073059,,,,,,,,,,,
330,46909,,,,,1.5275042057037354,,,,,,,,,,,
330,46919,,,,,1.4873647689819336,,,,,,,,,,,
330,46929,,,,,1.7233130931854248,,,,,,,,,,,
330,46939,,,,,1.6598483324050903,,,,,,,,,,,
330,46949,,,,,1.6609934568405151,,,,,,,,,,,
330,46959,,,,,1.7884893417358398,,,,,,,,,,,
330,46969,,,,,1.660352110862732,,,,,,,,,,,
330,46979,,,,,1.5697966814041138,,,,,,,,,,,
330,46989,,,,,1.6378233432769775,,,,,,,,,,,
330,46999,,,,,1.891235589981079,,,,,,,,,,,
330,330,17.361420910612434,93.3142112055105,,,,,,,,,,,,,,
330,47001,,,,,,1.6301484107971191,,,,,,,,,,
331,47009,,,,,1.7781198024749756,,,,,,,,,,,
331,47019,,,,,1.5162845849990845,,,,,,,,,,,
331,47029,,,,,1.5140851736068726,,,,,,,,,,,
331,47039,,,,,1.6909855604171753,,,,,,,,,,,
331,47049,,,,,1.3783425092697144,,,,,,,,,,,
331,47059,,,,,1.65884530544281,,,,,,,,,,,
331,47069,,,,,1.6642735004425049,,,,,,,,,,,
331,47079,,,,,1.5640783309936523,,,,,,,,,,,
331,47089,,,,,1.7485512495040894,,,,,,,,,,,
331,47099,,,,,1.4620739221572876,,,,,,,,,,,
331,47109,,,,,1.704026460647583,,,,,,,,,,,
331,47119,,,,,1.5698440074920654,,,,,,,,,,,
331,47129,,,,,1.7770849466323853,,,,,,,,,,,
331,47139,,,,,1.5739445686340332,,,,,,,,,,,
331,331,16.117093512470166,93.32226811388799,,,,,,,,,,,,,,
331,47143,,,,,,1.6270790100097656,,,,,,,,,,
332,47149,,,,,1.681398630142212,,,,,,,,,,,
332,47159,,,,,1.6803001165390015,,,,,,,,,,,
332,47169,,,,,1.5047622919082642,,,,,,,,,,,
332,47179,,,,,1.4279338121414185,,,,,,,,,,,
332,47189,,,,,1.6094818115234375,,,,,,,,,,,
332,47199,,,,,1.8012118339538574,,,,,,,,,,,
332,47209,,,,,1.7321407794952393,,,,,,,,,,,
332,47219,,,,,1.555896282196045,,,,,,,,,,,
332,47229,,,,,1.3110936880111694,,,,,,,,,,,
332,47239,,,,,1.6354868412017822,,,,,,,,,,,
332,47249,,,,,1.7118908166885376,,,,,,,,,,,
332,47259,,,,,1.6142058372497559,,,,,,,,,,,
332,47269,,,,,1.5449568033218384,,,,,,,,,,,
332,47279,,,,,1.7998298406600952,,,,,,,,,,,
332,332,15.849650527254171,93.33009600228499,,,,,,,,,,,,,,
332,47285,,,,,,1.6219242811203003,,,,,,,,,,
333,47289,,,,,1.6543078422546387,,,,,,,,,,,
333,47299,,,,,1.4847798347473145,,,,,,,,,,,
333,47309,,,,,1.5933548212051392,,,,,,,,,,,
333,47319,,,,,1.5930360555648804,,,,,,,,,,,
333,47329,,,,,1.724318504333496,,,,,,,,,,,
333,47339,,,,,1.3729850053787231,,,,,,,,,,,
333,47349,,,,,1.6392178535461426,,,,,,,,,,,
333,47359,,,,,1.5072517395019531,,,,,,,,,,,
333,47369,,,,,1.6620010137557983,,,,,,,,,,,
333,47379,,,,,1.6185146570205688,,,,,,,,,,,
333,47389,,,,,1.5685464143753052,,,,,,,,,,,
333,47399,,,,,1.6582260131835938,,,,,,,,,,,
333,47409,,,,,1.615240454673767,,,,,,,,,,,
333,47419,,,,,1.7295284271240234,,,,,,,,,,,
333,333,16.830234779270167,93.33795733878144,,,,,,,,,,,,,,
333,47427,,,,,,1.6173722743988037,,,,,,,,,,
334,47429,,,,,1.806374192237854,,,,,,,,,,,
334,47439,,,,,1.7260628938674927,,,,,,,,,,,
334,47449,,,,,1.6985387802124023,,,,,,,,,,,
334,47459,,,,,1.5120879411697388,,,,,,,,,,,
334,47469,,,,,1.663656234741211,,,,,,,,,,,
334,47479,,,,,1.445612907409668,,,,,,,,,,,
334,47489,,,,,1.55768883228302,,,,,,,,,,,
334,47499,,,,,1.8830140829086304,,,,,,,,,,,
334,47509,,,,,1.4720946550369263,,,,,,,,,,,
334,47519,,,,,1.3498049974441528,,,,,,,,,,,
334,47529,,,,,1.5023492574691772,,,,,,,,,,,
334,47539,,,,,1.6282119750976562,,,,,,,,,,,
334,47549,,,,,1.543204665184021,,,,,,,,,,,
334,47559,,,,,1.6365413665771484,,,,,,,,,,,
334,47569,,,,,1.5055217742919922,,,,,,,,,,,
334,334,14.000985090352009,93.34629457892284,,,,,,,,,,,,,,
334,47569,,,,,,1.6104960441589355,,,,,,,,,,
335,47579,,,,,1.3068180084228516,,,,,,,,,,,
335,47589,,,,,1.3572665452957153,,,,,,,,,,,
335,47599,,,,,1.7788925170898438,,,,,,,,,,,
335,47609,,,,,1.6402925252914429,,,,,,,,,,,
335,47619,,,,,1.8809263706207275,,,,,,,,,,,
335,47629,,,,,1.8065807819366455,,,,,,,,,,,
335,47639,,,,,1.577335000038147,,,,,,,,,,,
335,47649,,,,,1.5525524616241455,,,,,,,,,,,
335,47659,,,,,1.4769936800003052,,,,,,,,,,,
335,47669,,,,,1.3945062160491943,,,,,,,,,,,
335,47679,,,,,1.502620816230774,,,,,,,,,,,
335,47689,,,,,1.563366413116455,,,,,,,,,,,
335,47699,,,,,1.8873406648635864,,,,,,,,,,,
335,47709,,,,,1.4419060945510864,,,,,,,,,,,
335,335,15.826160117399453,93.35422627210335,,,,,,,,,,,,,,
335,47711,,,,,,1.6142539978027344,,,,,,,,,,
336,47719,,,,,1.7717633247375488,,,,,,,,,,,
336,47729,,,,,1.5633692741394043,,,,,,,,,,,
336,47739,,,,,1.536877989768982,,,,,,,,,,,
336,47749,,,,,1.6504838466644287,,,,,,,,,,,
336,47759,,,,,1.6297645568847656,,,,,,,,,,,
336,47769,,,,,1.5438774824142456,,,,,,,,,,,
336,47779,,,,,1.4453381299972534,,,,,,,,,,,
336,47789,,,,,1.72581946849823,,,,,,,,,,,
336,47799,,,,,1.7836054563522339,,,,,,,,,,,
336,47809,,,,,1.5528512001037598,,,,,,,,,,,
336,47819,,,,,1.6425832509994507,,,,,,,,,,,
336,47829,,,,,1.4158668518066406,,,,,,,,,,,
336,47839,,,,,1.490774154663086,,,,,,,,,,,
336,47849,,,,,1.6102049350738525,,,,,,,,,,,
336,336,17.158686756112278,93.36237826242389,,,,,,,,,,,,,,
336,47853,,,,,,1.6075400114059448,,,,,,,,,,
337,47859,,,,,1.4850332736968994,,,,,,,,,,,
337,47869,,,,,1.7827153205871582,,,,,,,,,,,
337,47879,,,,,1.682633876800537,,,,,,,,,,,
337,47889,,,,,1.451293706893921,,,,,,,,,,,
337,47899,,,,,1.7569983005523682,,,,,,,,,,,
337,47909,,,,,1.7939633131027222,,,,,,,,,,,
337,47919,,,,,1.3663207292556763,,,,,,,,,,,
337,47929,,,,,1.30048668384552,,,,,,,,,,,
337,47939,,,,,1.7631176710128784,,,,,,,,,,,
337,47949,,,,,1.3455207347869873,,,,,,,,,,,
337,47959,,,,,1.7971519231796265,,,,,,,,,,,
337,47969,,,,,1.52703857421875,,,,,,,,,,,
337,47979,,,,,1.8888219594955444,,,,,,,,,,,
337,47989,,,,,1.7077852487564087,,,,,,,,,,,
337,337,15.907143692632223,93.36998927654403,,,,,,,,,,,,,,
337,47995,,,,,,1.5999252796173096,,,,,,,,,,
338,47999,,,,,1.4915587902069092,,,,,,,,,,,
338,48009,,,,,1.6167532205581665,,,,,,,,,,,
338,48019,,,,,1.6693150997161865,,,,,,,,,,,
338,48029,,,,,1.7296383380889893,,,,,,,,,,,
338,48039,,,,,1.9451992511749268,,,,,,,,,,,
338,48049,,,,,1.4616787433624268,,,,,,,,,,,
338,48059,,,,,1.6073737144470215,,,,,,,,,,,
338,48069,,,,,1.4595904350280762,,,,,,,,,,,
338,48079,,,,,1.7906283140182495,,,,,,,,,,,
338,48089,,,,,1.6766422986984253,,,,,,,,,,,
338,48099,,,,,1.641943335533142,,,,,,,,,,,
338,48109,,,,,1.5750879049301147,,,,,,,,,,,
338,48119,,,,,1.5824766159057617,,,,,,,,,,,
338,48129,,,,,1.7970032691955566,,,,,,,,,,,
338,338,16.84036962769121,93.37777140761668,,,,,,,,,,,,,,
338,48137,,,,,,1.6027902364730835,,,,,,,,,,
339,48139,,,,,1.7913274765014648,,,,,,,,,,,
339,48149,,,,,1.7338093519210815,,,,,,,,,,,
339,48159,,,,,1.5407670736312866,,,,,,,,,,,
339,48169,,,,,1.802407145500183,,,,,,,,,,,
339,48179,,,,,1.3872896432876587,,,,,,,,,,,
339,48189,,,,,1.4261082410812378,,,,,,,,,,,
339,48199,,,,,1.5288012027740479,,,,,,,,,,,
339,48209,,,,,1.6754363775253296,,,,,,,,,,,
339,48219,,,,,1.5304243564605713,,,,,,,,,,,
339,48229,,,,,1.648455023765564,,,,,,,,,,,
339,48239,,,,,1.4123464822769165,,,,,,,,,,,
339,48249,,,,,1.4042283296585083,,,,,,,,,,,
339,48259,,,,,1.4151023626327515,,,,,,,,,,,
339,48269,,,,,1.6326274871826172,,,,,,,,,,,
339,48279,,,,,1.7635172605514526,,,,,,,,,,,
339,339,,,0.9879577159881592,0.46312421560287476,,,1.3319113252012549,0.6250765323638916,,0.8912405371665955,,0.2223764806985855,,3.4235968921257527,,0.2712871730327606
339,48279,,,,,,,,,0.8912405371665955,,0.2223764806985855,,3.4235968589782715,,0.2712871730327606,
339,339,15.673300695047125,93.38565676354037,,,,,,,,,,,,,,
339,48279,,,,,,1.5960532426834106,,,,,,,,,,
340,48289,,,,,1.477441430091858,,,,,,,,,,,
340,48299,,,,,1.503042221069336,,,,,,,,,,,
340,48309,,,,,1.828544020652771,,,,,,,,,,,
340,48319,,,,,1.6519994735717773,,,,,,,,,,,
340,48329,,,,,1.3059724569320679,,,,,,,,,,,
340,48339,,,,,1.6966689825057983,,,,,,,,,,,
340,48349,,,,,1.4040132761001587,,,,,,,,,,,
340,48359,,,,,1.3036049604415894,,,,,,,,,,,
340,48369,,,,,1.4420822858810425,,,,,,,,,,,
340,48379,,,,,1.3909822702407837,,,,,,,,,,,
340,48389,,,,,1.68638014793396,,,,,,,,,,,
340,48399,,,,,1.5480566024780273,,,,,,,,,,,
340,48409,,,,,1.6651982069015503,,,,,,,,,,,
340,48419,,,,,1.6071079969406128,,,,,,,,,,,
340,340,15.922269094174162,93.39377325097091,,,,,,,,,,,,,,
340,48421,,,,,,1.5881309509277344,,,,,,,,,,
341,48429,,,,,1.456255555152893,,,,,,,,,,,
341,48439,,,,,1.5834451913833618,,,,,,,,,,,
341,48449,,,,,1.6564840078353882,,,,,,,,,,,
341,48459,,,,,1.3891797065734863,,,,,,,,,,,
341,48469,,,,,1.6094319820404053,,,,,,,,,,,
341,48479,,,,,1.364532232284546,,,,,,,,,,,
341,48489,,,,,1.492590308189392,,,,,,,,,,,
341,48499,,,,,1.6376359462738037,,,,,,,,,,,
341,48509,,,,,1.5979712009429932,,,,,,,,,,,
341,48519,,,,,1.6045082807540894,,,,,,,,,,,
341,48529,,,,,1.2576402425765991,,,,,,,,,,,
341,48539,,,,,1.5878782272338867,,,,,,,,,,,
341,48549,,,,,1.5825304985046387,,,,,,,,,,,
341,48559,,,,,1.6355890035629272,,,,,,,,,,,
341,341,16.87927568738961,93.40170417230806,,,,,,,,,,,,,,
341,48563,,,,,,1.5894389152526855,,,,,,,,,,
342,48569,,,,,1.7383755445480347,,,,,,,,,,,
342,48579,,,,,1.7121548652648926,,,,,,,,,,,
342,48589,,,,,1.5760689973831177,,,,,,,,,,,
342,48599,,,,,1.3502262830734253,,,,,,,,,,,
342,48609,,,,,1.726707935333252,,,,,,,,,,,
342,48619,,,,,1.6486077308654785,,,,,,,,,,,
342,48629,,,,,1.858513593673706,,,,,,,,,,,
342,48639,,,,,1.6734942197799683,,,,,,,,,,,
342,48649,,,,,1.7503522634506226,,,,,,,,,,,
342,48659,,,,,1.5345017910003662,,,,,,,,,,,
342,48669,,,,,1.379805326461792,,,,,,,,,,,
342,48679,,,,,1.5052272081375122,,,,,,,,,,,
342,48689,,,,,1.5065127611160278,,,,,,,,,,,
342,48699,,,,,1.4888139963150024,,,,,,,,,,,
342,342,18.172590202727697,93.40935970307464,,,,,,,,,,,,,,
342,48705,,,,,,1.587083101272583,,,,,,,,,,
343,48709,,,,,1.5821045637130737,,,,,,,,,,,
343,48719,,,,,1.5975642204284668,,,,,,,,,,,
343,48729,,,,,1.4973669052124023,,,,,,,,,,,
343,48739,,,,,1.3871408700942993,,,,,,,,,,,
343,48749,,,,,1.568164348602295,,,,,,,,,,,
343,48759,,,,,1.7013945579528809,,,,,,,,,,,
343,48769,,,,,1.693523645401001,,,,,,,,,,,
343,48779,,,,,1.5189473628997803,,,,,,,,,,,
343,48789,,,,,1.6096330881118774,,,,,,,,,,,
343,48799,,,,,1.4238758087158203,,,,,,,,,,,
343,48809,,,,,1.7621090412139893,,,,,,,,,,,
343,48819,,,,,1.5096672773361206,,,,,,,,,,,
343,48829,,,,,1.5037386417388916,,,,,,,,,,,
343,48839,,,,,1.648724913597107,,,,,,,,,,,
343,343,15.066476547263653,93.41734394464073,,,,,,,,,,,,,,
343,48847,,,,,,1.579160213470459,,,,,,,,,,
344,48849,,,,,1.4637480974197388,,,,,,,,,,,
344,48859,,,,,1.452811598777771,,,,,,,,,,,
344,48869,,,,,1.5338270664215088,,,,,,,,,,,
344,48879,,,,,1.5760650634765625,,,,,,,,,,,
344,48889,,,,,1.4455997943878174,,,,,,,,,,,
344,48899,,,,,1.6013740301132202,,,,,,,,,,,
344,48909,,,,,1.5325576066970825,,,,,,,,,,,
344,48919,,,,,1.4714665412902832,,,,,,,,,,,
344,48929,,,,,1.317055344581604,,,,,,,,,,,
344,48939,,,,,1.5201472043991089,,,,,,,,,,,
344,48949,,,,,1.5115859508514404,,,,,,,,,,,
344,48959,,,,,1.4195890426635742,,,,,,,,,,,
344,48969,,,,,1.4263345003128052,,,,,,,,,,,
344,48979,,,,,1.5135124921798706,,,,,,,,,,,
344,48989,,,,,1.5713181495666504,,,,,,,,,,,
344,344,16.39443650269687,93.42634371777675,,,,,,,,,,,,,,
344,48989,,,,,,1.5668573379516602,,,,,,,,,,
345,48999,,,,,1.39547598361969,,,,,,,,,,,
345,49009,,,,,1.7377504110336304,,,,,,,,,,,
345,49019,,,,,1.4326015710830688,,,,,,,,,,,
345,49029,,,,,1.5101946592330933,,,,,,,,,,,
345,49039,,,,,1.4425365924835205,,,,,,,,,,,
345,49049,,,,,1.690782070159912,,,,,,,,,,,
345,49059,,,,,1.645876407623291,,,,,,,,,,,
345,49069,,,,,1.5978118181228638,,,,,,,,,,,
345,49079,,,,,1.6018261909484863,,,,,,,,,,,
345,49089,,,,,1.5580288171768188,,,,,,,,,,,
345,49099,,,,,1.4194118976593018,,,,,,,,,,,
345,49109,,,,,1.610357642173767,,,,,,,,,,,
345,49119,,,,,1.4884508848190308,,,,,,,,,,,
345,49129,,,,,1.4694764614105225,,,,,,,,,,,
345,345,15.10880326660258,93.4345594829326,,,,,,,,,,,,,,
345,49131,,,,,,1.5696592330932617,,,,,,,,,,
346,49139,,,,,1.6404141187667847,,,,,,,,,,,
346,49149,,,,,1.5173770189285278,,,,,,,,,,,
346,49159,,,,,1.8401912450790405,,,,,,,,,,,
346,49169,,,,,1.4756124019622803,,,,,,,,,,,
346,49179,,,,,1.513482689857483,,,,,,,,,,,
346,49189,,,,,1.6457409858703613,,,,,,,,,,,
346,49199,,,,,1.4146931171417236,,,,,,,,,,,
346,49209,,,,,1.5051331520080566,,,,,,,,,,,
346,49219,,,,,1.4626431465148926,,,,,,,,,,,
346,49229,,,,,1.3264663219451904,,,,,,,,,,,
346,49239,,,,,1.738553762435913,,,,,,,,,,,
346,49249,,,,,1.6574385166168213,,,,,,,,,,,
346,49259,,,,,1.6042346954345703,,,,,,,,,,,
346,49269,,,,,1.4679055213928223,,,,,,,,,,,
346,346,14.679364971853278,93.44262972895636,,,,,,,,,,,,,,
346,49273,,,,,,1.5636584758758545,,,,,,,,,,
347,49279,,,,,1.6499688625335693,,,,,,,,,,,
347,49289,,,,,1.437255859375,,,,,,,,,,,
347,49299,,,,,1.6570641994476318,,,,,,,,,,,
347,49309,,,,,1.6389800310134888,,,,,,,,,,,
347,49319,,,,,1.633483648300171,,,,,,,,,,,
347,49329,,,,,1.5305041074752808,,,,,,,,,,,
347,49339,,,,,1.6962711811065674,,,,,,,,,,,
347,49349,,,,,1.6868619918823242,,,,,,,,,,,
347,49359,,,,,1.6432877779006958,,,,,,,,,,,
347,49369,,,,,1.366988182067871,,,,,,,,,,,
347,49379,,,,,1.553505778312683,,,,,,,,,,,
347,49389,,,,,1.5813558101654053,,,,,,,,,,,
347,49399,,,,,1.420176386833191,,,,,,,,,,,
347,49409,,,,,1.4681072235107422,,,,,,,,,,,
347,347,15.601124444340396,93.45037686630072,,,,,,,,,,,,,,
347,49415,,,,,,1.563455581665039,,,,,,,,,,
348,49419,,,,,1.5507339239120483,,,,,,,,,,,
348,49429,,,,,1.6382898092269897,,,,,,,,,,,
348,49439,,,,,1.512798547744751,,,,,,,,,,,
348,49449,,,,,1.4562219381332397,,,,,,,,,,,
348,49459,,,,,1.3793447017669678,,,,,,,,,,,
348,49469,,,,,1.5832582712173462,,,,,,,,,,,
348,49479,,,,,1.4492934942245483,,,,,,,,,,,
348,49489,,,,,1.716325044631958,,,,,,,,,,,
348,49499,,,,,1.6258587837219238,,,,,,,,,,,
348,49509,,,,,1.6541531085968018,,,,,,,,,,,
348,49519,,,,,1.8302428722381592,,,,,,,,,,,
348,49529,,,,,1.3347834348678589,,,,,,,,,,,
348,49539,,,,,1.6728695631027222,,,,,,,,,,,
348,49549,,,,,1.4388149976730347,,,,,,,,,,,
348,348,14.849113954630566,93.45823160910852,,,,,,,,,,,,,,
348,49557,,,,,,1.5621988773345947,,,,,,,,,,
349,49559,,,,,1.6398627758026123,,,,,,,,,,,
349,49569,,,,,1.6017980575561523,,,,,,,,,,,
349,49579,,,,,1.736769199371338,,,,,,,,,,,
349,49589,,,,,1.5904995203018188,,,,,,,,,,,
349,49599,,,,,1.544909119606018,,,,,,,,,,,
349,49609,,,,,1.8078160285949707,,,,,,,,,,,
349,49619,,,,,1.667224645614624,,,,,,,,,,,
349,49629,,,,,1.5867938995361328,,,,,,,,,,,
349,49639,,,,,1.430601954460144,,,,,,,,,,,
349,49649,,,,,1.6249074935913086,,,,,,,,,,,
349,49659,,,,,1.7135076522827148,,,,,,,,,,,
349,49669,,,,,1.496803879737854,,,,,,,,,,,
349,49679,,,,,1.5608993768692017,,,,,,,,,,,
349,49689,,,,,1.4095436334609985,,,,,,,,,,,
349,49699,,,,,1.5235464572906494,,,,,,,,,,,
349,349,,,0.9890109300613403,0.4855729043483734,,,1.3020936746617566,0.6381451487541199,,0.8895193338394165,,0.22185397148132324,,3.4935302545829696,,0.2736336588859558
349,49699,,,,,,,,,0.8895193338394165,,0.22185397148132324,,3.493530035018921,,0.2736336588859558,
349,349,15.629919583856944,93.46613806172623,,,,,,,,,,,,,,
349,49699,,,,,,1.552111268043518,,,,,,,,,,
350,49709,,,,,1.5887328386306763,,,,,,,,,,,
350,49719,,,,,1.5352941751480103,,,,,,,,,,,
350,49729,,,,,1.5666075944900513,,,,,,,,,,,
350,49739,,,,,1.6353545188903809,,,,,,,,,,,
350,49749,,,,,1.553013563156128,,,,,,,,,,,
350,49759,,,,,1.4851113557815552,,,,,,,,,,,
350,49769,,,,,1.4286434650421143,,,,,,,,,,,
350,49779,,,,,1.6228457689285278,,,,,,,,,,,
350,49789,,,,,1.5061166286468506,,,,,,,,,,,
350,49799,,,,,1.5861538648605347,,,,,,,,,,,
350,49809,,,,,1.5267078876495361,,,,,,,,,,,
350,49819,,,,,1.5298365354537964,,,,,,,,,,,
350,49829,,,,,1.9610786437988281,,,,,,,,,,,
350,49839,,,,,1.6370502710342407,,,,,,,,,,,
350,350,17.3052690443638,93.47396912664055,,,,,,,,,,,,,,
350,49841,,,,,,1.5533430576324463,,,,,,,,,,
351,49849,,,,,1.463300347328186,,,,,,,,,,,
351,49859,,,,,1.6371523141860962,,,,,,,,,,,
351,49869,,,,,1.3806438446044922,,,,,,,,,,,
351,49879,,,,,1.697393774986267,,,,,,,,,,,
351,49889,,,,,1.4216817617416382,,,,,,,,,,,
351,49899,,,,,1.5245635509490967,,,,,,,,,,,
351,49909,,,,,1.51998770236969,,,,,,,,,,,
351,49919,,,,,1.4354276657104492,,,,,,,,,,,
351,49929,,,,,1.7999920845031738,,,,,,,,,,,
351,49939,,,,,1.3591253757476807,,,,,,,,,,,
351,49949,,,,,1.6103157997131348,,,,,,,,,,,
351,49959,,,,,1.5329432487487793,,,,,,,,,,,
351,49969,,,,,1.3086953163146973,,,,,,,,,,,
351,49979,,,,,1.5736819505691528,,,,,,,,,,,
351,351,17.0650767581972,93.48238011384046,,,,,,,,,,,,,,
351,49983,,,,,,1.5458955764770508,,,,,,,,,,
352,49989,,,,,1.422731876373291,,,,,,,,,,,
352,49999,,,,,1.474145531654358,,,,,,,,,,,
352,50009,,,,,1.593932032585144,,,,,,,,,,,
352,50019,,,,,1.5926700830459595,,,,,,,,,,,
352,50029,,,,,1.25070321559906,,,,,,,,,,,
352,50039,,,,,1.4705843925476074,,,,,,,,,,,
352,50049,,,,,1.5279210805892944,,,,,,,,,,,
352,50059,,,,,1.5533392429351807,,,,,,,,,,,
352,50069,,,,,1.6559115648269653,,,,,,,,,,,
352,50079,,,,,1.5468543767929077,,,,,,,,,,,
352,50089,,,,,1.6131027936935425,,,,,,,,,,,
352,50099,,,,,1.390376091003418,,,,,,,,,,,
352,50109,,,,,1.4970035552978516,,,,,,,,,,,
352,50119,,,,,1.6095402240753174,,,,,,,,,,,
352,352,16.98319363805199,93.49034873167908,,,,,,,,,,,,,,
352,50125,,,,,,1.5438141822814941,,,,,,,,,,
353,50129,,,,,1.60305655002594,,,,,,,,,,,
353,50139,,,,,1.5190386772155762,,,,,,,,,,,
353,50149,,,,,1.4113298654556274,,,,,,,,,,,
353,50159,,,,,1.555422306060791,,,,,,,,,,,
353,50169,,,,,1.4051653146743774,,,,,,,,,,,
353,50179,,,,,1.4345290660858154,,,,,,,,,,,
353,50189,,,,,1.5456466674804688,,,,,,,,,,,
353,50199,,,,,1.6729708909988403,,,,,,,,,,,
353,50209,,,,,1.467362642288208,,,,,,,,,,,
353,50219,,,,,1.563255786895752,,,,,,,,,,,
353,50229,,,,,1.4371575117111206,,,,,,,,,,,
353,50239,,,,,1.7412899732589722,,,,,,,,,,,
353,50249,,,,,1.5316191911697388,,,,,,,,,,,
353,50259,,,,,1.4129220247268677,,,,,,,,,,,
353,353,15.825751043880004,93.4983598993923,,,,,,,,,,,,,,
353,50267,,,,,,1.5418856143951416,,,,,,,,,,
354,50269,,,,,1.5031746625900269,,,,,,,,,,,
354,50279,,,,,1.5951995849609375,,,,,,,,,,,
354,50289,,,,,1.8747228384017944,,,,,,,,,,,
354,50299,,,,,1.750712513923645,,,,,,,,,,,
354,50309,,,,,1.6808948516845703,,,,,,,,,,,
354,50319,,,,,1.3811461925506592,,,,,,,,,,,
354,50329,,,,,1.4599045515060425,,,,,,,,,,,
354,50339,,,,,1.1930512189865112,,,,,,,,,,,
354,50349,,,,,1.5857902765274048,,,,,,,,,,,
354,50359,,,,,1.5754907131195068,,,,,,,,,,,
354,50369,,,,,1.4652737379074097,,,,,,,,,,,
354,50379,,,,,1.6392050981521606,,,,,,,,,,,
354,50389,,,,,1.316210150718689,,,,,,,,,,,
354,50399,,,,,1.5241646766662598,,,,,,,,,,,
354,50409,,,,,1.4870243072509766,,,,,,,,,,,
354,354,16.444334641128847,93.5062794042139,,,,,,,,,,,,,,
354,50409,,,,,,1.5374929904937744,,,,,,,,,,
355,50419,,,,,1.6054071187973022,,,,,,,,,,,
355,50429,,,,,1.3500292301177979,,,,,,,,,,,
355,50439,,,,,1.6121764183044434,,,,,,,,,,,
355,50449,,,,,1.4757310152053833,,,,,,,,,,,
355,50459,,,,,1.5383074283599854,,,,,,,,,,,
355,50469,,,,,1.462415337562561,,,,,,,,,,,
355,50479,,,,,1.4537501335144043,,,,,,,,,,,
355,50489,,,,,1.5125346183776855,,,,,,,,,,,
355,50499,,,,,1.5949194431304932,,,,,,,,,,,
355,50509,,,,,1.4033727645874023,,,,,,,,,,,
355,50519,,,,,1.373324990272522,,,,,,,,,,,
355,50529,,,,,1.6052396297454834,,,,,,,,,,,
355,50539,,,,,1.6850073337554932,,,,,,,,,,,
355,50549,,,,,1.569859266281128,,,,,,,,,,,
355,355,17.725049241831318,93.51429803108996,,,,,,,,,,,,,,
355,50551,,,,,,1.533734679222107,,,,,,,,,,
356,50559,,,,,1.45908784866333,,,,,,,,,,,
356,50569,,,,,1.4684644937515259,,,,,,,,,,,
356,50579,,,,,1.6417886018753052,,,,,,,,,,,
356,50589,,,,,1.3528461456298828,,,,,,,,,,,
356,50599,,,,,1.5541539192199707,,,,,,,,,,,
356,50609,,,,,1.4539178609848022,,,,,,,,,,,
356,50619,,,,,1.5033127069473267,,,,,,,,,,,
356,50629,,,,,1.5222506523132324,,,,,,,,,,,
356,50639,,,,,1.478546380996704,,,,,,,,,,,
356,50649,,,,,1.50851309299469,,,,,,,,,,,
356,50659,,,,,1.5689582824707031,,,,,,,,,,,
356,50669,,,,,1.5877315998077393,,,,,,,,,,,
356,50679,,,,,1.8893276453018188,,,,,,,,,,,
356,50689,,,,,1.7876360416412354,,,,,,,,,,,
356,356,15.64513560890087,93.52234956340267,,,,,,,,,,,,,,
356,50693,,,,,,1.5271785259246826,,,,,,,,,,
357,50699,,,,,1.362679123878479,,,,,,,,,,,
357,50709,,,,,1.3889302015304565,,,,,,,,,,,
357,50719,,,,,1.5288714170455933,,,,,,,,,,,
357,50729,,,,,1.3243465423583984,,,,,,,,,,,
357,50739,,,,,1.4287060499191284,,,,,,,,,,,
357,50749,,,,,1.5771424770355225,,,,,,,,,,,
357,50759,,,,,1.533608078956604,,,,,,,,,,,
357,50769,,,,,1.6202486753463745,,,,,,,,,,,
357,50779,,,,,1.5037341117858887,,,,,,,,,,,
357,50789,,,,,1.4445010423660278,,,,,,,,,,,
357,50799,,,,,1.5832411050796509,,,,,,,,,,,
357,50809,,,,,1.5778690576553345,,,,,,,,,,,
357,50819,,,,,1.469194769859314,,,,,,,,,,,
357,50829,,,,,1.5289968252182007,,,,,,,,,,,
357,357,15.738307144561285,93.53083354439825,,,,,,,,,,,,,,
357,50835,,,,,,1.5299110412597656,,,,,,,,,,
358,50839,,,,,1.5963751077651978,,,,,,,,,,,
358,50849,,,,,1.4884908199310303,,,,,,,,,,,
358,50859,,,,,1.705241322517395,,,,,,,,,,,
358,50869,,,,,1.7495299577713013,,,,,,,,,,,
358,50879,,,,,1.4839533567428589,,,,,,,,,,,
358,50889,,,,,1.5283689498901367,,,,,,,,,,,
358,50899,,,,,1.5018166303634644,,,,,,,,,,,
358,50909,,,,,1.4003838300704956,,,,,,,,,,,
358,50919,,,,,1.5476659536361694,,,,,,,,,,,
358,50929,,,,,1.475912094116211,,,,,,,,,,,
358,50939,,,,,1.3930835723876953,,,,,,,,,,,
358,50949,,,,,1.8151891231536865,,,,,,,,,,,
358,50959,,,,,1.6411957740783691,,,,,,,,,,,
358,50969,,,,,1.577416181564331,,,,,,,,,,,
358,358,17.589473640727253,93.53878925648583,,,,,,,,,,,,,,
358,50977,,,,,,1.5236711502075195,,,,,,,,,,
359,50979,,,,,1.4213284254074097,,,,,,,,,,,
359,50989,,,,,1.4188122749328613,,,,,,,,,,,
359,50999,,,,,1.5977874994277954,,,,,,,,,,,
359,51009,,,,,1.603670358657837,,,,,,,,,,,
359,51019,,,,,1.4308111667633057,,,,,,,,,,,
359,51029,,,,,1.6375242471694946,,,,,,,,,,,
359,51039,,,,,1.3745191097259521,,,,,,,,,,,
359,51049,,,,,1.503248691558838,,,,,,,,,,,
359,51059,,,,,1.5467472076416016,,,,,,,,,,,
359,51069,,,,,1.4801124334335327,,,,,,,,,,,
359,51079,,,,,1.8655474185943604,,,,,,,,,,,
359,51089,,,,,1.5497797727584839,,,,,,,,,,,
359,51099,,,,,1.5388954877853394,,,,,,,,,,,
359,51109,,,,,1.5277739763259888,,,,,,,,,,,
359,51119,,,,,1.5662943124771118,,,,,,,,,,,
359,359,,,0.9899294972419739,0.49742501974105835,,,1.2501608926214114,0.6512466073036194,,0.8882026672363281,,0.22826829552650452,,3.5064731623445238,,0.2727753520011902
359,51119,,,,,,,,,0.8882026672363281,,0.22826829552650452,,3.5064730644226074,,0.2727753520011902,
359,359,16.30736292170553,93.546614723482,,,,,,,,,,,,,,
359,51119,,,,,,1.5178333520889282,,,,,,,,,,
360,51129,,,,,1.4209520816802979,,,,,,,,,,,
360,51139,,,,,1.61710524559021,,,,,,,,,,,
360,51149,,,,,1.5475260019302368,,,,,,,,,,,
360,51159,,,,,1.6064502000808716,,,,,,,,,,,
360,51169,,,,,1.487947702407837,,,,,,,,,,,
360,51179,,,,,1.5417563915252686,,,,,,,,,,,
360,51189,,,,,1.6621532440185547,,,,,,,,,,,
360,51199,,,,,1.3447606563568115,,,,,,,,,,,
360,51209,,,,,1.4586646556854248,,,,,,,,,,,
360,51219,,,,,1.6244971752166748,,,,,,,,,,,
360,51229,,,,,1.5860360860824585,,,,,,,,,,,
360,51239,,,,,1.372298002243042,,,,,,,,,,,
360,51249,,,,,1.5143837928771973,,,,,,,,,,,
360,51259,,,,,1.2743407487869263,,,,,,,,,,,
360,360,15.45940059908924,93.55489034305126,,,,,,,,,,,,,,
360,51261,,,,,,1.515454649925232,,,,,,,,,,
361,51269,,,,,1.4192379713058472,,,,,,,,,,,
361,51279,,,,,1.512860655784607,,,,,,,,,,,
361,51289,,,,,1.459949016571045,,,,,,,,,,,
361,51299,,,,,1.5208669900894165,,,,,,,,,,,
361,51309,,,,,1.5734466314315796,,,,,,,,,,,
361,51319,,,,,1.582533359527588,,,,,,,,,,,
361,51329,,,,,1.6201729774475098,,,,,,,,,,,
361,51339,,,,,1.5540004968643188,,,,,,,,,,,
361,51349,,,,,1.4455050230026245,,,,,,,,,,,
361,51359,,,,,1.4080407619476318,,,,,,,,,,,
361,51369,,,,,1.5254839658737183,,,,,,,,,,,
361,51379,,,,,1.5624732971191406,,,,,,,,,,,
361,51389,,,,,1.5158644914627075,,,,,,,,,,,
361,51399,,,,,1.3605260848999023,,,,,,,,,,,
361,361,15.580951377441318,93.56323870906807,,,,,,,,,,,,,,
361,51403,,,,,,1.5120596885681152,,,,,,,,,,
362,51409,,,,,1.4341163635253906,,,,,,,,,,,
362,51419,,,,,1.6863223314285278,,,,,,,,,,,
362,51429,,,,,1.3811601400375366,,,,,,,,,,,
362,51439,,,,,1.541646122932434,,,,,,,,,,,
362,51449,,,,,1.3898179531097412,,,,,,,,,,,
362,51459,,,,,1.5241146087646484,,,,,,,,,,,
362,51469,,,,,1.372968316078186,,,,,,,,,,,
362,51479,,,,,1.4714018106460571,,,,,,,,,,,
362,51489,,,,,1.6613292694091797,,,,,,,,,,,
362,51499,,,,,1.4701226949691772,,,,,,,,,,,
362,51509,,,,,1.5826607942581177,,,,,,,,,,,
362,51519,,,,,1.2588149309158325,,,,,,,,,,,
362,51529,,,,,1.8217406272888184,,,,,,,,,,,
362,51539,,,,,1.6410937309265137,,,,,,,,,,,
362,362,16.67732853376298,93.57094451710456,,,,,,,,,,,,,,
362,51545,,,,,,1.505407691001892,,,,,,,,,,
363,51549,,,,,1.509986400604248,,,,,,,,,,,
363,51559,,,,,1.4260145425796509,,,,,,,,,,,
363,51569,,,,,1.4561269283294678,,,,,,,,,,,
363,51579,,,,,1.5277372598648071,,,,,,,,,,,
363,51589,,,,,1.5468559265136719,,,,,,,,,,,
363,51599,,,,,1.566124439239502,,,,,,,,,,,
363,51609,,,,,1.627522587776184,,,,,,,,,,,
363,51619,,,,,1.3824806213378906,,,,,,,,,,,
363,51629,,,,,1.6539045572280884,,,,,,,,,,,
363,51639,,,,,1.3694301843643188,,,,,,,,,,,
363,51649,,,,,1.665035367012024,,,,,,,,,,,
363,51659,,,,,1.4664161205291748,,,,,,,,,,,
363,51669,,,,,1.3128068447113037,,,,,,,,,,,
363,51679,,,,,1.2986656427383423,,,,,,,,,,,
363,363,17.088692868855265,93.57886881486948,,,,,,,,,,,,,,
363,51687,,,,,,1.5069407224655151,,,,,,,,,,
364,51689,,,,,1.6661295890808105,,,,,,,,,,,
364,51699,,,,,1.6393951177597046,,,,,,,,,,,
364,51709,,,,,1.5366230010986328,,,,,,,,,,,
364,51719,,,,,1.3484902381896973,,,,,,,,,,,
364,51729,,,,,1.5168949365615845,,,,,,,,,,,
364,51739,,,,,1.4074474573135376,,,,,,,,,,,
364,51749,,,,,1.3537356853485107,,,,,,,,,,,
364,51759,,,,,1.4655935764312744,,,,,,,,,,,
364,51769,,,,,1.3374117612838745,,,,,,,,,,,
364,51779,,,,,1.5200246572494507,,,,,,,,,,,
364,51789,,,,,1.4159210920333862,,,,,,,,,,,
364,51799,,,,,1.5844995975494385,,,,,,,,,,,
364,51809,,,,,1.5817517042160034,,,,,,,,,,,
364,51819,,,,,1.301369547843933,,,,,,,,,,,
364,51829,,,,,1.3775575160980225,,,,,,,,,,,
364,364,16.788285853905244,93.58719480602178,,,,,,,,,,,,,,
364,51829,,,,,,1.499077558517456,,,,,,,,,,
365,51839,,,,,1.2914599180221558,,,,,,,,,,,
365,51849,,,,,1.5074355602264404,,,,,,,,,,,
365,51859,,,,,1.5862524509429932,,,,,,,,,,,
365,51869,,,,,1.5181671380996704,,,,,,,,,,,
365,51879,,,,,1.4977614879608154,,,,,,,,,,,
365,51889,,,,,1.687990665435791,,,,,,,,,,,
365,51899,,,,,1.524446725845337,,,,,,,,,,,
365,51909,,,,,1.4800211191177368,,,,,,,,,,,
365,51919,,,,,1.4632188081741333,,,,,,,,,,,
365,51929,,,,,1.3741862773895264,,,,,,,,,,,
365,51939,,,,,1.699225902557373,,,,,,,,,,,
365,51949,,,,,1.626136302947998,,,,,,,,,,,
365,51959,,,,,1.5273780822753906,,,,,,,,,,,
365,51969,,,,,1.5347973108291626,,,,,,,,,,,
365,365,16.626461282486442,93.59479035993654,,,,,,,,,,,,,,
365,51971,,,,,,1.5029066801071167,,,,,,,,,,
366,51979,,,,,1.3597774505615234,,,,,,,,,,,
366,51989,,,,,1.5775268077850342,,,,,,,,,,,
366,51999,,,,,1.4988372325897217,,,,,,,,,,,
366,52009,,,,,1.3596198558807373,,,,,,,,,,,
366,52019,,,,,1.594774603843689,,,,,,,,,,,
366,52029,,,,,1.3823331594467163,,,,,,,,,,,
366,52039,,,,,1.5387539863586426,,,,,,,,,,,
366,52049,,,,,1.4938890933990479,,,,,,,,,,,
366,52059,,,,,1.3988747596740723,,,,,,,,,,,
366,52069,,,,,1.5861341953277588,,,,,,,,,,,
366,52079,,,,,1.453962802886963,,,,,,,,,,,
366,52089,,,,,1.6218448877334595,,,,,,,,,,,
366,52099,,,,,1.4195845127105713,,,,,,,,,,,
366,52109,,,,,1.5226792097091675,,,,,,,,,,,
366,366,16.00670242887097,93.60305109813703,,,,,,,,,,,,,,
366,52113,,,,,,1.4950796365737915,,,,,,,,,,
367,52119,,,,,1.4721853733062744,,,,,,,,,,,
367,52129,,,,,1.5212829113006592,,,,,,,,,,,
367,52139,,,,,1.5911074876785278,,,,,,,,,,,
367,52149,,,,,1.5336675643920898,,,,,,,,,,,
367,52159,,,,,1.368558645248413,,,,,,,,,,,
367,52169,,,,,1.5554020404815674,,,,,,,,,,,
367,52179,,,,,1.3177236318588257,,,,,,,,,,,
367,52189,,,,,1.4147820472717285,,,,,,,,,,,
367,52199,,,,,1.6270345449447632,,,,,,,,,,,
367,52209,,,,,1.3980250358581543,,,,,,,,,,,
367,52219,,,,,1.2543971538543701,,,,,,,,,,,
367,52229,,,,,1.5294909477233887,,,,,,,,,,,
367,52239,,,,,1.4848183393478394,,,,,,,,,,,
367,52249,,,,,1.3726738691329956,,,,,,,,,,,
367,367,15.041146978121624,93.61097896853884,,,,,,,,,,,,,,
367,52255,,,,,,1.489234209060669,,,,,,,,,,
368,52259,,,,,1.5599555969238281,,,,,,,,,,,
368,52269,,,,,1.642812728881836,,,,,,,,,,,
368,52279,,,,,1.5628334283828735,,,,,,,,,,,
368,52289,,,,,1.4131524562835693,,,,,,,,,,,
368,52299,,,,,1.3732024431228638,,,,,,,,,,,
368,52309,,,,,1.4654386043548584,,,,,,,,,,,
368,52319,,,,,1.4085750579833984,,,,,,,,,,,
368,52329,,,,,1.3657214641571045,,,,,,,,,,,
368,52339,,,,,1.4719185829162598,,,,,,,,,,,
368,52349,,,,,1.5469938516616821,,,,,,,,,,,
368,52359,,,,,1.5864731073379517,,,,,,,,,,,
368,52369,,,,,1.5830800533294678,,,,,,,,,,,
368,52379,,,,,1.3337584733963013,,,,,,,,,,,
368,52389,,,,,1.6687192916870117,,,,,,,,,,,
368,368,16.69638783206046,93.61907548941102,,,,,,,,,,,,,,
368,52397,,,,,,1.4864065647125244,,,,,,,,,,
369,52399,,,,,1.1855933666229248,,,,,,,,,,,
369,52409,,,,,1.4451415538787842,,,,,,,,,,,
369,52419,,,,,1.3697136640548706,,,,,,,,,,,
369,52429,,,,,1.5046371221542358,,,,,,,,,,,
369,52439,,,,,1.5572136640548706,,,,,,,,,,,
369,52449,,,,,1.686729073524475,,,,,,,,,,,
369,52459,,,,,1.3835151195526123,,,,,,,,,,,
369,52469,,,,,1.4046791791915894,,,,,,,,,,,
369,52479,,,,,1.5919429063796997,,,,,,,,,,,
369,52489,,,,,1.4167020320892334,,,,,,,,,,,
369,52499,,,,,1.4150466918945312,,,,,,,,,,,
369,52509,,,,,1.4992235898971558,,,,,,,,,,,
369,52519,,,,,1.635530710220337,,,,,,,,,,,
369,52529,,,,,1.5901336669921875,,,,,,,,,,,
369,52539,,,,,1.662481665611267,,,,,,,,,,,
369,369,,,0.9905216693878174,0.5209150314331055,,,1.2150454364880698,0.6649020314216614,,0.891354501247406,,0.22964255511760712,,3.501504183119657,,0.2740718424320221
369,52539,,,,,,,,,0.891354501247406,,0.22964255511760712,,3.501504421234131,,0.2740718424320221,
369,369,16.015067380068196,93.62728998506691,,,,,,,,,,,,,,
369,52539,,,,,,1.486101508140564,,,,,,,,,,
370,52549,,,,,1.3534772396087646,,,,,,,,,,,
370,52559,,,,,1.5049705505371094,,,,,,,,,,,
370,52569,,,,,1.2876943349838257,,,,,,,,,,,
370,52579,,,,,1.5480239391326904,,,,,,,,,,,
370,52589,,,,,1.524443507194519,,,,,,,,,,,
370,52599,,,,,1.319224238395691,,,,,,,,,,,
370,52609,,,,,1.5011435747146606,,,,,,,,,,,
370,52619,,,,,1.3654401302337646,,,,,,,,,,,
370,52629,,,,,1.553100824356079,,,,,,,,,,,
370,52639,,,,,1.4629921913146973,,,,,,,,,,,
370,52649,,,,,1.512408971786499,,,,,,,,,,,
370,52659,,,,,1.4085791110992432,,,,,,,,,,,
370,52669,,,,,1.2951760292053223,,,,,,,,,,,
370,52679,,,,,1.4081131219863892,,,,,,,,,,,
370,370,15.196619678132382,93.6359801098021,,,,,,,,,,,,,,
370,52681,,,,,,1.4789422750473022,,,,,,,,,,
371,52689,,,,,1.5221093893051147,,,,,,,,,,,
371,52699,,,,,1.5503365993499756,,,,,,,,,,,
371,52709,,,,,1.40230131149292,,,,,,,,,,,
371,52719,,,,,1.414446234703064,,,,,,,,,,,
371,52729,,,,,1.4273067712783813,,,,,,,,,,,
371,52739,,,,,1.5850560665130615,,,,,,,,,,,
371,52749,,,,,1.4257071018218994,,,,,,,,,,,
371,52759,,,,,1.5607439279556274,,,,,,,,,,,
371,52769,,,,,1.5945526361465454,,,,,,,,,,,
371,52779,,,,,1.3002837896347046,,,,,,,,,,,
371,52789,,,,,1.3810797929763794,,,,,,,,,,,
371,52799,,,,,1.304740309715271,,,,,,,,,,,
371,52809,,,,,1.4828487634658813,,,,,,,,,,,
371,52819,,,,,1.5624516010284424,,,,,,,,,,,
371,371,16.50402857295852,93.6441320301036,,,,,,,,,,,,,,
371,52823,,,,,,1.4762344360351562,,,,,,,,,,
372,52829,,,,,1.7514147758483887,,,,,,,,,,,
372,52839,,,,,1.435447096824646,,,,,,,,,,,
372,52849,,,,,1.5239219665527344,,,,,,,,,,,
372,52859,,,,,1.4422634840011597,,,,,,,,,,,
372,52869,,,,,1.7259289026260376,,,,,,,,,,,
372,52879,,,,,1.4579923152923584,,,,,,,,,,,
372,52889,,,,,1.43814218044281,,,,,,,,,,,
372,52899,,,,,1.3061590194702148,,,,,,,,,,,
372,52909,,,,,1.3710280656814575,,,,,,,,,,,
372,52919,,,,,1.4555509090423584,,,,,,,,,,,
372,52929,,,,,1.401090383529663,,,,,,,,,,,
372,52939,,,,,1.4144408702850342,,,,,,,,,,,
372,52949,,,,,1.6328895092010498,,,,,,,,,,,
372,52959,,,,,1.568725347518921,,,,,,,,,,,
372,372,17.351143110508165,93.65198461584819,,,,,,,,,,,,,,
372,52965,,,,,,1.4763963222503662,,,,,,,,,,
373,52969,,,,,1.4078670740127563,,,,,,,,,,,
373,52979,,,,,1.4073476791381836,,,,,,,,,,,
373,52989,,,,,1.4087172746658325,,,,,,,,,,,
373,52999,,,,,1.4263098239898682,,,,,,,,,,,
373,53009,,,,,1.498287320137024,,,,,,,,,,,
373,53019,,,,,1.4364378452301025,,,,,,,,,,,
373,53029,,,,,1.3264051675796509,,,,,,,,,,,
373,53039,,,,,1.3795706033706665,,,,,,,,,,,
373,53049,,,,,1.6265621185302734,,,,,,,,,,,
373,53059,,,,,1.2935172319412231,,,,,,,,,,,
373,53069,,,,,1.3284035921096802,,,,,,,,,,,
373,53079,,,,,1.6407493352890015,,,,,,,,,,,
373,53089,,,,,1.4276089668273926,,,,,,,,,,,
373,53099,,,,,1.406527042388916,,,,,,,,,,,
373,373,15.70623720018871,93.66039890073323,,,,,,,,,,,,,,
373,53107,,,,,,1.468422532081604,,,,,,,,,,
374,53109,,,,,1.2425240278244019,,,,,,,,,,,
374,53119,,,,,1.4914332628250122,,,,,,,,,,,
374,53129,,,,,1.616955041885376,,,,,,,,,,,
374,53139,,,,,1.3910683393478394,,,,,,,,,,,
374,53149,,,,,1.4813402891159058,,,,,,,,,,,
374,53159,,,,,1.689949631690979,,,,,,,,,,,
374,53169,,,,,1.3071779012680054,,,,,,,,,,,
374,53179,,,,,1.573996663093567,,,,,,,,,,,
374,53189,,,,,1.6499091386795044,,,,,,,,,,,
374,53199,,,,,1.4400378465652466,,,,,,,,,,,
374,53209,,,,,1.4537709951400757,,,,,,,,,,,
374,53219,,,,,1.5474355220794678,,,,,,,,,,,
374,53229,,,,,1.2582491636276245,,,,,,,,,,,
374,53239,,,,,1.462389588356018,,,,,,,,,,,
374,53249,,,,,1.461618185043335,,,,,,,,,,,
374,374,16.79336186111958,93.66859406126018,,,,,,,,,,,,,,
374,53249,,,,,,1.461471676826477,,,,,,,,,,
375,53259,,,,,1.5374075174331665,,,,,,,,,,,
375,53269,,,,,1.5509737730026245,,,,,,,,,,,
375,53279,,,,,1.3773669004440308,,,,,,,,,,,
375,53289,,,,,1.3987078666687012,,,,,,,,,,,
375,53299,,,,,1.3451131582260132,,,,,,,,,,,
375,53309,,,,,1.5172512531280518,,,,,,,,,,,
375,53319,,,,,1.4176133871078491,,,,,,,,,,,
375,53329,,,,,1.236860990524292,,,,,,,,,,,
375,53339,,,,,1.4581761360168457,,,,,,,,,,,
375,53349,,,,,1.5900914669036865,,,,,,,,,,,
375,53359,,,,,1.471285104751587,,,,,,,,,,,
375,53369,,,,,1.725784420967102,,,,,,,,,,,
375,53379,,,,,1.557811975479126,,,,,,,,,,,
375,53389,,,,,1.3154923915863037,,,,,,,,,,,
375,375,15.626305931417507,93.67672051194724,,,,,,,,,,,,,,
375,53391,,,,,,1.4626792669296265,,,,,,,,,,
376,53399,,,,,1.5720465183258057,,,,,,,,,,,
376,53409,,,,,1.5028942823410034,,,,,,,,,,,
376,53419,,,,,1.356404185295105,,,,,,,,,,,
376,53429,,,,,1.5913465023040771,,,,,,,,,,,
376,53439,,,,,1.5002403259277344,,,,,,,,,,,
376,53449,,,,,1.5248364210128784,,,,,,,,,,,
376,53459,,,,,1.3885669708251953,,,,,,,,,,,
376,53469,,,,,1.5376462936401367,,,,,,,,,,,
376,53479,,,,,1.452673316001892,,,,,,,,,,,
376,53489,,,,,1.5992202758789062,,,,,,,,,,,
376,53499,,,,,1.389189600944519,,,,,,,,,,,
376,53509,,,,,1.4815739393234253,,,,,,,,,,,
376,53519,,,,,1.4579497575759888,,,,,,,,,,,
376,53529,,,,,1.6093358993530273,,,,,,,,,,,
376,376,16.326195653158546,93.68462275250005,,,,,,,,,,,,,,
376,53533,,,,,,1.4554033279418945,,,,,,,,,,
377,53539,,,,,1.314693570137024,,,,,,,,,,,
377,53549,,,,,1.2879656553268433,,,,,,,,,,,
377,53559,,,,,1.193557858467102,,,,,,,,,,,
377,53569,,,,,1.611633539199829,,,,,,,,,,,
377,53579,,,,,1.4503765106201172,,,,,,,,,,,
377,53589,,,,,1.5124659538269043,,,,,,,,,,,
377,53599,,,,,1.3207967281341553,,,,,,,,,,,
377,53609,,,,,1.429692029953003,,,,,,,,,,,
377,53619,,,,,1.3170922994613647,,,,,,,,,,,
377,53629,,,,,1.3047605752944946,,,,,,,,,,,
377,53639,,,,,1.4552301168441772,,,,,,,,,,,
377,53649,,,,,1.6104934215545654,,,,,,,,,,,
377,53659,,,,,1.659302830696106,,,,,,,,,,,
377,53669,,,,,1.4783010482788086,,,,,,,,,,,
377,377,16.360762653109443,93.69201004465063,,,,,,,,,,,,,,
377,53675,,,,,,1.4529680013656616,,,,,,,,,,
378,53679,,,,,1.265690565109253,,,,,,,,,,,
378,53689,,,,,1.488869309425354,,,,,,,,,,,
378,53699,,,,,1.4947319030761719,,,,,,,,,,,
378,53709,,,,,1.303291916847229,,,,,,,,,,,
378,53719,,,,,1.4661840200424194,,,,,,,,,,,
378,53729,,,,,1.5941708087921143,,,,,,,,,,,
378,53739,,,,,1.446502685546875,,,,,,,,,,,
378,53749,,,,,1.5468926429748535,,,,,,,,,,,
378,53759,,,,,1.5171968936920166,,,,,,,,,,,
378,53769,,,,,1.2613836526870728,,,,,,,,,,,
378,53779,,,,,1.4870553016662598,,,,,,,,,,,
378,53789,,,,,1.5906845331192017,,,,,,,,,,,
378,53799,,,,,1.3023128509521484,,,,,,,,,,,
378,53809,,,,,1.4520965814590454,,,,,,,,,,,
378,378,15.623073890327937,93.70023603479868,,,,,,,,,,,,,,
378,53817,,,,,,1.4476165771484375,,,,,,,,,,
379,53819,,,,,1.5716817378997803,,,,,,,,,,,
379,53829,,,,,1.3379781246185303,,,,,,,,,,,
379,53839,,,,,1.4045296907424927,,,,,,,,,,,
379,53849,,,,,1.428684949874878,,,,,,,,,,,
379,53859,,,,,1.358691930770874,,,,,,,,,,,
379,53869,,,,,1.3953437805175781,,,,,,,,,,,
379,53879,,,,,1.4715532064437866,,,,,,,,,,,
379,53889,,,,,1.3846772909164429,,,,,,,,,,,
379,53899,,,,,1.4782443046569824,,,,,,,,,,,
379,53909,,,,,1.4945173263549805,,,,,,,,,,,
379,53919,,,,,1.4315563440322876,,,,,,,,,,,
379,53929,,,,,1.4562718868255615,,,,,,,,,,,
379,53939,,,,,1.591603398323059,,,,,,,,,,,
379,53949,,,,,1.4149788618087769,,,,,,,,,,,
379,53959,,,,,1.4665647745132446,,,,,,,,,,,
379,379,,,0.991048276424408,0.5167309045791626,,,1.1981597959277142,0.6743834018707275,,0.8924822807312012,,0.22831091284751892,,3.551830313947736,,0.2766648828983307
379,53959,,,,,,,,,0.8924822807312012,,0.22831091284751892,,3.5518300533294678,,0.2766648828983307,
379,379,17.248908146911877,93.70815259766167,,,,,,,,,,,,,,
379,53959,,,,,,1.4496461153030396,,,,,,,,,,
380,53969,,,,,1.234354853630066,,,,,,,,,,,
380,53979,,,,,1.2905584573745728,,,,,,,,,,,
380,53989,,,,,1.3840947151184082,,,,,,,,,,,
380,53999,,,,,1.3773308992385864,,,,,,,,,,,
380,54009,,,,,1.4791343212127686,,,,,,,,,,,
380,54019,,,,,1.4459260702133179,,,,,,,,,,,
380,54029,,,,,1.4751921892166138,,,,,,,,,,,
380,54039,,,,,1.5088495016098022,,,,,,,,,,,
380,54049,,,,,1.3105584383010864,,,,,,,,,,,
380,54059,,,,,1.4910180568695068,,,,,,,,,,,
380,54069,,,,,1.456679344177246,,,,,,,,,,,
380,54079,,,,,1.2487081289291382,,,,,,,,,,,
380,54089,,,,,1.5696454048156738,,,,,,,,,,,
380,54099,,,,,1.4911257028579712,,,,,,,,,,,
380,380,16.255629437109327,93.71638735687281,,,,,,,,,,,,,,
380,54101,,,,,,1.4425463676452637,,,,,,,,,,
381,54109,,,,,1.4064804315567017,,,,,,,,,,,
381,54119,,,,,1.3119008541107178,,,,,,,,,,,
381,54129,,,,,1.2671234607696533,,,,,,,,,,,
381,54139,,,,,1.4807963371276855,,,,,,,,,,,
381,54149,,,,,1.4349836111068726,,,,,,,,,,,
381,54159,,,,,1.5237023830413818,,,,,,,,,,,
381,54169,,,,,1.2635226249694824,,,,,,,,,,,
381,54179,,,,,1.4286596775054932,,,,,,,,,,,
381,54189,,,,,1.4773625135421753,,,,,,,,,,,
381,54199,,,,,1.4050195217132568,,,,,,,,,,,
381,54209,,,,,1.4654451608657837,,,,,,,,,,,
381,54219,,,,,1.4445909261703491,,,,,,,,,,,
381,54229,,,,,1.5268625020980835,,,,,,,,,,,
381,54239,,,,,1.4833613634109497,,,,,,,,,,,
381,381,15.115891690960023,93.72433165359956,,,,,,,,,,,,,,
381,54243,,,,,,1.4397355318069458,,,,,,,,,,
382,54249,,,,,1.5333235263824463,,,,,,,,,,,
382,54259,,,,,1.3402752876281738,,,,,,,,,,,
382,54269,,,,,1.4001493453979492,,,,,,,,,,,
382,54279,,,,,1.150604248046875,,,,,,,,,,,
382,54289,,,,,1.4266643524169922,,,,,,,,,,,
382,54299,,,,,1.413476824760437,,,,,,,,,,,
382,54309,,,,,1.486954927444458,,,,,,,,,,,
382,54319,,,,,1.8338220119476318,,,,,,,,,,,
382,54329,,,,,1.642651915550232,,,,,,,,,,,
382,54339,,,,,1.5697591304779053,,,,,,,,,,,
382,54349,,,,,1.2949798107147217,,,,,,,,,,,
382,54359,,,,,1.5850516557693481,,,,,,,,,,,
382,54369,,,,,1.4967068433761597,,,,,,,,,,,
382,54379,,,,,1.2637701034545898,,,,,,,,,,,
382,382,17.544232595818155,93.7327689955506,,,,,,,,,,,,,,
382,54385,,,,,,1.4389903545379639,,,,,,,,,,
383,54389,,,,,1.4221692085266113,,,,,,,,,,,
383,54399,,,,,1.4584556818008423,,,,,,,,,,,
383,54409,,,,,1.2355210781097412,,,,,,,,,,,
383,54419,,,,,1.336143970489502,,,,,,,,,,,
383,54429,,,,,1.5565518140792847,,,,,,,,,,,
383,54439,,,,,1.4016637802124023,,,,,,,,,,,
383,54449,,,,,1.5040770769119263,,,,,,,,,,,
383,54459,,,,,1.6392138004302979,,,,,,,,,,,
383,54469,,,,,1.368367314338684,,,,,,,,,,,
383,54479,,,,,1.2964838743209839,,,,,,,,,,,
383,54489,,,,,1.7113131284713745,,,,,,,,,,,
383,54499,,,,,1.2877488136291504,,,,,,,,,,,
383,54509,,,,,1.5610276460647583,,,,,,,,,,,
383,54519,,,,,1.5237548351287842,,,,,,,,,,,
383,383,17.10827208750943,93.7409558240022,,,,,,,,,,,,,,
383,54527,,,,,,1.432239055633545,,,,,,,,,,
384,54529,,,,,1.3504388332366943,,,,,,,,,,,
384,54539,,,,,1.3083969354629517,,,,,,,,,,,
384,54549,,,,,1.5727077722549438,,,,,,,,,,,
384,54559,,,,,1.4122825860977173,,,,,,,,,,,
384,54569,,,,,1.622686743736267,,,,,,,,,,,
384,54579,,,,,1.3736358880996704,,,,,,,,,,,
384,54589,,,,,1.4817659854888916,,,,,,,,,,,
384,54599,,,,,1.3456695079803467,,,,,,,,,,,
384,54609,,,,,1.513991355895996,,,,,,,,,,,
384,54619,,,,,1.3335156440734863,,,,,,,,,,,
384,54629,,,,,1.503773808479309,,,,,,,,,,,
384,54639,,,,,1.4556947946548462,,,,,,,,,,,
384,54649,,,,,1.3909924030303955,,,,,,,,,,,
384,54659,,,,,1.5055679082870483,,,,,,,,,,,
384,54669,,,,,1.4347082376480103,,,,,,,,,,,
384,384,18.060040126245006,93.749014596117,,,,,,,,,,,,,,
384,54669,,,,,,1.4300371408462524,,,,,,,,,,
385,54679,,,,,1.418879508972168,,,,,,,,,,,
385,54689,,,,,1.4994722604751587,,,,,,,,,,,
385,54699,,,,,1.426145315170288,,,,,,,,,,,
385,54709,,,,,1.1992483139038086,,,,,,,,,,,
385,54719,,,,,1.3868743181228638,,,,,,,,,,,
385,54729,,,,,1.3131039142608643,,,,,,,,,,,
385,54739,,,,,1.339410662651062,,,,,,,,,,,
385,54749,,,,,1.4385302066802979,,,,,,,,,,,
385,54759,,,,,1.2874224185943604,,,,,,,,,,,
385,54769,,,,,1.452303409576416,,,,,,,,,,,
385,54779,,,,,1.565108299255371,,,,,,,,,,,
385,54789,,,,,1.489439845085144,,,,,,,,,,,
385,54799,,,,,1.6880770921707153,,,,,,,,,,,
385,54809,,,,,1.5526872873306274,,,,,,,,,,,
385,385,15.788786012503959,93.75713353694262,,,,,,,,,,,,,,
385,54811,,,,,,1.4272212982177734,,,,,,,,,,
386,54819,,,,,1.4894084930419922,,,,,,,,,,,
386,54829,,,,,1.4475828409194946,,,,,,,,,,,
386,54839,,,,,1.5317516326904297,,,,,,,,,,,
386,54849,,,,,1.5165603160858154,,,,,,,,,,,
386,54859,,,,,1.268143653869629,,,,,,,,,,,
386,54869,,,,,1.481588363647461,,,,,,,,,,,
386,54879,,,,,1.313524603843689,,,,,,,,,,,
386,54889,,,,,1.2202202081680298,,,,,,,,,,,
386,54899,,,,,1.3756378889083862,,,,,,,,,,,
386,54909,,,,,1.370485544204712,,,,,,,,,,,
386,54919,,,,,1.3811498880386353,,,,,,,,,,,
386,54929,,,,,1.3478045463562012,,,,,,,,,,,
386,54939,,,,,1.3088345527648926,,,,,,,,,,,
386,54949,,,,,1.4090964794158936,,,,,,,,,,,
386,386,17.88089040925839,93.76524722507881,,,,,,,,,,,,,,
386,54953,,,,,,1.422288179397583,,,,,,,,,,
387,54959,,,,,1.567085862159729,,,,,,,,,,,
387,54969,,,,,1.4375152587890625,,,,,,,,,,,
387,54979,,,,,1.2201151847839355,,,,,,,,,,,
387,54989,,,,,1.4183989763259888,,,,,,,,,,,
387,54999,,,,,1.5636869668960571,,,,,,,,,,,
387,55009,,,,,1.4372620582580566,,,,,,,,,,,
387,55019,,,,,1.624725580215454,,,,,,,,,,,
387,55029,,,,,1.4642821550369263,,,,,,,,,,,
387,55039,,,,,1.494322419166565,,,,,,,,,,,
387,55049,,,,,1.381736159324646,,,,,,,,,,,
387,55059,,,,,1.587385654449463,,,,,,,,,,,
387,55069,,,,,1.4300038814544678,,,,,,,,,,,
387,55079,,,,,1.3915996551513672,,,,,,,,,,,
387,55089,,,,,1.4435876607894897,,,,,,,,,,,
387,387,16.29559090004113,93.77332845276837,,,,,,,,,,,,,,
387,55095,,,,,,1.4228891134262085,,,,,,,,,,
388,55099,,,,,1.3521491289138794,,,,,,,,,,,
388,55109,,,,,1.5466935634613037,,,,,,,,,,,
388,55119,,,,,1.3843600749969482,,,,,,,,,,,
388,55129,,,,,1.4167611598968506,,,,,,,,,,,
388,55139,,,,,1.2041317224502563,,,,,,,,,,,
388,55149,,,,,1.353710412979126,,,,,,,,,,,
388,55159,,,,,1.5147862434387207,,,,,,,,,,,
388,55169,,,,,1.4264752864837646,,,,,,,,,,,
388,55179,,,,,1.3316200971603394,,,,,,,,,,,
388,55189,,,,,1.429015874862671,,,,,,,,,,,
388,55199,,,,,1.2959736585617065,,,,,,,,,,,
388,55209,,,,,1.444723129272461,,,,,,,,,,,
388,55219,,,,,1.5233193635940552,,,,,,,,,,,
388,55229,,,,,1.4738688468933105,,,,,,,,,,,
388,388,16.77097635467719,93.78128917446556,,,,,,,,,,,,,,
388,55237,,,,,,1.4140461683273315,,,,,,,,,,
389,55239,,,,,1.3093039989471436,,,,,,,,,,,
389,55249,,,,,1.2431566715240479,,,,,,,,,,,
389,55259,,,,,1.231014370918274,,,,,,,,,,,
389,55269,,,,,1.538330316543579,,,,,,,,,,,
389,55279,,,,,1.6324117183685303,,,,,,,,,,,
389,55289,,,,,1.214215636253357,,,,,,,,,,,
389,55299,,,,,1.4429796934127808,,,,,,,,,,,
389,55309,,,,,1.5813342332839966,,,,,,,,,,,
389,55319,,,,,1.5832492113113403,,,,,,,,,,,
389,55329,,,,,1.3001726865768433,,,,,,,,,,,
389,55339,,,,,1.4906005859375,,,,,,,,,,,
389,55349,,,,,1.2772703170776367,,,,,,,,,,,
389,55359,,,,,1.5997412204742432,,,,,,,,,,,
389,55369,,,,,1.2147971391677856,,,,,,,,,,,
389,55379,,,,,1.3936947584152222,,,,,,,,,,,
389,389,,,0.9917914867401123,0.5382580757141113,,,1.1470168982728164,0.6907874941825867,,0.892134964466095,,0.23397859930992126,,3.609944507783773,,0.27854275703430176
389,55379,,,,,,,,,0.892134964466095,,0.23397859930992126,,3.6099443435668945,,0.27854275703430176,
389,389,16.703170399414482,93.78988492704723,,,,,,,,,,,,,,
389,55379,,,,,,1.41011381149292,,,,,,,,,,
390,55389,,,,,1.5104877948760986,,,,,,,,,,,
390,55399,,,,,1.5912401676177979,,,,,,,,,,,
390,55409,,,,,1.2717652320861816,,,,,,,,,,,
390,55419,,,,,1.3139907121658325,,,,,,,,,,,
390,55429,,,,,1.4097325801849365,,,,,,,,,,,
390,55439,,,,,1.3970415592193604,,,,,,,,,,,
390,55449,,,,,1.4195513725280762,,,,,,,,,,,
390,55459,,,,,1.4111813306808472,,,,,,,,,,,
390,55469,,,,,1.3813849687576294,,,,,,,,,,,
390,55479,,,,,1.326764464378357,,,,,,,,,,,
390,55489,,,,,1.3787426948547363,,,,,,,,,,,
390,55499,,,,,1.4358282089233398,,,,,,,,,,,
390,55509,,,,,1.6243127584457397,,,,,,,,,,,
390,55519,,,,,1.4644067287445068,,,,,,,,,,,
390,390,14.112665087005684,93.79779416332569,,,,,,,,,,,,,,
390,55521,,,,,,1.4055184125900269,,,,,,,,,,
391,55529,,,,,1.2793846130371094,,,,,,,,,,,
391,55539,,,,,1.2866493463516235,,,,,,,,,,,
391,55549,,,,,1.1891403198242188,,,,,,,,,,,
391,55559,,,,,1.110227346420288,,,,,,,,,,,
391,55569,,,,,1.4842709302902222,,,,,,,,,,,
391,55579,,,,,1.406850814819336,,,,,,,,,,,
391,55589,,,,,1.460214376449585,,,,,,,,,,,
391,55599,,,,,1.2982282638549805,,,,,,,,,,,
391,55609,,,,,1.2804769277572632,,,,,,,,,,,
391,55619,,,,,1.2538809776306152,,,,,,,,,,,
391,55629,,,,,1.3833035230636597,,,,,,,,,,,
391,55639,,,,,1.3930715322494507,,,,,,,,,,,
391,55649,,,,,1.462870717048645,,,,,,,,,,,
391,55659,,,,,1.4965460300445557,,,,,,,,,,,
391,391,16.697851670023148,93.80612708546731,,,,,,,,,,,,,,
391,55663,,,,,,1.4017198085784912,,,,,,,,,,
392,55669,,,,,1.421213984489441,,,,,,,,,,,
392,55679,,,,,1.4156280755996704,,,,,,,,,,,
392,55689,,,,,1.436590552330017,,,,,,,,,,,
392,55699,,,,,1.4950594902038574,,,,,,,,,,,
392,55709,,,,,1.2292580604553223,,,,,,,,,,,
392,55719,,,,,1.3149583339691162,,,,,,,,,,,
392,55729,,,,,1.189921259880066,,,,,,,,,,,
392,55739,,,,,1.4849921464920044,,,,,,,,,,,
392,55749,,,,,1.5376577377319336,,,,,,,,,,,
392,55759,,,,,1.561774730682373,,,,,,,,,,,
392,55769,,,,,1.3761727809906006,,,,,,,,,,,
392,55779,,,,,1.3263745307922363,,,,,,,,,,,
392,55789,,,,,1.5104749202728271,,,,,,,,,,,
392,55799,,,,,1.3194776773452759,,,,,,,,,,,
392,392,16.04762105321037,93.81476193190815,,,,,,,,,,,,,,
392,55805,,,,,,1.4052155017852783,,,,,,,,,,
393,55809,,,,,1.414533019065857,,,,,,,,,,,
393,55819,,,,,1.4138455390930176,,,,,,,,,,,
393,55829,,,,,1.5497959852218628,,,,,,,,,,,
393,55839,,,,,1.3924514055252075,,,,,,,,,,,
393,55849,,,,,1.3962212800979614,,,,,,,,,,,
393,55859,,,,,1.4159082174301147,,,,,,,,,,,
393,55869,,,,,1.3947988748550415,,,,,,,,,,,
393,55879,,,,,1.4764459133148193,,,,,,,,,,,
393,55889,,,,,1.6031402349472046,,,,,,,,,,,
393,55899,,,,,1.581839680671692,,,,,,,,,,,
393,55909,,,,,1.655159592628479,,,,,,,,,,,
393,55919,,,,,1.421276569366455,,,,,,,,,,,
393,55929,,,,,1.1587262153625488,,,,,,,,,,,
393,55939,,,,,1.3528426885604858,,,,,,,,,,,
393,393,16.770987106589942,93.82268096692015,,,,,,,,,,,,,,
393,55947,,,,,,1.396085262298584,,,,,,,,,,
394,55949,,,,,1.481199026107788,,,,,,,,,,,
394,55959,,,,,1.4689878225326538,,,,,,,,,,,
394,55969,,,,,1.243942141532898,,,,,,,,,,,
394,55979,,,,,1.5046789646148682,,,,,,,,,,,
394,55989,,,,,1.5038899183273315,,,,,,,,,,,
394,55999,,,,,1.590838074684143,,,,,,,,,,,
394,56009,,,,,1.2898142337799072,,,,,,,,,,,
394,56019,,,,,1.4248250722885132,,,,,,,,,,,
394,56029,,,,,1.2317603826522827,,,,,,,,,,,
394,56039,,,,,1.32020902633667,,,,,,,,,,,
394,56049,,,,,1.330023169517517,,,,,,,,,,,
394,56059,,,,,1.3307679891586304,,,,,,,,,,,
394,56069,,,,,1.3192408084869385,,,,,,,,,,,
394,56079,,,,,1.4147427082061768,,,,,,,,,,,
394,56089,,,,,1.415244698524475,,,,,,,,,,,
394,394,16.811446063304224,93.83062651882804,,,,,,,,,,,,,,
394,56089,,,,,,1.3960407972335815,,,,,,,,,,
395,56099,,,,,1.338262915611267,,,,,,,,,,,
395,56109,,,,,1.4947223663330078,,,,,,,,,,,
395,56119,,,,,1.4221428632736206,,,,,,,,,,,
395,56129,,,,,1.3449559211730957,,,,,,,,,,,
395,56139,,,,,1.2383718490600586,,,,,,,,,,,
395,56149,,,,,1.343310832977295,,,,,,,,,,,
395,56159,,,,,1.4019907712936401,,,,,,,,,,,
395,56169,,,,,1.024007797241211,,,,,,,,,,,
395,56179,,,,,1.409507393836975,,,,,,,,,,,
395,56189,,,,,1.395259976387024,,,,,,,,,,,
395,56199,,,,,1.3765305280685425,,,,,,,,,,,
395,56209,,,,,1.3919928073883057,,,,,,,,,,,
395,56219,,,,,1.4863625764846802,,,,,,,,,,,
395,56229,,,,,1.3806942701339722,,,,,,,,,,,
395,395,15.253864477067433,93.83939439563073,,,,,,,,,,,,,,
395,56231,,,,,,1.3932158946990967,,,,,,,,,,
396,56239,,,,,1.43097984790802,,,,,,,,,,,
396,56249,,,,,1.5208796262741089,,,,,,,,,,,
396,56259,,,,,1.291009783744812,,,,,,,,,,,
396,56269,,,,,1.2639563083648682,,,,,,,,,,,
396,56279,,,,,1.5384658575057983,,,,,,,,,,,
396,56289,,,,,1.3294110298156738,,,,,,,,,,,
396,56299,,,,,1.4384089708328247,,,,,,,,,,,
396,56309,,,,,1.273611068725586,,,,,,,,,,,
396,56319,,,,,1.682043433189392,,,,,,,,,,,
396,56329,,,,,1.3192952871322632,,,,,,,,,,,
396,56339,,,,,1.2939741611480713,,,,,,,,,,,
396,56349,,,,,1.5190403461456299,,,,,,,,,,,
396,56359,,,,,1.5764503479003906,,,,,,,,,,,
396,56369,,,,,1.3848950862884521,,,,,,,,,,,
396,396,14.831957828082196,93.84740517030667,,,,,,,,,,,,,,
396,56373,,,,,,1.3908345699310303,,,,,,,,,,
397,56379,,,,,1.1951290369033813,,,,,,,,,,,
397,56389,,,,,1.4317032098770142,,,,,,,,,,,
397,56399,,,,,1.2089661359786987,,,,,,,,,,,
397,56409,,,,,1.2761995792388916,,,,,,,,,,,
397,56419,,,,,1.3003649711608887,,,,,,,,,,,
397,56429,,,,,1.4511871337890625,,,,,,,,,,,
397,56439,,,,,1.4044674634933472,,,,,,,,,,,
397,56449,,,,,1.4030187129974365,,,,,,,,,,,
397,56459,,,,,1.4693816900253296,,,,,,,,,,,
397,56469,,,,,1.1545653343200684,,,,,,,,,,,
397,56479,,,,,1.3124209642410278,,,,,,,,,,,
397,56489,,,,,1.366851806640625,,,,,,,,,,,
397,56499,,,,,1.514992594718933,,,,,,,,,,,
397,56509,,,,,1.4523452520370483,,,,,,,,,,,
397,397,15.05333374401747,93.85576750337391,,,,,,,,,,,,,,
397,56515,,,,,,1.3887791633605957,,,,,,,,,,
398,56519,,,,,1.3634454011917114,,,,,,,,,,,
398,56529,,,,,1.3780405521392822,,,,,,,,,,,
398,56539,,,,,1.2962331771850586,,,,,,,,,,,
398,56549,,,,,1.41200852394104,,,,,,,,,,,
398,56559,,,,,1.401045799255371,,,,,,,,,,,
398,56569,,,,,1.5085340738296509,,,,,,,,,,,
398,56579,,,,,1.4543099403381348,,,,,,,,,,,
398,56589,,,,,1.5667327642440796,,,,,,,,,,,
398,56599,,,,,1.34054696559906,,,,,,,,,,,
398,56609,,,,,1.4630053043365479,,,,,,,,,,,
398,56619,,,,,1.350535273551941,,,,,,,,,,,
398,56629,,,,,1.521069884300232,,,,,,,,,,,
398,56639,,,,,1.546480655670166,,,,,,,,,,,
398,56649,,,,,1.4624972343444824,,,,,,,,,,,
398,398,17.03690553804578,93.86401983230736,,,,,,,,,,,,,,
398,56657,,,,,,1.380692481994629,,,,,,,,,,
399,56659,,,,,1.379259467124939,,,,,,,,,,,
399,56669,,,,,1.2768759727478027,,,,,,,,,,,
399,56679,,,,,1.2690062522888184,,,,,,,,,,,
399,56689,,,,,1.4343966245651245,,,,,,,,,,,
399,56699,,,,,1.4283504486083984,,,,,,,,,,,
399,56709,,,,,1.4611103534698486,,,,,,,,,,,
399,56719,,,,,1.3478362560272217,,,,,,,,,,,
399,56729,,,,,1.3830718994140625,,,,,,,,,,,
399,56739,,,,,1.4588148593902588,,,,,,,,,,,
399,56749,,,,,1.3875008821487427,,,,,,,,,,,
399,56759,,,,,1.6855063438415527,,,,,,,,,,,
399,56769,,,,,1.3410998582839966,,,,,,,,,,,
399,56779,,,,,1.301353096961975,,,,,,,,,,,
399,56789,,,,,1.4406319856643677,,,,,,,,,,,
399,56799,,,,,1.6321139335632324,,,,,,,,,,,
399,399,,,0.9924624562263489,0.5457237362861633,,,1.1178634763608835,0.7045771479606628,,0.8905166387557983,,0.23408393561840057,,3.6464035535345274,,0.27712419629096985
399,56799,,,,,,,,,0.8905166387557983,,0.23408393561840057,,3.6464033126831055,,0.27712419629096985,
399,399,17.757022705939917,93.87225386909599,,,,,,,,,,,,,,
399,56799,,,,,,1.382563591003418,,,,,,,,,,
400,56809,,,,,1.3924450874328613,,,,,,,,,,,
400,56819,,,,,1.3621931076049805,,,,,,,,,,,
400,56829,,,,,1.480657935142517,,,,,,,,,,,
400,56839,,,,,1.2609748840332031,,,,,,,,,,,
400,56849,,,,,1.4255563020706177,,,,,,,,,,,
400,56859,,,,,1.1913448572158813,,,,,,,,,,,
400,56869,,,,,1.4693557024002075,,,,,,,,,,,
400,56879,,,,,1.184672474861145,,,,,,,,,,,
400,56889,,,,,1.6132469177246094,,,,,,,,,,,
400,56899,,,,,1.3702070713043213,,,,,,,,,,,
400,56909,,,,,1.33632230758667,,,,,,,,,,,
400,56919,,,,,1.3216443061828613,,,,,,,,,,,
400,56929,,,,,1.4688994884490967,,,,,,,,,,,
400,56939,,,,,1.1640597581863403,,,,,,,,,,,
400,400,16.040809853240674,93.88064086685173,,,,,,,,,,,,,,
400,56941,,,,,,1.3717001676559448,,,,,,,,,,
401,56949,,,,,1.3471605777740479,,,,,,,,,,,
401,56959,,,,,1.2286207675933838,,,,,,,,,,,
401,56969,,,,,1.2528225183486938,,,,,,,,,,,
401,56979,,,,,1.22623610496521,,,,,,,,,,,
401,56989,,,,,1.62745201587677,,,,,,,,,,,
401,56999,,,,,1.234902262687683,,,,,,,,,,,
401,57009,,,,,1.175459623336792,,,,,,,,,,,
401,57019,,,,,1.519948124885559,,,,,,,,,,,
401,57029,,,,,1.2320654392242432,,,,,,,,,,,
401,57039,,,,,1.4674144983291626,,,,,,,,,,,
401,57049,,,,,1.4279415607452393,,,,,,,,,,,
401,57059,,,,,1.2216119766235352,,,,,,,,,,,
401,57069,,,,,1.484875202178955,,,,,,,,,,,
401,57079,,,,,1.3211650848388672,,,,,,,,,,,
401,401,15.360700531658946,93.88904178515703,,,,,,,,,,,,,,
401,57083,,,,,,1.3677645921707153,,,,,,,,,,
402,57089,,,,,1.2569671869277954,,,,,,,,,,,
402,57099,,,,,1.6237493753433228,,,,,,,,,,,
402,57109,,,,,1.3176645040512085,,,,,,,,,,,
402,57119,,,,,1.5679594278335571,,,,,,,,,,,
402,57129,,,,,1.4273715019226074,,,,,,,,,,,
402,57139,,,,,1.4711053371429443,,,,,,,,,,,
402,57149,,,,,1.437401294708252,,,,,,,,,,,
402,57159,,,,,1.3918877840042114,,,,,,,,,,,
402,57169,,,,,1.249935507774353,,,,,,,,,,,
402,57179,,,,,1.5158578157424927,,,,,,,,,,,
402,57189,,,,,1.5764397382736206,,,,,,,,,,,
402,57199,,,,,1.4631922245025635,,,,,,,,,,,
402,57209,,,,,1.4890027046203613,,,,,,,,,,,
402,57219,,,,,1.4782640933990479,,,,,,,,,,,
402,402,17.73283366005824,93.89715324452594,,,,,,,,,,,,,,
402,57225,,,,,,1.3652182817459106,,,,,,,,,,
403,57229,,,,,1.4627265930175781,,,,,,,,,,,
403,57239,,,,,1.329699993133545,,,,,,,,,,,
403,57249,,,,,1.530993103981018,,,,,,,,,,,
403,57259,,,,,1.3114043474197388,,,,,,,,,,,
403,57269,,,,,1.3042831420898438,,,,,,,,,,,
403,57279,,,,,1.3301321268081665,,,,,,,,,,,
403,57289,,,,,1.270397663116455,,,,,,,,,,,
403,57299,,,,,1.2948706150054932,,,,,,,,,,,
403,57309,,,,,1.3825558423995972,,,,,,,,,,,
403,57319,,,,,1.3018593788146973,,,,,,,,,,,
403,57329,,,,,1.3462493419647217,,,,,,,,,,,
403,57339,,,,,1.4926873445510864,,,,,,,,,,,
403,57349,,,,,1.262624740600586,,,,,,,,,,,
403,57359,,,,,1.3380155563354492,,,,,,,,,,,
403,403,15.835741860276505,93.90554248318399,,,,,,,,,,,,,,
403,57367,,,,,,1.3591407537460327,,,,,,,,,,
404,57369,,,,,1.0541781187057495,,,,,,,,,,,
404,57379,,,,,1.3126646280288696,,,,,,,,,,,
404,57389,,,,,1.279659628868103,,,,,,,,,,,
404,57399,,,,,1.577730655670166,,,,,,,,,,,
404,57409,,,,,1.348685383796692,,,,,,,,,,,
404,57419,,,,,1.317036509513855,,,,,,,,,,,
404,57429,,,,,1.195207953453064,,,,,,,,,,,
404,57439,,,,,1.4335280656814575,,,,,,,,,,,
404,57449,,,,,1.3451533317565918,,,,,,,,,,,
404,57459,,,,,1.4666682481765747,,,,,,,,,,,
404,57469,,,,,1.4068756103515625,,,,,,,,,,,
404,57479,,,,,1.1492706537246704,,,,,,,,,,,
404,57489,,,,,1.4707826375961304,,,,,,,,,,,
404,57499,,,,,1.5263415575027466,,,,,,,,,,,
404,57509,,,,,1.6102514266967773,,,,,,,,,,,
404,404,15.657960357797126,93.91372741623918,,,,,,,,,,,,,,
404,57509,,,,,,1.3607430458068848,,,,,,,,,,
405,57519,,,,,1.47807776927948,,,,,,,,,,,
405,57529,,,,,1.5175976753234863,,,,,,,,,,,
405,57539,,,,,1.3240909576416016,,,,,,,,,,,
405,57549,,,,,1.330000877380371,,,,,,,,,,,
405,57559,,,,,1.2046749591827393,,,,,,,,,,,
405,57569,,,,,1.2690407037734985,,,,,,,,,,,
405,57579,,,,,1.4616228342056274,,,,,,,,,,,
405,57589,,,,,1.304648995399475,,,,,,,,,,,
405,57599,,,,,1.2652639150619507,,,,,,,,,,,
405,57609,,,,,1.334648847579956,,,,,,,,,,,
405,57619,,,,,1.579613447189331,,,,,,,,,,,
405,57629,,,,,1.3691740036010742,,,,,,,,,,,
405,57639,,,,,1.3162585496902466,,,,,,,,,,,
405,57649,,,,,1.3572520017623901,,,,,,,,,,,
405,405,16.51030456623283,93.92172331443003,,,,,,,,,,,,,,
405,57651,,,,,,1.3569413423538208,,,,,,,,,,
406,57659,,,,,1.4647964239120483,,,,,,,,,,,
406,57669,,,,,1.2741727828979492,,,,,,,,,,,
406,57679,,,,,1.4876630306243896,,,,,,,,,,,
406,57689,,,,,1.365725040435791,,,,,,,,,,,
406,57699,,,,,1.4306131601333618,,,,,,,,,,,
406,57709,,,,,1.4653993844985962,,,,,,,,,,,
406,57719,,,,,1.2715409994125366,,,,,,,,,,,
406,57729,,,,,1.2293792963027954,,,,,,,,,,,
406,57739,,,,,1.2936245203018188,,,,,,,,,,,
406,57749,,,,,1.4801687002182007,,,,,,,,,,,
406,57759,,,,,1.3362886905670166,,,,,,,,,,,
406,57769,,,,,1.2258950471878052,,,,,,,,,,,
406,57779,,,,,1.4120529890060425,,,,,,,,,,,
406,57789,,,,,1.26833176612854,,,,,,,,,,,
406,406,16.255353395028852,93.92989670741288,,,,,,,,,,,,,,
406,57793,,,,,,1.354331612586975,,,,,,,,,,
407,57799,,,,,1.2426296472549438,,,,,,,,,,,
407,57809,,,,,1.2762510776519775,,,,,,,,,,,
407,57819,,,,,1.5312511920928955,,,,,,,,,,,
407,57829,,,,,1.1282838582992554,,,,,,,,,,,
407,57839,,,,,1.3578786849975586,,,,,,,,,,,
407,57849,,,,,1.4053303003311157,,,,,,,,,,,
407,57859,,,,,1.302681803703308,,,,,,,,,,,
407,57869,,,,,1.4143344163894653,,,,,,,,,,,
407,57879,,,,,1.3113869428634644,,,,,,,,,,,
407,57889,,,,,1.144195556640625,,,,,,,,,,,
407,57899,,,,,1.5674941539764404,,,,,,,,,,,
407,57909,,,,,1.5216821432113647,,,,,,,,,,,
407,57919,,,,,1.1597710847854614,,,,,,,,,,,
407,57929,,,,,1.3260241746902466,,,,,,,,,,,
407,407,15.982897106113581,93.9380985708542,,,,,,,,,,,,,,
407,57935,,,,,,1.3501999378204346,,,,,,,,,,
408,57939,,,,,1.3935017585754395,,,,,,,,,,,
408,57949,,,,,1.289764642715454,,,,,,,,,,,
408,57959,,,,,1.1732805967330933,,,,,,,,,,,
408,57969,,,,,1.1984974145889282,,,,,,,,,,,
408,57979,,,,,1.4185043573379517,,,,,,,,,,,
408,57989,,,,,1.3339141607284546,,,,,,,,,,,
408,57999,,,,,1.3516274690628052,,,,,,,,,,,
408,58009,,,,,1.3516007661819458,,,,,,,,,,,
408,58019,,,,,1.4381420612335205,,,,,,,,,,,
408,58029,,,,,1.507875919342041,,,,,,,,,,,
408,58039,,,,,1.3719106912612915,,,,,,,,,,,
408,58049,,,,,1.3630547523498535,,,,,,,,,,,
408,58059,,,,,1.2906596660614014,,,,,,,,,,,
408,58069,,,,,1.354983925819397,,,,,,,,,,,
408,408,15.705500732605252,93.94653433742224,,,,,,,,,,,,,,
408,58077,,,,,,1.3477227687835693,,,,,,,,,,
409,58079,,,,,1.229234218597412,,,,,,,,,,,
409,58089,,,,,1.3352372646331787,,,,,,,,,,,
409,58099,,,,,1.3480405807495117,,,,,,,,,,,
409,58109,,,,,1.4083733558654785,,,,,,,,,,,
409,58119,,,,,1.123643398284912,,,,,,,,,,,
409,58129,,,,,1.2003464698791504,,,,,,,,,,,
409,58139,,,,,1.40971040725708,,,,,,,,,,,
409,58149,,,,,1.1177891492843628,,,,,,,,,,,
409,58159,,,,,1.1314390897750854,,,,,,,,,,,
409,58169,,,,,1.3372271060943604,,,,,,,,,,,
409,58179,,,,,1.2511001825332642,,,,,,,,,,,
409,58189,,,,,1.3303868770599365,,,,,,,,,,,
409,58199,,,,,1.466735601425171,,,,,,,,,,,
409,58209,,,,,1.1403391361236572,,,,,,,,,,,
409,58219,,,,,1.26768159866333,,,,,,,,,,,
409,409,,,0.9931309223175049,0.5731863975524902,,,1.0783425251868157,0.7188346982002258,,0.8880236148834229,,0.239498108625412,,3.69349752549006,,0.2768782377243042
409,58219,,,,,,,,,0.8880236148834229,,0.239498108625412,,3.693497657775879,,0.2768782377243042,
409,409,16.37449427190985,93.95550457271428,,,,,,,,,,,,,,
409,58219,,,,,,1.3437211513519287,,,,,,,,,,
410,58229,,,,,1.3609085083007812,,,,,,,,,,,
410,58239,,,,,1.3273448944091797,,,,,,,,,,,
410,58249,,,,,1.3559151887893677,,,,,,,,,,,
410,58259,,,,,1.2953683137893677,,,,,,,,,,,
410,58269,,,,,1.3221715688705444,,,,,,,,,,,
410,58279,,,,,1.171120285987854,,,,,,,,,,,
410,58289,,,,,1.4995144605636597,,,,,,,,,,,
410,58299,,,,,1.3198623657226562,,,,,,,,,,,
410,58309,,,,,1.4525448083877563,,,,,,,,,,,
410,58319,,,,,1.235558271408081,,,,,,,,,,,
410,58329,,,,,1.5496227741241455,,,,,,,,,,,
410,58339,,,,,1.4380567073822021,,,,,,,,,,,
410,58349,,,,,1.2275389432907104,,,,,,,,,,,
410,58359,,,,,1.4997849464416504,,,,,,,,,,,
410,410,16.65055294848839,93.9634642631013,,,,,,,,,,,,,,
410,58361,,,,,,1.338337779045105,,,,,,,,,,
411,58369,,,,,1.4365774393081665,,,,,,,,,,,
411,58379,,,,,1.515024185180664,,,,,,,,,,,
411,58389,,,,,1.1794795989990234,,,,,,,,,,,
411,58399,,,,,1.3144865036010742,,,,,,,,,,,
411,58409,,,,,1.4410836696624756,,,,,,,,,,,
411,58419,,,,,1.179922103881836,,,,,,,,,,,
411,58429,,,,,1.4381669759750366,,,,,,,,,,,
411,58439,,,,,1.4929624795913696,,,,,,,,,,,
411,58449,,,,,1.2990882396697998,,,,,,,,,,,
411,58459,,,,,1.1067801713943481,,,,,,,,,,,
411,58469,,,,,1.3533600568771362,,,,,,,,,,,
411,58479,,,,,1.1524739265441895,,,,,,,,,,,
411,58489,,,,,1.3475350141525269,,,,,,,,,,,
411,58499,,,,,1.3213887214660645,,,,,,,,,,,
411,411,15.070298774440888,93.97187324997073,,,,,,,,,,,,,,
411,58503,,,,,,1.3317301273345947,,,,,,,,,,
412,58509,,,,,1.376591444015503,,,,,,,,,,,
412,58519,,,,,1.3462390899658203,,,,,,,,,,,
412,58529,,,,,1.2477245330810547,,,,,,,,,,,
412,58539,,,,,1.1556644439697266,,,,,,,,,,,
412,58549,,,,,1.3646975755691528,,,,,,,,,,,
412,58559,,,,,1.3088552951812744,,,,,,,,,,,
412,58569,,,,,1.1905819177627563,,,,,,,,,,,
412,58579,,,,,1.4405168294906616,,,,,,,,,,,
412,58589,,,,,1.2587883472442627,,,,,,,,,,,
412,58599,,,,,1.3562613725662231,,,,,,,,,,,
412,58609,,,,,1.4160244464874268,,,,,,,,,,,
412,58619,,,,,1.4454630613327026,,,,,,,,,,,
412,58629,,,,,1.3704203367233276,,,,,,,,,,,
412,58639,,,,,1.3170174360275269,,,,,,,,,,,
412,412,15.787273976065633,93.98020988105634,,,,,,,,,,,,,,
412,58645,,,,,,1.3302249908447266,,,,,,,,,,
413,58649,,,,,1.1839817762374878,,,,,,,,,,,
413,58659,,,,,1.3391205072402954,,,,,,,,,,,
413,58669,,,,,1.3496334552764893,,,,,,,,,,,
413,58679,,,,,1.2560170888900757,,,,,,,,,,,
413,58689,,,,,1.25927734375,,,,,,,,,,,
413,58699,,,,,1.2554908990859985,,,,,,,,,,,
413,58709,,,,,1.2911633253097534,,,,,,,,,,,
413,58719,,,,,1.2925673723220825,,,,,,,,,,,
413,58729,,,,,1.3681793212890625,,,,,,,,,,,
413,58739,,,,,1.3507788181304932,,,,,,,,,,,
413,58749,,,,,1.2126333713531494,,,,,,,,,,,
413,58759,,,,,1.268699288368225,,,,,,,,,,,
413,58769,,,,,1.3900599479675293,,,,,,,,,,,
413,58779,,,,,1.4260673522949219,,,,,,,,,,,
413,413,16.292928390713424,93.98782768874887,,,,,,,,,,,,,,
413,58787,,,,,,1.3330007791519165,,,,,,,,,,
414,58789,,,,,1.2908276319503784,,,,,,,,,,,
414,58799,,,,,1.4289987087249756,,,,,,,,,,,
414,58809,,,,,1.1063357591629028,,,,,,,,,,,
414,58819,,,,,1.1129565238952637,,,,,,,,,,,
414,58829,,,,,1.4283519983291626,,,,,,,,,,,
414,58839,,,,,1.4284021854400635,,,,,,,,,,,
414,58849,,,,,1.2347806692123413,,,,,,,,,,,
414,58859,,,,,1.1143158674240112,,,,,,,,,,,
414,58869,,,,,1.3854773044586182,,,,,,,,,,,
414,58879,,,,,1.115440845489502,,,,,,,,,,,
414,58889,,,,,1.2425904273986816,,,,,,,,,,,
414,58899,,,,,1.4441744089126587,,,,,,,,,,,
414,58909,,,,,1.259319543838501,,,,,,,,,,,
414,58919,,,,,1.3942269086837769,,,,,,,,,,,
414,58929,,,,,1.2387235164642334,,,,,,,,,,,
414,414,15.188446784546004,93.99637203420627,,,,,,,,,,,,,,
414,58929,,,,,,1.3275132179260254,,,,,,,,,,
415,58939,,,,,1.3107304573059082,,,,,,,,,,,
415,58949,,,,,1.30189847946167,,,,,,,,,,,
415,58959,,,,,1.2547959089279175,,,,,,,,,,,
415,58969,,,,,1.2561650276184082,,,,,,,,,,,
415,58979,,,,,1.3788585662841797,,,,,,,,,,,
415,58989,,,,,1.1599030494689941,,,,,,,,,,,
415,58999,,,,,1.1092544794082642,,,,,,,,,,,
415,59009,,,,,1.303529143333435,,,,,,,,,,,
415,59019,,,,,1.1854703426361084,,,,,,,,,,,
415,59029,,,,,1.4219648838043213,,,,,,,,,,,
415,59039,,,,,1.3188953399658203,,,,,,,,,,,
415,59049,,,,,1.2970079183578491,,,,,,,,,,,
415,59059,,,,,1.348146915435791,,,,,,,,,,,
415,59069,,,,,1.4777501821517944,,,,,,,,,,,
415,415,16.533185084039324,94.0043397202586,,,,,,,,,,,,,,
415,59071,,,,,,1.324831485748291,,,,,,,,,,
416,59079,,,,,1.4860894680023193,,,,,,,,,,,
416,59089,,,,,1.4579933881759644,,,,,,,,,,,
416,59099,,,,,1.2562024593353271,,,,,,,,,,,
416,59109,,,,,1.2421518564224243,,,,,,,,,,,
416,59119,,,,,1.3018875122070312,,,,,,,,,,,
416,59129,,,,,1.2900484800338745,,,,,,,,,,,
416,59139,,,,,1.2344430685043335,,,,,,,,,,,
416,59149,,,,,1.24590265750885,,,,,,,,,,,
416,59159,,,,,1.2537320852279663,,,,,,,,,,,
416,59169,,,,,1.301253318786621,,,,,,,,,,,
416,59179,,,,,1.2352460622787476,,,,,,,,,,,
416,59189,,,,,1.236284852027893,,,,,,,,,,,
416,59199,,,,,1.2762887477874756,,,,,,,,,,,
416,59209,,,,,1.341785192489624,,,,,,,,,,,
416,416,15.94720310537284,94.01240388405029,,,,,,,,,,,,,,
416,59213,,,,,,1.3218728303909302,,,,,,,,,,
417,59219,,,,,1.2736446857452393,,,,,,,,,,,
417,59229,,,,,1.4293934106826782,,,,,,,,,,,
417,59239,,,,,1.6375497579574585,,,,,,,,,,,
417,59249,,,,,1.3112133741378784,,,,,,,,,,,
417,59259,,,,,1.354608178138733,,,,,,,,,,,
417,59269,,,,,1.31076979637146,,,,,,,,,,,
417,59279,,,,,1.1770825386047363,,,,,,,,,,,
417,59289,,,,,1.562923550605774,,,,,,,,,,,
417,59299,,,,,1.2559305429458618,,,,,,,,,,,
417,59309,,,,,1.2602390050888062,,,,,,,,,,,
417,59319,,,,,1.1952075958251953,,,,,,,,,,,
417,59329,,,,,1.271464467048645,,,,,,,,,,,
417,59339,,,,,1.247113823890686,,,,,,,,,,,
417,59349,,,,,1.4752033948898315,,,,,,,,,,,
417,417,15.012930351519328,94.02108462963054,,,,,,,,,,,,,,
417,59355,,,,,,1.3221185207366943,,,,,,,,,,
418,59359,,,,,1.3528498411178589,,,,,,,,,,,
418,59369,,,,,1.4238559007644653,,,,,,,,,,,
418,59379,,,,,1.4510835409164429,,,,,,,,,,,
418,59389,,,,,1.3121323585510254,,,,,,,,,,,
418,59399,,,,,1.2645748853683472,,,,,,,,,,,
418,59409,,,,,1.4690728187561035,,,,,,,,,,,
418,59419,,,,,1.299267292022705,,,,,,,,,,,
418,59429,,,,,1.3024272918701172,,,,,,,,,,,
418,59439,,,,,1.3644112348556519,,,,,,,,,,,
418,59449,,,,,1.351227879524231,,,,,,,,,,,
418,59459,,,,,1.2092108726501465,,,,,,,,,,,
418,59469,,,,,1.4434746503829956,,,,,,,,,,,
418,59479,,,,,1.3651342391967773,,,,,,,,,,,
418,59489,,,,,1.4904022216796875,,,,,,,,,,,
418,418,16.821329253221432,94.02927359066928,,,,,,,,,,,,,,
418,59497,,,,,,1.316202998161316,,,,,,,,,,
419,59499,,,,,1.4193284511566162,,,,,,,,,,,
419,59509,,,,,1.4085006713867188,,,,,,,,,,,
419,59519,,,,,1.2067276239395142,,,,,,,,,,,
419,59529,,,,,1.1308585405349731,,,,,,,,,,,
419,59539,,,,,1.152325987815857,,,,,,,,,,,
419,59549,,,,,1.4005541801452637,,,,,,,,,,,
419,59559,,,,,1.264359951019287,,,,,,,,,,,
419,59569,,,,,1.3508682250976562,,,,,,,,,,,
419,59579,,,,,1.32866632938385,,,,,,,,,,,
419,59589,,,,,1.3890995979309082,,,,,,,,,,,
419,59599,,,,,1.057741403579712,,,,,,,,,,,
419,59609,,,,,1.411521077156067,,,,,,,,,,,
419,59619,,,,,1.2804114818572998,,,,,,,,,,,
419,59629,,,,,1.207926630973816,,,,,,,,,,,
419,59639,,,,,1.3855137825012207,,,,,,,,,,,
419,419,,,0.9934889078140259,0.5729572772979736,,,1.058666918439953,0.7298304438591003,,0.8893760442733765,,0.23741236329078674,,3.7243059362683977,,0.27727577090263367
419,59639,,,,,,,,,0.8893760442733765,,0.23741236329078674,,3.724306106567383,,0.27727577090263367,
419,419,17.59353352999507,94.03743573530872,,,,,,,,,,,,,,
419,59639,,,,,,1.3128737211227417,,,,,,,,,,
420,59649,,,,,1.4359142780303955,,,,,,,,,,,
420,59659,,,,,1.2780048847198486,,,,,,,,,,,
420,59669,,,,,1.4973124265670776,,,,,,,,,,,
420,59679,,,,,1.361565113067627,,,,,,,,,,,
420,59689,,,,,1.43413507938385,,,,,,,,,,,
420,59699,,,,,1.0513076782226562,,,,,,,,,,,
420,59709,,,,,1.2759511470794678,,,,,,,,,,,
420,59719,,,,,1.3485854864120483,,,,,,,,,,,
420,59729,,,,,1.2575321197509766,,,,,,,,,,,
420,59739,,,,,1.3048036098480225,,,,,,,,,,,
420,59749,,,,,1.2800028324127197,,,,,,,,,,,
420,59759,,,,,1.225886344909668,,,,,,,,,,,
420,59769,,,,,1.4126434326171875,,,,,,,,,,,
420,59779,,,,,1.3010841608047485,,,,,,,,,,,
420,420,16.890305286848484,94.04632089215127,,,,,,,,,,,,,,
420,59781,,,,,,1.3091099262237549,,,,,,,,,,
421,59789,,,,,1.2160502672195435,,,,,,,,,,,
421,59799,,,,,1.2124186754226685,,,,,,,,,,,
421,59809,,,,,1.2899787425994873,,,,,,,,,,,
421,59819,,,,,1.2760034799575806,,,,,,,,,,,
421,59829,,,,,1.3372794389724731,,,,,,,,,,,
421,59839,,,,,1.2188282012939453,,,,,,,,,,,
421,59849,,,,,1.2799214124679565,,,,,,,,,,,
421,59859,,,,,1.3923890590667725,,,,,,,,,,,
421,59869,,,,,1.234215497970581,,,,,,,,,,,
421,59879,,,,,1.2824532985687256,,,,,,,,,,,
421,59889,,,,,1.34862220287323,,,,,,,,,,,
421,59899,,,,,1.3784672021865845,,,,,,,,,,,
421,59909,,,,,1.1971735954284668,,,,,,,,,,,
421,59919,,,,,1.3101963996887207,,,,,,,,,,,
421,421,17.33752922979807,94.05490740466041,,,,,,,,,,,,,,
421,59923,,,,,,1.3034747838974,,,,,,,,,,
422,59929,,,,,1.2160390615463257,,,,,,,,,,,
422,59939,,,,,1.314481496810913,,,,,,,,,,,
422,59949,,,,,1.2865809202194214,,,,,,,,,,,
422,59959,,,,,1.4097094535827637,,,,,,,,,,,
422,59969,,,,,1.3829776048660278,,,,,,,,,,,
422,59979,,,,,1.2197761535644531,,,,,,,,,,,
422,59989,,,,,1.2146164178848267,,,,,,,,,,,
422,59999,,,,,1.2790943384170532,,,,,,,,,,,
422,60009,,,,,1.4083101749420166,,,,,,,,,,,
422,60019,,,,,1.3718078136444092,,,,,,,,,,,
422,60029,,,,,0.9876528978347778,,,,,,,,,,,
422,60039,,,,,1.338087558746338,,,,,,,,,,,
422,60049,,,,,1.4544121026992798,,,,,,,,,,,
422,60059,,,,,1.337125539779663,,,,,,,,,,,
422,422,16.940147213074212,94.06302227374557,,,,,,,,,,,,,,
422,60065,,,,,,1.3038544654846191,,,,,,,,,,
423,60069,,,,,1.457138180732727,,,,,,,,,,,
423,60079,,,,,1.2898435592651367,,,,,,,,,,,
423,60089,,,,,1.4933923482894897,,,,,,,,,,,
423,60099,,,,,1.2558997869491577,,,,,,,,,,,
423,60109,,,,,1.2442927360534668,,,,,,,,,,,
423,60119,,,,,1.070770502090454,,,,,,,,,,,
423,60129,,,,,1.1490325927734375,,,,,,,,,,,
423,60139,,,,,1.1780658960342407,,,,,,,,,,,
423,60149,,,,,1.320261836051941,,,,,,,,,,,
423,60159,,,,,1.607047438621521,,,,,,,,,,,
423,60169,,,,,1.2955362796783447,,,,,,,,,,,
423,60179,,,,,1.3780593872070312,,,,,,,,,,,
423,60189,,,,,1.4185142517089844,,,,,,,,,,,
423,60199,,,,,1.3536831140518188,,,,,,,,,,,
423,423,16.287110224628474,94.07065689351415,,,,,,,,,,,,,,
423,60207,,,,,,1.3007264137268066,,,,,,,,,,
424,60209,,,,,1.4319958686828613,,,,,,,,,,,
424,60219,,,,,1.312122106552124,,,,,,,,,,,
424,60229,,,,,1.1246618032455444,,,,,,,,,,,
424,60239,,,,,1.2872145175933838,,,,,,,,,,,
424,60249,,,,,1.2776219844818115,,,,,,,,,,,
424,60259,,,,,1.3240375518798828,,,,,,,,,,,
424,60269,,,,,1.3312238454818726,,,,,,,,,,,
424,60279,,,,,1.584821105003357,,,,,,,,,,,
424,60289,,,,,1.2569042444229126,,,,,,,,,,,
424,60299,,,,,1.3683397769927979,,,,,,,,,,,
424,60309,,,,,1.3472384214401245,,,,,,,,,,,
424,60319,,,,,1.4410918951034546,,,,,,,,,,,
424,60329,,,,,1.3235174417495728,,,,,,,,,,,
424,60339,,,,,1.4269027709960938,,,,,,,,,,,
424,60349,,,,,1.1659644842147827,,,,,,,,,,,
424,424,17.063478986155445,94.07838261997442,,,,,,,,,,,,,,
424,60349,,,,,,1.3021390438079834,,,,,,,,,,
425,60359,,,,,1.1186635494232178,,,,,,,,,,,
425,60369,,,,,1.442034125328064,,,,,,,,,,,
425,60379,,,,,1.3127323389053345,,,,,,,,,,,
425,60389,,,,,1.2418452501296997,,,,,,,,,,,
425,60399,,,,,1.2522436380386353,,,,,,,,,,,
425,60409,,,,,1.1285886764526367,,,,,,,,,,,
425,60419,,,,,1.3037266731262207,,,,,,,,,,,
425,60429,,,,,1.2429708242416382,,,,,,,,,,,
425,60439,,,,,1.2939826250076294,,,,,,,,,,,
425,60449,,,,,1.419638752937317,,,,,,,,,,,
425,60459,,,,,1.194063425064087,,,,,,,,,,,
425,60469,,,,,1.2185027599334717,,,,,,,,,,,
425,60479,,,,,1.5228687524795532,,,,,,,,,,,
425,60489,,,,,1.29508638381958,,,,,,,,,,,
425,425,16.75795059484332,94.08670496309966,,,,,,,,,,,,,,
425,60491,,,,,,1.2928457260131836,,,,,,,,,,
426,60499,,,,,1.2379897832870483,,,,,,,,,,,
426,60509,,,,,1.3714089393615723,,,,,,,,,,,
426,60519,,,,,1.2620861530303955,,,,,,,,,,,
426,60529,,,,,1.422683835029602,,,,,,,,,,,
426,60539,,,,,1.4335438013076782,,,,,,,,,,,
426,60549,,,,,1.3910119533538818,,,,,,,,,,,
426,60559,,,,,1.3517876863479614,,,,,,,,,,,
426,60569,,,,,1.3114261627197266,,,,,,,,,,,
426,60579,,,,,1.3450045585632324,,,,,,,,,,,
426,60589,,,,,1.3506966829299927,,,,,,,,,,,
426,60599,,,,,1.1727397441864014,,,,,,,,,,,
426,60609,,,,,1.3306595087051392,,,,,,,,,,,
426,60619,,,,,1.563738465309143,,,,,,,,,,,
426,60629,,,,,1.2359168529510498,,,,,,,,,,,
426,426,14.868913385756908,94.0956060060944,,,,,,,,,,,,,,
426,60633,,,,,,1.2831953763961792,,,,,,,,,,
427,60639,,,,,1.3610496520996094,,,,,,,,,,,
427,60649,,,,,1.1503894329071045,,,,,,,,,,,
427,60659,,,,,1.3556321859359741,,,,,,,,,,,
427,60669,,,,,1.35590660572052,,,,,,,,,,,
427,60679,,,,,1.434428095817566,,,,,,,,,,,
427,60689,,,,,1.353678584098816,,,,,,,,,,,
427,60699,,,,,1.3866066932678223,,,,,,,,,,,
427,60709,,,,,1.2515138387680054,,,,,,,,,,,
427,60719,,,,,1.3495643138885498,,,,,,,,,,,
427,60729,,,,,1.3260606527328491,,,,,,,,,,,
427,60739,,,,,1.2980109453201294,,,,,,,,,,,
427,60749,,,,,1.1817197799682617,,,,,,,,,,,
427,60759,,,,,1.5766574144363403,,,,,,,,,,,
427,60769,,,,,1.5138795375823975,,,,,,,,,,,
427,427,16.700983173816187,94.10372696908313,,,,,,,,,,,,,,
427,60775,,,,,,1.2909749746322632,,,,,,,,,,
428,60779,,,,,1.3537765741348267,,,,,,,,,,,
428,60789,,,,,1.1416770219802856,,,,,,,,,,,
428,60799,,,,,1.3223876953125,,,,,,,,,,,
428,60809,,,,,1.266237497329712,,,,,,,,,,,
428,60819,,,,,1.3349350690841675,,,,,,,,,,,
428,60829,,,,,1.6636428833007812,,,,,,,,,,,
428,60839,,,,,1.192048192024231,,,,,,,,,,,
428,60849,,,,,1.320798635482788,,,,,,,,,,,
428,60859,,,,,1.180771827697754,,,,,,,,,,,
428,60869,,,,,1.1778124570846558,,,,,,,,,,,
428,60879,,,,,1.4670037031173706,,,,,,,,,,,
428,60889,,,,,1.5850156545639038,,,,,,,,,,,
428,60899,,,,,1.2871606349945068,,,,,,,,,,,
428,60909,,,,,1.3342434167861938,,,,,,,,,,,
428,428,15.975382562961139,94.11238132410374,,,,,,,,,,,,,,
428,60917,,,,,,1.2842477560043335,,,,,,,,,,
429,60919,,,,,1.2817776203155518,,,,,,,,,,,
429,60929,,,,,1.3656481504440308,,,,,,,,,,,
429,60939,,,,,1.2427729368209839,,,,,,,,,,,
429,60949,,,,,1.1120896339416504,,,,,,,,,,,
429,60959,,,,,1.2219226360321045,,,,,,,,,,,
429,60969,,,,,1.2107917070388794,,,,,,,,,,,
429,60979,,,,,1.0330780744552612,,,,,,,,,,,
429,60989,,,,,1.053573727607727,,,,,,,,,,,
429,60999,,,,,1.3623673915863037,,,,,,,,,,,
429,61009,,,,,1.2423019409179688,,,,,,,,,,,
429,61019,,,,,1.3581329584121704,,,,,,,,,,,
429,61029,,,,,1.3133703470230103,,,,,,,,,,,
429,61039,,,,,1.2498277425765991,,,,,,,,,,,
429,61049,,,,,1.3328477144241333,,,,,,,,,,,
429,61059,,,,,1.2270994186401367,,,,,,,,,,,
429,429,,,0.9940200448036194,0.6147316694259644,,,1.0086942567291368,0.7443633675575256,,0.8897116184234619,,0.25304144620895386,,3.7282508423133773,,0.28100529313087463
429,61059,,,,,,,,,0.8897116184234619,,0.25304144620895386,,3.7282509803771973,,0.28100529313087463,
429,429,15.277736032990406,94.12069542726078,,,,,,,,,,,,,,
429,61059,,,,,,1.281026840209961,,,,,,,,,,
430,61069,,,,,1.216943383216858,,,,,,,,,,,
430,61079,,,,,1.1780104637145996,,,,,,,,,,,
430,61089,,,,,1.0752224922180176,,,,,,,,,,,
430,61099,,,,,1.3362128734588623,,,,,,,,,,,
430,61109,,,,,1.4423378705978394,,,,,,,,,,,
430,61119,,,,,1.4572625160217285,,,,,,,,,,,
430,61129,,,,,1.383345365524292,,,,,,,,,,,
430,61139,,,,,1.3134831190109253,,,,,,,,,,,
430,61149,,,,,1.2818020582199097,,,,,,,,,,,
430,61159,,,,,1.1991777420043945,,,,,,,,,,,
430,61169,,,,,1.3036309480667114,,,,,,,,,,,
430,61179,,,,,1.217411756515503,,,,,,,,,,,
430,61189,,,,,1.274031162261963,,,,,,,,,,,
430,61199,,,,,1.3184962272644043,,,,,,,,,,,
430,430,14.213869862350828,94.12911263150656,,,,,,,,,,,,,,
430,61201,,,,,,1.2758104801177979,,,,,,,,,,
431,61209,,,,,1.2159428596496582,,,,,,,,,,,
431,61219,,,,,1.366787075996399,,,,,,,,,,,
431,61229,,,,,1.1907269954681396,,,,,,,,,,,
431,61239,,,,,1.2959800958633423,,,,,,,,,,,
431,61249,,,,,1.209126591682434,,,,,,,,,,,
431,61259,,,,,1.2711999416351318,,,,,,,,,,,
431,61269,,,,,1.3168580532073975,,,,,,,,,,,
431,61279,,,,,1.1359931230545044,,,,,,,,,,,
431,61289,,,,,1.2456824779510498,,,,,,,,,,,
431,61299,,,,,1.2948352098464966,,,,,,,,,,,
431,61309,,,,,1.5578051805496216,,,,,,,,,,,
431,61319,,,,,1.4665392637252808,,,,,,,,,,,
431,61329,,,,,1.3937788009643555,,,,,,,,,,,
431,61339,,,,,1.1469093561172485,,,,,,,,,,,
431,431,16.3669413196897,94.13769350517549,,,,,,,,,,,,,,
431,61343,,,,,,1.2726134061813354,,,,,,,,,,
432,61349,,,,,1.276017427444458,,,,,,,,,,,
432,61359,,,,,1.2449078559875488,,,,,,,,,,,
432,61369,,,,,1.349386215209961,,,,,,,,,,,
432,61379,,,,,1.2689083814620972,,,,,,,,,,,
432,61389,,,,,1.413714051246643,,,,,,,,,,,
432,61399,,,,,1.1471956968307495,,,,,,,,,,,
432,61409,,,,,1.157479166984558,,,,,,,,,,,
432,61419,,,,,1.3416122198104858,,,,,,,,,,,
432,61429,,,,,1.4189025163650513,,,,,,,,,,,
432,61439,,,,,1.373022437095642,,,,,,,,,,,
432,61449,,,,,1.145928144454956,,,,,,,,,,,
432,61459,,,,,1.6212973594665527,,,,,,,,,,,
432,61469,,,,,1.3833205699920654,,,,,,,,,,,
432,61479,,,,,1.3283089399337769,,,,,,,,,,,
432,432,17.903476554379328,94.14605940682469,,,,,,,,,,,,,,
432,61485,,,,,,1.273017406463623,,,,,,,,,,
433,61489,,,,,1.3199100494384766,,,,,,,,,,,
433,61499,,,,,1.3602769374847412,,,,,,,,,,,
433,61509,,,,,1.3592866659164429,,,,,,,,,,,
433,61519,,,,,1.1879756450653076,,,,,,,,,,,
433,61529,,,,,1.2851482629776,,,,,,,,,,,
433,61539,,,,,1.3668678998947144,,,,,,,,,,,
433,61549,,,,,1.3172869682312012,,,,,,,,,,,
433,61559,,,,,1.2136917114257812,,,,,,,,,,,
433,61569,,,,,1.2732813358306885,,,,,,,,,,,
433,61579,,,,,1.0188645124435425,,,,,,,,,,,
433,61589,,,,,1.0426620244979858,,,,,,,,,,,
433,61599,,,,,1.5897976160049438,,,,,,,,,,,
433,61609,,,,,1.3143365383148193,,,,,,,,,,,
433,61619,,,,,1.249074101448059,,,,,,,,,,,
433,433,16.17535959228083,94.15406170468985,,,,,,,,,,,,,,
433,61627,,,,,,1.2629377841949463,,,,,,,,,,
434,61629,,,,,1.2929894924163818,,,,,,,,,,,
434,61639,,,,,1.224161148071289,,,,,,,,,,,
434,61649,,,,,1.309090256690979,,,,,,,,,,,
434,61659,,,,,1.4010347127914429,,,,,,,,,,,
434,61669,,,,,1.148818850517273,,,,,,,,,,,
434,61679,,,,,1.3125604391098022,,,,,,,,,,,
434,61689,,,,,1.39821457862854,,,,,,,,,,,
434,61699,,,,,1.499668836593628,,,,,,,,,,,
434,61709,,,,,1.358213186264038,,,,,,,,,,,
434,61719,,,,,1.4689292907714844,,,,,,,,,,,
434,61729,,,,,1.1718261241912842,,,,,,,,,,,
434,61739,,,,,1.3960775136947632,,,,,,,,,,,
434,61749,,,,,1.261319875717163,,,,,,,,,,,
434,61759,,,,,1.357803463935852,,,,,,,,,,,
434,61769,,,,,1.3712682723999023,,,,,,,,,,,
434,434,16.989074560440024,94.16242829161698,,,,,,,,,,,,,,
434,61769,,,,,,1.2681777477264404,,,,,,,,,,
435,61779,,,,,1.3086313009262085,,,,,,,,,,,
435,61789,,,,,1.2554484605789185,,,,,,,,,,,
435,61799,,,,,1.1511633396148682,,,,,,,,,,,
435,61809,,,,,1.1545058488845825,,,,,,,,,,,
435,61819,,,,,1.3556116819381714,,,,,,,,,,,
435,61829,,,,,1.2390241622924805,,,,,,,,,,,
435,61839,,,,,1.3989813327789307,,,,,,,,,,,
435,61849,,,,,1.401198387145996,,,,,,,,,,,
435,61859,,,,,1.316433072090149,,,,,,,,,,,
435,61869,,,,,1.3833614587783813,,,,,,,,,,,
435,61879,,,,,1.2226966619491577,,,,,,,,,,,
435,61889,,,,,1.3067600727081299,,,,,,,,,,,
435,61899,,,,,0.9999467730522156,,,,,,,,,,,
435,61909,,,,,1.1282124519348145,,,,,,,,,,,
435,435,17.927293996189846,94.17037374295198,,,,,,,,,,,,,,
435,61911,,,,,,1.2625304460525513,,,,,,,,,,
436,61919,,,,,1.4199202060699463,,,,,,,,,,,
436,61929,,,,,1.0029751062393188,,,,,,,,,,,
436,61939,,,,,1.3151732683181763,,,,,,,,,,,
436,61949,,,,,1.3923982381820679,,,,,,,,,,,
436,61959,,,,,1.331493854522705,,,,,,,,,,,
436,61969,,,,,1.1307865381240845,,,,,,,,,,,
436,61979,,,,,1.3655697107315063,,,,,,,,,,,
436,61989,,,,,1.1999579668045044,,,,,,,,,,,
436,61999,,,,,1.1260868310928345,,,,,,,,,,,
436,62009,,,,,1.1565605401992798,,,,,,,,,,,
436,62019,,,,,1.1901792287826538,,,,,,,,,,,
436,62029,,,,,1.291821002960205,,,,,,,,,,,
436,62039,,,,,1.1608325242996216,,,,,,,,,,,
436,62049,,,,,1.407343864440918,,,,,,,,,,,
436,436,15.853551746228751,94.17878509920666,,,,,,,,,,,,,,
436,62053,,,,,,1.2614102363586426,,,,,,,,,,
437,62059,,,,,1.448123574256897,,,,,,,,,,,
437,62069,,,,,1.3819940090179443,,,,,,,,,,,
437,62079,,,,,1.2140986919403076,,,,,,,,,,,
437,62089,,,,,1.2268444299697876,,,,,,,,,,,
437,62099,,,,,1.299522042274475,,,,,,,,,,,
437,62109,,,,,1.2623448371887207,,,,,,,,,,,
437,62119,,,,,1.3094291687011719,,,,,,,,,,,
437,62129,,,,,1.2778315544128418,,,,,,,,,,,
437,62139,,,,,1.5272808074951172,,,,,,,,,,,
437,62149,,,,,1.1165416240692139,,,,,,,,,,,
437,62159,,,,,1.210808277130127,,,,,,,,,,,
437,62169,,,,,1.2970231771469116,,,,,,,,,,,
437,62179,,,,,1.3891940116882324,,,,,,,,,,,
437,62189,,,,,1.2365721464157104,,,,,,,,,,,
437,437,17.01028540367726,94.18680019197647,,,,,,,,,,,,,,
437,62195,,,,,,1.2538379430770874,,,,,,,,,,
438,62199,,,,,1.3277655839920044,,,,,,,,,,,
438,62209,,,,,1.0344510078430176,,,,,,,,,,,
438,62219,,,,,1.2243753671646118,,,,,,,,,,,
438,62229,,,,,1.1562559604644775,,,,,,,,,,,
438,62239,,,,,1.0965076684951782,,,,,,,,,,,
438,62249,,,,,1.3847057819366455,,,,,,,,,,,
438,62259,,,,,1.1996303796768188,,,,,,,,,,,
438,62269,,,,,1.208792805671692,,,,,,,,,,,
438,62279,,,,,1.2801501750946045,,,,,,,,,,,
438,62289,,,,,1.3395916223526,,,,,,,,,,,
438,62299,,,,,1.2255736589431763,,,,,,,,,,,
438,62309,,,,,1.3051925897598267,,,,,,,,,,,
438,62319,,,,,1.445050835609436,,,,,,,,,,,
438,62329,,,,,1.0473835468292236,,,,,,,,,,,
438,438,15.36946109925975,94.19544489597214,,,,,,,,,,,,,,
438,62337,,,,,,1.249219298362732,,,,,,,,,,
439,62339,,,,,1.0634318590164185,,,,,,,,,,,
439,62349,,,,,1.408601999282837,,,,,,,,,,,
439,62359,,,,,1.4491124153137207,,,,,,,,,,,
439,62369,,,,,1.268934965133667,,,,,,,,,,,
439,62379,,,,,1.418609619140625,,,,,,,,,,,
439,62389,,,,,1.0726518630981445,,,,,,,,,,,
439,62399,,,,,1.131492257118225,,,,,,,,,,,
439,62409,,,,,1.264965295791626,,,,,,,,,,,
439,62419,,,,,1.2319695949554443,,,,,,,,,,,
439,62429,,,,,1.179726243019104,,,,,,,,,,,
439,62439,,,,,1.3086843490600586,,,,,,,,,,,
439,62449,,,,,1.375258445739746,,,,,,,,,,,
439,62459,,,,,1.09853196144104,,,,,,,,,,,
439,62469,,,,,1.20885169506073,,,,,,,,,,,
439,62479,,,,,1.1535136699676514,,,,,,,,,,,
439,439,,,0.9945159554481506,0.6190705299377441,,,0.9809754585053885,0.7539218068122864,,0.8885186314582825,,0.24986083805561066,,3.7928997412019845,,0.2820788621902466
439,62479,,,,,,,,,0.8885186314582825,,0.24986083805561066,,3.7928998470306396,,0.2820788621902466,
439,439,16.826113812447105,94.2037495166983,,,,,,,,,,,,,,
439,62479,,,,,,1.2518165111541748,,,,,,,,,,
440,62489,,,,,1.2531559467315674,,,,,,,,,,,
440,62499,,,,,1.175144910812378,,,,,,,,,,,
440,62509,,,,,1.293718695640564,,,,,,,,,,,
440,62519,,,,,1.1993868350982666,,,,,,,,,,,
440,62529,,,,,1.2412806749343872,,,,,,,,,,,
440,62539,,,,,1.1839715242385864,,,,,,,,,,,
440,62549,,,,,1.3466182947158813,,,,,,,,,,,
440,62559,,,,,1.156721830368042,,,,,,,,,,,
440,62569,,,,,1.4427931308746338,,,,,,,,,,,
440,62579,,,,,1.2259690761566162,,,,,,,,,,,
440,62589,,,,,1.388532280921936,,,,,,,,,,,
440,62599,,,,,1.3067185878753662,,,,,,,,,,,
440,62609,,,,,1.2812086343765259,,,,,,,,,,,
440,62619,,,,,1.127243995666504,,,,,,,,,,,
440,440,16.77106692981586,94.21229939094708,,,,,,,,,,,,,,
440,62621,,,,,,1.2477798461914062,,,,,,,,,,
441,62629,,,,,1.2587001323699951,,,,,,,,,,,
441,62639,,,,,1.1634992361068726,,,,,,,,,,,
441,62649,,,,,1.5264486074447632,,,,,,,,,,,
441,62659,,,,,1.2995223999023438,,,,,,,,,,,
441,62669,,,,,1.188686490058899,,,,,,,,,,,
441,62679,,,,,1.3564109802246094,,,,,,,,,,,
441,62689,,,,,1.2635164260864258,,,,,,,,,,,
441,62699,,,,,1.1567211151123047,,,,,,,,,,,
441,62709,,,,,1.1609302759170532,,,,,,,,,,,
441,62719,,,,,1.2839444875717163,,,,,,,,,,,
441,62729,,,,,1.1020323038101196,,,,,,,,,,,
441,62739,,,,,1.2423555850982666,,,,,,,,,,,
441,62749,,,,,1.301318645477295,,,,,,,,,,,
441,62759,,,,,1.2240135669708252,,,,,,,,,,,
441,441,16.544109597976473,94.22067270329747,,,,,,,,,,,,,,
441,62763,,,,,,1.2455652952194214,,,,,,,,,,
442,62769,,,,,1.3503382205963135,,,,,,,,,,,
442,62779,,,,,1.2524158954620361,,,,,,,,,,,
442,62789,,,,,0.9382646083831787,,,,,,,,,,,
442,62799,,,,,1.15994393825531,,,,,,,,,,,
442,62809,,,,,1.200522541999817,,,,,,,,,,,
442,62819,,,,,1.2849701642990112,,,,,,,,,,,
442,62829,,,,,1.229077696800232,,,,,,,,,,,
442,62839,,,,,1.125126838684082,,,,,,,,,,,
442,62849,,,,,1.136396050453186,,,,,,,,,,,
442,62859,,,,,1.0015345811843872,,,,,,,,,,,
442,62869,,,,,1.2990977764129639,,,,,,,,,,,
442,62879,,,,,1.1198382377624512,,,,,,,,,,,
442,62889,,,,,1.1535102128982544,,,,,,,,,,,
442,62899,,,,,1.2697263956069946,,,,,,,,,,,
442,442,16.30756617567104,94.2291329246501,,,,,,,,,,,,,,
442,62905,,,,,,1.23968505859375,,,,,,,,,,
443,62909,,,,,1.3084301948547363,,,,,,,,,,,
443,62919,,,,,1.1272557973861694,,,,,,,,,,,
443,62929,,,,,1.2057427167892456,,,,,,,,,,,
443,62939,,,,,1.0642340183258057,,,,,,,,,,,
443,62949,,,,,1.1327334642410278,,,,,,,,,,,
443,62959,,,,,1.2311679124832153,,,,,,,,,,,
443,62969,,,,,1.4881647825241089,,,,,,,,,,,
443,62979,,,,,1.3134992122650146,,,,,,,,,,,
443,62989,,,,,1.3806511163711548,,,,,,,,,,,
443,62999,,,,,1.2209641933441162,,,,,,,,,,,
443,63009,,,,,1.2691352367401123,,,,,,,,,,,
443,63019,,,,,1.43684720993042,,,,,,,,,,,
443,63029,,,,,1.4213181734085083,,,,,,,,,,,
443,63039,,,,,1.2176262140274048,,,,,,,,,,,
443,443,16.222837601754854,94.23758238541893,,,,,,,,,,,,,,
443,63047,,,,,,1.2354404926300049,,,,,,,,,,
444,63049,,,,,1.322961688041687,,,,,,,,,,,
444,63059,,,,,1.3263726234436035,,,,,,,,,,,
444,63069,,,,,1.244307041168213,,,,,,,,,,,
444,63079,,,,,1.0798190832138062,,,,,,,,,,,
444,63089,,,,,1.2871254682540894,,,,,,,,,,,
444,63099,,,,,1.3389405012130737,,,,,,,,,,,
444,63109,,,,,1.143660306930542,,,,,,,,,,,
444,63119,,,,,1.4088118076324463,,,,,,,,,,,
444,63129,,,,,1.2749650478363037,,,,,,,,,,,
444,63139,,,,,1.1341232061386108,,,,,,,,,,,
444,63149,,,,,1.2608036994934082,,,,,,,,,,,
444,63159,,,,,1.1722047328948975,,,,,,,,,,,
444,63169,,,,,1.132628321647644,,,,,,,,,,,
444,63179,,,,,1.206829309463501,,,,,,,,,,,
444,63189,,,,,1.1386851072311401,,,,,,,,,,,
444,444,15.014346450593347,94.24593734639237,,,,,,,,,,,,,,
444,63189,,,,,,1.2289613485336304,,,,,,,,,,
445,63199,,,,,1.095929503440857,,,,,,,,,,,
445,63209,,,,,1.1657520532608032,,,,,,,,,,,
445,63219,,,,,1.046574354171753,,,,,,,,,,,
445,63229,,,,,1.24932062625885,,,,,,,,,,,
445,63239,,,,,1.2970250844955444,,,,,,,,,,,
445,63249,,,,,1.3491475582122803,,,,,,,,,,,
445,63259,,,,,1.1469752788543701,,,,,,,,,,,
445,63269,,,,,1.3369189500808716,,,,,,,,,,,
445,63279,,,,,1.420972228050232,,,,,,,,,,,
445,63289,,,,,1.2373727560043335,,,,,,,,,,,
445,63299,,,,,1.3110408782958984,,,,,,,,,,,
445,63309,,,,,1.385114073753357,,,,,,,,,,,
445,63319,,,,,1.1768430471420288,,,,,,,,,,,
445,63329,,,,,1.2236385345458984,,,,,,,,,,,
445,445,14.635567437400974,94.25474633363794,,,,,,,,,,,,,,
445,63331,,,,,,1.2227226495742798,,,,,,,,,,
446,63339,,,,,1.156459927558899,,,,,,,,,,,
446,63349,,,,,1.0563545227050781,,,,,,,,,,,
446,63359,,,,,1.2310795783996582,,,,,,,,,,,
446,63369,,,,,1.1255351305007935,,,,,,,,,,,
446,63379,,,,,1.5040552616119385,,,,,,,,,,,
446,63389,,,,,1.3372628688812256,,,,,,,,,,,
446,63399,,,,,1.1566717624664307,,,,,,,,,,,
446,63409,,,,,1.2250627279281616,,,,,,,,,,,
446,63419,,,,,1.2110824584960938,,,,,,,,,,,
446,63429,,,,,1.225809931755066,,,,,,,,,,,
446,63439,,,,,1.0621124505996704,,,,,,,,,,,
446,63449,,,,,1.309698462486267,,,,,,,,,,,
446,63459,,,,,1.1810253858566284,,,,,,,,,,,
446,63469,,,,,1.1678416728973389,,,,,,,,,,,
446,446,15.947244134647562,94.26289853761863,,,,,,,,,,,,,,
446,63473,,,,,,1.2257466316223145,,,,,,,,,,
447,63479,,,,,1.2909820079803467,,,,,,,,,,,
447,63489,,,,,1.179638385772705,,,,,,,,,,,
447,63499,,,,,1.1208208799362183,,,,,,,,,,,
447,63509,,,,,1.1983217000961304,,,,,,,,,,,
447,63519,,,,,1.391107439994812,,,,,,,,,,,
447,63529,,,,,1.291015863418579,,,,,,,,,,,
447,63539,,,,,1.3308765888214111,,,,,,,,,,,
447,63549,,,,,1.039185643196106,,,,,,,,,,,
447,63559,,,,,1.3573673963546753,,,,,,,,,,,
447,63569,,,,,1.3594233989715576,,,,,,,,,,,
447,63579,,,,,1.3424614667892456,,,,,,,,,,,
447,63589,,,,,1.1897751092910767,,,,,,,,,,,
447,63599,,,,,1.4410852193832397,,,,,,,,,,,
447,63609,,,,,1.0709112882614136,,,,,,,,,,,
447,447,15.606629858512951,94.27165773101245,,,,,,,,,,,,,,
447,63615,,,,,,1.2210419178009033,,,,,,,,,,
448,63619,,,,,1.4485533237457275,,,,,,,,,,,
448,63629,,,,,1.1695846319198608,,,,,,,,,,,
448,63639,,,,,1.3010549545288086,,,,,,,,,,,
448,63649,,,,,1.2536547183990479,,,,,,,,,,,
448,63659,,,,,1.0220457315444946,,,,,,,,,,,
448,63669,,,,,1.0739823579788208,,,,,,,,,,,
448,63679,,,,,1.117081880569458,,,,,,,,,,,
448,63689,,,,,1.4030042886734009,,,,,,,,,,,
448,63699,,,,,1.339333415031433,,,,,,,,,,,
448,63709,,,,,1.2086286544799805,,,,,,,,,,,
448,63719,,,,,1.2057673931121826,,,,,,,,,,,
448,63729,,,,,1.367931604385376,,,,,,,,,,,
448,63739,,,,,1.3832623958587646,,,,,,,,,,,
448,63749,,,,,1.0819683074951172,,,,,,,,,,,
448,448,15.413708003061764,94.28016637941184,,,,,,,,,,,,,,
448,63757,,,,,,1.2184553146362305,,,,,,,,,,
449,63759,,,,,1.1853270530700684,,,,,,,,,,,
449,63769,,,,,1.2250919342041016,,,,,,,,,,,
449,63779,,,,,0.9765699505805969,,,,,,,,,,,
449,63789,,,,,1.20940363407135,,,,,,,,,,,
449,63799,,,,,1.089468002319336,,,,,,,,,,,
449,63809,,,,,1.182753324508667,,,,,,,,,,,
449,63819,,,,,1.0759072303771973,,,,,,,,,,,
449,63829,,,,,1.379429578781128,,,,,,,,,,,
449,63839,,,,,1.1900221109390259,,,,,,,,,,,
449,63849,,,,,1.2766860723495483,,,,,,,,,,,
449,63859,,,,,1.1764572858810425,,,,,,,,,,,
449,63869,,,,,1.0734606981277466,,,,,,,,,,,
449,63879,,,,,1.2973355054855347,,,,,,,,,,,
449,63889,,,,,1.1843857765197754,,,,,,,,,,,
449,63899,,,,,1.1289169788360596,,,,,,,,,,,
449,449,,,0.9948644638061523,0.6289138793945312,,,0.952481671692546,0.7657722234725952,,0.8907827734947205,,0.2482670545578003,,3.817331062895911,,0.28255796432495117
449,63899,,,,,,,,,0.8907827734947205,,0.2482670545578003,,3.817331075668335,,0.28255796432495117,
449,449,15.425905264736546,94.28836566846688,,,,,,,,,,,,,,
449,63899,,,,,,1.22117018699646,,,,,,,,,,
450,63909,,,,,1.2285569906234741,,,,,,,,,,,
450,63919,,,,,1.130268931388855,,,,,,,,,,,
450,63929,,,,,1.0768227577209473,,,,,,,,,,,
450,63939,,,,,1.1169482469558716,,,,,,,,,,,
450,63949,,,,,1.1511567831039429,,,,,,,,,,,
450,63959,,,,,1.2793973684310913,,,,,,,,,,,
450,63969,,,,,1.3801295757293701,,,,,,,,,,,
450,63979,,,,,1.1442947387695312,,,,,,,,,,,
450,63989,,,,,1.1163536310195923,,,,,,,,,,,
450,63999,,,,,1.4089574813842773,,,,,,,,,,,
450,64009,,,,,1.3365774154663086,,,,,,,,,,,
450,64019,,,,,1.2217462062835693,,,,,,,,,,,
450,64029,,,,,1.450775384902954,,,,,,,,,,,
450,64039,,,,,1.0514237880706787,,,,,,,,,,,
450,450,16.71648096356832,94.29605993684146,,,,,,,,,,,,,,
450,64041,,,,,,1.2122136354446411,,,,,,,,,,
451,64049,,,,,1.1951429843902588,,,,,,,,,,,
451,64059,,,,,1.1727523803710938,,,,,,,,,,,
451,64069,,,,,1.171916127204895,,,,,,,,,,,
451,64079,,,,,1.349255084991455,,,,,,,,,,,
451,64089,,,,,1.4722068309783936,,,,,,,,,,,
451,64099,,,,,1.2121291160583496,,,,,,,,,,,
451,64109,,,,,1.19478440284729,,,,,,,,,,,
451,64119,,,,,0.9971159100532532,,,,,,,,,,,
451,64129,,,,,1.1686971187591553,,,,,,,,,,,
451,64139,,,,,1.130012035369873,,,,,,,,,,,
451,64149,,,,,1.161831259727478,,,,,,,,,,,
451,64159,,,,,1.326375126838684,,,,,,,,,,,
451,64169,,,,,1.1628652811050415,,,,,,,,,,,
451,64179,,,,,1.4566301107406616,,,,,,,,,,,
451,451,14.613802460562638,94.30504341982035,,,,,,,,,,,,,,
451,64183,,,,,,1.2130610942840576,,,,,,,,,,
452,64189,,,,,1.2008649110794067,,,,,,,,,,,
452,64199,,,,,1.2734907865524292,,,,,,,,,,,
452,64209,,,,,1.2561506032943726,,,,,,,,,,,
452,64219,,,,,1.1467338800430298,,,,,,,,,,,
452,64229,,,,,1.2290531396865845,,,,,,,,,,,
452,64239,,,,,1.235751748085022,,,,,,,,,,,
452,64249,,,,,1.1603325605392456,,,,,,,,,,,
452,64259,,,,,1.2526615858078003,,,,,,,,,,,
452,64269,,,,,1.1658077239990234,,,,,,,,,,,
452,64279,,,,,1.2155346870422363,,,,,,,,,,,
452,64289,,,,,1.2669427394866943,,,,,,,,,,,
452,64299,,,,,1.211216688156128,,,,,,,,,,,
452,64309,,,,,1.3044134378433228,,,,,,,,,,,
452,64319,,,,,1.239432454109192,,,,,,,,,,,
452,452,15.89141236108993,94.3133155235727,,,,,,,,,,,,,,
452,64325,,,,,,1.2034482955932617,,,,,,,,,,
453,64329,,,,,1.2878472805023193,,,,,,,,,,,
453,64339,,,,,1.2296942472457886,,,,,,,,,,,
453,64349,,,,,1.2120988368988037,,,,,,,,,,,
453,64359,,,,,1.179250717163086,,,,,,,,,,,
453,64369,,,,,1.199394702911377,,,,,,,,,,,
453,64379,,,,,1.3154816627502441,,,,,,,,,,,
453,64389,,,,,1.2923798561096191,,,,,,,,,,,
453,64399,,,,,1.3279244899749756,,,,,,,,,,,
453,64409,,,,,1.0765924453735352,,,,,,,,,,,
453,64419,,,,,1.309365153312683,,,,,,,,,,,
453,64429,,,,,1.2085034847259521,,,,,,,,,,,
453,64439,,,,,1.1714292764663696,,,,,,,,,,,
453,64449,,,,,1.2212003469467163,,,,,,,,,,,
453,64459,,,,,1.366353988647461,,,,,,,,,,,
453,453,14.988975986195674,94.32120630234188,,,,,,,,,,,,,,
453,64467,,,,,,1.2111676931381226,,,,,,,,,,
454,64469,,,,,1.0939180850982666,,,,,,,,,,,
454,64479,,,,,1.3143490552902222,,,,,,,,,,,
454,64489,,,,,1.197405219078064,,,,,,,,,,,
454,64499,,,,,1.16957688331604,,,,,,,,,,,
454,64509,,,,,1.064490556716919,,,,,,,,,,,
454,64519,,,,,1.366914987564087,,,,,,,,,,,
454,64529,,,,,1.229293704032898,,,,,,,,,,,
454,64539,,,,,0.9977685213088989,,,,,,,,,,,
454,64549,,,,,1.4249273538589478,,,,,,,,,,,
454,64559,,,,,1.0921953916549683,,,,,,,,,,,
454,64569,,,,,1.1929724216461182,,,,,,,,,,,
454,64579,,,,,1.1943737268447876,,,,,,,,,,,
454,64589,,,,,1.1389745473861694,,,,,,,,,,,
454,64599,,,,,1.41096830368042,,,,,,,,,,,
454,64609,,,,,1.1887414455413818,,,,,,,,,,,
454,454,14.899508730799392,94.32945206981489,,,,,,,,,,,,,,
454,64609,,,,,,1.2042548656463623,,,,,,,,,,
455,64619,,,,,1.0392446517944336,,,,,,,,,,,
455,64629,,,,,1.250691533088684,,,,,,,,,,,
455,64639,,,,,1.097083568572998,,,,,,,,,,,
455,64649,,,,,1.1403979063034058,,,,,,,,,,,
455,64659,,,,,1.3315627574920654,,,,,,,,,,,
455,64669,,,,,1.3228765726089478,,,,,,,,,,,
455,64679,,,,,1.2104313373565674,,,,,,,,,,,
455,64689,,,,,0.9364730715751648,,,,,,,,,,,
455,64699,,,,,1.196600079536438,,,,,,,,,,,
455,64709,,,,,1.1134616136550903,,,,,,,,,,,
455,64719,,,,,1.028565764427185,,,,,,,,,,,
455,64729,,,,,1.015991449356079,,,,,,,,,,,
455,64739,,,,,1.1466104984283447,,,,,,,,,,,
455,64749,,,,,1.2907078266143799,,,,,,,,,,,
455,455,14.795489977684948,94.33747230495123,,,,,,,,,,,,,,
455,64751,,,,,,1.1985362768173218,,,,,,,,,,
456,64759,,,,,1.3609811067581177,,,,,,,,,,,
456,64769,,,,,1.3133279085159302,,,,,,,,,,,
456,64779,,,,,0.8775577545166016,,,,,,,,,,,
456,64789,,,,,1.097467064857483,,,,,,,,,,,
456,64799,,,,,1.1688456535339355,,,,,,,,,,,
456,64809,,,,,1.0950411558151245,,,,,,,,,,,
456,64819,,,,,0.9945189356803894,,,,,,,,,,,
456,64829,,,,,1.2931177616119385,,,,,,,,,,,
456,64839,,,,,1.2956637144088745,,,,,,,,,,,
456,64849,,,,,1.2241592407226562,,,,,,,,,,,
456,64859,,,,,1.09015953540802,,,,,,,,,,,
456,64869,,,,,1.2316691875457764,,,,,,,,,,,
456,64879,,,,,1.1318405866622925,,,,,,,,,,,
456,64889,,,,,1.2755249738693237,,,,,,,,,,,
456,456,16.577451160106964,94.34585466663243,,,,,,,,,,,,,,
456,64893,,,,,,1.196195363998413,,,,,,,,,,
457,64899,,,,,1.26231050491333,,,,,,,,,,,
457,64909,,,,,1.1086689233779907,,,,,,,,,,,
457,64919,,,,,1.174093246459961,,,,,,,,,,,
457,64929,,,,,1.1396167278289795,,,,,,,,,,,
457,64939,,,,,1.3430747985839844,,,,,,,,,,,
457,64949,,,,,1.2981585264205933,,,,,,,,,,,
457,64959,,,,,1.3940839767456055,,,,,,,,,,,
457,64969,,,,,1.195777416229248,,,,,,,,,,,
457,64979,,,,,1.173292636871338,,,,,,,,,,,
457,64989,,,,,1.122359275817871,,,,,,,,,,,
457,64999,,,,,1.302402138710022,,,,,,,,,,,
457,65009,,,,,1.4988921880722046,,,,,,,,,,,
457,65019,,,,,1.0914829969406128,,,,,,,,,,,
457,65029,,,,,1.1561415195465088,,,,,,,,,,,
457,457,15.156166787793458,94.3543337969073,,,,,,,,,,,,,,
457,65035,,,,,,1.1903940439224243,,,,,,,,,,
458,65039,,,,,1.3797591924667358,,,,,,,,,,,
458,65049,,,,,1.1845234632492065,,,,,,,,,,,
458,65059,,,,,1.0674320459365845,,,,,,,,,,,
458,65069,,,,,1.1930460929870605,,,,,,,,,,,
458,65079,,,,,1.0422157049179077,,,,,,,,,,,
458,65089,,,,,1.2458536624908447,,,,,,,,,,,
458,65099,,,,,1.1737391948699951,,,,,,,,,,,
458,65109,,,,,1.2021121978759766,,,,,,,,,,,
458,65119,,,,,1.1993887424468994,,,,,,,,,,,
458,65129,,,,,1.3508721590042114,,,,,,,,,,,
458,65139,,,,,1.1811059713363647,,,,,,,,,,,
458,65149,,,,,1.2044578790664673,,,,,,,,,,,
458,65159,,,,,1.143170952796936,,,,,,,,,,,
458,65169,,,,,1.4366427659988403,,,,,,,,,,,
458,458,16.237162078393514,94.36292985327245,,,,,,,,,,,,,,
458,65177,,,,,,1.1941637992858887,,,,,,,,,,
459,65179,,,,,1.1627434492111206,,,,,,,,,,,
459,65189,,,,,1.2170330286026,,,,,,,,,,,
459,65199,,,,,1.264175534248352,,,,,,,,,,,
459,65209,,,,,1.2251250743865967,,,,,,,,,,,
459,65219,,,,,1.0896072387695312,,,,,,,,,,,
459,65229,,,,,1.1006768941879272,,,,,,,,,,,
459,65239,,,,,1.1796101331710815,,,,,,,,,,,
459,65249,,,,,1.1636673212051392,,,,,,,,,,,
459,65259,,,,,1.213802456855774,,,,,,,,,,,
459,65269,,,,,1.282257318496704,,,,,,,,,,,
459,65279,,,,,1.211008071899414,,,,,,,,,,,
459,65289,,,,,1.0777167081832886,,,,,,,,,,,
459,65299,,,,,1.1298260688781738,,,,,,,,,,,
459,65309,,,,,1.0691081285476685,,,,,,,,,,,
459,65319,,,,,1.2051146030426025,,,,,,,,,,,
459,459,,,0.9953417778015137,0.6469223499298096,,,0.9151736627564542,0.7792948484420776,,0.8889544606208801,,0.24852940440177917,,3.8471628172057017,,0.2805965840816498
459,65319,,,,,,,,,0.8889544606208801,,0.24852940440177917,,3.8471627235412598,,0.2805965840816498,
459,459,15.21161878223825,94.37078155956993,,,,,,,,,,,,,,
459,65319,,,,,,1.186914324760437,,,,,,,,,,
460,65329,,,,,1.245159387588501,,,,,,,,,,,
460,65339,,,,,1.1801679134368896,,,,,,,,,,,
460,65349,,,,,1.270570158958435,,,,,,,,,,,
460,65359,,,,,1.0150102376937866,,,,,,,,,,,
460,65369,,,,,1.1910784244537354,,,,,,,,,,,
460,65379,,,,,1.2324267625808716,,,,,,,,,,,
460,65389,,,,,1.3417617082595825,,,,,,,,,,,
460,65399,,,,,1.2595878839492798,,,,,,,,,,,
460,65409,,,,,1.1829384565353394,,,,,,,,,,,
460,65419,,,,,1.2749693393707275,,,,,,,,,,,
460,65429,,,,,1.372206449508667,,,,,,,,,,,
460,65439,,,,,1.1663202047348022,,,,,,,,,,,
460,65449,,,,,1.1400812864303589,,,,,,,,,,,
460,65459,,,,,1.1454391479492188,,,,,,,,,,,
460,460,16.91274754725348,94.37933116162951,,,,,,,,,,,,,,
460,65461,,,,,,1.1812149286270142,,,,,,,,,,
461,65469,,,,,1.306314468383789,,,,,,,,,,,
461,65479,,,,,1.0907973051071167,,,,,,,,,,,
461,65489,,,,,1.3173296451568604,,,,,,,,,,,
461,65499,,,,,1.3501341342926025,,,,,,,,,,,
461,65509,,,,,1.1627438068389893,,,,,,,,,,,
461,65519,,,,,1.2490618228912354,,,,,,,,,,,
461,65529,,,,,1.0255153179168701,,,,,,,,,,,
461,65539,,,,,1.120963215827942,,,,,,,,,,,
461,65549,,,,,1.218874216079712,,,,,,,,,,,
461,65559,,,,,1.1177308559417725,,,,,,,,,,,
461,65569,,,,,1.1851050853729248,,,,,,,,,,,
461,65579,,,,,1.3204559087753296,,,,,,,,,,,
461,65589,,,,,1.3474633693695068,,,,,,,,,,,
461,65599,,,,,1.291663646697998,,,,,,,,,,,
461,461,16.880532943883665,94.38742697772035,,,,,,,,,,,,,,
461,65603,,,,,,1.1860977411270142,,,,,,,,,,
462,65609,,,,,1.3445899486541748,,,,,,,,,,,
462,65619,,,,,1.0767205953598022,,,,,,,,,,,
462,65629,,,,,1.1879788637161255,,,,,,,,,,,
462,65639,,,,,1.2175860404968262,,,,,,,,,,,
462,65649,,,,,1.1221996545791626,,,,,,,,,,,
462,65659,,,,,1.230681300163269,,,,,,,,,,,
462,65669,,,,,1.2210170030593872,,,,,,,,,,,
462,65679,,,,,1.1239955425262451,,,,,,,,,,,
462,65689,,,,,1.2744252681732178,,,,,,,,,,,
462,65699,,,,,1.313576579093933,,,,,,,,,,,
462,65709,,,,,0.9947397112846375,,,,,,,,,,,
462,65719,,,,,1.0400947332382202,,,,,,,,,,,
462,65729,,,,,1.326711654663086,,,,,,,,,,,
462,65739,,,,,1.2806379795074463,,,,,,,,,,,
462,462,17.250859958077235,94.39540603373563,,,,,,,,,,,,,,
462,65745,,,,,,1.1803470849990845,,,,,,,,,,
463,65749,,,,,1.4615050554275513,,,,,,,,,,,
463,65759,,,,,1.1365348100662231,,,,,,,,,,,
463,65769,,,,,1.2789875268936157,,,,,,,,,,,
463,65779,,,,,1.1583807468414307,,,,,,,,,,,
463,65789,,,,,1.1124134063720703,,,,,,,,,,,
463,65799,,,,,1.141926884651184,,,,,,,,,,,
463,65809,,,,,1.2846295833587646,,,,,,,,,,,
463,65819,,,,,1.1072986125946045,,,,,,,,,,,
463,65829,,,,,1.1851001977920532,,,,,,,,,,,
463,65839,,,,,1.2253422737121582,,,,,,,,,,,
463,65849,,,,,1.2034950256347656,,,,,,,,,,,
463,65859,,,,,1.2112759351730347,,,,,,,,,,,
463,65869,,,,,1.1998960971832275,,,,,,,,,,,
463,65879,,,,,1.196207880973816,,,,,,,,,,,
463,463,15.888334699411395,94.40366017495987,,,,,,,,,,,,,,
463,65887,,,,,,1.1765979528427124,,,,,,,,,,
464,65889,,,,,1.274854302406311,,,,,,,,,,,
464,65899,,,,,1.114803671836853,,,,,,,,,,,
464,65909,,,,,1.129392385482788,,,,,,,,,,,
464,65919,,,,,1.3372067213058472,,,,,,,,,,,
464,65929,,,,,1.0665148496627808,,,,,,,,,,,
464,65939,,,,,1.123270869255066,,,,,,,,,,,
464,65949,,,,,1.1645311117172241,,,,,,,,,,,
464,65959,,,,,1.2169827222824097,,,,,,,,,,,
464,65969,,,,,1.177753210067749,,,,,,,,,,,
464,65979,,,,,1.1262661218643188,,,,,,,,,,,
464,65989,,,,,1.238677978515625,,,,,,,,,,,
464,65999,,,,,1.328021764755249,,,,,,,,,,,
464,66009,,,,,1.0463337898254395,,,,,,,,,,,
464,66019,,,,,1.2321984767913818,,,,,,,,,,,
464,66029,,,,,0.9829556345939636,,,,,,,,,,,
464,464,16.290023359240713,94.41229951145752,,,,,,,,,,,,,,
464,66029,,,,,,1.1699655055999756,,,,,,,,,,
465,66039,,,,,1.200508952140808,,,,,,,,,,,
465,66049,,,,,1.0330384969711304,,,,,,,,,,,
465,66059,,,,,1.287748098373413,,,,,,,,,,,
465,66069,,,,,1.0600879192352295,,,,,,,,,,,
465,66079,,,,,1.1427336931228638,,,,,,,,,,,
465,66089,,,,,1.0345696210861206,,,,,,,,,,,
465,66099,,,,,1.2179726362228394,,,,,,,,,,,
465,66109,,,,,1.185143232345581,,,,,,,,,,,
465,66119,,,,,1.080074667930603,,,,,,,,,,,
465,66129,,,,,1.0377668142318726,,,,,,,,,,,
465,66139,,,,,1.0856750011444092,,,,,,,,,,,
465,66149,,,,,1.1774439811706543,,,,,,,,,,,
465,66159,,,,,1.1411255598068237,,,,,,,,,,,
465,66169,,,,,1.1555533409118652,,,,,,,,,,,
465,465,16.22251733958026,94.42066394571665,,,,,,,,,,,,,,
465,66171,,,,,,1.171945333480835,,,,,,,,,,
466,66179,,,,,1.0640623569488525,,,,,,,,,,,
466,66189,,,,,1.0212087631225586,,,,,,,,,,,
466,66199,,,,,1.101718783378601,,,,,,,,,,,
466,66209,,,,,1.2204546928405762,,,,,,,,,,,
466,66219,,,,,1.0945079326629639,,,,,,,,,,,
466,66229,,,,,1.0565589666366577,,,,,,,,,,,
466,66239,,,,,1.2668343782424927,,,,,,,,,,,
466,66249,,,,,0.9457318782806396,,,,,,,,,,,
466,66259,,,,,1.0765033960342407,,,,,,,,,,,
466,66269,,,,,1.104427695274353,,,,,,,,,,,
466,66279,,,,,0.9495493769645691,,,,,,,,,,,
466,66289,,,,,1.1926418542861938,,,,,,,,,,,
466,66299,,,,,1.2420800924301147,,,,,,,,,,,
466,66309,,,,,1.2419053316116333,,,,,,,,,,,
466,466,15.257557699668748,94.42895793876856,,,,,,,,,,,,,,
466,66313,,,,,,1.1671664714813232,,,,,,,,,,
467,66319,,,,,1.1439253091812134,,,,,,,,,,,
467,66329,,,,,1.23771333694458,,,,,,,,,,,
467,66339,,,,,1.1514363288879395,,,,,,,,,,,
467,66349,,,,,1.1960572004318237,,,,,,,,,,,
467,66359,,,,,1.212098479270935,,,,,,,,,,,
467,66369,,,,,1.1049658060073853,,,,,,,,,,,
467,66379,,,,,1.289036512374878,,,,,,,,,,,
467,66389,,,,,1.1415152549743652,,,,,,,,,,,
467,66399,,,,,1.3256306648254395,,,,,,,,,,,
467,66409,,,,,1.1147067546844482,,,,,,,,,,,
467,66419,,,,,1.1996808052062988,,,,,,,,,,,
467,66429,,,,,1.1513862609863281,,,,,,,,,,,
467,66439,,,,,1.0992913246154785,,,,,,,,,,,
467,66449,,,,,1.0637624263763428,,,,,,,,,,,
467,467,15.775804724333325,94.43726038019965,,,,,,,,,,,,,,
467,66455,,,,,,1.163061261177063,,,,,,,,,,
468,66459,,,,,1.0300815105438232,,,,,,,,,,,
468,66469,,,,,1.1877905130386353,,,,,,,,,,,
468,66479,,,,,1.1210600137710571,,,,,,,,,,,
468,66489,,,,,1.2323952913284302,,,,,,,,,,,
468,66499,,,,,1.0230876207351685,,,,,,,,,,,
468,66509,,,,,1.2919241189956665,,,,,,,,,,,
468,66519,,,,,1.0858006477355957,,,,,,,,,,,
468,66529,,,,,1.1034514904022217,,,,,,,,,,,
468,66539,,,,,1.242486596107483,,,,,,,,,,,
468,66549,,,,,1.1704713106155396,,,,,,,,,,,
468,66559,,,,,1.0863302946090698,,,,,,,,,,,
468,66569,,,,,1.1000332832336426,,,,,,,,,,,
468,66579,,,,,1.1366848945617676,,,,,,,,,,,
468,66589,,,,,1.2314367294311523,,,,,,,,,,,
468,468,16.146297802712894,94.44555596570362,,,,,,,,,,,,,,
468,66597,,,,,,1.1666285991668701,,,,,,,,,,
469,66599,,,,,1.1561096906661987,,,,,,,,,,,
469,66609,,,,,1.292380690574646,,,,,,,,,,,
469,66619,,,,,1.1700652837753296,,,,,,,,,,,
469,66629,,,,,1.181762933731079,,,,,,,,,,,
469,66639,,,,,1.3178831338882446,,,,,,,,,,,
469,66649,,,,,1.0939809083938599,,,,,,,,,,,
469,66659,,,,,1.0762447118759155,,,,,,,,,,,
469,66669,,,,,1.2729405164718628,,,,,,,,,,,
469,66679,,,,,1.1441614627838135,,,,,,,,,,,
469,66689,,,,,1.0498090982437134,,,,,,,,,,,
469,66699,,,,,1.0158772468566895,,,,,,,,,,,
469,66709,,,,,1.0476104021072388,,,,,,,,,,,
469,66719,,,,,1.1252974271774292,,,,,,,,,,,
469,66729,,,,,1.0401545763015747,,,,,,,,,,,
469,66739,,,,,0.9799966812133789,,,,,,,,,,,
469,469,,,0.995693027973175,0.6547656059265137,,,0.8974330731523028,0.7884100675582886,,0.8899968266487122,,0.25400131940841675,,3.923237900648798,,0.2831338942050934
469,66739,,,,,,,,,0.8899968266487122,,0.25400131940841675,,3.923238754272461,,0.2831338942050934,
469,469,16.361040893302828,94.45407930779028,,,,,,,,,,,,,,
469,66739,,,,,,1.162576675415039,,,,,,,,,,
470,66749,,,,,1.2024781703948975,,,,,,,,,,,
470,66759,,,,,1.1075634956359863,,,,,,,,,,,
470,66769,,,,,1.3166478872299194,,,,,,,,,,,
470,66779,,,,,1.1598883867263794,,,,,,,,,,,
470,66789,,,,,1.1235666275024414,,,,,,,,,,,
470,66799,,,,,1.096060037612915,,,,,,,,,,,
470,66809,,,,,1.298115849494934,,,,,,,,,,,
470,66819,,,,,1.328330397605896,,,,,,,,,,,
470,66829,,,,,1.3253767490386963,,,,,,,,,,,
470,66839,,,,,1.2968130111694336,,,,,,,,,,,
470,66849,,,,,0.9160417914390564,,,,,,,,,,,
470,66859,,,,,1.1028438806533813,,,,,,,,,,,
470,66869,,,,,1.1091713905334473,,,,,,,,,,,
470,66879,,,,,1.120482087135315,,,,,,,,,,,
470,470,16.331296846206286,94.4621655921292,,,,,,,,,,,,,,
470,66881,,,,,,1.1539326906204224,,,,,,,,,,
471,66889,,,,,1.1404650211334229,,,,,,,,,,,
471,66899,,,,,1.1373910903930664,,,,,,,,,,,
471,66909,,,,,1.0985369682312012,,,,,,,,,,,
471,66919,,,,,1.1490737199783325,,,,,,,,,,,
471,66929,,,,,1.2342796325683594,,,,,,,,,,,
471,66939,,,,,1.1065300703048706,,,,,,,,,,,
471,66949,,,,,1.0755572319030762,,,,,,,,,,,
471,66959,,,,,1.0414413213729858,,,,,,,,,,,
471,66969,,,,,1.3984283208847046,,,,,,,,,,,
471,66979,,,,,1.1627867221832275,,,,,,,,,,,
471,66989,,,,,1.0597704648971558,,,,,,,,,,,
471,66999,,,,,1.1620433330535889,,,,,,,,,,,
471,67009,,,,,1.2526065111160278,,,,,,,,,,,
471,67019,,,,,1.2188210487365723,,,,,,,,,,,
471,471,16.90993819353924,94.47045793025006,,,,,,,,,,,,,,
471,67023,,,,,,1.1522934436798096,,,,,,,,,,
472,67029,,,,,1.1708745956420898,,,,,,,,,,,
472,67039,,,,,1.1362589597702026,,,,,,,,,,,
472,67049,,,,,1.3201899528503418,,,,,,,,,,,
472,67059,,,,,1.0701862573623657,,,,,,,,,,,
472,67069,,,,,0.966948926448822,,,,,,,,,,,
472,67079,,,,,1.21586012840271,,,,,,,,,,,
472,67089,,,,,1.1666730642318726,,,,,,,,,,,
472,67099,,,,,1.1482607126235962,,,,,,,,,,,
472,67109,,,,,1.0505446195602417,,,,,,,,,,,
472,67119,,,,,1.218072533607483,,,,,,,,,,,
472,67129,,,,,1.128530740737915,,,,,,,,,,,
472,67139,,,,,1.1573681831359863,,,,,,,,,,,
472,67149,,,,,1.1069873571395874,,,,,,,,,,,
472,67159,,,,,1.1076374053955078,,,,,,,,,,,
472,472,16.417400264629055,94.4791078139875,,,,,,,,,,,,,,
472,67165,,,,,,1.1469922065734863,,,,,,,,,,
473,67169,,,,,1.0871723890304565,,,,,,,,,,,
473,67179,,,,,1.142809271812439,,,,,,,,,,,
473,67189,,,,,1.1888782978057861,,,,,,,,,,,
473,67199,,,,,1.0864601135253906,,,,,,,,,,,
473,67209,,,,,1.2730276584625244,,,,,,,,,,,
473,67219,,,,,1.321362018585205,,,,,,,,,,,
473,67229,,,,,1.1109799146652222,,,,,,,,,,,
473,67239,,,,,1.0458828210830688,,,,,,,,,,,
473,67249,,,,,1.2158249616622925,,,,,,,,,,,
473,67259,,,,,1.2081382274627686,,,,,,,,,,,
473,67269,,,,,1.089407205581665,,,,,,,,,,,
473,67279,,,,,1.0100818872451782,,,,,,,,,,,
473,67289,,,,,1.1906059980392456,,,,,,,,,,,
473,67299,,,,,1.2389236688613892,,,,,,,,,,,
473,473,17.66673996827331,94.48764230508564,,,,,,,,,,,,,,
473,67307,,,,,,1.1492902040481567,,,,,,,,,,
474,67309,,,,,1.1167268753051758,,,,,,,,,,,
474,67319,,,,,1.1528867483139038,,,,,,,,,,,
474,67329,,,,,1.2208154201507568,,,,,,,,,,,
474,67339,,,,,1.0655937194824219,,,,,,,,,,,
474,67349,,,,,1.300798773765564,,,,,,,,,,,
474,67359,,,,,1.1200735569000244,,,,,,,,,,,
474,67369,,,,,1.2481629848480225,,,,,,,,,,,
474,67379,,,,,1.0476994514465332,,,,,,,,,,,
474,67389,,,,,1.3632296323776245,,,,,,,,,,,
474,67399,,,,,1.0598233938217163,,,,,,,,,,,
474,67409,,,,,1.0805059671401978,,,,,,,,,,,
474,67419,,,,,1.0017327070236206,,,,,,,,,,,
474,67429,,,,,1.3324551582336426,,,,,,,,,,,
474,67439,,,,,1.0573650598526,,,,,,,,,,,
474,67449,,,,,1.240635633468628,,,,,,,,,,,
474,474,15.551734894611757,94.49645413960643,,,,,,,,,,,,,,
474,67449,,,,,,1.1427440643310547,,,,,,,,,,
475,67459,,,,,1.0494641065597534,,,,,,,,,,,
475,67469,,,,,1.2248631715774536,,,,,,,,,,,
475,67479,,,,,1.0537749528884888,,,,,,,,,,,
475,67489,,,,,1.215628743171692,,,,,,,,,,,
475,67499,,,,,1.1089248657226562,,,,,,,,,,,
475,67509,,,,,1.136173963546753,,,,,,,,,,,
475,67519,,,,,1.2458839416503906,,,,,,,,,,,
475,67529,,,,,1.066522479057312,,,,,,,,,,,
475,67539,,,,,0.9408460259437561,,,,,,,,,,,
475,67549,,,,,1.071958303451538,,,,,,,,,,,
475,67559,,,,,1.43450129032135,,,,,,,,,,,
475,67569,,,,,0.9735204577445984,,,,,,,,,,,
475,67579,,,,,1.1845805644989014,,,,,,,,,,,
475,67589,,,,,1.1489542722702026,,,,,,,,,,,
475,475,14.64824852192182,94.50494526895532,,,,,,,,,,,,,,
475,67591,,,,,,1.1367884874343872,,,,,,,,,,
476,67599,,,,,0.9856500029563904,,,,,,,,,,,
476,67609,,,,,1.0032005310058594,,,,,,,,,,,
476,67619,,,,,1.1925126314163208,,,,,,,,,,,
476,67629,,,,,1.111589789390564,,,,,,,,,,,
476,67639,,,,,1.0924729108810425,,,,,,,,,,,
476,67649,,,,,1.1546865701675415,,,,,,,,,,,
476,67659,,,,,1.0563950538635254,,,,,,,,,,,
476,67669,,,,,1.2742159366607666,,,,,,,,,,,
476,67679,,,,,1.2144538164138794,,,,,,,,,,,
476,67689,,,,,1.0993587970733643,,,,,,,,,,,
476,67699,,,,,1.088662028312683,,,,,,,,,,,
476,67709,,,,,1.1157374382019043,,,,,,,,,,,
476,67719,,,,,1.096895456314087,,,,,,,,,,,
476,67729,,,,,1.101078987121582,,,,,,,,,,,
476,476,15.302524372889323,94.51364787226466,,,,,,,,,,,,,,
476,67733,,,,,,1.144616723060608,,,,,,,,,,
477,67739,,,,,1.2831428050994873,,,,,,,,,,,
477,67749,,,,,1.2708477973937988,,,,,,,,,,,
477,67759,,,,,1.2655704021453857,,,,,,,,,,,
477,67769,,,,,1.1622178554534912,,,,,,,,,,,
477,67779,,,,,1.1000877618789673,,,,,,,,,,,
477,67789,,,,,1.338533639907837,,,,,,,,,,,
477,67799,,,,,1.015352725982666,,,,,,,,,,,
477,67809,,,,,1.1537225246429443,,,,,,,,,,,
477,67819,,,,,1.1687588691711426,,,,,,,,,,,
477,67829,,,,,1.1312235593795776,,,,,,,,,,,
477,67839,,,,,1.1827560663223267,,,,,,,,,,,
477,67849,,,,,1.4501656293869019,,,,,,,,,,,
477,67859,,,,,0.9703251719474792,,,,,,,,,,,
477,67869,,,,,1.0591316223144531,,,,,,,,,,,
477,477,15.835306917528136,94.52198738759499,,,,,,,,,,,,,,
477,67875,,,,,,1.1371185779571533,,,,,,,,,,
478,67879,,,,,1.1013818979263306,,,,,,,,,,,
478,67889,,,,,1.189401388168335,,,,,,,,,,,
478,67899,,,,,1.0542422533035278,,,,,,,,,,,
478,67909,,,,,1.042424201965332,,,,,,,,,,,
478,67919,,,,,1.2599256038665771,,,,,,,,,,,
478,67929,,,,,1.142965316772461,,,,,,,,,,,
478,67939,,,,,1.134455680847168,,,,,,,,,,,
478,67949,,,,,1.3005890846252441,,,,,,,,,,,
478,67959,,,,,1.1821075677871704,,,,,,,,,,,
478,67969,,,,,1.1253784894943237,,,,,,,,,,,
478,67979,,,,,1.1687344312667847,,,,,,,,,,,
478,67989,,,,,1.1447666883468628,,,,,,,,,,,
478,67999,,,,,1.1204196214675903,,,,,,,,,,,
478,68009,,,,,1.2411085367202759,,,,,,,,,,,
478,478,17.418166358375057,94.53085987290791,,,,,,,,,,,,,,
478,68017,,,,,,1.1316816806793213,,,,,,,,,,
479,68019,,,,,1.048952579498291,,,,,,,,,,,
479,68029,,,,,1.141326904296875,,,,,,,,,,,
479,68039,,,,,0.9564631581306458,,,,,,,,,,,
479,68049,,,,,1.1105135679244995,,,,,,,,,,,
479,68059,,,,,1.0107693672180176,,,,,,,,,,,
479,68069,,,,,1.0870252847671509,,,,,,,,,,,
479,68079,,,,,1.3367109298706055,,,,,,,,,,,
479,68089,,,,,1.25174880027771,,,,,,,,,,,
479,68099,,,,,1.102094292640686,,,,,,,,,,,
479,68109,,,,,1.2973101139068604,,,,,,,,,,,
479,68119,,,,,1.032204508781433,,,,,,,,,,,
479,68129,,,,,1.21806800365448,,,,,,,,,,,
479,68139,,,,,1.2784286737442017,,,,,,,,,,,
479,68149,,,,,0.980852484703064,,,,,,,,,,,
479,68159,,,,,1.0463546514511108,,,,,,,,,,,
479,479,,,0.9960143566131592,0.6644276976585388,,,0.8619922791534413,0.7992966771125793,,0.889057993888855,,0.2479063719511032,,3.9453229399359957,,0.28632545471191406
479,68159,,,,,,,,,0.889057993888855,,0.2479063719511032,,3.9453234672546387,,0.28632545471191406,
479,479,16.859482914189066,94.53893811749111,,,,,,,,,,,,,,
479,68159,,,,,,1.1363543272018433,,,,,,,,,,
480,68169,,,,,1.3606971502304077,,,,,,,,,,,
480,68179,,,,,1.1020437479019165,,,,,,,,,,,
480,68189,,,,,1.1669394969940186,,,,,,,,,,,
480,68199,,,,,1.094444990158081,,,,,,,,,,,
480,68209,,,,,1.1032278537750244,,,,,,,,,,,
480,68219,,,,,1.0202274322509766,,,,,,,,,,,
480,68229,,,,,1.2684051990509033,,,,,,,,,,,
480,68239,,,,,1.2360509634017944,,,,,,,,,,,
480,68249,,,,,1.2394195795059204,,,,,,,,,,,
480,68259,,,,,1.133944034576416,,,,,,,,,,,
480,68269,,,,,1.1106737852096558,,,,,,,,,,,
480,68279,,,,,1.0106136798858643,,,,,,,,,,,
480,68289,,,,,1.06687331199646,,,,,,,,,,,
480,68299,,,,,1.061094045639038,,,,,,,,,,,
480,480,16.722616382257492,94.547197642037,,,,,,,,,,,,,,
480,68301,,,,,,1.1293057203292847,,,,,,,,,,
481,68309,,,,,1.2316596508026123,,,,,,,,,,,
481,68319,,,,,1.1030842065811157,,,,,,,,,,,
481,68329,,,,,1.19450044631958,,,,,,,,,,,
481,68339,,,,,0.9548901319503784,,,,,,,,,,,
481,68349,,,,,1.070205569267273,,,,,,,,,,,
481,68359,,,,,1.1536940336227417,,,,,,,,,,,
481,68369,,,,,1.128240704536438,,,,,,,,,,,
481,68379,,,,,0.9356521368026733,,,,,,,,,,,
481,68389,,,,,1.3431050777435303,,,,,,,,,,,
481,68399,,,,,1.0857740640640259,,,,,,,,,,,
481,68409,,,,,1.235722303390503,,,,,,,,,,,
481,68419,,,,,1.1742808818817139,,,,,,,,,,,
481,68429,,,,,1.0494378805160522,,,,,,,,,,,
481,68439,,,,,1.1688579320907593,,,,,,,,,,,
481,481,15.165668887525326,94.55605913754361,,,,,,,,,,,,,,
481,68443,,,,,,1.1216566562652588,,,,,,,,,,
482,68449,,,,,1.1787275075912476,,,,,,,,,,,
482,68459,,,,,1.1174743175506592,,,,,,,,,,,
482,68469,,,,,1.161268949508667,,,,,,,,,,,
482,68479,,,,,1.0350333452224731,,,,,,,,,,,
482,68489,,,,,1.2939834594726562,,,,,,,,,,,
482,68499,,,,,1.0193763971328735,,,,,,,,,,,
482,68509,,,,,0.9190798997879028,,,,,,,,,,,
482,68519,,,,,1.0794025659561157,,,,,,,,,,,
482,68529,,,,,1.0464643239974976,,,,,,,,,,,
482,68539,,,,,1.1221593618392944,,,,,,,,,,,
482,68549,,,,,1.389456033706665,,,,,,,,,,,
482,68559,,,,,1.136657953262329,,,,,,,,,,,
482,68569,,,,,0.940923810005188,,,,,,,,,,,
482,68579,,,,,1.3482317924499512,,,,,,,,,,,
482,482,15.377420667157617,94.56399545294805,,,,,,,,,,,,,,
482,68585,,,,,,1.1229854822158813,,,,,,,,,,
483,68589,,,,,1.0775203704833984,,,,,,,,,,,
483,68599,,,,,0.964182436466217,,,,,,,,,,,
483,68609,,,,,1.0788947343826294,,,,,,,,,,,
483,68619,,,,,0.9507874846458435,,,,,,,,,,,
483,68629,,,,,1.1822929382324219,,,,,,,,,,,
483,68639,,,,,1.1666961908340454,,,,,,,,,,,
483,68649,,,,,1.07814621925354,,,,,,,,,,,
483,68659,,,,,1.146515130996704,,,,,,,,,,,
483,68669,,,,,1.1676281690597534,,,,,,,,,,,
483,68679,,,,,1.1437270641326904,,,,,,,,,,,
483,68689,,,,,1.0629429817199707,,,,,,,,,,,
483,68699,,,,,1.07293701171875,,,,,,,,,,,
483,68709,,,,,1.1523970365524292,,,,,,,,,,,
483,68719,,,,,1.0896159410476685,,,,,,,,,,,
483,483,16.61506665939871,94.57219876257166,,,,,,,,,,,,,,
483,68727,,,,,,1.1236828565597534,,,,,,,,,,
484,68729,,,,,0.9911061525344849,,,,,,,,,,,
484,68739,,,,,1.302117109298706,,,,,,,,,,,
484,68749,,,,,1.2815015316009521,,,,,,,,,,,
484,68759,,,,,1.208132266998291,,,,,,,,,,,
484,68769,,,,,1.0803203582763672,,,,,,,,,,,
484,68779,,,,,1.2007145881652832,,,,,,,,,,,
484,68789,,,,,1.2503715753555298,,,,,,,,,,,
484,68799,,,,,1.2021416425704956,,,,,,,,,,,
484,68809,,,,,1.1293219327926636,,,,,,,,,,,
484,68819,,,,,1.1315683126449585,,,,,,,,,,,
484,68829,,,,,1.089274525642395,,,,,,,,,,,
484,68839,,,,,0.9937193989753723,,,,,,,,,,,
484,68849,,,,,1.0615378618240356,,,,,,,,,,,
484,68859,,,,,1.1668918132781982,,,,,,,,,,,
484,68869,,,,,1.1543476581573486,,,,,,,,,,,
484,484,15.741379863277357,94.58069525151208,,,,,,,,,,,,,,
484,68869,,,,,,1.1154069900512695,,,,,,,,,,
485,68879,,,,,1.003455638885498,,,,,,,,,,,
485,68889,,,,,1.037611484527588,,,,,,,,,,,
485,68899,,,,,1.05283784866333,,,,,,,,,,,
485,68909,,,,,1.1443687677383423,,,,,,,,,,,
485,68919,,,,,1.2973902225494385,,,,,,,,,,,
485,68929,,,,,1.0103702545166016,,,,,,,,,,,
485,68939,,,,,1.32774019241333,,,,,,,,,,,
485,68949,,,,,1.126363754272461,,,,,,,,,,,
485,68959,,,,,1.1451724767684937,,,,,,,,,,,
485,68969,,,,,1.0962857007980347,,,,,,,,,,,
485,68979,,,,,1.0759490728378296,,,,,,,,,,,
485,68989,,,,,1.2224526405334473,,,,,,,,,,,
485,68999,,,,,1.2496546506881714,,,,,,,,,,,
485,69009,,,,,1.082096815109253,,,,,,,,,,,
485,485,15.256285954294528,94.5892666979329,,,,,,,,,,,,,,
485,69011,,,,,,1.1138325929641724,,,,,,,,,,
486,69019,,,,,1.0132546424865723,,,,,,,,,,,
486,69029,,,,,1.2012358903884888,,,,,,,,,,,
486,69039,,,,,1.0135356187820435,,,,,,,,,,,
486,69049,,,,,1.0000282526016235,,,,,,,,,,,
486,69059,,,,,1.1763994693756104,,,,,,,,,,,
486,69069,,,,,1.083564043045044,,,,,,,,,,,
486,69079,,,,,0.9987948536872864,,,,,,,,,,,
486,69089,,,,,1.2332744598388672,,,,,,,,,,,
486,69099,,,,,1.1747426986694336,,,,,,,,,,,
486,69109,,,,,0.9015395045280457,,,,,,,,,,,
486,69119,,,,,1.031391978263855,,,,,,,,,,,
486,69129,,,,,1.1043705940246582,,,,,,,,,,,
486,69139,,,,,1.0975005626678467,,,,,,,,,,,
486,69149,,,,,1.1974623203277588,,,,,,,,,,,
486,486,16.234443172738697,94.59783819848676,,,,,,,,,,,,,,
486,69153,,,,,,1.1154835224151611,,,,,,,,,,
487,69159,,,,,1.039503812789917,,,,,,,,,,,
487,69169,,,,,0.9947584271430969,,,,,,,,,,,
487,69179,,,,,0.8240773677825928,,,,,,,,,,,
487,69189,,,,,1.007673740386963,,,,,,,,,,,
487,69199,,,,,1.070285677909851,,,,,,,,,,,
487,69209,,,,,0.9712914824485779,,,,,,,,,,,
487,69219,,,,,1.1236119270324707,,,,,,,,,,,
487,69229,,,,,1.2904224395751953,,,,,,,,,,,
487,69239,,,,,0.9709092974662781,,,,,,,,,,,
487,69249,,,,,1.156224012374878,,,,,,,,,,,
487,69259,,,,,1.0808355808258057,,,,,,,,,,,
487,69269,,,,,1.2342302799224854,,,,,,,,,,,
487,69279,,,,,1.2065902948379517,,,,,,,,,,,
487,69289,,,,,1.0042299032211304,,,,,,,,,,,
487,487,17.768754065278667,94.6063741185316,,,,,,,,,,,,,,
487,69295,,,,,,1.1085118055343628,,,,,,,,,,
488,69299,,,,,1.0815194845199585,,,,,,,,,,,
488,69309,,,,,1.149286150932312,,,,,,,,,,,
488,69319,,,,,1.027504563331604,,,,,,,,,,,
488,69329,,,,,1.0609999895095825,,,,,,,,,,,
488,69339,,,,,0.9163148403167725,,,,,,,,,,,
488,69349,,,,,1.1313166618347168,,,,,,,,,,,
488,69359,,,,,1.1316173076629639,,,,,,,,,,,
488,69369,,,,,0.9901348948478699,,,,,,,,,,,
488,69379,,,,,1.277781367301941,,,,,,,,,,,
488,69389,,,,,1.1237165927886963,,,,,,,,,,,
488,69399,,,,,1.0718106031417847,,,,,,,,,,,
488,69409,,,,,1.0546966791152954,,,,,,,,,,,
488,69419,,,,,1.179608702659607,,,,,,,,,,,
488,69429,,,,,0.9878404140472412,,,,,,,,,,,
488,488,15.225583569263106,94.6146469301499,,,,,,,,,,,,,,
488,69437,,,,,,1.1034950017929077,,,,,,,,,,
489,69439,,,,,1.1725736856460571,,,,,,,,,,,
489,69449,,,,,1.02943754196167,,,,,,,,,,,
489,69459,,,,,1.0772446393966675,,,,,,,,,,,
489,69469,,,,,1.031409740447998,,,,,,,,,,,
489,69479,,,,,1.0735844373703003,,,,,,,,,,,
489,69489,,,,,1.0767799615859985,,,,,,,,,,,
489,69499,,,,,1.1688728332519531,,,,,,,,,,,
489,69509,,,,,1.1454224586486816,,,,,,,,,,,
489,69519,,,,,1.1252689361572266,,,,,,,,,,,
489,69529,,,,,1.2944614887237549,,,,,,,,,,,
489,69539,,,,,1.084871768951416,,,,,,,,,,,
489,69549,,,,,0.912369966506958,,,,,,,,,,,
489,69559,,,,,0.9990180134773254,,,,,,,,,,,
489,69569,,,,,1.165560245513916,,,,,,,,,,,
489,69579,,,,,0.9613259434700012,,,,,,,,,,,
489,489,,,0.9963217973709106,0.6857584714889526,,,0.8319262856291508,0.8121626377105713,,0.8856829404830933,,0.2522277235984802,,4.00413978099823,,0.28111621737480164
489,69579,,,,,,,,,0.8856829404830933,,0.2522277235984802,,4.0041399002075195,,0.28111621737480164,
489,489,15.50616260408828,94.62320286453463,,,,,,,,,,,,,,
489,69579,,,,,,1.0995824337005615,,,,,,,,,,
490,69589,,,,,1.0697728395462036,,,,,,,,,,,
490,69599,,,,,1.0355079174041748,,,,,,,,,,,
490,69609,,,,,0.961190402507782,,,,,,,,,,,
490,69619,,,,,1.0456302165985107,,,,,,,,,,,
490,69629,,,,,1.0393702983856201,,,,,,,,,,,
490,69639,,,,,1.1780011653900146,,,,,,,,,,,
490,69649,,,,,0.974694550037384,,,,,,,,,,,
490,69659,,,,,0.9958193898200989,,,,,,,,,,,
490,69669,,,,,1.199371576309204,,,,,,,,,,,
490,69679,,,,,1.261037826538086,,,,,,,,,,,
490,69689,,,,,1.2538107633590698,,,,,,,,,,,
490,69699,,,,,1.1099975109100342,,,,,,,,,,,
490,69709,,,,,1.150072693824768,,,,,,,,,,,
490,69719,,,,,1.160521149635315,,,,,,,,,,,
490,490,16.57986861484982,94.63166533932129,,,,,,,,,,,,,,
490,69721,,,,,,1.104902982711792,,,,,,,,,,
491,69729,,,,,1.2683254480361938,,,,,,,,,,,
491,69739,,,,,1.0798927545547485,,,,,,,,,,,
491,69749,,,,,1.0740002393722534,,,,,,,,,,,
491,69759,,,,,1.1599243879318237,,,,,,,,,,,
491,69769,,,,,1.0192230939865112,,,,,,,,,,,
491,69779,,,,,1.1652967929840088,,,,,,,,,,,
491,69789,,,,,1.1282739639282227,,,,,,,,,,,
491,69799,,,,,1.0107369422912598,,,,,,,,,,,
491,69809,,,,,1.217604398727417,,,,,,,,,,,
491,69819,,,,,1.1180580854415894,,,,,,,,,,,
491,69829,,,,,1.0221503973007202,,,,,,,,,,,
491,69839,,,,,0.9755204319953918,,,,,,,,,,,
491,69849,,,,,1.2954659461975098,,,,,,,,,,,
491,69859,,,,,1.0214506387710571,,,,,,,,,,,
491,491,16.80636302387955,94.63965837845572,,,,,,,,,,,,,,
491,69863,,,,,,1.1009788513183594,,,,,,,,,,
492,69869,,,,,1.124954342842102,,,,,,,,,,,
492,69879,,,,,1.098624348640442,,,,,,,,,,,
492,69889,,,,,0.9991599917411804,,,,,,,,,,,
492,69899,,,,,1.0428427457809448,,,,,,,,,,,
492,69909,,,,,1.0842878818511963,,,,,,,,,,,
492,69919,,,,,1.102799654006958,,,,,,,,,,,
492,69929,,,,,1.0090563297271729,,,,,,,,,,,
492,69939,,,,,1.1527992486953735,,,,,,,,,,,
492,69949,,,,,1.1638420820236206,,,,,,,,,,,
492,69959,,,,,0.9946317672729492,,,,,,,,,,,
492,69969,,,,,1.0161269903182983,,,,,,,,,,,
492,69979,,,,,1.1512088775634766,,,,,,,,,,,
492,69989,,,,,1.1721934080123901,,,,,,,,,,,
492,69999,,,,,0.9694716930389404,,,,,,,,,,,
492,492,16.75803740504517,94.64819587707791,,,,,,,,,,,,,,
492,70005,,,,,,1.101735234260559,,,,,,,,,,
493,70009,,,,,1.163077712059021,,,,,,,,,,,
493,70019,,,,,1.2134051322937012,,,,,,,,,,,
493,70029,,,,,1.1509759426116943,,,,,,,,,,,
493,70039,,,,,1.275999903678894,,,,,,,,,,,
493,70049,,,,,1.0529682636260986,,,,,,,,,,,
493,70059,,,,,0.8739964365959167,,,,,,,,,,,
493,70069,,,,,1.1977578401565552,,,,,,,,,,,
493,70079,,,,,1.0236929655075073,,,,,,,,,,,
493,70089,,,,,1.1077827215194702,,,,,,,,,,,
493,70099,,,,,1.0817166566848755,,,,,,,,,,,
493,70109,,,,,1.1091989278793335,,,,,,,,,,,
493,70119,,,,,1.0793547630310059,,,,,,,,,,,
493,70129,,,,,1.1383271217346191,,,,,,,,,,,
493,70139,,,,,1.0762965679168701,,,,,,,,,,,
493,493,16.06081497117886,94.65664079681595,,,,,,,,,,,,,,
493,70147,,,,,,1.089687466621399,,,,,,,,,,
494,70149,,,,,0.994696319103241,,,,,,,,,,,
494,70159,,,,,1.1310582160949707,,,,,,,,,,,
494,70169,,,,,0.9723939299583435,,,,,,,,,,,
494,70179,,,,,1.095798373222351,,,,,,,,,,,
494,70189,,,,,1.0349159240722656,,,,,,,,,,,
494,70199,,,,,1.2683532238006592,,,,,,,,,,,
494,70209,,,,,1.1875760555267334,,,,,,,,,,,
494,70219,,,,,1.0978775024414062,,,,,,,,,,,
494,70229,,,,,1.1537295579910278,,,,,,,,,,,
494,70239,,,,,1.1173388957977295,,,,,,,,,,,
494,70249,,,,,1.0349502563476562,,,,,,,,,,,
494,70259,,,,,1.0657908916473389,,,,,,,,,,,
494,70269,,,,,1.0358763933181763,,,,,,,,,,,
494,70279,,,,,0.9145309329032898,,,,,,,,,,,
494,70289,,,,,1.146923542022705,,,,,,,,,,,
494,494,15.929372317755263,94.66527649280185,,,,,,,,,,,,,,
494,70289,,,,,,1.0869195461273193,,,,,,,,,,
495,70299,,,,,0.9407521486282349,,,,,,,,,,,
495,70309,,,,,1.139251947402954,,,,,,,,,,,
495,70319,,,,,1.0986499786376953,,,,,,,,,,,
495,70329,,,,,1.1562650203704834,,,,,,,,,,,
495,70339,,,,,1.2056373357772827,,,,,,,,,,,
495,70349,,,,,1.1039378643035889,,,,,,,,,,,
495,70359,,,,,1.0856869220733643,,,,,,,,,,,
495,70369,,,,,1.32699716091156,,,,,,,,,,,
495,70379,,,,,1.1041922569274902,,,,,,,,,,,
495,70389,,,,,1.2115881443023682,,,,,,,,,,,
495,70399,,,,,1.2190132141113281,,,,,,,,,,,
495,70409,,,,,1.1265636682510376,,,,,,,,,,,
495,70419,,,,,1.303325891494751,,,,,,,,,,,
495,70429,,,,,1.1144939661026,,,,,,,,,,,
495,495,17.23007192504624,94.6739325369471,,,,,,,,,,,,,,
495,70431,,,,,,1.0824599266052246,,,,,,,,,,
496,70439,,,,,0.9287096261978149,,,,,,,,,,,
496,70449,,,,,1.0670486688613892,,,,,,,,,,,
496,70459,,,,,1.2115910053253174,,,,,,,,,,,
496,70469,,,,,1.016875147819519,,,,,,,,,,,
496,70479,,,,,1.0885646343231201,,,,,,,,,,,
496,70489,,,,,0.9854164123535156,,,,,,,,,,,
496,70499,,,,,1.317222237586975,,,,,,,,,,,
496,70509,,,,,1.0197646617889404,,,,,,,,,,,
496,70519,,,,,1.100129246711731,,,,,,,,,,,
496,70529,,,,,1.160595417022705,,,,,,,,,,,
496,70539,,,,,0.9823495149612427,,,,,,,,,,,
496,70549,,,,,1.1045316457748413,,,,,,,,,,,
496,70559,,,,,1.0512478351593018,,,,,,,,,,,
496,70569,,,,,0.8480193614959717,,,,,,,,,,,
496,496,14.549517660875274,94.68244450275722,,,,,,,,,,,,,,
496,70573,,,,,,1.0803322792053223,,,,,,,,,,
497,70579,,,,,0.9614466428756714,,,,,,,,,,,
497,70589,,,,,1.0908814668655396,,,,,,,,,,,
497,70599,,,,,1.1380903720855713,,,,,,,,,,,
497,70609,,,,,0.9242261052131653,,,,,,,,,,,
497,70619,,,,,1.1151905059814453,,,,,,,,,,,
497,70629,,,,,1.154021978378296,,,,,,,,,,,
497,70639,,,,,1.3666877746582031,,,,,,,,,,,
497,70649,,,,,1.2289544343948364,,,,,,,,,,,
497,70659,,,,,1.1223734617233276,,,,,,,,,,,
497,70669,,,,,1.195489525794983,,,,,,,,,,,
497,70679,,,,,1.0478447675704956,,,,,,,,,,,
497,70689,,,,,1.0536645650863647,,,,,,,,,,,
497,70699,,,,,1.1396511793136597,,,,,,,,,,,
497,70709,,,,,1.1058340072631836,,,,,,,,,,,
497,497,17.765981019702657,94.69042877719491,,,,,,,,,,,,,,
497,70715,,,,,,1.079795479774475,,,,,,,,,,
498,70719,,,,,0.9625979661941528,,,,,,,,,,,
498,70729,,,,,1.0113264322280884,,,,,,,,,,,
498,70739,,,,,0.9715704321861267,,,,,,,,,,,
498,70749,,,,,1.0584609508514404,,,,,,,,,,,
498,70759,,,,,1.1805024147033691,,,,,,,,,,,
498,70769,,,,,0.9935426712036133,,,,,,,,,,,
498,70779,,,,,1.462618112564087,,,,,,,,,,,
498,70789,,,,,1.319257140159607,,,,,,,,,,,
498,70799,,,,,0.9679338335990906,,,,,,,,,,,
498,70809,,,,,0.9530779719352722,,,,,,,,,,,
498,70819,,,,,1.1562682390213013,,,,,,,,,,,
498,70829,,,,,1.1173179149627686,,,,,,,,,,,
498,70839,,,,,1.116934895515442,,,,,,,,,,,
498,70849,,,,,0.9681154489517212,,,,,,,,,,,
498,498,16.72256303914658,94.69890020564183,,,,,,,,,,,,,,
498,70857,,,,,,1.0756311416625977,,,,,,,,,,
499,70859,,,,,1.1134743690490723,,,,,,,,,,,
499,70869,,,,,1.0275784730911255,,,,,,,,,,,
499,70879,,,,,1.1976783275604248,,,,,,,,,,,
499,70889,,,,,0.9470658898353577,,,,,,,,,,,
499,70899,,,,,1.1876742839813232,,,,,,,,,,,
499,70909,,,,,1.0865556001663208,,,,,,,,,,,
499,70919,,,,,1.1066133975982666,,,,,,,,,,,
499,70929,,,,,1.0702472925186157,,,,,,,,,,,
499,70939,,,,,1.0299937725067139,,,,,,,,,,,
499,70949,,,,,0.837307870388031,,,,,,,,,,,
499,70959,,,,,1.1846855878829956,,,,,,,,,,,
499,70969,,,,,1.0026116371154785,,,,,,,,,,,
499,70979,,,,,1.1053131818771362,,,,,,,,,,,
499,70989,,,,,1.121124505996704,,,,,,,,,,,
499,70999,,,,,1.1585218906402588,,,,,,,,,,,
499,499,,,0.9965894222259521,0.7008377313613892,,,0.8090655495730129,0.8214337229728699,,0.8886260986328125,,0.26042234897613525,,4.032282447024268,,0.2862010896205902
499,70999,,,,,,,,,0.8886260986328125,,0.26042234897613525,,4.032281875610352,,0.2862010896205902,
499,499,14.641400066874102,94.70757767258971,,,,,,,,,,,,,,
499,70999,,,,,,1.0773191452026367,,,,,,,,,,
