epoch,step,total_grad_norm,total_weight_norm,train_auc_eval,train_f1_eval,train_loss,train_loss_epoch,train_loss_eval,train_map_eval,val_auc,val_auc_eval,val_f1,val_f1_eval,val_loss,val_loss_eval,val_map,val_map_eval
0,0,,,0.4922676086425781,0.022186806425452232,,,6.998433937340405,0.015454888343811035,,0.48220810294151306,,0.02211151458323002,,7.009479175416791,,0.01794550195336342
0,9,,,,,7.515094757080078,,,,,,,,,,,
0,19,,,,,2.8786721229553223,,,,,,,,,,,
0,29,,,,,2.3167572021484375,,,,,,,,,,,
0,39,,,,,2.0172231197357178,,,,,,,,,,,
0,49,,,,,1.7718597650527954,,,,,,,,,,,
0,59,,,,,1.6095703840255737,,,,,,,,,,,
0,69,,,,,1.432125449180603,,,,,,,,,,,
0,79,,,,,1.3465640544891357,,,,,,,,,,,
0,89,,,,,1.2003717422485352,,,,,,,,,,,
0,99,,,,,1.1893755197525024,,,,,,,,,,,
0,109,,,,,1.1229615211486816,,,,,,,,,,,
0,119,,,,,1.0858200788497925,,,,,,,,,,,
0,129,,,,,1.0298840999603271,,,,,,,,,,,
0,139,,,,,1.0411025285720825,,,,,,,,,,,
0,149,,,,,1.0461865663528442,,,,,,,,,,,
0,159,,,,,0.9729852080345154,,,,,,,,,,,
0,169,,,,,1.008874773979187,,,,,,,,,,,
0,179,,,,,0.9712423086166382,,,,,,,,,,,
0,189,,,,,1.0355592966079712,,,,,,,,,,,
0,199,,,,,0.9961116909980774,,,,,,,,,,,
0,209,,,,,0.9928888082504272,,,,,,,,,,,
0,219,,,,,0.9682881832122803,,,,,,,,,,,
0,229,,,,,0.9788607358932495,,,,,,,,,,,
0,239,,,,,1.0806487798690796,,,,,,,,,,,
0,249,,,,,0.9675676822662354,,,,,,,,,,,
0,259,,,,,1.0853615999221802,,,,,,,,,,,
0,269,,,,,1.0064916610717773,,,,,,,,,,,
0,279,,,,,1.0027154684066772,,,,,,,,,,,
0,0,0.4999994617634663,60.62926588935353,,,,,,,,,,,,,,
0,282,,,,,,1.3447976112365723,,,,,,,,,,
1,289,,,,,0.9868472218513489,,,,,,,,,,,
1,299,,,,,0.911222517490387,,,,,,,,,,,
1,309,,,,,1.0052388906478882,,,,,,,,,,,
1,319,,,,,0.9357150793075562,,,,,,,,,,,
1,329,,,,,0.9667455554008484,,,,,,,,,,,
1,339,,,,,0.9358733296394348,,,,,,,,,,,
1,349,,,,,0.9438472986221313,,,,,,,,,,,
1,359,,,,,0.9597731232643127,,,,,,,,,,,
1,369,,,,,0.9134446978569031,,,,,,,,,,,
1,379,,,,,0.977489173412323,,,,,,,,,,,
1,389,,,,,0.9395177960395813,,,,,,,,,,,
1,399,,,,,0.9433189034461975,,,,,,,,,,,
1,409,,,,,0.9612335562705994,,,,,,,,,,,
1,419,,,,,0.9672225713729858,,,,,,,,,,,
1,429,,,,,0.9946159720420837,,,,,,,,,,,
1,439,,,,,0.8924494981765747,,,,,,,,,,,
1,449,,,,,0.9258636832237244,,,,,,,,,,,
1,459,,,,,0.9423721432685852,,,,,,,,,,,
1,469,,,,,0.8966625332832336,,,,,,,,,,,
1,479,,,,,0.9167952537536621,,,,,,,,,,,
1,489,,,,,0.97849440574646,,,,,,,,,,,
1,499,,,,,0.9960119724273682,,,,,,,,,,,
1,509,,,,,0.9103174805641174,,,,,,,,,,,
1,519,,,,,0.8937873244285583,,,,,,,,,,,
1,529,,,,,0.8725559115409851,,,,,,,,,,,
1,539,,,,,0.9279499650001526,,,,,,,,,,,
1,549,,,,,0.9182865619659424,,,,,,,,,,,
1,559,,,,,0.9219175577163696,,,,,,,,,,,
1,1,0.4999993727459252,60.79023902601588,,,,,,,,,,,,,,
1,565,,,,,,0.945267915725708,,,,,,,,,,
2,569,,,,,0.9327462315559387,,,,,,,,,,,
2,579,,,,,0.9630322456359863,,,,,,,,,,,
2,589,,,,,0.800170361995697,,,,,,,,,,,
2,599,,,,,0.9187670946121216,,,,,,,,,,,
2,609,,,,,0.978723406791687,,,,,,,,,,,
2,619,,,,,0.8893967270851135,,,,,,,,,,,
2,629,,,,,0.9002378582954407,,,,,,,,,,,
2,639,,,,,0.8962080478668213,,,,,,,,,,,
2,649,,,,,0.888296902179718,,,,,,,,,,,
2,659,,,,,0.9478781223297119,,,,,,,,,,,
2,669,,,,,0.8771985769271851,,,,,,,,,,,
2,679,,,,,0.8556205034255981,,,,,,,,,,,
2,689,,,,,0.9142745137214661,,,,,,,,,,,
2,699,,,,,0.9358343482017517,,,,,,,,,,,
2,709,,,,,0.89932781457901,,,,,,,,,,,
2,719,,,,,0.8221425414085388,,,,,,,,,,,
2,729,,,,,0.8712753057479858,,,,,,,,,,,
2,739,,,,,0.8787807822227478,,,,,,,,,,,
2,749,,,,,0.875134289264679,,,,,,,,,,,
2,759,,,,,0.8836477994918823,,,,,,,,,,,
2,769,,,,,0.8570423126220703,,,,,,,,,,,
2,779,,,,,0.8794037103652954,,,,,,,,,,,
2,789,,,,,0.9267009496688843,,,,,,,,,,,
2,799,,,,,0.9223940372467041,,,,,,,,,,,
2,809,,,,,0.8869224190711975,,,,,,,,,,,
2,819,,,,,0.9099032878875732,,,,,,,,,,,
2,829,,,,,0.8864960074424744,,,,,,,,,,,
2,839,,,,,0.8063034415245056,,,,,,,,,,,
2,2,0.4999994424044524,60.94891516290465,,,,,,,,,,,,,,
2,848,,,,,,0.8959447741508484,,,,,,,,,,
3,849,,,,,0.9213641285896301,,,,,,,,,,,
3,859,,,,,0.8410499691963196,,,,,,,,,,,
3,869,,,,,0.8653813004493713,,,,,,,,,,,
3,879,,,,,0.9166348576545715,,,,,,,,,,,
3,889,,,,,0.8974785208702087,,,,,,,,,,,
3,899,,,,,0.8569254875183105,,,,,,,,,,,
3,909,,,,,0.8306034803390503,,,,,,,,,,,
3,919,,,,,0.8666336536407471,,,,,,,,,,,
3,929,,,,,0.8037187457084656,,,,,,,,,,,
3,939,,,,,0.8932388424873352,,,,,,,,,,,
3,949,,,,,0.8633813261985779,,,,,,,,,,,
3,959,,,,,0.8434825539588928,,,,,,,,,,,
3,969,,,,,0.8238154053688049,,,,,,,,,,,
3,979,,,,,0.8179761171340942,,,,,,,,,,,
3,989,,,,,0.8014495372772217,,,,,,,,,,,
3,999,,,,,0.9205123782157898,,,,,,,,,,,
3,1009,,,,,0.8771100640296936,,,,,,,,,,,
3,1019,,,,,0.9290934801101685,,,,,,,,,,,
3,1029,,,,,0.8415707945823669,,,,,,,,,,,
3,1039,,,,,0.8233529925346375,,,,,,,,,,,
3,1049,,,,,0.796076238155365,,,,,,,,,,,
3,1059,,,,,0.8397669792175293,,,,,,,,,,,
3,1069,,,,,0.8292276263237,,,,,,,,,,,
3,1079,,,,,0.8096712231636047,,,,,,,,,,,
3,1089,,,,,0.8387653827667236,,,,,,,,,,,
3,1099,,,,,0.882588267326355,,,,,,,,,,,
3,1109,,,,,0.8316234946250916,,,,,,,,,,,
3,1119,,,,,0.8569956421852112,,,,,,,,,,,
3,1129,,,,,0.9049113988876343,,,,,,,,,,,
3,3,0.49999952088005495,61.11737003820304,,,,,,,,,,,,,,
3,1131,,,,,,0.8638313412666321,,,,,,,,,,
4,1139,,,,,0.7919597029685974,,,,,,,,,,,
4,1149,,,,,0.85261070728302,,,,,,,,,,,
4,1159,,,,,0.8539744019508362,,,,,,,,,,,
4,1169,,,,,0.7745339870452881,,,,,,,,,,,
4,1179,,,,,0.8499414324760437,,,,,,,,,,,
4,1189,,,,,0.8838837742805481,,,,,,,,,,,
4,1199,,,,,0.8684348464012146,,,,,,,,,,,
4,1209,,,,,0.9162634015083313,,,,,,,,,,,
4,1219,,,,,0.870103120803833,,,,,,,,,,,
4,1229,,,,,0.7993444204330444,,,,,,,,,,,
4,1239,,,,,0.8064382076263428,,,,,,,,,,,
4,1249,,,,,0.7347599267959595,,,,,,,,,,,
4,1259,,,,,0.844134509563446,,,,,,,,,,,
4,1269,,,,,0.8776358962059021,,,,,,,,,,,
4,1279,,,,,0.8787769675254822,,,,,,,,,,,
4,1289,,,,,0.8792043924331665,,,,,,,,,,,
4,1299,,,,,0.8458681106567383,,,,,,,,,,,
4,1309,,,,,0.8607548475265503,,,,,,,,,,,
4,1319,,,,,0.8800777792930603,,,,,,,,,,,
4,1329,,,,,0.8211389780044556,,,,,,,,,,,
4,1339,,,,,0.7781454920768738,,,,,,,,,,,
4,1349,,,,,0.9260721206665039,,,,,,,,,,,
4,1359,,,,,0.7630462050437927,,,,,,,,,,,
4,1369,,,,,0.8202968835830688,,,,,,,,,,,
4,1379,,,,,0.8136672973632812,,,,,,,,,,,
4,1389,,,,,0.8885400891304016,,,,,,,,,,,
4,1399,,,,,0.7793998718261719,,,,,,,,,,,
4,1409,,,,,0.8238160610198975,,,,,,,,,,,
4,4,0.4999995591083079,61.299439685086284,,,,,,,,,,,,,,
4,1414,,,,,,0.8332892060279846,,,,,,,,,,
5,1419,,,,,0.8488391041755676,,,,,,,,,,,
5,1429,,,,,0.8372659683227539,,,,,,,,,,,
5,1439,,,,,0.8791711330413818,,,,,,,,,,,
5,1449,,,,,0.861556351184845,,,,,,,,,,,
5,1459,,,,,0.866561770439148,,,,,,,,,,,
5,1469,,,,,0.7945724725723267,,,,,,,,,,,
5,1479,,,,,0.8648627996444702,,,,,,,,,,,
5,1489,,,,,0.7319290637969971,,,,,,,,,,,
5,1499,,,,,0.9130012392997742,,,,,,,,,,,
5,1509,,,,,0.8006401062011719,,,,,,,,,,,
5,1519,,,,,0.7751193642616272,,,,,,,,,,,
5,1529,,,,,0.9309456944465637,,,,,,,,,,,
5,1539,,,,,0.7318199872970581,,,,,,,,,,,
5,1549,,,,,0.7460270524024963,,,,,,,,,,,
5,1559,,,,,0.8309149146080017,,,,,,,,,,,
5,1569,,,,,0.7851961851119995,,,,,,,,,,,
5,1579,,,,,0.780841052532196,,,,,,,,,,,
5,1589,,,,,0.836770236492157,,,,,,,,,,,
5,1599,,,,,0.849172055721283,,,,,,,,,,,
5,1609,,,,,0.7697182893753052,,,,,,,,,,,
5,1619,,,,,0.7969619035720825,,,,,,,,,,,
5,1629,,,,,0.7511367797851562,,,,,,,,,,,
5,1639,,,,,0.7431454062461853,,,,,,,,,,,
5,1649,,,,,0.7907139658927917,,,,,,,,,,,
5,1659,,,,,0.7902327179908752,,,,,,,,,,,
5,1669,,,,,0.8087844848632812,,,,,,,,,,,
5,1679,,,,,0.7987726926803589,,,,,,,,,,,
5,1689,,,,,0.8397039771080017,,,,,,,,,,,
5,5,0.49999964342886216,61.471856108231044,,,,,,,,,,,,,,
5,1697,,,,,,0.8076171278953552,,,,,,,,,,
6,1699,,,,,0.8470883369445801,,,,,,,,,,,
6,1709,,,,,0.7915575504302979,,,,,,,,,,,
6,1719,,,,,0.8318024277687073,,,,,,,,,,,
6,1729,,,,,0.8248814940452576,,,,,,,,,,,
6,1739,,,,,0.7724003195762634,,,,,,,,,,,
6,1749,,,,,0.7764441967010498,,,,,,,,,,,
6,1759,,,,,0.7050273418426514,,,,,,,,,,,
6,1769,,,,,0.7652676105499268,,,,,,,,,,,
6,1779,,,,,0.8006888031959534,,,,,,,,,,,
6,1789,,,,,0.7687392830848694,,,,,,,,,,,
6,1799,,,,,0.7038052678108215,,,,,,,,,,,
6,1809,,,,,0.7548619508743286,,,,,,,,,,,
6,1819,,,,,0.767670750617981,,,,,,,,,,,
6,1829,,,,,0.7451185584068298,,,,,,,,,,,
6,1839,,,,,0.829732358455658,,,,,,,,,,,
6,1849,,,,,0.8297850489616394,,,,,,,,,,,
6,1859,,,,,0.8013643622398376,,,,,,,,,,,
6,1869,,,,,0.7671602964401245,,,,,,,,,,,
6,1879,,,,,0.8123787045478821,,,,,,,,,,,
6,1889,,,,,0.7686680555343628,,,,,,,,,,,
6,1899,,,,,0.7798182368278503,,,,,,,,,,,
6,1909,,,,,0.7751275300979614,,,,,,,,,,,
6,1919,,,,,0.7950456738471985,,,,,,,,,,,
6,1929,,,,,0.7975161671638489,,,,,,,,,,,
6,1939,,,,,0.777349054813385,,,,,,,,,,,
6,1949,,,,,0.8084498047828674,,,,,,,,,,,
6,1959,,,,,0.8049079179763794,,,,,,,,,,,
6,1969,,,,,0.7855506539344788,,,,,,,,,,,
6,1979,,,,,0.8750747442245483,,,,,,,,,,,
6,6,0.4999996641988187,61.63512998511118,,,,,,,,,,,,,,
6,1980,,,,,,0.7872607111930847,,,,,,,,,,
7,1989,,,,,0.7909185290336609,,,,,,,,,,,
7,1999,,,,,0.6710951924324036,,,,,,,,,,,
7,2009,,,,,0.7468699216842651,,,,,,,,,,,
7,2019,,,,,0.765306293964386,,,,,,,,,,,
7,2029,,,,,0.850784420967102,,,,,,,,,,,
7,2039,,,,,0.6977806091308594,,,,,,,,,,,
7,2049,,,,,0.8450570702552795,,,,,,,,,,,
7,2059,,,,,0.7829012870788574,,,,,,,,,,,
7,2069,,,,,0.8135501146316528,,,,,,,,,,,
7,2079,,,,,0.7717030048370361,,,,,,,,,,,
7,2089,,,,,0.7668520212173462,,,,,,,,,,,
7,2099,,,,,0.7179583311080933,,,,,,,,,,,
7,2109,,,,,0.8013312816619873,,,,,,,,,,,
7,2119,,,,,0.7643301486968994,,,,,,,,,,,
7,2129,,,,,0.7598145604133606,,,,,,,,,,,
7,2139,,,,,0.7089303135871887,,,,,,,,,,,
7,2149,,,,,0.7642344236373901,,,,,,,,,,,
7,2159,,,,,0.7544616460800171,,,,,,,,,,,
7,2169,,,,,0.7740613222122192,,,,,,,,,,,
7,2179,,,,,0.7177609205245972,,,,,,,,,,,
7,2189,,,,,0.7273268699645996,,,,,,,,,,,
7,2199,,,,,0.8139448165893555,,,,,,,,,,,
7,2209,,,,,0.722215473651886,,,,,,,,,,,
7,2219,,,,,0.8093823790550232,,,,,,,,,,,
7,2229,,,,,0.6885752081871033,,,,,,,,,,,
7,2239,,,,,0.769239604473114,,,,,,,,,,,
7,2249,,,,,0.8265877366065979,,,,,,,,,,,
7,2259,,,,,0.7423257231712341,,,,,,,,,,,
7,7,0.4999996841052854,61.79511910001118,,,,,,,,,,,,,,
7,2263,,,,,,0.7670677900314331,,,,,,,,,,
8,2269,,,,,0.7173371315002441,,,,,,,,,,,
8,2279,,,,,0.7310401797294617,,,,,,,,,,,
8,2289,,,,,0.7914326190948486,,,,,,,,,,,
8,2299,,,,,0.7159909605979919,,,,,,,,,,,
8,2309,,,,,0.7296657562255859,,,,,,,,,,,
8,2319,,,,,0.8759673237800598,,,,,,,,,,,
8,2329,,,,,0.7014589309692383,,,,,,,,,,,
8,2339,,,,,0.8108932971954346,,,,,,,,,,,
8,2349,,,,,0.7921366691589355,,,,,,,,,,,
8,2359,,,,,0.7835447788238525,,,,,,,,,,,
8,2369,,,,,0.723190426826477,,,,,,,,,,,
8,2379,,,,,0.8464778065681458,,,,,,,,,,,
8,2389,,,,,0.7031425833702087,,,,,,,,,,,
8,2399,,,,,0.7468368411064148,,,,,,,,,,,
8,2409,,,,,0.7606715559959412,,,,,,,,,,,
8,2419,,,,,0.744228184223175,,,,,,,,,,,
8,2429,,,,,0.67132568359375,,,,,,,,,,,
8,2439,,,,,0.7689706087112427,,,,,,,,,,,
8,2449,,,,,0.7480321526527405,,,,,,,,,,,
8,2459,,,,,0.696873664855957,,,,,,,,,,,
8,2469,,,,,0.6747913956642151,,,,,,,,,,,
8,2479,,,,,0.7156127095222473,,,,,,,,,,,
8,2489,,,,,0.7198249697685242,,,,,,,,,,,
8,2499,,,,,0.7364402413368225,,,,,,,,,,,
8,2509,,,,,0.7188922166824341,,,,,,,,,,,
8,2519,,,,,0.759687066078186,,,,,,,,,,,
8,2529,,,,,0.7650010585784912,,,,,,,,,,,
8,2539,,,,,0.7874026298522949,,,,,,,,,,,
8,8,0.49999968363229247,61.944982670043494,,,,,,,,,,,,,,
8,2546,,,,,,0.751185417175293,,,,,,,,,,
9,2549,,,,,0.7616640329360962,,,,,,,,,,,
9,2559,,,,,0.6586845517158508,,,,,,,,,,,
9,2569,,,,,0.7833774089813232,,,,,,,,,,,
9,2579,,,,,0.8448182940483093,,,,,,,,,,,
9,2589,,,,,0.7254953384399414,,,,,,,,,,,
9,2599,,,,,0.7087358832359314,,,,,,,,,,,
9,2609,,,,,0.7065902948379517,,,,,,,,,,,
9,2619,,,,,0.7014292478561401,,,,,,,,,,,
9,2629,,,,,0.7456343173980713,,,,,,,,,,,
9,2639,,,,,0.8160272836685181,,,,,,,,,,,
9,2649,,,,,0.7642536759376526,,,,,,,,,,,
9,2659,,,,,0.7485262751579285,,,,,,,,,,,
9,2669,,,,,0.7618367671966553,,,,,,,,,,,
9,2679,,,,,0.741942286491394,,,,,,,,,,,
9,2689,,,,,0.7268837094306946,,,,,,,,,,,
9,2699,,,,,0.7574558258056641,,,,,,,,,,,
9,2709,,,,,0.6590779423713684,,,,,,,,,,,
9,2719,,,,,0.7421417236328125,,,,,,,,,,,
9,2729,,,,,0.8187917470932007,,,,,,,,,,,
9,2739,,,,,0.7283720970153809,,,,,,,,,,,
9,2749,,,,,0.6781536936759949,,,,,,,,,,,
9,2759,,,,,0.7187678217887878,,,,,,,,,,,
9,2769,,,,,0.7597553730010986,,,,,,,,,,,
9,2779,,,,,0.730644941329956,,,,,,,,,,,
9,2789,,,,,0.715423047542572,,,,,,,,,,,
9,2799,,,,,0.689405083656311,,,,,,,,,,,
9,2809,,,,,0.6837521195411682,,,,,,,,,,,
9,2819,,,,,0.7219539284706116,,,,,,,,,,,
9,2829,,,,,0.7138332724571228,,,,,,,,,,,
9,9,,,0.8929893374443054,0.10719381272792816,,,0.6925313233653339,0.1512841135263443,,0.8397302031517029,,0.09537765383720398,,0.7469271764311255,,0.1354736089706421
9,2829,,,,,,,,,0.8397302031517029,,0.09537765383720398,,0.7469271421432495,,0.1354736089706421,
9,9,0.49999971102816176,62.09067037237717,,,,,,,,,,,,,,
9,2829,,,,,,0.7345026731491089,,,,,,,,,,
10,2839,,,,,0.6785484552383423,,,,,,,,,,,
10,2849,,,,,0.7045328617095947,,,,,,,,,,,
10,2859,,,,,0.7260546684265137,,,,,,,,,,,
10,2869,,,,,0.7108792066574097,,,,,,,,,,,
10,2879,,,,,0.6918420791625977,,,,,,,,,,,
10,2889,,,,,0.7423956990242004,,,,,,,,,,,
10,2899,,,,,0.6976461410522461,,,,,,,,,,,
10,2909,,,,,0.7449439764022827,,,,,,,,,,,
10,2919,,,,,0.7309461832046509,,,,,,,,,,,
10,2929,,,,,0.6371563673019409,,,,,,,,,,,
10,2939,,,,,0.7610650658607483,,,,,,,,,,,
10,2949,,,,,0.7337371110916138,,,,,,,,,,,
10,2959,,,,,0.7833831906318665,,,,,,,,,,,
10,2969,,,,,0.7770801782608032,,,,,,,,,,,
10,2979,,,,,0.694318413734436,,,,,,,,,,,
10,2989,,,,,0.7559892535209656,,,,,,,,,,,
10,2999,,,,,0.7309910655021667,,,,,,,,,,,
10,3009,,,,,0.7792980670928955,,,,,,,,,,,
10,3019,,,,,0.7303934693336487,,,,,,,,,,,
10,3029,,,,,0.7176430225372314,,,,,,,,,,,
10,3039,,,,,0.7417988777160645,,,,,,,,,,,
10,3049,,,,,0.6215049624443054,,,,,,,,,,,
10,3059,,,,,0.6653352379798889,,,,,,,,,,,
10,3069,,,,,0.7336817383766174,,,,,,,,,,,
10,3079,,,,,0.7143036127090454,,,,,,,,,,,
10,3089,,,,,0.7366700172424316,,,,,,,,,,,
10,3099,,,,,0.7351124882698059,,,,,,,,,,,
10,3109,,,,,0.7951385378837585,,,,,,,,,,,
10,10,0.49999972040308255,62.22548726128058,,,,,,,,,,,,,,
10,3112,,,,,,0.7193938493728638,,,,,,,,,,
11,3119,,,,,0.7278911471366882,,,,,,,,,,,
11,3129,,,,,0.6454387307167053,,,,,,,,,,,
11,3139,,,,,0.7115209698677063,,,,,,,,,,,
11,3149,,,,,0.6728156805038452,,,,,,,,,,,
11,3159,,,,,0.7095051407814026,,,,,,,,,,,
11,3169,,,,,0.7481260895729065,,,,,,,,,,,
11,3179,,,,,0.6476035118103027,,,,,,,,,,,
11,3189,,,,,0.7539171576499939,,,,,,,,,,,
11,3199,,,,,0.6284682154655457,,,,,,,,,,,
11,3209,,,,,0.7411674857139587,,,,,,,,,,,
11,3219,,,,,0.7905562520027161,,,,,,,,,,,
11,3229,,,,,0.7648246884346008,,,,,,,,,,,
11,3239,,,,,0.6770738363265991,,,,,,,,,,,
11,3249,,,,,0.7136016488075256,,,,,,,,,,,
11,3259,,,,,0.6349610090255737,,,,,,,,,,,
11,3269,,,,,0.6948317289352417,,,,,,,,,,,
11,3279,,,,,0.737366259098053,,,,,,,,,,,
11,3289,,,,,0.7346778512001038,,,,,,,,,,,
11,3299,,,,,0.8021484017372131,,,,,,,,,,,
11,3309,,,,,0.6184324026107788,,,,,,,,,,,
11,3319,,,,,0.6750432848930359,,,,,,,,,,,
11,3329,,,,,0.6595836877822876,,,,,,,,,,,
11,3339,,,,,0.6690133213996887,,,,,,,,,,,
11,3349,,,,,0.6342115998268127,,,,,,,,,,,
11,3359,,,,,0.6972404718399048,,,,,,,,,,,
11,3369,,,,,0.6295648813247681,,,,,,,,,,,
11,3379,,,,,0.7375804781913757,,,,,,,,,,,
11,3389,,,,,0.6384729743003845,,,,,,,,,,,
11,11,0.49999973461866226,62.35870903075476,,,,,,,,,,,,,,
11,3395,,,,,,0.7068288326263428,,,,,,,,,,
12,3399,,,,,0.6869480609893799,,,,,,,,,,,
12,3409,,,,,0.5997068285942078,,,,,,,,,,,
12,3419,,,,,0.7306625247001648,,,,,,,,,,,
12,3429,,,,,0.759539008140564,,,,,,,,,,,
12,3439,,,,,0.7480338215827942,,,,,,,,,,,
12,3449,,,,,0.7893988490104675,,,,,,,,,,,
12,3459,,,,,0.7515669465065002,,,,,,,,,,,
12,3469,,,,,0.747613787651062,,,,,,,,,,,
12,3479,,,,,0.7219365239143372,,,,,,,,,,,
12,3489,,,,,0.7255594730377197,,,,,,,,,,,
12,3499,,,,,0.710587739944458,,,,,,,,,,,
12,3509,,,,,0.6920716762542725,,,,,,,,,,,
12,3519,,,,,0.6659879684448242,,,,,,,,,,,
12,3529,,,,,0.6887748837471008,,,,,,,,,,,
12,3539,,,,,0.6772998571395874,,,,,,,,,,,
12,3549,,,,,0.6253330707550049,,,,,,,,,,,
12,3559,,,,,0.7215877771377563,,,,,,,,,,,
12,3569,,,,,0.6876222491264343,,,,,,,,,,,
12,3579,,,,,0.6690303683280945,,,,,,,,,,,
12,3589,,,,,0.6889039874076843,,,,,,,,,,,
12,3599,,,,,0.7254679799079895,,,,,,,,,,,
12,3609,,,,,0.7106912136077881,,,,,,,,,,,
12,3619,,,,,0.7404665946960449,,,,,,,,,,,
12,3629,,,,,0.7114716172218323,,,,,,,,,,,
12,3639,,,,,0.6685583591461182,,,,,,,,,,,
12,3649,,,,,0.720360279083252,,,,,,,,,,,
12,3659,,,,,0.7143766283988953,,,,,,,,,,,
12,3669,,,,,0.687271237373352,,,,,,,,,,,
12,12,0.4999997435358092,62.485041648004625,,,,,,,,,,,,,,
12,3678,,,,,,0.6944303512573242,,,,,,,,,,
13,3679,,,,,0.667069673538208,,,,,,,,,,,
13,3689,,,,,0.5996610522270203,,,,,,,,,,,
13,3699,,,,,0.7484214901924133,,,,,,,,,,,
13,3709,,,,,0.7416321635246277,,,,,,,,,,,
13,3719,,,,,0.7683495283126831,,,,,,,,,,,
13,3729,,,,,0.6780895590782166,,,,,,,,,,,
13,3739,,,,,0.6448156833648682,,,,,,,,,,,
13,3749,,,,,0.6555087566375732,,,,,,,,,,,
13,3759,,,,,0.594275712966919,,,,,,,,,,,
13,3769,,,,,0.6887429356575012,,,,,,,,,,,
13,3779,,,,,0.6683372259140015,,,,,,,,,,,
13,3789,,,,,0.7138780355453491,,,,,,,,,,,
13,3799,,,,,0.6581121683120728,,,,,,,,,,,
13,3809,,,,,0.6884676814079285,,,,,,,,,,,
13,3819,,,,,0.6316264271736145,,,,,,,,,,,
13,3829,,,,,0.8046767115592957,,,,,,,,,,,
13,3839,,,,,0.6012466549873352,,,,,,,,,,,
13,3849,,,,,0.7039304971694946,,,,,,,,,,,
13,3859,,,,,0.7636712193489075,,,,,,,,,,,
13,3869,,,,,0.6469905376434326,,,,,,,,,,,
13,3879,,,,,0.6764116287231445,,,,,,,,,,,
13,3889,,,,,0.6788108944892883,,,,,,,,,,,
13,3899,,,,,0.6700443625450134,,,,,,,,,,,
13,3909,,,,,0.7222862243652344,,,,,,,,,,,
13,3919,,,,,0.6516056060791016,,,,,,,,,,,
13,3929,,,,,0.7466419339179993,,,,,,,,,,,
13,3939,,,,,0.650751531124115,,,,,,,,,,,
13,3949,,,,,0.7179165482521057,,,,,,,,,,,
13,3959,,,,,0.6626445651054382,,,,,,,,,,,
13,13,0.49999974042135104,62.60641433814338,,,,,,,,,,,,,,
13,3961,,,,,,0.6803103685379028,,,,,,,,,,
14,3969,,,,,0.6965188980102539,,,,,,,,,,,
14,3979,,,,,0.6315300464630127,,,,,,,,,,,
14,3989,,,,,0.685661256313324,,,,,,,,,,,
14,3999,,,,,0.7555784583091736,,,,,,,,,,,
14,4009,,,,,0.5878374576568604,,,,,,,,,,,
14,4019,,,,,0.7332039475440979,,,,,,,,,,,
14,4029,,,,,0.6579029560089111,,,,,,,,,,,
14,4039,,,,,0.6530662178993225,,,,,,,,,,,
14,4049,,,,,0.6365313529968262,,,,,,,,,,,
14,4059,,,,,0.637139618396759,,,,,,,,,,,
14,4069,,,,,0.6661216020584106,,,,,,,,,,,
14,4079,,,,,0.6384074091911316,,,,,,,,,,,
14,4089,,,,,0.6419426202774048,,,,,,,,,,,
14,4099,,,,,0.6527686715126038,,,,,,,,,,,
14,4109,,,,,0.668851912021637,,,,,,,,,,,
14,4119,,,,,0.6555027961730957,,,,,,,,,,,
14,4129,,,,,0.691251277923584,,,,,,,,,,,
14,4139,,,,,0.6061453819274902,,,,,,,,,,,
14,4149,,,,,0.691175639629364,,,,,,,,,,,
14,4159,,,,,0.7224518656730652,,,,,,,,,,,
14,4169,,,,,0.7087674736976624,,,,,,,,,,,
14,4179,,,,,0.671171247959137,,,,,,,,,,,
14,4189,,,,,0.6864284873008728,,,,,,,,,,,
14,4199,,,,,0.6728439331054688,,,,,,,,,,,
14,4209,,,,,0.7135013937950134,,,,,,,,,,,
14,4219,,,,,0.7254390716552734,,,,,,,,,,,
14,4229,,,,,0.5979294180870056,,,,,,,,,,,
14,4239,,,,,0.7056238651275635,,,,,,,,,,,
14,14,0.49999976538875496,62.72662086707992,,,,,,,,,,,,,,
14,4244,,,,,,0.6688191890716553,,,,,,,,,,
15,4249,,,,,0.7188130021095276,,,,,,,,,,,
15,4259,,,,,0.6758028864860535,,,,,,,,,,,
15,4269,,,,,0.6166737079620361,,,,,,,,,,,
15,4279,,,,,0.6475542187690735,,,,,,,,,,,
15,4289,,,,,0.7240356802940369,,,,,,,,,,,
15,4299,,,,,0.6799324750900269,,,,,,,,,,,
15,4309,,,,,0.7310037612915039,,,,,,,,,,,
15,4319,,,,,0.6481733918190002,,,,,,,,,,,
15,4329,,,,,0.6299610733985901,,,,,,,,,,,
15,4339,,,,,0.7040188908576965,,,,,,,,,,,
15,4349,,,,,0.6076318025588989,,,,,,,,,,,
15,4359,,,,,0.7466859221458435,,,,,,,,,,,
15,4369,,,,,0.6720659136772156,,,,,,,,,,,
15,4379,,,,,0.5687615871429443,,,,,,,,,,,
15,4389,,,,,0.6735244989395142,,,,,,,,,,,
15,4399,,,,,0.6905369758605957,,,,,,,,,,,
15,4409,,,,,0.7037728428840637,,,,,,,,,,,
15,4419,,,,,0.6406392455101013,,,,,,,,,,,
15,4429,,,,,0.7052381038665771,,,,,,,,,,,
15,4439,,,,,0.6893893480300903,,,,,,,,,,,
15,4449,,,,,0.6567702293395996,,,,,,,,,,,
15,4459,,,,,0.6746252775192261,,,,,,,,,,,
15,4469,,,,,0.6501076817512512,,,,,,,,,,,
15,4479,,,,,0.6283190846443176,,,,,,,,,,,
15,4489,,,,,0.672607958316803,,,,,,,,,,,
15,4499,,,,,0.7044257521629333,,,,,,,,,,,
15,4509,,,,,0.6311219334602356,,,,,,,,,,,
15,4519,,,,,0.6748881936073303,,,,,,,,,,,
15,15,0.49999978479859547,62.838437396942375,,,,,,,,,,,,,,
15,4527,,,,,,0.6583734154701233,,,,,,,,,,
16,4529,,,,,0.6432347893714905,,,,,,,,,,,
16,4539,,,,,0.7847374081611633,,,,,,,,,,,
16,4549,,,,,0.6263518929481506,,,,,,,,,,,
16,4559,,,,,0.6025096774101257,,,,,,,,,,,
16,4569,,,,,0.6427564024925232,,,,,,,,,,,
16,4579,,,,,0.6077488660812378,,,,,,,,,,,
16,4589,,,,,0.6597535014152527,,,,,,,,,,,
16,4599,,,,,0.6083490252494812,,,,,,,,,,,
16,4609,,,,,0.6759722232818604,,,,,,,,,,,
16,4619,,,,,0.6384216547012329,,,,,,,,,,,
16,4629,,,,,0.6265125870704651,,,,,,,,,,,
16,4639,,,,,0.665793240070343,,,,,,,,,,,
16,4649,,,,,0.565535843372345,,,,,,,,,,,
16,4659,,,,,0.5957880020141602,,,,,,,,,,,
16,4669,,,,,0.680460512638092,,,,,,,,,,,
16,4679,,,,,0.645933985710144,,,,,,,,,,,
16,4689,,,,,0.6703389883041382,,,,,,,,,,,
16,4699,,,,,0.5847899317741394,,,,,,,,,,,
16,4709,,,,,0.6403312087059021,,,,,,,,,,,
16,4719,,,,,0.6916502118110657,,,,,,,,,,,
16,4729,,,,,0.6494320631027222,,,,,,,,,,,
16,4739,,,,,0.6115127205848694,,,,,,,,,,,
16,4749,,,,,0.6750970482826233,,,,,,,,,,,
16,4759,,,,,0.6205536127090454,,,,,,,,,,,
16,4769,,,,,0.6349563002586365,,,,,,,,,,,
16,4779,,,,,0.661720335483551,,,,,,,,,,,
16,4789,,,,,0.6883987188339233,,,,,,,,,,,
16,4799,,,,,0.6719577312469482,,,,,,,,,,,
16,4809,,,,,0.5975747108459473,,,,,,,,,,,
16,16,0.49999979373754255,62.94812693478222,,,,,,,,,,,,,,
16,4810,,,,,,0.6464608907699585,,,,,,,,,,
17,4819,,,,,0.6542266011238098,,,,,,,,,,,
17,4829,,,,,0.6753556728363037,,,,,,,,,,,
17,4839,,,,,0.7182632684707642,,,,,,,,,,,
17,4849,,,,,0.6565182209014893,,,,,,,,,,,
17,4859,,,,,0.6101999282836914,,,,,,,,,,,
17,4869,,,,,0.6062490940093994,,,,,,,,,,,
17,4879,,,,,0.6644636988639832,,,,,,,,,,,
17,4889,,,,,0.6420566439628601,,,,,,,,,,,
17,4899,,,,,0.6168212890625,,,,,,,,,,,
17,4909,,,,,0.6102965474128723,,,,,,,,,,,
17,4919,,,,,0.6290965676307678,,,,,,,,,,,
17,4929,,,,,0.6641709804534912,,,,,,,,,,,
17,4939,,,,,0.658028244972229,,,,,,,,,,,
17,4949,,,,,0.6100273132324219,,,,,,,,,,,
17,4959,,,,,0.711026132106781,,,,,,,,,,,
17,4969,,,,,0.651674211025238,,,,,,,,,,,
17,4979,,,,,0.7100759148597717,,,,,,,,,,,
17,4989,,,,,0.5771589875221252,,,,,,,,,,,
17,4999,,,,,0.6672789454460144,,,,,,,,,,,
17,5009,,,,,0.6070933938026428,,,,,,,,,,,
17,5019,,,,,0.590658962726593,,,,,,,,,,,
17,5029,,,,,0.6327086091041565,,,,,,,,,,,
17,5039,,,,,0.6133702397346497,,,,,,,,,,,
17,5049,,,,,0.5801968574523926,,,,,,,,,,,
17,5059,,,,,0.664727509021759,,,,,,,,,,,
17,5069,,,,,0.6638280749320984,,,,,,,,,,,
17,5079,,,,,0.6660900115966797,,,,,,,,,,,
17,5089,,,,,0.6378254890441895,,,,,,,,,,,
17,17,0.49999979782696746,63.05044737961592,,,,,,,,,,,,,,
17,5093,,,,,,0.6363046765327454,,,,,,,,,,
18,5099,,,,,0.676142156124115,,,,,,,,,,,
18,5109,,,,,0.5718690752983093,,,,,,,,,,,
18,5119,,,,,0.6476722955703735,,,,,,,,,,,
18,5129,,,,,0.6381760239601135,,,,,,,,,,,
18,5139,,,,,0.5933496952056885,,,,,,,,,,,
18,5149,,,,,0.6308964490890503,,,,,,,,,,,
18,5159,,,,,0.6439182758331299,,,,,,,,,,,
18,5169,,,,,0.6827834844589233,,,,,,,,,,,
18,5179,,,,,0.5884522199630737,,,,,,,,,,,
18,5189,,,,,0.6369824409484863,,,,,,,,,,,
18,5199,,,,,0.5559993982315063,,,,,,,,,,,
18,5209,,,,,0.6772119402885437,,,,,,,,,,,
18,5219,,,,,0.571886420249939,,,,,,,,,,,
18,5229,,,,,0.6589956879615784,,,,,,,,,,,
18,5239,,,,,0.6163419485092163,,,,,,,,,,,
18,5249,,,,,0.6326217651367188,,,,,,,,,,,
18,5259,,,,,0.6604393124580383,,,,,,,,,,,
18,5269,,,,,0.6584792137145996,,,,,,,,,,,
18,5279,,,,,0.66839200258255,,,,,,,,,,,
18,5289,,,,,0.606533408164978,,,,,,,,,,,
18,5299,,,,,0.6658267974853516,,,,,,,,,,,
18,5309,,,,,0.5979276895523071,,,,,,,,,,,
18,5319,,,,,0.6539542078971863,,,,,,,,,,,
18,5329,,,,,0.685416042804718,,,,,,,,,,,
18,5339,,,,,0.7016834616661072,,,,,,,,,,,
18,5349,,,,,0.5803948640823364,,,,,,,,,,,
18,5359,,,,,0.6622985005378723,,,,,,,,,,,
18,5369,,,,,0.6243003606796265,,,,,,,,,,,
18,18,0.4999998011667574,63.14783077495478,,,,,,,,,,,,,,
18,5376,,,,,,0.625066876411438,,,,,,,,,,
19,5379,,,,,0.638491153717041,,,,,,,,,,,
19,5389,,,,,0.5583168864250183,,,,,,,,,,,
19,5399,,,,,0.6396704912185669,,,,,,,,,,,
19,5409,,,,,0.513154149055481,,,,,,,,,,,
19,5419,,,,,0.6033607125282288,,,,,,,,,,,
19,5429,,,,,0.6077122688293457,,,,,,,,,,,
19,5439,,,,,0.6073217391967773,,,,,,,,,,,
19,5449,,,,,0.5854076743125916,,,,,,,,,,,
19,5459,,,,,0.6641470193862915,,,,,,,,,,,
19,5469,,,,,0.6156929135322571,,,,,,,,,,,
19,5479,,,,,0.5939780473709106,,,,,,,,,,,
19,5489,,,,,0.5789656043052673,,,,,,,,,,,
19,5499,,,,,0.5477842688560486,,,,,,,,,,,
19,5509,,,,,0.6479899287223816,,,,,,,,,,,
19,5519,,,,,0.606773853302002,,,,,,,,,,,
19,5529,,,,,0.5881713628768921,,,,,,,,,,,
19,5539,,,,,0.6129170060157776,,,,,,,,,,,
19,5549,,,,,0.6507715582847595,,,,,,,,,,,
19,5559,,,,,0.6379415988922119,,,,,,,,,,,
19,5569,,,,,0.6376182436943054,,,,,,,,,,,
19,5579,,,,,0.6117174625396729,,,,,,,,,,,
19,5589,,,,,0.6567956209182739,,,,,,,,,,,
19,5599,,,,,0.6612740755081177,,,,,,,,,,,
19,5609,,,,,0.6471624970436096,,,,,,,,,,,
19,5619,,,,,0.6563976407051086,,,,,,,,,,,
19,5629,,,,,0.5703538656234741,,,,,,,,,,,
19,5639,,,,,0.6346461772918701,,,,,,,,,,,
19,5649,,,,,0.6471858620643616,,,,,,,,,,,
19,5659,,,,,0.5943011045455933,,,,,,,,,,,
19,19,,,0.9393329620361328,0.18914371728897095,,,0.5799431474727574,0.24539116024971008,,0.8637667894363403,,0.1436213105916977,,0.7152011506259441,,0.17384135723114014
19,5659,,,,,,,,,0.8637667894363403,,0.1436213105916977,,0.7152011394500732,,0.17384135723114014,
19,19,0.49999980560967294,63.24144163225977,,,,,,,,,,,,,,
19,5659,,,,,,0.6159326434135437,,,,,,,,,,
20,5669,,,,,0.6002733111381531,,,,,,,,,,,
20,5679,,,,,0.5839002132415771,,,,,,,,,,,
20,5689,,,,,0.6693464517593384,,,,,,,,,,,
20,5699,,,,,0.6030212640762329,,,,,,,,,,,
20,5709,,,,,0.59452223777771,,,,,,,,,,,
20,5719,,,,,0.5966109037399292,,,,,,,,,,,
20,5729,,,,,0.5487948060035706,,,,,,,,,,,
20,5739,,,,,0.6001195907592773,,,,,,,,,,,
20,5749,,,,,0.6263338327407837,,,,,,,,,,,
20,5759,,,,,0.5231373906135559,,,,,,,,,,,
20,5769,,,,,0.622858464717865,,,,,,,,,,,
20,5779,,,,,0.6137236952781677,,,,,,,,,,,
20,5789,,,,,0.653150737285614,,,,,,,,,,,
20,5799,,,,,0.6214027404785156,,,,,,,,,,,
20,5809,,,,,0.6465852856636047,,,,,,,,,,,
20,5819,,,,,0.6571246385574341,,,,,,,,,,,
20,5829,,,,,0.5738584995269775,,,,,,,,,,,
20,5839,,,,,0.569455087184906,,,,,,,,,,,
20,5849,,,,,0.5916684865951538,,,,,,,,,,,
20,5859,,,,,0.6075301170349121,,,,,,,,,,,
20,5869,,,,,0.6694262623786926,,,,,,,,,,,
20,5879,,,,,0.6118011474609375,,,,,,,,,,,
20,5889,,,,,0.6294135451316833,,,,,,,,,,,
20,5899,,,,,0.5887494683265686,,,,,,,,,,,
20,5909,,,,,0.5478038191795349,,,,,,,,,,,
20,5919,,,,,0.6226179003715515,,,,,,,,,,,
20,5929,,,,,0.5483347177505493,,,,,,,,,,,
20,5939,,,,,0.6444718837738037,,,,,,,,,,,
20,20,0.49999980766313734,63.33236926293983,,,,,,,,,,,,,,
20,5942,,,,,,0.6082879304885864,,,,,,,,,,
21,5949,,,,,0.6065153479576111,,,,,,,,,,,
21,5959,,,,,0.4681399464607239,,,,,,,,,,,
21,5969,,,,,0.6632246971130371,,,,,,,,,,,
21,5979,,,,,0.6023072600364685,,,,,,,,,,,
21,5989,,,,,0.6064485311508179,,,,,,,,,,,
21,5999,,,,,0.6089487075805664,,,,,,,,,,,
21,6009,,,,,0.6446108222007751,,,,,,,,,,,
21,6019,,,,,0.5867245197296143,,,,,,,,,,,
21,6029,,,,,0.54282146692276,,,,,,,,,,,
21,6039,,,,,0.5828273892402649,,,,,,,,,,,
21,6049,,,,,0.5832329392433167,,,,,,,,,,,
21,6059,,,,,0.640182375907898,,,,,,,,,,,
21,6069,,,,,0.6365670561790466,,,,,,,,,,,
21,6079,,,,,0.6273848414421082,,,,,,,,,,,
21,6089,,,,,0.5718889832496643,,,,,,,,,,,
21,6099,,,,,0.5878303647041321,,,,,,,,,,,
21,6109,,,,,0.5603942275047302,,,,,,,,,,,
21,6119,,,,,0.595140814781189,,,,,,,,,,,
21,6129,,,,,0.5796414613723755,,,,,,,,,,,
21,6139,,,,,0.60756516456604,,,,,,,,,,,
21,6149,,,,,0.6390373110771179,,,,,,,,,,,
21,6159,,,,,0.5683958530426025,,,,,,,,,,,
21,6169,,,,,0.5591235160827637,,,,,,,,,,,
21,6179,,,,,0.5749280452728271,,,,,,,,,,,
21,6189,,,,,0.567278265953064,,,,,,,,,,,
21,6199,,,,,0.5878705978393555,,,,,,,,,,,
21,6209,,,,,0.6204870343208313,,,,,,,,,,,
21,6219,,,,,0.608925998210907,,,,,,,,,,,
21,21,0.49999980977675923,63.41754622406556,,,,,,,,,,,,,,
21,6225,,,,,,0.5989366769790649,,,,,,,,,,
22,6229,,,,,0.575704038143158,,,,,,,,,,,
22,6239,,,,,0.6496846675872803,,,,,,,,,,,
22,6249,,,,,0.5512191653251648,,,,,,,,,,,
22,6259,,,,,0.5433585047721863,,,,,,,,,,,
22,6269,,,,,0.5766012072563171,,,,,,,,,,,
22,6279,,,,,0.583450198173523,,,,,,,,,,,
22,6289,,,,,0.6667474508285522,,,,,,,,,,,
22,6299,,,,,0.5615530014038086,,,,,,,,,,,
22,6309,,,,,0.5687795281410217,,,,,,,,,,,
22,6319,,,,,0.6137039661407471,,,,,,,,,,,
22,6329,,,,,0.5371334552764893,,,,,,,,,,,
22,6339,,,,,0.6230348348617554,,,,,,,,,,,
22,6349,,,,,0.6179834604263306,,,,,,,,,,,
22,6359,,,,,0.6486673951148987,,,,,,,,,,,
22,6369,,,,,0.5721599459648132,,,,,,,,,,,
22,6379,,,,,0.5952187776565552,,,,,,,,,,,
22,6389,,,,,0.5596449375152588,,,,,,,,,,,
22,6399,,,,,0.5798093676567078,,,,,,,,,,,
22,6409,,,,,0.5296362042427063,,,,,,,,,,,
22,6419,,,,,0.5947748422622681,,,,,,,,,,,
22,6429,,,,,0.551268994808197,,,,,,,,,,,
22,6439,,,,,0.5998558402061462,,,,,,,,,,,
22,6449,,,,,0.6455317139625549,,,,,,,,,,,
22,6459,,,,,0.6187818646430969,,,,,,,,,,,
22,6469,,,,,0.5901719331741333,,,,,,,,,,,
22,6479,,,,,0.5643900632858276,,,,,,,,,,,
22,6489,,,,,0.6729627251625061,,,,,,,,,,,
22,6499,,,,,0.6318650245666504,,,,,,,,,,,
22,22,0.49999984006133247,63.497770052101174,,,,,,,,,,,,,,
22,6508,,,,,,0.5889140367507935,,,,,,,,,,
23,6509,,,,,0.5056867003440857,,,,,,,,,,,
23,6519,,,,,0.5930449962615967,,,,,,,,,,,
23,6529,,,,,0.5826031565666199,,,,,,,,,,,
23,6539,,,,,0.5466909408569336,,,,,,,,,,,
23,6549,,,,,0.5707026720046997,,,,,,,,,,,
23,6559,,,,,0.4918364882469177,,,,,,,,,,,
23,6569,,,,,0.5305099487304688,,,,,,,,,,,
23,6579,,,,,0.5502403378486633,,,,,,,,,,,
23,6589,,,,,0.6314206123352051,,,,,,,,,,,
23,6599,,,,,0.6377837657928467,,,,,,,,,,,
23,6609,,,,,0.5462727546691895,,,,,,,,,,,
23,6619,,,,,0.5937665700912476,,,,,,,,,,,
23,6629,,,,,0.5786963105201721,,,,,,,,,,,
23,6639,,,,,0.5168465375900269,,,,,,,,,,,
23,6649,,,,,0.5139387249946594,,,,,,,,,,,
23,6659,,,,,0.5808944702148438,,,,,,,,,,,
23,6669,,,,,0.6095840930938721,,,,,,,,,,,
23,6679,,,,,0.5275489687919617,,,,,,,,,,,
23,6689,,,,,0.5634924173355103,,,,,,,,,,,
23,6699,,,,,0.5905459523200989,,,,,,,,,,,
23,6709,,,,,0.5159488916397095,,,,,,,,,,,
23,6719,,,,,0.5877062678337097,,,,,,,,,,,
23,6729,,,,,0.5958383083343506,,,,,,,,,,,
23,6739,,,,,0.6850402355194092,,,,,,,,,,,
23,6749,,,,,0.6099828481674194,,,,,,,,,,,
23,6759,,,,,0.560536801815033,,,,,,,,,,,
23,6769,,,,,0.5111520290374756,,,,,,,,,,,
23,6779,,,,,0.6037505269050598,,,,,,,,,,,
23,6789,,,,,0.5672777891159058,,,,,,,,,,,
23,23,0.4999998272609465,63.57006208341689,,,,,,,,,,,,,,
23,6791,,,,,,0.5807870030403137,,,,,,,,,,
24,6799,,,,,0.4739799499511719,,,,,,,,,,,
24,6809,,,,,0.6107776761054993,,,,,,,,,,,
24,6819,,,,,0.5737548470497131,,,,,,,,,,,
24,6829,,,,,0.4910449683666229,,,,,,,,,,,
24,6839,,,,,0.5996212363243103,,,,,,,,,,,
24,6849,,,,,0.5430155992507935,,,,,,,,,,,
24,6859,,,,,0.5926681756973267,,,,,,,,,,,
24,6869,,,,,0.5546802282333374,,,,,,,,,,,
24,6879,,,,,0.5601463317871094,,,,,,,,,,,
24,6889,,,,,0.5718731880187988,,,,,,,,,,,
24,6899,,,,,0.5771197080612183,,,,,,,,,,,
24,6909,,,,,0.5893335938453674,,,,,,,,,,,
24,6919,,,,,0.5621924996376038,,,,,,,,,,,
24,6929,,,,,0.6148271560668945,,,,,,,,,,,
24,6939,,,,,0.6529664993286133,,,,,,,,,,,
24,6949,,,,,0.6384557485580444,,,,,,,,,,,
24,6959,,,,,0.5887523889541626,,,,,,,,,,,
24,6969,,,,,0.5820024609565735,,,,,,,,,,,
24,6979,,,,,0.5704748630523682,,,,,,,,,,,
24,6989,,,,,0.5379117131233215,,,,,,,,,,,
24,6999,,,,,0.5758013129234314,,,,,,,,,,,
24,7009,,,,,0.518049955368042,,,,,,,,,,,
24,7019,,,,,0.5093346834182739,,,,,,,,,,,
24,7029,,,,,0.5560073256492615,,,,,,,,,,,
24,7039,,,,,0.5970631837844849,,,,,,,,,,,
24,7049,,,,,0.5533164143562317,,,,,,,,,,,
24,7059,,,,,0.6117498278617859,,,,,,,,,,,
24,7069,,,,,0.6627272963523865,,,,,,,,,,,
24,24,0.49999982546840466,63.63943477430211,,,,,,,,,,,,,,
24,7074,,,,,,0.5722225904464722,,,,,,,,,,
25,7079,,,,,0.5265414714813232,,,,,,,,,,,
25,7089,,,,,0.5476464033126831,,,,,,,,,,,
25,7099,,,,,0.591851532459259,,,,,,,,,,,
25,7109,,,,,0.5395750999450684,,,,,,,,,,,
25,7119,,,,,0.5385205745697021,,,,,,,,,,,
25,7129,,,,,0.6206392645835876,,,,,,,,,,,
25,7139,,,,,0.5698780417442322,,,,,,,,,,,
25,7149,,,,,0.6022977232933044,,,,,,,,,,,
25,7159,,,,,0.5681775808334351,,,,,,,,,,,
25,7169,,,,,0.5471072196960449,,,,,,,,,,,
25,7179,,,,,0.5513167977333069,,,,,,,,,,,
25,7189,,,,,0.5444247722625732,,,,,,,,,,,
25,7199,,,,,0.5831575989723206,,,,,,,,,,,
25,7209,,,,,0.5199041962623596,,,,,,,,,,,
25,7219,,,,,0.5772091746330261,,,,,,,,,,,
25,7229,,,,,0.5314472913742065,,,,,,,,,,,
25,7239,,,,,0.563604474067688,,,,,,,,,,,
25,7249,,,,,0.5446763038635254,,,,,,,,,,,
25,7259,,,,,0.5672509074211121,,,,,,,,,,,
25,7269,,,,,0.5441663265228271,,,,,,,,,,,
25,7279,,,,,0.4744168221950531,,,,,,,,,,,
25,7289,,,,,0.4828539192676544,,,,,,,,,,,
25,7299,,,,,0.5770140290260315,,,,,,,,,,,
25,7309,,,,,0.5978111624717712,,,,,,,,,,,
25,7319,,,,,0.668806254863739,,,,,,,,,,,
25,7329,,,,,0.5205063223838806,,,,,,,,,,,
25,7339,,,,,0.5703850984573364,,,,,,,,,,,
25,7349,,,,,0.4989676773548126,,,,,,,,,,,
25,25,0.4999998396030586,63.704231137797606,,,,,,,,,,,,,,
25,7357,,,,,,0.5646901726722717,,,,,,,,,,
26,7359,,,,,0.5427603125572205,,,,,,,,,,,
26,7369,,,,,0.551262378692627,,,,,,,,,,,
26,7379,,,,,0.5485289692878723,,,,,,,,,,,
26,7389,,,,,0.4947074055671692,,,,,,,,,,,
26,7399,,,,,0.6007732152938843,,,,,,,,,,,
26,7409,,,,,0.6068044900894165,,,,,,,,,,,
26,7419,,,,,0.4976024627685547,,,,,,,,,,,
26,7429,,,,,0.5810807347297668,,,,,,,,,,,
26,7439,,,,,0.6050415635108948,,,,,,,,,,,
26,7449,,,,,0.5522641539573669,,,,,,,,,,,
26,7459,,,,,0.5331490635871887,,,,,,,,,,,
26,7469,,,,,0.5604762434959412,,,,,,,,,,,
26,7479,,,,,0.5097167491912842,,,,,,,,,,,
26,7489,,,,,0.5407599210739136,,,,,,,,,,,
26,7499,,,,,0.5252470374107361,,,,,,,,,,,
26,7509,,,,,0.5697874426841736,,,,,,,,,,,
26,7519,,,,,0.5070598721504211,,,,,,,,,,,
26,7529,,,,,0.5982288718223572,,,,,,,,,,,
26,7539,,,,,0.5203609466552734,,,,,,,,,,,
26,7549,,,,,0.5107201933860779,,,,,,,,,,,
26,7559,,,,,0.583077073097229,,,,,,,,,,,
26,7569,,,,,0.542256772518158,,,,,,,,,,,
26,7579,,,,,0.566866397857666,,,,,,,,,,,
26,7589,,,,,0.5231830477714539,,,,,,,,,,,
26,7599,,,,,0.4991469085216522,,,,,,,,,,,
26,7609,,,,,0.5574990510940552,,,,,,,,,,,
26,7619,,,,,0.5796126127243042,,,,,,,,,,,
26,7629,,,,,0.5448442101478577,,,,,,,,,,,
26,7639,,,,,0.5344611406326294,,,,,,,,,,,
26,26,0.4999998394369853,63.76478524645396,,,,,,,,,,,,,,
26,7640,,,,,,0.5561352372169495,,,,,,,,,,
27,7649,,,,,0.47843068838119507,,,,,,,,,,,
27,7659,,,,,0.4955948293209076,,,,,,,,,,,
27,7669,,,,,0.5504891872406006,,,,,,,,,,,
27,7679,,,,,0.5917366147041321,,,,,,,,,,,
27,7689,,,,,0.5628796219825745,,,,,,,,,,,
27,7699,,,,,0.5427621603012085,,,,,,,,,,,
27,7709,,,,,0.5873354077339172,,,,,,,,,,,
27,7719,,,,,0.4918200373649597,,,,,,,,,,,
27,7729,,,,,0.5847813487052917,,,,,,,,,,,
27,7739,,,,,0.5560880899429321,,,,,,,,,,,
27,7749,,,,,0.6012278199195862,,,,,,,,,,,
27,7759,,,,,0.5369086265563965,,,,,,,,,,,
27,7769,,,,,0.5489915013313293,,,,,,,,,,,
27,7779,,,,,0.551271378993988,,,,,,,,,,,
27,7789,,,,,0.5399131774902344,,,,,,,,,,,
27,7799,,,,,0.5619572997093201,,,,,,,,,,,
27,7809,,,,,0.5801146626472473,,,,,,,,,,,
27,7819,,,,,0.5647755861282349,,,,,,,,,,,
27,7829,,,,,0.48811450600624084,,,,,,,,,,,
27,7839,,,,,0.5184905529022217,,,,,,,,,,,
27,7849,,,,,0.6235842704772949,,,,,,,,,,,
27,7859,,,,,0.5542545914649963,,,,,,,,,,,
27,7869,,,,,0.4767305552959442,,,,,,,,,,,
27,7879,,,,,0.5376580953598022,,,,,,,,,,,
27,7889,,,,,0.501928985118866,,,,,,,,,,,
27,7899,,,,,0.5047736763954163,,,,,,,,,,,
27,7909,,,,,0.5583441853523254,,,,,,,,,,,
27,7919,,,,,0.5109246969223022,,,,,,,,,,,
27,27,0.4999998517142305,63.820778033491955,,,,,,,,,,,,,,
27,7923,,,,,,0.5480667352676392,,,,,,,,,,
28,7929,,,,,0.5587571859359741,,,,,,,,,,,
28,7939,,,,,0.5446407794952393,,,,,,,,,,,
28,7949,,,,,0.5430823564529419,,,,,,,,,,,
28,7959,,,,,0.602307140827179,,,,,,,,,,,
28,7969,,,,,0.520639955997467,,,,,,,,,,,
28,7979,,,,,0.5489947199821472,,,,,,,,,,,
28,7989,,,,,0.5867757797241211,,,,,,,,,,,
28,7999,,,,,0.5518459677696228,,,,,,,,,,,
28,8009,,,,,0.5618643760681152,,,,,,,,,,,
28,8019,,,,,0.5358061790466309,,,,,,,,,,,
28,8029,,,,,0.5404731631278992,,,,,,,,,,,
28,8039,,,,,0.5220946669578552,,,,,,,,,,,
28,8049,,,,,0.5424818992614746,,,,,,,,,,,
28,8059,,,,,0.5371130108833313,,,,,,,,,,,
28,8069,,,,,0.5369781851768494,,,,,,,,,,,
28,8079,,,,,0.525314450263977,,,,,,,,,,,
28,8089,,,,,0.5252622961997986,,,,,,,,,,,
28,8099,,,,,0.5323469638824463,,,,,,,,,,,
28,8109,,,,,0.52393639087677,,,,,,,,,,,
28,8119,,,,,0.5077987909317017,,,,,,,,,,,
28,8129,,,,,0.5457721948623657,,,,,,,,,,,
28,8139,,,,,0.4986623227596283,,,,,,,,,,,
28,8149,,,,,0.543121874332428,,,,,,,,,,,
28,8159,,,,,0.5122967958450317,,,,,,,,,,,
28,8169,,,,,0.5785454511642456,,,,,,,,,,,
28,8179,,,,,0.6058987975120544,,,,,,,,,,,
28,8189,,,,,0.5390508770942688,,,,,,,,,,,
28,8199,,,,,0.5392711758613586,,,,,,,,,,,
28,28,0.49999986384965406,63.87479678506468,,,,,,,,,,,,,,
28,8206,,,,,,0.5403359532356262,,,,,,,,,,
29,8209,,,,,0.5359809994697571,,,,,,,,,,,
29,8219,,,,,0.5634140372276306,,,,,,,,,,,
29,8229,,,,,0.5497271418571472,,,,,,,,,,,
29,8239,,,,,0.512198269367218,,,,,,,,,,,
29,8249,,,,,0.6052051782608032,,,,,,,,,,,
29,8259,,,,,0.4561532437801361,,,,,,,,,,,
29,8269,,,,,0.5194438099861145,,,,,,,,,,,
29,8279,,,,,0.5230066776275635,,,,,,,,,,,
29,8289,,,,,0.4888865649700165,,,,,,,,,,,
29,8299,,,,,0.6049715280532837,,,,,,,,,,,
29,8309,,,,,0.5917658805847168,,,,,,,,,,,
29,8319,,,,,0.5233443379402161,,,,,,,,,,,
29,8329,,,,,0.5513619184494019,,,,,,,,,,,
29,8339,,,,,0.5993494391441345,,,,,,,,,,,
29,8349,,,,,0.514126181602478,,,,,,,,,,,
29,8359,,,,,0.6165192127227783,,,,,,,,,,,
29,8369,,,,,0.5356282591819763,,,,,,,,,,,
29,8379,,,,,0.5440509915351868,,,,,,,,,,,
29,8389,,,,,0.5498576164245605,,,,,,,,,,,
29,8399,,,,,0.5123043060302734,,,,,,,,,,,
29,8409,,,,,0.5031449794769287,,,,,,,,,,,
29,8419,,,,,0.5243940949440002,,,,,,,,,,,
29,8429,,,,,0.5588222146034241,,,,,,,,,,,
29,8439,,,,,0.5660244822502136,,,,,,,,,,,
29,8449,,,,,0.4933759868144989,,,,,,,,,,,
29,8459,,,,,0.5248655080795288,,,,,,,,,,,
29,8469,,,,,0.56172114610672,,,,,,,,,,,
29,8479,,,,,0.5822547674179077,,,,,,,,,,,
29,8489,,,,,0.5295211672782898,,,,,,,,,,,
29,29,,,0.9604223966598511,0.27418234944343567,,,0.49582804081543047,0.32538503408432007,,0.870358407497406,,0.16139838099479675,,0.7295761957612573,,0.1888037621974945
29,8489,,,,,,,,,0.870358407497406,,0.16139838099479675,,0.7295761704444885,,0.1888037621974945,
29,29,0.49999985745011705,63.921674163746914,,,,,,,,,,,,,,
29,8489,,,,,,0.5351735949516296,,,,,,,,,,
30,8499,,,,,0.574794590473175,,,,,,,,,,,
30,8509,,,,,0.5324656367301941,,,,,,,,,,,
30,8519,,,,,0.5898385047912598,,,,,,,,,,,
30,8529,,,,,0.5248416662216187,,,,,,,,,,,
30,8539,,,,,0.5920442938804626,,,,,,,,,,,
30,8549,,,,,0.4199882447719574,,,,,,,,,,,
30,8559,,,,,0.5503098368644714,,,,,,,,,,,
30,8569,,,,,0.581450343132019,,,,,,,,,,,
30,8579,,,,,0.5171903967857361,,,,,,,,,,,
30,8589,,,,,0.5382484793663025,,,,,,,,,,,
30,8599,,,,,0.4819607734680176,,,,,,,,,,,
30,8609,,,,,0.5062057971954346,,,,,,,,,,,
30,8619,,,,,0.5575725436210632,,,,,,,,,,,
30,8629,,,,,0.5040712356567383,,,,,,,,,,,
30,8639,,,,,0.5309872031211853,,,,,,,,,,,
30,8649,,,,,0.5094243288040161,,,,,,,,,,,
30,8659,,,,,0.5062059164047241,,,,,,,,,,,
30,8669,,,,,0.47222208976745605,,,,,,,,,,,
30,8679,,,,,0.4843847155570984,,,,,,,,,,,
30,8689,,,,,0.4921770989894867,,,,,,,,,,,
30,8699,,,,,0.5457320213317871,,,,,,,,,,,
30,8709,,,,,0.4984397888183594,,,,,,,,,,,
30,8719,,,,,0.5963008403778076,,,,,,,,,,,
30,8729,,,,,0.5450316071510315,,,,,,,,,,,
30,8739,,,,,0.5623941421508789,,,,,,,,,,,
30,8749,,,,,0.5017549395561218,,,,,,,,,,,
30,8759,,,,,0.5673827528953552,,,,,,,,,,,
30,8769,,,,,0.5100498795509338,,,,,,,,,,,
30,30,0.49999985551926107,63.967511320894275,,,,,,,,,,,,,,
30,8772,,,,,,0.5273844599723816,,,,,,,,,,
31,8779,,,,,0.5066846609115601,,,,,,,,,,,
31,8789,,,,,0.4489825963973999,,,,,,,,,,,
31,8799,,,,,0.4930109679698944,,,,,,,,,,,
31,8809,,,,,0.5244795083999634,,,,,,,,,,,
31,8819,,,,,0.5007777214050293,,,,,,,,,,,
31,8829,,,,,0.5353559851646423,,,,,,,,,,,
31,8839,,,,,0.5810360312461853,,,,,,,,,,,
31,8849,,,,,0.5185249447822571,,,,,,,,,,,
31,8859,,,,,0.5060984492301941,,,,,,,,,,,
31,8869,,,,,0.5290890336036682,,,,,,,,,,,
31,8879,,,,,0.5583503842353821,,,,,,,,,,,
31,8889,,,,,0.5516519546508789,,,,,,,,,,,
31,8899,,,,,0.5465103387832642,,,,,,,,,,,
31,8909,,,,,0.4895274043083191,,,,,,,,,,,
31,8919,,,,,0.4341896176338196,,,,,,,,,,,
31,8929,,,,,0.5371050834655762,,,,,,,,,,,
31,8939,,,,,0.4570589065551758,,,,,,,,,,,
31,8949,,,,,0.5565969944000244,,,,,,,,,,,
31,8959,,,,,0.5649774074554443,,,,,,,,,,,
31,8969,,,,,0.5133868455886841,,,,,,,,,,,
31,8979,,,,,0.58357834815979,,,,,,,,,,,
31,8989,,,,,0.6188642382621765,,,,,,,,,,,
31,8999,,,,,0.5410847067832947,,,,,,,,,,,
31,9009,,,,,0.4874610900878906,,,,,,,,,,,
31,9019,,,,,0.5253689885139465,,,,,,,,,,,
31,9029,,,,,0.5891947150230408,,,,,,,,,,,
31,9039,,,,,0.4841810464859009,,,,,,,,,,,
31,9049,,,,,0.48345091938972473,,,,,,,,,,,
31,31,0.4999998619484744,64.0071330396518,,,,,,,,,,,,,,
31,9055,,,,,,0.5218062400817871,,,,,,,,,,
32,9059,,,,,0.460510790348053,,,,,,,,,,,
32,9069,,,,,0.5061120986938477,,,,,,,,,,,
32,9079,,,,,0.4831376373767853,,,,,,,,,,,
32,9089,,,,,0.48748457431793213,,,,,,,,,,,
32,9099,,,,,0.4708225727081299,,,,,,,,,,,
32,9109,,,,,0.5574573278427124,,,,,,,,,,,
32,9119,,,,,0.5537037253379822,,,,,,,,,,,
32,9129,,,,,0.5287585854530334,,,,,,,,,,,
32,9139,,,,,0.511310338973999,,,,,,,,,,,
32,9149,,,,,0.4954942762851715,,,,,,,,,,,
32,9159,,,,,0.5335655808448792,,,,,,,,,,,
32,9169,,,,,0.4982246160507202,,,,,,,,,,,
32,9179,,,,,0.5443413257598877,,,,,,,,,,,
32,9189,,,,,0.4516289532184601,,,,,,,,,,,
32,9199,,,,,0.5462630391120911,,,,,,,,,,,
32,9209,,,,,0.5656787753105164,,,,,,,,,,,
32,9219,,,,,0.5424659848213196,,,,,,,,,,,
32,9229,,,,,0.40309223532676697,,,,,,,,,,,
32,9239,,,,,0.6055501699447632,,,,,,,,,,,
32,9249,,,,,0.5612190961837769,,,,,,,,,,,
32,9259,,,,,0.5141389966011047,,,,,,,,,,,
32,9269,,,,,0.440289705991745,,,,,,,,,,,
32,9279,,,,,0.49602994322776794,,,,,,,,,,,
32,9289,,,,,0.4964691996574402,,,,,,,,,,,
32,9299,,,,,0.4898771643638611,,,,,,,,,,,
32,9309,,,,,0.48354843258857727,,,,,,,,,,,
32,9319,,,,,0.5132309794425964,,,,,,,,,,,
32,9329,,,,,0.591099202632904,,,,,,,,,,,
32,32,0.49999986148406833,64.04241203601505,,,,,,,,,,,,,,
32,9338,,,,,,0.5161880254745483,,,,,,,,,,
33,9339,,,,,0.5672204494476318,,,,,,,,,,,
33,9349,,,,,0.47166919708251953,,,,,,,,,,,
33,9359,,,,,0.5405134558677673,,,,,,,,,,,
33,9369,,,,,0.543472409248352,,,,,,,,,,,
33,9379,,,,,0.5462332367897034,,,,,,,,,,,
33,9389,,,,,0.49678242206573486,,,,,,,,,,,
33,9399,,,,,0.5269469618797302,,,,,,,,,,,
33,9409,,,,,0.5216259360313416,,,,,,,,,,,
33,9419,,,,,0.5400558114051819,,,,,,,,,,,
33,9429,,,,,0.5012503862380981,,,,,,,,,,,
33,9439,,,,,0.49947547912597656,,,,,,,,,,,
33,9449,,,,,0.4575076997280121,,,,,,,,,,,
33,9459,,,,,0.6053521633148193,,,,,,,,,,,
33,9469,,,,,0.46217620372772217,,,,,,,,,,,
33,9479,,,,,0.5520840287208557,,,,,,,,,,,
33,9489,,,,,0.5398829579353333,,,,,,,,,,,
33,9499,,,,,0.4694470763206482,,,,,,,,,,,
33,9509,,,,,0.5194775462150574,,,,,,,,,,,
33,9519,,,,,0.4300767481327057,,,,,,,,,,,
33,9529,,,,,0.5005701184272766,,,,,,,,,,,
33,9539,,,,,0.457840234041214,,,,,,,,,,,
33,9549,,,,,0.5345328450202942,,,,,,,,,,,
33,9559,,,,,0.5126912593841553,,,,,,,,,,,
33,9569,,,,,0.5675544738769531,,,,,,,,,,,
33,9579,,,,,0.5737347602844238,,,,,,,,,,,
33,9589,,,,,0.5352696776390076,,,,,,,,,,,
33,9599,,,,,0.4636927545070648,,,,,,,,,,,
33,9609,,,,,0.5856349468231201,,,,,,,,,,,
33,9619,,,,,0.49060922861099243,,,,,,,,,,,
33,33,0.499999866665222,64.07471131248917,,,,,,,,,,,,,,
33,9621,,,,,,0.5099853873252869,,,,,,,,,,
34,9629,,,,,0.4957217574119568,,,,,,,,,,,
34,9639,,,,,0.467338502407074,,,,,,,,,,,
34,9649,,,,,0.4625883400440216,,,,,,,,,,,
34,9659,,,,,0.48390844464302063,,,,,,,,,,,
34,9669,,,,,0.4665071666240692,,,,,,,,,,,
34,9679,,,,,0.5194382667541504,,,,,,,,,,,
34,9689,,,,,0.5365238785743713,,,,,,,,,,,
34,9699,,,,,0.49334266781806946,,,,,,,,,,,
34,9709,,,,,0.4694308042526245,,,,,,,,,,,
34,9719,,,,,0.4649844467639923,,,,,,,,,,,
34,9729,,,,,0.5374882221221924,,,,,,,,,,,
34,9739,,,,,0.5142365097999573,,,,,,,,,,,
34,9749,,,,,0.5443894863128662,,,,,,,,,,,
34,9759,,,,,0.48617270588874817,,,,,,,,,,,
34,9769,,,,,0.5171018242835999,,,,,,,,,,,
34,9779,,,,,0.48724472522735596,,,,,,,,,,,
34,9789,,,,,0.5116927027702332,,,,,,,,,,,
34,9799,,,,,0.4251359701156616,,,,,,,,,,,
34,9809,,,,,0.46756666898727417,,,,,,,,,,,
34,9819,,,,,0.4505397379398346,,,,,,,,,,,
34,9829,,,,,0.4894210696220398,,,,,,,,,,,
34,9839,,,,,0.49897444248199463,,,,,,,,,,,
34,9849,,,,,0.48237869143486023,,,,,,,,,,,
34,9859,,,,,0.5228557586669922,,,,,,,,,,,
34,9869,,,,,0.534407913684845,,,,,,,,,,,
34,9879,,,,,0.5593014359474182,,,,,,,,,,,
34,9889,,,,,0.5353649854660034,,,,,,,,,,,
34,9899,,,,,0.5263799428939819,,,,,,,,,,,
34,34,0.49999984796421443,64.10328023444417,,,,,,,,,,,,,,
34,9904,,,,,,0.5035990476608276,,,,,,,,,,
35,9909,,,,,0.4750129282474518,,,,,,,,,,,
35,9919,,,,,0.4694577157497406,,,,,,,,,,,
35,9929,,,,,0.461087167263031,,,,,,,,,,,
35,9939,,,,,0.5456732511520386,,,,,,,,,,,
35,9949,,,,,0.5071941018104553,,,,,,,,,,,
35,9959,,,,,0.45192718505859375,,,,,,,,,,,
35,9969,,,,,0.5292321443557739,,,,,,,,,,,
35,9979,,,,,0.4955431818962097,,,,,,,,,,,
35,9989,,,,,0.6010860204696655,,,,,,,,,,,
35,9999,,,,,0.45362287759780884,,,,,,,,,,,
35,10009,,,,,0.5349366068840027,,,,,,,,,,,
35,10019,,,,,0.6157049536705017,,,,,,,,,,,
35,10029,,,,,0.5138652324676514,,,,,,,,,,,
35,10039,,,,,0.5098195672035217,,,,,,,,,,,
35,10049,,,,,0.5231447815895081,,,,,,,,,,,
35,10059,,,,,0.4906260669231415,,,,,,,,,,,
35,10069,,,,,0.4746723771095276,,,,,,,,,,,
35,10079,,,,,0.5145409107208252,,,,,,,,,,,
35,10089,,,,,0.5623189806938171,,,,,,,,,,,
35,10099,,,,,0.561944305896759,,,,,,,,,,,
35,10109,,,,,0.5677311420440674,,,,,,,,,,,
35,10119,,,,,0.4572966694831848,,,,,,,,,,,
35,10129,,,,,0.48725342750549316,,,,,,,,,,,
35,10139,,,,,0.5424923300743103,,,,,,,,,,,
35,10149,,,,,0.538598895072937,,,,,,,,,,,
35,10159,,,,,0.5252673029899597,,,,,,,,,,,
35,10169,,,,,0.49506571888923645,,,,,,,,,,,
35,10179,,,,,0.47656404972076416,,,,,,,,,,,
35,35,0.4999998596844452,64.128467552509,,,,,,,,,,,,,,
35,10187,,,,,,0.4990230202674866,,,,,,,,,,
36,10189,,,,,0.49413108825683594,,,,,,,,,,,
36,10199,,,,,0.4810178577899933,,,,,,,,,,,
36,10209,,,,,0.5615364909172058,,,,,,,,,,,
36,10219,,,,,0.49229440093040466,,,,,,,,,,,
36,10229,,,,,0.4477604627609253,,,,,,,,,,,
36,10239,,,,,0.5160609483718872,,,,,,,,,,,
36,10249,,,,,0.497336745262146,,,,,,,,,,,
36,10259,,,,,0.4005599319934845,,,,,,,,,,,
36,10269,,,,,0.4864356517791748,,,,,,,,,,,
36,10279,,,,,0.48140832781791687,,,,,,,,,,,
36,10289,,,,,0.5745763778686523,,,,,,,,,,,
36,10299,,,,,0.48878318071365356,,,,,,,,,,,
36,10309,,,,,0.4833625555038452,,,,,,,,,,,
36,10319,,,,,0.5150513648986816,,,,,,,,,,,
36,10329,,,,,0.46601131558418274,,,,,,,,,,,
36,10339,,,,,0.5152416229248047,,,,,,,,,,,
36,10349,,,,,0.48738452792167664,,,,,,,,,,,
36,10359,,,,,0.48956313729286194,,,,,,,,,,,
36,10369,,,,,0.47209036350250244,,,,,,,,,,,
36,10379,,,,,0.47160086035728455,,,,,,,,,,,
36,10389,,,,,0.45226141810417175,,,,,,,,,,,
36,10399,,,,,0.4835364818572998,,,,,,,,,,,
36,10409,,,,,0.4941388666629791,,,,,,,,,,,
36,10419,,,,,0.41174861788749695,,,,,,,,,,,
36,10429,,,,,0.5185729265213013,,,,,,,,,,,
36,10439,,,,,0.4866217374801636,,,,,,,,,,,
36,10449,,,,,0.5257382988929749,,,,,,,,,,,
36,10459,,,,,0.48292556405067444,,,,,,,,,,,
36,10469,,,,,0.5720608830451965,,,,,,,,,,,
36,36,0.49999986333986735,64.15166538615338,,,,,,,,,,,,,,
36,10470,,,,,,0.49527010321617126,,,,,,,,,,
37,10479,,,,,0.4543983042240143,,,,,,,,,,,
37,10489,,,,,0.47716352343559265,,,,,,,,,,,
37,10499,,,,,0.4495048522949219,,,,,,,,,,,
37,10509,,,,,0.49323511123657227,,,,,,,,,,,
37,10519,,,,,0.4096658229827881,,,,,,,,,,,
37,10529,,,,,0.5095992684364319,,,,,,,,,,,
37,10539,,,,,0.5080360174179077,,,,,,,,,,,
37,10549,,,,,0.48051977157592773,,,,,,,,,,,
37,10559,,,,,0.4721352458000183,,,,,,,,,,,
37,10569,,,,,0.49468934535980225,,,,,,,,,,,
37,10579,,,,,0.47849082946777344,,,,,,,,,,,
37,10589,,,,,0.5389842987060547,,,,,,,,,,,
37,10599,,,,,0.4999161958694458,,,,,,,,,,,
37,10609,,,,,0.5424051284790039,,,,,,,,,,,
37,10619,,,,,0.493456095457077,,,,,,,,,,,
37,10629,,,,,0.4658680558204651,,,,,,,,,,,
37,10639,,,,,0.4871782958507538,,,,,,,,,,,
37,10649,,,,,0.4792059361934662,,,,,,,,,,,
37,10659,,,,,0.49019506573677063,,,,,,,,,,,
37,10669,,,,,0.4507955014705658,,,,,,,,,,,
37,10679,,,,,0.47162556648254395,,,,,,,,,,,
37,10689,,,,,0.447958379983902,,,,,,,,,,,
37,10699,,,,,0.47541484236717224,,,,,,,,,,,
37,10709,,,,,0.5547046661376953,,,,,,,,,,,
37,10719,,,,,0.46039026975631714,,,,,,,,,,,
37,10729,,,,,0.45718103647232056,,,,,,,,,,,
37,10739,,,,,0.4329926371574402,,,,,,,,,,,
37,10749,,,,,0.4711582362651825,,,,,,,,,,,
37,37,0.49999986235496857,64.17156219457584,,,,,,,,,,,,,,
37,10753,,,,,,0.4893741011619568,,,,,,,,,,
38,10759,,,,,0.5017092823982239,,,,,,,,,,,
38,10769,,,,,0.44422096014022827,,,,,,,,,,,
38,10779,,,,,0.5047735571861267,,,,,,,,,,,
38,10789,,,,,0.5139114856719971,,,,,,,,,,,
38,10799,,,,,0.5013235807418823,,,,,,,,,,,
38,10809,,,,,0.541071891784668,,,,,,,,,,,
38,10819,,,,,0.4638349115848541,,,,,,,,,,,
38,10829,,,,,0.41268420219421387,,,,,,,,,,,
38,10839,,,,,0.4935215413570404,,,,,,,,,,,
38,10849,,,,,0.5365340113639832,,,,,,,,,,,
38,10859,,,,,0.45592162013053894,,,,,,,,,,,
38,10869,,,,,0.4642115533351898,,,,,,,,,,,
38,10879,,,,,0.5212261080741882,,,,,,,,,,,
38,10889,,,,,0.4946657121181488,,,,,,,,,,,
38,10899,,,,,0.44128960371017456,,,,,,,,,,,
38,10909,,,,,0.4836071729660034,,,,,,,,,,,
38,10919,,,,,0.5223805904388428,,,,,,,,,,,
38,10929,,,,,0.4909623861312866,,,,,,,,,,,
38,10939,,,,,0.49393466114997864,,,,,,,,,,,
38,10949,,,,,0.44332826137542725,,,,,,,,,,,
38,10959,,,,,0.4995410740375519,,,,,,,,,,,
38,10969,,,,,0.48578888177871704,,,,,,,,,,,
38,10979,,,,,0.5221876502037048,,,,,,,,,,,
38,10989,,,,,0.5129467248916626,,,,,,,,,,,
38,10999,,,,,0.4929133653640747,,,,,,,,,,,
38,11009,,,,,0.5162815451622009,,,,,,,,,,,
38,11019,,,,,0.4529114067554474,,,,,,,,,,,
38,11029,,,,,0.5188920497894287,,,,,,,,,,,
38,38,0.49999984911913087,64.18867475684237,,,,,,,,,,,,,,
38,11036,,,,,,0.48635992407798767,,,,,,,,,,
39,11039,,,,,0.5197106003761292,,,,,,,,,,,
39,11049,,,,,0.49298983812332153,,,,,,,,,,,
39,11059,,,,,0.5135964751243591,,,,,,,,,,,
39,11069,,,,,0.5540758371353149,,,,,,,,,,,
39,11079,,,,,0.5195798873901367,,,,,,,,,,,
39,11089,,,,,0.4707987308502197,,,,,,,,,,,
39,11099,,,,,0.4566196799278259,,,,,,,,,,,
39,11109,,,,,0.4918643534183502,,,,,,,,,,,
39,11119,,,,,0.5526020526885986,,,,,,,,,,,
39,11129,,,,,0.4663294851779938,,,,,,,,,,,
39,11139,,,,,0.5218030214309692,,,,,,,,,,,
39,11149,,,,,0.5062946677207947,,,,,,,,,,,
39,11159,,,,,0.5001564621925354,,,,,,,,,,,
39,11169,,,,,0.483906090259552,,,,,,,,,,,
39,11179,,,,,0.5230168104171753,,,,,,,,,,,
39,11189,,,,,0.5739343166351318,,,,,,,,,,,
39,11199,,,,,0.5426186323165894,,,,,,,,,,,
39,11209,,,,,0.492201030254364,,,,,,,,,,,
39,11219,,,,,0.5475079417228699,,,,,,,,,,,
39,11229,,,,,0.5315713286399841,,,,,,,,,,,
39,11239,,,,,0.5145897269248962,,,,,,,,,,,
39,11249,,,,,0.41758906841278076,,,,,,,,,,,
39,11259,,,,,0.4497651755809784,,,,,,,,,,,
39,11269,,,,,0.5006895065307617,,,,,,,,,,,
39,11279,,,,,0.4924828112125397,,,,,,,,,,,
39,11289,,,,,0.5590044260025024,,,,,,,,,,,
39,11299,,,,,0.5110492706298828,,,,,,,,,,,
39,11309,,,,,0.499756783246994,,,,,,,,,,,
39,11319,,,,,0.5179986357688904,,,,,,,,,,,
39,39,,,0.9681640267372131,0.32928645610809326,,,0.44970579661856636,0.3687604069709778,,0.8745586276054382,,0.178856760263443,,0.7498620000420785,,0.1947232335805893
39,11319,,,,,,,,,0.8745586276054382,,0.178856760263443,,0.7498620748519897,,0.1947232335805893,
39,39,0.499999876508247,64.20317406285143,,,,,,,,,,,,,,
39,11319,,,,,,0.4821639955043793,,,,,,,,,,
40,11329,,,,,0.4704161584377289,,,,,,,,,,,
40,11339,,,,,0.5098452568054199,,,,,,,,,,,
40,11349,,,,,0.4909518361091614,,,,,,,,,,,
40,11359,,,,,0.48322179913520813,,,,,,,,,,,
40,11369,,,,,0.45709097385406494,,,,,,,,,,,
40,11379,,,,,0.4849812984466553,,,,,,,,,,,
40,11389,,,,,0.5194737315177917,,,,,,,,,,,
40,11399,,,,,0.47263476252555847,,,,,,,,,,,
40,11409,,,,,0.4519976079463959,,,,,,,,,,,
40,11419,,,,,0.49333423376083374,,,,,,,,,,,
40,11429,,,,,0.48122161626815796,,,,,,,,,,,
40,11439,,,,,0.500221848487854,,,,,,,,,,,
40,11449,,,,,0.5030859708786011,,,,,,,,,,,
40,11459,,,,,0.5217447876930237,,,,,,,,,,,
40,11469,,,,,0.554478645324707,,,,,,,,,,,
40,11479,,,,,0.493875652551651,,,,,,,,,,,
40,11489,,,,,0.5037518739700317,,,,,,,,,,,
40,11499,,,,,0.4935986399650574,,,,,,,,,,,
40,11509,,,,,0.47489774227142334,,,,,,,,,,,
40,11519,,,,,0.4410687983036041,,,,,,,,,,,
40,11529,,,,,0.4837566912174225,,,,,,,,,,,
40,11539,,,,,0.48135167360305786,,,,,,,,,,,
40,11549,,,,,0.4571661055088043,,,,,,,,,,,
40,11559,,,,,0.4316376745700836,,,,,,,,,,,
40,11569,,,,,0.5561050176620483,,,,,,,,,,,
40,11579,,,,,0.4322126805782318,,,,,,,,,,,
40,11589,,,,,0.44720354676246643,,,,,,,,,,,
40,11599,,,,,0.42933762073516846,,,,,,,,,,,
40,40,0.49999986247328393,64.21562015886582,,,,,,,,,,,,,,
40,11602,,,,,,0.47919195890426636,,,,,,,,,,
41,11609,,,,,0.48410624265670776,,,,,,,,,,,
41,11619,,,,,0.4695817232131958,,,,,,,,,,,
41,11629,,,,,0.5261132717132568,,,,,,,,,,,
41,11639,,,,,0.42772176861763,,,,,,,,,,,
41,11649,,,,,0.46000319719314575,,,,,,,,,,,
41,11659,,,,,0.466641366481781,,,,,,,,,,,
41,11669,,,,,0.4735187292098999,,,,,,,,,,,
41,11679,,,,,0.46281856298446655,,,,,,,,,,,
41,11689,,,,,0.43882760405540466,,,,,,,,,,,
41,11699,,,,,0.5169796943664551,,,,,,,,,,,
41,11709,,,,,0.5042205452919006,,,,,,,,,,,
41,11719,,,,,0.4390867054462433,,,,,,,,,,,
41,11729,,,,,0.4094068706035614,,,,,,,,,,,
41,11739,,,,,0.48425230383872986,,,,,,,,,,,
41,11749,,,,,0.4654947817325592,,,,,,,,,,,
41,11759,,,,,0.4671952724456787,,,,,,,,,,,
41,11769,,,,,0.4260880649089813,,,,,,,,,,,
41,11779,,,,,0.5050520896911621,,,,,,,,,,,
41,11789,,,,,0.4942638874053955,,,,,,,,,,,
41,11799,,,,,0.5520597100257874,,,,,,,,,,,
41,11809,,,,,0.5529738068580627,,,,,,,,,,,
41,11819,,,,,0.47664350271224976,,,,,,,,,,,
41,11829,,,,,0.47238320112228394,,,,,,,,,,,
41,11839,,,,,0.4497969150543213,,,,,,,,,,,
41,11849,,,,,0.42705342173576355,,,,,,,,,,,
41,11859,,,,,0.5047630667686462,,,,,,,,,,,
41,11869,,,,,0.5643066763877869,,,,,,,,,,,
41,11879,,,,,0.5167958736419678,,,,,,,,,,,
41,41,0.4999998662966025,64.22574864459611,,,,,,,,,,,,,,
41,11885,,,,,,0.47627776861190796,,,,,,,,,,
42,11889,,,,,0.4813857674598694,,,,,,,,,,,
42,11899,,,,,0.47582492232322693,,,,,,,,,,,
42,11909,,,,,0.46605026721954346,,,,,,,,,,,
42,11919,,,,,0.4586560130119324,,,,,,,,,,,
42,11929,,,,,0.47588902711868286,,,,,,,,,,,
42,11939,,,,,0.4485815763473511,,,,,,,,,,,
42,11949,,,,,0.4057243764400482,,,,,,,,,,,
42,11959,,,,,0.47094082832336426,,,,,,,,,,,
42,11969,,,,,0.47445082664489746,,,,,,,,,,,
42,11979,,,,,0.40512481331825256,,,,,,,,,,,
42,11989,,,,,0.5239251255989075,,,,,,,,,,,
42,11999,,,,,0.4673469066619873,,,,,,,,,,,
42,12009,,,,,0.4507712423801422,,,,,,,,,,,
42,12019,,,,,0.5122260451316833,,,,,,,,,,,
42,12029,,,,,0.506386399269104,,,,,,,,,,,
42,12039,,,,,0.5335596203804016,,,,,,,,,,,
42,12049,,,,,0.5175189971923828,,,,,,,,,,,
42,12059,,,,,0.43320193886756897,,,,,,,,,,,
42,12069,,,,,0.4765031635761261,,,,,,,,,,,
42,12079,,,,,0.4621198773384094,,,,,,,,,,,
42,12089,,,,,0.4760564863681793,,,,,,,,,,,
42,12099,,,,,0.5017780065536499,,,,,,,,,,,
42,12109,,,,,0.535831093788147,,,,,,,,,,,
42,12119,,,,,0.47078150510787964,,,,,,,,,,,
42,12129,,,,,0.4573553502559662,,,,,,,,,,,
42,12139,,,,,0.45874544978141785,,,,,,,,,,,
42,12149,,,,,0.52500981092453,,,,,,,,,,,
42,12159,,,,,0.4808385670185089,,,,,,,,,,,
42,42,0.4999998592725038,64.23376350688162,,,,,,,,,,,,,,
42,12168,,,,,,0.47344303131103516,,,,,,,,,,
43,12169,,,,,0.4493718445301056,,,,,,,,,,,
43,12179,,,,,0.44176703691482544,,,,,,,,,,,
43,12189,,,,,0.46550044417381287,,,,,,,,,,,
43,12199,,,,,0.5039176940917969,,,,,,,,,,,
43,12209,,,,,0.4374313950538635,,,,,,,,,,,
43,12219,,,,,0.44739675521850586,,,,,,,,,,,
43,12229,,,,,0.4321081042289734,,,,,,,,,,,
43,12239,,,,,0.5043285489082336,,,,,,,,,,,
43,12249,,,,,0.48267075419425964,,,,,,,,,,,
43,12259,,,,,0.4587726593017578,,,,,,,,,,,
43,12269,,,,,0.5065445899963379,,,,,,,,,,,
43,12279,,,,,0.425700843334198,,,,,,,,,,,
43,12289,,,,,0.42947837710380554,,,,,,,,,,,
43,12299,,,,,0.5340659618377686,,,,,,,,,,,
43,12309,,,,,0.5137133598327637,,,,,,,,,,,
43,12319,,,,,0.48164212703704834,,,,,,,,,,,
43,12329,,,,,0.46761536598205566,,,,,,,,,,,
43,12339,,,,,0.5415392518043518,,,,,,,,,,,
43,12349,,,,,0.47540906071662903,,,,,,,,,,,
43,12359,,,,,0.4087872803211212,,,,,,,,,,,
43,12369,,,,,0.43121904134750366,,,,,,,,,,,
43,12379,,,,,0.5062288641929626,,,,,,,,,,,
43,12389,,,,,0.4202142059803009,,,,,,,,,,,
43,12399,,,,,0.5327195525169373,,,,,,,,,,,
43,12409,,,,,0.4528648853302002,,,,,,,,,,,
43,12419,,,,,0.5075623989105225,,,,,,,,,,,
43,12429,,,,,0.49351203441619873,,,,,,,,,,,
43,12439,,,,,0.5124812722206116,,,,,,,,,,,
43,12449,,,,,0.46358808875083923,,,,,,,,,,,
43,43,0.4999998628181529,64.239773918215,,,,,,,,,,,,,,
43,12451,,,,,,0.47221639752388,,,,,,,,,,
44,12459,,,,,0.4509972929954529,,,,,,,,,,,
44,12469,,,,,0.4556475281715393,,,,,,,,,,,
44,12479,,,,,0.41945379972457886,,,,,,,,,,,
44,12489,,,,,0.46506837010383606,,,,,,,,,,,
44,12499,,,,,0.46025821566581726,,,,,,,,,,,
44,12509,,,,,0.4943889379501343,,,,,,,,,,,
44,12519,,,,,0.4780949354171753,,,,,,,,,,,
44,12529,,,,,0.4806259870529175,,,,,,,,,,,
44,12539,,,,,0.4393043518066406,,,,,,,,,,,
44,12549,,,,,0.5020215511322021,,,,,,,,,,,
44,12559,,,,,0.5407655835151672,,,,,,,,,,,
44,12569,,,,,0.48631203174591064,,,,,,,,,,,
44,12579,,,,,0.4368734061717987,,,,,,,,,,,
44,12589,,,,,0.44927549362182617,,,,,,,,,,,
44,12599,,,,,0.5030285120010376,,,,,,,,,,,
44,12609,,,,,0.5698920488357544,,,,,,,,,,,
44,12619,,,,,0.4556935429573059,,,,,,,,,,,
44,12629,,,,,0.5234929323196411,,,,,,,,,,,
44,12639,,,,,0.48945531249046326,,,,,,,,,,,
44,12649,,,,,0.49076634645462036,,,,,,,,,,,
44,12659,,,,,0.43216127157211304,,,,,,,,,,,
44,12669,,,,,0.42729511857032776,,,,,,,,,,,
44,12679,,,,,0.43771693110466003,,,,,,,,,,,
44,12689,,,,,0.44709810614585876,,,,,,,,,,,
44,12699,,,,,0.5099970698356628,,,,,,,,,,,
44,12709,,,,,0.5252167582511902,,,,,,,,,,,
44,12719,,,,,0.5411199331283569,,,,,,,,,,,
44,12729,,,,,0.5028915405273438,,,,,,,,,,,
44,44,0.49999986153879805,64.2445256420269,,,,,,,,,,,,,,
44,12734,,,,,,0.46954840421676636,,,,,,,,,,
45,12739,,,,,0.49742066860198975,,,,,,,,,,,
45,12749,,,,,0.4600481390953064,,,,,,,,,,,
45,12759,,,,,0.5089974403381348,,,,,,,,,,,
45,12769,,,,,0.47904491424560547,,,,,,,,,,,
45,12779,,,,,0.4567281901836395,,,,,,,,,,,
45,12789,,,,,0.44852274656295776,,,,,,,,,,,
45,12799,,,,,0.4426250159740448,,,,,,,,,,,
45,12809,,,,,0.396522581577301,,,,,,,,,,,
45,12819,,,,,0.48590704798698425,,,,,,,,,,,
45,12829,,,,,0.49024394154548645,,,,,,,,,,,
45,12839,,,,,0.4458444118499756,,,,,,,,,,,
45,12849,,,,,0.4775437116622925,,,,,,,,,,,
45,12859,,,,,0.49192389845848083,,,,,,,,,,,
45,12869,,,,,0.501253604888916,,,,,,,,,,,
45,12879,,,,,0.45806968212127686,,,,,,,,,,,
45,12889,,,,,0.40019622445106506,,,,,,,,,,,
45,12899,,,,,0.50575190782547,,,,,,,,,,,
45,12909,,,,,0.44946926832199097,,,,,,,,,,,
45,12919,,,,,0.48069658875465393,,,,,,,,,,,
45,12929,,,,,0.46191853284835815,,,,,,,,,,,
45,12939,,,,,0.4805701971054077,,,,,,,,,,,
45,12949,,,,,0.4810577630996704,,,,,,,,,,,
45,12959,,,,,0.48053058981895447,,,,,,,,,,,
45,12969,,,,,0.4909129738807678,,,,,,,,,,,
45,12979,,,,,0.5430187582969666,,,,,,,,,,,
45,12989,,,,,0.4329155683517456,,,,,,,,,,,
45,12999,,,,,0.4990490972995758,,,,,,,,,,,
45,13009,,,,,0.4945584535598755,,,,,,,,,,,
45,45,0.4999998550723599,64.24779713260753,,,,,,,,,,,,,,
45,13017,,,,,,0.4689890444278717,,,,,,,,,,
46,13019,,,,,0.45143404603004456,,,,,,,,,,,
46,13029,,,,,0.4647276997566223,,,,,,,,,,,
46,13039,,,,,0.4438532292842865,,,,,,,,,,,
46,13049,,,,,0.4790865480899811,,,,,,,,,,,
46,13059,,,,,0.4906919300556183,,,,,,,,,,,
46,13069,,,,,0.4477040469646454,,,,,,,,,,,
46,13079,,,,,0.528613805770874,,,,,,,,,,,
46,13089,,,,,0.47779542207717896,,,,,,,,,,,
46,13099,,,,,0.4861205220222473,,,,,,,,,,,
46,13109,,,,,0.4608103930950165,,,,,,,,,,,
46,13119,,,,,0.46938610076904297,,,,,,,,,,,
46,13129,,,,,0.4740281403064728,,,,,,,,,,,
46,13139,,,,,0.5149844288825989,,,,,,,,,,,
46,13149,,,,,0.47396641969680786,,,,,,,,,,,
46,13159,,,,,0.44839128851890564,,,,,,,,,,,
46,13169,,,,,0.4814465045928955,,,,,,,,,,,
46,13179,,,,,0.4808013439178467,,,,,,,,,,,
46,13189,,,,,0.43045511841773987,,,,,,,,,,,
46,13199,,,,,0.487689346075058,,,,,,,,,,,
46,13209,,,,,0.39970332384109497,,,,,,,,,,,
46,13219,,,,,0.44320037961006165,,,,,,,,,,,
46,13229,,,,,0.46024084091186523,,,,,,,,,,,
46,13239,,,,,0.4875364899635315,,,,,,,,,,,
46,13249,,,,,0.39918598532676697,,,,,,,,,,,
46,13259,,,,,0.6233656406402588,,,,,,,,,,,
46,13269,,,,,0.49489519000053406,,,,,,,,,,,
46,13279,,,,,0.49281466007232666,,,,,,,,,,,
46,13289,,,,,0.5076974630355835,,,,,,,,,,,
46,13299,,,,,0.485501229763031,,,,,,,,,,,
46,46,0.4999998596438997,64.24994945905613,,,,,,,,,,,,,,
46,13300,,,,,,0.46777257323265076,,,,,,,,,,
47,13309,,,,,0.4562258720397949,,,,,,,,,,,
47,13319,,,,,0.4180876314640045,,,,,,,,,,,
47,13329,,,,,0.43219342827796936,,,,,,,,,,,
47,13339,,,,,0.47686418890953064,,,,,,,,,,,
47,13349,,,,,0.4606936275959015,,,,,,,,,,,
47,13359,,,,,0.5516109466552734,,,,,,,,,,,
47,13369,,,,,0.48079782724380493,,,,,,,,,,,
47,13379,,,,,0.4341648519039154,,,,,,,,,,,
47,13389,,,,,0.5172169208526611,,,,,,,,,,,
47,13399,,,,,0.4431053400039673,,,,,,,,,,,
47,13409,,,,,0.4615698456764221,,,,,,,,,,,
47,13419,,,,,0.4698142111301422,,,,,,,,,,,
47,13429,,,,,0.5029879808425903,,,,,,,,,,,
47,13439,,,,,0.4449467360973358,,,,,,,,,,,
47,13449,,,,,0.45644640922546387,,,,,,,,,,,
47,13459,,,,,0.41339167952537537,,,,,,,,,,,
47,13469,,,,,0.4883159101009369,,,,,,,,,,,
47,13479,,,,,0.4319736957550049,,,,,,,,,,,
47,13489,,,,,0.5583572387695312,,,,,,,,,,,
47,13499,,,,,0.4736444056034088,,,,,,,,,,,
47,13509,,,,,0.4903099536895752,,,,,,,,,,,
47,13519,,,,,0.47888362407684326,,,,,,,,,,,
47,13529,,,,,0.45694682002067566,,,,,,,,,,,
47,13539,,,,,0.4465664029121399,,,,,,,,,,,
47,13549,,,,,0.49505552649497986,,,,,,,,,,,
47,13559,,,,,0.4766262471675873,,,,,,,,,,,
47,13569,,,,,0.5409261584281921,,,,,,,,,,,
47,13579,,,,,0.4633151590824127,,,,,,,,,,,
47,47,0.49999986273189784,64.25123917846336,,,,,,,,,,,,,,
47,13583,,,,,,0.4661065340042114,,,,,,,,,,
48,13589,,,,,0.47804638743400574,,,,,,,,,,,
48,13599,,,,,0.49471357464790344,,,,,,,,,,,
48,13609,,,,,0.48854291439056396,,,,,,,,,,,
48,13619,,,,,0.4776824712753296,,,,,,,,,,,
48,13629,,,,,0.3979130685329437,,,,,,,,,,,
48,13639,,,,,0.49469128251075745,,,,,,,,,,,
48,13649,,,,,0.4838661551475525,,,,,,,,,,,
48,13659,,,,,0.42063024640083313,,,,,,,,,,,
48,13669,,,,,0.44261598587036133,,,,,,,,,,,
48,13679,,,,,0.4628198444843292,,,,,,,,,,,
48,13689,,,,,0.40954071283340454,,,,,,,,,,,
48,13699,,,,,0.4674833416938782,,,,,,,,,,,
48,13709,,,,,0.48577120900154114,,,,,,,,,,,
48,13719,,,,,0.5080652832984924,,,,,,,,,,,
48,13729,,,,,0.48044073581695557,,,,,,,,,,,
48,13739,,,,,0.4227467477321625,,,,,,,,,,,
48,13749,,,,,0.5123841762542725,,,,,,,,,,,
48,13759,,,,,0.4052700996398926,,,,,,,,,,,
48,13769,,,,,0.3765924572944641,,,,,,,,,,,
48,13779,,,,,0.49822086095809937,,,,,,,,,,,
48,13789,,,,,0.4697961211204529,,,,,,,,,,,
48,13799,,,,,0.4330120384693146,,,,,,,,,,,
48,13809,,,,,0.4263719320297241,,,,,,,,,,,
48,13819,,,,,0.46472030878067017,,,,,,,,,,,
48,13829,,,,,0.4958818852901459,,,,,,,,,,,
48,13839,,,,,0.41842272877693176,,,,,,,,,,,
48,13849,,,,,0.4642065763473511,,,,,,,,,,,
48,13859,,,,,0.5147875547409058,,,,,,,,,,,
48,48,0.49999984993070035,64.2518932139719,,,,,,,,,,,,,,
48,13866,,,,,,0.46484512090682983,,,,,,,,,,
49,13869,,,,,0.39197686314582825,,,,,,,,,,,
49,13879,,,,,0.4702514111995697,,,,,,,,,,,
49,13889,,,,,0.5050034523010254,,,,,,,,,,,
49,13899,,,,,0.46044355630874634,,,,,,,,,,,
49,13909,,,,,0.4751780927181244,,,,,,,,,,,
49,13919,,,,,0.48287710547447205,,,,,,,,,,,
49,13929,,,,,0.40945154428482056,,,,,,,,,,,
49,13939,,,,,0.42991793155670166,,,,,,,,,,,
49,13949,,,,,0.4492745101451874,,,,,,,,,,,
49,13959,,,,,0.4236302673816681,,,,,,,,,,,
49,13969,,,,,0.45102718472480774,,,,,,,,,,,
49,13979,,,,,0.47366395592689514,,,,,,,,,,,
49,13989,,,,,0.49141016602516174,,,,,,,,,,,
49,13999,,,,,0.4742586612701416,,,,,,,,,,,
49,14009,,,,,0.4543468952178955,,,,,,,,,,,
49,14019,,,,,0.4708861708641052,,,,,,,,,,,
49,14029,,,,,0.40395867824554443,,,,,,,,,,,
49,14039,,,,,0.423297643661499,,,,,,,,,,,
49,14049,,,,,0.4272015392780304,,,,,,,,,,,
49,14059,,,,,0.4827195405960083,,,,,,,,,,,
49,14069,,,,,0.5011537671089172,,,,,,,,,,,
49,14079,,,,,0.5059865713119507,,,,,,,,,,,
49,14089,,,,,0.4854969084262848,,,,,,,,,,,
49,14099,,,,,0.470955491065979,,,,,,,,,,,
49,14109,,,,,0.4920717775821686,,,,,,,,,,,
49,14119,,,,,0.4462214410305023,,,,,,,,,,,
49,14129,,,,,0.4655323028564453,,,,,,,,,,,
49,14139,,,,,0.49497583508491516,,,,,,,,,,,
49,14149,,,,,0.4239516258239746,,,,,,,,,,,
49,49,,,0.9700682759284973,0.34539347887039185,,,0.4366347054105376,0.38046836853027344,,0.8712092638015747,,0.17984837293624878,,0.7707600135888372,,0.19458681344985962
49,14149,,,,,,,,,0.8712092638015747,,0.17984837293624878,,0.7707599997520447,,0.19458681344985962,
49,49,0.49999986006789976,64.25215459459251,,,,,,,,,,,,,,
49,14149,,,,,,0.4648626446723938,,,,,,,,,,
50,14159,,,,,0.4108872711658478,,,,,,,,,,,
50,14169,,,,,0.4973136782646179,,,,,,,,,,,
50,14179,,,,,0.5622732043266296,,,,,,,,,,,
50,14189,,,,,0.5311943292617798,,,,,,,,,,,
50,14199,,,,,0.5623481869697571,,,,,,,,,,,
50,14209,,,,,0.5719124674797058,,,,,,,,,,,
50,14219,,,,,0.5466514229774475,,,,,,,,,,,
50,14229,,,,,0.5984976291656494,,,,,,,,,,,
50,14239,,,,,0.5425558686256409,,,,,,,,,,,
50,14249,,,,,0.47756072878837585,,,,,,,,,,,
50,14259,,,,,0.503045916557312,,,,,,,,,,,
50,14269,,,,,0.5065925121307373,,,,,,,,,,,
50,14279,,,,,0.5380144119262695,,,,,,,,,,,
50,14289,,,,,0.5018993020057678,,,,,,,,,,,
50,14299,,,,,0.5323845744132996,,,,,,,,,,,
50,14309,,,,,0.5716044902801514,,,,,,,,,,,
50,14319,,,,,0.49162590503692627,,,,,,,,,,,
50,14329,,,,,0.46634232997894287,,,,,,,,,,,
50,14339,,,,,0.5391157865524292,,,,,,,,,,,
50,14349,,,,,0.5234501361846924,,,,,,,,,,,
50,14359,,,,,0.5498960614204407,,,,,,,,,,,
50,14369,,,,,0.5334998965263367,,,,,,,,,,,
50,14379,,,,,0.5700823664665222,,,,,,,,,,,
50,14389,,,,,0.5093125700950623,,,,,,,,,,,
50,14399,,,,,0.5731845498085022,,,,,,,,,,,
50,14409,,,,,0.5628288388252258,,,,,,,,,,,
50,14419,,,,,0.5232381224632263,,,,,,,,,,,
50,14429,,,,,0.5562152862548828,,,,,,,,,,,
50,50,0.49999990847712833,64.34720015649488,,,,,,,,,,,,,,
50,14432,,,,,,0.5355592966079712,,,,,,,,,,
51,14439,,,,,0.5157237648963928,,,,,,,,,,,
51,14449,,,,,0.5690293908119202,,,,,,,,,,,
51,14459,,,,,0.591863214969635,,,,,,,,,,,
51,14469,,,,,0.5226501822471619,,,,,,,,,,,
51,14479,,,,,0.5509017705917358,,,,,,,,,,,
51,14489,,,,,0.5307968854904175,,,,,,,,,,,
51,14499,,,,,0.5222500562667847,,,,,,,,,,,
51,14509,,,,,0.49886009097099304,,,,,,,,,,,
51,14519,,,,,0.5402748584747314,,,,,,,,,,,
51,14529,,,,,0.6099043488502502,,,,,,,,,,,
51,14539,,,,,0.4887060821056366,,,,,,,,,,,
51,14549,,,,,0.510040283203125,,,,,,,,,,,
51,14559,,,,,0.4936150014400482,,,,,,,,,,,
51,14569,,,,,0.504004716873169,,,,,,,,,,,
51,14579,,,,,0.49769720435142517,,,,,,,,,,,
51,14589,,,,,0.49293220043182373,,,,,,,,,,,
51,14599,,,,,0.49543821811676025,,,,,,,,,,,
51,14609,,,,,0.5580716729164124,,,,,,,,,,,
51,14619,,,,,0.5309267640113831,,,,,,,,,,,
51,14629,,,,,0.5412313342094421,,,,,,,,,,,
51,14639,,,,,0.5169181227684021,,,,,,,,,,,
51,14649,,,,,0.5437794923782349,,,,,,,,,,,
51,14659,,,,,0.582982063293457,,,,,,,,,,,
51,14669,,,,,0.514340341091156,,,,,,,,,,,
51,14679,,,,,0.49914300441741943,,,,,,,,,,,
51,14689,,,,,0.4543808102607727,,,,,,,,,,,
51,14699,,,,,0.5152732729911804,,,,,,,,,,,
51,14709,,,,,0.5459501147270203,,,,,,,,,,,
51,51,0.4999998751360143,64.46531958059416,,,,,,,,,,,,,,
51,14715,,,,,,0.531250536441803,,,,,,,,,,
52,14719,,,,,0.5137732028961182,,,,,,,,,,,
52,14729,,,,,0.5161975622177124,,,,,,,,,,,
52,14739,,,,,0.5298811197280884,,,,,,,,,,,
52,14749,,,,,0.5143259763717651,,,,,,,,,,,
52,14759,,,,,0.5310642719268799,,,,,,,,,,,
52,14769,,,,,0.4917122423648834,,,,,,,,,,,
52,14779,,,,,0.5675155520439148,,,,,,,,,,,
52,14789,,,,,0.5340100526809692,,,,,,,,,,,
52,14799,,,,,0.4957335889339447,,,,,,,,,,,
52,14809,,,,,0.5355923175811768,,,,,,,,,,,
52,14819,,,,,0.46880629658699036,,,,,,,,,,,
52,14829,,,,,0.45107680559158325,,,,,,,,,,,
52,14839,,,,,0.5393256545066833,,,,,,,,,,,
52,14849,,,,,0.5130556225776672,,,,,,,,,,,
52,14859,,,,,0.5384189486503601,,,,,,,,,,,
52,14869,,,,,0.6466174125671387,,,,,,,,,,,
52,14879,,,,,0.5271167159080505,,,,,,,,,,,
52,14889,,,,,0.5522353649139404,,,,,,,,,,,
52,14899,,,,,0.6004388928413391,,,,,,,,,,,
52,14909,,,,,0.551858127117157,,,,,,,,,,,
52,14919,,,,,0.5386073589324951,,,,,,,,,,,
52,14929,,,,,0.5449076890945435,,,,,,,,,,,
52,14939,,,,,0.5456278324127197,,,,,,,,,,,
52,14949,,,,,0.5107613205909729,,,,,,,,,,,
52,14959,,,,,0.5465331673622131,,,,,,,,,,,
52,14969,,,,,0.5155676007270813,,,,,,,,,,,
52,14979,,,,,0.543632447719574,,,,,,,,,,,
52,14989,,,,,0.5665969848632812,,,,,,,,,,,
52,52,0.4999998857951472,64.59200927997466,,,,,,,,,,,,,,
52,14998,,,,,,0.5253787040710449,,,,,,,,,,
53,14999,,,,,0.5318285822868347,,,,,,,,,,,
53,15009,,,,,0.5653114318847656,,,,,,,,,,,
53,15019,,,,,0.6384448409080505,,,,,,,,,,,
53,15029,,,,,0.5162813663482666,,,,,,,,,,,
53,15039,,,,,0.49345535039901733,,,,,,,,,,,
53,15049,,,,,0.4917667806148529,,,,,,,,,,,
53,15059,,,,,0.5273770689964294,,,,,,,,,,,
53,15069,,,,,0.5890926718711853,,,,,,,,,,,
53,15079,,,,,0.4915428161621094,,,,,,,,,,,
53,15089,,,,,0.5256186127662659,,,,,,,,,,,
53,15099,,,,,0.5894590616226196,,,,,,,,,,,
53,15109,,,,,0.46909552812576294,,,,,,,,,,,
53,15119,,,,,0.5332352519035339,,,,,,,,,,,
53,15129,,,,,0.46719786524772644,,,,,,,,,,,
53,15139,,,,,0.4606390595436096,,,,,,,,,,,
53,15149,,,,,0.4913201630115509,,,,,,,,,,,
53,15159,,,,,0.511724054813385,,,,,,,,,,,
53,15169,,,,,0.5851291418075562,,,,,,,,,,,
53,15179,,,,,0.5379130244255066,,,,,,,,,,,
53,15189,,,,,0.5240605473518372,,,,,,,,,,,
53,15199,,,,,0.5124383568763733,,,,,,,,,,,
53,15209,,,,,0.4944871962070465,,,,,,,,,,,
53,15219,,,,,0.5439540147781372,,,,,,,,,,,
53,15229,,,,,0.564757227897644,,,,,,,,,,,
53,15239,,,,,0.5461644530296326,,,,,,,,,,,
53,15249,,,,,0.5910045504570007,,,,,,,,,,,
53,15259,,,,,0.5360038876533508,,,,,,,,,,,
53,15269,,,,,0.5386435389518738,,,,,,,,,,,
53,15279,,,,,0.5868978500366211,,,,,,,,,,,
53,53,0.49999989780484855,64.71731829145712,,,,,,,,,,,,,,
53,15281,,,,,,0.5192013382911682,,,,,,,,,,
54,15289,,,,,0.4811439514160156,,,,,,,,,,,
54,15299,,,,,0.5107136964797974,,,,,,,,,,,
54,15309,,,,,0.5765253305435181,,,,,,,,,,,
54,15319,,,,,0.5132739543914795,,,,,,,,,,,
54,15329,,,,,0.5464537739753723,,,,,,,,,,,
54,15339,,,,,0.5567362308502197,,,,,,,,,,,
54,15349,,,,,0.5286023616790771,,,,,,,,,,,
54,15359,,,,,0.5002192854881287,,,,,,,,,,,
54,15369,,,,,0.46145620942115784,,,,,,,,,,,
54,15379,,,,,0.4708671569824219,,,,,,,,,,,
54,15389,,,,,0.45910003781318665,,,,,,,,,,,
54,15399,,,,,0.48184528946876526,,,,,,,,,,,
54,15409,,,,,0.5017346739768982,,,,,,,,,,,
54,15419,,,,,0.5663635730743408,,,,,,,,,,,
54,15429,,,,,0.48333412408828735,,,,,,,,,,,
54,15439,,,,,0.5150020718574524,,,,,,,,,,,
54,15449,,,,,0.5247930288314819,,,,,,,,,,,
54,15459,,,,,0.5548577308654785,,,,,,,,,,,
54,15469,,,,,0.45745912194252014,,,,,,,,,,,
54,15479,,,,,0.556899905204773,,,,,,,,,,,
54,15489,,,,,0.563230574131012,,,,,,,,,,,
54,15499,,,,,0.6140788197517395,,,,,,,,,,,
54,15509,,,,,0.49231114983558655,,,,,,,,,,,
54,15519,,,,,0.5339388251304626,,,,,,,,,,,
54,15529,,,,,0.5026453137397766,,,,,,,,,,,
54,15539,,,,,0.45675715804100037,,,,,,,,,,,
54,15549,,,,,0.5400946736335754,,,,,,,,,,,
54,15559,,,,,0.5991637110710144,,,,,,,,,,,
54,54,0.4999998830140919,64.85261486750235,,,,,,,,,,,,,,
54,15564,,,,,,0.5121649503707886,,,,,,,,,,
55,15569,,,,,0.45083776116371155,,,,,,,,,,,
55,15579,,,,,0.44650211930274963,,,,,,,,,,,
55,15589,,,,,0.5223162770271301,,,,,,,,,,,
55,15599,,,,,0.4743785262107849,,,,,,,,,,,
55,15609,,,,,0.48011070489883423,,,,,,,,,,,
55,15619,,,,,0.4465712606906891,,,,,,,,,,,
55,15629,,,,,0.47044306993484497,,,,,,,,,,,
55,15639,,,,,0.4997915029525757,,,,,,,,,,,
55,15649,,,,,0.5093610882759094,,,,,,,,,,,
55,15659,,,,,0.49889296293258667,,,,,,,,,,,
55,15669,,,,,0.4606996476650238,,,,,,,,,,,
55,15679,,,,,0.5153906941413879,,,,,,,,,,,
55,15689,,,,,0.4832437336444855,,,,,,,,,,,
55,15699,,,,,0.45864132046699524,,,,,,,,,,,
55,15709,,,,,0.5271197557449341,,,,,,,,,,,
55,15719,,,,,0.5754089951515198,,,,,,,,,,,
55,15729,,,,,0.5093631148338318,,,,,,,,,,,
55,15739,,,,,0.5261940956115723,,,,,,,,,,,
55,15749,,,,,0.5630656480789185,,,,,,,,,,,
55,15759,,,,,0.5148547887802124,,,,,,,,,,,
55,15769,,,,,0.48195335268974304,,,,,,,,,,,
55,15779,,,,,0.5061268210411072,,,,,,,,,,,
55,15789,,,,,0.5171570777893066,,,,,,,,,,,
55,15799,,,,,0.5279162526130676,,,,,,,,,,,
55,15809,,,,,0.5005908012390137,,,,,,,,,,,
55,15819,,,,,0.5359103083610535,,,,,,,,,,,
55,15829,,,,,0.5068699717521667,,,,,,,,,,,
55,15839,,,,,0.45104217529296875,,,,,,,,,,,
55,55,0.49999988579483723,64.98248416045026,,,,,,,,,,,,,,
55,15847,,,,,,0.5050490498542786,,,,,,,,,,
56,15849,,,,,0.49713173508644104,,,,,,,,,,,
56,15859,,,,,0.5111441612243652,,,,,,,,,,,
56,15869,,,,,0.48332977294921875,,,,,,,,,,,
56,15879,,,,,0.40809619426727295,,,,,,,,,,,
56,15889,,,,,0.5299792289733887,,,,,,,,,,,
56,15899,,,,,0.48061680793762207,,,,,,,,,,,
56,15909,,,,,0.5031768083572388,,,,,,,,,,,
56,15919,,,,,0.4308125972747803,,,,,,,,,,,
56,15929,,,,,0.5399577617645264,,,,,,,,,,,
56,15939,,,,,0.47518274188041687,,,,,,,,,,,
56,15949,,,,,0.4807301163673401,,,,,,,,,,,
56,15959,,,,,0.5187001824378967,,,,,,,,,,,
56,15969,,,,,0.494765043258667,,,,,,,,,,,
56,15979,,,,,0.5172595381736755,,,,,,,,,,,
56,15989,,,,,0.6099692583084106,,,,,,,,,,,
56,15999,,,,,0.5044702291488647,,,,,,,,,,,
56,16009,,,,,0.4619036018848419,,,,,,,,,,,
56,16019,,,,,0.4816822111606598,,,,,,,,,,,
56,16029,,,,,0.5179823040962219,,,,,,,,,,,
56,16039,,,,,0.46203798055648804,,,,,,,,,,,
56,16049,,,,,0.522087037563324,,,,,,,,,,,
56,16059,,,,,0.5146257877349854,,,,,,,,,,,
56,16069,,,,,0.5443364977836609,,,,,,,,,,,
56,16079,,,,,0.471874862909317,,,,,,,,,,,
56,16089,,,,,0.5110043883323669,,,,,,,,,,,
56,16099,,,,,0.49410200119018555,,,,,,,,,,,
56,16109,,,,,0.5533800721168518,,,,,,,,,,,
56,16119,,,,,0.46905460953712463,,,,,,,,,,,
56,16129,,,,,0.5114743113517761,,,,,,,,,,,
56,56,0.49999987863490775,65.11113912020187,,,,,,,,,,,,,,
56,16130,,,,,,0.4990547001361847,,,,,,,,,,
57,16139,,,,,0.4781339764595032,,,,,,,,,,,
57,16149,,,,,0.434463769197464,,,,,,,,,,,
57,16159,,,,,0.480878084897995,,,,,,,,,,,
57,16169,,,,,0.460664302110672,,,,,,,,,,,
57,16179,,,,,0.5687796473503113,,,,,,,,,,,
57,16189,,,,,0.4969468414783478,,,,,,,,,,,
57,16199,,,,,0.5666505694389343,,,,,,,,,,,
57,16209,,,,,0.5619691014289856,,,,,,,,,,,
57,16219,,,,,0.5552169680595398,,,,,,,,,,,
57,16229,,,,,0.48587197065353394,,,,,,,,,,,
57,16239,,,,,0.49299174547195435,,,,,,,,,,,
57,16249,,,,,0.4954138696193695,,,,,,,,,,,
57,16259,,,,,0.4411838948726654,,,,,,,,,,,
57,16269,,,,,0.4161161780357361,,,,,,,,,,,
57,16279,,,,,0.47176510095596313,,,,,,,,,,,
57,16289,,,,,0.5271928310394287,,,,,,,,,,,
57,16299,,,,,0.4973148703575134,,,,,,,,,,,
57,16309,,,,,0.498806893825531,,,,,,,,,,,
57,16319,,,,,0.47479626536369324,,,,,,,,,,,
57,16329,,,,,0.4992291331291199,,,,,,,,,,,
57,16339,,,,,0.5634700059890747,,,,,,,,,,,
57,16349,,,,,0.49040934443473816,,,,,,,,,,,
57,16359,,,,,0.4885825514793396,,,,,,,,,,,
57,16369,,,,,0.5356670022010803,,,,,,,,,,,
57,16379,,,,,0.47293126583099365,,,,,,,,,,,
57,16389,,,,,0.46805334091186523,,,,,,,,,,,
57,16399,,,,,0.4561076760292053,,,,,,,,,,,
57,16409,,,,,0.47488969564437866,,,,,,,,,,,
57,57,0.49999987822430986,65.24182009806515,,,,,,,,,,,,,,
57,16413,,,,,,0.4918989837169647,,,,,,,,,,
58,16419,,,,,0.47223302721977234,,,,,,,,,,,
58,16429,,,,,0.4793427586555481,,,,,,,,,,,
58,16439,,,,,0.447117418050766,,,,,,,,,,,
58,16449,,,,,0.4498661160469055,,,,,,,,,,,
58,16459,,,,,0.4760703444480896,,,,,,,,,,,
58,16469,,,,,0.47676005959510803,,,,,,,,,,,
58,16479,,,,,0.4624532461166382,,,,,,,,,,,
58,16489,,,,,0.4801084101200104,,,,,,,,,,,
58,16499,,,,,0.45776721835136414,,,,,,,,,,,
58,16509,,,,,0.4760161340236664,,,,,,,,,,,
58,16519,,,,,0.49996083974838257,,,,,,,,,,,
58,16529,,,,,0.4616188406944275,,,,,,,,,,,
58,16539,,,,,0.4577018916606903,,,,,,,,,,,
58,16549,,,,,0.4965601861476898,,,,,,,,,,,
58,16559,,,,,0.5129334926605225,,,,,,,,,,,
58,16569,,,,,0.4528071880340576,,,,,,,,,,,
58,16579,,,,,0.48149943351745605,,,,,,,,,,,
58,16589,,,,,0.5451071858406067,,,,,,,,,,,
58,16599,,,,,0.4249091148376465,,,,,,,,,,,
58,16609,,,,,0.5544275641441345,,,,,,,,,,,
58,16619,,,,,0.4636157751083374,,,,,,,,,,,
58,16629,,,,,0.48157989978790283,,,,,,,,,,,
58,16639,,,,,0.5371093153953552,,,,,,,,,,,
58,16649,,,,,0.5575913190841675,,,,,,,,,,,
58,16659,,,,,0.5578605532646179,,,,,,,,,,,
58,16669,,,,,0.5468646883964539,,,,,,,,,,,
58,16679,,,,,0.5046694278717041,,,,,,,,,,,
58,16689,,,,,0.5058700442314148,,,,,,,,,,,
58,58,0.49999987584420014,65.37989912073515,,,,,,,,,,,,,,
58,16696,,,,,,0.4811570346355438,,,,,,,,,,
59,16699,,,,,0.47358158230781555,,,,,,,,,,,
59,16709,,,,,0.5080658197402954,,,,,,,,,,,
59,16719,,,,,0.4238106906414032,,,,,,,,,,,
59,16729,,,,,0.505754828453064,,,,,,,,,,,
59,16739,,,,,0.4255817234516144,,,,,,,,,,,
59,16749,,,,,0.4524426758289337,,,,,,,,,,,
59,16759,,,,,0.4746730327606201,,,,,,,,,,,
59,16769,,,,,0.4813992977142334,,,,,,,,,,,
59,16779,,,,,0.43384385108947754,,,,,,,,,,,
59,16789,,,,,0.49942097067832947,,,,,,,,,,,
59,16799,,,,,0.48169028759002686,,,,,,,,,,,
59,16809,,,,,0.520391047000885,,,,,,,,,,,
59,16819,,,,,0.4738618731498718,,,,,,,,,,,
59,16829,,,,,0.5158408880233765,,,,,,,,,,,
59,16839,,,,,0.530795693397522,,,,,,,,,,,
59,16849,,,,,0.47123533487319946,,,,,,,,,,,
59,16859,,,,,0.4832894802093506,,,,,,,,,,,
59,16869,,,,,0.4472118318080902,,,,,,,,,,,
59,16879,,,,,0.4940989315509796,,,,,,,,,,,
59,16889,,,,,0.5312032699584961,,,,,,,,,,,
59,16899,,,,,0.5878462195396423,,,,,,,,,,,
59,16909,,,,,0.4387788474559784,,,,,,,,,,,
59,16919,,,,,0.41141384840011597,,,,,,,,,,,
59,16929,,,,,0.48780542612075806,,,,,,,,,,,
59,16939,,,,,0.43121537566185,,,,,,,,,,,
59,16949,,,,,0.5114920139312744,,,,,,,,,,,
59,16959,,,,,0.47496578097343445,,,,,,,,,,,
59,16969,,,,,0.47554725408554077,,,,,,,,,,,
59,16979,,,,,0.41589853167533875,,,,,,,,,,,
59,59,,,0.9751240611076355,0.3692137598991394,,,0.43343489941851115,0.4229510426521301,,0.8739356994628906,,0.18250441551208496,,0.7707286561478157,,0.19342882931232452
59,16979,,,,,,,,,0.8739356994628906,,0.18250441551208496,,0.7707287669181824,,0.19342882931232452,
59,59,0.4999998776580272,65.51736290585706,,,,,,,,,,,,,,
59,16979,,,,,,0.4769960045814514,,,,,,,,,,
60,16989,,,,,0.47754400968551636,,,,,,,,,,,
60,16999,,,,,0.5126214623451233,,,,,,,,,,,
60,17009,,,,,0.4476339519023895,,,,,,,,,,,
60,17019,,,,,0.414634108543396,,,,,,,,,,,
60,17029,,,,,0.4480174481868744,,,,,,,,,,,
60,17039,,,,,0.41643908619880676,,,,,,,,,,,
60,17049,,,,,0.46116921305656433,,,,,,,,,,,
60,17059,,,,,0.49266743659973145,,,,,,,,,,,
60,17069,,,,,0.513573944568634,,,,,,,,,,,
60,17079,,,,,0.5165044069290161,,,,,,,,,,,
60,17089,,,,,0.536114513874054,,,,,,,,,,,
60,17099,,,,,0.4759340286254883,,,,,,,,,,,
60,17109,,,,,0.4843031167984009,,,,,,,,,,,
60,17119,,,,,0.5008276700973511,,,,,,,,,,,
60,17129,,,,,0.5229375958442688,,,,,,,,,,,
60,17139,,,,,0.4312795102596283,,,,,,,,,,,
60,17149,,,,,0.46234965324401855,,,,,,,,,,,
60,17159,,,,,0.4487488269805908,,,,,,,,,,,
60,17169,,,,,0.5272715091705322,,,,,,,,,,,
60,17179,,,,,0.46346959471702576,,,,,,,,,,,
60,17189,,,,,0.5240983366966248,,,,,,,,,,,
60,17199,,,,,0.46198955178260803,,,,,,,,,,,
60,17209,,,,,0.43399372696876526,,,,,,,,,,,
60,17219,,,,,0.45266011357307434,,,,,,,,,,,
60,17229,,,,,0.46496647596359253,,,,,,,,,,,
60,17239,,,,,0.4549141824245453,,,,,,,,,,,
60,17249,,,,,0.46916303038597107,,,,,,,,,,,
60,17259,,,,,0.4386236071586609,,,,,,,,,,,
60,60,0.49999988693171715,65.6478491443317,,,,,,,,,,,,,,
60,17262,,,,,,0.4695330560207367,,,,,,,,,,
61,17269,,,,,0.5418969988822937,,,,,,,,,,,
61,17279,,,,,0.3987663686275482,,,,,,,,,,,
61,17289,,,,,0.4179169237613678,,,,,,,,,,,
61,17299,,,,,0.4546595811843872,,,,,,,,,,,
61,17309,,,,,0.5007444620132446,,,,,,,,,,,
61,17319,,,,,0.4809800088405609,,,,,,,,,,,
61,17329,,,,,0.45152735710144043,,,,,,,,,,,
61,17339,,,,,0.44478482007980347,,,,,,,,,,,
61,17349,,,,,0.41570162773132324,,,,,,,,,,,
61,17359,,,,,0.4965597093105316,,,,,,,,,,,
61,17369,,,,,0.4208807349205017,,,,,,,,,,,
61,17379,,,,,0.4649386405944824,,,,,,,,,,,
61,17389,,,,,0.4535447061061859,,,,,,,,,,,
61,17399,,,,,0.4867137372493744,,,,,,,,,,,
61,17409,,,,,0.48474621772766113,,,,,,,,,,,
61,17419,,,,,0.4061507284641266,,,,,,,,,,,
61,17429,,,,,0.46756601333618164,,,,,,,,,,,
61,17439,,,,,0.4799783527851105,,,,,,,,,,,
61,17449,,,,,0.46852368116378784,,,,,,,,,,,
61,17459,,,,,0.4546669125556946,,,,,,,,,,,
61,17469,,,,,0.4078969657421112,,,,,,,,,,,
61,17479,,,,,0.4674769937992096,,,,,,,,,,,
61,17489,,,,,0.4294813871383667,,,,,,,,,,,
61,17499,,,,,0.4337475299835205,,,,,,,,,,,
61,17509,,,,,0.44046229124069214,,,,,,,,,,,
61,17519,,,,,0.4440133273601532,,,,,,,,,,,
61,17529,,,,,0.44661447405815125,,,,,,,,,,,
61,17539,,,,,0.4593532383441925,,,,,,,,,,,
61,61,0.4999998678452245,65.77750541203291,,,,,,,,,,,,,,
61,17545,,,,,,0.4616086184978485,,,,,,,,,,
62,17549,,,,,0.4181688129901886,,,,,,,,,,,
62,17559,,,,,0.4539119005203247,,,,,,,,,,,
62,17569,,,,,0.41041675209999084,,,,,,,,,,,
62,17579,,,,,0.40908023715019226,,,,,,,,,,,
62,17589,,,,,0.4083859324455261,,,,,,,,,,,
62,17599,,,,,0.46650055050849915,,,,,,,,,,,
62,17609,,,,,0.3982895016670227,,,,,,,,,,,
62,17619,,,,,0.45696136355400085,,,,,,,,,,,
62,17629,,,,,0.44863221049308777,,,,,,,,,,,
62,17639,,,,,0.4337306022644043,,,,,,,,,,,
62,17649,,,,,0.4321722388267517,,,,,,,,,,,
62,17659,,,,,0.47942960262298584,,,,,,,,,,,
62,17669,,,,,0.4306476414203644,,,,,,,,,,,
62,17679,,,,,0.45925185084342957,,,,,,,,,,,
62,17689,,,,,0.36617591977119446,,,,,,,,,,,
62,17699,,,,,0.45015275478363037,,,,,,,,,,,
62,17709,,,,,0.5414430499076843,,,,,,,,,,,
62,17719,,,,,0.4476184546947479,,,,,,,,,,,
62,17729,,,,,0.4928044378757477,,,,,,,,,,,
62,17739,,,,,0.4465278089046478,,,,,,,,,,,
62,17749,,,,,0.5151970982551575,,,,,,,,,,,
62,17759,,,,,0.486574649810791,,,,,,,,,,,
62,17769,,,,,0.5078738331794739,,,,,,,,,,,
62,17779,,,,,0.3805016279220581,,,,,,,,,,,
62,17789,,,,,0.4485091269016266,,,,,,,,,,,
62,17799,,,,,0.4916114807128906,,,,,,,,,,,
62,17809,,,,,0.49571168422698975,,,,,,,,,,,
62,17819,,,,,0.472246915102005,,,,,,,,,,,
62,62,0.4999998733511947,65.90514650880586,,,,,,,,,,,,,,
62,17828,,,,,,0.45674145221710205,,,,,,,,,,
63,17829,,,,,0.434696763753891,,,,,,,,,,,
63,17839,,,,,0.4515964090824127,,,,,,,,,,,
63,17849,,,,,0.45459458231925964,,,,,,,,,,,
63,17859,,,,,0.4197777211666107,,,,,,,,,,,
63,17869,,,,,0.4535924196243286,,,,,,,,,,,
63,17879,,,,,0.4482244551181793,,,,,,,,,,,
63,17889,,,,,0.41151952743530273,,,,,,,,,,,
63,17899,,,,,0.4992730915546417,,,,,,,,,,,
63,17909,,,,,0.5238508582115173,,,,,,,,,,,
63,17919,,,,,0.42306458950042725,,,,,,,,,,,
63,17929,,,,,0.42990851402282715,,,,,,,,,,,
63,17939,,,,,0.4850322902202606,,,,,,,,,,,
63,17949,,,,,0.4805039167404175,,,,,,,,,,,
63,17959,,,,,0.42431139945983887,,,,,,,,,,,
63,17969,,,,,0.4609168767929077,,,,,,,,,,,
63,17979,,,,,0.47454383969306946,,,,,,,,,,,
63,17989,,,,,0.4338092505931854,,,,,,,,,,,
63,17999,,,,,0.41731056571006775,,,,,,,,,,,
63,18009,,,,,0.4782184660434723,,,,,,,,,,,
63,18019,,,,,0.4108404517173767,,,,,,,,,,,
63,18029,,,,,0.4781307578086853,,,,,,,,,,,
63,18039,,,,,0.38464123010635376,,,,,,,,,,,
63,18049,,,,,0.3063836395740509,,,,,,,,,,,
63,18059,,,,,0.4597817659378052,,,,,,,,,,,
63,18069,,,,,0.4460511803627014,,,,,,,,,,,
63,18079,,,,,0.43879473209381104,,,,,,,,,,,
63,18089,,,,,0.44879150390625,,,,,,,,,,,
63,18099,,,,,0.5049269199371338,,,,,,,,,,,
63,18109,,,,,0.39629942178726196,,,,,,,,,,,
63,63,0.49999987265146834,66.03172518654583,,,,,,,,,,,,,,
63,18111,,,,,,0.4478594958782196,,,,,,,,,,
64,18119,,,,,0.44438815116882324,,,,,,,,,,,
64,18129,,,,,0.44572606682777405,,,,,,,,,,,
64,18139,,,,,0.4080330729484558,,,,,,,,,,,
64,18149,,,,,0.4340018928050995,,,,,,,,,,,
64,18159,,,,,0.4272078573703766,,,,,,,,,,,
64,18169,,,,,0.4600694477558136,,,,,,,,,,,
64,18179,,,,,0.47979071736335754,,,,,,,,,,,
64,18189,,,,,0.44940564036369324,,,,,,,,,,,
64,18199,,,,,0.4518173635005951,,,,,,,,,,,
64,18209,,,,,0.3938944637775421,,,,,,,,,,,
64,18219,,,,,0.4257103502750397,,,,,,,,,,,
64,18229,,,,,0.42276832461357117,,,,,,,,,,,
64,18239,,,,,0.43280529975891113,,,,,,,,,,,
64,18249,,,,,0.45315632224082947,,,,,,,,,,,
64,18259,,,,,0.4680681824684143,,,,,,,,,,,
64,18269,,,,,0.4298584461212158,,,,,,,,,,,
64,18279,,,,,0.41317975521087646,,,,,,,,,,,
64,18289,,,,,0.45732760429382324,,,,,,,,,,,
64,18299,,,,,0.3919265568256378,,,,,,,,,,,
64,18309,,,,,0.4015052616596222,,,,,,,,,,,
64,18319,,,,,0.44240355491638184,,,,,,,,,,,
64,18329,,,,,0.40376681089401245,,,,,,,,,,,
64,18339,,,,,0.45219752192497253,,,,,,,,,,,
64,18349,,,,,0.432127445936203,,,,,,,,,,,
64,18359,,,,,0.4563327133655548,,,,,,,,,,,
64,18369,,,,,0.4747275114059448,,,,,,,,,,,
64,18379,,,,,0.48565271496772766,,,,,,,,,,,
64,18389,,,,,0.4429331123828888,,,,,,,,,,,
64,64,0.4999998734834706,66.1646046558534,,,,,,,,,,,,,,
64,18394,,,,,,0.4385778307914734,,,,,,,,,,
65,18399,,,,,0.3750399649143219,,,,,,,,,,,
65,18409,,,,,0.43920210003852844,,,,,,,,,,,
65,18419,,,,,0.4151456356048584,,,,,,,,,,,
65,18429,,,,,0.503833532333374,,,,,,,,,,,
65,18439,,,,,0.3934265971183777,,,,,,,,,,,
65,18449,,,,,0.4223051965236664,,,,,,,,,,,
65,18459,,,,,0.4307534396648407,,,,,,,,,,,
65,18469,,,,,0.4370434582233429,,,,,,,,,,,
65,18479,,,,,0.5126447677612305,,,,,,,,,,,
65,18489,,,,,0.41058349609375,,,,,,,,,,,
65,18499,,,,,0.4192054569721222,,,,,,,,,,,
65,18509,,,,,0.4476604759693146,,,,,,,,,,,
65,18519,,,,,0.40086036920547485,,,,,,,,,,,
65,18529,,,,,0.433861643075943,,,,,,,,,,,
65,18539,,,,,0.39807403087615967,,,,,,,,,,,
65,18549,,,,,0.3882504999637604,,,,,,,,,,,
65,18559,,,,,0.5006593465805054,,,,,,,,,,,
65,18569,,,,,0.39780598878860474,,,,,,,,,,,
65,18579,,,,,0.4498750567436218,,,,,,,,,,,
65,18589,,,,,0.4025419354438782,,,,,,,,,,,
65,18599,,,,,0.45377323031425476,,,,,,,,,,,
65,18609,,,,,0.45971816778182983,,,,,,,,,,,
65,18619,,,,,0.434304416179657,,,,,,,,,,,
65,18629,,,,,0.4453325569629669,,,,,,,,,,,
65,18639,,,,,0.4620167911052704,,,,,,,,,,,
65,18649,,,,,0.4414709508419037,,,,,,,,,,,
65,18659,,,,,0.5043979287147522,,,,,,,,,,,
65,18669,,,,,0.42927801609039307,,,,,,,,,,,
65,65,0.4999998727186084,66.29459918190469,,,,,,,,,,,,,,
65,18677,,,,,,0.4324064254760742,,,,,,,,,,
66,18679,,,,,0.39108091592788696,,,,,,,,,,,
66,18689,,,,,0.40129244327545166,,,,,,,,,,,
66,18699,,,,,0.4290655553340912,,,,,,,,,,,
66,18709,,,,,0.3648829460144043,,,,,,,,,,,
66,18719,,,,,0.4112166166305542,,,,,,,,,,,
66,18729,,,,,0.4079006314277649,,,,,,,,,,,
66,18739,,,,,0.3705044686794281,,,,,,,,,,,
66,18749,,,,,0.4294297695159912,,,,,,,,,,,
66,18759,,,,,0.3900804817676544,,,,,,,,,,,
66,18769,,,,,0.47203338146209717,,,,,,,,,,,
66,18779,,,,,0.41262248158454895,,,,,,,,,,,
66,18789,,,,,0.4015854299068451,,,,,,,,,,,
66,18799,,,,,0.48796796798706055,,,,,,,,,,,
66,18809,,,,,0.4021364152431488,,,,,,,,,,,
66,18819,,,,,0.4442036747932434,,,,,,,,,,,
66,18829,,,,,0.4373030364513397,,,,,,,,,,,
66,18839,,,,,0.4746852517127991,,,,,,,,,,,
66,18849,,,,,0.3696300685405731,,,,,,,,,,,
66,18859,,,,,0.4486405551433563,,,,,,,,,,,
66,18869,,,,,0.3907212018966675,,,,,,,,,,,
66,18879,,,,,0.3741866648197174,,,,,,,,,,,
66,18889,,,,,0.41741690039634705,,,,,,,,,,,
66,18899,,,,,0.37083664536476135,,,,,,,,,,,
66,18909,,,,,0.42084357142448425,,,,,,,,,,,
66,18919,,,,,0.4117332994937897,,,,,,,,,,,
66,18929,,,,,0.4238188862800598,,,,,,,,,,,
66,18939,,,,,0.44017285108566284,,,,,,,,,,,
66,18949,,,,,0.4825311303138733,,,,,,,,,,,
66,18959,,,,,0.47609367966651917,,,,,,,,,,,
66,66,0.4999998905397739,66.41977704282014,,,,,,,,,,,,,,
66,18960,,,,,,0.4257487654685974,,,,,,,,,,
67,18969,,,,,0.4701165556907654,,,,,,,,,,,
67,18979,,,,,0.4506625831127167,,,,,,,,,,,
67,18989,,,,,0.42649102210998535,,,,,,,,,,,
67,18999,,,,,0.43987810611724854,,,,,,,,,,,
67,19009,,,,,0.39339369535446167,,,,,,,,,,,
67,19019,,,,,0.4790862500667572,,,,,,,,,,,
67,19029,,,,,0.38450559973716736,,,,,,,,,,,
67,19039,,,,,0.42177915573120117,,,,,,,,,,,
67,19049,,,,,0.36632218956947327,,,,,,,,,,,
67,19059,,,,,0.4582526385784149,,,,,,,,,,,
67,19069,,,,,0.45858970284461975,,,,,,,,,,,
67,19079,,,,,0.3891947567462921,,,,,,,,,,,
67,19089,,,,,0.39841577410697937,,,,,,,,,,,
67,19099,,,,,0.3963441848754883,,,,,,,,,,,
67,19109,,,,,0.403069406747818,,,,,,,,,,,
67,19119,,,,,0.3927956819534302,,,,,,,,,,,
67,19129,,,,,0.3704841434955597,,,,,,,,,,,
67,19139,,,,,0.4152649939060211,,,,,,,,,,,
67,19149,,,,,0.43889889121055603,,,,,,,,,,,
67,19159,,,,,0.37909603118896484,,,,,,,,,,,
67,19169,,,,,0.39781588315963745,,,,,,,,,,,
67,19179,,,,,0.47161155939102173,,,,,,,,,,,
67,19189,,,,,0.4444163143634796,,,,,,,,,,,
67,19199,,,,,0.4591901898384094,,,,,,,,,,,
67,19209,,,,,0.46489694714546204,,,,,,,,,,,
67,19219,,,,,0.4079799950122833,,,,,,,,,,,
67,19229,,,,,0.47840213775634766,,,,,,,,,,,
67,19239,,,,,0.43124639987945557,,,,,,,,,,,
67,67,0.4999998878669287,66.54350788359277,,,,,,,,,,,,,,
67,19243,,,,,,0.4191023111343384,,,,,,,,,,
68,19249,,,,,0.450271338224411,,,,,,,,,,,
68,19259,,,,,0.34941449761390686,,,,,,,,,,,
68,19269,,,,,0.42075422406196594,,,,,,,,,,,
68,19279,,,,,0.4248958230018616,,,,,,,,,,,
68,19289,,,,,0.3860071301460266,,,,,,,,,,,
68,19299,,,,,0.3372354805469513,,,,,,,,,,,
68,19309,,,,,0.44370895624160767,,,,,,,,,,,
68,19319,,,,,0.41010361909866333,,,,,,,,,,,
68,19329,,,,,0.3771667778491974,,,,,,,,,,,
68,19339,,,,,0.40657952427864075,,,,,,,,,,,
68,19349,,,,,0.42040112614631653,,,,,,,,,,,
68,19359,,,,,0.3565051853656769,,,,,,,,,,,
68,19369,,,,,0.3814413249492645,,,,,,,,,,,
68,19379,,,,,0.3161754906177521,,,,,,,,,,,
68,19389,,,,,0.40142762660980225,,,,,,,,,,,
68,19399,,,,,0.354171484708786,,,,,,,,,,,
68,19409,,,,,0.4755929112434387,,,,,,,,,,,
68,19419,,,,,0.41669997572898865,,,,,,,,,,,
68,19429,,,,,0.3735055923461914,,,,,,,,,,,
68,19439,,,,,0.3746880888938904,,,,,,,,,,,
68,19449,,,,,0.424559623003006,,,,,,,,,,,
68,19459,,,,,0.4089009165763855,,,,,,,,,,,
68,19469,,,,,0.40648460388183594,,,,,,,,,,,
68,19479,,,,,0.5113837718963623,,,,,,,,,,,
68,19489,,,,,0.39597228169441223,,,,,,,,,,,
68,19499,,,,,0.3992205560207367,,,,,,,,,,,
68,19509,,,,,0.43354034423828125,,,,,,,,,,,
68,19519,,,,,0.44283241033554077,,,,,,,,,,,
68,68,0.499999880570984,66.66488080935437,,,,,,,,,,,,,,
68,19526,,,,,,0.4110862612724304,,,,,,,,,,
69,19529,,,,,0.35905686020851135,,,,,,,,,,,
69,19539,,,,,0.42163538932800293,,,,,,,,,,,
69,19549,,,,,0.38081473112106323,,,,,,,,,,,
69,19559,,,,,0.34949061274528503,,,,,,,,,,,
69,19569,,,,,0.36659154295921326,,,,,,,,,,,
69,19579,,,,,0.4364217519760132,,,,,,,,,,,
69,19589,,,,,0.3484175503253937,,,,,,,,,,,
69,19599,,,,,0.3739166557788849,,,,,,,,,,,
69,19609,,,,,0.4164749085903168,,,,,,,,,,,
69,19619,,,,,0.3950939178466797,,,,,,,,,,,
69,19629,,,,,0.422777384519577,,,,,,,,,,,
69,19639,,,,,0.3337167501449585,,,,,,,,,,,
69,19649,,,,,0.3874727487564087,,,,,,,,,,,
69,19659,,,,,0.4234529733657837,,,,,,,,,,,
69,19669,,,,,0.43936046957969666,,,,,,,,,,,
69,19679,,,,,0.44407233595848083,,,,,,,,,,,
69,19689,,,,,0.3822568356990814,,,,,,,,,,,
69,19699,,,,,0.40077292919158936,,,,,,,,,,,
69,19709,,,,,0.4253469407558441,,,,,,,,,,,
69,19719,,,,,0.3834955096244812,,,,,,,,,,,
69,19729,,,,,0.4488607347011566,,,,,,,,,,,
69,19739,,,,,0.38701045513153076,,,,,,,,,,,
69,19749,,,,,0.4033091962337494,,,,,,,,,,,
69,19759,,,,,0.37743765115737915,,,,,,,,,,,
69,19769,,,,,0.4597521722316742,,,,,,,,,,,
69,19779,,,,,0.3986552357673645,,,,,,,,,,,
69,19789,,,,,0.4728212356567383,,,,,,,,,,,
69,19799,,,,,0.4356326758861542,,,,,,,,,,,
69,19809,,,,,0.3867361843585968,,,,,,,,,,,
69,69,,,0.9842445254325867,0.46643632650375366,,,0.36280376261890906,0.527878999710083,,0.8765790462493896,,0.2039947807788849,,0.8256306379881441,,0.20669284462928772
69,19809,,,,,,,,,0.8765790462493896,,0.2039947807788849,,0.8256304860115051,,0.20669284462928772,
69,69,0.4999998712801622,66.78607945576739,,,,,,,,,,,,,,
69,19809,,,,,,0.404998242855072,,,,,,,,,,
70,19819,,,,,0.4581657350063324,,,,,,,,,,,
70,19829,,,,,0.44884970784187317,,,,,,,,,,,
70,19839,,,,,0.367194265127182,,,,,,,,,,,
70,19849,,,,,0.3606858551502228,,,,,,,,,,,
70,19859,,,,,0.37722399830818176,,,,,,,,,,,
70,19869,,,,,0.3992873430252075,,,,,,,,,,,
70,19879,,,,,0.38252338767051697,,,,,,,,,,,
70,19889,,,,,0.40340957045555115,,,,,,,,,,,
70,19899,,,,,0.36686524748802185,,,,,,,,,,,
70,19909,,,,,0.457073450088501,,,,,,,,,,,
70,19919,,,,,0.35285061597824097,,,,,,,,,,,
70,19929,,,,,0.4013809263706207,,,,,,,,,,,
70,19939,,,,,0.4120277762413025,,,,,,,,,,,
70,19949,,,,,0.43369224667549133,,,,,,,,,,,
70,19959,,,,,0.4327825605869293,,,,,,,,,,,
70,19969,,,,,0.39027470350265503,,,,,,,,,,,
70,19979,,,,,0.38181272149086,,,,,,,,,,,
70,19989,,,,,0.4653611183166504,,,,,,,,,,,
70,19999,,,,,0.417537659406662,,,,,,,,,,,
70,20009,,,,,0.40571328997612,,,,,,,,,,,
70,20019,,,,,0.3530455231666565,,,,,,,,,,,
70,20029,,,,,0.4457979202270508,,,,,,,,,,,
70,20039,,,,,0.38070058822631836,,,,,,,,,,,
70,20049,,,,,0.44708842039108276,,,,,,,,,,,
70,20059,,,,,0.5644299983978271,,,,,,,,,,,
70,20069,,,,,0.4614165425300598,,,,,,,,,,,
70,20079,,,,,0.42271995544433594,,,,,,,,,,,
70,20089,,,,,0.42761728167533875,,,,,,,,,,,
70,70,0.4999998826032621,66.90642115736588,,,,,,,,,,,,,,
70,20092,,,,,,0.399776428937912,,,,,,,,,,
71,20099,,,,,0.4278098940849304,,,,,,,,,,,
71,20109,,,,,0.41956034302711487,,,,,,,,,,,
71,20119,,,,,0.3740818202495575,,,,,,,,,,,
71,20129,,,,,0.3421577215194702,,,,,,,,,,,
71,20139,,,,,0.3808860182762146,,,,,,,,,,,
71,20149,,,,,0.35499709844589233,,,,,,,,,,,
71,20159,,,,,0.470611572265625,,,,,,,,,,,
71,20169,,,,,0.4188370704650879,,,,,,,,,,,
71,20179,,,,,0.4171508550643921,,,,,,,,,,,
71,20189,,,,,0.3950929343700409,,,,,,,,,,,
71,20199,,,,,0.40481507778167725,,,,,,,,,,,
71,20209,,,,,0.351574569940567,,,,,,,,,,,
71,20219,,,,,0.3801814913749695,,,,,,,,,,,
71,20229,,,,,0.3924860954284668,,,,,,,,,,,
71,20239,,,,,0.39515456557273865,,,,,,,,,,,
71,20249,,,,,0.34687021374702454,,,,,,,,,,,
71,20259,,,,,0.3683595359325409,,,,,,,,,,,
71,20269,,,,,0.42720428109169006,,,,,,,,,,,
71,20279,,,,,0.40960198640823364,,,,,,,,,,,
71,20289,,,,,0.3674730062484741,,,,,,,,,,,
71,20299,,,,,0.4443298578262329,,,,,,,,,,,
71,20309,,,,,0.4027988314628601,,,,,,,,,,,
71,20319,,,,,0.32107460498809814,,,,,,,,,,,
71,20329,,,,,0.4094129502773285,,,,,,,,,,,
71,20339,,,,,0.38597655296325684,,,,,,,,,,,
71,20349,,,,,0.3508963882923126,,,,,,,,,,,
71,20359,,,,,0.41887167096138,,,,,,,,,,,
71,20369,,,,,0.44547247886657715,,,,,,,,,,,
71,71,0.4999998752040837,67.02808514728,,,,,,,,,,,,,,
71,20375,,,,,,0.3926423490047455,,,,,,,,,,
72,20379,,,,,0.37409326434135437,,,,,,,,,,,
72,20389,,,,,0.39382895827293396,,,,,,,,,,,
72,20399,,,,,0.3946346938610077,,,,,,,,,,,
72,20409,,,,,0.45686471462249756,,,,,,,,,,,
72,20419,,,,,0.4959135949611664,,,,,,,,,,,
72,20429,,,,,0.34613674879074097,,,,,,,,,,,
72,20439,,,,,0.41421741247177124,,,,,,,,,,,
72,20449,,,,,0.3903880715370178,,,,,,,,,,,
72,20459,,,,,0.3310803771018982,,,,,,,,,,,
72,20469,,,,,0.35165151953697205,,,,,,,,,,,
72,20479,,,,,0.39628341794013977,,,,,,,,,,,
72,20489,,,,,0.32711708545684814,,,,,,,,,,,
72,20499,,,,,0.3751395642757416,,,,,,,,,,,
72,20509,,,,,0.4118978679180145,,,,,,,,,,,
72,20519,,,,,0.33334141969680786,,,,,,,,,,,
72,20529,,,,,0.3994908332824707,,,,,,,,,,,
72,20539,,,,,0.3798249661922455,,,,,,,,,,,
72,20549,,,,,0.37474238872528076,,,,,,,,,,,
72,20559,,,,,0.4042867124080658,,,,,,,,,,,
72,20569,,,,,0.3796095550060272,,,,,,,,,,,
72,20579,,,,,0.43305325508117676,,,,,,,,,,,
72,20589,,,,,0.39860770106315613,,,,,,,,,,,
72,20599,,,,,0.33157750964164734,,,,,,,,,,,
72,20609,,,,,0.3865302801132202,,,,,,,,,,,
72,20619,,,,,0.37284454703330994,,,,,,,,,,,
72,20629,,,,,0.38103920221328735,,,,,,,,,,,
72,20639,,,,,0.3528759777545929,,,,,,,,,,,
72,20649,,,,,0.34188225865364075,,,,,,,,,,,
72,72,0.49999988645610693,67.14785094932525,,,,,,,,,,,,,,
72,20658,,,,,,0.3852749168872833,,,,,,,,,,
73,20659,,,,,0.3553885519504547,,,,,,,,,,,
73,20669,,,,,0.3658674657344818,,,,,,,,,,,
73,20679,,,,,0.39121532440185547,,,,,,,,,,,
73,20689,,,,,0.3183344304561615,,,,,,,,,,,
73,20699,,,,,0.36523833870887756,,,,,,,,,,,
73,20709,,,,,0.40570124983787537,,,,,,,,,,,
73,20719,,,,,0.39255914092063904,,,,,,,,,,,
73,20729,,,,,0.34986549615859985,,,,,,,,,,,
73,20739,,,,,0.37395697832107544,,,,,,,,,,,
73,20749,,,,,0.3927202820777893,,,,,,,,,,,
73,20759,,,,,0.37353217601776123,,,,,,,,,,,
73,20769,,,,,0.42126786708831787,,,,,,,,,,,
73,20779,,,,,0.4009420573711395,,,,,,,,,,,
73,20789,,,,,0.37665751576423645,,,,,,,,,,,
73,20799,,,,,0.3749348521232605,,,,,,,,,,,
73,20809,,,,,0.3819502294063568,,,,,,,,,,,
73,20819,,,,,0.3810310363769531,,,,,,,,,,,
73,20829,,,,,0.38300180435180664,,,,,,,,,,,
73,20839,,,,,0.3616142272949219,,,,,,,,,,,
73,20849,,,,,0.41281235218048096,,,,,,,,,,,
73,20859,,,,,0.39096441864967346,,,,,,,,,,,
73,20869,,,,,0.4228786826133728,,,,,,,,,,,
73,20879,,,,,0.3905653953552246,,,,,,,,,,,
73,20889,,,,,0.3967256247997284,,,,,,,,,,,
73,20899,,,,,0.3576394021511078,,,,,,,,,,,
73,20909,,,,,0.4203091859817505,,,,,,,,,,,
73,20919,,,,,0.3728279173374176,,,,,,,,,,,
73,20929,,,,,0.34228551387786865,,,,,,,,,,,
73,20939,,,,,0.36226364970207214,,,,,,,,,,,
73,73,0.4999998916898209,67.26204269651635,,,,,,,,,,,,,,
73,20941,,,,,,0.380190372467041,,,,,,,,,,
74,20949,,,,,0.37556543946266174,,,,,,,,,,,
74,20959,,,,,0.4163932502269745,,,,,,,,,,,
74,20969,,,,,0.38695353269577026,,,,,,,,,,,
74,20979,,,,,0.35100170969963074,,,,,,,,,,,
74,20989,,,,,0.3272819519042969,,,,,,,,,,,
74,20999,,,,,0.3256145715713501,,,,,,,,,,,
74,21009,,,,,0.3331011235713959,,,,,,,,,,,
74,21019,,,,,0.3759881258010864,,,,,,,,,,,
74,21029,,,,,0.35894012451171875,,,,,,,,,,,
74,21039,,,,,0.3774895966053009,,,,,,,,,,,
74,21049,,,,,0.3757745027542114,,,,,,,,,,,
74,21059,,,,,0.4355359375476837,,,,,,,,,,,
74,21069,,,,,0.3799504041671753,,,,,,,,,,,
74,21079,,,,,0.3691196143627167,,,,,,,,,,,
74,21089,,,,,0.39708587527275085,,,,,,,,,,,
74,21099,,,,,0.40277624130249023,,,,,,,,,,,
74,21109,,,,,0.38936010003089905,,,,,,,,,,,
74,21119,,,,,0.4323495626449585,,,,,,,,,,,
74,21129,,,,,0.38611266016960144,,,,,,,,,,,
74,21139,,,,,0.43568480014801025,,,,,,,,,,,
74,21149,,,,,0.39774027466773987,,,,,,,,,,,
74,21159,,,,,0.4158608317375183,,,,,,,,,,,
74,21169,,,,,0.38512444496154785,,,,,,,,,,,
74,21179,,,,,0.3876644968986511,,,,,,,,,,,
74,21189,,,,,0.36378127336502075,,,,,,,,,,,
74,21199,,,,,0.35711869597435,,,,,,,,,,,
74,21209,,,,,0.3435256779193878,,,,,,,,,,,
74,21219,,,,,0.4460470676422119,,,,,,,,,,,
74,74,0.4999998871134858,67.37296123304739,,,,,,,,,,,,,,
74,21224,,,,,,0.3727979063987732,,,,,,,,,,
75,21229,,,,,0.31671345233917236,,,,,,,,,,,
75,21239,,,,,0.3298802077770233,,,,,,,,,,,
75,21249,,,,,0.3694804310798645,,,,,,,,,,,
75,21259,,,,,0.3334992229938507,,,,,,,,,,,
75,21269,,,,,0.38371261954307556,,,,,,,,,,,
75,21279,,,,,0.3980320394039154,,,,,,,,,,,
75,21289,,,,,0.38130131363868713,,,,,,,,,,,
75,21299,,,,,0.36292287707328796,,,,,,,,,,,
75,21309,,,,,0.3531806170940399,,,,,,,,,,,
75,21319,,,,,0.39804109930992126,,,,,,,,,,,
75,21329,,,,,0.3794728219509125,,,,,,,,,,,
75,21339,,,,,0.40457218885421753,,,,,,,,,,,
75,21349,,,,,0.352532297372818,,,,,,,,,,,
75,21359,,,,,0.35814836621284485,,,,,,,,,,,
75,21369,,,,,0.40162914991378784,,,,,,,,,,,
75,21379,,,,,0.42603012919425964,,,,,,,,,,,
75,21389,,,,,0.3353804051876068,,,,,,,,,,,
75,21399,,,,,0.26687130331993103,,,,,,,,,,,
75,21409,,,,,0.33667659759521484,,,,,,,,,,,
75,21419,,,,,0.3586193919181824,,,,,,,,,,,
75,21429,,,,,0.33913367986679077,,,,,,,,,,,
75,21439,,,,,0.3367203176021576,,,,,,,,,,,
75,21449,,,,,0.33112263679504395,,,,,,,,,,,
75,21459,,,,,0.37696343660354614,,,,,,,,,,,
75,21469,,,,,0.3826434910297394,,,,,,,,,,,
75,21479,,,,,0.3444807827472687,,,,,,,,,,,
75,21489,,,,,0.35545939207077026,,,,,,,,,,,
75,21499,,,,,0.38985392451286316,,,,,,,,,,,
75,75,0.499999889197368,67.48956341386854,,,,,,,,,,,,,,
75,21507,,,,,,0.36519888043403625,,,,,,,,,,
76,21509,,,,,0.3624836206436157,,,,,,,,,,,
76,21519,,,,,0.2957274615764618,,,,,,,,,,,
76,21529,,,,,0.4159069061279297,,,,,,,,,,,
76,21539,,,,,0.3533920347690582,,,,,,,,,,,
76,21549,,,,,0.35071608424186707,,,,,,,,,,,
76,21559,,,,,0.35872510075569153,,,,,,,,,,,
76,21569,,,,,0.3171195387840271,,,,,,,,,,,
76,21579,,,,,0.4080691933631897,,,,,,,,,,,
76,21589,,,,,0.37230196595191956,,,,,,,,,,,
76,21599,,,,,0.3289259076118469,,,,,,,,,,,
76,21609,,,,,0.348142147064209,,,,,,,,,,,
76,21619,,,,,0.3492104411125183,,,,,,,,,,,
76,21629,,,,,0.3886477053165436,,,,,,,,,,,
76,21639,,,,,0.3378376066684723,,,,,,,,,,,
76,21649,,,,,0.3581603765487671,,,,,,,,,,,
76,21659,,,,,0.39631542563438416,,,,,,,,,,,
76,21669,,,,,0.37685227394104004,,,,,,,,,,,
76,21679,,,,,0.32366907596588135,,,,,,,,,,,
76,21689,,,,,0.3883257210254669,,,,,,,,,,,
76,21699,,,,,0.3692243993282318,,,,,,,,,,,
76,21709,,,,,0.4528222382068634,,,,,,,,,,,
76,21719,,,,,0.37656182050704956,,,,,,,,,,,
76,21729,,,,,0.3745322823524475,,,,,,,,,,,
76,21739,,,,,0.33731552958488464,,,,,,,,,,,
76,21749,,,,,0.35800740122795105,,,,,,,,,,,
76,21759,,,,,0.3992488384246826,,,,,,,,,,,
76,21769,,,,,0.3367938995361328,,,,,,,,,,,
76,21779,,,,,0.3460383415222168,,,,,,,,,,,
76,21789,,,,,0.2869243919849396,,,,,,,,,,,
76,76,0.49999988791198746,67.59713960685129,,,,,,,,,,,,,,
76,21790,,,,,,0.3602060377597809,,,,,,,,,,
77,21799,,,,,0.3533811569213867,,,,,,,,,,,
77,21809,,,,,0.3566276431083679,,,,,,,,,,,
77,21819,,,,,0.3412356376647949,,,,,,,,,,,
77,21829,,,,,0.3016811013221741,,,,,,,,,,,
77,21839,,,,,0.35101112723350525,,,,,,,,,,,
77,21849,,,,,0.3484835922718048,,,,,,,,,,,
77,21859,,,,,0.3550988435745239,,,,,,,,,,,
77,21869,,,,,0.34754616022109985,,,,,,,,,,,
77,21879,,,,,0.34908315539360046,,,,,,,,,,,
77,21889,,,,,0.3871268033981323,,,,,,,,,,,
77,21899,,,,,0.342132031917572,,,,,,,,,,,
77,21909,,,,,0.3228999376296997,,,,,,,,,,,
77,21919,,,,,0.38658207654953003,,,,,,,,,,,
77,21929,,,,,0.29993313550949097,,,,,,,,,,,
77,21939,,,,,0.3061031103134155,,,,,,,,,,,
77,21949,,,,,0.3463827967643738,,,,,,,,,,,
77,21959,,,,,0.3933410346508026,,,,,,,,,,,
77,21969,,,,,0.362716943025589,,,,,,,,,,,
77,21979,,,,,0.39332637190818787,,,,,,,,,,,
77,21989,,,,,0.31718894839286804,,,,,,,,,,,
77,21999,,,,,0.3767019808292389,,,,,,,,,,,
77,22009,,,,,0.3773934841156006,,,,,,,,,,,
77,22019,,,,,0.3141304552555084,,,,,,,,,,,
77,22029,,,,,0.3538093864917755,,,,,,,,,,,
77,22039,,,,,0.3657087981700897,,,,,,,,,,,
77,22049,,,,,0.3278755843639374,,,,,,,,,,,
77,22059,,,,,0.3467613756656647,,,,,,,,,,,
77,22069,,,,,0.35659363865852356,,,,,,,,,,,
77,77,0.49999989130259803,67.7050646525897,,,,,,,,,,,,,,
77,22073,,,,,,0.3541731536388397,,,,,,,,,,
78,22079,,,,,0.3455132246017456,,,,,,,,,,,
78,22089,,,,,0.3074238896369934,,,,,,,,,,,
78,22099,,,,,0.3620876669883728,,,,,,,,,,,
78,22109,,,,,0.2861027419567108,,,,,,,,,,,
78,22119,,,,,0.38434046506881714,,,,,,,,,,,
78,22129,,,,,0.318928062915802,,,,,,,,,,,
78,22139,,,,,0.2853567898273468,,,,,,,,,,,
78,22149,,,,,0.31594544649124146,,,,,,,,,,,
78,22159,,,,,0.3798043429851532,,,,,,,,,,,
78,22169,,,,,0.36921367049217224,,,,,,,,,,,
78,22179,,,,,0.30770143866539,,,,,,,,,,,
78,22189,,,,,0.3146771490573883,,,,,,,,,,,
78,22199,,,,,0.34933918714523315,,,,,,,,,,,
78,22209,,,,,0.44925931096076965,,,,,,,,,,,
78,22219,,,,,0.3050112724304199,,,,,,,,,,,
78,22229,,,,,0.36037957668304443,,,,,,,,,,,
78,22239,,,,,0.31962597370147705,,,,,,,,,,,
78,22249,,,,,0.3233053982257843,,,,,,,,,,,
78,22259,,,,,0.3304829001426697,,,,,,,,,,,
78,22269,,,,,0.37540411949157715,,,,,,,,,,,
78,22279,,,,,0.3667216897010803,,,,,,,,,,,
78,22289,,,,,0.28640779852867126,,,,,,,,,,,
78,22299,,,,,0.43313148617744446,,,,,,,,,,,
78,22309,,,,,0.3615097403526306,,,,,,,,,,,
78,22319,,,,,0.3378371000289917,,,,,,,,,,,
78,22329,,,,,0.31147027015686035,,,,,,,,,,,
78,22339,,,,,0.35914286971092224,,,,,,,,,,,
78,22349,,,,,0.374321848154068,,,,,,,,,,,
78,78,0.499999878128456,67.80905194058735,,,,,,,,,,,,,,
78,22356,,,,,,0.3510921597480774,,,,,,,,,,
79,22359,,,,,0.3382653295993805,,,,,,,,,,,
79,22369,,,,,0.3280377686023712,,,,,,,,,,,
79,22379,,,,,0.3102421164512634,,,,,,,,,,,
79,22389,,,,,0.29458338022232056,,,,,,,,,,,
79,22399,,,,,0.42862701416015625,,,,,,,,,,,
79,22409,,,,,0.41916313767433167,,,,,,,,,,,
79,22419,,,,,0.3242066204547882,,,,,,,,,,,
79,22429,,,,,0.27458006143569946,,,,,,,,,,,
79,22439,,,,,0.37077489495277405,,,,,,,,,,,
79,22449,,,,,0.3097400665283203,,,,,,,,,,,
79,22459,,,,,0.3471577763557434,,,,,,,,,,,
79,22469,,,,,0.3054259717464447,,,,,,,,,,,
79,22479,,,,,0.33695754408836365,,,,,,,,,,,
79,22489,,,,,0.3873341977596283,,,,,,,,,,,
79,22499,,,,,0.3504682779312134,,,,,,,,,,,
79,22509,,,,,0.35296139121055603,,,,,,,,,,,
79,22519,,,,,0.3426118791103363,,,,,,,,,,,
79,22529,,,,,0.3686660826206207,,,,,,,,,,,
79,22539,,,,,0.38931798934936523,,,,,,,,,,,
79,22549,,,,,0.31048598885536194,,,,,,,,,,,
79,22559,,,,,0.4070541560649872,,,,,,,,,,,
79,22569,,,,,0.3878781199455261,,,,,,,,,,,
79,22579,,,,,0.3355270326137543,,,,,,,,,,,
79,22589,,,,,0.37492096424102783,,,,,,,,,,,
79,22599,,,,,0.3508586287498474,,,,,,,,,,,
79,22609,,,,,0.3612608313560486,,,,,,,,,,,
79,22619,,,,,0.34025558829307556,,,,,,,,,,,
79,22629,,,,,0.30798691511154175,,,,,,,,,,,
79,22639,,,,,0.39437517523765564,,,,,,,,,,,
79,79,,,0.9896920323371887,0.5459319949150085,,,0.305244466901079,0.6280654668807983,,0.8685617446899414,,0.21122081577777863,,0.9632498347485552,,0.21520879864692688
79,22639,,,,,,,,,0.8685617446899414,,0.21122081577777863,,0.9632497429847717,,0.21520879864692688,
79,79,0.4999998814741543,67.91992221683206,,,,,,,,,,,,,,
79,22639,,,,,,0.34207820892333984,,,,,,,,,,
80,22649,,,,,0.30851203203201294,,,,,,,,,,,
80,22659,,,,,0.30422332882881165,,,,,,,,,,,
80,22669,,,,,0.3070657551288605,,,,,,,,,,,
80,22679,,,,,0.3294011056423187,,,,,,,,,,,
80,22689,,,,,0.34514108300209045,,,,,,,,,,,
80,22699,,,,,0.33001646399497986,,,,,,,,,,,
80,22709,,,,,0.34501153230667114,,,,,,,,,,,
80,22719,,,,,0.317842036485672,,,,,,,,,,,
80,22729,,,,,0.2966453433036804,,,,,,,,,,,
80,22739,,,,,0.3144630491733551,,,,,,,,,,,
80,22749,,,,,0.34234392642974854,,,,,,,,,,,
80,22759,,,,,0.34735366702079773,,,,,,,,,,,
80,22769,,,,,0.33978271484375,,,,,,,,,,,
80,22779,,,,,0.3196571171283722,,,,,,,,,,,
80,22789,,,,,0.2757496237754822,,,,,,,,,,,
80,22799,,,,,0.31558963656425476,,,,,,,,,,,
80,22809,,,,,0.33046990633010864,,,,,,,,,,,
80,22819,,,,,0.3519171476364136,,,,,,,,,,,
80,22829,,,,,0.32015490531921387,,,,,,,,,,,
80,22839,,,,,0.33724355697631836,,,,,,,,,,,
80,22849,,,,,0.37786197662353516,,,,,,,,,,,
80,22859,,,,,0.30879542231559753,,,,,,,,,,,
80,22869,,,,,0.3317760229110718,,,,,,,,,,,
80,22879,,,,,0.3355160653591156,,,,,,,,,,,
80,22889,,,,,0.31609171628952026,,,,,,,,,,,
80,22899,,,,,0.3100017309188843,,,,,,,,,,,
80,22909,,,,,0.3755136728286743,,,,,,,,,,,
80,22919,,,,,0.3451659381389618,,,,,,,,,,,
80,80,0.4999998686888281,68.02199932019354,,,,,,,,,,,,,,
80,22922,,,,,,0.3364841043949127,,,,,,,,,,
81,22929,,,,,0.2881442904472351,,,,,,,,,,,
81,22939,,,,,0.3111734092235565,,,,,,,,,,,
81,22949,,,,,0.35375308990478516,,,,,,,,,,,
81,22959,,,,,0.34299468994140625,,,,,,,,,,,
81,22969,,,,,0.3362925052642822,,,,,,,,,,,
81,22979,,,,,0.31872135400772095,,,,,,,,,,,
81,22989,,,,,0.30425435304641724,,,,,,,,,,,
81,22999,,,,,0.2857700288295746,,,,,,,,,,,
81,23009,,,,,0.3149252235889435,,,,,,,,,,,
81,23019,,,,,0.29337579011917114,,,,,,,,,,,
81,23029,,,,,0.3192656636238098,,,,,,,,,,,
81,23039,,,,,0.32678326964378357,,,,,,,,,,,
81,23049,,,,,0.37016743421554565,,,,,,,,,,,
81,23059,,,,,0.35737690329551697,,,,,,,,,,,
81,23069,,,,,0.3300337493419647,,,,,,,,,,,
81,23079,,,,,0.2986804246902466,,,,,,,,,,,
81,23089,,,,,0.2997620403766632,,,,,,,,,,,
81,23099,,,,,0.31656911969184875,,,,,,,,,,,
81,23109,,,,,0.30836835503578186,,,,,,,,,,,
81,23119,,,,,0.3409334123134613,,,,,,,,,,,
81,23129,,,,,0.31215333938598633,,,,,,,,,,,
81,23139,,,,,0.3526950776576996,,,,,,,,,,,
81,23149,,,,,0.31282657384872437,,,,,,,,,,,
81,23159,,,,,0.3525486886501312,,,,,,,,,,,
81,23169,,,,,0.3042772114276886,,,,,,,,,,,
81,23179,,,,,0.33679789304733276,,,,,,,,,,,
81,23189,,,,,0.3702448010444641,,,,,,,,,,,
81,23199,,,,,0.3213959038257599,,,,,,,,,,,
81,81,0.49999987673318286,68.12290715974964,,,,,,,,,,,,,,
81,23205,,,,,,0.33188366889953613,,,,,,,,,,
82,23209,,,,,0.2664448618888855,,,,,,,,,,,
82,23219,,,,,0.34487998485565186,,,,,,,,,,,
82,23229,,,,,0.30776509642601013,,,,,,,,,,,
82,23239,,,,,0.3352935016155243,,,,,,,,,,,
82,23249,,,,,0.3110969364643097,,,,,,,,,,,
82,23259,,,,,0.2536429762840271,,,,,,,,,,,
82,23269,,,,,0.37310993671417236,,,,,,,,,,,
82,23279,,,,,0.32321080565452576,,,,,,,,,,,
82,23289,,,,,0.35605379939079285,,,,,,,,,,,
82,23299,,,,,0.3158006966114044,,,,,,,,,,,
82,23309,,,,,0.35310786962509155,,,,,,,,,,,
82,23319,,,,,0.36229994893074036,,,,,,,,,,,
82,23329,,,,,0.32714492082595825,,,,,,,,,,,
82,23339,,,,,0.33520618081092834,,,,,,,,,,,
82,23349,,,,,0.3626803755760193,,,,,,,,,,,
82,23359,,,,,0.33259570598602295,,,,,,,,,,,
82,23369,,,,,0.3055616617202759,,,,,,,,,,,
82,23379,,,,,0.33340686559677124,,,,,,,,,,,
82,23389,,,,,0.2784702479839325,,,,,,,,,,,
82,23399,,,,,0.3271234631538391,,,,,,,,,,,
82,23409,,,,,0.3313763737678528,,,,,,,,,,,
82,23419,,,,,0.3142027258872986,,,,,,,,,,,
82,23429,,,,,0.3248601257801056,,,,,,,,,,,
82,23439,,,,,0.28047361969947815,,,,,,,,,,,
82,23449,,,,,0.29693078994750977,,,,,,,,,,,
82,23459,,,,,0.3127228915691376,,,,,,,,,,,
82,23469,,,,,0.3196873664855957,,,,,,,,,,,
82,23479,,,,,0.29024451971054077,,,,,,,,,,,
82,82,0.49999986209513225,68.22430158220325,,,,,,,,,,,,,,
82,23488,,,,,,0.32300376892089844,,,,,,,,,,
83,23489,,,,,0.3074745535850525,,,,,,,,,,,
83,23499,,,,,0.3021097481250763,,,,,,,,,,,
83,23509,,,,,0.2998596727848053,,,,,,,,,,,
83,23519,,,,,0.2989956736564636,,,,,,,,,,,
83,23529,,,,,0.29292869567871094,,,,,,,,,,,
83,23539,,,,,0.3126339614391327,,,,,,,,,,,
83,23549,,,,,0.290108859539032,,,,,,,,,,,
83,23559,,,,,0.31644392013549805,,,,,,,,,,,
83,23569,,,,,0.36253437399864197,,,,,,,,,,,
83,23579,,,,,0.3383585214614868,,,,,,,,,,,
83,23589,,,,,0.3441689610481262,,,,,,,,,,,
83,23599,,,,,0.27211758494377136,,,,,,,,,,,
83,23609,,,,,0.3023736774921417,,,,,,,,,,,
83,23619,,,,,0.2851979732513428,,,,,,,,,,,
83,23629,,,,,0.30698803067207336,,,,,,,,,,,
83,23639,,,,,0.29448848962783813,,,,,,,,,,,
83,23649,,,,,0.32916170358657837,,,,,,,,,,,
83,23659,,,,,0.3593096435070038,,,,,,,,,,,
83,23669,,,,,0.32754936814308167,,,,,,,,,,,
83,23679,,,,,0.30287662148475647,,,,,,,,,,,
83,23689,,,,,0.35848066210746765,,,,,,,,,,,
83,23699,,,,,0.3278771638870239,,,,,,,,,,,
83,23709,,,,,0.31028813123703003,,,,,,,,,,,
83,23719,,,,,0.3037547767162323,,,,,,,,,,,
83,23729,,,,,0.3359154760837555,,,,,,,,,,,
83,23739,,,,,0.2845223844051361,,,,,,,,,,,
83,23749,,,,,0.26910075545310974,,,,,,,,,,,
83,23759,,,,,0.31367161870002747,,,,,,,,,,,
83,23769,,,,,0.3371034562587738,,,,,,,,,,,
83,83,0.4999998733340111,68.32222653947309,,,,,,,,,,,,,,
83,23771,,,,,,0.3183118402957916,,,,,,,,,,
84,23779,,,,,0.27700456976890564,,,,,,,,,,,
84,23789,,,,,0.25929561257362366,,,,,,,,,,,
84,23799,,,,,0.3376273512840271,,,,,,,,,,,
84,23809,,,,,0.3057306706905365,,,,,,,,,,,
84,23819,,,,,0.289765328168869,,,,,,,,,,,
84,23829,,,,,0.3102734088897705,,,,,,,,,,,
84,23839,,,,,0.3266942501068115,,,,,,,,,,,
84,23849,,,,,0.32831257581710815,,,,,,,,,,,
84,23859,,,,,0.3087606430053711,,,,,,,,,,,
84,23869,,,,,0.33821940422058105,,,,,,,,,,,
84,23879,,,,,0.33619144558906555,,,,,,,,,,,
84,23889,,,,,0.3033377528190613,,,,,,,,,,,
84,23899,,,,,0.3162247836589813,,,,,,,,,,,
84,23909,,,,,0.3358680307865143,,,,,,,,,,,
84,23919,,,,,0.3321821093559265,,,,,,,,,,,
84,23929,,,,,0.3425174653530121,,,,,,,,,,,
84,23939,,,,,0.2981342077255249,,,,,,,,,,,
84,23949,,,,,0.26608729362487793,,,,,,,,,,,
84,23959,,,,,0.2855086028575897,,,,,,,,,,,
84,23969,,,,,0.34372571110725403,,,,,,,,,,,
84,23979,,,,,0.23261184990406036,,,,,,,,,,,
84,23989,,,,,0.3043108582496643,,,,,,,,,,,
84,23999,,,,,0.34645533561706543,,,,,,,,,,,
84,24009,,,,,0.3288290798664093,,,,,,,,,,,
84,24019,,,,,0.3226969540119171,,,,,,,,,,,
84,24029,,,,,0.3861236572265625,,,,,,,,,,,
84,24039,,,,,0.34624171257019043,,,,,,,,,,,
84,24049,,,,,0.32447707653045654,,,,,,,,,,,
84,84,0.49999988152688696,68.42073625017193,,,,,,,,,,,,,,
84,24054,,,,,,0.3130576014518738,,,,,,,,,,
85,24059,,,,,0.31314873695373535,,,,,,,,,,,
85,24069,,,,,0.29211166501045227,,,,,,,,,,,
85,24079,,,,,0.27061015367507935,,,,,,,,,,,
85,24089,,,,,0.2590041160583496,,,,,,,,,,,
85,24099,,,,,0.36795172095298767,,,,,,,,,,,
85,24109,,,,,0.30805525183677673,,,,,,,,,,,
85,24119,,,,,0.2898707687854767,,,,,,,,,,,
85,24129,,,,,0.3089379668235779,,,,,,,,,,,
85,24139,,,,,0.31058469414711,,,,,,,,,,,
85,24149,,,,,0.2833346128463745,,,,,,,,,,,
85,24159,,,,,0.2545815408229828,,,,,,,,,,,
85,24169,,,,,0.2673088014125824,,,,,,,,,,,
85,24179,,,,,0.29339271783828735,,,,,,,,,,,
85,24189,,,,,0.28483444452285767,,,,,,,,,,,
85,24199,,,,,0.272757351398468,,,,,,,,,,,
85,24209,,,,,0.3034919500350952,,,,,,,,,,,
85,24219,,,,,0.3028978705406189,,,,,,,,,,,
85,24229,,,,,0.2966524660587311,,,,,,,,,,,
85,24239,,,,,0.3275427520275116,,,,,,,,,,,
85,24249,,,,,0.3048132658004761,,,,,,,,,,,
85,24259,,,,,0.3561370074748993,,,,,,,,,,,
85,24269,,,,,0.2839900553226471,,,,,,,,,,,
85,24279,,,,,0.352872759103775,,,,,,,,,,,
85,24289,,,,,0.2925192713737488,,,,,,,,,,,
85,24299,,,,,0.25675269961357117,,,,,,,,,,,
85,24309,,,,,0.31747931241989136,,,,,,,,,,,
85,24319,,,,,0.28451359272003174,,,,,,,,,,,
85,24329,,,,,0.29278647899627686,,,,,,,,,,,
85,85,0.49999988181921406,68.5149410218294,,,,,,,,,,,,,,
85,24337,,,,,,0.30699560046195984,,,,,,,,,,
86,24339,,,,,0.33064693212509155,,,,,,,,,,,
86,24349,,,,,0.2718718349933624,,,,,,,,,,,
86,24359,,,,,0.30679959058761597,,,,,,,,,,,
86,24369,,,,,0.27993980050086975,,,,,,,,,,,
86,24379,,,,,0.2960335910320282,,,,,,,,,,,
86,24389,,,,,0.3388935327529907,,,,,,,,,,,
86,24399,,,,,0.31474798917770386,,,,,,,,,,,
86,24409,,,,,0.2870980501174927,,,,,,,,,,,
86,24419,,,,,0.27687492966651917,,,,,,,,,,,
86,24429,,,,,0.3278904855251312,,,,,,,,,,,
86,24439,,,,,0.29271432757377625,,,,,,,,,,,
86,24449,,,,,0.3199062943458557,,,,,,,,,,,
86,24459,,,,,0.33411192893981934,,,,,,,,,,,
86,24469,,,,,0.29967477917671204,,,,,,,,,,,
86,24479,,,,,0.3393005430698395,,,,,,,,,,,
86,24489,,,,,0.30815815925598145,,,,,,,,,,,
86,24499,,,,,0.35254383087158203,,,,,,,,,,,
86,24509,,,,,0.2703513205051422,,,,,,,,,,,
86,24519,,,,,0.31600165367126465,,,,,,,,,,,
86,24529,,,,,0.3307507336139679,,,,,,,,,,,
86,24539,,,,,0.23360446095466614,,,,,,,,,,,
86,24549,,,,,0.30826839804649353,,,,,,,,,,,
86,24559,,,,,0.286642462015152,,,,,,,,,,,
86,24569,,,,,0.3186231255531311,,,,,,,,,,,
86,24579,,,,,0.34115615487098694,,,,,,,,,,,
86,24589,,,,,0.31363075971603394,,,,,,,,,,,
86,24599,,,,,0.31104910373687744,,,,,,,,,,,
86,24609,,,,,0.32881805300712585,,,,,,,,,,,
86,24619,,,,,0.3218514323234558,,,,,,,,,,,
86,86,0.49999987585866434,68.60725491408714,,,,,,,,,,,,,,
86,24620,,,,,,0.30301448702812195,,,,,,,,,,
87,24629,,,,,0.3388494551181793,,,,,,,,,,,
87,24639,,,,,0.29985177516937256,,,,,,,,,,,
87,24649,,,,,0.2587581276893616,,,,,,,,,,,
87,24659,,,,,0.2772488594055176,,,,,,,,,,,
87,24669,,,,,0.30152347683906555,,,,,,,,,,,
87,24679,,,,,0.29982689023017883,,,,,,,,,,,
87,24689,,,,,0.329645037651062,,,,,,,,,,,
87,24699,,,,,0.3133319616317749,,,,,,,,,,,
87,24709,,,,,0.293063759803772,,,,,,,,,,,
87,24719,,,,,0.25032341480255127,,,,,,,,,,,
87,24729,,,,,0.291316419839859,,,,,,,,,,,
87,24739,,,,,0.3235734701156616,,,,,,,,,,,
87,24749,,,,,0.2683469355106354,,,,,,,,,,,
87,24759,,,,,0.2984832227230072,,,,,,,,,,,
87,24769,,,,,0.28084489703178406,,,,,,,,,,,
87,24779,,,,,0.31452813744544983,,,,,,,,,,,
87,24789,,,,,0.33282673358917236,,,,,,,,,,,
87,24799,,,,,0.362368643283844,,,,,,,,,,,
87,24809,,,,,0.27363547682762146,,,,,,,,,,,
87,24819,,,,,0.2927866280078888,,,,,,,,,,,
87,24829,,,,,0.3310985267162323,,,,,,,,,,,
87,24839,,,,,0.28881850838661194,,,,,,,,,,,
87,24849,,,,,0.2849666178226471,,,,,,,,,,,
87,24859,,,,,0.31866255402565,,,,,,,,,,,
87,24869,,,,,0.30587929487228394,,,,,,,,,,,
87,24879,,,,,0.3187558352947235,,,,,,,,,,,
87,24889,,,,,0.30042123794555664,,,,,,,,,,,
87,24899,,,,,0.34331145882606506,,,,,,,,,,,
87,87,0.49999988539464,68.69795859933097,,,,,,,,,,,,,,
87,24903,,,,,,0.29834961891174316,,,,,,,,,,
88,24909,,,,,0.27677783370018005,,,,,,,,,,,
88,24919,,,,,0.2781522572040558,,,,,,,,,,,
88,24929,,,,,0.271769642829895,,,,,,,,,,,
88,24939,,,,,0.29735589027404785,,,,,,,,,,,
88,24949,,,,,0.29633334279060364,,,,,,,,,,,
88,24959,,,,,0.257378488779068,,,,,,,,,,,
88,24969,,,,,0.3423634469509125,,,,,,,,,,,
88,24979,,,,,0.26654428243637085,,,,,,,,,,,
88,24989,,,,,0.307330846786499,,,,,,,,,,,
88,24999,,,,,0.2968106269836426,,,,,,,,,,,
88,25009,,,,,0.2941243648529053,,,,,,,,,,,
88,25019,,,,,0.24463753402233124,,,,,,,,,,,
88,25029,,,,,0.27926766872406006,,,,,,,,,,,
88,25039,,,,,0.2503231465816498,,,,,,,,,,,
88,25049,,,,,0.21931760013103485,,,,,,,,,,,
88,25059,,,,,0.3133952021598816,,,,,,,,,,,
88,25069,,,,,0.2596881091594696,,,,,,,,,,,
88,25079,,,,,0.2969036102294922,,,,,,,,,,,
88,25089,,,,,0.33044832944869995,,,,,,,,,,,
88,25099,,,,,0.31011858582496643,,,,,,,,,,,
88,25109,,,,,0.29216235876083374,,,,,,,,,,,
88,25119,,,,,0.3021339178085327,,,,,,,,,,,
88,25129,,,,,0.2686026394367218,,,,,,,,,,,
88,25139,,,,,0.3209082782268524,,,,,,,,,,,
88,25149,,,,,0.27426981925964355,,,,,,,,,,,
88,25159,,,,,0.33297300338745117,,,,,,,,,,,
88,25169,,,,,0.30494481325149536,,,,,,,,,,,
88,25179,,,,,0.28506186604499817,,,,,,,,,,,
88,88,0.4999998841828829,68.78490117707048,,,,,,,,,,,,,,
88,25186,,,,,,0.2914343476295471,,,,,,,,,,
89,25189,,,,,0.2888827323913574,,,,,,,,,,,
89,25199,,,,,0.2579309344291687,,,,,,,,,,,
89,25209,,,,,0.27100008726119995,,,,,,,,,,,
89,25219,,,,,0.3177874982357025,,,,,,,,,,,
89,25229,,,,,0.3190085291862488,,,,,,,,,,,
89,25239,,,,,0.2879624664783478,,,,,,,,,,,
89,25249,,,,,0.2689274251461029,,,,,,,,,,,
89,25259,,,,,0.22354471683502197,,,,,,,,,,,
89,25269,,,,,0.2560003399848938,,,,,,,,,,,
89,25279,,,,,0.24117150902748108,,,,,,,,,,,
89,25289,,,,,0.27962571382522583,,,,,,,,,,,
89,25299,,,,,0.2897573411464691,,,,,,,,,,,
89,25309,,,,,0.2793579697608948,,,,,,,,,,,
89,25319,,,,,0.2927360534667969,,,,,,,,,,,
89,25329,,,,,0.2739015519618988,,,,,,,,,,,
89,25339,,,,,0.27946749329566956,,,,,,,,,,,
89,25349,,,,,0.3009975254535675,,,,,,,,,,,
89,25359,,,,,0.259610116481781,,,,,,,,,,,
89,25369,,,,,0.2733822166919708,,,,,,,,,,,
89,25379,,,,,0.2690648138523102,,,,,,,,,,,
89,25389,,,,,0.3343872129917145,,,,,,,,,,,
89,25399,,,,,0.3055512011051178,,,,,,,,,,,
89,25409,,,,,0.25833991169929504,,,,,,,,,,,
89,25419,,,,,0.28261059522628784,,,,,,,,,,,
89,25429,,,,,0.2700159251689911,,,,,,,,,,,
89,25439,,,,,0.2899381220340729,,,,,,,,,,,
89,25449,,,,,0.3191417157649994,,,,,,,,,,,
89,25459,,,,,0.29035964608192444,,,,,,,,,,,
89,25469,,,,,0.2561231553554535,,,,,,,,,,,
89,89,,,0.9938761591911316,0.6284345984458923,,,0.24676439007658388,0.7205377221107483,,0.8674564361572266,,0.21278849244117737,,1.0425083865316547,,0.2110387533903122
89,25469,,,,,,,,,0.8674564361572266,,0.21278849244117737,,1.0425083637237549,,0.2110387533903122,
89,89,0.4999998717693733,68.87071641323946,,,,,,,,,,,,,,
89,25469,,,,,,0.2869793772697449,,,,,,,,,,
90,25479,,,,,0.3082873821258545,,,,,,,,,,,
90,25489,,,,,0.2967988848686218,,,,,,,,,,,
90,25499,,,,,0.3161153793334961,,,,,,,,,,,
90,25509,,,,,0.27610644698143005,,,,,,,,,,,
90,25519,,,,,0.2749671936035156,,,,,,,,,,,
90,25529,,,,,0.24022899568080902,,,,,,,,,,,
90,25539,,,,,0.25351402163505554,,,,,,,,,,,
90,25549,,,,,0.29650673270225525,,,,,,,,,,,
90,25559,,,,,0.26467418670654297,,,,,,,,,,,
90,25569,,,,,0.3024977147579193,,,,,,,,,,,
90,25579,,,,,0.26840850710868835,,,,,,,,,,,
90,25589,,,,,0.2746067941188812,,,,,,,,,,,
90,25599,,,,,0.2865743339061737,,,,,,,,,,,
90,25609,,,,,0.232333704829216,,,,,,,,,,,
90,25619,,,,,0.31344130635261536,,,,,,,,,,,
90,25629,,,,,0.31417784094810486,,,,,,,,,,,
90,25639,,,,,0.31710749864578247,,,,,,,,,,,
90,25649,,,,,0.25839707255363464,,,,,,,,,,,
90,25659,,,,,0.23827022314071655,,,,,,,,,,,
90,25669,,,,,0.2895151376724243,,,,,,,,,,,
90,25679,,,,,0.23781509697437286,,,,,,,,,,,
90,25689,,,,,0.3614339828491211,,,,,,,,,,,
90,25699,,,,,0.26995036005973816,,,,,,,,,,,
90,25709,,,,,0.26569896936416626,,,,,,,,,,,
90,25719,,,,,0.3153454661369324,,,,,,,,,,,
90,25729,,,,,0.2523631751537323,,,,,,,,,,,
90,25739,,,,,0.27741357684135437,,,,,,,,,,,
90,25749,,,,,0.2734369933605194,,,,,,,,,,,
90,90,0.49999987303002286,68.95645466715409,,,,,,,,,,,,,,
90,25752,,,,,,0.28035953640937805,,,,,,,,,,
91,25759,,,,,0.27277809381484985,,,,,,,,,,,
91,25769,,,,,0.248503640294075,,,,,,,,,,,
91,25779,,,,,0.22657550871372223,,,,,,,,,,,
91,25789,,,,,0.19221001863479614,,,,,,,,,,,
91,25799,,,,,0.24511288106441498,,,,,,,,,,,
91,25809,,,,,0.2926524877548218,,,,,,,,,,,
91,25819,,,,,0.2996008098125458,,,,,,,,,,,
91,25829,,,,,0.25616347789764404,,,,,,,,,,,
91,25839,,,,,0.2612670361995697,,,,,,,,,,,
91,25849,,,,,0.22535717487335205,,,,,,,,,,,
91,25859,,,,,0.32568949460983276,,,,,,,,,,,
91,25869,,,,,0.26800259947776794,,,,,,,,,,,
91,25879,,,,,0.27125242352485657,,,,,,,,,,,
91,25889,,,,,0.24942626059055328,,,,,,,,,,,
91,25899,,,,,0.27257421612739563,,,,,,,,,,,
91,25909,,,,,0.29193535447120667,,,,,,,,,,,
91,25919,,,,,0.3064054846763611,,,,,,,,,,,
91,25929,,,,,0.2743833363056183,,,,,,,,,,,
91,25939,,,,,0.27702251076698303,,,,,,,,,,,
91,25949,,,,,0.27504879236221313,,,,,,,,,,,
91,25959,,,,,0.24974389374256134,,,,,,,,,,,
91,25969,,,,,0.33505019545555115,,,,,,,,,,,
91,25979,,,,,0.2807841897010803,,,,,,,,,,,
91,25989,,,,,0.31442955136299133,,,,,,,,,,,
91,25999,,,,,0.3099253475666046,,,,,,,,,,,
91,26009,,,,,0.2609151303768158,,,,,,,,,,,
91,26019,,,,,0.3135077655315399,,,,,,,,,,,
91,26029,,,,,0.28559157252311707,,,,,,,,,,,
91,91,0.4999998823116852,69.03863674673876,,,,,,,,,,,,,,
91,26035,,,,,,0.2763262093067169,,,,,,,,,,
92,26039,,,,,0.25880753993988037,,,,,,,,,,,
92,26049,,,,,0.2655276656150818,,,,,,,,,,,
92,26059,,,,,0.25985798239707947,,,,,,,,,,,
92,26069,,,,,0.26606783270835876,,,,,,,,,,,
92,26079,,,,,0.2629712224006653,,,,,,,,,,,
92,26089,,,,,0.2203221470117569,,,,,,,,,,,
92,26099,,,,,0.28531765937805176,,,,,,,,,,,
92,26109,,,,,0.2553597390651703,,,,,,,,,,,
92,26119,,,,,0.2836696207523346,,,,,,,,,,,
92,26129,,,,,0.26730337738990784,,,,,,,,,,,
92,26139,,,,,0.2693299353122711,,,,,,,,,,,
92,26149,,,,,0.2757442891597748,,,,,,,,,,,
92,26159,,,,,0.25394800305366516,,,,,,,,,,,
92,26169,,,,,0.275835245847702,,,,,,,,,,,
92,26179,,,,,0.3173406422138214,,,,,,,,,,,
92,26189,,,,,0.3156738877296448,,,,,,,,,,,
92,26199,,,,,0.22729168832302094,,,,,,,,,,,
92,26209,,,,,0.25205376744270325,,,,,,,,,,,
92,26219,,,,,0.25972557067871094,,,,,,,,,,,
92,26229,,,,,0.3113631308078766,,,,,,,,,,,
92,26239,,,,,0.2433300018310547,,,,,,,,,,,
92,26249,,,,,0.2912103533744812,,,,,,,,,,,
92,26259,,,,,0.30183058977127075,,,,,,,,,,,
92,26269,,,,,0.2590787410736084,,,,,,,,,,,
92,26279,,,,,0.25648924708366394,,,,,,,,,,,
92,26289,,,,,0.3421042859554291,,,,,,,,,,,
92,26299,,,,,0.3381619155406952,,,,,,,,,,,
92,26309,,,,,0.31508269906044006,,,,,,,,,,,
92,92,0.4999998708425848,69.11763490902345,,,,,,,,,,,,,,
92,26318,,,,,,0.27198702096939087,,,,,,,,,,
93,26319,,,,,0.2955523431301117,,,,,,,,,,,
93,26329,,,,,0.2303115725517273,,,,,,,,,,,
93,26339,,,,,0.23211383819580078,,,,,,,,,,,
93,26349,,,,,0.2438002973794937,,,,,,,,,,,
93,26359,,,,,0.2560407519340515,,,,,,,,,,,
93,26369,,,,,0.2710781991481781,,,,,,,,,,,
93,26379,,,,,0.28281131386756897,,,,,,,,,,,
93,26389,,,,,0.2369850128889084,,,,,,,,,,,
93,26399,,,,,0.23803837597370148,,,,,,,,,,,
93,26409,,,,,0.296506404876709,,,,,,,,,,,
93,26419,,,,,0.2742801308631897,,,,,,,,,,,
93,26429,,,,,0.3189975917339325,,,,,,,,,,,
93,26439,,,,,0.30319198966026306,,,,,,,,,,,
93,26449,,,,,0.24610495567321777,,,,,,,,,,,
93,26459,,,,,0.24851040542125702,,,,,,,,,,,
93,26469,,,,,0.278995543718338,,,,,,,,,,,
93,26479,,,,,0.28028881549835205,,,,,,,,,,,
93,26489,,,,,0.22757786512374878,,,,,,,,,,,
93,26499,,,,,0.24019083380699158,,,,,,,,,,,
93,26509,,,,,0.2691863179206848,,,,,,,,,,,
93,26519,,,,,0.2773003876209259,,,,,,,,,,,
93,26529,,,,,0.2448851764202118,,,,,,,,,,,
93,26539,,,,,0.27019384503364563,,,,,,,,,,,
93,26549,,,,,0.27958348393440247,,,,,,,,,,,
93,26559,,,,,0.2865588068962097,,,,,,,,,,,
93,26569,,,,,0.27891039848327637,,,,,,,,,,,
93,26579,,,,,0.2171342819929123,,,,,,,,,,,
93,26589,,,,,0.28288009762763977,,,,,,,,,,,
93,26599,,,,,0.2940053343772888,,,,,,,,,,,
93,93,0.49999987472329793,69.1944605061708,,,,,,,,,,,,,,
93,26601,,,,,,0.26791733503341675,,,,,,,,,,
94,26609,,,,,0.2807427644729614,,,,,,,,,,,
94,26619,,,,,0.2827499210834503,,,,,,,,,,,
94,26629,,,,,0.27930259704589844,,,,,,,,,,,
94,26639,,,,,0.24922561645507812,,,,,,,,,,,
94,26649,,,,,0.2802833318710327,,,,,,,,,,,
94,26659,,,,,0.3071034550666809,,,,,,,,,,,
94,26669,,,,,0.23187528550624847,,,,,,,,,,,
94,26679,,,,,0.24712905287742615,,,,,,,,,,,
94,26689,,,,,0.26269012689590454,,,,,,,,,,,
94,26699,,,,,0.23374581336975098,,,,,,,,,,,
94,26709,,,,,0.22580908238887787,,,,,,,,,,,
94,26719,,,,,0.2727022171020508,,,,,,,,,,,
94,26729,,,,,0.27682626247406006,,,,,,,,,,,
94,26739,,,,,0.22418315708637238,,,,,,,,,,,
94,26749,,,,,0.24653995037078857,,,,,,,,,,,
94,26759,,,,,0.27779802680015564,,,,,,,,,,,
94,26769,,,,,0.2732725143432617,,,,,,,,,,,
94,26779,,,,,0.2429088056087494,,,,,,,,,,,
94,26789,,,,,0.25060978531837463,,,,,,,,,,,
94,26799,,,,,0.24110615253448486,,,,,,,,,,,
94,26809,,,,,0.23793934285640717,,,,,,,,,,,
94,26819,,,,,0.30460453033447266,,,,,,,,,,,
94,26829,,,,,0.23390589654445648,,,,,,,,,,,
94,26839,,,,,0.2739461660385132,,,,,,,,,,,
94,26849,,,,,0.2461402863264084,,,,,,,,,,,
94,26859,,,,,0.27721458673477173,,,,,,,,,,,
94,26869,,,,,0.28403040766716003,,,,,,,,,,,
94,26879,,,,,0.23447425663471222,,,,,,,,,,,
94,94,0.4999998851057664,69.27130676292825,,,,,,,,,,,,,,
94,26884,,,,,,0.2615622580051422,,,,,,,,,,
95,26889,,,,,0.23971787095069885,,,,,,,,,,,
95,26899,,,,,0.2289714366197586,,,,,,,,,,,
95,26909,,,,,0.2537163197994232,,,,,,,,,,,
95,26919,,,,,0.32682710886001587,,,,,,,,,,,
95,26929,,,,,0.2437461018562317,,,,,,,,,,,
95,26939,,,,,0.25912731885910034,,,,,,,,,,,
95,26949,,,,,0.26338234543800354,,,,,,,,,,,
95,26959,,,,,0.2389976680278778,,,,,,,,,,,
95,26969,,,,,0.2486223727464676,,,,,,,,,,,
95,26979,,,,,0.29921695590019226,,,,,,,,,,,
95,26989,,,,,0.24689078330993652,,,,,,,,,,,
95,26999,,,,,0.27972984313964844,,,,,,,,,,,
95,27009,,,,,0.2289353460073471,,,,,,,,,,,
95,27019,,,,,0.22751034796237946,,,,,,,,,,,
95,27029,,,,,0.25880497694015503,,,,,,,,,,,
95,27039,,,,,0.2571198642253876,,,,,,,,,,,
95,27049,,,,,0.3204246163368225,,,,,,,,,,,
95,27059,,,,,0.2926493287086487,,,,,,,,,,,
95,27069,,,,,0.2230510711669922,,,,,,,,,,,
95,27079,,,,,0.2193734347820282,,,,,,,,,,,
95,27089,,,,,0.2941615879535675,,,,,,,,,,,
95,27099,,,,,0.21707962453365326,,,,,,,,,,,
95,27109,,,,,0.31881463527679443,,,,,,,,,,,
95,27119,,,,,0.24632875621318817,,,,,,,,,,,
95,27129,,,,,0.2549089789390564,,,,,,,,,,,
95,27139,,,,,0.23593533039093018,,,,,,,,,,,
95,27149,,,,,0.24603229761123657,,,,,,,,,,,
95,27159,,,,,0.269094854593277,,,,,,,,,,,
95,95,0.4999998823769889,69.3446167805243,,,,,,,,,,,,,,
95,27167,,,,,,0.2588278353214264,,,,,,,,,,
96,27169,,,,,0.25029802322387695,,,,,,,,,,,
96,27179,,,,,0.249388188123703,,,,,,,,,,,
96,27189,,,,,0.24519865214824677,,,,,,,,,,,
96,27199,,,,,0.2552811801433563,,,,,,,,,,,
96,27209,,,,,0.20176148414611816,,,,,,,,,,,
96,27219,,,,,0.25922465324401855,,,,,,,,,,,
96,27229,,,,,0.25727054476737976,,,,,,,,,,,
96,27239,,,,,0.26292845606803894,,,,,,,,,,,
96,27249,,,,,0.2493935078382492,,,,,,,,,,,
96,27259,,,,,0.2513408660888672,,,,,,,,,,,
96,27269,,,,,0.296488493680954,,,,,,,,,,,
96,27279,,,,,0.24267259240150452,,,,,,,,,,,
96,27289,,,,,0.2583947479724884,,,,,,,,,,,
96,27299,,,,,0.2509593665599823,,,,,,,,,,,
96,27309,,,,,0.22542309761047363,,,,,,,,,,,
96,27319,,,,,0.24840328097343445,,,,,,,,,,,
96,27329,,,,,0.2620796263217926,,,,,,,,,,,
96,27339,,,,,0.23409950733184814,,,,,,,,,,,
96,27349,,,,,0.21920737624168396,,,,,,,,,,,
96,27359,,,,,0.24515192210674286,,,,,,,,,,,
96,27369,,,,,0.22227966785430908,,,,,,,,,,,
96,27379,,,,,0.24685034155845642,,,,,,,,,,,
96,27389,,,,,0.21879015862941742,,,,,,,,,,,
96,27399,,,,,0.33874040842056274,,,,,,,,,,,
96,27409,,,,,0.24301739037036896,,,,,,,,,,,
96,27419,,,,,0.25643181800842285,,,,,,,,,,,
96,27429,,,,,0.2999287247657776,,,,,,,,,,,
96,27439,,,,,0.26505517959594727,,,,,,,,,,,
96,27449,,,,,0.28968545794487,,,,,,,,,,,
96,96,0.4999998690394061,69.41858671857825,,,,,,,,,,,,,,
96,27450,,,,,,0.2527112066745758,,,,,,,,,,
97,27459,,,,,0.2389465719461441,,,,,,,,,,,
97,27469,,,,,0.2247208207845688,,,,,,,,,,,
97,27479,,,,,0.21233683824539185,,,,,,,,,,,
97,27489,,,,,0.2872407138347626,,,,,,,,,,,
97,27499,,,,,0.23061376810073853,,,,,,,,,,,
97,27509,,,,,0.24473746120929718,,,,,,,,,,,
97,27519,,,,,0.22351272404193878,,,,,,,,,,,
97,27529,,,,,0.2395865023136139,,,,,,,,,,,
97,27539,,,,,0.22245952486991882,,,,,,,,,,,
97,27549,,,,,0.21190287172794342,,,,,,,,,,,
97,27559,,,,,0.2382356822490692,,,,,,,,,,,
97,27569,,,,,0.25341513752937317,,,,,,,,,,,
97,27579,,,,,0.27937108278274536,,,,,,,,,,,
97,27589,,,,,0.23206734657287598,,,,,,,,,,,
97,27599,,,,,0.21860060095787048,,,,,,,,,,,
97,27609,,,,,0.24211810529232025,,,,,,,,,,,
97,27619,,,,,0.23018459975719452,,,,,,,,,,,
97,27629,,,,,0.2150607854127884,,,,,,,,,,,
97,27639,,,,,0.28918102383613586,,,,,,,,,,,
97,27649,,,,,0.22993797063827515,,,,,,,,,,,
97,27659,,,,,0.26139143109321594,,,,,,,,,,,
97,27669,,,,,0.2518530786037445,,,,,,,,,,,
97,27679,,,,,0.24766147136688232,,,,,,,,,,,
97,27689,,,,,0.24565890431404114,,,,,,,,,,,
97,27699,,,,,0.2190856784582138,,,,,,,,,,,
97,27709,,,,,0.22162705659866333,,,,,,,,,,,
97,27719,,,,,0.2515580952167511,,,,,,,,,,,
97,27729,,,,,0.2206699699163437,,,,,,,,,,,
97,97,0.49999987927391354,69.48867690459922,,,,,,,,,,,,,,
97,27733,,,,,,0.24771760404109955,,,,,,,,,,
98,27739,,,,,0.2269163429737091,,,,,,,,,,,
98,27749,,,,,0.24751517176628113,,,,,,,,,,,
98,27759,,,,,0.2288452535867691,,,,,,,,,,,
98,27769,,,,,0.2756863534450531,,,,,,,,,,,
98,27779,,,,,0.2767006456851959,,,,,,,,,,,
98,27789,,,,,0.2513141632080078,,,,,,,,,,,
98,27799,,,,,0.27083420753479004,,,,,,,,,,,
98,27809,,,,,0.21808715164661407,,,,,,,,,,,
98,27819,,,,,0.25117987394332886,,,,,,,,,,,
98,27829,,,,,0.2697426974773407,,,,,,,,,,,
98,27839,,,,,0.27469930052757263,,,,,,,,,,,
98,27849,,,,,0.2203540802001953,,,,,,,,,,,
98,27859,,,,,0.27549198269844055,,,,,,,,,,,
98,27869,,,,,0.21477793157100677,,,,,,,,,,,
98,27879,,,,,0.247627854347229,,,,,,,,,,,
98,27889,,,,,0.2251611202955246,,,,,,,,,,,
98,27899,,,,,0.2515794038772583,,,,,,,,,,,
98,27909,,,,,0.20624174177646637,,,,,,,,,,,
98,27919,,,,,0.2209719717502594,,,,,,,,,,,
98,27929,,,,,0.23690252006053925,,,,,,,,,,,
98,27939,,,,,0.2723539173603058,,,,,,,,,,,
98,27949,,,,,0.2563067078590393,,,,,,,,,,,
98,27959,,,,,0.2184341996908188,,,,,,,,,,,
98,27969,,,,,0.2706744074821472,,,,,,,,,,,
98,27979,,,,,0.2545245885848999,,,,,,,,,,,
98,27989,,,,,0.25700709223747253,,,,,,,,,,,
98,27999,,,,,0.24164405465126038,,,,,,,,,,,
98,28009,,,,,0.23823995888233185,,,,,,,,,,,
98,98,0.49999987945454677,69.55785348236991,,,,,,,,,,,,,,
98,28016,,,,,,0.24456864595413208,,,,,,,,,,
99,28019,,,,,0.18976129591464996,,,,,,,,,,,
99,28029,,,,,0.22530977427959442,,,,,,,,,,,
99,28039,,,,,0.2061711549758911,,,,,,,,,,,
99,28049,,,,,0.25066444277763367,,,,,,,,,,,
99,28059,,,,,0.1965593546628952,,,,,,,,,,,
99,28069,,,,,0.2449364811182022,,,,,,,,,,,
99,28079,,,,,0.249444842338562,,,,,,,,,,,
99,28089,,,,,0.2442137748003006,,,,,,,,,,,
99,28099,,,,,0.20820079743862152,,,,,,,,,,,
99,28109,,,,,0.25588831305503845,,,,,,,,,,,
99,28119,,,,,0.232337087392807,,,,,,,,,,,
99,28129,,,,,0.2373858094215393,,,,,,,,,,,
99,28139,,,,,0.23740240931510925,,,,,,,,,,,
99,28149,,,,,0.25357377529144287,,,,,,,,,,,
99,28159,,,,,0.25249189138412476,,,,,,,,,,,
99,28169,,,,,0.2304256409406662,,,,,,,,,,,
99,28179,,,,,0.2589165270328522,,,,,,,,,,,
99,28189,,,,,0.2269574999809265,,,,,,,,,,,
99,28199,,,,,0.23922838270664215,,,,,,,,,,,
99,28209,,,,,0.2353498488664627,,,,,,,,,,,
99,28219,,,,,0.23067018389701843,,,,,,,,,,,
99,28229,,,,,0.24776649475097656,,,,,,,,,,,
99,28239,,,,,0.23117847740650177,,,,,,,,,,,
99,28249,,,,,0.23676186800003052,,,,,,,,,,,
99,28259,,,,,0.2137852907180786,,,,,,,,,,,
99,28269,,,,,0.2266238033771515,,,,,,,,,,,
99,28279,,,,,0.21926690638065338,,,,,,,,,,,
99,28289,,,,,0.2532601058483124,,,,,,,,,,,
99,28299,,,,,0.20385006070137024,,,,,,,,,,,
99,99,,,0.9958866834640503,0.6682195663452148,,,0.20675630527426384,0.7847287654876709,,0.8630220890045166,,0.21607911586761475,,1.1695263675433032,,0.21314828097820282
99,28299,,,,,,,,,0.8630220890045166,,0.21607911586761475,,1.1695263385772705,,0.21314828097820282,
99,99,0.4999998545178044,69.62362428732739,,,,,,,,,,,,,,
99,28299,,,,,,0.23870371282100677,,,,,,,,,,
100,28309,,,,,0.21402359008789062,,,,,,,,,,,
100,28319,,,,,0.3060520887374878,,,,,,,,,,,
100,28329,,,,,0.22669436037540436,,,,,,,,,,,
100,28339,,,,,0.22867576777935028,,,,,,,,,,,
100,28349,,,,,0.22314633429050446,,,,,,,,,,,
100,28359,,,,,0.21925829350948334,,,,,,,,,,,
100,28369,,,,,0.2526300251483917,,,,,,,,,,,
100,28379,,,,,0.23851190507411957,,,,,,,,,,,
100,28389,,,,,0.2465769350528717,,,,,,,,,,,
100,28399,,,,,0.21550332009792328,,,,,,,,,,,
100,28409,,,,,0.2739204168319702,,,,,,,,,,,
100,28419,,,,,0.2177288830280304,,,,,,,,,,,
100,28429,,,,,0.23565171658992767,,,,,,,,,,,
100,28439,,,,,0.19385609030723572,,,,,,,,,,,
100,28449,,,,,0.26406335830688477,,,,,,,,,,,
100,28459,,,,,0.22923728823661804,,,,,,,,,,,
100,28469,,,,,0.25490352511405945,,,,,,,,,,,
100,28479,,,,,0.2523864209651947,,,,,,,,,,,
100,28489,,,,,0.18947753310203552,,,,,,,,,,,
100,28499,,,,,0.2437412142753601,,,,,,,,,,,
100,28509,,,,,0.251935750246048,,,,,,,,,,,
100,28519,,,,,0.2147635817527771,,,,,,,,,,,
100,28529,,,,,0.21601560711860657,,,,,,,,,,,
100,28539,,,,,0.22541795670986176,,,,,,,,,,,
100,28549,,,,,0.249919131398201,,,,,,,,,,,
100,28559,,,,,0.22443152964115143,,,,,,,,,,,
100,28569,,,,,0.2295013964176178,,,,,,,,,,,
100,28579,,,,,0.2361379861831665,,,,,,,,,,,
100,100,0.4999998775435135,69.68878968043595,,,,,,,,,,,,,,
100,28582,,,,,,0.23500719666481018,,,,,,,,,,
101,28589,,,,,0.2502121031284332,,,,,,,,,,,
101,28599,,,,,0.24680258333683014,,,,,,,,,,,
101,28609,,,,,0.23235052824020386,,,,,,,,,,,
101,28619,,,,,0.23228342831134796,,,,,,,,,,,
101,28629,,,,,0.23330239951610565,,,,,,,,,,,
101,28639,,,,,0.23026292026042938,,,,,,,,,,,
101,28649,,,,,0.2685573697090149,,,,,,,,,,,
101,28659,,,,,0.2164488434791565,,,,,,,,,,,
101,28669,,,,,0.22032512724399567,,,,,,,,,,,
101,28679,,,,,0.2165871262550354,,,,,,,,,,,
101,28689,,,,,0.203168123960495,,,,,,,,,,,
101,28699,,,,,0.25323063135147095,,,,,,,,,,,
101,28709,,,,,0.20816254615783691,,,,,,,,,,,
101,28719,,,,,0.22847317159175873,,,,,,,,,,,
101,28729,,,,,0.24496974050998688,,,,,,,,,,,
101,28739,,,,,0.21221429109573364,,,,,,,,,,,
101,28749,,,,,0.23586636781692505,,,,,,,,,,,
101,28759,,,,,0.22632136940956116,,,,,,,,,,,
101,28769,,,,,0.24140706658363342,,,,,,,,,,,
101,28779,,,,,0.23015032708644867,,,,,,,,,,,
101,28789,,,,,0.2271609604358673,,,,,,,,,,,
101,28799,,,,,0.23163023591041565,,,,,,,,,,,
101,28809,,,,,0.217270165681839,,,,,,,,,,,
101,28819,,,,,0.20839528739452362,,,,,,,,,,,
101,28829,,,,,0.27143898606300354,,,,,,,,,,,
101,28839,,,,,0.2601086497306824,,,,,,,,,,,
101,28849,,,,,0.23759537935256958,,,,,,,,,,,
101,28859,,,,,0.2474062144756317,,,,,,,,,,,
101,101,0.49999986482394,69.75150796917727,,,,,,,,,,,,,,
101,28865,,,,,,0.23008185625076294,,,,,,,,,,
102,28869,,,,,0.19747158885002136,,,,,,,,,,,
102,28879,,,,,0.22007133066654205,,,,,,,,,,,
102,28889,,,,,0.2682352662086487,,,,,,,,,,,
102,28899,,,,,0.2254805564880371,,,,,,,,,,,
102,28909,,,,,0.2564575672149658,,,,,,,,,,,
102,28919,,,,,0.18207445740699768,,,,,,,,,,,
102,28929,,,,,0.222372904419899,,,,,,,,,,,
102,28939,,,,,0.2035219371318817,,,,,,,,,,,
102,28949,,,,,0.21367286145687103,,,,,,,,,,,
102,28959,,,,,0.21822912991046906,,,,,,,,,,,
102,28969,,,,,0.23070313036441803,,,,,,,,,,,
102,28979,,,,,0.24094167351722717,,,,,,,,,,,
102,28989,,,,,0.22562219202518463,,,,,,,,,,,
102,28999,,,,,0.21036209166049957,,,,,,,,,,,
102,29009,,,,,0.22482267022132874,,,,,,,,,,,
102,29019,,,,,0.2203027755022049,,,,,,,,,,,
102,29029,,,,,0.20589391887187958,,,,,,,,,,,
102,29039,,,,,0.22885344922542572,,,,,,,,,,,
102,29049,,,,,0.18775729835033417,,,,,,,,,,,
102,29059,,,,,0.22337670624256134,,,,,,,,,,,
102,29069,,,,,0.22609862685203552,,,,,,,,,,,
102,29079,,,,,0.27584636211395264,,,,,,,,,,,
102,29089,,,,,0.22738146781921387,,,,,,,,,,,
102,29099,,,,,0.269607275724411,,,,,,,,,,,
102,29109,,,,,0.24041970074176788,,,,,,,,,,,
102,29119,,,,,0.2099364995956421,,,,,,,,,,,
102,29129,,,,,0.19978868961334229,,,,,,,,,,,
102,29139,,,,,0.21507106721401215,,,,,,,,,,,
102,102,0.49999985571142014,69.81345495573466,,,,,,,,,,,,,,
102,29148,,,,,,0.22483985126018524,,,,,,,,,,
103,29149,,,,,0.17985878884792328,,,,,,,,,,,
103,29159,,,,,0.23799321055412292,,,,,,,,,,,
103,29169,,,,,0.21643373370170593,,,,,,,,,,,
103,29179,,,,,0.1804886758327484,,,,,,,,,,,
103,29189,,,,,0.2338562160730362,,,,,,,,,,,
103,29199,,,,,0.2625562846660614,,,,,,,,,,,
103,29209,,,,,0.22302915155887604,,,,,,,,,,,
103,29219,,,,,0.21211674809455872,,,,,,,,,,,
103,29229,,,,,0.2452474683523178,,,,,,,,,,,
103,29239,,,,,0.20379525423049927,,,,,,,,,,,
103,29249,,,,,0.23896610736846924,,,,,,,,,,,
103,29259,,,,,0.20221054553985596,,,,,,,,,,,
103,29269,,,,,0.24824844300746918,,,,,,,,,,,
103,29279,,,,,0.2194693386554718,,,,,,,,,,,
103,29289,,,,,0.21729567646980286,,,,,,,,,,,
103,29299,,,,,0.2135528028011322,,,,,,,,,,,
103,29309,,,,,0.24136202037334442,,,,,,,,,,,
103,29319,,,,,0.2299043983221054,,,,,,,,,,,
103,29329,,,,,0.2031736522912979,,,,,,,,,,,
103,29339,,,,,0.23346517980098724,,,,,,,,,,,
103,29349,,,,,0.2136061191558838,,,,,,,,,,,
103,29359,,,,,0.19663676619529724,,,,,,,,,,,
103,29369,,,,,0.18977393209934235,,,,,,,,,,,
103,29379,,,,,0.20832030475139618,,,,,,,,,,,
103,29389,,,,,0.17006167769432068,,,,,,,,,,,
103,29399,,,,,0.21144965291023254,,,,,,,,,,,
103,29409,,,,,0.2089037299156189,,,,,,,,,,,
103,29419,,,,,0.22602088749408722,,,,,,,,,,,
103,29429,,,,,0.23726731538772583,,,,,,,,,,,
103,103,0.49999986327169976,69.8732161980397,,,,,,,,,,,,,,
103,29431,,,,,,0.22112132608890533,,,,,,,,,,
104,29439,,,,,0.23372572660446167,,,,,,,,,,,
104,29449,,,,,0.2329663783311844,,,,,,,,,,,
104,29459,,,,,0.2300383597612381,,,,,,,,,,,
104,29469,,,,,0.191453754901886,,,,,,,,,,,
104,29479,,,,,0.2128111720085144,,,,,,,,,,,
104,29489,,,,,0.2323460578918457,,,,,,,,,,,
104,29499,,,,,0.21039287745952606,,,,,,,,,,,
104,29509,,,,,0.22734300792217255,,,,,,,,,,,
104,29519,,,,,0.21436578035354614,,,,,,,,,,,
104,29529,,,,,0.19955427944660187,,,,,,,,,,,
104,29539,,,,,0.22160379588603973,,,,,,,,,,,
104,29549,,,,,0.18340420722961426,,,,,,,,,,,
104,29559,,,,,0.24197903275489807,,,,,,,,,,,
104,29569,,,,,0.2248479276895523,,,,,,,,,,,
104,29579,,,,,0.21770712733268738,,,,,,,,,,,
104,29589,,,,,0.1859419047832489,,,,,,,,,,,
104,29599,,,,,0.17500273883342743,,,,,,,,,,,
104,29609,,,,,0.23349595069885254,,,,,,,,,,,
104,29619,,,,,0.19936464726924896,,,,,,,,,,,
104,29629,,,,,0.196028932929039,,,,,,,,,,,
104,29639,,,,,0.23550443351268768,,,,,,,,,,,
104,29649,,,,,0.23012979328632355,,,,,,,,,,,
104,29659,,,,,0.2430439293384552,,,,,,,,,,,
104,29669,,,,,0.2344481498003006,,,,,,,,,,,
104,29679,,,,,0.26755595207214355,,,,,,,,,,,
104,29689,,,,,0.1973799467086792,,,,,,,,,,,
104,29699,,,,,0.22979940474033356,,,,,,,,,,,
104,29709,,,,,0.19034841656684875,,,,,,,,,,,
104,104,0.4999998672070245,69.92785442124223,,,,,,,,,,,,,,
104,29714,,,,,,0.2186693698167801,,,,,,,,,,
105,29719,,,,,0.20490212738513947,,,,,,,,,,,
105,29729,,,,,0.19508232176303864,,,,,,,,,,,
105,29739,,,,,0.2415999174118042,,,,,,,,,,,
105,29749,,,,,0.2276276797056198,,,,,,,,,,,
105,29759,,,,,0.20993399620056152,,,,,,,,,,,
105,29769,,,,,0.2263261377811432,,,,,,,,,,,
105,29779,,,,,0.22260558605194092,,,,,,,,,,,
105,29789,,,,,0.18012003600597382,,,,,,,,,,,
105,29799,,,,,0.22290447354316711,,,,,,,,,,,
105,29809,,,,,0.2474704086780548,,,,,,,,,,,
105,29819,,,,,0.2059343159198761,,,,,,,,,,,
105,29829,,,,,0.24897922575473785,,,,,,,,,,,
105,29839,,,,,0.21494561433792114,,,,,,,,,,,
105,29849,,,,,0.23218384385108948,,,,,,,,,,,
105,29859,,,,,0.18230989575386047,,,,,,,,,,,
105,29869,,,,,0.1896226555109024,,,,,,,,,,,
105,29879,,,,,0.2038194239139557,,,,,,,,,,,
105,29889,,,,,0.21266241371631622,,,,,,,,,,,
105,29899,,,,,0.2152259796857834,,,,,,,,,,,
105,29909,,,,,0.25368863344192505,,,,,,,,,,,
105,29919,,,,,0.2053535133600235,,,,,,,,,,,
105,29929,,,,,0.2297101616859436,,,,,,,,,,,
105,29939,,,,,0.195515438914299,,,,,,,,,,,
105,29949,,,,,0.22876687347888947,,,,,,,,,,,
105,29959,,,,,0.22265160083770752,,,,,,,,,,,
105,29969,,,,,0.20745886862277985,,,,,,,,,,,
105,29979,,,,,0.19937202334403992,,,,,,,,,,,
105,29989,,,,,0.19851425290107727,,,,,,,,,,,
105,105,0.49999986348756215,69.98393306263992,,,,,,,,,,,,,,
105,29997,,,,,,0.21269184350967407,,,,,,,,,,
106,29999,,,,,0.21085408329963684,,,,,,,,,,,
106,30009,,,,,0.1761968731880188,,,,,,,,,,,
106,30019,,,,,0.22317266464233398,,,,,,,,,,,
106,30029,,,,,0.24103623628616333,,,,,,,,,,,
106,30039,,,,,0.23258249461650848,,,,,,,,,,,
106,30049,,,,,0.22879621386528015,,,,,,,,,,,
106,30059,,,,,0.19541040062904358,,,,,,,,,,,
106,30069,,,,,0.1988442987203598,,,,,,,,,,,
106,30079,,,,,0.23473374545574188,,,,,,,,,,,
106,30089,,,,,0.22769923508167267,,,,,,,,,,,
106,30099,,,,,0.21574059128761292,,,,,,,,,,,
106,30109,,,,,0.21637362241744995,,,,,,,,,,,
106,30119,,,,,0.22581049799919128,,,,,,,,,,,
106,30129,,,,,0.2171291708946228,,,,,,,,,,,
106,30139,,,,,0.21954040229320526,,,,,,,,,,,
106,30149,,,,,0.22419509291648865,,,,,,,,,,,
106,30159,,,,,0.1849944144487381,,,,,,,,,,,
106,30169,,,,,0.22180043160915375,,,,,,,,,,,
106,30179,,,,,0.1962086409330368,,,,,,,,,,,
106,30189,,,,,0.21698088943958282,,,,,,,,,,,
106,30199,,,,,0.25069659948349,,,,,,,,,,,
106,30209,,,,,0.18309739232063293,,,,,,,,,,,
106,30219,,,,,0.20001515746116638,,,,,,,,,,,
106,30229,,,,,0.20229236781597137,,,,,,,,,,,
106,30239,,,,,0.19653239846229553,,,,,,,,,,,
106,30249,,,,,0.23053693771362305,,,,,,,,,,,
106,30259,,,,,0.23283454775810242,,,,,,,,,,,
106,30269,,,,,0.19199298322200775,,,,,,,,,,,
106,30279,,,,,0.21465623378753662,,,,,,,,,,,
106,106,0.4999998698557152,70.03668732189242,,,,,,,,,,,,,,
106,30280,,,,,,0.21021559834480286,,,,,,,,,,
107,30289,,,,,0.22294624149799347,,,,,,,,,,,
107,30299,,,,,0.1920369267463684,,,,,,,,,,,
107,30309,,,,,0.2141515463590622,,,,,,,,,,,
107,30319,,,,,0.20002514123916626,,,,,,,,,,,
107,30329,,,,,0.20413824915885925,,,,,,,,,,,
107,30339,,,,,0.23437830805778503,,,,,,,,,,,
107,30349,,,,,0.23059271275997162,,,,,,,,,,,
107,30359,,,,,0.24130071699619293,,,,,,,,,,,
107,30369,,,,,0.23568309843540192,,,,,,,,,,,
107,30379,,,,,0.20075903832912445,,,,,,,,,,,
107,30389,,,,,0.2019679993391037,,,,,,,,,,,
107,30399,,,,,0.22101359069347382,,,,,,,,,,,
107,30409,,,,,0.18383970856666565,,,,,,,,,,,
107,30419,,,,,0.1781071126461029,,,,,,,,,,,
107,30429,,,,,0.22602446377277374,,,,,,,,,,,
107,30439,,,,,0.21377763152122498,,,,,,,,,,,
107,30449,,,,,0.210648775100708,,,,,,,,,,,
107,30459,,,,,0.18111194670200348,,,,,,,,,,,
107,30469,,,,,0.2315269559621811,,,,,,,,,,,
107,30479,,,,,0.21083544194698334,,,,,,,,,,,
107,30489,,,,,0.2213720679283142,,,,,,,,,,,
107,30499,,,,,0.22193126380443573,,,,,,,,,,,
107,30509,,,,,0.23319534957408905,,,,,,,,,,,
107,30519,,,,,0.20018599927425385,,,,,,,,,,,
107,30529,,,,,0.18994754552841187,,,,,,,,,,,
107,30539,,,,,0.2166774719953537,,,,,,,,,,,
107,30549,,,,,0.22500936686992645,,,,,,,,,,,
107,30559,,,,,0.19865325093269348,,,,,,,,,,,
107,107,0.49999987046705574,70.08590564518545,,,,,,,,,,,,,,
107,30563,,,,,,0.20796069502830505,,,,,,,,,,
108,30569,,,,,0.21454744040966034,,,,,,,,,,,
108,30579,,,,,0.19906800985336304,,,,,,,,,,,
108,30589,,,,,0.16520899534225464,,,,,,,,,,,
108,30599,,,,,0.17158329486846924,,,,,,,,,,,
108,30609,,,,,0.20146046578884125,,,,,,,,,,,
108,30619,,,,,0.24794049561023712,,,,,,,,,,,
108,30629,,,,,0.18078970909118652,,,,,,,,,,,
108,30639,,,,,0.1909293234348297,,,,,,,,,,,
108,30649,,,,,0.19117464125156403,,,,,,,,,,,
108,30659,,,,,0.21588295698165894,,,,,,,,,,,
108,30669,,,,,0.20250973105430603,,,,,,,,,,,
108,30679,,,,,0.2167799323797226,,,,,,,,,,,
108,30689,,,,,0.18243086338043213,,,,,,,,,,,
108,30699,,,,,0.21607887744903564,,,,,,,,,,,
108,30709,,,,,0.1928897202014923,,,,,,,,,,,
108,30719,,,,,0.22646838426589966,,,,,,,,,,,
108,30729,,,,,0.18296362459659576,,,,,,,,,,,
108,30739,,,,,0.21918456256389618,,,,,,,,,,,
108,30749,,,,,0.19704146683216095,,,,,,,,,,,
108,30759,,,,,0.23732668161392212,,,,,,,,,,,
108,30769,,,,,0.19276244938373566,,,,,,,,,,,
108,30779,,,,,0.2518858015537262,,,,,,,,,,,
108,30789,,,,,0.2198168933391571,,,,,,,,,,,
108,30799,,,,,0.19089138507843018,,,,,,,,,,,
108,30809,,,,,0.18468467891216278,,,,,,,,,,,
108,30819,,,,,0.1949240267276764,,,,,,,,,,,
108,30829,,,,,0.21630939841270447,,,,,,,,,,,
108,30839,,,,,0.1922995001077652,,,,,,,,,,,
108,108,0.4999998507004768,70.13593009150652,,,,,,,,,,,,,,
108,30846,,,,,,0.20368137955665588,,,,,,,,,,
109,30849,,,,,0.17663054168224335,,,,,,,,,,,
109,30859,,,,,0.1973697692155838,,,,,,,,,,,
109,30869,,,,,0.15112711489200592,,,,,,,,,,,
109,30879,,,,,0.17522329092025757,,,,,,,,,,,
109,30889,,,,,0.1815822720527649,,,,,,,,,,,
109,30899,,,,,0.22518303990364075,,,,,,,,,,,
109,30909,,,,,0.16971851885318756,,,,,,,,,,,
109,30919,,,,,0.1806100606918335,,,,,,,,,,,
109,30929,,,,,0.18893378973007202,,,,,,,,,,,
109,30939,,,,,0.19973629713058472,,,,,,,,,,,
109,30949,,,,,0.19910743832588196,,,,,,,,,,,
109,30959,,,,,0.20342634618282318,,,,,,,,,,,
109,30969,,,,,0.19197188317775726,,,,,,,,,,,
109,30979,,,,,0.20874981582164764,,,,,,,,,,,
109,30989,,,,,0.20727257430553436,,,,,,,,,,,
109,30999,,,,,0.20569777488708496,,,,,,,,,,,
109,31009,,,,,0.19295662641525269,,,,,,,,,,,
109,31019,,,,,0.18691040575504303,,,,,,,,,,,
109,31029,,,,,0.18425314128398895,,,,,,,,,,,
109,31039,,,,,0.19719192385673523,,,,,,,,,,,
109,31049,,,,,0.19280768930912018,,,,,,,,,,,
109,31059,,,,,0.2271837294101715,,,,,,,,,,,
109,31069,,,,,0.23766948282718658,,,,,,,,,,,
109,31079,,,,,0.23145660758018494,,,,,,,,,,,
109,31089,,,,,0.21464897692203522,,,,,,,,,,,
109,31099,,,,,0.22994108498096466,,,,,,,,,,,
109,31109,,,,,0.23758813738822937,,,,,,,,,,,
109,31119,,,,,0.20194801688194275,,,,,,,,,,,
109,31129,,,,,0.2768552601337433,,,,,,,,,,,
109,109,,,0.9974573254585266,0.7220579385757446,,,0.167129350629451,0.8476491570472717,,0.8621746897697449,,0.21649125218391418,,1.2746994279477062,,0.21288980543613434
109,31129,,,,,,,,,0.8621746897697449,,0.21649125218391418,,1.274699330329895,,0.21288980543613434,
109,109,0.4999998522704506,70.1818169816525,,,,,,,,,,,,,,
109,31129,,,,,,0.20082655549049377,,,,,,,,,,
110,31139,,,,,0.187931090593338,,,,,,,,,,,
110,31149,,,,,0.1822420209646225,,,,,,,,,,,
110,31159,,,,,0.1894940584897995,,,,,,,,,,,
110,31169,,,,,0.195517435669899,,,,,,,,,,,
110,31179,,,,,0.18428142368793488,,,,,,,,,,,
110,31189,,,,,0.16702599823474884,,,,,,,,,,,
110,31199,,,,,0.186504527926445,,,,,,,,,,,
110,31209,,,,,0.18774928152561188,,,,,,,,,,,
110,31219,,,,,0.1742093712091446,,,,,,,,,,,
110,31229,,,,,0.2359970510005951,,,,,,,,,,,
110,31239,,,,,0.20262235403060913,,,,,,,,,,,
110,31249,,,,,0.1729278713464737,,,,,,,,,,,
110,31259,,,,,0.18330596387386322,,,,,,,,,,,
110,31269,,,,,0.205462247133255,,,,,,,,,,,
110,31279,,,,,0.17658844590187073,,,,,,,,,,,
110,31289,,,,,0.20129665732383728,,,,,,,,,,,
110,31299,,,,,0.16499632596969604,,,,,,,,,,,
110,31309,,,,,0.20232318341732025,,,,,,,,,,,
110,31319,,,,,0.1685965657234192,,,,,,,,,,,
110,31329,,,,,0.21267345547676086,,,,,,,,,,,
110,31339,,,,,0.19176048040390015,,,,,,,,,,,
110,31349,,,,,0.20368225872516632,,,,,,,,,,,
110,31359,,,,,0.17720861732959747,,,,,,,,,,,
110,31369,,,,,0.22213006019592285,,,,,,,,,,,
110,31379,,,,,0.2065453827381134,,,,,,,,,,,
110,31389,,,,,0.19908416271209717,,,,,,,,,,,
110,31399,,,,,0.24023060500621796,,,,,,,,,,,
110,31409,,,,,0.1911240965127945,,,,,,,,,,,
110,110,0.49999985519554235,70.22703620645007,,,,,,,,,,,,,,
110,31412,,,,,,0.1977735161781311,,,,,,,,,,
111,31419,,,,,0.21779687702655792,,,,,,,,,,,
111,31429,,,,,0.14986689388751984,,,,,,,,,,,
111,31439,,,,,0.19101646542549133,,,,,,,,,,,
111,31449,,,,,0.21189314126968384,,,,,,,,,,,
111,31459,,,,,0.16852466762065887,,,,,,,,,,,
111,31469,,,,,0.16062861680984497,,,,,,,,,,,
111,31479,,,,,0.18240056931972504,,,,,,,,,,,
111,31489,,,,,0.20663341879844666,,,,,,,,,,,
111,31499,,,,,0.1768776923418045,,,,,,,,,,,
111,31509,,,,,0.191208615899086,,,,,,,,,,,
111,31519,,,,,0.2361714094877243,,,,,,,,,,,
111,31529,,,,,0.17808043956756592,,,,,,,,,,,
111,31539,,,,,0.19939132034778595,,,,,,,,,,,
111,31549,,,,,0.21356627345085144,,,,,,,,,,,
111,31559,,,,,0.17845168709754944,,,,,,,,,,,
111,31569,,,,,0.21705833077430725,,,,,,,,,,,
111,31579,,,,,0.15056747198104858,,,,,,,,,,,
111,31589,,,,,0.17506688833236694,,,,,,,,,,,
111,31599,,,,,0.24215784668922424,,,,,,,,,,,
111,31609,,,,,0.19346074759960175,,,,,,,,,,,
111,31619,,,,,0.16150419414043427,,,,,,,,,,,
111,31629,,,,,0.2105094939470291,,,,,,,,,,,
111,31639,,,,,0.2071632295846939,,,,,,,,,,,
111,31649,,,,,0.20707781612873077,,,,,,,,,,,
111,31659,,,,,0.21064944565296173,,,,,,,,,,,
111,31669,,,,,0.21044224500656128,,,,,,,,,,,
111,31679,,,,,0.1672622263431549,,,,,,,,,,,
111,31689,,,,,0.21161618828773499,,,,,,,,,,,
111,111,0.49999984852993384,70.27094016187252,,,,,,,,,,,,,,
111,31695,,,,,,0.19439929723739624,,,,,,,,,,
112,31699,,,,,0.2001161426305771,,,,,,,,,,,
112,31709,,,,,0.19344957172870636,,,,,,,,,,,
112,31719,,,,,0.18228647112846375,,,,,,,,,,,
112,31729,,,,,0.18090425431728363,,,,,,,,,,,
112,31739,,,,,0.17700642347335815,,,,,,,,,,,
112,31749,,,,,0.17233902215957642,,,,,,,,,,,
112,31759,,,,,0.15197058022022247,,,,,,,,,,,
112,31769,,,,,0.19852717220783234,,,,,,,,,,,
112,31779,,,,,0.19156819581985474,,,,,,,,,,,
112,31789,,,,,0.22757479548454285,,,,,,,,,,,
112,31799,,,,,0.18745578825473785,,,,,,,,,,,
112,31809,,,,,0.16351009905338287,,,,,,,,,,,
112,31819,,,,,0.22491450607776642,,,,,,,,,,,
112,31829,,,,,0.18148371577262878,,,,,,,,,,,
112,31839,,,,,0.20287199318408966,,,,,,,,,,,
112,31849,,,,,0.18768340349197388,,,,,,,,,,,
112,31859,,,,,0.17183782160282135,,,,,,,,,,,
112,31869,,,,,0.18661552667617798,,,,,,,,,,,
112,31879,,,,,0.16584421694278717,,,,,,,,,,,
112,31889,,,,,0.20076236128807068,,,,,,,,,,,
112,31899,,,,,0.17043094336986542,,,,,,,,,,,
112,31909,,,,,0.19123637676239014,,,,,,,,,,,
112,31919,,,,,0.18761157989501953,,,,,,,,,,,
112,31929,,,,,0.21449773013591766,,,,,,,,,,,
112,31939,,,,,0.16995267570018768,,,,,,,,,,,
112,31949,,,,,0.1876583993434906,,,,,,,,,,,
112,31959,,,,,0.1733274906873703,,,,,,,,,,,
112,31969,,,,,0.22100715339183807,,,,,,,,,,,
112,112,0.49999986803016383,70.3120692320121,,,,,,,,,,,,,,
112,31978,,,,,,0.19105006754398346,,,,,,,,,,
113,31979,,,,,0.181142657995224,,,,,,,,,,,
113,31989,,,,,0.18834304809570312,,,,,,,,,,,
113,31999,,,,,0.19833360612392426,,,,,,,,,,,
113,32009,,,,,0.22329828143119812,,,,,,,,,,,
113,32019,,,,,0.18219108879566193,,,,,,,,,,,
113,32029,,,,,0.19236065447330475,,,,,,,,,,,
113,32039,,,,,0.20566456019878387,,,,,,,,,,,
113,32049,,,,,0.15736770629882812,,,,,,,,,,,
113,32059,,,,,0.16924035549163818,,,,,,,,,,,
113,32069,,,,,0.19708724319934845,,,,,,,,,,,
113,32079,,,,,0.20136231184005737,,,,,,,,,,,
113,32089,,,,,0.1932273805141449,,,,,,,,,,,
113,32099,,,,,0.15406018495559692,,,,,,,,,,,
113,32109,,,,,0.18018029630184174,,,,,,,,,,,
113,32119,,,,,0.17721055448055267,,,,,,,,,,,
113,32129,,,,,0.15234045684337616,,,,,,,,,,,
113,32139,,,,,0.1881820261478424,,,,,,,,,,,
113,32149,,,,,0.20128557085990906,,,,,,,,,,,
113,32159,,,,,0.19721311330795288,,,,,,,,,,,
113,32169,,,,,0.168862447142601,,,,,,,,,,,
113,32179,,,,,0.15152867138385773,,,,,,,,,,,
113,32189,,,,,0.16041186451911926,,,,,,,,,,,
113,32199,,,,,0.1857973039150238,,,,,,,,,,,
113,32209,,,,,0.17415769398212433,,,,,,,,,,,
113,32219,,,,,0.19480831921100616,,,,,,,,,,,
113,32229,,,,,0.17406325042247772,,,,,,,,,,,
113,32239,,,,,0.18181562423706055,,,,,,,,,,,
113,32249,,,,,0.21553216874599457,,,,,,,,,,,
113,32259,,,,,0.20579485595226288,,,,,,,,,,,
113,113,0.49999986304855143,70.35244208363726,,,,,,,,,,,,,,
113,32261,,,,,,0.18765154480934143,,,,,,,,,,
114,32269,,,,,0.17743134498596191,,,,,,,,,,,
114,32279,,,,,0.15260440111160278,,,,,,,,,,,
114,32289,,,,,0.17085948586463928,,,,,,,,,,,
114,32299,,,,,0.18399198353290558,,,,,,,,,,,
114,32309,,,,,0.195362389087677,,,,,,,,,,,
114,32319,,,,,0.17823776602745056,,,,,,,,,,,
114,32329,,,,,0.19132716953754425,,,,,,,,,,,
114,32339,,,,,0.1923288255929947,,,,,,,,,,,
114,32349,,,,,0.1919446736574173,,,,,,,,,,,
114,32359,,,,,0.19943417608737946,,,,,,,,,,,
114,32369,,,,,0.1948622167110443,,,,,,,,,,,
114,32379,,,,,0.17714276909828186,,,,,,,,,,,
114,32389,,,,,0.20387862622737885,,,,,,,,,,,
114,32399,,,,,0.16939356923103333,,,,,,,,,,,
114,32409,,,,,0.17121633887290955,,,,,,,,,,,
114,32419,,,,,0.16961821913719177,,,,,,,,,,,
114,32429,,,,,0.18617810308933258,,,,,,,,,,,
114,32439,,,,,0.17009197175502777,,,,,,,,,,,
114,32449,,,,,0.16502147912979126,,,,,,,,,,,
114,32459,,,,,0.18512073159217834,,,,,,,,,,,
114,32469,,,,,0.21850576996803284,,,,,,,,,,,
114,32479,,,,,0.19498728215694427,,,,,,,,,,,
114,32489,,,,,0.21389932930469513,,,,,,,,,,,
114,32499,,,,,0.1823531538248062,,,,,,,,,,,
114,32509,,,,,0.2011054903268814,,,,,,,,,,,
114,32519,,,,,0.18127447366714478,,,,,,,,,,,
114,32529,,,,,0.16183321177959442,,,,,,,,,,,
114,32539,,,,,0.19173622131347656,,,,,,,,,,,
114,114,0.49999985618442067,70.39110308682928,,,,,,,,,,,,,,
114,32544,,,,,,0.18365880846977234,,,,,,,,,,
115,32549,,,,,0.1898154467344284,,,,,,,,,,,
115,32559,,,,,0.18060998618602753,,,,,,,,,,,
115,32569,,,,,0.21831129491329193,,,,,,,,,,,
115,32579,,,,,0.19891710579395294,,,,,,,,,,,
115,32589,,,,,0.17345453798770905,,,,,,,,,,,
115,32599,,,,,0.16023020446300507,,,,,,,,,,,
115,32609,,,,,0.18529881536960602,,,,,,,,,,,
115,32619,,,,,0.16711321473121643,,,,,,,,,,,
115,32629,,,,,0.1877693086862564,,,,,,,,,,,
115,32639,,,,,0.2155011147260666,,,,,,,,,,,
115,32649,,,,,0.17579136788845062,,,,,,,,,,,
115,32659,,,,,0.1694050133228302,,,,,,,,,,,
115,32669,,,,,0.17916354537010193,,,,,,,,,,,
115,32679,,,,,0.19999349117279053,,,,,,,,,,,
115,32689,,,,,0.17024073004722595,,,,,,,,,,,
115,32699,,,,,0.17316380143165588,,,,,,,,,,,
115,32709,,,,,0.18205466866493225,,,,,,,,,,,
115,32719,,,,,0.17751513421535492,,,,,,,,,,,
115,32729,,,,,0.18324075639247894,,,,,,,,,,,
115,32739,,,,,0.19537489116191864,,,,,,,,,,,
115,32749,,,,,0.17814098298549652,,,,,,,,,,,
115,32759,,,,,0.21522562205791473,,,,,,,,,,,
115,32769,,,,,0.17417632043361664,,,,,,,,,,,
115,32779,,,,,0.20325231552124023,,,,,,,,,,,
115,32789,,,,,0.17572404444217682,,,,,,,,,,,
115,32799,,,,,0.1769593358039856,,,,,,,,,,,
115,32809,,,,,0.18913008272647858,,,,,,,,,,,
115,32819,,,,,0.18843242526054382,,,,,,,,,,,
115,115,0.49999984965905747,70.42789288382075,,,,,,,,,,,,,,
115,32827,,,,,,0.18226511776447296,,,,,,,,,,
116,32829,,,,,0.1684601902961731,,,,,,,,,,,
116,32839,,,,,0.14824718236923218,,,,,,,,,,,
116,32849,,,,,0.156027689576149,,,,,,,,,,,
116,32859,,,,,0.1965809017419815,,,,,,,,,,,
116,32869,,,,,0.1676078736782074,,,,,,,,,,,
116,32879,,,,,0.19979414343833923,,,,,,,,,,,
116,32889,,,,,0.17927801609039307,,,,,,,,,,,
116,32899,,,,,0.20557443797588348,,,,,,,,,,,
116,32909,,,,,0.17804735898971558,,,,,,,,,,,
116,32919,,,,,0.1615249514579773,,,,,,,,,,,
116,32929,,,,,0.1573769450187683,,,,,,,,,,,
116,32939,,,,,0.20440396666526794,,,,,,,,,,,
116,32949,,,,,0.17352543771266937,,,,,,,,,,,
116,32959,,,,,0.16638445854187012,,,,,,,,,,,
116,32969,,,,,0.166382297873497,,,,,,,,,,,
116,32979,,,,,0.2039288580417633,,,,,,,,,,,
116,32989,,,,,0.1855902075767517,,,,,,,,,,,
116,32999,,,,,0.21766982972621918,,,,,,,,,,,
116,33009,,,,,0.17576615512371063,,,,,,,,,,,
116,33019,,,,,0.18084396421909332,,,,,,,,,,,
116,33029,,,,,0.1749480813741684,,,,,,,,,,,
116,33039,,,,,0.15360704064369202,,,,,,,,,,,
116,33049,,,,,0.16243526339530945,,,,,,,,,,,
116,33059,,,,,0.16980692744255066,,,,,,,,,,,
116,33069,,,,,0.2055029720067978,,,,,,,,,,,
116,33079,,,,,0.20249100029468536,,,,,,,,,,,
116,33089,,,,,0.1361025720834732,,,,,,,,,,,
116,33099,,,,,0.17213106155395508,,,,,,,,,,,
116,33109,,,,,0.18611809611320496,,,,,,,,,,,
116,116,0.49999984136122616,70.46306425267663,,,,,,,,,,,,,,
116,33110,,,,,,0.17824193835258484,,,,,,,,,,
117,33119,,,,,0.1612922102212906,,,,,,,,,,,
117,33129,,,,,0.16353851556777954,,,,,,,,,,,
117,33139,,,,,0.21095922589302063,,,,,,,,,,,
117,33149,,,,,0.16690252721309662,,,,,,,,,,,
117,33159,,,,,0.19860266149044037,,,,,,,,,,,
117,33169,,,,,0.168626606464386,,,,,,,,,,,
117,33179,,,,,0.1848883330821991,,,,,,,,,,,
117,33189,,,,,0.168650820851326,,,,,,,,,,,
117,33199,,,,,0.14921028912067413,,,,,,,,,,,
117,33209,,,,,0.14721250534057617,,,,,,,,,,,
117,33219,,,,,0.15883049368858337,,,,,,,,,,,
117,33229,,,,,0.1485157608985901,,,,,,,,,,,
117,33239,,,,,0.15337541699409485,,,,,,,,,,,
117,33249,,,,,0.15672984719276428,,,,,,,,,,,
117,33259,,,,,0.1520168036222458,,,,,,,,,,,
117,33269,,,,,0.19397255778312683,,,,,,,,,,,
117,33279,,,,,0.18506848812103271,,,,,,,,,,,
117,33289,,,,,0.17498566210269928,,,,,,,,,,,
117,33299,,,,,0.1660877913236618,,,,,,,,,,,
117,33309,,,,,0.19397471845149994,,,,,,,,,,,
117,33319,,,,,0.17565584182739258,,,,,,,,,,,
117,33329,,,,,0.17187665402889252,,,,,,,,,,,
117,33339,,,,,0.1706039160490036,,,,,,,,,,,
117,33349,,,,,0.16314782202243805,,,,,,,,,,,
117,33359,,,,,0.14939025044441223,,,,,,,,,,,
117,33369,,,,,0.20246204733848572,,,,,,,,,,,
117,33379,,,,,0.15164446830749512,,,,,,,,,,,
117,33389,,,,,0.16366437077522278,,,,,,,,,,,
117,117,0.4999998456160857,70.49684207434946,,,,,,,,,,,,,,
117,33393,,,,,,0.1752292364835739,,,,,,,,,,
118,33399,,,,,0.15635833144187927,,,,,,,,,,,
118,33409,,,,,0.17942075431346893,,,,,,,,,,,
118,33419,,,,,0.18635764718055725,,,,,,,,,,,
118,33429,,,,,0.15708549320697784,,,,,,,,,,,
118,33439,,,,,0.17312319576740265,,,,,,,,,,,
118,33449,,,,,0.17369361221790314,,,,,,,,,,,
118,33459,,,,,0.19883672893047333,,,,,,,,,,,
118,33469,,,,,0.16971474885940552,,,,,,,,,,,
118,33479,,,,,0.15614281594753265,,,,,,,,,,,
118,33489,,,,,0.1903204619884491,,,,,,,,,,,
118,33499,,,,,0.17824432253837585,,,,,,,,,,,
118,33509,,,,,0.1565830558538437,,,,,,,,,,,
118,33519,,,,,0.20678076148033142,,,,,,,,,,,
118,33529,,,,,0.1672765165567398,,,,,,,,,,,
118,33539,,,,,0.15168032050132751,,,,,,,,,,,
118,33549,,,,,0.16883501410484314,,,,,,,,,,,
118,33559,,,,,0.15402591228485107,,,,,,,,,,,
118,33569,,,,,0.1568787544965744,,,,,,,,,,,
118,33579,,,,,0.20849144458770752,,,,,,,,,,,
118,33589,,,,,0.202857106924057,,,,,,,,,,,
118,33599,,,,,0.1909763216972351,,,,,,,,,,,
118,33609,,,,,0.1876598745584488,,,,,,,,,,,
118,33619,,,,,0.16998711228370667,,,,,,,,,,,
118,33629,,,,,0.14500512182712555,,,,,,,,,,,
118,33639,,,,,0.18795737624168396,,,,,,,,,,,
118,33649,,,,,0.17513808608055115,,,,,,,,,,,
118,33659,,,,,0.16586194932460785,,,,,,,,,,,
118,33669,,,,,0.1669151782989502,,,,,,,,,,,
118,118,0.49999984950110254,70.52824714520953,,,,,,,,,,,,,,
118,33676,,,,,,0.17345839738845825,,,,,,,,,,
119,33679,,,,,0.17365749180316925,,,,,,,,,,,
119,33689,,,,,0.15773048996925354,,,,,,,,,,,
119,33699,,,,,0.13219095766544342,,,,,,,,,,,
119,33709,,,,,0.18577374517917633,,,,,,,,,,,
119,33719,,,,,0.17262068390846252,,,,,,,,,,,
119,33729,,,,,0.1855517327785492,,,,,,,,,,,
119,33739,,,,,0.16519847512245178,,,,,,,,,,,
119,33749,,,,,0.1713116317987442,,,,,,,,,,,
119,33759,,,,,0.1446467787027359,,,,,,,,,,,
119,33769,,,,,0.1750684380531311,,,,,,,,,,,
119,33779,,,,,0.17197692394256592,,,,,,,,,,,
119,33789,,,,,0.1752886176109314,,,,,,,,,,,
119,33799,,,,,0.1765502393245697,,,,,,,,,,,
119,33809,,,,,0.16773752868175507,,,,,,,,,,,
119,33819,,,,,0.2149444967508316,,,,,,,,,,,
119,33829,,,,,0.2022063285112381,,,,,,,,,,,
119,33839,,,,,0.19917400181293488,,,,,,,,,,,
119,33849,,,,,0.15253853797912598,,,,,,,,,,,
119,33859,,,,,0.1666918247938156,,,,,,,,,,,
119,33869,,,,,0.17934145033359528,,,,,,,,,,,
119,33879,,,,,0.1538853794336319,,,,,,,,,,,
119,33889,,,,,0.2043633908033371,,,,,,,,,,,
119,33899,,,,,0.15666742622852325,,,,,,,,,,,
119,33909,,,,,0.1458921581506729,,,,,,,,,,,
119,33919,,,,,0.16599585115909576,,,,,,,,,,,
119,33929,,,,,0.18046505749225616,,,,,,,,,,,
119,33939,,,,,0.1546146422624588,,,,,,,,,,,
119,33949,,,,,0.150569885969162,,,,,,,,,,,
119,33959,,,,,0.17783977091312408,,,,,,,,,,,
119,119,,,0.9983384609222412,0.7653112411499023,,,0.13932633548869383,0.8878980875015259,,0.8570601940155029,,0.21262583136558533,,1.392018154871707,,0.2114563137292862
119,33959,,,,,,,,,0.8570601940155029,,0.21262583136558533,,1.39201819896698,,0.2114563137292862,
119,119,0.49999985316938084,70.55763920860483,,,,,,,,,,,,,,
119,33959,,,,,,0.1719936579465866,,,,,,,,,,
120,33969,,,,,0.16874220967292786,,,,,,,,,,,
120,33979,,,,,0.1764308512210846,,,,,,,,,,,
120,33989,,,,,0.1563466638326645,,,,,,,,,,,
120,33999,,,,,0.15381838381290436,,,,,,,,,,,
120,34009,,,,,0.16969513893127441,,,,,,,,,,,
120,34019,,,,,0.20479904115200043,,,,,,,,,,,
120,34029,,,,,0.16338583827018738,,,,,,,,,,,
120,34039,,,,,0.14481952786445618,,,,,,,,,,,
120,34049,,,,,0.1721499264240265,,,,,,,,,,,
120,34059,,,,,0.1634218990802765,,,,,,,,,,,
120,34069,,,,,0.15926100313663483,,,,,,,,,,,
120,34079,,,,,0.1434449553489685,,,,,,,,,,,
120,34089,,,,,0.17785698175430298,,,,,,,,,,,
120,34099,,,,,0.19950363039970398,,,,,,,,,,,
120,34109,,,,,0.16105665266513824,,,,,,,,,,,
120,34119,,,,,0.19333134591579437,,,,,,,,,,,
120,34129,,,,,0.13829416036605835,,,,,,,,,,,
120,34139,,,,,0.1712413728237152,,,,,,,,,,,
120,34149,,,,,0.13141393661499023,,,,,,,,,,,
120,34159,,,,,0.15671499073505402,,,,,,,,,,,
120,34169,,,,,0.1541987806558609,,,,,,,,,,,
120,34179,,,,,0.15431442856788635,,,,,,,,,,,
120,34189,,,,,0.18585950136184692,,,,,,,,,,,
120,34199,,,,,0.14779993891716003,,,,,,,,,,,
120,34209,,,,,0.1622266322374344,,,,,,,,,,,
120,34219,,,,,0.1743873655796051,,,,,,,,,,,
120,34229,,,,,0.16862653195858002,,,,,,,,,,,
120,34239,,,,,0.1795356720685959,,,,,,,,,,,
120,120,0.499999851646217,70.586785101865,,,,,,,,,,,,,,
120,34242,,,,,,0.1680106371641159,,,,,,,,,,
121,34249,,,,,0.14582723379135132,,,,,,,,,,,
121,34259,,,,,0.1606457531452179,,,,,,,,,,,
121,34269,,,,,0.16668854653835297,,,,,,,,,,,
121,34279,,,,,0.21546931564807892,,,,,,,,,,,
121,34289,,,,,0.17713506519794464,,,,,,,,,,,
121,34299,,,,,0.16359850764274597,,,,,,,,,,,
121,34309,,,,,0.18622109293937683,,,,,,,,,,,
121,34319,,,,,0.17112840712070465,,,,,,,,,,,
121,34329,,,,,0.15956446528434753,,,,,,,,,,,
121,34339,,,,,0.1602378785610199,,,,,,,,,,,
121,34349,,,,,0.15868455171585083,,,,,,,,,,,
121,34359,,,,,0.18500562012195587,,,,,,,,,,,
121,34369,,,,,0.16306233406066895,,,,,,,,,,,
121,34379,,,,,0.16757717728614807,,,,,,,,,,,
121,34389,,,,,0.1683201640844345,,,,,,,,,,,
121,34399,,,,,0.1443021446466446,,,,,,,,,,,
121,34409,,,,,0.16225619614124298,,,,,,,,,,,
121,34419,,,,,0.17354124784469604,,,,,,,,,,,
121,34429,,,,,0.13470590114593506,,,,,,,,,,,
121,34439,,,,,0.17589165270328522,,,,,,,,,,,
121,34449,,,,,0.18154075741767883,,,,,,,,,,,
121,34459,,,,,0.17720729112625122,,,,,,,,,,,
121,34469,,,,,0.15764589607715607,,,,,,,,,,,
121,34479,,,,,0.17580769956111908,,,,,,,,,,,
121,34489,,,,,0.1748119443655014,,,,,,,,,,,
121,34499,,,,,0.15369179844856262,,,,,,,,,,,
121,34509,,,,,0.13400736451148987,,,,,,,,,,,
121,34519,,,,,0.19470378756523132,,,,,,,,,,,
121,121,0.49999984423569466,70.61333727194658,,,,,,,,,,,,,,
121,34525,,,,,,0.1663103699684143,,,,,,,,,,
122,34529,,,,,0.15915225446224213,,,,,,,,,,,
122,34539,,,,,0.17666849493980408,,,,,,,,,,,
122,34549,,,,,0.1506354659795761,,,,,,,,,,,
122,34559,,,,,0.17745046317577362,,,,,,,,,,,
122,34569,,,,,0.14163179695606232,,,,,,,,,,,
122,34579,,,,,0.1800638735294342,,,,,,,,,,,
122,34589,,,,,0.18725119531154633,,,,,,,,,,,
122,34599,,,,,0.1462794542312622,,,,,,,,,,,
122,34609,,,,,0.16312474012374878,,,,,,,,,,,
122,34619,,,,,0.15485933423042297,,,,,,,,,,,
122,34629,,,,,0.15513601899147034,,,,,,,,,,,
122,34639,,,,,0.17121192812919617,,,,,,,,,,,
122,34649,,,,,0.14524425566196442,,,,,,,,,,,
122,34659,,,,,0.1462145894765854,,,,,,,,,,,
122,34669,,,,,0.1489177644252777,,,,,,,,,,,
122,34679,,,,,0.17164359986782074,,,,,,,,,,,
122,34689,,,,,0.18493838608264923,,,,,,,,,,,
122,34699,,,,,0.21756866574287415,,,,,,,,,,,
122,34709,,,,,0.13981421291828156,,,,,,,,,,,
122,34719,,,,,0.19293203949928284,,,,,,,,,,,
122,34729,,,,,0.18599866330623627,,,,,,,,,,,
122,34739,,,,,0.15645171701908112,,,,,,,,,,,
122,34749,,,,,0.16657166182994843,,,,,,,,,,,
122,34759,,,,,0.17255862057209015,,,,,,,,,,,
122,34769,,,,,0.18748924136161804,,,,,,,,,,,
122,34779,,,,,0.17185848951339722,,,,,,,,,,,
122,34789,,,,,0.1836782842874527,,,,,,,,,,,
122,34799,,,,,0.13788126409053802,,,,,,,,,,,
122,122,0.49999984483303844,70.6396087363889,,,,,,,,,,,,,,
122,34808,,,,,,0.1639743447303772,,,,,,,,,,
123,34809,,,,,0.14064674079418182,,,,,,,,,,,
123,34819,,,,,0.17782703042030334,,,,,,,,,,,
123,34829,,,,,0.16003772616386414,,,,,,,,,,,
123,34839,,,,,0.16305577754974365,,,,,,,,,,,
123,34849,,,,,0.1365782767534256,,,,,,,,,,,
123,34859,,,,,0.152280792593956,,,,,,,,,,,
123,34869,,,,,0.17854325473308563,,,,,,,,,,,
123,34879,,,,,0.16942407190799713,,,,,,,,,,,
123,34889,,,,,0.15622982382774353,,,,,,,,,,,
123,34899,,,,,0.16316652297973633,,,,,,,,,,,
123,34909,,,,,0.14292119443416595,,,,,,,,,,,
123,34919,,,,,0.16298334300518036,,,,,,,,,,,
123,34929,,,,,0.15833622217178345,,,,,,,,,,,
123,34939,,,,,0.12149432301521301,,,,,,,,,,,
123,34949,,,,,0.14588798582553864,,,,,,,,,,,
123,34959,,,,,0.16081111133098602,,,,,,,,,,,
123,34969,,,,,0.15313386917114258,,,,,,,,,,,
123,34979,,,,,0.15949134528636932,,,,,,,,,,,
123,34989,,,,,0.17056234180927277,,,,,,,,,,,
123,34999,,,,,0.16481639444828033,,,,,,,,,,,
123,35009,,,,,0.16560442745685577,,,,,,,,,,,
123,35019,,,,,0.17267563939094543,,,,,,,,,,,
123,35029,,,,,0.14673322439193726,,,,,,,,,,,
123,35039,,,,,0.15699265897274017,,,,,,,,,,,
123,35049,,,,,0.1515229195356369,,,,,,,,,,,
123,35059,,,,,0.14501991868019104,,,,,,,,,,,
123,35069,,,,,0.1671789437532425,,,,,,,,,,,
123,35079,,,,,0.13973216712474823,,,,,,,,,,,
123,35089,,,,,0.1755041629076004,,,,,,,,,,,
123,123,0.4999998316657629,70.66297395499618,,,,,,,,,,,,,,
123,35091,,,,,,0.16129039227962494,,,,,,,,,,
124,35099,,,,,0.1465648114681244,,,,,,,,,,,
124,35109,,,,,0.17879895865917206,,,,,,,,,,,
124,35119,,,,,0.16520176827907562,,,,,,,,,,,
124,35129,,,,,0.15487954020500183,,,,,,,,,,,
124,35139,,,,,0.1715795248746872,,,,,,,,,,,
124,35149,,,,,0.14187593758106232,,,,,,,,,,,
124,35159,,,,,0.1468859165906906,,,,,,,,,,,
124,35169,,,,,0.1674274504184723,,,,,,,,,,,
124,35179,,,,,0.15394644439220428,,,,,,,,,,,
124,35189,,,,,0.16874203085899353,,,,,,,,,,,
124,35199,,,,,0.16002517938613892,,,,,,,,,,,
124,35209,,,,,0.1481364220380783,,,,,,,,,,,
124,35219,,,,,0.15808971226215363,,,,,,,,,,,
124,35229,,,,,0.18193162977695465,,,,,,,,,,,
124,35239,,,,,0.137101411819458,,,,,,,,,,,
124,35249,,,,,0.17987707257270813,,,,,,,,,,,
124,35259,,,,,0.1600973755121231,,,,,,,,,,,
124,35269,,,,,0.14731904864311218,,,,,,,,,,,
124,35279,,,,,0.1597743183374405,,,,,,,,,,,
124,35289,,,,,0.1587059497833252,,,,,,,,,,,
124,35299,,,,,0.15858174860477448,,,,,,,,,,,
124,35309,,,,,0.15383152663707733,,,,,,,,,,,
124,35319,,,,,0.18191660940647125,,,,,,,,,,,
124,35329,,,,,0.16757170855998993,,,,,,,,,,,
124,35339,,,,,0.17128707468509674,,,,,,,,,,,
124,35349,,,,,0.1497213989496231,,,,,,,,,,,
124,35359,,,,,0.1589961051940918,,,,,,,,,,,
124,35369,,,,,0.13358460366725922,,,,,,,,,,,
124,124,0.4999998472227466,70.68461966571746,,,,,,,,,,,,,,
124,35374,,,,,,0.1599700152873993,,,,,,,,,,
125,35379,,,,,0.17718279361724854,,,,,,,,,,,
125,35389,,,,,0.1630045622587204,,,,,,,,,,,
125,35399,,,,,0.18275772035121918,,,,,,,,,,,
125,35409,,,,,0.15415149927139282,,,,,,,,,,,
125,35419,,,,,0.1752210110425949,,,,,,,,,,,
125,35429,,,,,0.1651327759027481,,,,,,,,,,,
125,35439,,,,,0.14296163618564606,,,,,,,,,,,
125,35449,,,,,0.16780681908130646,,,,,,,,,,,
125,35459,,,,,0.17202353477478027,,,,,,,,,,,
125,35469,,,,,0.12462038546800613,,,,,,,,,,,
125,35479,,,,,0.16342438757419586,,,,,,,,,,,
125,35489,,,,,0.1581307351589203,,,,,,,,,,,
125,35499,,,,,0.14905865490436554,,,,,,,,,,,
125,35509,,,,,0.1530163288116455,,,,,,,,,,,
125,35519,,,,,0.14439450204372406,,,,,,,,,,,
125,35529,,,,,0.16121359169483185,,,,,,,,,,,
125,35539,,,,,0.15043742954730988,,,,,,,,,,,
125,35549,,,,,0.14988133311271667,,,,,,,,,,,
125,35559,,,,,0.16299784183502197,,,,,,,,,,,
125,35569,,,,,0.1440834105014801,,,,,,,,,,,
125,35579,,,,,0.15870140492916107,,,,,,,,,,,
125,35589,,,,,0.17283737659454346,,,,,,,,,,,
125,35599,,,,,0.17628027498722076,,,,,,,,,,,
125,35609,,,,,0.18642336130142212,,,,,,,,,,,
125,35619,,,,,0.17711208760738373,,,,,,,,,,,
125,35629,,,,,0.17865008115768433,,,,,,,,,,,
125,35639,,,,,0.1632697582244873,,,,,,,,,,,
125,35649,,,,,0.1660233587026596,,,,,,,,,,,
125,125,0.4999998395255897,70.70532675042818,,,,,,,,,,,,,,
125,35657,,,,,,0.1579284816980362,,,,,,,,,,
126,35659,,,,,0.15070904791355133,,,,,,,,,,,
126,35669,,,,,0.16734540462493896,,,,,,,,,,,
126,35679,,,,,0.14562007784843445,,,,,,,,,,,
126,35689,,,,,0.13156463205814362,,,,,,,,,,,
126,35699,,,,,0.16350071132183075,,,,,,,,,,,
126,35709,,,,,0.16841241717338562,,,,,,,,,,,
126,35719,,,,,0.147692009806633,,,,,,,,,,,
126,35729,,,,,0.1518520563840866,,,,,,,,,,,
126,35739,,,,,0.14428451657295227,,,,,,,,,,,
126,35749,,,,,0.17267513275146484,,,,,,,,,,,
126,35759,,,,,0.14229518175125122,,,,,,,,,,,
126,35769,,,,,0.1668785661458969,,,,,,,,,,,
126,35779,,,,,0.13325773179531097,,,,,,,,,,,
126,35789,,,,,0.1606924682855606,,,,,,,,,,,
126,35799,,,,,0.15241843461990356,,,,,,,,,,,
126,35809,,,,,0.13661248981952667,,,,,,,,,,,
126,35819,,,,,0.1562935709953308,,,,,,,,,,,
126,35829,,,,,0.15205717086791992,,,,,,,,,,,
126,35839,,,,,0.1539822667837143,,,,,,,,,,,
126,35849,,,,,0.1674337238073349,,,,,,,,,,,
126,35859,,,,,0.1418905407190323,,,,,,,,,,,
126,35869,,,,,0.14808402955532074,,,,,,,,,,,
126,35879,,,,,0.1722278892993927,,,,,,,,,,,
126,35889,,,,,0.14568690955638885,,,,,,,,,,,
126,35899,,,,,0.15159155428409576,,,,,,,,,,,
126,35909,,,,,0.1561998724937439,,,,,,,,,,,
126,35919,,,,,0.15658703446388245,,,,,,,,,,,
126,35929,,,,,0.15686270594596863,,,,,,,,,,,
126,35939,,,,,0.18032369017601013,,,,,,,,,,,
126,126,0.49999984600346203,70.72424546607436,,,,,,,,,,,,,,
126,35940,,,,,,0.15678809583187103,,,,,,,,,,
127,35949,,,,,0.17354421317577362,,,,,,,,,,,
127,35959,,,,,0.15007217228412628,,,,,,,,,,,
127,35969,,,,,0.1674187332391739,,,,,,,,,,,
127,35979,,,,,0.13154636323451996,,,,,,,,,,,
127,35989,,,,,0.1471198946237564,,,,,,,,,,,
127,35999,,,,,0.1392700970172882,,,,,,,,,,,
127,36009,,,,,0.1547795981168747,,,,,,,,,,,
127,36019,,,,,0.13727423548698425,,,,,,,,,,,
127,36029,,,,,0.16256657242774963,,,,,,,,,,,
127,36039,,,,,0.1653394103050232,,,,,,,,,,,
127,36049,,,,,0.16272395849227905,,,,,,,,,,,
127,36059,,,,,0.1867515742778778,,,,,,,,,,,
127,36069,,,,,0.1583743393421173,,,,,,,,,,,
127,36079,,,,,0.14154839515686035,,,,,,,,,,,
127,36089,,,,,0.16360296308994293,,,,,,,,,,,
127,36099,,,,,0.147589772939682,,,,,,,,,,,
127,36109,,,,,0.1532519906759262,,,,,,,,,,,
127,36119,,,,,0.15357771515846252,,,,,,,,,,,
127,36129,,,,,0.1623668670654297,,,,,,,,,,,
127,36139,,,,,0.13802765309810638,,,,,,,,,,,
127,36149,,,,,0.14115013182163239,,,,,,,,,,,
127,36159,,,,,0.11856158077716827,,,,,,,,,,,
127,36169,,,,,0.1769740730524063,,,,,,,,,,,
127,36179,,,,,0.1546253263950348,,,,,,,,,,,
127,36189,,,,,0.15672753751277924,,,,,,,,,,,
127,36199,,,,,0.13198985159397125,,,,,,,,,,,
127,36209,,,,,0.13330532610416412,,,,,,,,,,,
127,36219,,,,,0.1463460773229599,,,,,,,,,,,
127,127,0.4999998211584528,70.74236675060033,,,,,,,,,,,,,,
127,36223,,,,,,0.15478672087192535,,,,,,,,,,
128,36229,,,,,0.1476033478975296,,,,,,,,,,,
128,36239,,,,,0.16365079581737518,,,,,,,,,,,
128,36249,,,,,0.16463658213615417,,,,,,,,,,,
128,36259,,,,,0.15983666479587555,,,,,,,,,,,
128,36269,,,,,0.12993736565113068,,,,,,,,,,,
128,36279,,,,,0.147884339094162,,,,,,,,,,,
128,36289,,,,,0.15202000737190247,,,,,,,,,,,
128,36299,,,,,0.13997983932495117,,,,,,,,,,,
128,36309,,,,,0.1243724673986435,,,,,,,,,,,
128,36319,,,,,0.16987104713916779,,,,,,,,,,,
128,36329,,,,,0.17646732926368713,,,,,,,,,,,
128,36339,,,,,0.12429940700531006,,,,,,,,,,,
128,36349,,,,,0.1865677833557129,,,,,,,,,,,
128,36359,,,,,0.14700408279895782,,,,,,,,,,,
128,36369,,,,,0.16037139296531677,,,,,,,,,,,
128,36379,,,,,0.12999312579631805,,,,,,,,,,,
128,36389,,,,,0.1435261219739914,,,,,,,,,,,
128,36399,,,,,0.15687166154384613,,,,,,,,,,,
128,36409,,,,,0.14558902382850647,,,,,,,,,,,
128,36419,,,,,0.15603041648864746,,,,,,,,,,,
128,36429,,,,,0.12574569880962372,,,,,,,,,,,
128,36439,,,,,0.14272120594978333,,,,,,,,,,,
128,36449,,,,,0.13764561712741852,,,,,,,,,,,
128,36459,,,,,0.1460716426372528,,,,,,,,,,,
128,36469,,,,,0.15727797150611877,,,,,,,,,,,
128,36479,,,,,0.1489524394273758,,,,,,,,,,,
128,36489,,,,,0.15547913312911987,,,,,,,,,,,
128,36499,,,,,0.17329689860343933,,,,,,,,,,,
128,128,0.499999820071281,70.75869058619256,,,,,,,,,,,,,,
128,36506,,,,,,0.15373702347278595,,,,,,,,,,
129,36509,,,,,0.16984251141548157,,,,,,,,,,,
129,36519,,,,,0.15356749296188354,,,,,,,,,,,
129,36529,,,,,0.16133177280426025,,,,,,,,,,,
129,36539,,,,,0.1601371318101883,,,,,,,,,,,
129,36549,,,,,0.17537546157836914,,,,,,,,,,,
129,36559,,,,,0.14796148240566254,,,,,,,,,,,
129,36569,,,,,0.13149867951869965,,,,,,,,,,,
129,36579,,,,,0.1351967602968216,,,,,,,,,,,
129,36589,,,,,0.14875094592571259,,,,,,,,,,,
129,36599,,,,,0.14328302443027496,,,,,,,,,,,
129,36609,,,,,0.16042758524417877,,,,,,,,,,,
129,36619,,,,,0.14452192187309265,,,,,,,,,,,
129,36629,,,,,0.1710423082113266,,,,,,,,,,,
129,36639,,,,,0.15006603300571442,,,,,,,,,,,
129,36649,,,,,0.1587023288011551,,,,,,,,,,,
129,36659,,,,,0.16475467383861542,,,,,,,,,,,
129,36669,,,,,0.1482720822095871,,,,,,,,,,,
129,36679,,,,,0.16350840032100677,,,,,,,,,,,
129,36689,,,,,0.12539318203926086,,,,,,,,,,,
129,36699,,,,,0.14078663289546967,,,,,,,,,,,
129,36709,,,,,0.15123778581619263,,,,,,,,,,,
129,36719,,,,,0.13914741575717926,,,,,,,,,,,
129,36729,,,,,0.1803796887397766,,,,,,,,,,,
129,36739,,,,,0.17791789770126343,,,,,,,,,,,
129,36749,,,,,0.15170583128929138,,,,,,,,,,,
129,36759,,,,,0.16069094836711884,,,,,,,,,,,
129,36769,,,,,0.17257054150104523,,,,,,,,,,,
129,36779,,,,,0.1458674669265747,,,,,,,,,,,
129,36789,,,,,0.1790592074394226,,,,,,,,,,,
129,129,,,0.9987531900405884,0.7947250008583069,,,0.12396763542879566,0.9104954600334167,,0.8538653254508972,,0.21390530467033386,,1.4805953073866513,,0.20872360467910767
129,36789,,,,,,,,,0.8538653254508972,,0.21390530467033386,,1.480595350265503,,0.20872360467910767,
129,129,0.49999982761252004,70.77342829787814,,,,,,,,,,,,,,
129,36789,,,,,,0.15171462297439575,,,,,,,,,,
130,36799,,,,,0.16096456348896027,,,,,,,,,,,
130,36809,,,,,0.14593107998371124,,,,,,,,,,,
130,36819,,,,,0.1510225385427475,,,,,,,,,,,
130,36829,,,,,0.16432522237300873,,,,,,,,,,,
130,36839,,,,,0.1490543931722641,,,,,,,,,,,
130,36849,,,,,0.15873028337955475,,,,,,,,,,,
130,36859,,,,,0.14682671427726746,,,,,,,,,,,
130,36869,,,,,0.13177745044231415,,,,,,,,,,,
130,36879,,,,,0.15919147431850433,,,,,,,,,,,
130,36889,,,,,0.15177614986896515,,,,,,,,,,,
130,36899,,,,,0.16124694049358368,,,,,,,,,,,
130,36909,,,,,0.16668349504470825,,,,,,,,,,,
130,36919,,,,,0.1683465540409088,,,,,,,,,,,
130,36929,,,,,0.1283838152885437,,,,,,,,,,,
130,36939,,,,,0.15079651772975922,,,,,,,,,,,
130,36949,,,,,0.13600429892539978,,,,,,,,,,,
130,36959,,,,,0.14111530780792236,,,,,,,,,,,
130,36969,,,,,0.1412777453660965,,,,,,,,,,,
130,36979,,,,,0.16310742497444153,,,,,,,,,,,
130,36989,,,,,0.14293310046195984,,,,,,,,,,,
130,36999,,,,,0.13700953125953674,,,,,,,,,,,
130,37009,,,,,0.1490454077720642,,,,,,,,,,,
130,37019,,,,,0.15473897755146027,,,,,,,,,,,
130,37029,,,,,0.1469988077878952,,,,,,,,,,,
130,37039,,,,,0.13948629796504974,,,,,,,,,,,
130,37049,,,,,0.155028834939003,,,,,,,,,,,
130,37059,,,,,0.11775153875350952,,,,,,,,,,,
130,37069,,,,,0.17080719769001007,,,,,,,,,,,
130,130,0.49999984095045774,70.78709429967238,,,,,,,,,,,,,,
130,37072,,,,,,0.1507497876882553,,,,,,,,,,
131,37079,,,,,0.15052776038646698,,,,,,,,,,,
131,37089,,,,,0.15923482179641724,,,,,,,,,,,
131,37099,,,,,0.13963012397289276,,,,,,,,,,,
131,37109,,,,,0.1355290710926056,,,,,,,,,,,
131,37119,,,,,0.139456108212471,,,,,,,,,,,
131,37129,,,,,0.17396141588687897,,,,,,,,,,,
131,37139,,,,,0.15069109201431274,,,,,,,,,,,
131,37149,,,,,0.13700781762599945,,,,,,,,,,,
131,37159,,,,,0.15089084208011627,,,,,,,,,,,
131,37169,,,,,0.18150943517684937,,,,,,,,,,,
131,37179,,,,,0.1582135707139969,,,,,,,,,,,
131,37189,,,,,0.16054683923721313,,,,,,,,,,,
131,37199,,,,,0.14180009067058563,,,,,,,,,,,
131,37209,,,,,0.17119838297367096,,,,,,,,,,,
131,37219,,,,,0.1640661358833313,,,,,,,,,,,
131,37229,,,,,0.17545947432518005,,,,,,,,,,,
131,37239,,,,,0.1510179340839386,,,,,,,,,,,
131,37249,,,,,0.14575190842151642,,,,,,,,,,,
131,37259,,,,,0.14481374621391296,,,,,,,,,,,
131,37269,,,,,0.14361031353473663,,,,,,,,,,,
131,37279,,,,,0.16678564250469208,,,,,,,,,,,
131,37289,,,,,0.14231674373149872,,,,,,,,,,,
131,37299,,,,,0.14263217151165009,,,,,,,,,,,
131,37309,,,,,0.13260358572006226,,,,,,,,,,,
131,37319,,,,,0.14765581488609314,,,,,,,,,,,
131,37329,,,,,0.1527811884880066,,,,,,,,,,,
131,37339,,,,,0.1729096919298172,,,,,,,,,,,
131,37349,,,,,0.17587880790233612,,,,,,,,,,,
131,131,0.4999998274426035,70.79967591866253,,,,,,,,,,,,,,
131,37355,,,,,,0.14937682449817657,,,,,,,,,,
132,37359,,,,,0.14351588487625122,,,,,,,,,,,
132,37369,,,,,0.15500666201114655,,,,,,,,,,,
132,37379,,,,,0.13555368781089783,,,,,,,,,,,
132,37389,,,,,0.14224372804164886,,,,,,,,,,,
132,37399,,,,,0.13436923921108246,,,,,,,,,,,
132,37409,,,,,0.16247199475765228,,,,,,,,,,,
132,37419,,,,,0.1462828516960144,,,,,,,,,,,
132,37429,,,,,0.1432880312204361,,,,,,,,,,,
132,37439,,,,,0.12837517261505127,,,,,,,,,,,
132,37449,,,,,0.12063843756914139,,,,,,,,,,,
132,37459,,,,,0.12231409549713135,,,,,,,,,,,
132,37469,,,,,0.16835413873195648,,,,,,,,,,,
132,37479,,,,,0.13644663989543915,,,,,,,,,,,
132,37489,,,,,0.1409715712070465,,,,,,,,,,,
132,37499,,,,,0.1381836235523224,,,,,,,,,,,
132,37509,,,,,0.12826938927173615,,,,,,,,,,,
132,37519,,,,,0.13351908326148987,,,,,,,,,,,
132,37529,,,,,0.16438093781471252,,,,,,,,,,,
132,37539,,,,,0.12347696721553802,,,,,,,,,,,
132,37549,,,,,0.1765134334564209,,,,,,,,,,,
132,37559,,,,,0.13517610728740692,,,,,,,,,,,
132,37569,,,,,0.15077854692935944,,,,,,,,,,,
132,37579,,,,,0.14245034754276276,,,,,,,,,,,
132,37589,,,,,0.14492866396903992,,,,,,,,,,,
132,37599,,,,,0.12768052518367767,,,,,,,,,,,
132,37609,,,,,0.16354086995124817,,,,,,,,,,,
132,37619,,,,,0.13029329478740692,,,,,,,,,,,
132,37629,,,,,0.17724503576755524,,,,,,,,,,,
132,132,0.49999981171271984,70.81130393206617,,,,,,,,,,,,,,
132,37638,,,,,,0.14792662858963013,,,,,,,,,,
133,37639,,,,,0.1435943990945816,,,,,,,,,,,
133,37649,,,,,0.14333432912826538,,,,,,,,,,,
133,37659,,,,,0.11370435357093811,,,,,,,,,,,
133,37669,,,,,0.15778173506259918,,,,,,,,,,,
133,37679,,,,,0.11637718975543976,,,,,,,,,,,
133,37689,,,,,0.141902893781662,,,,,,,,,,,
133,37699,,,,,0.11884808540344238,,,,,,,,,,,
133,37709,,,,,0.13985766470432281,,,,,,,,,,,
133,37719,,,,,0.1531558781862259,,,,,,,,,,,
133,37729,,,,,0.11781084537506104,,,,,,,,,,,
133,37739,,,,,0.1457817405462265,,,,,,,,,,,
133,37749,,,,,0.1440323144197464,,,,,,,,,,,
133,37759,,,,,0.1335831731557846,,,,,,,,,,,
133,37769,,,,,0.14122790098190308,,,,,,,,,,,
133,37779,,,,,0.1529192477464676,,,,,,,,,,,
133,37789,,,,,0.15956056118011475,,,,,,,,,,,
133,37799,,,,,0.1431683450937271,,,,,,,,,,,
133,37809,,,,,0.15287162363529205,,,,,,,,,,,
133,37819,,,,,0.1620747447013855,,,,,,,,,,,
133,37829,,,,,0.14332205057144165,,,,,,,,,,,
133,37839,,,,,0.16172081232070923,,,,,,,,,,,
133,37849,,,,,0.14584971964359283,,,,,,,,,,,
133,37859,,,,,0.1585143655538559,,,,,,,,,,,
133,37869,,,,,0.13449828326702118,,,,,,,,,,,
133,37879,,,,,0.13509242236614227,,,,,,,,,,,
133,37889,,,,,0.1596071571111679,,,,,,,,,,,
133,37899,,,,,0.1585550308227539,,,,,,,,,,,
133,37909,,,,,0.16766875982284546,,,,,,,,,,,
133,37919,,,,,0.1606445014476776,,,,,,,,,,,
133,133,0.49999982654304626,70.82143583841889,,,,,,,,,,,,,,
133,37921,,,,,,0.14681857824325562,,,,,,,,,,
134,37929,,,,,0.14123062789440155,,,,,,,,,,,
134,37939,,,,,0.17663437128067017,,,,,,,,,,,
134,37949,,,,,0.13574708998203278,,,,,,,,,,,
134,37959,,,,,0.14879609644412994,,,,,,,,,,,
134,37969,,,,,0.14800678193569183,,,,,,,,,,,
134,37979,,,,,0.17117881774902344,,,,,,,,,,,
134,37989,,,,,0.13020339608192444,,,,,,,,,,,
134,37999,,,,,0.14266353845596313,,,,,,,,,,,
134,38009,,,,,0.15966953337192535,,,,,,,,,,,
134,38019,,,,,0.1532009094953537,,,,,,,,,,,
134,38029,,,,,0.15730491280555725,,,,,,,,,,,
134,38039,,,,,0.16909943521022797,,,,,,,,,,,
134,38049,,,,,0.1444731056690216,,,,,,,,,,,
134,38059,,,,,0.15008698403835297,,,,,,,,,,,
134,38069,,,,,0.1499313861131668,,,,,,,,,,,
134,38079,,,,,0.15542300045490265,,,,,,,,,,,
134,38089,,,,,0.15555837750434875,,,,,,,,,,,
134,38099,,,,,0.1224682554602623,,,,,,,,,,,
134,38109,,,,,0.12744155526161194,,,,,,,,,,,
134,38119,,,,,0.14155153930187225,,,,,,,,,,,
134,38129,,,,,0.1262325942516327,,,,,,,,,,,
134,38139,,,,,0.15114450454711914,,,,,,,,,,,
134,38149,,,,,0.15234926342964172,,,,,,,,,,,
134,38159,,,,,0.15469138324260712,,,,,,,,,,,
134,38169,,,,,0.1406581550836563,,,,,,,,,,,
134,38179,,,,,0.13626627624034882,,,,,,,,,,,
134,38189,,,,,0.13205969333648682,,,,,,,,,,,
134,38199,,,,,0.14259062707424164,,,,,,,,,,,
134,134,0.499999822115209,70.83046156693203,,,,,,,,,,,,,,
134,38204,,,,,,0.14543437957763672,,,,,,,,,,
135,38209,,,,,0.12434673309326172,,,,,,,,,,,
135,38219,,,,,0.15804706513881683,,,,,,,,,,,
135,38229,,,,,0.10406685620546341,,,,,,,,,,,
135,38239,,,,,0.14883147180080414,,,,,,,,,,,
135,38249,,,,,0.1489400416612625,,,,,,,,,,,
135,38259,,,,,0.14214667677879333,,,,,,,,,,,
135,38269,,,,,0.12960663437843323,,,,,,,,,,,
135,38279,,,,,0.13684067130088806,,,,,,,,,,,
135,38289,,,,,0.14547181129455566,,,,,,,,,,,
135,38299,,,,,0.15287645161151886,,,,,,,,,,,
135,38309,,,,,0.14515535533428192,,,,,,,,,,,
135,38319,,,,,0.1242549940943718,,,,,,,,,,,
135,38329,,,,,0.14958399534225464,,,,,,,,,,,
135,38339,,,,,0.11156601458787918,,,,,,,,,,,
135,38349,,,,,0.13687554001808167,,,,,,,,,,,
135,38359,,,,,0.13680358231067657,,,,,,,,,,,
135,38369,,,,,0.13855154812335968,,,,,,,,,,,
135,38379,,,,,0.177066370844841,,,,,,,,,,,
135,38389,,,,,0.17136655747890472,,,,,,,,,,,
135,38399,,,,,0.15778976678848267,,,,,,,,,,,
135,38409,,,,,0.15589891374111176,,,,,,,,,,,
135,38419,,,,,0.14323340356349945,,,,,,,,,,,
135,38429,,,,,0.15215203166007996,,,,,,,,,,,
135,38439,,,,,0.16170568764209747,,,,,,,,,,,
135,38449,,,,,0.13022200763225555,,,,,,,,,,,
135,38459,,,,,0.1484813690185547,,,,,,,,,,,
135,38469,,,,,0.12492278963327408,,,,,,,,,,,
135,38479,,,,,0.1436070054769516,,,,,,,,,,,
135,135,0.49999983363968703,70.83841131994893,,,,,,,,,,,,,,
135,38487,,,,,,0.14485229551792145,,,,,,,,,,
136,38489,,,,,0.12982910871505737,,,,,,,,,,,
136,38499,,,,,0.11986091732978821,,,,,,,,,,,
136,38509,,,,,0.15954889357089996,,,,,,,,,,,
136,38519,,,,,0.1691899299621582,,,,,,,,,,,
136,38529,,,,,0.1437692791223526,,,,,,,,,,,
136,38539,,,,,0.13876958191394806,,,,,,,,,,,
136,38549,,,,,0.1364382654428482,,,,,,,,,,,
136,38559,,,,,0.1604929268360138,,,,,,,,,,,
136,38569,,,,,0.1202603206038475,,,,,,,,,,,
136,38579,,,,,0.1271442472934723,,,,,,,,,,,
136,38589,,,,,0.14565743505954742,,,,,,,,,,,
136,38599,,,,,0.1658305674791336,,,,,,,,,,,
136,38609,,,,,0.1362631618976593,,,,,,,,,,,
136,38619,,,,,0.14256025850772858,,,,,,,,,,,
136,38629,,,,,0.15636073052883148,,,,,,,,,,,
136,38639,,,,,0.1312435418367386,,,,,,,,,,,
136,38649,,,,,0.16453547775745392,,,,,,,,,,,
136,38659,,,,,0.13827385008335114,,,,,,,,,,,
136,38669,,,,,0.14825591444969177,,,,,,,,,,,
136,38679,,,,,0.1531800925731659,,,,,,,,,,,
136,38689,,,,,0.13992005586624146,,,,,,,,,,,
136,38699,,,,,0.1441405564546585,,,,,,,,,,,
136,38709,,,,,0.1543983519077301,,,,,,,,,,,
136,38719,,,,,0.13341151177883148,,,,,,,,,,,
136,38729,,,,,0.14337028563022614,,,,,,,,,,,
136,38739,,,,,0.14290088415145874,,,,,,,,,,,
136,38749,,,,,0.13515710830688477,,,,,,,,,,,
136,38759,,,,,0.1343706250190735,,,,,,,,,,,
136,38769,,,,,0.1565643548965454,,,,,,,,,,,
136,136,0.49999982913471486,70.84551635156258,,,,,,,,,,,,,,
136,38770,,,,,,0.14333000779151917,,,,,,,,,,
137,38779,,,,,0.17646266520023346,,,,,,,,,,,
137,38789,,,,,0.12230366468429565,,,,,,,,,,,
137,38799,,,,,0.12888257205486298,,,,,,,,,,,
137,38809,,,,,0.12715475261211395,,,,,,,,,,,
137,38819,,,,,0.13078592717647552,,,,,,,,,,,
137,38829,,,,,0.1462075263261795,,,,,,,,,,,
137,38839,,,,,0.1330890953540802,,,,,,,,,,,
137,38849,,,,,0.1403752714395523,,,,,,,,,,,
137,38859,,,,,0.13161157071590424,,,,,,,,,,,
137,38869,,,,,0.1682124137878418,,,,,,,,,,,
137,38879,,,,,0.14361707866191864,,,,,,,,,,,
137,38889,,,,,0.12269087880849838,,,,,,,,,,,
137,38899,,,,,0.13357390463352203,,,,,,,,,,,
137,38909,,,,,0.12609772384166718,,,,,,,,,,,
137,38919,,,,,0.15427878499031067,,,,,,,,,,,
137,38929,,,,,0.16015566885471344,,,,,,,,,,,
137,38939,,,,,0.15732134878635406,,,,,,,,,,,
137,38949,,,,,0.1524324119091034,,,,,,,,,,,
137,38959,,,,,0.12876994907855988,,,,,,,,,,,
137,38969,,,,,0.12814395129680634,,,,,,,,,,,
137,38979,,,,,0.12173648923635483,,,,,,,,,,,
137,38989,,,,,0.13334880769252777,,,,,,,,,,,
137,38999,,,,,0.13993602991104126,,,,,,,,,,,
137,39009,,,,,0.12131576985120773,,,,,,,,,,,
137,39019,,,,,0.14078889787197113,,,,,,,,,,,
137,39029,,,,,0.15950793027877808,,,,,,,,,,,
137,39039,,,,,0.12968121469020844,,,,,,,,,,,
137,39049,,,,,0.1306607872247696,,,,,,,,,,,
137,137,0.4999998180658249,70.85172435144486,,,,,,,,,,,,,,
137,39053,,,,,,0.14339536428451538,,,,,,,,,,
138,39059,,,,,0.12874698638916016,,,,,,,,,,,
138,39069,,,,,0.12796421349048615,,,,,,,,,,,
138,39079,,,,,0.14379440248012543,,,,,,,,,,,
138,39089,,,,,0.11620398610830307,,,,,,,,,,,
138,39099,,,,,0.14778320491313934,,,,,,,,,,,
138,39109,,,,,0.13556775450706482,,,,,,,,,,,
138,39119,,,,,0.12754037976264954,,,,,,,,,,,
138,39129,,,,,0.15136349201202393,,,,,,,,,,,
138,39139,,,,,0.1495526134967804,,,,,,,,,,,
138,39149,,,,,0.1545005738735199,,,,,,,,,,,
138,39159,,,,,0.14956924319267273,,,,,,,,,,,
138,39169,,,,,0.16589562594890594,,,,,,,,,,,
138,39179,,,,,0.12920036911964417,,,,,,,,,,,
138,39189,,,,,0.13849355280399323,,,,,,,,,,,
138,39199,,,,,0.14488394558429718,,,,,,,,,,,
138,39209,,,,,0.13415715098381042,,,,,,,,,,,
138,39219,,,,,0.13349293172359467,,,,,,,,,,,
138,39229,,,,,0.1261790245771408,,,,,,,,,,,
138,39239,,,,,0.14515382051467896,,,,,,,,,,,
138,39249,,,,,0.1564730852842331,,,,,,,,,,,
138,39259,,,,,0.1695643961429596,,,,,,,,,,,
138,39269,,,,,0.11621931940317154,,,,,,,,,,,
138,39279,,,,,0.12221845984458923,,,,,,,,,,,
138,39289,,,,,0.13150957226753235,,,,,,,,,,,
138,39299,,,,,0.1255791038274765,,,,,,,,,,,
138,39309,,,,,0.1404283344745636,,,,,,,,,,,
138,39319,,,,,0.1343909353017807,,,,,,,,,,,
138,39329,,,,,0.16005319356918335,,,,,,,,,,,
138,138,0.49999982228989226,70.85700524009081,,,,,,,,,,,,,,
138,39336,,,,,,0.14225974678993225,,,,,,,,,,
139,39339,,,,,0.14738044142723083,,,,,,,,,,,
139,39349,,,,,0.1414436250925064,,,,,,,,,,,
139,39359,,,,,0.13197007775306702,,,,,,,,,,,
139,39369,,,,,0.16818645596504211,,,,,,,,,,,
139,39379,,,,,0.11722759902477264,,,,,,,,,,,
139,39389,,,,,0.15720795094966888,,,,,,,,,,,
139,39399,,,,,0.1622273474931717,,,,,,,,,,,
139,39409,,,,,0.12078486382961273,,,,,,,,,,,
139,39419,,,,,0.14729370176792145,,,,,,,,,,,
139,39429,,,,,0.14444872736930847,,,,,,,,,,,
139,39439,,,,,0.13291612267494202,,,,,,,,,,,
139,39449,,,,,0.14746974408626556,,,,,,,,,,,
139,39459,,,,,0.13734832406044006,,,,,,,,,,,
139,39469,,,,,0.1422709822654724,,,,,,,,,,,
139,39479,,,,,0.14475418627262115,,,,,,,,,,,
139,39489,,,,,0.1348247528076172,,,,,,,,,,,
139,39499,,,,,0.1374201625585556,,,,,,,,,,,
139,39509,,,,,0.15416359901428223,,,,,,,,,,,
139,39519,,,,,0.13473497331142426,,,,,,,,,,,
139,39529,,,,,0.13313809037208557,,,,,,,,,,,
139,39539,,,,,0.1447324901819229,,,,,,,,,,,
139,39549,,,,,0.12322322279214859,,,,,,,,,,,
139,39559,,,,,0.13885541260242462,,,,,,,,,,,
139,39569,,,,,0.1378154307603836,,,,,,,,,,,
139,39579,,,,,0.14750653505325317,,,,,,,,,,,
139,39589,,,,,0.15811380743980408,,,,,,,,,,,
139,39599,,,,,0.13215523958206177,,,,,,,,,,,
139,39609,,,,,0.13381566107273102,,,,,,,,,,,
139,39619,,,,,0.1562860757112503,,,,,,,,,,,
139,139,,,0.9989327192306519,0.8074811100959778,,,0.11618285875405765,0.9208590388298035,,0.8526607155799866,,0.21496295928955078,,1.5132075203012447,,0.2086428850889206
139,39619,,,,,,,,,0.8526607155799866,,0.21496295928955078,,1.5132074356079102,,0.2086428850889206,
139,139,0.49999981433715013,70.86151324250245,,,,,,,,,,,,,,
139,39619,,,,,,0.14194273948669434,,,,,,,,,,
140,39629,,,,,0.12990441918373108,,,,,,,,,,,
140,39639,,,,,0.14418041706085205,,,,,,,,,,,
140,39649,,,,,0.14784502983093262,,,,,,,,,,,
140,39659,,,,,0.12826943397521973,,,,,,,,,,,
140,39669,,,,,0.14769256114959717,,,,,,,,,,,
140,39679,,,,,0.15172892808914185,,,,,,,,,,,
140,39689,,,,,0.1438126116991043,,,,,,,,,,,
140,39699,,,,,0.1660233736038208,,,,,,,,,,,
140,39709,,,,,0.13141106069087982,,,,,,,,,,,
140,39719,,,,,0.1512610763311386,,,,,,,,,,,
140,39729,,,,,0.1343574970960617,,,,,,,,,,,
140,39739,,,,,0.13329343497753143,,,,,,,,,,,
140,39749,,,,,0.14001809060573578,,,,,,,,,,,
140,39759,,,,,0.13516560196876526,,,,,,,,,,,
140,39769,,,,,0.1519196480512619,,,,,,,,,,,
140,39779,,,,,0.15207402408123016,,,,,,,,,,,
140,39789,,,,,0.13047051429748535,,,,,,,,,,,
140,39799,,,,,0.12695369124412537,,,,,,,,,,,
140,39809,,,,,0.12811453640460968,,,,,,,,,,,
140,39819,,,,,0.14491872489452362,,,,,,,,,,,
140,39829,,,,,0.1352907121181488,,,,,,,,,,,
140,39839,,,,,0.13995309174060822,,,,,,,,,,,
140,39849,,,,,0.17183932662010193,,,,,,,,,,,
140,39859,,,,,0.12389927357435226,,,,,,,,,,,
140,39869,,,,,0.1224287673830986,,,,,,,,,,,
140,39879,,,,,0.1485229730606079,,,,,,,,,,,
140,39889,,,,,0.13996213674545288,,,,,,,,,,,
140,39899,,,,,0.14742180705070496,,,,,,,,,,,
140,140,0.49999981000472976,70.86535431089824,,,,,,,,,,,,,,
140,39902,,,,,,0.1411762237548828,,,,,,,,,,
141,39909,,,,,0.12413300573825836,,,,,,,,,,,
141,39919,,,,,0.14915511012077332,,,,,,,,,,,
141,39929,,,,,0.13883663713932037,,,,,,,,,,,
141,39939,,,,,0.15893404185771942,,,,,,,,,,,
141,39949,,,,,0.15683616697788239,,,,,,,,,,,
141,39959,,,,,0.16404812037944794,,,,,,,,,,,
141,39969,,,,,0.14959722757339478,,,,,,,,,,,
141,39979,,,,,0.1229947879910469,,,,,,,,,,,
141,39989,,,,,0.14472191035747528,,,,,,,,,,,
141,39999,,,,,0.14984169602394104,,,,,,,,,,,
141,40009,,,,,0.17847536504268646,,,,,,,,,,,
141,40019,,,,,0.12701629102230072,,,,,,,,,,,
141,40029,,,,,0.14697524905204773,,,,,,,,,,,
141,40039,,,,,0.16291356086730957,,,,,,,,,,,
141,40049,,,,,0.158399298787117,,,,,,,,,,,
141,40059,,,,,0.14782963693141937,,,,,,,,,,,
141,40069,,,,,0.14298631250858307,,,,,,,,,,,
141,40079,,,,,0.17596527934074402,,,,,,,,,,,
141,40089,,,,,0.1436125785112381,,,,,,,,,,,
141,40099,,,,,0.15233707427978516,,,,,,,,,,,
141,40109,,,,,0.12258607894182205,,,,,,,,,,,
141,40119,,,,,0.12705038487911224,,,,,,,,,,,
141,40129,,,,,0.15588082373142242,,,,,,,,,,,
141,40139,,,,,0.14389155805110931,,,,,,,,,,,
141,40149,,,,,0.1594230681657791,,,,,,,,,,,
141,40159,,,,,0.13427358865737915,,,,,,,,,,,
141,40169,,,,,0.15147604048252106,,,,,,,,,,,
141,40179,,,,,0.13969890773296356,,,,,,,,,,,
141,141,0.499999815361682,70.86837254931648,,,,,,,,,,,,,,
141,40185,,,,,,0.14105117321014404,,,,,,,,,,
142,40189,,,,,0.14056485891342163,,,,,,,,,,,
142,40199,,,,,0.14841365814208984,,,,,,,,,,,
142,40209,,,,,0.126287043094635,,,,,,,,,,,
142,40219,,,,,0.12855638563632965,,,,,,,,,,,
142,40229,,,,,0.12772974371910095,,,,,,,,,,,
142,40239,,,,,0.13551442325115204,,,,,,,,,,,
142,40249,,,,,0.136186882853508,,,,,,,,,,,
142,40259,,,,,0.14148634672164917,,,,,,,,,,,
142,40269,,,,,0.12526343762874603,,,,,,,,,,,
142,40279,,,,,0.15971262753009796,,,,,,,,,,,
142,40289,,,,,0.13171988725662231,,,,,,,,,,,
142,40299,,,,,0.13852956891059875,,,,,,,,,,,
142,40309,,,,,0.14026421308517456,,,,,,,,,,,
142,40319,,,,,0.11736943572759628,,,,,,,,,,,
142,40329,,,,,0.15120454132556915,,,,,,,,,,,
142,40339,,,,,0.1441381424665451,,,,,,,,,,,
142,40349,,,,,0.13629330694675446,,,,,,,,,,,
142,40359,,,,,0.1246170848608017,,,,,,,,,,,
142,40369,,,,,0.14575034379959106,,,,,,,,,,,
142,40379,,,,,0.13355441391468048,,,,,,,,,,,
142,40389,,,,,0.14352096617221832,,,,,,,,,,,
142,40399,,,,,0.12992054224014282,,,,,,,,,,,
142,40409,,,,,0.13199999928474426,,,,,,,,,,,
142,40419,,,,,0.1441257894039154,,,,,,,,,,,
142,40429,,,,,0.12961545586585999,,,,,,,,,,,
142,40439,,,,,0.1365041881799698,,,,,,,,,,,
142,40449,,,,,0.12838764488697052,,,,,,,,,,,
142,40459,,,,,0.12573286890983582,,,,,,,,,,,
142,142,0.4999998150804761,70.87084417348723,,,,,,,,,,,,,,
142,40468,,,,,,0.14007414877414703,,,,,,,,,,
143,40469,,,,,0.13930606842041016,,,,,,,,,,,
143,40479,,,,,0.1516033113002777,,,,,,,,,,,
143,40489,,,,,0.17289546132087708,,,,,,,,,,,
143,40499,,,,,0.17244628071784973,,,,,,,,,,,
143,40509,,,,,0.14725147187709808,,,,,,,,,,,
143,40519,,,,,0.14594633877277374,,,,,,,,,,,
143,40529,,,,,0.16647721827030182,,,,,,,,,,,
143,40539,,,,,0.15136303007602692,,,,,,,,,,,
143,40549,,,,,0.1407734602689743,,,,,,,,,,,
143,40559,,,,,0.13487716019153595,,,,,,,,,,,
143,40569,,,,,0.13549764454364777,,,,,,,,,,,
143,40579,,,,,0.1375250518321991,,,,,,,,,,,
143,40589,,,,,0.13513128459453583,,,,,,,,,,,
143,40599,,,,,0.11452758312225342,,,,,,,,,,,
143,40609,,,,,0.1687718778848648,,,,,,,,,,,
143,40619,,,,,0.17317375540733337,,,,,,,,,,,
143,40629,,,,,0.11790116876363754,,,,,,,,,,,
143,40639,,,,,0.11597752571105957,,,,,,,,,,,
143,40649,,,,,0.1420470029115677,,,,,,,,,,,
143,40659,,,,,0.1384243667125702,,,,,,,,,,,
143,40669,,,,,0.10192426294088364,,,,,,,,,,,
143,40679,,,,,0.15619240701198578,,,,,,,,,,,
143,40689,,,,,0.128670796751976,,,,,,,,,,,
143,40699,,,,,0.16186441481113434,,,,,,,,,,,
143,40709,,,,,0.14102114737033844,,,,,,,,,,,
143,40719,,,,,0.15010853111743927,,,,,,,,,,,
143,40729,,,,,0.13292616605758667,,,,,,,,,,,
143,40739,,,,,0.14610065519809723,,,,,,,,,,,
143,40749,,,,,0.15423636138439178,,,,,,,,,,,
143,143,0.49999980473751615,70.87283127524114,,,,,,,,,,,,,,
143,40751,,,,,,0.14035221934318542,,,,,,,,,,
144,40759,,,,,0.1240571141242981,,,,,,,,,,,
144,40769,,,,,0.1410587877035141,,,,,,,,,,,
144,40779,,,,,0.15290355682373047,,,,,,,,,,,
144,40789,,,,,0.1684441864490509,,,,,,,,,,,
144,40799,,,,,0.1326635330915451,,,,,,,,,,,
144,40809,,,,,0.1315392702817917,,,,,,,,,,,
144,40819,,,,,0.1418941468000412,,,,,,,,,,,
144,40829,,,,,0.1414235532283783,,,,,,,,,,,
144,40839,,,,,0.12458024173974991,,,,,,,,,,,
144,40849,,,,,0.14648984372615814,,,,,,,,,,,
144,40859,,,,,0.13887402415275574,,,,,,,,,,,
144,40869,,,,,0.1234445720911026,,,,,,,,,,,
144,40879,,,,,0.15982958674430847,,,,,,,,,,,
144,40889,,,,,0.11272948235273361,,,,,,,,,,,
144,40899,,,,,0.13047638535499573,,,,,,,,,,,
144,40909,,,,,0.12208709120750427,,,,,,,,,,,
144,40919,,,,,0.12747876346111298,,,,,,,,,,,
144,40929,,,,,0.1711197942495346,,,,,,,,,,,
144,40939,,,,,0.14316904544830322,,,,,,,,,,,
144,40949,,,,,0.14049120247364044,,,,,,,,,,,
144,40959,,,,,0.12505698204040527,,,,,,,,,,,
144,40969,,,,,0.14844155311584473,,,,,,,,,,,
144,40979,,,,,0.15124370157718658,,,,,,,,,,,
144,40989,,,,,0.15596574544906616,,,,,,,,,,,
144,40999,,,,,0.11196547746658325,,,,,,,,,,,
144,41009,,,,,0.13845831155776978,,,,,,,,,,,
144,41019,,,,,0.14961108565330505,,,,,,,,,,,
144,41029,,,,,0.1251291036605835,,,,,,,,,,,
144,144,0.4999998106482574,70.87429084570078,,,,,,,,,,,,,,
144,41034,,,,,,0.13985572755336761,,,,,,,,,,
145,41039,,,,,0.13196119666099548,,,,,,,,,,,
145,41049,,,,,0.1571066677570343,,,,,,,,,,,
145,41059,,,,,0.12804149091243744,,,,,,,,,,,
145,41069,,,,,0.14867515861988068,,,,,,,,,,,
145,41079,,,,,0.12023597210645676,,,,,,,,,,,
145,41089,,,,,0.11044711619615555,,,,,,,,,,,
145,41099,,,,,0.12298504263162613,,,,,,,,,,,
145,41109,,,,,0.1476891189813614,,,,,,,,,,,
145,41119,,,,,0.15552286803722382,,,,,,,,,,,
145,41129,,,,,0.14976383745670319,,,,,,,,,,,
145,41139,,,,,0.16177761554718018,,,,,,,,,,,
145,41149,,,,,0.13546660542488098,,,,,,,,,,,
145,41159,,,,,0.13906994462013245,,,,,,,,,,,
145,41169,,,,,0.1380288153886795,,,,,,,,,,,
145,41179,,,,,0.14675019681453705,,,,,,,,,,,
145,41189,,,,,0.1421699970960617,,,,,,,,,,,
145,41199,,,,,0.1585758477449417,,,,,,,,,,,
145,41209,,,,,0.14268000423908234,,,,,,,,,,,
145,41219,,,,,0.11821683496236801,,,,,,,,,,,
145,41229,,,,,0.1297476887702942,,,,,,,,,,,
145,41239,,,,,0.12395810335874557,,,,,,,,,,,
145,41249,,,,,0.1432446986436844,,,,,,,,,,,
145,41259,,,,,0.1408074051141739,,,,,,,,,,,
145,41269,,,,,0.13670207560062408,,,,,,,,,,,
145,41279,,,,,0.1474730372428894,,,,,,,,,,,
145,41289,,,,,0.11274558305740356,,,,,,,,,,,
145,41299,,,,,0.1424371600151062,,,,,,,,,,,
145,41309,,,,,0.11945673078298569,,,,,,,,,,,
145,145,0.49999981858114273,70.87535920290489,,,,,,,,,,,,,,
145,41317,,,,,,0.13983769714832306,,,,,,,,,,
146,41319,,,,,0.14481984078884125,,,,,,,,,,,
146,41329,,,,,0.1422654688358307,,,,,,,,,,,
146,41339,,,,,0.18102572858333588,,,,,,,,,,,
146,41349,,,,,0.13357505202293396,,,,,,,,,,,
146,41359,,,,,0.132114976644516,,,,,,,,,,,
146,41369,,,,,0.15222050249576569,,,,,,,,,,,
146,41379,,,,,0.15425187349319458,,,,,,,,,,,
146,41389,,,,,0.17624667286872864,,,,,,,,,,,
146,41399,,,,,0.14242427051067352,,,,,,,,,,,
146,41409,,,,,0.14871446788311005,,,,,,,,,,,
146,41419,,,,,0.12973159551620483,,,,,,,,,,,
146,41429,,,,,0.12999477982521057,,,,,,,,,,,
146,41439,,,,,0.1529066264629364,,,,,,,,,,,
146,41449,,,,,0.15322402119636536,,,,,,,,,,,
146,41459,,,,,0.15525595843791962,,,,,,,,,,,
146,41469,,,,,0.13296537101268768,,,,,,,,,,,
146,41479,,,,,0.1583678275346756,,,,,,,,,,,
146,41489,,,,,0.12539631128311157,,,,,,,,,,,
146,41499,,,,,0.14737729728221893,,,,,,,,,,,
146,41509,,,,,0.1502126157283783,,,,,,,,,,,
146,41519,,,,,0.15778203308582306,,,,,,,,,,,
146,41529,,,,,0.12465863674879074,,,,,,,,,,,
146,41539,,,,,0.14168016612529755,,,,,,,,,,,
146,41549,,,,,0.12637333571910858,,,,,,,,,,,
146,41559,,,,,0.15204182267189026,,,,,,,,,,,
146,41569,,,,,0.17425136268138885,,,,,,,,,,,
146,41579,,,,,0.14730453491210938,,,,,,,,,,,
146,41589,,,,,0.1407792568206787,,,,,,,,,,,
146,41599,,,,,0.14697125554084778,,,,,,,,,,,
146,146,0.499999816469107,70.87610626879582,,,,,,,,,,,,,,
146,41600,,,,,,0.13890999555587769,,,,,,,,,,
147,41609,,,,,0.13249985873699188,,,,,,,,,,,
147,41619,,,,,0.15021468698978424,,,,,,,,,,,
147,41629,,,,,0.1352601796388626,,,,,,,,,,,
147,41639,,,,,0.1340697556734085,,,,,,,,,,,
147,41649,,,,,0.13246774673461914,,,,,,,,,,,
147,41659,,,,,0.13255855441093445,,,,,,,,,,,
147,41669,,,,,0.12433996051549911,,,,,,,,,,,
147,41679,,,,,0.14217495918273926,,,,,,,,,,,
147,41689,,,,,0.13728705048561096,,,,,,,,,,,
147,41699,,,,,0.1582726389169693,,,,,,,,,,,
147,41709,,,,,0.13166896998882294,,,,,,,,,,,
147,41719,,,,,0.1407719999551773,,,,,,,,,,,
147,41729,,,,,0.12530557811260223,,,,,,,,,,,
147,41739,,,,,0.1379697620868683,,,,,,,,,,,
147,41749,,,,,0.130449116230011,,,,,,,,,,,
147,41759,,,,,0.14138257503509521,,,,,,,,,,,
147,41769,,,,,0.16538384556770325,,,,,,,,,,,
147,41779,,,,,0.11981687694787979,,,,,,,,,,,
147,41789,,,,,0.12517905235290527,,,,,,,,,,,
147,41799,,,,,0.11564701050519943,,,,,,,,,,,
147,41809,,,,,0.14554086327552795,,,,,,,,,,,
147,41819,,,,,0.13552208244800568,,,,,,,,,,,
147,41829,,,,,0.13308769464492798,,,,,,,,,,,
147,41839,,,,,0.156229168176651,,,,,,,,,,,
147,41849,,,,,0.13341577351093292,,,,,,,,,,,
147,41859,,,,,0.128798246383667,,,,,,,,,,,
147,41869,,,,,0.16502685844898224,,,,,,,,,,,
147,41879,,,,,0.12652096152305603,,,,,,,,,,,
147,147,0.49999981670617966,70.87657103580193,,,,,,,,,,,,,,
147,41883,,,,,,0.1387813836336136,,,,,,,,,,
148,41889,,,,,0.13715726137161255,,,,,,,,,,,
148,41899,,,,,0.15136301517486572,,,,,,,,,,,
148,41909,,,,,0.13720330595970154,,,,,,,,,,,
148,41919,,,,,0.14478068053722382,,,,,,,,,,,
148,41929,,,,,0.16141051054000854,,,,,,,,,,,
148,41939,,,,,0.14671441912651062,,,,,,,,,,,
148,41949,,,,,0.13198593258857727,,,,,,,,,,,
148,41959,,,,,0.1346699744462967,,,,,,,,,,,
148,41969,,,,,0.13646157085895538,,,,,,,,,,,
148,41979,,,,,0.13767623901367188,,,,,,,,,,,
148,41989,,,,,0.14077314734458923,,,,,,,,,,,
148,41999,,,,,0.12808866798877716,,,,,,,,,,,
148,42009,,,,,0.14134839177131653,,,,,,,,,,,
148,42019,,,,,0.1260080635547638,,,,,,,,,,,
148,42029,,,,,0.13922591507434845,,,,,,,,,,,
148,42039,,,,,0.14504747092723846,,,,,,,,,,,
148,42049,,,,,0.12627023458480835,,,,,,,,,,,
148,42059,,,,,0.11432722210884094,,,,,,,,,,,
148,42069,,,,,0.1480715423822403,,,,,,,,,,,
148,42079,,,,,0.15066096186637878,,,,,,,,,,,
148,42089,,,,,0.13993673026561737,,,,,,,,,,,
148,42099,,,,,0.11645421385765076,,,,,,,,,,,
148,42109,,,,,0.15446019172668457,,,,,,,,,,,
148,42119,,,,,0.11650940030813217,,,,,,,,,,,
148,42129,,,,,0.1464996486902237,,,,,,,,,,,
148,42139,,,,,0.13834995031356812,,,,,,,,,,,
148,42149,,,,,0.1385234147310257,,,,,,,,,,,
148,42159,,,,,0.1310967206954956,,,,,,,,,,,
148,148,0.49999981930463255,70.87687285516297,,,,,,,,,,,,,,
148,42166,,,,,,0.13917358219623566,,,,,,,,,,
149,42169,,,,,0.12260672450065613,,,,,,,,,,,
149,42179,,,,,0.16842317581176758,,,,,,,,,,,
149,42189,,,,,0.15878556668758392,,,,,,,,,,,
149,42199,,,,,0.13891074061393738,,,,,,,,,,,
149,42209,,,,,0.12783700227737427,,,,,,,,,,,
149,42219,,,,,0.14370298385620117,,,,,,,,,,,
149,42229,,,,,0.13399243354797363,,,,,,,,,,,
149,42239,,,,,0.13022400438785553,,,,,,,,,,,
149,42249,,,,,0.14605557918548584,,,,,,,,,,,
149,42259,,,,,0.1735055148601532,,,,,,,,,,,
149,42269,,,,,0.1628132313489914,,,,,,,,,,,
149,42279,,,,,0.14138543605804443,,,,,,,,,,,
149,42289,,,,,0.12079904973506927,,,,,,,,,,,
149,42299,,,,,0.13902339339256287,,,,,,,,,,,
149,42309,,,,,0.11266562342643738,,,,,,,,,,,
149,42319,,,,,0.15097014605998993,,,,,,,,,,,
149,42329,,,,,0.11559706926345825,,,,,,,,,,,
149,42339,,,,,0.14394180476665497,,,,,,,,,,,
149,42349,,,,,0.1721702218055725,,,,,,,,,,,
149,42359,,,,,0.13313204050064087,,,,,,,,,,,
149,42369,,,,,0.14943741261959076,,,,,,,,,,,
149,42379,,,,,0.153967022895813,,,,,,,,,,,
149,42389,,,,,0.11340077221393585,,,,,,,,,,,
149,42399,,,,,0.1511170119047165,,,,,,,,,,,
149,42409,,,,,0.1418386995792389,,,,,,,,,,,
149,42419,,,,,0.11874686181545258,,,,,,,,,,,
149,42429,,,,,0.12444526702165604,,,,,,,,,,,
149,42439,,,,,0.13919466733932495,,,,,,,,,,,
149,42449,,,,,0.17341294884681702,,,,,,,,,,,
149,149,,,0.9989680051803589,0.8088003993034363,,,0.11454130732404856,0.922870934009552,,0.852288007736206,,0.216200053691864,,1.5169005682881997,,0.20812751352787018
149,42449,,,,,,,,,0.852288007736206,,0.216200053691864,,1.516900658607483,,0.20812751352787018,
149,149,0.4999998096583161,70.87704919773763,,,,,,,,,,,,,,
149,42449,,,,,,0.1390077769756317,,,,,,,,,,
150,42459,,,,,0.16858331859111786,,,,,,,,,,,
150,42469,,,,,0.20012755692005157,,,,,,,,,,,
150,42479,,,,,0.2742184102535248,,,,,,,,,,,
150,42489,,,,,0.219355046749115,,,,,,,,,,,
150,42499,,,,,0.2218829244375229,,,,,,,,,,,
150,42509,,,,,0.2404981255531311,,,,,,,,,,,
150,42519,,,,,0.24607960879802704,,,,,,,,,,,
150,42529,,,,,0.29422658681869507,,,,,,,,,,,
150,42539,,,,,0.2245987355709076,,,,,,,,,,,
150,42549,,,,,0.27977028489112854,,,,,,,,,,,
150,42559,,,,,0.24362938106060028,,,,,,,,,,,
150,42569,,,,,0.25346919894218445,,,,,,,,,,,
150,42579,,,,,0.2280578315258026,,,,,,,,,,,
150,42589,,,,,0.21522991359233856,,,,,,,,,,,
150,42599,,,,,0.22955255210399628,,,,,,,,,,,
150,42609,,,,,0.2803891897201538,,,,,,,,,,,
150,42619,,,,,0.22154058516025543,,,,,,,,,,,
150,42629,,,,,0.2714371979236603,,,,,,,,,,,
150,42639,,,,,0.24242155253887177,,,,,,,,,,,
150,42649,,,,,0.22711843252182007,,,,,,,,,,,
150,42659,,,,,0.2662840485572815,,,,,,,,,,,
150,42669,,,,,0.22980710864067078,,,,,,,,,,,
150,42679,,,,,0.2581081688404083,,,,,,,,,,,
150,42689,,,,,0.2128647267818451,,,,,,,,,,,
150,42699,,,,,0.24528656899929047,,,,,,,,,,,
150,42709,,,,,0.24069297313690186,,,,,,,,,,,
150,42719,,,,,0.24155227839946747,,,,,,,,,,,
150,42729,,,,,0.2840520441532135,,,,,,,,,,,
150,150,0.4999999424932223,70.95043102623488,,,,,,,,,,,,,,
150,42732,,,,,,0.2429272085428238,,,,,,,,,,
151,42739,,,,,0.19623173773288727,,,,,,,,,,,
151,42749,,,,,0.19556637108325958,,,,,,,,,,,
151,42759,,,,,0.29639172554016113,,,,,,,,,,,
151,42769,,,,,0.2635863721370697,,,,,,,,,,,
151,42779,,,,,0.28315311670303345,,,,,,,,,,,
151,42789,,,,,0.23117119073867798,,,,,,,,,,,
151,42799,,,,,0.23898842930793762,,,,,,,,,,,
151,42809,,,,,0.23139551281929016,,,,,,,,,,,
151,42819,,,,,0.1923454999923706,,,,,,,,,,,
151,42829,,,,,0.24299626052379608,,,,,,,,,,,
151,42839,,,,,0.23524656891822815,,,,,,,,,,,
151,42849,,,,,0.22702841460704803,,,,,,,,,,,
151,42859,,,,,0.21819528937339783,,,,,,,,,,,
151,42869,,,,,0.34914490580558777,,,,,,,,,,,
151,42879,,,,,0.21290916204452515,,,,,,,,,,,
151,42889,,,,,0.30042681097984314,,,,,,,,,,,
151,42899,,,,,0.19612759351730347,,,,,,,,,,,
151,42909,,,,,0.2566806972026825,,,,,,,,,,,
151,42919,,,,,0.2387475073337555,,,,,,,,,,,
151,42929,,,,,0.27506884932518005,,,,,,,,,,,
151,42939,,,,,0.2583940029144287,,,,,,,,,,,
151,42949,,,,,0.255077064037323,,,,,,,,,,,
151,42959,,,,,0.23924580216407776,,,,,,,,,,,
151,42969,,,,,0.3094624876976013,,,,,,,,,,,
151,42979,,,,,0.25785475969314575,,,,,,,,,,,
151,42989,,,,,0.25939446687698364,,,,,,,,,,,
151,42999,,,,,0.2094433754682541,,,,,,,,,,,
151,43009,,,,,0.27265211939811707,,,,,,,,,,,
151,151,0.4999999249840711,71.03189598687105,,,,,,,,,,,,,,
151,43015,,,,,,0.24317996203899384,,,,,,,,,,
152,43019,,,,,0.29171130061149597,,,,,,,,,,,
152,43029,,,,,0.22526639699935913,,,,,,,,,,,
152,43039,,,,,0.2521822154521942,,,,,,,,,,,
152,43049,,,,,0.2275836318731308,,,,,,,,,,,
152,43059,,,,,0.21564696729183197,,,,,,,,,,,
152,43069,,,,,0.21985018253326416,,,,,,,,,,,
152,43079,,,,,0.20753662288188934,,,,,,,,,,,
152,43089,,,,,0.2423020750284195,,,,,,,,,,,
152,43099,,,,,0.21432895958423615,,,,,,,,,,,
152,43109,,,,,0.23295234143733978,,,,,,,,,,,
152,43119,,,,,0.24634595215320587,,,,,,,,,,,
152,43129,,,,,0.2317669689655304,,,,,,,,,,,
152,43139,,,,,0.24839435517787933,,,,,,,,,,,
152,43149,,,,,0.24615217745304108,,,,,,,,,,,
152,43159,,,,,0.253876656293869,,,,,,,,,,,
152,43169,,,,,0.2468043863773346,,,,,,,,,,,
152,43179,,,,,0.2523520290851593,,,,,,,,,,,
152,43189,,,,,0.24786432087421417,,,,,,,,,,,
152,43199,,,,,0.30626538395881653,,,,,,,,,,,
152,43209,,,,,0.18413066864013672,,,,,,,,,,,
152,43219,,,,,0.28603777289390564,,,,,,,,,,,
152,43229,,,,,0.22582979500293732,,,,,,,,,,,
152,43239,,,,,0.2396613210439682,,,,,,,,,,,
152,43249,,,,,0.2421443611383438,,,,,,,,,,,
152,43259,,,,,0.2911500334739685,,,,,,,,,,,
152,43269,,,,,0.2178441286087036,,,,,,,,,,,
152,43279,,,,,0.2951807677745819,,,,,,,,,,,
152,43289,,,,,0.2262122929096222,,,,,,,,,,,
152,152,0.49999992052175285,71.12568787126739,,,,,,,,,,,,,,
152,43298,,,,,,0.23868778347969055,,,,,,,,,,
153,43299,,,,,0.2505515515804291,,,,,,,,,,,
153,43309,,,,,0.23079611361026764,,,,,,,,,,,
153,43319,,,,,0.20728066563606262,,,,,,,,,,,
153,43329,,,,,0.23051825165748596,,,,,,,,,,,
153,43339,,,,,0.1791582703590393,,,,,,,,,,,
153,43349,,,,,0.22128379344940186,,,,,,,,,,,
153,43359,,,,,0.24994149804115295,,,,,,,,,,,
153,43369,,,,,0.26211923360824585,,,,,,,,,,,
153,43379,,,,,0.23289084434509277,,,,,,,,,,,
153,43389,,,,,0.20298872888088226,,,,,,,,,,,
153,43399,,,,,0.18696747720241547,,,,,,,,,,,
153,43409,,,,,0.20670700073242188,,,,,,,,,,,
153,43419,,,,,0.21732324361801147,,,,,,,,,,,
153,43429,,,,,0.2621799111366272,,,,,,,,,,,
153,43439,,,,,0.23504185676574707,,,,,,,,,,,
153,43449,,,,,0.20508138835430145,,,,,,,,,,,
153,43459,,,,,0.2696014940738678,,,,,,,,,,,
153,43469,,,,,0.23860052227973938,,,,,,,,,,,
153,43479,,,,,0.2216947078704834,,,,,,,,,,,
153,43489,,,,,0.20588432252407074,,,,,,,,,,,
153,43499,,,,,0.22340774536132812,,,,,,,,,,,
153,43509,,,,,0.23274478316307068,,,,,,,,,,,
153,43519,,,,,0.2262239009141922,,,,,,,,,,,
153,43529,,,,,0.2208932638168335,,,,,,,,,,,
153,43539,,,,,0.2252792865037918,,,,,,,,,,,
153,43549,,,,,0.2437373250722885,,,,,,,,,,,
153,43559,,,,,0.22975049912929535,,,,,,,,,,,
153,43569,,,,,0.22284138202667236,,,,,,,,,,,
153,43579,,,,,0.2442300170660019,,,,,,,,,,,
153,153,0.49999990867033683,71.22819750140121,,,,,,,,,,,,,,
153,43581,,,,,,0.23371487855911255,,,,,,,,,,
154,43589,,,,,0.2297326624393463,,,,,,,,,,,
154,43599,,,,,0.19512929022312164,,,,,,,,,,,
154,43609,,,,,0.2039274126291275,,,,,,,,,,,
154,43619,,,,,0.3148970901966095,,,,,,,,,,,
154,43629,,,,,0.3058164417743683,,,,,,,,,,,
154,43639,,,,,0.24653461575508118,,,,,,,,,,,
154,43649,,,,,0.26430103182792664,,,,,,,,,,,
154,43659,,,,,0.2591361105442047,,,,,,,,,,,
154,43669,,,,,0.23130084574222565,,,,,,,,,,,
154,43679,,,,,0.26153048872947693,,,,,,,,,,,
154,43689,,,,,0.20693109929561615,,,,,,,,,,,
154,43699,,,,,0.20260033011436462,,,,,,,,,,,
154,43709,,,,,0.22650523483753204,,,,,,,,,,,
154,43719,,,,,0.23141464591026306,,,,,,,,,,,
154,43729,,,,,0.21536438167095184,,,,,,,,,,,
154,43739,,,,,0.31191694736480713,,,,,,,,,,,
154,43749,,,,,0.25956517457962036,,,,,,,,,,,
154,43759,,,,,0.21912233531475067,,,,,,,,,,,
154,43769,,,,,0.2636703848838806,,,,,,,,,,,
154,43779,,,,,0.20894654095172882,,,,,,,,,,,
154,43789,,,,,0.27957943081855774,,,,,,,,,,,
154,43799,,,,,0.2647342383861542,,,,,,,,,,,
154,43809,,,,,0.20283710956573486,,,,,,,,,,,
154,43819,,,,,0.2605438232421875,,,,,,,,,,,
154,43829,,,,,0.262389212846756,,,,,,,,,,,
154,43839,,,,,0.2275424748659134,,,,,,,,,,,
154,43849,,,,,0.2325609028339386,,,,,,,,,,,
154,43859,,,,,0.23934699594974518,,,,,,,,,,,
154,154,0.4999999234152931,71.32850497539303,,,,,,,,,,,,,,
154,43864,,,,,,0.232834592461586,,,,,,,,,,
155,43869,,,,,0.22545896470546722,,,,,,,,,,,
155,43879,,,,,0.19106830656528473,,,,,,,,,,,
155,43889,,,,,0.19996356964111328,,,,,,,,,,,
155,43899,,,,,0.23686595261096954,,,,,,,,,,,
155,43909,,,,,0.22737367451190948,,,,,,,,,,,
155,43919,,,,,0.2560194432735443,,,,,,,,,,,
155,43929,,,,,0.22575069963932037,,,,,,,,,,,
155,43939,,,,,0.23051980137825012,,,,,,,,,,,
155,43949,,,,,0.22877000272274017,,,,,,,,,,,
155,43959,,,,,0.2546253502368927,,,,,,,,,,,
155,43969,,,,,0.19542697072029114,,,,,,,,,,,
155,43979,,,,,0.24031776189804077,,,,,,,,,,,
155,43989,,,,,0.21314670145511627,,,,,,,,,,,
155,43999,,,,,0.29076212644577026,,,,,,,,,,,
155,44009,,,,,0.21102814376354218,,,,,,,,,,,
155,44019,,,,,0.20748941600322723,,,,,,,,,,,
155,44029,,,,,0.19603051245212555,,,,,,,,,,,
155,44039,,,,,0.1930338442325592,,,,,,,,,,,
155,44049,,,,,0.221405491232872,,,,,,,,,,,
155,44059,,,,,0.1909797638654709,,,,,,,,,,,
155,44069,,,,,0.257012277841568,,,,,,,,,,,
155,44079,,,,,0.1921572983264923,,,,,,,,,,,
155,44089,,,,,0.24734331667423248,,,,,,,,,,,
155,44099,,,,,0.2503231465816498,,,,,,,,,,,
155,44109,,,,,0.20035287737846375,,,,,,,,,,,
155,44119,,,,,0.2521466016769409,,,,,,,,,,,
155,44129,,,,,0.20424982905387878,,,,,,,,,,,
155,44139,,,,,0.23943521082401276,,,,,,,,,,,
155,155,0.49999991556908474,71.4348159030479,,,,,,,,,,,,,,
155,44147,,,,,,0.23053738474845886,,,,,,,,,,
156,44149,,,,,0.2026461809873581,,,,,,,,,,,
156,44159,,,,,0.22846215963363647,,,,,,,,,,,
156,44169,,,,,0.1814102679491043,,,,,,,,,,,
156,44179,,,,,0.20128363370895386,,,,,,,,,,,
156,44189,,,,,0.21559680998325348,,,,,,,,,,,
156,44199,,,,,0.2279045432806015,,,,,,,,,,,
156,44209,,,,,0.2255493551492691,,,,,,,,,,,
156,44219,,,,,0.20831827819347382,,,,,,,,,,,
156,44229,,,,,0.1973656415939331,,,,,,,,,,,
156,44239,,,,,0.2680656909942627,,,,,,,,,,,
156,44249,,,,,0.21988889575004578,,,,,,,,,,,
156,44259,,,,,0.22739961743354797,,,,,,,,,,,
156,44269,,,,,0.2153555154800415,,,,,,,,,,,
156,44279,,,,,0.23967453837394714,,,,,,,,,,,
156,44289,,,,,0.22701521217823029,,,,,,,,,,,
156,44299,,,,,0.22600996494293213,,,,,,,,,,,
156,44309,,,,,0.28362616896629333,,,,,,,,,,,
156,44319,,,,,0.23320789635181427,,,,,,,,,,,
156,44329,,,,,0.23637478053569794,,,,,,,,,,,
156,44339,,,,,0.25652068853378296,,,,,,,,,,,
156,44349,,,,,0.22018441557884216,,,,,,,,,,,
156,44359,,,,,0.2755659520626068,,,,,,,,,,,
156,44369,,,,,0.2119232416152954,,,,,,,,,,,
156,44379,,,,,0.2087552696466446,,,,,,,,,,,
156,44389,,,,,0.21283553540706635,,,,,,,,,,,
156,44399,,,,,0.24520453810691833,,,,,,,,,,,
156,44409,,,,,0.2158200442790985,,,,,,,,,,,
156,44419,,,,,0.1796507090330124,,,,,,,,,,,
156,44429,,,,,0.2127007395029068,,,,,,,,,,,
156,156,0.4999999173711175,71.54664712464005,,,,,,,,,,,,,,
156,44430,,,,,,0.22245877981185913,,,,,,,,,,
157,44439,,,,,0.2463616132736206,,,,,,,,,,,
157,44449,,,,,0.22851404547691345,,,,,,,,,,,
157,44459,,,,,0.2561342716217041,,,,,,,,,,,
157,44469,,,,,0.23778335750102997,,,,,,,,,,,
157,44479,,,,,0.21369563043117523,,,,,,,,,,,
157,44489,,,,,0.20525404810905457,,,,,,,,,,,
157,44499,,,,,0.20793193578720093,,,,,,,,,,,
157,44509,,,,,0.19457179307937622,,,,,,,,,,,
157,44519,,,,,0.1922445297241211,,,,,,,,,,,
157,44529,,,,,0.19780144095420837,,,,,,,,,,,
157,44539,,,,,0.2132268100976944,,,,,,,,,,,
157,44549,,,,,0.2232408970594406,,,,,,,,,,,
157,44559,,,,,0.22902911901474,,,,,,,,,,,
157,44569,,,,,0.22668056190013885,,,,,,,,,,,
157,44579,,,,,0.27093786001205444,,,,,,,,,,,
157,44589,,,,,0.19058454036712646,,,,,,,,,,,
157,44599,,,,,0.2373173087835312,,,,,,,,,,,
157,44609,,,,,0.278624564409256,,,,,,,,,,,
157,44619,,,,,0.23249976336956024,,,,,,,,,,,
157,44629,,,,,0.1753564476966858,,,,,,,,,,,
157,44639,,,,,0.19032001495361328,,,,,,,,,,,
157,44649,,,,,0.18357765674591064,,,,,,,,,,,
157,44659,,,,,0.2417011708021164,,,,,,,,,,,
157,44669,,,,,0.21187558770179749,,,,,,,,,,,
157,44679,,,,,0.24407050013542175,,,,,,,,,,,
157,44689,,,,,0.2256324291229248,,,,,,,,,,,
157,44699,,,,,0.2107294797897339,,,,,,,,,,,
157,44709,,,,,0.2060103863477707,,,,,,,,,,,
157,157,0.49999992696009465,71.65436662032515,,,,,,,,,,,,,,
157,44713,,,,,,0.22097301483154297,,,,,,,,,,
158,44719,,,,,0.1877211481332779,,,,,,,,,,,
158,44729,,,,,0.19448359310626984,,,,,,,,,,,
158,44739,,,,,0.18354372680187225,,,,,,,,,,,
158,44749,,,,,0.20873655378818512,,,,,,,,,,,
158,44759,,,,,0.1556290090084076,,,,,,,,,,,
158,44769,,,,,0.20528551936149597,,,,,,,,,,,
158,44779,,,,,0.2298966348171234,,,,,,,,,,,
158,44789,,,,,0.18361929059028625,,,,,,,,,,,
158,44799,,,,,0.23886992037296295,,,,,,,,,,,
158,44809,,,,,0.21700884401798248,,,,,,,,,,,
158,44819,,,,,0.2224535495042801,,,,,,,,,,,
158,44829,,,,,0.1946840137243271,,,,,,,,,,,
158,44839,,,,,0.18857257068157196,,,,,,,,,,,
158,44849,,,,,0.21481503546237946,,,,,,,,,,,
158,44859,,,,,0.17872175574302673,,,,,,,,,,,
158,44869,,,,,0.1833110749721527,,,,,,,,,,,
158,44879,,,,,0.211934894323349,,,,,,,,,,,
158,44889,,,,,0.20295631885528564,,,,,,,,,,,
158,44899,,,,,0.22608496248722076,,,,,,,,,,,
158,44909,,,,,0.20512627065181732,,,,,,,,,,,
158,44919,,,,,0.2043326497077942,,,,,,,,,,,
158,44929,,,,,0.21752506494522095,,,,,,,,,,,
158,44939,,,,,0.2265196442604065,,,,,,,,,,,
158,44949,,,,,0.17579983174800873,,,,,,,,,,,
158,44959,,,,,0.19182762503623962,,,,,,,,,,,
158,44969,,,,,0.18949763476848602,,,,,,,,,,,
158,44979,,,,,0.24999134242534637,,,,,,,,,,,
158,44989,,,,,0.21253488957881927,,,,,,,,,,,
158,158,0.4999998922429842,71.76708755643979,,,,,,,,,,,,,,
158,44996,,,,,,0.2145668864250183,,,,,,,,,,
159,44999,,,,,0.19680216908454895,,,,,,,,,,,
159,45009,,,,,0.2331227958202362,,,,,,,,,,,
159,45019,,,,,0.20204848051071167,,,,,,,,,,,
159,45029,,,,,0.2171548455953598,,,,,,,,,,,
159,45039,,,,,0.18885593116283417,,,,,,,,,,,
159,45049,,,,,0.20543017983436584,,,,,,,,,,,
159,45059,,,,,0.22724121809005737,,,,,,,,,,,
159,45069,,,,,0.23196755349636078,,,,,,,,,,,
159,45079,,,,,0.2093667834997177,,,,,,,,,,,
159,45089,,,,,0.20862852036952972,,,,,,,,,,,
159,45099,,,,,0.20961327850818634,,,,,,,,,,,
159,45109,,,,,0.1999480426311493,,,,,,,,,,,
159,45119,,,,,0.22795556485652924,,,,,,,,,,,
159,45129,,,,,0.22844015061855316,,,,,,,,,,,
159,45139,,,,,0.2172977179288864,,,,,,,,,,,
159,45149,,,,,0.18135400116443634,,,,,,,,,,,
159,45159,,,,,0.23990218341350555,,,,,,,,,,,
159,45169,,,,,0.21010722219944,,,,,,,,,,,
159,45179,,,,,0.28061577677726746,,,,,,,,,,,
159,45189,,,,,0.2558567225933075,,,,,,,,,,,
159,45199,,,,,0.2418464571237564,,,,,,,,,,,
159,45209,,,,,0.2164001315832138,,,,,,,,,,,
159,45219,,,,,0.29869723320007324,,,,,,,,,,,
159,45229,,,,,0.181047722697258,,,,,,,,,,,
159,45239,,,,,0.22250400483608246,,,,,,,,,,,
159,45249,,,,,0.23263345658779144,,,,,,,,,,,
159,45259,,,,,0.2262241393327713,,,,,,,,,,,
159,45269,,,,,0.2211524397134781,,,,,,,,,,,
159,45279,,,,,0.20200826227664948,,,,,,,,,,,
159,159,,,0.9977354407310486,0.7278459668159485,,,0.17507156525348452,0.8568592667579651,,0.854027509689331,,0.20748285949230194,,1.4123756094854705,,0.19965511560440063
159,45279,,,,,,,,,0.854027509689331,,0.20748285949230194,,1.4123754501342773,,0.19965511560440063,
159,159,0.4999999160827844,71.88185773889427,,,,,,,,,,,,,,
159,45279,,,,,,0.21288268268108368,,,,,,,,,,
160,45289,,,,,0.2053200900554657,,,,,,,,,,,
160,45299,,,,,0.23956093192100525,,,,,,,,,,,
160,45309,,,,,0.18889997899532318,,,,,,,,,,,
160,45319,,,,,0.21789821982383728,,,,,,,,,,,
160,45329,,,,,0.245908722281456,,,,,,,,,,,
160,45339,,,,,0.1922992467880249,,,,,,,,,,,
160,45349,,,,,0.2022530436515808,,,,,,,,,,,
160,45359,,,,,0.2323993593454361,,,,,,,,,,,
160,45369,,,,,0.20631401240825653,,,,,,,,,,,
160,45379,,,,,0.1786803901195526,,,,,,,,,,,
160,45389,,,,,0.2651638686656952,,,,,,,,,,,
160,45399,,,,,0.18234270811080933,,,,,,,,,,,
160,45409,,,,,0.20503251254558563,,,,,,,,,,,
160,45419,,,,,0.20728571712970734,,,,,,,,,,,
160,45429,,,,,0.18843667209148407,,,,,,,,,,,
160,45439,,,,,0.19670507311820984,,,,,,,,,,,
160,45449,,,,,0.23119142651557922,,,,,,,,,,,
160,45459,,,,,0.22874896228313446,,,,,,,,,,,
160,45469,,,,,0.2481486052274704,,,,,,,,,,,
160,45479,,,,,0.20610050857067108,,,,,,,,,,,
160,45489,,,,,0.21787238121032715,,,,,,,,,,,
160,45499,,,,,0.19865983724594116,,,,,,,,,,,
160,45509,,,,,0.2206229865550995,,,,,,,,,,,
160,45519,,,,,0.1867808997631073,,,,,,,,,,,
160,45529,,,,,0.2075560986995697,,,,,,,,,,,
160,45539,,,,,0.27134716510772705,,,,,,,,,,,
160,45549,,,,,0.29090332984924316,,,,,,,,,,,
160,45559,,,,,0.19008350372314453,,,,,,,,,,,
160,160,0.49999990376718334,71.99487948032456,,,,,,,,,,,,,,
160,45562,,,,,,0.209034264087677,,,,,,,,,,
161,45569,,,,,0.21291357278823853,,,,,,,,,,,
161,45579,,,,,0.1900162249803543,,,,,,,,,,,
161,45589,,,,,0.16491661965847015,,,,,,,,,,,
161,45599,,,,,0.2472461462020874,,,,,,,,,,,
161,45609,,,,,0.18314717710018158,,,,,,,,,,,
161,45619,,,,,0.1918974071741104,,,,,,,,,,,
161,45629,,,,,0.17878805100917816,,,,,,,,,,,
161,45639,,,,,0.22932542860507965,,,,,,,,,,,
161,45649,,,,,0.17153827846050262,,,,,,,,,,,
161,45659,,,,,0.22641833126544952,,,,,,,,,,,
161,45669,,,,,0.19422979652881622,,,,,,,,,,,
161,45679,,,,,0.20661874115467072,,,,,,,,,,,
161,45689,,,,,0.21216151118278503,,,,,,,,,,,
161,45699,,,,,0.2505115568637848,,,,,,,,,,,
161,45709,,,,,0.1841452568769455,,,,,,,,,,,
161,45719,,,,,0.21265748143196106,,,,,,,,,,,
161,45729,,,,,0.2573937773704529,,,,,,,,,,,
161,45739,,,,,0.19788946211338043,,,,,,,,,,,
161,45749,,,,,0.236250102519989,,,,,,,,,,,
161,45759,,,,,0.2567708492279053,,,,,,,,,,,
161,45769,,,,,0.20963002741336823,,,,,,,,,,,
161,45779,,,,,0.22201882302761078,,,,,,,,,,,
161,45789,,,,,0.24274921417236328,,,,,,,,,,,
161,45799,,,,,0.21626901626586914,,,,,,,,,,,
161,45809,,,,,0.21617579460144043,,,,,,,,,,,
161,45819,,,,,0.22509373724460602,,,,,,,,,,,
161,45829,,,,,0.21843382716178894,,,,,,,,,,,
161,45839,,,,,0.24695807695388794,,,,,,,,,,,
161,161,0.4999999145925938,72.10524770741577,,,,,,,,,,,,,,
161,45845,,,,,,0.2110416293144226,,,,,,,,,,
162,45849,,,,,0.1950213462114334,,,,,,,,,,,
162,45859,,,,,0.16921758651733398,,,,,,,,,,,
162,45869,,,,,0.2335343211889267,,,,,,,,,,,
162,45879,,,,,0.17437049746513367,,,,,,,,,,,
162,45889,,,,,0.16056600213050842,,,,,,,,,,,
162,45899,,,,,0.17067743837833405,,,,,,,,,,,
162,45909,,,,,0.1787121295928955,,,,,,,,,,,
162,45919,,,,,0.20731788873672485,,,,,,,,,,,
162,45929,,,,,0.17342931032180786,,,,,,,,,,,
162,45939,,,,,0.23128004372119904,,,,,,,,,,,
162,45949,,,,,0.22334066033363342,,,,,,,,,,,
162,45959,,,,,0.2157338559627533,,,,,,,,,,,
162,45969,,,,,0.22609952092170715,,,,,,,,,,,
162,45979,,,,,0.24077972769737244,,,,,,,,,,,
162,45989,,,,,0.18787695467472076,,,,,,,,,,,
162,45999,,,,,0.2140059769153595,,,,,,,,,,,
162,46009,,,,,0.18575789034366608,,,,,,,,,,,
162,46019,,,,,0.20453932881355286,,,,,,,,,,,
162,46029,,,,,0.20661073923110962,,,,,,,,,,,
162,46039,,,,,0.19104933738708496,,,,,,,,,,,
162,46049,,,,,0.19980156421661377,,,,,,,,,,,
162,46059,,,,,0.21533067524433136,,,,,,,,,,,
162,46069,,,,,0.2594720125198364,,,,,,,,,,,
162,46079,,,,,0.22639302909374237,,,,,,,,,,,
162,46089,,,,,0.24610210955142975,,,,,,,,,,,
162,46099,,,,,0.20287495851516724,,,,,,,,,,,
162,46109,,,,,0.23669497668743134,,,,,,,,,,,
162,46119,,,,,0.18249116837978363,,,,,,,,,,,
162,162,0.49999990149613577,72.21992132046812,,,,,,,,,,,,,,
162,46128,,,,,,0.20544300973415375,,,,,,,,,,
163,46129,,,,,0.19981373846530914,,,,,,,,,,,
163,46139,,,,,0.23930922150611877,,,,,,,,,,,
163,46149,,,,,0.2219284474849701,,,,,,,,,,,
163,46159,,,,,0.21590375900268555,,,,,,,,,,,
163,46169,,,,,0.2096867859363556,,,,,,,,,,,
163,46179,,,,,0.18294841051101685,,,,,,,,,,,
163,46189,,,,,0.21863114833831787,,,,,,,,,,,
163,46199,,,,,0.18993927538394928,,,,,,,,,,,
163,46209,,,,,0.18491137027740479,,,,,,,,,,,
163,46219,,,,,0.21004049479961395,,,,,,,,,,,
163,46229,,,,,0.17866893112659454,,,,,,,,,,,
163,46239,,,,,0.26778727769851685,,,,,,,,,,,
163,46249,,,,,0.21957851946353912,,,,,,,,,,,
163,46259,,,,,0.17116890847682953,,,,,,,,,,,
163,46269,,,,,0.17047445476055145,,,,,,,,,,,
163,46279,,,,,0.18867577612400055,,,,,,,,,,,
163,46289,,,,,0.18100671470165253,,,,,,,,,,,
163,46299,,,,,0.20275698602199554,,,,,,,,,,,
163,46309,,,,,0.2292366474866867,,,,,,,,,,,
163,46319,,,,,0.16373099386692047,,,,,,,,,,,
163,46329,,,,,0.20614272356033325,,,,,,,,,,,
163,46339,,,,,0.1993744820356369,,,,,,,,,,,
163,46349,,,,,0.15403471887111664,,,,,,,,,,,
163,46359,,,,,0.17965251207351685,,,,,,,,,,,
163,46369,,,,,0.19093838334083557,,,,,,,,,,,
163,46379,,,,,0.208358034491539,,,,,,,,,,,
163,46389,,,,,0.22494612634181976,,,,,,,,,,,
163,46399,,,,,0.17617502808570862,,,,,,,,,,,
163,46409,,,,,0.2209012359380722,,,,,,,,,,,
163,163,0.4999999087171625,72.33439333133269,,,,,,,,,,,,,,
163,46411,,,,,,0.2028154581785202,,,,,,,,,,
164,46419,,,,,0.21756745874881744,,,,,,,,,,,
164,46429,,,,,0.2107803374528885,,,,,,,,,,,
164,46439,,,,,0.19923768937587738,,,,,,,,,,,
164,46449,,,,,0.16180768609046936,,,,,,,,,,,
164,46459,,,,,0.19368796050548553,,,,,,,,,,,
164,46469,,,,,0.16965365409851074,,,,,,,,,,,
164,46479,,,,,0.16512291133403778,,,,,,,,,,,
164,46489,,,,,0.202931746840477,,,,,,,,,,,
164,46499,,,,,0.20784036815166473,,,,,,,,,,,
164,46509,,,,,0.20053936541080475,,,,,,,,,,,
164,46519,,,,,0.20856907963752747,,,,,,,,,,,
164,46529,,,,,0.1947547197341919,,,,,,,,,,,
164,46539,,,,,0.19999386370182037,,,,,,,,,,,
164,46549,,,,,0.16366872191429138,,,,,,,,,,,
164,46559,,,,,0.20797716081142426,,,,,,,,,,,
164,46569,,,,,0.20018146932125092,,,,,,,,,,,
164,46579,,,,,0.1815633475780487,,,,,,,,,,,
164,46589,,,,,0.2164348065853119,,,,,,,,,,,
164,46599,,,,,0.19576287269592285,,,,,,,,,,,
164,46609,,,,,0.1669921875,,,,,,,,,,,
164,46619,,,,,0.1501442939043045,,,,,,,,,,,
164,46629,,,,,0.21207137405872345,,,,,,,,,,,
164,46639,,,,,0.16491234302520752,,,,,,,,,,,
164,46649,,,,,0.2113734483718872,,,,,,,,,,,
164,46659,,,,,0.19332438707351685,,,,,,,,,,,
164,46669,,,,,0.18347907066345215,,,,,,,,,,,
164,46679,,,,,0.1938016414642334,,,,,,,,,,,
164,46689,,,,,0.274211585521698,,,,,,,,,,,
164,164,0.49999989348366886,72.44578116808013,,,,,,,,,,,,,,
164,46694,,,,,,0.1971956044435501,,,,,,,,,,
165,46699,,,,,0.18017689883708954,,,,,,,,,,,
165,46709,,,,,0.19225333631038666,,,,,,,,,,,
165,46719,,,,,0.17803241312503815,,,,,,,,,,,
165,46729,,,,,0.1817752569913864,,,,,,,,,,,
165,46739,,,,,0.19798530638217926,,,,,,,,,,,
165,46749,,,,,0.16318713128566742,,,,,,,,,,,
165,46759,,,,,0.19062115252017975,,,,,,,,,,,
165,46769,,,,,0.172890767455101,,,,,,,,,,,
165,46779,,,,,0.18555448949337006,,,,,,,,,,,
165,46789,,,,,0.18586716055870056,,,,,,,,,,,
165,46799,,,,,0.21115851402282715,,,,,,,,,,,
165,46809,,,,,0.16839778423309326,,,,,,,,,,,
165,46819,,,,,0.165929913520813,,,,,,,,,,,
165,46829,,,,,0.172840878367424,,,,,,,,,,,
165,46839,,,,,0.1870248168706894,,,,,,,,,,,
165,46849,,,,,0.17238521575927734,,,,,,,,,,,
165,46859,,,,,0.23780988156795502,,,,,,,,,,,
165,46869,,,,,0.1741866022348404,,,,,,,,,,,
165,46879,,,,,0.1550695151090622,,,,,,,,,,,
165,46889,,,,,0.23315656185150146,,,,,,,,,,,
165,46899,,,,,0.17636196315288544,,,,,,,,,,,
165,46909,,,,,0.1965348720550537,,,,,,,,,,,
165,46919,,,,,0.18760447204113007,,,,,,,,,,,
165,46929,,,,,0.21563129127025604,,,,,,,,,,,
165,46939,,,,,0.22200004756450653,,,,,,,,,,,
165,46949,,,,,0.1749519258737564,,,,,,,,,,,
165,46959,,,,,0.20258614420890808,,,,,,,,,,,
165,46969,,,,,0.17208224534988403,,,,,,,,,,,
165,165,0.49999989571645354,72.55679337830733,,,,,,,,,,,,,,
165,46977,,,,,,0.19632157683372498,,,,,,,,,,
166,46979,,,,,0.22365953028202057,,,,,,,,,,,
166,46989,,,,,0.1803790181875229,,,,,,,,,,,
166,46999,,,,,0.16089893877506256,,,,,,,,,,,
166,47009,,,,,0.1786278486251831,,,,,,,,,,,
166,47019,,,,,0.18996790051460266,,,,,,,,,,,
166,47029,,,,,0.19303230941295624,,,,,,,,,,,
166,47039,,,,,0.18387047946453094,,,,,,,,,,,
166,47049,,,,,0.1682303100824356,,,,,,,,,,,
166,47059,,,,,0.16695398092269897,,,,,,,,,,,
166,47069,,,,,0.17330427467823029,,,,,,,,,,,
166,47079,,,,,0.15867915749549866,,,,,,,,,,,
166,47089,,,,,0.19601818919181824,,,,,,,,,,,
166,47099,,,,,0.17661109566688538,,,,,,,,,,,
166,47109,,,,,0.20561397075653076,,,,,,,,,,,
166,47119,,,,,0.23171193897724152,,,,,,,,,,,
166,47129,,,,,0.19713802635669708,,,,,,,,,,,
166,47139,,,,,0.17766134440898895,,,,,,,,,,,
166,47149,,,,,0.22392743825912476,,,,,,,,,,,
166,47159,,,,,0.16761521995067596,,,,,,,,,,,
166,47169,,,,,0.23030497133731842,,,,,,,,,,,
166,47179,,,,,0.18842768669128418,,,,,,,,,,,
166,47189,,,,,0.1937861144542694,,,,,,,,,,,
166,47199,,,,,0.20616087317466736,,,,,,,,,,,
166,47209,,,,,0.20364497601985931,,,,,,,,,,,
166,47219,,,,,0.27058422565460205,,,,,,,,,,,
166,47229,,,,,0.2289370596408844,,,,,,,,,,,
166,47239,,,,,0.21509091556072235,,,,,,,,,,,
166,47249,,,,,0.19662946462631226,,,,,,,,,,,
166,47259,,,,,0.18133041262626648,,,,,,,,,,,
166,166,0.49999990318667653,72.66635369222585,,,,,,,,,,,,,,
166,47260,,,,,,0.19462577998638153,,,,,,,,,,
167,47269,,,,,0.1774224042892456,,,,,,,,,,,
167,47279,,,,,0.1462578922510147,,,,,,,,,,,
167,47289,,,,,0.16186198592185974,,,,,,,,,,,
167,47299,,,,,0.18630386888980865,,,,,,,,,,,
167,47309,,,,,0.1613294631242752,,,,,,,,,,,
167,47319,,,,,0.17968958616256714,,,,,,,,,,,
167,47329,,,,,0.12192527204751968,,,,,,,,,,,
167,47339,,,,,0.19413413107395172,,,,,,,,,,,
167,47349,,,,,0.17993780970573425,,,,,,,,,,,
167,47359,,,,,0.21611131727695465,,,,,,,,,,,
167,47369,,,,,0.18998879194259644,,,,,,,,,,,
167,47379,,,,,0.2031862437725067,,,,,,,,,,,
167,47389,,,,,0.17201925814151764,,,,,,,,,,,
167,47399,,,,,0.21191415190696716,,,,,,,,,,,
167,47409,,,,,0.16847895085811615,,,,,,,,,,,
167,47419,,,,,0.18868069350719452,,,,,,,,,,,
167,47429,,,,,0.1681922972202301,,,,,,,,,,,
167,47439,,,,,0.17467911541461945,,,,,,,,,,,
167,47449,,,,,0.17711904644966125,,,,,,,,,,,
167,47459,,,,,0.23844212293624878,,,,,,,,,,,
167,47469,,,,,0.17710380256175995,,,,,,,,,,,
167,47479,,,,,0.18561525642871857,,,,,,,,,,,
167,47489,,,,,0.1714320331811905,,,,,,,,,,,
167,47499,,,,,0.15281644463539124,,,,,,,,,,,
167,47509,,,,,0.20446379482746124,,,,,,,,,,,
167,47519,,,,,0.20816433429718018,,,,,,,,,,,
167,47529,,,,,0.19917064905166626,,,,,,,,,,,
167,47539,,,,,0.18301911652088165,,,,,,,,,,,
167,167,0.4999998944628916,72.78153686950323,,,,,,,,,,,,,,
167,47543,,,,,,0.1888435184955597,,,,,,,,,,
168,47549,,,,,0.16164904832839966,,,,,,,,,,,
168,47559,,,,,0.18666088581085205,,,,,,,,,,,
168,47569,,,,,0.18081259727478027,,,,,,,,,,,
168,47579,,,,,0.19896414875984192,,,,,,,,,,,
168,47589,,,,,0.21776671707630157,,,,,,,,,,,
168,47599,,,,,0.18325580656528473,,,,,,,,,,,
168,47609,,,,,0.21083323657512665,,,,,,,,,,,
168,47619,,,,,0.23670558631420135,,,,,,,,,,,
168,47629,,,,,0.1924508959054947,,,,,,,,,,,
168,47639,,,,,0.2105208784341812,,,,,,,,,,,
168,47649,,,,,0.1658485233783722,,,,,,,,,,,
168,47659,,,,,0.21087761223316193,,,,,,,,,,,
168,47669,,,,,0.17465423047542572,,,,,,,,,,,
168,47679,,,,,0.2088632583618164,,,,,,,,,,,
168,47689,,,,,0.19284458458423615,,,,,,,,,,,
168,47699,,,,,0.21534067392349243,,,,,,,,,,,
168,47709,,,,,0.16809213161468506,,,,,,,,,,,
168,47719,,,,,0.21750901639461517,,,,,,,,,,,
168,47729,,,,,0.18155840039253235,,,,,,,,,,,
168,47739,,,,,0.17302067577838898,,,,,,,,,,,
168,47749,,,,,0.17929334938526154,,,,,,,,,,,
168,47759,,,,,0.20959128439426422,,,,,,,,,,,
168,47769,,,,,0.1762510985136032,,,,,,,,,,,
168,47779,,,,,0.17312932014465332,,,,,,,,,,,
168,47789,,,,,0.17017871141433716,,,,,,,,,,,
168,47799,,,,,0.18329669535160065,,,,,,,,,,,
168,47809,,,,,0.21349835395812988,,,,,,,,,,,
168,47819,,,,,0.24070154130458832,,,,,,,,,,,
168,168,0.4999998910295345,72.89259956352139,,,,,,,,,,,,,,
168,47826,,,,,,0.18802891671657562,,,,,,,,,,
169,47829,,,,,0.17271089553833008,,,,,,,,,,,
169,47839,,,,,0.19206294417381287,,,,,,,,,,,
169,47849,,,,,0.2102523148059845,,,,,,,,,,,
169,47859,,,,,0.167677104473114,,,,,,,,,,,
169,47869,,,,,0.17205911874771118,,,,,,,,,,,
169,47879,,,,,0.13767878711223602,,,,,,,,,,,
169,47889,,,,,0.1813930720090866,,,,,,,,,,,
169,47899,,,,,0.19691894948482513,,,,,,,,,,,
169,47909,,,,,0.14797236025333405,,,,,,,,,,,
169,47919,,,,,0.1758803278207779,,,,,,,,,,,
169,47929,,,,,0.17875231802463531,,,,,,,,,,,
169,47939,,,,,0.18381579220294952,,,,,,,,,,,
169,47949,,,,,0.17359422147274017,,,,,,,,,,,
169,47959,,,,,0.16900567710399628,,,,,,,,,,,
169,47969,,,,,0.1853032261133194,,,,,,,,,,,
169,47979,,,,,0.17725400626659393,,,,,,,,,,,
169,47989,,,,,0.1961548924446106,,,,,,,,,,,
169,47999,,,,,0.18538688123226166,,,,,,,,,,,
169,48009,,,,,0.15307481586933136,,,,,,,,,,,
169,48019,,,,,0.171749547123909,,,,,,,,,,,
169,48029,,,,,0.1953018307685852,,,,,,,,,,,
169,48039,,,,,0.18743294477462769,,,,,,,,,,,
169,48049,,,,,0.2038191854953766,,,,,,,,,,,
169,48059,,,,,0.19045785069465637,,,,,,,,,,,
169,48069,,,,,0.19462527334690094,,,,,,,,,,,
169,48079,,,,,0.1862553060054779,,,,,,,,,,,
169,48089,,,,,0.20781296491622925,,,,,,,,,,,
169,48099,,,,,0.14782734215259552,,,,,,,,,,,
169,48109,,,,,0.17959661781787872,,,,,,,,,,,
169,169,,,0.9983730912208557,0.7696384787559509,,,0.14763703025101263,0.8945255875587463,,0.8497838973999023,,0.20657797157764435,,1.5179569319802888,,0.20470178127288818
169,48109,,,,,,,,,0.8497838973999023,,0.20657797157764435,,1.5179569721221924,,0.20470178127288818,
169,169,0.4999998807556208,73.00160798687371,,,,,,,,,,,,,,
169,48109,,,,,,0.18585307896137238,,,,,,,,,,
170,48119,,,,,0.18131761252880096,,,,,,,,,,,
170,48129,,,,,0.1956745982170105,,,,,,,,,,,
170,48139,,,,,0.1860913634300232,,,,,,,,,,,
170,48149,,,,,0.1903393417596817,,,,,,,,,,,
170,48159,,,,,0.16548065841197968,,,,,,,,,,,
170,48169,,,,,0.1800682246685028,,,,,,,,,,,
170,48179,,,,,0.13698652386665344,,,,,,,,,,,
170,48189,,,,,0.17289112508296967,,,,,,,,,,,
170,48199,,,,,0.16277776658535004,,,,,,,,,,,
170,48209,,,,,0.17049556970596313,,,,,,,,,,,
170,48219,,,,,0.18487399816513062,,,,,,,,,,,
170,48229,,,,,0.18516317009925842,,,,,,,,,,,
170,48239,,,,,0.19478262960910797,,,,,,,,,,,
170,48249,,,,,0.1424933820962906,,,,,,,,,,,
170,48259,,,,,0.17632879316806793,,,,,,,,,,,
170,48269,,,,,0.1791202574968338,,,,,,,,,,,
170,48279,,,,,0.15202376246452332,,,,,,,,,,,
170,48289,,,,,0.18320272862911224,,,,,,,,,,,
170,48299,,,,,0.19091838598251343,,,,,,,,,,,
170,48309,,,,,0.200032576918602,,,,,,,,,,,
170,48319,,,,,0.18117722868919373,,,,,,,,,,,
170,48329,,,,,0.16582170128822327,,,,,,,,,,,
170,48339,,,,,0.18773168325424194,,,,,,,,,,,
170,48349,,,,,0.18928086757659912,,,,,,,,,,,
170,48359,,,,,0.18607917428016663,,,,,,,,,,,
170,48369,,,,,0.15927645564079285,,,,,,,,,,,
170,48379,,,,,0.1768503487110138,,,,,,,,,,,
170,48389,,,,,0.17907077074050903,,,,,,,,,,,
170,170,0.49999989339433115,73.11081943500231,,,,,,,,,,,,,,
170,48392,,,,,,0.18306584656238556,,,,,,,,,,
171,48399,,,,,0.15271662175655365,,,,,,,,,,,
171,48409,,,,,0.17127172648906708,,,,,,,,,,,
171,48419,,,,,0.18133531510829926,,,,,,,,,,,
171,48429,,,,,0.1699725091457367,,,,,,,,,,,
171,48439,,,,,0.17329497635364532,,,,,,,,,,,
171,48449,,,,,0.17281435430049896,,,,,,,,,,,
171,48459,,,,,0.19581763446331024,,,,,,,,,,,
171,48469,,,,,0.17134779691696167,,,,,,,,,,,
171,48479,,,,,0.1647588163614273,,,,,,,,,,,
171,48489,,,,,0.1570911556482315,,,,,,,,,,,
171,48499,,,,,0.15650393068790436,,,,,,,,,,,
171,48509,,,,,0.17424146831035614,,,,,,,,,,,
171,48519,,,,,0.18464608490467072,,,,,,,,,,,
171,48529,,,,,0.2413744032382965,,,,,,,,,,,
171,48539,,,,,0.1876002848148346,,,,,,,,,,,
171,48549,,,,,0.18292199075222015,,,,,,,,,,,
171,48559,,,,,0.1800040900707245,,,,,,,,,,,
171,48569,,,,,0.17506563663482666,,,,,,,,,,,
171,48579,,,,,0.1741085946559906,,,,,,,,,,,
171,48589,,,,,0.18051430583000183,,,,,,,,,,,
171,48599,,,,,0.19242922961711884,,,,,,,,,,,
171,48609,,,,,0.18484753370285034,,,,,,,,,,,
171,48619,,,,,0.18301157653331757,,,,,,,,,,,
171,48629,,,,,0.20689886808395386,,,,,,,,,,,
171,48639,,,,,0.17004922032356262,,,,,,,,,,,
171,48649,,,,,0.16146357357501984,,,,,,,,,,,
171,48659,,,,,0.1886790692806244,,,,,,,,,,,
171,48669,,,,,0.19278714060783386,,,,,,,,,,,
171,171,0.49999988585946825,73.22259279763429,,,,,,,,,,,,,,
171,48675,,,,,,0.17863018810749054,,,,,,,,,,
172,48679,,,,,0.17744165658950806,,,,,,,,,,,
172,48689,,,,,0.13599960505962372,,,,,,,,,,,
172,48699,,,,,0.13709227740764618,,,,,,,,,,,
172,48709,,,,,0.15721207857131958,,,,,,,,,,,
172,48719,,,,,0.1584760993719101,,,,,,,,,,,
172,48729,,,,,0.13639236986637115,,,,,,,,,,,
172,48739,,,,,0.1674547791481018,,,,,,,,,,,
172,48749,,,,,0.15541081130504608,,,,,,,,,,,
172,48759,,,,,0.18237905204296112,,,,,,,,,,,
172,48769,,,,,0.15649309754371643,,,,,,,,,,,
172,48779,,,,,0.1715862900018692,,,,,,,,,,,
172,48789,,,,,0.1476440131664276,,,,,,,,,,,
172,48799,,,,,0.1604396253824234,,,,,,,,,,,
172,48809,,,,,0.13971103727817535,,,,,,,,,,,
172,48819,,,,,0.18698428571224213,,,,,,,,,,,
172,48829,,,,,0.18993426859378815,,,,,,,,,,,
172,48839,,,,,0.1651492416858673,,,,,,,,,,,
172,48849,,,,,0.18317276239395142,,,,,,,,,,,
172,48859,,,,,0.1597122848033905,,,,,,,,,,,
172,48869,,,,,0.19042107462882996,,,,,,,,,,,
172,48879,,,,,0.17959898710250854,,,,,,,,,,,
172,48889,,,,,0.1660100221633911,,,,,,,,,,,
172,48899,,,,,0.189385786652565,,,,,,,,,,,
172,48909,,,,,0.2138257920742035,,,,,,,,,,,
172,48919,,,,,0.164925217628479,,,,,,,,,,,
172,48929,,,,,0.19448944926261902,,,,,,,,,,,
172,48939,,,,,0.17059150338172913,,,,,,,,,,,
172,48949,,,,,0.15595030784606934,,,,,,,,,,,
172,172,0.49999988345576524,73.33107576867984,,,,,,,,,,,,,,
172,48958,,,,,,0.17546111345291138,,,,,,,,,,
173,48959,,,,,0.19200003147125244,,,,,,,,,,,
173,48969,,,,,0.14979049563407898,,,,,,,,,,,
173,48979,,,,,0.15687404572963715,,,,,,,,,,,
173,48989,,,,,0.17835819721221924,,,,,,,,,,,
173,48999,,,,,0.1429748237133026,,,,,,,,,,,
173,49009,,,,,0.15115025639533997,,,,,,,,,,,
173,49019,,,,,0.15929900109767914,,,,,,,,,,,
173,49029,,,,,0.12940143048763275,,,,,,,,,,,
173,49039,,,,,0.1461336612701416,,,,,,,,,,,
173,49049,,,,,0.12837916612625122,,,,,,,,,,,
173,49059,,,,,0.20227696001529694,,,,,,,,,,,
173,49069,,,,,0.15291497111320496,,,,,,,,,,,
173,49079,,,,,0.1970047503709793,,,,,,,,,,,
173,49089,,,,,0.16361500322818756,,,,,,,,,,,
173,49099,,,,,0.16889473795890808,,,,,,,,,,,
173,49109,,,,,0.18932747840881348,,,,,,,,,,,
173,49119,,,,,0.2050168216228485,,,,,,,,,,,
173,49129,,,,,0.1536635160446167,,,,,,,,,,,
173,49139,,,,,0.2030758261680603,,,,,,,,,,,
173,49149,,,,,0.17693261802196503,,,,,,,,,,,
173,49159,,,,,0.1527438908815384,,,,,,,,,,,
173,49169,,,,,0.17416611313819885,,,,,,,,,,,
173,49179,,,,,0.1426268070936203,,,,,,,,,,,
173,49189,,,,,0.19483810663223267,,,,,,,,,,,
173,49199,,,,,0.18890893459320068,,,,,,,,,,,
173,49209,,,,,0.15133698284626007,,,,,,,,,,,
173,49219,,,,,0.16528242826461792,,,,,,,,,,,
173,49229,,,,,0.18135103583335876,,,,,,,,,,,
173,49239,,,,,0.144599050283432,,,,,,,,,,,
173,173,0.4999998854486863,73.44659481201498,,,,,,,,,,,,,,
173,49241,,,,,,0.1707628220319748,,,,,,,,,,
174,49249,,,,,0.18404220044612885,,,,,,,,,,,
174,49259,,,,,0.16625933349132538,,,,,,,,,,,
174,49269,,,,,0.18703605234622955,,,,,,,,,,,
174,49279,,,,,0.1514458805322647,,,,,,,,,,,
174,49289,,,,,0.18504366278648376,,,,,,,,,,,
174,49299,,,,,0.16226308047771454,,,,,,,,,,,
174,49309,,,,,0.1877778023481369,,,,,,,,,,,
174,49319,,,,,0.17073895037174225,,,,,,,,,,,
174,49329,,,,,0.16231811046600342,,,,,,,,,,,
174,49339,,,,,0.18372151255607605,,,,,,,,,,,
174,49349,,,,,0.22659683227539062,,,,,,,,,,,
174,49359,,,,,0.1779962033033371,,,,,,,,,,,
174,49369,,,,,0.1425703763961792,,,,,,,,,,,
174,49379,,,,,0.17877380549907684,,,,,,,,,,,
174,49389,,,,,0.18111097812652588,,,,,,,,,,,
174,49399,,,,,0.16430556774139404,,,,,,,,,,,
174,49409,,,,,0.17149823904037476,,,,,,,,,,,
174,49419,,,,,0.1585720330476761,,,,,,,,,,,
174,49429,,,,,0.17805667221546173,,,,,,,,,,,
174,49439,,,,,0.15014658868312836,,,,,,,,,,,
174,49449,,,,,0.17973746359348297,,,,,,,,,,,
174,49459,,,,,0.15882648527622223,,,,,,,,,,,
174,49469,,,,,0.16950339078903198,,,,,,,,,,,
174,49479,,,,,0.18109574913978577,,,,,,,,,,,
174,49489,,,,,0.15985321998596191,,,,,,,,,,,
174,49499,,,,,0.15956388413906097,,,,,,,,,,,
174,49509,,,,,0.13851426541805267,,,,,,,,,,,
174,49519,,,,,0.159077987074852,,,,,,,,,,,
174,174,0.49999989125725564,73.55663658337214,,,,,,,,,,,,,,
174,49524,,,,,,0.16903798282146454,,,,,,,,,,
175,49529,,,,,0.15114814043045044,,,,,,,,,,,
175,49539,,,,,0.15881317853927612,,,,,,,,,,,
175,49549,,,,,0.18114089965820312,,,,,,,,,,,
175,49559,,,,,0.17514392733573914,,,,,,,,,,,
175,49569,,,,,0.15096093714237213,,,,,,,,,,,
175,49579,,,,,0.1648477166891098,,,,,,,,,,,
175,49589,,,,,0.18668122589588165,,,,,,,,,,,
175,49599,,,,,0.15023033320903778,,,,,,,,,,,
175,49609,,,,,0.16005869209766388,,,,,,,,,,,
175,49619,,,,,0.17393147945404053,,,,,,,,,,,
175,49629,,,,,0.1936386078596115,,,,,,,,,,,
175,49639,,,,,0.1837698072195053,,,,,,,,,,,
175,49649,,,,,0.17334569990634918,,,,,,,,,,,
175,49659,,,,,0.2403995394706726,,,,,,,,,,,
175,49669,,,,,0.14317817986011505,,,,,,,,,,,
175,49679,,,,,0.16985560953617096,,,,,,,,,,,
175,49689,,,,,0.17053937911987305,,,,,,,,,,,
175,49699,,,,,0.1878112405538559,,,,,,,,,,,
175,49709,,,,,0.12928158044815063,,,,,,,,,,,
175,49719,,,,,0.18072088062763214,,,,,,,,,,,
175,49729,,,,,0.19759513437747955,,,,,,,,,,,
175,49739,,,,,0.17201678454875946,,,,,,,,,,,
175,49749,,,,,0.181448832154274,,,,,,,,,,,
175,49759,,,,,0.13132068514823914,,,,,,,,,,,
175,49769,,,,,0.14053374528884888,,,,,,,,,,,
175,49779,,,,,0.18895548582077026,,,,,,,,,,,
175,49789,,,,,0.12746059894561768,,,,,,,,,,,
175,49799,,,,,0.19137047231197357,,,,,,,,,,,
175,175,0.4999998962911939,73.65947756777992,,,,,,,,,,,,,,
175,49807,,,,,,0.17066475749015808,,,,,,,,,,
176,49809,,,,,0.1448161005973816,,,,,,,,,,,
176,49819,,,,,0.15816152095794678,,,,,,,,,,,
176,49829,,,,,0.15189512073993683,,,,,,,,,,,
176,49839,,,,,0.13118895888328552,,,,,,,,,,,
176,49849,,,,,0.15073050558567047,,,,,,,,,,,
176,49859,,,,,0.1712799221277237,,,,,,,,,,,
176,49869,,,,,0.1369272917509079,,,,,,,,,,,
176,49879,,,,,0.15630878508090973,,,,,,,,,,,
176,49889,,,,,0.17150162160396576,,,,,,,,,,,
176,49899,,,,,0.13006699085235596,,,,,,,,,,,
176,49909,,,,,0.16557209193706512,,,,,,,,,,,
176,49919,,,,,0.15492387115955353,,,,,,,,,,,
176,49929,,,,,0.16548050940036774,,,,,,,,,,,
176,49939,,,,,0.15410660207271576,,,,,,,,,,,
176,49949,,,,,0.15498438477516174,,,,,,,,,,,
176,49959,,,,,0.1583285629749298,,,,,,,,,,,
176,49969,,,,,0.17893455922603607,,,,,,,,,,,
176,49979,,,,,0.177265003323555,,,,,,,,,,,
176,49989,,,,,0.13903993368148804,,,,,,,,,,,
176,49999,,,,,0.17068582773208618,,,,,,,,,,,
176,50009,,,,,0.16309145092964172,,,,,,,,,,,
176,50019,,,,,0.16520889103412628,,,,,,,,,,,
176,50029,,,,,0.2219284325838089,,,,,,,,,,,
176,50039,,,,,0.2177402228116989,,,,,,,,,,,
176,50049,,,,,0.2039264440536499,,,,,,,,,,,
176,50059,,,,,0.17092593014240265,,,,,,,,,,,
176,50069,,,,,0.14761240780353546,,,,,,,,,,,
176,50079,,,,,0.15226830542087555,,,,,,,,,,,
176,50089,,,,,0.18727010488510132,,,,,,,,,,,
176,176,0.4999998815586941,73.77056372173064,,,,,,,,,,,,,,
176,50090,,,,,,0.16457541286945343,,,,,,,,,,
177,50099,,,,,0.13197344541549683,,,,,,,,,,,
177,50109,,,,,0.1669173240661621,,,,,,,,,,,
177,50119,,,,,0.15623192489147186,,,,,,,,,,,
177,50129,,,,,0.15520510077476501,,,,,,,,,,,
177,50139,,,,,0.18729744851589203,,,,,,,,,,,
177,50149,,,,,0.15418154001235962,,,,,,,,,,,
177,50159,,,,,0.14598548412322998,,,,,,,,,,,
177,50169,,,,,0.19630928337574005,,,,,,,,,,,
177,50179,,,,,0.1394139975309372,,,,,,,,,,,
177,50189,,,,,0.16501013934612274,,,,,,,,,,,
177,50199,,,,,0.16096970438957214,,,,,,,,,,,
177,50209,,,,,0.1640143096446991,,,,,,,,,,,
177,50219,,,,,0.16783833503723145,,,,,,,,,,,
177,50229,,,,,0.15027081966400146,,,,,,,,,,,
177,50239,,,,,0.16358903050422668,,,,,,,,,,,
177,50249,,,,,0.13538913428783417,,,,,,,,,,,
177,50259,,,,,0.1618809849023819,,,,,,,,,,,
177,50269,,,,,0.13893340528011322,,,,,,,,,,,
177,50279,,,,,0.13847146928310394,,,,,,,,,,,
177,50289,,,,,0.16026702523231506,,,,,,,,,,,
177,50299,,,,,0.1919446885585785,,,,,,,,,,,
177,50309,,,,,0.196302130818367,,,,,,,,,,,
177,50319,,,,,0.16906680166721344,,,,,,,,,,,
177,50329,,,,,0.16611076891422272,,,,,,,,,,,
177,50339,,,,,0.2227846384048462,,,,,,,,,,,
177,50349,,,,,0.18650361895561218,,,,,,,,,,,
177,50359,,,,,0.15003754198551178,,,,,,,,,,,
177,50369,,,,,0.17201992869377136,,,,,,,,,,,
177,177,0.499999897189221,73.87746415398618,,,,,,,,,,,,,,
177,50373,,,,,,0.1645527482032776,,,,,,,,,,
178,50379,,,,,0.12465027719736099,,,,,,,,,,,
178,50389,,,,,0.15625989437103271,,,,,,,,,,,
178,50399,,,,,0.1594437062740326,,,,,,,,,,,
178,50409,,,,,0.1364748328924179,,,,,,,,,,,
178,50419,,,,,0.16087016463279724,,,,,,,,,,,
178,50429,,,,,0.14781631529331207,,,,,,,,,,,
178,50439,,,,,0.14639610052108765,,,,,,,,,,,
178,50449,,,,,0.16919825971126556,,,,,,,,,,,
178,50459,,,,,0.13127006590366364,,,,,,,,,,,
178,50469,,,,,0.17694613337516785,,,,,,,,,,,
178,50479,,,,,0.1537114530801773,,,,,,,,,,,
178,50489,,,,,0.17304252088069916,,,,,,,,,,,
178,50499,,,,,0.148413747549057,,,,,,,,,,,
178,50509,,,,,0.12914054095745087,,,,,,,,,,,
178,50519,,,,,0.14785152673721313,,,,,,,,,,,
178,50529,,,,,0.1606319099664688,,,,,,,,,,,
178,50539,,,,,0.1740190088748932,,,,,,,,,,,
178,50549,,,,,0.19169285893440247,,,,,,,,,,,
178,50559,,,,,0.15852467715740204,,,,,,,,,,,
178,50569,,,,,0.11453298479318619,,,,,,,,,,,
178,50579,,,,,0.205200657248497,,,,,,,,,,,
178,50589,,,,,0.14305870234966278,,,,,,,,,,,
178,50599,,,,,0.14427046477794647,,,,,,,,,,,
178,50609,,,,,0.16306255757808685,,,,,,,,,,,
178,50619,,,,,0.15329888463020325,,,,,,,,,,,
178,50629,,,,,0.12997084856033325,,,,,,,,,,,
178,50639,,,,,0.20401756465435028,,,,,,,,,,,
178,50649,,,,,0.15540862083435059,,,,,,,,,,,
178,178,0.49999986675274816,73.98834645460269,,,,,,,,,,,,,,
178,50656,,,,,,0.16061699390411377,,,,,,,,,,
179,50659,,,,,0.14692455530166626,,,,,,,,,,,
179,50669,,,,,0.1759982705116272,,,,,,,,,,,
179,50679,,,,,0.1314024031162262,,,,,,,,,,,
179,50689,,,,,0.14724242687225342,,,,,,,,,,,
179,50699,,,,,0.16755954921245575,,,,,,,,,,,
179,50709,,,,,0.1606607437133789,,,,,,,,,,,
179,50719,,,,,0.15678255259990692,,,,,,,,,,,
179,50729,,,,,0.15515197813510895,,,,,,,,,,,
179,50739,,,,,0.20135721564292908,,,,,,,,,,,
179,50749,,,,,0.1353747546672821,,,,,,,,,,,
179,50759,,,,,0.1256275326013565,,,,,,,,,,,
179,50769,,,,,0.1554047167301178,,,,,,,,,,,
179,50779,,,,,0.17557555437088013,,,,,,,,,,,
179,50789,,,,,0.17548176646232605,,,,,,,,,,,
179,50799,,,,,0.21248675882816315,,,,,,,,,,,
179,50809,,,,,0.15660957992076874,,,,,,,,,,,
179,50819,,,,,0.1918717324733734,,,,,,,,,,,
179,50829,,,,,0.13898628950119019,,,,,,,,,,,
179,50839,,,,,0.15625645220279694,,,,,,,,,,,
179,50849,,,,,0.14658693969249725,,,,,,,,,,,
179,50859,,,,,0.17840711772441864,,,,,,,,,,,
179,50869,,,,,0.15211762487888336,,,,,,,,,,,
179,50879,,,,,0.15635085105895996,,,,,,,,,,,
179,50889,,,,,0.11171466112136841,,,,,,,,,,,
179,50899,,,,,0.19966919720172882,,,,,,,,,,,
179,50909,,,,,0.17703217267990112,,,,,,,,,,,
179,50919,,,,,0.18747037649154663,,,,,,,,,,,
179,50929,,,,,0.1448654979467392,,,,,,,,,,,
179,50939,,,,,0.20738853514194489,,,,,,,,,,,
179,179,,,0.998991072177887,0.8093479871749878,,,0.11997423266885046,0.9259470105171204,,0.8475487232208252,,0.20727932453155518,,1.6570522713722016,,0.20577582716941833
179,50939,,,,,,,,,0.8475487232208252,,0.20727932453155518,,1.6570525169372559,,0.20577582716941833,
179,179,0.4999998880987525,74.0965219408842,,,,,,,,,,,,,,
179,50939,,,,,,0.15740719437599182,,,,,,,,,,
180,50949,,,,,0.13777312636375427,,,,,,,,,,,
180,50959,,,,,0.16235317289829254,,,,,,,,,,,
180,50969,,,,,0.16099736094474792,,,,,,,,,,,
180,50979,,,,,0.1660376489162445,,,,,,,,,,,
180,50989,,,,,0.10883700102567673,,,,,,,,,,,
180,50999,,,,,0.18646036088466644,,,,,,,,,,,
180,51009,,,,,0.15755900740623474,,,,,,,,,,,
180,51019,,,,,0.1499813348054886,,,,,,,,,,,
180,51029,,,,,0.17072010040283203,,,,,,,,,,,
180,51039,,,,,0.14739768207073212,,,,,,,,,,,
180,51049,,,,,0.148406520485878,,,,,,,,,,,
180,51059,,,,,0.16054672002792358,,,,,,,,,,,
180,51069,,,,,0.15818116068840027,,,,,,,,,,,
180,51079,,,,,0.15161408483982086,,,,,,,,,,,
180,51089,,,,,0.1850900948047638,,,,,,,,,,,
180,51099,,,,,0.15686382353305817,,,,,,,,,,,
180,51109,,,,,0.1366381049156189,,,,,,,,,,,
180,51119,,,,,0.1389581561088562,,,,,,,,,,,
180,51129,,,,,0.18103626370429993,,,,,,,,,,,
180,51139,,,,,0.15415526926517487,,,,,,,,,,,
180,51149,,,,,0.22315019369125366,,,,,,,,,,,
180,51159,,,,,0.15749295055866241,,,,,,,,,,,
180,51169,,,,,0.14166580140590668,,,,,,,,,,,
180,51179,,,,,0.1558719426393509,,,,,,,,,,,
180,51189,,,,,0.18755118548870087,,,,,,,,,,,
180,51199,,,,,0.17632825672626495,,,,,,,,,,,
180,51209,,,,,0.17661532759666443,,,,,,,,,,,
180,51219,,,,,0.1339195817708969,,,,,,,,,,,
180,180,0.4999998910846255,74.20151314548029,,,,,,,,,,,,,,
180,51222,,,,,,0.15414011478424072,,,,,,,,,,
181,51229,,,,,0.14737361669540405,,,,,,,,,,,
181,51239,,,,,0.15030251443386078,,,,,,,,,,,
181,51249,,,,,0.12799681723117828,,,,,,,,,,,
181,51259,,,,,0.12440268695354462,,,,,,,,,,,
181,51269,,,,,0.17991167306900024,,,,,,,,,,,
181,51279,,,,,0.1567145735025406,,,,,,,,,,,
181,51289,,,,,0.13761328160762787,,,,,,,,,,,
181,51299,,,,,0.17790906131267548,,,,,,,,,,,
181,51309,,,,,0.13912241160869598,,,,,,,,,,,
181,51319,,,,,0.14519718289375305,,,,,,,,,,,
181,51329,,,,,0.1582127958536148,,,,,,,,,,,
181,51339,,,,,0.14135126769542694,,,,,,,,,,,
181,51349,,,,,0.15323695540428162,,,,,,,,,,,
181,51359,,,,,0.22135315835475922,,,,,,,,,,,
181,51369,,,,,0.12922163307666779,,,,,,,,,,,
181,51379,,,,,0.1961790770292282,,,,,,,,,,,
181,51389,,,,,0.16360244154930115,,,,,,,,,,,
181,51399,,,,,0.1312808394432068,,,,,,,,,,,
181,51409,,,,,0.15118025243282318,,,,,,,,,,,
181,51419,,,,,0.18939606845378876,,,,,,,,,,,
181,51429,,,,,0.16111257672309875,,,,,,,,,,,
181,51439,,,,,0.19864575564861298,,,,,,,,,,,
181,51449,,,,,0.14309681951999664,,,,,,,,,,,
181,51459,,,,,0.19390684366226196,,,,,,,,,,,
181,51469,,,,,0.1401466280221939,,,,,,,,,,,
181,51479,,,,,0.17685994505882263,,,,,,,,,,,
181,51489,,,,,0.16023719310760498,,,,,,,,,,,
181,51499,,,,,0.12390830367803574,,,,,,,,,,,
181,181,0.49999987586066086,74.31282681744703,,,,,,,,,,,,,,
181,51505,,,,,,0.15172886848449707,,,,,,,,,,
182,51509,,,,,0.10811556130647659,,,,,,,,,,,
182,51519,,,,,0.18670465052127838,,,,,,,,,,,
182,51529,,,,,0.21437212824821472,,,,,,,,,,,
182,51539,,,,,0.15070591866970062,,,,,,,,,,,
182,51549,,,,,0.1146126314997673,,,,,,,,,,,
182,51559,,,,,0.16364654898643494,,,,,,,,,,,
182,51569,,,,,0.13488264381885529,,,,,,,,,,,
182,51579,,,,,0.13799504935741425,,,,,,,,,,,
182,51589,,,,,0.14772461354732513,,,,,,,,,,,
182,51599,,,,,0.14253167808055878,,,,,,,,,,,
182,51609,,,,,0.1574128419160843,,,,,,,,,,,
182,51619,,,,,0.1444610208272934,,,,,,,,,,,
182,51629,,,,,0.17134344577789307,,,,,,,,,,,
182,51639,,,,,0.14146414399147034,,,,,,,,,,,
182,51649,,,,,0.12106726318597794,,,,,,,,,,,
182,51659,,,,,0.13929446041584015,,,,,,,,,,,
182,51669,,,,,0.16444887220859528,,,,,,,,,,,
182,51679,,,,,0.14571426808834076,,,,,,,,,,,
182,51689,,,,,0.15774329006671906,,,,,,,,,,,
182,51699,,,,,0.14741769433021545,,,,,,,,,,,
182,51709,,,,,0.18163685500621796,,,,,,,,,,,
182,51719,,,,,0.13666599988937378,,,,,,,,,,,
182,51729,,,,,0.12521809339523315,,,,,,,,,,,
182,51739,,,,,0.15715619921684265,,,,,,,,,,,
182,51749,,,,,0.14499804377555847,,,,,,,,,,,
182,51759,,,,,0.1634117215871811,,,,,,,,,,,
182,51769,,,,,0.14923754334449768,,,,,,,,,,,
182,51779,,,,,0.143540620803833,,,,,,,,,,,
182,182,0.499999883862286,74.414688242409,,,,,,,,,,,,,,
182,51788,,,,,,0.1507180780172348,,,,,,,,,,
183,51789,,,,,0.14433330297470093,,,,,,,,,,,
183,51799,,,,,0.14509597420692444,,,,,,,,,,,
183,51809,,,,,0.1756143569946289,,,,,,,,,,,
183,51819,,,,,0.1263686865568161,,,,,,,,,,,
183,51829,,,,,0.12676124274730682,,,,,,,,,,,
183,51839,,,,,0.11051367968320847,,,,,,,,,,,
183,51849,,,,,0.149132639169693,,,,,,,,,,,
183,51859,,,,,0.13008593022823334,,,,,,,,,,,
183,51869,,,,,0.10856006294488907,,,,,,,,,,,
183,51879,,,,,0.14082570374011993,,,,,,,,,,,
183,51889,,,,,0.14733470976352692,,,,,,,,,,,
183,51899,,,,,0.13436803221702576,,,,,,,,,,,
183,51909,,,,,0.1386290192604065,,,,,,,,,,,
183,51919,,,,,0.13137274980545044,,,,,,,,,,,
183,51929,,,,,0.12469463050365448,,,,,,,,,,,
183,51939,,,,,0.1470445692539215,,,,,,,,,,,
183,51949,,,,,0.1835092008113861,,,,,,,,,,,
183,51959,,,,,0.11746926605701447,,,,,,,,,,,
183,51969,,,,,0.1468474119901657,,,,,,,,,,,
183,51979,,,,,0.1641080379486084,,,,,,,,,,,
183,51989,,,,,0.13671593368053436,,,,,,,,,,,
183,51999,,,,,0.14477141201496124,,,,,,,,,,,
183,52009,,,,,0.15945646166801453,,,,,,,,,,,
183,52019,,,,,0.18907830119132996,,,,,,,,,,,
183,52029,,,,,0.1608985960483551,,,,,,,,,,,
183,52039,,,,,0.14749038219451904,,,,,,,,,,,
183,52049,,,,,0.1765909045934677,,,,,,,,,,,
183,52059,,,,,0.1368531882762909,,,,,,,,,,,
183,52069,,,,,0.12898239493370056,,,,,,,,,,,
183,183,0.4999998739574717,74.51721108693735,,,,,,,,,,,,,,
183,52071,,,,,,0.1467825174331665,,,,,,,,,,
184,52079,,,,,0.14254805445671082,,,,,,,,,,,
184,52089,,,,,0.132237508893013,,,,,,,,,,,
184,52099,,,,,0.13792692124843597,,,,,,,,,,,
184,52109,,,,,0.11589375883340836,,,,,,,,,,,
184,52119,,,,,0.11942366510629654,,,,,,,,,,,
184,52129,,,,,0.1021050214767456,,,,,,,,,,,
184,52139,,,,,0.13827651739120483,,,,,,,,,,,
184,52149,,,,,0.13254179060459137,,,,,,,,,,,
184,52159,,,,,0.10859806090593338,,,,,,,,,,,
184,52169,,,,,0.13283373415470123,,,,,,,,,,,
184,52179,,,,,0.11353234201669693,,,,,,,,,,,
184,52189,,,,,0.12730933725833893,,,,,,,,,,,
184,52199,,,,,0.12202457338571548,,,,,,,,,,,
184,52209,,,,,0.16509872674942017,,,,,,,,,,,
184,52219,,,,,0.17658254504203796,,,,,,,,,,,
184,52229,,,,,0.16186022758483887,,,,,,,,,,,
184,52239,,,,,0.16081026196479797,,,,,,,,,,,
184,52249,,,,,0.15244179964065552,,,,,,,,,,,
184,52259,,,,,0.16705837845802307,,,,,,,,,,,
184,52269,,,,,0.1774471551179886,,,,,,,,,,,
184,52279,,,,,0.16867215931415558,,,,,,,,,,,
184,52289,,,,,0.1281881034374237,,,,,,,,,,,
184,52299,,,,,0.15862274169921875,,,,,,,,,,,
184,52309,,,,,0.14481587707996368,,,,,,,,,,,
184,52319,,,,,0.11916576325893402,,,,,,,,,,,
184,52329,,,,,0.13730654120445251,,,,,,,,,,,
184,52339,,,,,0.16545967757701874,,,,,,,,,,,
184,52349,,,,,0.12223045527935028,,,,,,,,,,,
184,184,0.49999987559849324,74.61815805995471,,,,,,,,,,,,,,
184,52354,,,,,,0.14448770880699158,,,,,,,,,,
185,52359,,,,,0.1262582391500473,,,,,,,,,,,
185,52369,,,,,0.12616677582263947,,,,,,,,,,,
185,52379,,,,,0.11735355108976364,,,,,,,,,,,
185,52389,,,,,0.1450825035572052,,,,,,,,,,,
185,52399,,,,,0.15729856491088867,,,,,,,,,,,
185,52409,,,,,0.13074295222759247,,,,,,,,,,,
185,52419,,,,,0.17097975313663483,,,,,,,,,,,
185,52429,,,,,0.16723814606666565,,,,,,,,,,,
185,52439,,,,,0.13474111258983612,,,,,,,,,,,
185,52449,,,,,0.15529745817184448,,,,,,,,,,,
185,52459,,,,,0.11817090958356857,,,,,,,,,,,
185,52469,,,,,0.178607776761055,,,,,,,,,,,
185,52479,,,,,0.2153225839138031,,,,,,,,,,,
185,52489,,,,,0.13475766777992249,,,,,,,,,,,
185,52499,,,,,0.14099860191345215,,,,,,,,,,,
185,52509,,,,,0.127432182431221,,,,,,,,,,,
185,52519,,,,,0.13325312733650208,,,,,,,,,,,
185,52529,,,,,0.12107530981302261,,,,,,,,,,,
185,52539,,,,,0.15372434258460999,,,,,,,,,,,
185,52549,,,,,0.11438728868961334,,,,,,,,,,,
185,52559,,,,,0.17144210636615753,,,,,,,,,,,
185,52569,,,,,0.14474260807037354,,,,,,,,,,,
185,52579,,,,,0.151019886136055,,,,,,,,,,,
185,52589,,,,,0.21210281550884247,,,,,,,,,,,
185,52599,,,,,0.16284556686878204,,,,,,,,,,,
185,52609,,,,,0.1437770277261734,,,,,,,,,,,
185,52619,,,,,0.1417013257741928,,,,,,,,,,,
185,52629,,,,,0.14640943706035614,,,,,,,,,,,
185,185,0.49999988568892895,74.71837490691213,,,,,,,,,,,,,,
185,52637,,,,,,0.14637967944145203,,,,,,,,,,
186,52639,,,,,0.14995317161083221,,,,,,,,,,,
186,52649,,,,,0.1385117769241333,,,,,,,,,,,
186,52659,,,,,0.11527224630117416,,,,,,,,,,,
186,52669,,,,,0.1359894722700119,,,,,,,,,,,
186,52679,,,,,0.11703845858573914,,,,,,,,,,,
186,52689,,,,,0.16155192255973816,,,,,,,,,,,
186,52699,,,,,0.13642749190330505,,,,,,,,,,,
186,52709,,,,,0.11329706013202667,,,,,,,,,,,
186,52719,,,,,0.14403778314590454,,,,,,,,,,,
186,52729,,,,,0.1435309201478958,,,,,,,,,,,
186,52739,,,,,0.13208481669425964,,,,,,,,,,,
186,52749,,,,,0.14583434164524078,,,,,,,,,,,
186,52759,,,,,0.14393633604049683,,,,,,,,,,,
186,52769,,,,,0.153940349817276,,,,,,,,,,,
186,52779,,,,,0.17147785425186157,,,,,,,,,,,
186,52789,,,,,0.14511054754257202,,,,,,,,,,,
186,52799,,,,,0.16616149246692657,,,,,,,,,,,
186,52809,,,,,0.15236695110797882,,,,,,,,,,,
186,52819,,,,,0.17011335492134094,,,,,,,,,,,
186,52829,,,,,0.13678976893424988,,,,,,,,,,,
186,52839,,,,,0.14308153092861176,,,,,,,,,,,
186,52849,,,,,0.1102701872587204,,,,,,,,,,,
186,52859,,,,,0.11544648557901382,,,,,,,,,,,
186,52869,,,,,0.11882871389389038,,,,,,,,,,,
186,52879,,,,,0.1432376652956009,,,,,,,,,,,
186,52889,,,,,0.11583065241575241,,,,,,,,,,,
186,52899,,,,,0.11649748682975769,,,,,,,,,,,
186,52909,,,,,0.16807867586612701,,,,,,,,,,,
186,52919,,,,,0.1346675157546997,,,,,,,,,,,
186,186,0.49999987322590966,74.8209967533214,,,,,,,,,,,,,,
186,52920,,,,,,0.140982523560524,,,,,,,,,,
187,52929,,,,,0.1320618838071823,,,,,,,,,,,
187,52939,,,,,0.12851132452487946,,,,,,,,,,,
187,52949,,,,,0.13550469279289246,,,,,,,,,,,
187,52959,,,,,0.10847032070159912,,,,,,,,,,,
187,52969,,,,,0.13514170050621033,,,,,,,,,,,
187,52979,,,,,0.1264813393354416,,,,,,,,,,,
187,52989,,,,,0.11411143094301224,,,,,,,,,,,
187,52999,,,,,0.12561796605587006,,,,,,,,,,,
187,53009,,,,,0.12947042286396027,,,,,,,,,,,
187,53019,,,,,0.12848100066184998,,,,,,,,,,,
187,53029,,,,,0.1527983546257019,,,,,,,,,,,
187,53039,,,,,0.12385407835245132,,,,,,,,,,,
187,53049,,,,,0.11373816430568695,,,,,,,,,,,
187,53059,,,,,0.1378583014011383,,,,,,,,,,,
187,53069,,,,,0.12535086274147034,,,,,,,,,,,
187,53079,,,,,0.1121458187699318,,,,,,,,,,,
187,53089,,,,,0.14774763584136963,,,,,,,,,,,
187,53099,,,,,0.17730498313903809,,,,,,,,,,,
187,53109,,,,,0.12335958331823349,,,,,,,,,,,
187,53119,,,,,0.14105013012886047,,,,,,,,,,,
187,53129,,,,,0.11177060753107071,,,,,,,,,,,
187,53139,,,,,0.16414271295070648,,,,,,,,,,,
187,53149,,,,,0.13496685028076172,,,,,,,,,,,
187,53159,,,,,0.15030409395694733,,,,,,,,,,,
187,53169,,,,,0.1375184804201126,,,,,,,,,,,
187,53179,,,,,0.1418621689081192,,,,,,,,,,,
187,53189,,,,,0.13879239559173584,,,,,,,,,,,
187,53199,,,,,0.14292509853839874,,,,,,,,,,,
187,187,0.4999998654251398,74.92348488183829,,,,,,,,,,,,,,
187,53203,,,,,,0.13866755366325378,,,,,,,,,,
188,53209,,,,,0.14432071149349213,,,,,,,,,,,
188,53219,,,,,0.08327218145132065,,,,,,,,,,,
188,53229,,,,,0.14604046940803528,,,,,,,,,,,
188,53239,,,,,0.08778245002031326,,,,,,,,,,,
188,53249,,,,,0.14277034997940063,,,,,,,,,,,
188,53259,,,,,0.12616540491580963,,,,,,,,,,,
188,53269,,,,,0.1273411065340042,,,,,,,,,,,
188,53279,,,,,0.13690416514873505,,,,,,,,,,,
188,53289,,,,,0.13893160223960876,,,,,,,,,,,
188,53299,,,,,0.12525683641433716,,,,,,,,,,,
188,53309,,,,,0.11955445259809494,,,,,,,,,,,
188,53319,,,,,0.10973790287971497,,,,,,,,,,,
188,53329,,,,,0.16492192447185516,,,,,,,,,,,
188,53339,,,,,0.13555265963077545,,,,,,,,,,,
188,53349,,,,,0.13780881464481354,,,,,,,,,,,
188,53359,,,,,0.14307022094726562,,,,,,,,,,,
188,53369,,,,,0.11844223737716675,,,,,,,,,,,
188,53379,,,,,0.1391119509935379,,,,,,,,,,,
188,53389,,,,,0.16034452617168427,,,,,,,,,,,
188,53399,,,,,0.12275222688913345,,,,,,,,,,,
188,53409,,,,,0.12565195560455322,,,,,,,,,,,
188,53419,,,,,0.15386167168617249,,,,,,,,,,,
188,53429,,,,,0.14016179740428925,,,,,,,,,,,
188,53439,,,,,0.1530083268880844,,,,,,,,,,,
188,53449,,,,,0.12092586606740952,,,,,,,,,,,
188,53459,,,,,0.1175236850976944,,,,,,,,,,,
188,53469,,,,,0.15424895286560059,,,,,,,,,,,
188,53479,,,,,0.16269180178642273,,,,,,,,,,,
188,188,0.49999987430725656,75.02753732923594,,,,,,,,,,,,,,
188,53486,,,,,,0.1351166069507599,,,,,,,,,,
189,53489,,,,,0.13021855056285858,,,,,,,,,,,
189,53499,,,,,0.16074238717556,,,,,,,,,,,
189,53509,,,,,0.1326189488172531,,,,,,,,,,,
189,53519,,,,,0.11899181455373764,,,,,,,,,,,
189,53529,,,,,0.12734781205654144,,,,,,,,,,,
189,53539,,,,,0.12224546074867249,,,,,,,,,,,
189,53549,,,,,0.13029232621192932,,,,,,,,,,,
189,53559,,,,,0.12876951694488525,,,,,,,,,,,
189,53569,,,,,0.13501834869384766,,,,,,,,,,,
189,53579,,,,,0.12323331832885742,,,,,,,,,,,
189,53589,,,,,0.1220131516456604,,,,,,,,,,,
189,53599,,,,,0.13390417397022247,,,,,,,,,,,
189,53609,,,,,0.1350449174642563,,,,,,,,,,,
189,53619,,,,,0.1437944918870926,,,,,,,,,,,
189,53629,,,,,0.12921042740345,,,,,,,,,,,
189,53639,,,,,0.10957372933626175,,,,,,,,,,,
189,53649,,,,,0.1420171856880188,,,,,,,,,,,
189,53659,,,,,0.11195363104343414,,,,,,,,,,,
189,53669,,,,,0.13462910056114197,,,,,,,,,,,
189,53679,,,,,0.10925742983818054,,,,,,,,,,,
189,53689,,,,,0.1376098245382309,,,,,,,,,,,
189,53699,,,,,0.14598077535629272,,,,,,,,,,,
189,53709,,,,,0.12936778366565704,,,,,,,,,,,
189,53719,,,,,0.10433102399110794,,,,,,,,,,,
189,53729,,,,,0.12943169474601746,,,,,,,,,,,
189,53739,,,,,0.14505457878112793,,,,,,,,,,,
189,53749,,,,,0.11243544518947601,,,,,,,,,,,
189,53759,,,,,0.15844027698040009,,,,,,,,,,,
189,53769,,,,,0.1641072779893875,,,,,,,,,,,
189,189,,,0.9992793202400208,0.8190862536430359,,,0.10587995887478559,0.9460526704788208,,0.8465933203697205,,0.2149295210838318,,1.7662999404936421,,0.20984503626823425
189,53769,,,,,,,,,0.8465933203697205,,0.2149295210838318,,1.7662999629974365,,0.20984503626823425,
189,189,0.49999985321001944,75.12652710477765,,,,,,,,,,,,,,
189,53769,,,,,,0.13220244646072388,,,,,,,,,,
190,53779,,,,,0.180508092045784,,,,,,,,,,,
190,53789,,,,,0.104367695748806,,,,,,,,,,,
190,53799,,,,,0.1159873828291893,,,,,,,,,,,
190,53809,,,,,0.12611660361289978,,,,,,,,,,,
190,53819,,,,,0.14527909457683563,,,,,,,,,,,
190,53829,,,,,0.11829033493995667,,,,,,,,,,,
190,53839,,,,,0.11822140216827393,,,,,,,,,,,
190,53849,,,,,0.10977602005004883,,,,,,,,,,,
190,53859,,,,,0.12976762652397156,,,,,,,,,,,
190,53869,,,,,0.13696976006031036,,,,,,,,,,,
190,53879,,,,,0.12692764401435852,,,,,,,,,,,
190,53889,,,,,0.13509392738342285,,,,,,,,,,,
190,53899,,,,,0.16593031585216522,,,,,,,,,,,
190,53909,,,,,0.12293671071529388,,,,,,,,,,,
190,53919,,,,,0.20024091005325317,,,,,,,,,,,
190,53929,,,,,0.1494978368282318,,,,,,,,,,,
190,53939,,,,,0.10587451606988907,,,,,,,,,,,
190,53949,,,,,0.1472199708223343,,,,,,,,,,,
190,53959,,,,,0.12223631143569946,,,,,,,,,,,
190,53969,,,,,0.11706201732158661,,,,,,,,,,,
190,53979,,,,,0.09938085824251175,,,,,,,,,,,
190,53989,,,,,0.13945548236370087,,,,,,,,,,,
190,53999,,,,,0.1389302760362625,,,,,,,,,,,
190,54009,,,,,0.18973305821418762,,,,,,,,,,,
190,54019,,,,,0.14877194166183472,,,,,,,,,,,
190,54029,,,,,0.15944431722164154,,,,,,,,,,,
190,54039,,,,,0.11896473914384842,,,,,,,,,,,
190,54049,,,,,0.1350136697292328,,,,,,,,,,,
190,190,0.4999998822340769,75.22606010517582,,,,,,,,,,,,,,
190,54052,,,,,,0.1328466534614563,,,,,,,,,,
191,54059,,,,,0.13191252946853638,,,,,,,,,,,
191,54069,,,,,0.1431196928024292,,,,,,,,,,,
191,54079,,,,,0.11362752318382263,,,,,,,,,,,
191,54089,,,,,0.1374107152223587,,,,,,,,,,,
191,54099,,,,,0.11340318620204926,,,,,,,,,,,
191,54109,,,,,0.11732988804578781,,,,,,,,,,,
191,54119,,,,,0.12091775238513947,,,,,,,,,,,
191,54129,,,,,0.1329205185174942,,,,,,,,,,,
191,54139,,,,,0.11179791390895844,,,,,,,,,,,
191,54149,,,,,0.12951837480068207,,,,,,,,,,,
191,54159,,,,,0.11148186773061752,,,,,,,,,,,
191,54169,,,,,0.11672450602054596,,,,,,,,,,,
191,54179,,,,,0.12537053227424622,,,,,,,,,,,
191,54189,,,,,0.14116522669792175,,,,,,,,,,,
191,54199,,,,,0.14729958772659302,,,,,,,,,,,
191,54209,,,,,0.10503078252077103,,,,,,,,,,,
191,54219,,,,,0.1523643285036087,,,,,,,,,,,
191,54229,,,,,0.15394169092178345,,,,,,,,,,,
191,54239,,,,,0.13483268022537231,,,,,,,,,,,
191,54249,,,,,0.11607983708381653,,,,,,,,,,,
191,54259,,,,,0.11524517089128494,,,,,,,,,,,
191,54269,,,,,0.1416800618171692,,,,,,,,,,,
191,54279,,,,,0.08842236548662186,,,,,,,,,,,
191,54289,,,,,0.09636318683624268,,,,,,,,,,,
191,54299,,,,,0.10828113555908203,,,,,,,,,,,
191,54309,,,,,0.12049851566553116,,,,,,,,,,,
191,54319,,,,,0.15069580078125,,,,,,,,,,,
191,54329,,,,,0.11999101936817169,,,,,,,,,,,
191,191,0.49999986622479553,75.32628744758915,,,,,,,,,,,,,,
191,54335,,,,,,0.12749581038951874,,,,,,,,,,
192,54339,,,,,0.10344373434782028,,,,,,,,,,,
192,54349,,,,,0.14457809925079346,,,,,,,,,,,
192,54359,,,,,0.12060344219207764,,,,,,,,,,,
192,54369,,,,,0.12452582269906998,,,,,,,,,,,
192,54379,,,,,0.11207514256238937,,,,,,,,,,,
192,54389,,,,,0.13538400828838348,,,,,,,,,,,
192,54399,,,,,0.14803621172904968,,,,,,,,,,,
192,54409,,,,,0.11796430498361588,,,,,,,,,,,
192,54419,,,,,0.14893999695777893,,,,,,,,,,,
192,54429,,,,,0.17318569123744965,,,,,,,,,,,
192,54439,,,,,0.1281312108039856,,,,,,,,,,,
192,54449,,,,,0.1088583767414093,,,,,,,,,,,
192,54459,,,,,0.09942939132452011,,,,,,,,,,,
192,54469,,,,,0.110020212829113,,,,,,,,,,,
192,54479,,,,,0.13531602919101715,,,,,,,,,,,
192,54489,,,,,0.13632917404174805,,,,,,,,,,,
192,54499,,,,,0.13240960240364075,,,,,,,,,,,
192,54509,,,,,0.10801984369754791,,,,,,,,,,,
192,54519,,,,,0.1025165542960167,,,,,,,,,,,
192,54529,,,,,0.12231678515672684,,,,,,,,,,,
192,54539,,,,,0.12396915256977081,,,,,,,,,,,
192,54549,,,,,0.11772147566080093,,,,,,,,,,,
192,54559,,,,,0.14487378299236298,,,,,,,,,,,
192,54569,,,,,0.1264462023973465,,,,,,,,,,,
192,54579,,,,,0.11310048401355743,,,,,,,,,,,
192,54589,,,,,0.10508072376251221,,,,,,,,,,,
192,54599,,,,,0.12925505638122559,,,,,,,,,,,
192,54609,,,,,0.1211680918931961,,,,,,,,,,,
192,192,0.49999986881257324,75.422754932077,,,,,,,,,,,,,,
192,54618,,,,,,0.12562192976474762,,,,,,,,,,
193,54619,,,,,0.13514889776706696,,,,,,,,,,,
193,54629,,,,,0.1177249476313591,,,,,,,,,,,
193,54639,,,,,0.11091109365224838,,,,,,,,,,,
193,54649,,,,,0.14355343580245972,,,,,,,,,,,
193,54659,,,,,0.10916625708341599,,,,,,,,,,,
193,54669,,,,,0.11347933858633041,,,,,,,,,,,
193,54679,,,,,0.10969111323356628,,,,,,,,,,,
193,54689,,,,,0.10410813987255096,,,,,,,,,,,
193,54699,,,,,0.10770218074321747,,,,,,,,,,,
193,54709,,,,,0.09867671132087708,,,,,,,,,,,
193,54719,,,,,0.16628775000572205,,,,,,,,,,,
193,54729,,,,,0.13835455477237701,,,,,,,,,,,
193,54739,,,,,0.12722812592983246,,,,,,,,,,,
193,54749,,,,,0.12115856260061264,,,,,,,,,,,
193,54759,,,,,0.09484683722257614,,,,,,,,,,,
193,54769,,,,,0.136442169547081,,,,,,,,,,,
193,54779,,,,,0.13768351078033447,,,,,,,,,,,
193,54789,,,,,0.11153409630060196,,,,,,,,,,,
193,54799,,,,,0.11880572140216827,,,,,,,,,,,
193,54809,,,,,0.1271345615386963,,,,,,,,,,,
193,54819,,,,,0.14569100737571716,,,,,,,,,,,
193,54829,,,,,0.14617595076560974,,,,,,,,,,,
193,54839,,,,,0.14387133717536926,,,,,,,,,,,
193,54849,,,,,0.14646384119987488,,,,,,,,,,,
193,54859,,,,,0.11366556584835052,,,,,,,,,,,
193,54869,,,,,0.12181875109672546,,,,,,,,,,,
193,54879,,,,,0.1307273954153061,,,,,,,,,,,
193,54889,,,,,0.12233230471611023,,,,,,,,,,,
193,54899,,,,,0.10533386468887329,,,,,,,,,,,
193,193,0.49999988008670965,75.51736134514253,,,,,,,,,,,,,,
193,54901,,,,,,0.12508399784564972,,,,,,,,,,
194,54909,,,,,0.12312927842140198,,,,,,,,,,,
194,54919,,,,,0.11043491214513779,,,,,,,,,,,
194,54929,,,,,0.13742361962795258,,,,,,,,,,,
194,54939,,,,,0.12450758367776871,,,,,,,,,,,
194,54949,,,,,0.12260683625936508,,,,,,,,,,,
194,54959,,,,,0.10598292946815491,,,,,,,,,,,
194,54969,,,,,0.11819323152303696,,,,,,,,,,,
194,54979,,,,,0.14836932718753815,,,,,,,,,,,
194,54989,,,,,0.10924804210662842,,,,,,,,,,,
194,54999,,,,,0.0882042944431305,,,,,,,,,,,
194,55009,,,,,0.10872524231672287,,,,,,,,,,,
194,55019,,,,,0.12934263050556183,,,,,,,,,,,
194,55029,,,,,0.11890745908021927,,,,,,,,,,,
194,55039,,,,,0.11828411370515823,,,,,,,,,,,
194,55049,,,,,0.10797042399644852,,,,,,,,,,,
194,55059,,,,,0.1483706384897232,,,,,,,,,,,
194,55069,,,,,0.13744795322418213,,,,,,,,,,,
194,55079,,,,,0.1164841502904892,,,,,,,,,,,
194,55089,,,,,0.11038944125175476,,,,,,,,,,,
194,55099,,,,,0.10822384804487228,,,,,,,,,,,
194,55109,,,,,0.12170887738466263,,,,,,,,,,,
194,55119,,,,,0.11231057345867157,,,,,,,,,,,
194,55129,,,,,0.11549269407987595,,,,,,,,,,,
194,55139,,,,,0.1328214555978775,,,,,,,,,,,
194,55149,,,,,0.12381061911582947,,,,,,,,,,,
194,55159,,,,,0.120899498462677,,,,,,,,,,,
194,55169,,,,,0.10795280337333679,,,,,,,,,,,
194,55179,,,,,0.11201127618551254,,,,,,,,,,,
194,194,0.49999987772721655,75.61407758850487,,,,,,,,,,,,,,
194,55184,,,,,,0.12132620066404343,,,,,,,,,,
195,55189,,,,,0.10812199860811234,,,,,,,,,,,
195,55199,,,,,0.12372376024723053,,,,,,,,,,,
195,55209,,,,,0.12857170403003693,,,,,,,,,,,
195,55219,,,,,0.12503428757190704,,,,,,,,,,,
195,55229,,,,,0.10590320080518723,,,,,,,,,,,
195,55239,,,,,0.07843581587076187,,,,,,,,,,,
195,55249,,,,,0.10200563818216324,,,,,,,,,,,
195,55259,,,,,0.09132686257362366,,,,,,,,,,,
195,55269,,,,,0.10284621268510818,,,,,,,,,,,
195,55279,,,,,0.0890369787812233,,,,,,,,,,,
195,55289,,,,,0.11554476618766785,,,,,,,,,,,
195,55299,,,,,0.11832888424396515,,,,,,,,,,,
195,55309,,,,,0.11291135847568512,,,,,,,,,,,
195,55319,,,,,0.12860068678855896,,,,,,,,,,,
195,55329,,,,,0.13214048743247986,,,,,,,,,,,
195,55339,,,,,0.10940989851951599,,,,,,,,,,,
195,55349,,,,,0.11357813328504562,,,,,,,,,,,
195,55359,,,,,0.1365784853696823,,,,,,,,,,,
195,55369,,,,,0.12980854511260986,,,,,,,,,,,
195,55379,,,,,0.12561148405075073,,,,,,,,,,,
195,55389,,,,,0.13328133523464203,,,,,,,,,,,
195,55399,,,,,0.09603278338909149,,,,,,,,,,,
195,55409,,,,,0.10536517947912216,,,,,,,,,,,
195,55419,,,,,0.1130368784070015,,,,,,,,,,,
195,55429,,,,,0.09976165741682053,,,,,,,,,,,
195,55439,,,,,0.11065530776977539,,,,,,,,,,,
195,55449,,,,,0.11251423507928848,,,,,,,,,,,
195,55459,,,,,0.12356235831975937,,,,,,,,,,,
195,195,0.499999850693397,75.71046822645624,,,,,,,,,,,,,,
195,55467,,,,,,0.11834955215454102,,,,,,,,,,
196,55469,,,,,0.10542642325162888,,,,,,,,,,,
196,55479,,,,,0.13255299627780914,,,,,,,,,,,
196,55489,,,,,0.09566568583250046,,,,,,,,,,,
196,55499,,,,,0.09003967046737671,,,,,,,,,,,
196,55509,,,,,0.10436882823705673,,,,,,,,,,,
196,55519,,,,,0.1297028511762619,,,,,,,,,,,
196,55529,,,,,0.08898656815290451,,,,,,,,,,,
196,55539,,,,,0.07623187452554703,,,,,,,,,,,
196,55549,,,,,0.12134097516536713,,,,,,,,,,,
196,55559,,,,,0.11154823005199432,,,,,,,,,,,
196,55569,,,,,0.12796293199062347,,,,,,,,,,,
196,55579,,,,,0.1255141943693161,,,,,,,,,,,
196,55589,,,,,0.11849278956651688,,,,,,,,,,,
196,55599,,,,,0.13868661224842072,,,,,,,,,,,
196,55609,,,,,0.11065357178449631,,,,,,,,,,,
196,55619,,,,,0.11265263706445694,,,,,,,,,,,
196,55629,,,,,0.18276144564151764,,,,,,,,,,,
196,55639,,,,,0.11040142923593521,,,,,,,,,,,
196,55649,,,,,0.1220473200082779,,,,,,,,,,,
196,55659,,,,,0.1320600062608719,,,,,,,,,,,
196,55669,,,,,0.12040858715772629,,,,,,,,,,,
196,55679,,,,,0.12266956269741058,,,,,,,,,,,
196,55689,,,,,0.09122928231954575,,,,,,,,,,,
196,55699,,,,,0.14113707840442657,,,,,,,,,,,
196,55709,,,,,0.16134636104106903,,,,,,,,,,,
196,55719,,,,,0.12539876997470856,,,,,,,,,,,
196,55729,,,,,0.14072418212890625,,,,,,,,,,,
196,55739,,,,,0.12280748784542084,,,,,,,,,,,
196,55749,,,,,0.09658896178007126,,,,,,,,,,,
196,196,0.4999998711241847,75.80415051137996,,,,,,,,,,,,,,
196,55750,,,,,,0.11915013194084167,,,,,,,,,,
197,55759,,,,,0.10218542814254761,,,,,,,,,,,
197,55769,,,,,0.144105464220047,,,,,,,,,,,
197,55779,,,,,0.13198719918727875,,,,,,,,,,,
197,55789,,,,,0.11434751003980637,,,,,,,,,,,
197,55799,,,,,0.09306834638118744,,,,,,,,,,,
197,55809,,,,,0.12337514758110046,,,,,,,,,,,
197,55819,,,,,0.13301673531532288,,,,,,,,,,,
197,55829,,,,,0.141462504863739,,,,,,,,,,,
197,55839,,,,,0.09131650626659393,,,,,,,,,,,
197,55849,,,,,0.11463181674480438,,,,,,,,,,,
197,55859,,,,,0.12954120337963104,,,,,,,,,,,
197,55869,,,,,0.09217806905508041,,,,,,,,,,,
197,55879,,,,,0.11721218377351761,,,,,,,,,,,
197,55889,,,,,0.13513359427452087,,,,,,,,,,,
197,55899,,,,,0.14078225195407867,,,,,,,,,,,
197,55909,,,,,0.13881582021713257,,,,,,,,,,,
197,55919,,,,,0.10966042429208755,,,,,,,,,,,
197,55929,,,,,0.13575951755046844,,,,,,,,,,,
197,55939,,,,,0.12082667648792267,,,,,,,,,,,
197,55949,,,,,0.13332213461399078,,,,,,,,,,,
197,55959,,,,,0.10934130847454071,,,,,,,,,,,
197,55969,,,,,0.11180058866739273,,,,,,,,,,,
197,55979,,,,,0.10884503275156021,,,,,,,,,,,
197,55989,,,,,0.12195990979671478,,,,,,,,,,,
197,55999,,,,,0.13768643140792847,,,,,,,,,,,
197,56009,,,,,0.12917202711105347,,,,,,,,,,,
197,56019,,,,,0.13340798020362854,,,,,,,,,,,
197,56029,,,,,0.12894532084465027,,,,,,,,,,,
197,197,0.4999998762125814,75.895553449561,,,,,,,,,,,,,,
197,56033,,,,,,0.11952345073223114,,,,,,,,,,
198,56039,,,,,0.10111580789089203,,,,,,,,,,,
198,56049,,,,,0.11865206807851791,,,,,,,,,,,
198,56059,,,,,0.0974910780787468,,,,,,,,,,,
198,56069,,,,,0.12145958840847015,,,,,,,,,,,
198,56079,,,,,0.11208615452051163,,,,,,,,,,,
198,56089,,,,,0.13584323227405548,,,,,,,,,,,
198,56099,,,,,0.10734618455171585,,,,,,,,,,,
198,56109,,,,,0.12205304950475693,,,,,,,,,,,
198,56119,,,,,0.11440079659223557,,,,,,,,,,,
198,56129,,,,,0.13448068499565125,,,,,,,,,,,
198,56139,,,,,0.1022808849811554,,,,,,,,,,,
198,56149,,,,,0.11610478162765503,,,,,,,,,,,
198,56159,,,,,0.16028113663196564,,,,,,,,,,,
198,56169,,,,,0.11487998068332672,,,,,,,,,,,
198,56179,,,,,0.11881407350301743,,,,,,,,,,,
198,56189,,,,,0.11782153695821762,,,,,,,,,,,
198,56199,,,,,0.09656286984682083,,,,,,,,,,,
198,56209,,,,,0.08669424057006836,,,,,,,,,,,
198,56219,,,,,0.12845559418201447,,,,,,,,,,,
198,56229,,,,,0.10541453957557678,,,,,,,,,,,
198,56239,,,,,0.09769962728023529,,,,,,,,,,,
198,56249,,,,,0.13148565590381622,,,,,,,,,,,
198,56259,,,,,0.1307937502861023,,,,,,,,,,,
198,56269,,,,,0.11745434254407883,,,,,,,,,,,
198,56279,,,,,0.1429600715637207,,,,,,,,,,,
198,56289,,,,,0.12407884746789932,,,,,,,,,,,
198,56299,,,,,0.12280558049678802,,,,,,,,,,,
198,56309,,,,,0.12439104914665222,,,,,,,,,,,
198,198,0.4999998828898774,75.98711586537277,,,,,,,,,,,,,,
198,56316,,,,,,0.1167854443192482,,,,,,,,,,
199,56319,,,,,0.09434714168310165,,,,,,,,,,,
199,56329,,,,,0.10308083891868591,,,,,,,,,,,
199,56339,,,,,0.09074721485376358,,,,,,,,,,,
199,56349,,,,,0.10487440973520279,,,,,,,,,,,
199,56359,,,,,0.12165875732898712,,,,,,,,,,,
199,56369,,,,,0.09709322452545166,,,,,,,,,,,
199,56379,,,,,0.1043412834405899,,,,,,,,,,,
199,56389,,,,,0.09835394471883774,,,,,,,,,,,
199,56399,,,,,0.10538823902606964,,,,,,,,,,,
199,56409,,,,,0.09310603141784668,,,,,,,,,,,
199,56419,,,,,0.08498887717723846,,,,,,,,,,,
199,56429,,,,,0.09765022993087769,,,,,,,,,,,
199,56439,,,,,0.11470343172550201,,,,,,,,,,,
199,56449,,,,,0.09362709522247314,,,,,,,,,,,
199,56459,,,,,0.12918393313884735,,,,,,,,,,,
199,56469,,,,,0.0947032943367958,,,,,,,,,,,
199,56479,,,,,0.14905308187007904,,,,,,,,,,,
199,56489,,,,,0.12235238403081894,,,,,,,,,,,
199,56499,,,,,0.11509376764297485,,,,,,,,,,,
199,56509,,,,,0.07776585221290588,,,,,,,,,,,
199,56519,,,,,0.13406842947006226,,,,,,,,,,,
199,56529,,,,,0.11107024550437927,,,,,,,,,,,
199,56539,,,,,0.12047811597585678,,,,,,,,,,,
199,56549,,,,,0.14189405739307404,,,,,,,,,,,
199,56559,,,,,0.10757962614297867,,,,,,,,,,,
199,56569,,,,,0.1098661944270134,,,,,,,,,,,
199,56579,,,,,0.0961422249674797,,,,,,,,,,,
199,56589,,,,,0.12664951384067535,,,,,,,,,,,
199,56599,,,,,0.10030047595500946,,,,,,,,,,,
199,199,,,0.9996466636657715,0.8615525960922241,,,0.08224091187784809,0.9691348075866699,,0.8415780663490295,,0.20448210835456848,,1.9871905534243097,,0.2031933218240738
199,56599,,,,,,,,,0.8415780663490295,,0.20448210835456848,,1.987190842628479,,0.2031933218240738,
199,199,0.49999984544919196,76.08015044435199,,,,,,,,,,,,,,
199,56599,,,,,,0.11111487448215485,,,,,,,,,,
