asit_loss,asit_loss_epoch,cls_loss,cls_loss_epoch,epoch,patch_loss,patch_loss_epoch,step
11.051776885986328,,5.536045551300049,,0,5.515731334686279,,9
11.064661979675293,,5.538479328155518,,0,5.526182651519775,,19
11.078422546386719,,5.539971351623535,,0,5.538451194763184,,29
11.082650184631348,,5.539722442626953,,0,5.5429277420043945,,39
11.080606460571289,,5.535988807678223,,0,5.544617652893066,,49
11.076175689697266,,5.5310564041137695,,0,5.545119762420654,,59
11.076841354370117,,5.531557083129883,,0,5.545284271240234,,69
11.07839298248291,,5.533073425292969,,0,5.545319557189941,,79
11.074350357055664,,5.529236793518066,,0,5.5451130867004395,,89
11.067327499389648,,5.522800922393799,,0,5.54452657699585,,99
11.061429977416992,,5.5171356201171875,,0,5.544294834136963,,109
11.060283660888672,,5.516202926635742,,0,5.544081211090088,,119
11.051614761352539,,5.50791072845459,,0,5.543704509735107,,129
11.056038856506348,,5.513348579406738,,0,5.542690277099609,,139
11.04237174987793,,5.50091552734375,,0,5.541456699371338,,149
11.037397384643555,,5.496419906616211,,0,5.540977478027344,,159
11.023847579956055,,5.4826154708862305,,0,5.541231632232666,,169
11.018026351928711,,5.47845458984375,,0,5.539571762084961,,179
11.008759498596191,,5.4692463874816895,,0,5.539513111114502,,189
11.01829719543457,,5.479442119598389,,0,5.538854598999023,,199
10.977596282958984,,5.438148498535156,,0,5.53944730758667,,209
10.962388038635254,,5.424528121948242,,0,5.537859916687012,,219
10.930830001831055,,5.3934478759765625,,0,5.537382125854492,,229
10.991133689880371,,5.452822685241699,,0,5.538311004638672,,239
10.93020248413086,,5.3939313888549805,,0,5.536271572113037,,249
10.896270751953125,,5.361695766448975,,0,5.534575462341309,,259
10.874826431274414,,5.341484546661377,,0,5.533341407775879,,269
10.856754302978516,,5.324504852294922,,0,5.5322489738464355,,279
10.836934089660645,,5.3060407638549805,,0,5.530893325805664,,289
10.799570083618164,,5.268486022949219,,0,5.531083583831787,,299
10.792797088623047,,5.261384963989258,,0,5.531412124633789,,309
10.839864730834961,,5.3102312088012695,,0,5.52963399887085,,319
10.741686820983887,,5.223483562469482,,0,5.518203258514404,,329
10.771329879760742,,5.250619411468506,,0,5.5207109451293945,,339
10.741897583007812,,5.224109649658203,,0,5.517787933349609,,349
10.740900993347168,,5.2176947593688965,,0,5.5232062339782715,,359
10.652353286743164,,5.134814262390137,,0,5.517539024353027,,369
10.63471794128418,,5.128724575042725,,0,5.505992889404297,,379
10.676579475402832,,5.165990829467773,,0,5.510588645935059,,389
10.604792594909668,,5.106525421142578,,0,5.49826717376709,,399
10.61219310760498,,5.125006198883057,,0,5.487186908721924,,409
10.582239151000977,,5.086380481719971,,0,5.495858192443848,,419
10.625083923339844,,5.15321683883667,,0,5.471867561340332,,429
10.651421546936035,,5.1756391525268555,,0,5.47578239440918,,439
10.60082721710205,,5.128018379211426,,0,5.472808837890625,,449
10.48914909362793,,5.040890693664551,,0,5.448257923126221,,459
10.508898735046387,,5.048717021942139,,0,5.460181713104248,,469
10.487730979919434,,5.067485809326172,,0,5.420245170593262,,479
10.460973739624023,,5.041984558105469,,0,5.4189887046813965,,489
10.39321517944336,,4.988696098327637,,0,5.404519557952881,,499
10.422060012817383,,5.029171466827393,,0,5.392889022827148,,509
10.48208236694336,,5.076433181762695,,0,5.405648708343506,,519
10.280807495117188,,4.949713230133057,,0,5.331094264984131,,529
10.342358589172363,,4.991123676300049,,0,5.3512349128723145,,539
10.39201831817627,,5.035590648651123,,0,5.3564276695251465,,549
10.311838150024414,,4.982701301574707,,0,5.329136848449707,,559
10.275073051452637,,4.955940246582031,,0,5.3191328048706055,,569
10.21380615234375,,4.884308815002441,,0,5.329497337341309,,579
10.300471305847168,,4.95925760269165,,0,5.341213703155518,,589
10.27682113647461,,4.9597015380859375,,0,5.317119121551514,,599
10.190369606018066,,4.93194580078125,,0,5.258423805236816,,609
10.204195022583008,,4.947883605957031,,0,5.256310939788818,,619
10.228754997253418,,4.950595855712891,,0,5.278159141540527,,629
10.222670555114746,,4.991500377655029,,0,5.231170177459717,,639
10.085260391235352,,4.903522491455078,,0,5.181737422943115,,649
10.169221878051758,,4.9133734703063965,,0,5.255848407745361,,659
10.151946067810059,,4.937143325805664,,0,5.2148027420043945,,669
10.02180290222168,,4.879208564758301,,0,5.142594814300537,,679
10.186759948730469,,4.957282066345215,,0,5.229478359222412,,689
10.137491226196289,,4.905428409576416,,0,5.232063293457031,,699
10.16436767578125,,4.873257637023926,,0,5.291109561920166,,709
10.099872589111328,,4.881659030914307,,0,5.21821403503418,,719
10.166627883911133,,4.956999778747559,,0,5.209627628326416,,729
9.949678421020508,,4.80668830871582,,0,5.142990589141846,,739
9.966899871826172,,4.797904014587402,,0,5.168995380401611,,749
10.004104614257812,,4.878674507141113,,0,5.125430107116699,,759
10.03676700592041,,4.843150615692139,,0,5.1936163902282715,,769
9.867676734924316,,4.80790376663208,,0,5.059772968292236,,779
10.09296989440918,,4.931789398193359,,0,5.16118049621582,,789
10.011240005493164,,4.83596134185791,,0,5.175278186798096,,799
10.052558898925781,,4.9285888671875,,0,5.123969554901123,,809
9.87112045288086,,4.789797306060791,,0,5.081323146820068,,819
9.905569076538086,,4.795090198516846,,0,5.110479354858398,,829
9.959095001220703,,4.831809997558594,,0,5.127285003662109,,839
10.005426406860352,,4.918545722961426,,0,5.086881160736084,,849
9.97357177734375,,4.874561309814453,,0,5.099010467529297,,859
9.878281593322754,,4.80906343460083,,0,5.069218158721924,,869
9.777250289916992,,4.780380725860596,,0,4.9968695640563965,,879
9.892436027526855,,4.817956924438477,,0,5.074479103088379,,889
9.930654525756836,,4.802944660186768,,0,5.127709865570068,,899
9.858976364135742,,4.838637351989746,,0,5.020338535308838,,909
9.876008033752441,,4.836313247680664,,0,5.039694786071777,,919
9.953104972839355,,4.8856096267700195,,0,5.067495346069336,,929
9.932291030883789,,4.84657621383667,,0,5.085714340209961,,939
9.711055755615234,,4.723102569580078,,0,4.9879536628723145,,949
9.788923263549805,,4.7867608070373535,,0,5.002162456512451,,959
9.82999038696289,,4.8003740310668945,,0,5.029616355895996,,969
9.9053955078125,,4.8649797439575195,,0,5.0404157638549805,,979
9.82758903503418,,4.804677963256836,,0,5.0229105949401855,,989
9.7504301071167,,4.81002950668335,,0,4.94040060043335,,999
9.690016746520996,,4.815990924835205,,0,4.874025821685791,,1009
9.74284553527832,,4.762928009033203,,0,4.979918003082275,,1019
9.815826416015625,,4.766263008117676,,0,5.049563884735107,,1029
9.69504451751709,,4.821971893310547,,0,4.873072624206543,,1039
9.66250228881836,,4.7709574699401855,,0,4.891544342041016,,1049
9.796070098876953,,4.786961555480957,,0,5.009108543395996,,1059
9.70266342163086,,4.77903938293457,,0,4.923624038696289,,1069
9.820144653320312,,4.840716361999512,,0,4.979428291320801,,1079
9.781126022338867,,4.821220874786377,,0,4.959905624389648,,1089
9.725354194641113,,4.752009868621826,,0,4.973344326019287,,1099
9.678449630737305,,4.748596668243408,,0,4.9298529624938965,,1109
9.909248352050781,,4.801147937774658,,0,5.108099937438965,,1119
9.786867141723633,,4.801803112030029,,0,4.9850640296936035,,1129
9.707549095153809,,4.795174598693848,,0,4.912374496459961,,1139
9.755517959594727,,4.814375400543213,,0,4.9411420822143555,,1149
,10.359129905700684,,5.065620422363281,0,,5.293509006500244,1152
9.626934051513672,,4.819960594177246,,1,4.806973934173584,,1159
9.804731369018555,,4.809769630432129,,1,4.994962215423584,,1169
9.690079689025879,,4.832599639892578,,1,4.857480049133301,,1179
9.76124382019043,,4.818325996398926,,1,4.942917346954346,,1189
9.598865509033203,,4.810506820678711,,1,4.78835916519165,,1199
9.771299362182617,,4.850895404815674,,1,4.920403957366943,,1209
9.698116302490234,,4.842181205749512,,1,4.855935573577881,,1219
9.700271606445312,,4.777400970458984,,1,4.922870635986328,,1229
9.787229537963867,,4.813488960266113,,1,4.973741054534912,,1239
9.614789009094238,,4.753170013427734,,1,4.861618995666504,,1249
9.762516021728516,,4.769354820251465,,1,4.993161678314209,,1259
9.719245910644531,,4.833433151245117,,1,4.885812282562256,,1269
9.533157348632812,,4.758820533752441,,1,4.774336814880371,,1279
9.629705429077148,,4.809555530548096,,1,4.8201494216918945,,1289
9.648355484008789,,4.851972579956055,,1,4.796382427215576,,1299
9.672457695007324,,4.854870796203613,,1,4.817586898803711,,1309
9.577324867248535,,4.779387950897217,,1,4.797936916351318,,1319
9.61971664428711,,4.8480634689331055,,1,4.771653652191162,,1329
9.749300956726074,,4.853106498718262,,1,4.8961944580078125,,1339
9.750223159790039,,4.848303318023682,,1,4.901919364929199,,1349
9.71286678314209,,4.816993236541748,,1,4.895873546600342,,1359
9.803321838378906,,4.90728759765625,,1,4.896033763885498,,1369
9.669200897216797,,4.785012245178223,,1,4.884189128875732,,1379
9.708345413208008,,4.822772026062012,,1,4.885573387145996,,1389
9.722528457641602,,4.838709831237793,,1,4.883819103240967,,1399
9.78056526184082,,4.877986431121826,,1,4.902579307556152,,1409
9.686225891113281,,4.893632411956787,,1,4.792593955993652,,1419
9.656435012817383,,4.881082534790039,,1,4.7753520011901855,,1429
9.620787620544434,,4.873713493347168,,1,4.747074127197266,,1439
9.717727661132812,,4.91340970993042,,1,4.804317474365234,,1449
9.645660400390625,,4.936222076416016,,1,4.709437847137451,,1459
9.646738052368164,,4.925204753875732,,1,4.721532821655273,,1469
9.654510498046875,,4.962461948394775,,1,4.6920485496521,,1479
9.685142517089844,,4.926137924194336,,1,4.759005069732666,,1489
9.66944408416748,,4.905731201171875,,1,4.7637128829956055,,1499
9.55600643157959,,4.885763168334961,,1,4.670243263244629,,1509
9.762466430664062,,4.973799705505371,,1,4.78866720199585,,1519
9.626277923583984,,4.913975715637207,,1,4.712301731109619,,1529
9.659499168395996,,4.91467809677124,,1,4.744821071624756,,1539
9.618309020996094,,4.899967193603516,,1,4.718342304229736,,1549
9.76307487487793,,4.96603536605835,,1,4.797039031982422,,1559
9.52609634399414,,4.866146564483643,,1,4.65994930267334,,1569
9.583898544311523,,4.885418891906738,,1,4.698479175567627,,1579
9.64603042602539,,4.8784308433532715,,1,4.767600059509277,,1589
9.687112808227539,,4.938629150390625,,1,4.748483180999756,,1599
9.654664993286133,,4.970357894897461,,1,4.684307098388672,,1609
9.64413070678711,,4.919915676116943,,1,4.724215030670166,,1619
9.712886810302734,,4.997165203094482,,1,4.715721607208252,,1629
9.666529655456543,,4.924365520477295,,1,4.742164134979248,,1639
9.760665893554688,,4.951808929443359,,1,4.808857440948486,,1649
9.71405029296875,,4.921630382537842,,1,4.79241943359375,,1659
9.56356430053711,,4.88115119934082,,1,4.682413101196289,,1669
9.540651321411133,,4.908757209777832,,1,4.631894588470459,,1679
9.62066650390625,,4.942694664001465,,1,4.677972316741943,,1689
9.701611518859863,,4.920273303985596,,1,4.781338214874268,,1699
9.476222038269043,,4.86038875579834,,1,4.615833282470703,,1709
9.562305450439453,,4.909215927124023,,1,4.6530890464782715,,1719
9.525339126586914,,4.881396770477295,,1,4.643942832946777,,1729
9.531494140625,,4.881824493408203,,1,4.649669647216797,,1739
9.54621696472168,,4.890283584594727,,1,4.655933856964111,,1749
9.628713607788086,,4.904222011566162,,1,4.724491596221924,,1759
9.532218933105469,,4.857613563537598,,1,4.674605369567871,,1769
9.550768852233887,,4.901254177093506,,1,4.649514675140381,,1779
9.511063575744629,,4.886591911315918,,1,4.624471664428711,,1789
9.6072416305542,,4.894668102264404,,1,4.712573528289795,,1799
9.445618629455566,,4.849546432495117,,1,4.596072196960449,,1809
9.609844207763672,,4.890877723693848,,1,4.718966960906982,,1819
9.49703598022461,,4.855305194854736,,1,4.641730785369873,,1829
9.507801055908203,,4.8153510093688965,,1,4.692450523376465,,1839
9.505455017089844,,4.850462913513184,,1,4.654992580413818,,1849
9.428239822387695,,4.810585021972656,,1,4.617654323577881,,1859
9.525052070617676,,4.830216407775879,,1,4.694835662841797,,1869
9.414233207702637,,4.798150539398193,,1,4.616082668304443,,1879
9.49027156829834,,4.812747001647949,,1,4.677524566650391,,1889
9.513391494750977,,4.847383499145508,,1,4.666008472442627,,1899
9.462568283081055,,4.820967197418213,,1,4.641600608825684,,1909
9.425790786743164,,4.779624938964844,,1,4.646165370941162,,1919
9.471036911010742,,4.7849836349487305,,1,4.6860527992248535,,1929
9.42574691772461,,4.766992092132568,,1,4.658754348754883,,1939
9.329305648803711,,4.71723747253418,,1,4.612067699432373,,1949
9.38314151763916,,4.729480266571045,,1,4.653661251068115,,1959
9.379487991333008,,4.72796630859375,,1,4.651522159576416,,1969
9.370206832885742,,4.737481117248535,,1,4.632726192474365,,1979
9.326910018920898,,4.739037990570068,,1,4.587871551513672,,1989
9.252950668334961,,4.690181732177734,,1,4.562768459320068,,1999
9.410633087158203,,4.740719795227051,,1,4.669913291931152,,2009
9.253744125366211,,4.694863319396973,,1,4.55888032913208,,2019
9.419210433959961,,4.764225959777832,,1,4.654984951019287,,2029
9.335763931274414,,4.714384078979492,,1,4.621379375457764,,2039
9.311351776123047,,4.714022159576416,,1,4.597329616546631,,2049
9.306286811828613,,4.702487945556641,,1,4.603798866271973,,2059
9.306962966918945,,4.703009605407715,,1,4.603953838348389,,2069
9.366939544677734,,4.707757949829102,,1,4.659181594848633,,2079
9.31882095336914,,4.684062957763672,,1,4.634757995605469,,2089
9.342355728149414,,4.712057113647461,,1,4.630298614501953,,2099
9.284208297729492,,4.673860549926758,,1,4.610347747802734,,2109
9.302841186523438,,4.688128471374512,,1,4.614712715148926,,2119
9.232515335083008,,4.639183044433594,,1,4.593332290649414,,2129
9.287823677062988,,4.688686370849609,,1,4.599137306213379,,2139
9.240194320678711,,4.651245594024658,,1,4.588949203491211,,2149
9.339823722839355,,4.705563068389893,,1,4.634260654449463,,2159
9.141145706176758,,4.600586891174316,,1,4.540558815002441,,2169
9.164426803588867,,4.591423034667969,,1,4.573003768920898,,2179
9.283855438232422,,4.654078483581543,,1,4.629776954650879,,2189
9.277299880981445,,4.66873025894165,,1,4.608569145202637,,2199
9.229432106018066,,4.6594438552856445,,1,4.569988250732422,,2209
9.21235466003418,,4.612470626831055,,1,4.599884510040283,,2219
9.244009017944336,,4.65488338470459,,1,4.589125633239746,,2229
9.30317211151123,,4.658867835998535,,1,4.644304275512695,,2239
9.23838996887207,,4.647638320922852,,1,4.590751647949219,,2249
9.21091079711914,,4.635800361633301,,1,4.57511043548584,,2259
9.228939056396484,,4.636951446533203,,1,4.5919880867004395,,2269
9.181106567382812,,4.591602802276611,,1,4.589503288269043,,2279
9.16361141204834,,4.587646484375,,1,4.57596492767334,,2289
9.076417922973633,,4.564801216125488,,1,4.5116167068481445,,2299
,9.505995750427246,,4.801291465759277,1,,4.704704284667969,2305
9.144119262695312,,4.587136268615723,,2,4.556983470916748,,2309
9.171268463134766,,4.586108207702637,,2,4.585159778594971,,2319
9.185079574584961,,4.589965343475342,,2,4.595114707946777,,2329
9.17625904083252,,4.592222213745117,,2,4.584036827087402,,2339
9.117544174194336,,4.543819427490234,,2,4.57372522354126,,2349
9.072990417480469,,4.5342512130737305,,2,4.5387396812438965,,2359
9.079198837280273,,4.550628185272217,,2,4.528570175170898,,2369
9.035411834716797,,4.520522117614746,,2,4.514889240264893,,2379
8.986478805541992,,4.505614280700684,,2,4.480864524841309,,2389
9.114334106445312,,4.554047107696533,,2,4.5602874755859375,,2399
9.029117584228516,,4.513645172119141,,2,4.515472412109375,,2409
9.062219619750977,,4.526466369628906,,2,4.5357537269592285,,2419
9.06186294555664,,4.563421726226807,,2,4.498440742492676,,2429
8.940346717834473,,4.479415416717529,,2,4.460931301116943,,2439
8.937816619873047,,4.484784126281738,,2,4.453032493591309,,2449
9.02356243133545,,4.502388954162598,,2,4.521173477172852,,2459
8.949100494384766,,4.4779744148254395,,2,4.471126556396484,,2469
9.03822135925293,,4.522500038146973,,2,4.515721797943115,,2479
8.985151290893555,,4.485411167144775,,2,4.4997406005859375,,2489
8.897024154663086,,4.482885360717773,,2,4.4141387939453125,,2499
8.954893112182617,,4.465557098388672,,2,4.4893364906311035,,2509
8.917037963867188,,4.438202857971191,,2,4.478835582733154,,2519
8.901327133178711,,4.437372207641602,,2,4.463955402374268,,2529
9.030500411987305,,4.515322685241699,,2,4.5151777267456055,,2539
8.844072341918945,,4.424849033355713,,2,4.419223308563232,,2549
8.940878868103027,,4.454188346862793,,2,4.486690521240234,,2559
8.859933853149414,,4.455456256866455,,2,4.404477596282959,,2569
8.937395095825195,,4.453969478607178,,2,4.483425617218018,,2579
8.89703369140625,,4.490640640258789,,2,4.406393051147461,,2589
8.851179122924805,,4.392066955566406,,2,4.459112644195557,,2599
8.837702751159668,,4.415698528289795,,2,4.422004222869873,,2609
8.9337797164917,,4.442761421203613,,2,4.491018295288086,,2619
8.785447120666504,,4.370513916015625,,2,4.414933204650879,,2629
8.884370803833008,,4.406545639038086,,2,4.47782564163208,,2639
8.8751859664917,,4.427272796630859,,2,4.44791316986084,,2649
8.818404197692871,,4.382842063903809,,2,4.4355621337890625,,2659
8.876824378967285,,4.398093223571777,,2,4.478731155395508,,2669
8.800142288208008,,4.371033668518066,,2,4.429108142852783,,2679
8.888994216918945,,4.433361053466797,,2,4.45563268661499,,2689
8.831762313842773,,4.389490127563477,,2,4.442272186279297,,2699
8.816766738891602,,4.378530502319336,,2,4.438236236572266,,2709
8.81515884399414,,4.379436492919922,,2,4.435722827911377,,2719
8.733003616333008,,4.391598224639893,,2,4.341404914855957,,2729
8.714207649230957,,4.34375,,2,4.370457649230957,,2739
8.80044937133789,,4.353728771209717,,2,4.446721076965332,,2749
8.89584732055664,,4.435381889343262,,2,4.460465908050537,,2759
8.854499816894531,,4.370482921600342,,2,4.4840168952941895,,2769
8.709565162658691,,4.3411102294921875,,2,4.368454933166504,,2779
8.795304298400879,,4.353297233581543,,2,4.442007064819336,,2789
8.726152420043945,,4.312088966369629,,2,4.414063930511475,,2799
8.79348373413086,,4.389280319213867,,2,4.404202938079834,,2809
8.800302505493164,,4.377532958984375,,2,4.422769069671631,,2819
8.89090347290039,,4.416479110717773,,2,4.474423885345459,,2829
8.736164093017578,,4.333162784576416,,2,4.403000831604004,,2839
8.657146453857422,,4.305525779724121,,2,4.351620197296143,,2849
8.699254989624023,,4.30677604675293,,2,4.3924784660339355,,2859
8.688375473022461,,4.298233985900879,,2,4.390141487121582,,2869
8.698753356933594,,4.324347496032715,,2,4.374405860900879,,2879
8.738901138305664,,4.293657302856445,,2,4.4452433586120605,,2889
8.768895149230957,,4.334153175354004,,2,4.434741973876953,,2899
8.721517562866211,,4.333710670471191,,2,4.3878068923950195,,2909
8.715764999389648,,4.292728424072266,,2,4.423036575317383,,2919
8.6602144241333,,4.298117160797119,,2,4.362097263336182,,2929
8.715230941772461,,4.330297946929932,,2,4.384932518005371,,2939
8.678461074829102,,4.297289848327637,,2,4.381171226501465,,2949
8.695001602172852,,4.30919075012207,,2,4.385810375213623,,2959
8.67863655090332,,4.302190780639648,,2,4.37644624710083,,2969
8.638936996459961,,4.310661792755127,,2,4.328275203704834,,2979
8.63174057006836,,4.277079105377197,,2,4.354661464691162,,2989
8.667095184326172,,4.294380187988281,,2,4.372714996337891,,2999
8.675773620605469,,4.282860279083252,,2,4.392912864685059,,3009
8.684612274169922,,4.2998175621032715,,2,4.384794235229492,,3019
8.694278717041016,,4.293808937072754,,2,4.40047025680542,,3029
8.7657470703125,,4.325017929077148,,2,4.440729141235352,,3039
8.632970809936523,,4.283592224121094,,2,4.349379062652588,,3049
8.604928970336914,,4.2880706787109375,,2,4.316857814788818,,3059
8.669742584228516,,4.300204277038574,,2,4.369538307189941,,3069
8.612581253051758,,4.2673773765563965,,2,4.345203399658203,,3079
8.637861251831055,,4.283777236938477,,2,4.354084014892578,,3089
8.798035621643066,,4.390648365020752,,2,4.4073872566223145,,3099
8.610042572021484,,4.268340587615967,,2,4.341701507568359,,3109
8.692087173461914,,4.2850189208984375,,2,4.407068252563477,,3119
8.616084098815918,,4.284153938293457,,2,4.331930160522461,,3129
8.711565971374512,,4.339774131774902,,2,4.371791839599609,,3139
8.657270431518555,,4.265265464782715,,2,4.39200496673584,,3149
8.68833065032959,,4.314700126647949,,2,4.373630523681641,,3159
8.706969261169434,,4.309353828430176,,2,4.397615432739258,,3169
8.592963218688965,,4.2799835205078125,,2,4.312979698181152,,3179
8.640167236328125,,4.300904273986816,,2,4.339262962341309,,3189
8.577801704406738,,4.239589214324951,,2,4.338212490081787,,3199
8.668943405151367,,4.270242214202881,,2,4.3987016677856445,,3209
8.603496551513672,,4.270155906677246,,2,4.333340167999268,,3219
8.657842636108398,,4.301596641540527,,2,4.356245517730713,,3229
8.585813522338867,,4.283332824707031,,2,4.302480697631836,,3239
8.620946884155273,,4.307018280029297,,2,4.313928604125977,,3249
8.562884330749512,,4.26711893081665,,2,4.295765399932861,,3259
8.574041366577148,,4.261489391326904,,2,4.312552452087402,,3269
8.571098327636719,,4.2659173011779785,,2,4.305180549621582,,3279
8.624902725219727,,4.264782905578613,,2,4.3601202964782715,,3289
8.657232284545898,,4.244204044342041,,2,4.413027763366699,,3299
8.528375625610352,,4.2386932373046875,,2,4.289682388305664,,3309
8.569507598876953,,4.245577335357666,,2,4.323929786682129,,3319
8.59418773651123,,4.241741180419922,,2,4.352446556091309,,3329
8.477083206176758,,4.230571746826172,,2,4.246511459350586,,3339
8.540525436401367,,4.286149024963379,,2,4.254376411437988,,3349
8.515647888183594,,4.244166374206543,,2,4.271481990814209,,3359
8.607970237731934,,4.248626708984375,,2,4.359343528747559,,3369
8.462677001953125,,4.257903099060059,,2,4.204773902893066,,3379
8.559656143188477,,4.240835189819336,,2,4.318820953369141,,3389
8.5261812210083,,4.235825538635254,,2,4.290355682373047,,3399
8.597799301147461,,4.241229057312012,,2,4.356569766998291,,3409
8.589475631713867,,4.239373207092285,,2,4.350102424621582,,3419
8.638036727905273,,4.274611473083496,,2,4.363424777984619,,3429
8.515551567077637,,4.229687213897705,,2,4.285864353179932,,3439
8.498729705810547,,4.245168209075928,,2,4.253561973571777,,3449
,8.766749382019043,,4.358720302581787,2,,4.408028602600098,3458
8.512693405151367,,4.230377197265625,,3,4.2823166847229,,3459
8.597752571105957,,4.229397773742676,,3,4.368354797363281,,3469
8.592347145080566,,4.247873306274414,,3,4.344473838806152,,3479
8.676617622375488,,4.26054573059082,,3,4.416071891784668,,3489
8.54253101348877,,4.227972030639648,,3,4.314558982849121,,3499
8.549604415893555,,4.234325885772705,,3,4.31527853012085,,3509
8.567127227783203,,4.2316083908081055,,3,4.3355183601379395,,3519
8.573892593383789,,4.23592472076416,,3,4.337968349456787,,3529
8.597299575805664,,4.227382659912109,,3,4.369917392730713,,3539
8.51314926147461,,4.242800712585449,,3,4.270349025726318,,3549
8.627681732177734,,4.259869575500488,,3,4.367812633514404,,3559
8.580090522766113,,4.264362335205078,,3,4.315728187561035,,3569
8.618518829345703,,4.226385116577148,,3,4.392134189605713,,3579
8.481637954711914,,4.2129597663879395,,3,4.268678188323975,,3589
8.662068367004395,,4.261612892150879,,3,4.400455474853516,,3599
8.563913345336914,,4.224949359893799,,3,4.338964462280273,,3609
8.507793426513672,,4.231348991394043,,3,4.276444911956787,,3619
8.511929512023926,,4.235082149505615,,3,4.2768473625183105,,3629
8.558345794677734,,4.233979225158691,,3,4.324366569519043,,3639
8.501205444335938,,4.203584671020508,,3,4.2976202964782715,,3649
8.460172653198242,,4.210396766662598,,3,4.249775409698486,,3659
8.503596305847168,,4.215140342712402,,3,4.288455963134766,,3669
8.519128799438477,,4.199422359466553,,3,4.319706439971924,,3679
8.638873100280762,,4.270150184631348,,3,4.368722915649414,,3689
8.548929214477539,,4.212779998779297,,3,4.336148738861084,,3699
8.379867553710938,,4.191427230834961,,3,4.188439846038818,,3709
8.604503631591797,,4.2622761726379395,,3,4.342226982116699,,3719
8.476629257202148,,4.193830490112305,,3,4.282798767089844,,3729
8.44746208190918,,4.202115535736084,,3,4.245346546173096,,3739
8.453079223632812,,4.217395305633545,,3,4.235683917999268,,3749
8.504262924194336,,4.246004104614258,,3,4.25825834274292,,3759
8.529579162597656,,4.238493919372559,,3,4.291085720062256,,3769
8.397790908813477,,4.182642936706543,,3,4.215148448944092,,3779
8.530694961547852,,4.221294403076172,,3,4.30940055847168,,3789
8.471294403076172,,4.215976715087891,,3,4.255317211151123,,3799
8.542564392089844,,4.216525077819824,,3,4.3260393142700195,,3809
8.461313247680664,,4.201725006103516,,3,4.25958776473999,,3819
8.409765243530273,,4.203065395355225,,3,4.206700325012207,,3829
8.465718269348145,,4.2115020751953125,,3,4.254216194152832,,3839
8.47149658203125,,4.214223861694336,,3,4.257272243499756,,3849
8.585573196411133,,4.262334823608398,,3,4.323238372802734,,3859
8.388228416442871,,4.2042694091796875,,3,4.183959007263184,,3869
8.430623054504395,,4.253342628479004,,3,4.177280426025391,,3879
8.466477394104004,,4.234555244445801,,3,4.231922149658203,,3889
8.453306198120117,,4.243251800537109,,3,4.210054397583008,,3899
8.50197982788086,,4.237762928009033,,3,4.264217376708984,,3909
8.45193862915039,,4.2048139572143555,,3,4.247124671936035,,3919
8.462631225585938,,4.190304279327393,,3,4.272326946258545,,3929
8.442594528198242,,4.211930751800537,,3,4.230664253234863,,3939
8.513450622558594,,4.23109769821167,,3,4.282353401184082,,3949
8.51227855682373,,4.232294082641602,,3,4.279984474182129,,3959
8.405548095703125,,4.212233543395996,,3,4.193314552307129,,3969
8.506464004516602,,4.213662624359131,,3,4.292801856994629,,3979
8.436710357666016,,4.2257914543151855,,3,4.210918426513672,,3989
8.509888648986816,,4.207292556762695,,3,4.302596092224121,,3999
8.397296905517578,,4.189385414123535,,3,4.207911014556885,,4009
8.473651885986328,,4.208831310272217,,3,4.264820575714111,,4019
8.45098876953125,,4.218369960784912,,3,4.232619285583496,,4029
8.445659637451172,,4.216194152832031,,3,4.229465961456299,,4039
8.453197479248047,,4.246967792510986,,3,4.2062296867370605,,4049
8.402105331420898,,4.251214027404785,,3,4.150890827178955,,4059
8.526250839233398,,4.235149383544922,,3,4.291100978851318,,4069
8.577203750610352,,4.299428939819336,,3,4.277774810791016,,4079
8.419795989990234,,4.181405067443848,,3,4.238391399383545,,4089
8.435609817504883,,4.17144775390625,,3,4.264161586761475,,4099
8.465513229370117,,4.189248085021973,,3,4.276265621185303,,4109
8.475725173950195,,4.206587314605713,,3,4.269137859344482,,4119
8.421857833862305,,4.206147193908691,,3,4.215710163116455,,4129
8.399297714233398,,4.168292045593262,,3,4.231006145477295,,4139
8.49488639831543,,4.215291976928711,,3,4.279594421386719,,4149
8.414118766784668,,4.1941728591918945,,3,4.219945907592773,,4159
8.501853942871094,,4.225239276885986,,3,4.276615142822266,,4169
8.433765411376953,,4.203513145446777,,3,4.230252742767334,,4179
8.453624725341797,,4.211791515350342,,3,4.241833686828613,,4189
8.512982368469238,,4.19908332824707,,3,4.313899040222168,,4199
8.300592422485352,,4.178803443908691,,3,4.121789455413818,,4209
8.36865234375,,4.197912216186523,,3,4.170739650726318,,4219
8.397287368774414,,4.170524597167969,,3,4.226762771606445,,4229
8.434131622314453,,4.153002738952637,,3,4.281128883361816,,4239
8.332526206970215,,4.178042411804199,,3,4.154483795166016,,4249
8.48800277709961,,4.193042755126953,,3,4.2949604988098145,,4259
8.369668006896973,,4.1723198890686035,,3,4.197348117828369,,4269
8.399648666381836,,4.180042743682861,,3,4.219606399536133,,4279
8.402448654174805,,4.175870895385742,,3,4.2265777587890625,,4289
8.427127838134766,,4.186489105224609,,3,4.240638256072998,,4299
8.532784461975098,,4.18973970413208,,3,4.343044757843018,,4309
8.333866119384766,,4.178625106811523,,3,4.1552414894104,,4319
8.447715759277344,,4.1891326904296875,,3,4.258582592010498,,4329
8.430652618408203,,4.189537525177002,,3,4.241115570068359,,4339
8.548807144165039,,4.242015361785889,,3,4.306792259216309,,4349
8.461429595947266,,4.181256294250488,,3,4.280173301696777,,4359
8.392022132873535,,4.186695098876953,,3,4.205327033996582,,4369
8.386335372924805,,4.187468528747559,,3,4.198866844177246,,4379
8.563880920410156,,4.261168003082275,,3,4.302712917327881,,4389
8.405672073364258,,4.191904067993164,,3,4.2137675285339355,,4399
8.44736385345459,,4.2015204429626465,,3,4.245843410491943,,4409
8.447332382202148,,4.185492515563965,,3,4.261840343475342,,4419
8.383974075317383,,4.207418441772461,,3,4.176555156707764,,4429
8.423734664916992,,4.206653118133545,,3,4.217081069946289,,4439
8.475000381469727,,4.23674201965332,,3,4.238257884979248,,4449
8.341516494750977,,4.142204284667969,,3,4.199312686920166,,4459
8.3524751663208,,4.186387062072754,,3,4.166088104248047,,4469
8.519733428955078,,4.23367166519165,,3,4.286062240600586,,4479
8.378959655761719,,4.167461395263672,,3,4.211498260498047,,4489
8.382918357849121,,4.155090808868408,,3,4.227827548980713,,4499
8.343120574951172,,4.201478004455566,,3,4.141643047332764,,4509
8.386333465576172,,4.182177543640137,,3,4.204155445098877,,4519
8.42953872680664,,4.151308536529541,,3,4.278230667114258,,4529
8.394294738769531,,4.172027587890625,,3,4.222267150878906,,4539
8.508102416992188,,4.258111476898193,,3,4.249991416931152,,4549
8.40584945678711,,4.173563003540039,,3,4.232285976409912,,4559
8.417496681213379,,4.1738176345825195,,3,4.243679046630859,,4569
8.378912925720215,,4.16903018951416,,3,4.209882736206055,,4579
8.432167053222656,,4.190003395080566,,3,4.242163181304932,,4589
8.391899108886719,,4.1621222496032715,,3,4.2297773361206055,,4599
8.436016082763672,,4.170469284057617,,3,4.265546798706055,,4609
,8.466216087341309,,4.210169792175293,3,,4.256046295166016,4611
8.40571403503418,,4.140472412109375,,4,4.2652411460876465,,4619
8.396448135375977,,4.168374061584473,,4,4.228074073791504,,4629
8.445816993713379,,4.169567108154297,,4,4.276249885559082,,4639
8.479120254516602,,4.206757545471191,,4,4.27236270904541,,4649
8.417983055114746,,4.206031799316406,,4,4.21195125579834,,4659
8.41430377960205,,4.174833297729492,,4,4.239470481872559,,4669
8.414083480834961,,4.198572158813477,,4,4.215511322021484,,4679
8.400932312011719,,4.15952205657959,,4,4.241410732269287,,4689
8.298955917358398,,4.168804168701172,,4,4.130151748657227,,4699
8.35634994506836,,4.1510162353515625,,4,4.205333709716797,,4709
8.37367057800293,,4.169885635375977,,4,4.203784942626953,,4719
8.528470993041992,,4.192102432250977,,4,4.336368560791016,,4729
8.35795783996582,,4.1676154136657715,,4,4.190342903137207,,4739
8.347095489501953,,4.208669662475586,,4,4.138426303863525,,4749
8.441701889038086,,4.19053840637207,,4,4.251163005828857,,4759
8.436515808105469,,4.141000747680664,,4,4.295515537261963,,4769
8.458789825439453,,4.19703483581543,,4,4.261754989624023,,4779
8.32341194152832,,4.144383907318115,,4,4.179028034210205,,4789
8.314552307128906,,4.233580112457275,,4,4.080972194671631,,4799
8.44654369354248,,4.225217819213867,,4,4.221325874328613,,4809
8.420610427856445,,4.1673970222473145,,4,4.253212928771973,,4819
8.325061798095703,,4.149272441864014,,4,4.175789833068848,,4829
8.439703941345215,,4.1569976806640625,,4,4.282706260681152,,4839
8.392049789428711,,4.212551116943359,,4,4.179498672485352,,4849
8.407167434692383,,4.1735734939575195,,4,4.2335944175720215,,4859
8.43449592590332,,4.147672653198242,,4,4.286823749542236,,4869
8.36872673034668,,4.148741722106934,,4,4.219985008239746,,4879
8.3739652633667,,4.208288192749023,,4,4.165677070617676,,4889
8.470252990722656,,4.168792247772217,,4,4.3014607429504395,,4899
8.298667907714844,,4.214674949645996,,4,4.083992958068848,,4909
8.390373229980469,,4.145672798156738,,4,4.2447004318237305,,4919
8.402524948120117,,4.122638702392578,,4,4.279886722564697,,4929
8.369942665100098,,4.201767921447754,,4,4.168174743652344,,4939
8.386954307556152,,4.1918230056762695,,4,4.195131301879883,,4949
8.487447738647461,,4.151629447937012,,4,4.335818767547607,,4959
8.432554244995117,,4.194415092468262,,4,4.238139629364014,,4969
8.397819519042969,,4.223700523376465,,4,4.174118518829346,,4979
8.397096633911133,,4.1614298820495605,,4,4.2356672286987305,,4989
8.383123397827148,,4.151639938354492,,4,4.231482982635498,,4999
8.384166717529297,,4.139485836029053,,4,4.244680881500244,,5009
8.357198715209961,,4.146572113037109,,4,4.210626602172852,,5019
8.340709686279297,,4.141506195068359,,4,4.199203968048096,,5029
8.34997272491455,,4.132851600646973,,4,4.217121124267578,,5039
8.429277420043945,,4.155892372131348,,4,4.273385047912598,,5049
8.424041748046875,,4.141550064086914,,4,4.282491207122803,,5059
8.347095489501953,,4.155661106109619,,4,4.191433906555176,,5069
8.404335021972656,,4.18505859375,,4,4.219275951385498,,5079
8.377575874328613,,4.16468620300293,,4,4.212889671325684,,5089
8.384273529052734,,4.163738250732422,,4,4.2205352783203125,,5099
8.449420928955078,,4.175318717956543,,4,4.274101734161377,,5109
8.342334747314453,,4.152071475982666,,4,4.190263271331787,,5119
8.372636795043945,,4.1950578689575195,,4,4.177579402923584,,5129
8.566108703613281,,4.185050964355469,,4,4.3810577392578125,,5139
8.477148056030273,,4.164127349853516,,4,4.313021183013916,,5149
8.453213691711426,,4.1492919921875,,4,4.303921699523926,,5159
8.364945411682129,,4.127141952514648,,4,4.2378034591674805,,5169
8.315936088562012,,4.135387420654297,,4,4.180548667907715,,5179
8.41121768951416,,4.193534851074219,,4,4.217682838439941,,5189
8.433815002441406,,4.156351089477539,,4,4.277464389801025,,5199
8.380216598510742,,4.154104232788086,,4,4.226111888885498,,5209
8.463151931762695,,4.200703144073486,,4,4.262448787689209,,5219
8.423440933227539,,4.209177494049072,,4,4.214262962341309,,5229
8.37255859375,,4.218136787414551,,4,4.154421329498291,,5239
8.395525932312012,,4.154654026031494,,4,4.240871906280518,,5249
8.309671401977539,,4.132469177246094,,4,4.177201747894287,,5259
8.30849838256836,,4.165717124938965,,4,4.1427812576293945,,5269
8.402562141418457,,4.176098823547363,,4,4.226463317871094,,5279
8.39763355255127,,4.18270206451416,,4,4.214931488037109,,5289
8.420926094055176,,4.172389984130859,,4,4.248536109924316,,5299
8.33095645904541,,4.140799522399902,,4,4.190156936645508,,5309
8.371940612792969,,4.143624782562256,,4,4.228316307067871,,5319
8.346263885498047,,4.143626689910889,,4,4.20263671875,,5329
8.355438232421875,,4.1730055809021,,4,4.182433128356934,,5339
8.365812301635742,,4.171205520629883,,4,4.194606781005859,,5349
8.411571502685547,,4.109710693359375,,4,4.301860332489014,,5359
8.286446571350098,,4.179990768432617,,4,4.1064558029174805,,5369
8.27210521697998,,4.147073745727539,,4,4.125031471252441,,5379
8.339439392089844,,4.162086486816406,,4,4.1773529052734375,,5389
8.223003387451172,,4.16182804107666,,4,4.0611748695373535,,5399
8.417945861816406,,4.172750473022461,,4,4.2451958656311035,,5409
8.3102445602417,,4.216506004333496,,4,4.093738555908203,,5419
8.275092124938965,,4.138933181762695,,4,4.1361589431762695,,5429
8.301109313964844,,4.1294732093811035,,4,4.171635627746582,,5439
8.308162689208984,,4.1026716232299805,,4,4.205490589141846,,5449
8.357619285583496,,4.177068710327148,,4,4.180550575256348,,5459
8.339879035949707,,4.15174674987793,,4,4.188132286071777,,5469
8.240489959716797,,4.103908538818359,,4,4.1365814208984375,,5479
8.254802703857422,,4.119231224060059,,4,4.1355719566345215,,5489
8.418983459472656,,4.166203498840332,,4,4.252779483795166,,5499
8.325296401977539,,4.1122870445251465,,4,4.213008880615234,,5509
8.351442337036133,,4.124835968017578,,4,4.2266058921813965,,5519
8.315946578979492,,4.131933212280273,,4,4.184013843536377,,5529
8.351425170898438,,4.114654541015625,,4,4.2367706298828125,,5539
8.311290740966797,,4.1567230224609375,,4,4.154568195343018,,5549
8.353835105895996,,4.153800964355469,,4,4.200034141540527,,5559
8.338361740112305,,4.0983805656433105,,4,4.239980697631836,,5569
8.235799789428711,,4.1069231033325195,,4,4.12887716293335,,5579
8.262002944946289,,4.18376350402832,,4,4.078239917755127,,5589
8.348928451538086,,4.144164562225342,,4,4.204764366149902,,5599
8.346893310546875,,4.11119270324707,,4,4.235700607299805,,5609
8.335411071777344,,4.1182098388671875,,4,4.217200756072998,,5619
8.259929656982422,,4.1265106201171875,,4,4.133419036865234,,5629
8.233943939208984,,4.127349853515625,,4,4.106594085693359,,5639
8.319896697998047,,4.143726825714111,,4,4.176169395446777,,5649
8.253600120544434,,4.16835880279541,,4,4.085241317749023,,5659
8.366999626159668,,4.1652069091796875,,4,4.2017927169799805,,5669
8.27558708190918,,4.1669511795043945,,4,4.108636379241943,,5679
8.304183006286621,,4.102487564086914,,4,4.201695442199707,,5689
8.352055549621582,,4.150152683258057,,4,4.201902866363525,,5699
8.350044250488281,,4.137777328491211,,4,4.2122673988342285,,5709
8.246468544006348,,4.093883991241455,,4,4.152584552764893,,5719
8.248208999633789,,4.111747741699219,,4,4.136460781097412,,5729
8.282785415649414,,4.083635330200195,,4,4.199150562286377,,5739
8.261853218078613,,4.126543998718262,,4,4.135309219360352,,5749
8.39205265045166,,4.119018077850342,,4,4.273034572601318,,5759
,8.368354797363281,,4.160603046417236,4,,4.207752227783203,5764
8.307064056396484,,4.097583770751953,,5,4.209479808807373,,5769
8.352092742919922,,4.115018844604492,,5,4.2370734214782715,,5779
8.266803741455078,,4.084329128265381,,5,4.182474613189697,,5789
8.306877136230469,,4.14572811126709,,5,4.161149024963379,,5799
8.32601547241211,,4.0838422775268555,,5,4.242173194885254,,5809
8.348085403442383,,4.089812278747559,,5,4.258273601531982,,5819
8.204856872558594,,4.110528469085693,,5,4.0943284034729,,5829
8.325769424438477,,4.105225563049316,,5,4.220543384552002,,5839
8.3732328414917,,4.175396919250488,,5,4.197835922241211,,5849
8.20002555847168,,4.140047073364258,,5,4.059978485107422,,5859
8.330999374389648,,4.157470703125,,5,4.17352819442749,,5869
8.126852035522461,,4.089357376098633,,5,4.037494659423828,,5879
8.292999267578125,,4.133696556091309,,5,4.159303188323975,,5889
8.309202194213867,,4.089508056640625,,5,4.219693660736084,,5899
8.295417785644531,,4.125644683837891,,5,4.169772624969482,,5909
8.280268669128418,,4.0741143226623535,,5,4.2061543464660645,,5919
8.32863998413086,,4.138038635253906,,5,4.190600872039795,,5929
8.177783966064453,,4.120209693908691,,5,4.05757474899292,,5939
8.246936798095703,,4.071737289428711,,5,4.175199508666992,,5949
8.305599212646484,,4.066338539123535,,5,4.239261150360107,,5959
8.205400466918945,,4.128784656524658,,5,4.076615810394287,,5969
8.267265319824219,,4.101112365722656,,5,4.166153430938721,,5979
8.178512573242188,,4.066047668457031,,5,4.112464904785156,,5989
8.205045700073242,,4.1255388259887695,,5,4.0795063972473145,,5999
8.272954940795898,,4.0970988273620605,,5,4.175856113433838,,6009
8.268400192260742,,4.057196140289307,,5,4.2112040519714355,,6019
8.247533798217773,,4.083509922027588,,5,4.164023399353027,,6029
8.202845573425293,,4.094274997711182,,5,4.108570575714111,,6039
8.35268783569336,,4.127589225769043,,5,4.225098133087158,,6049
8.178396224975586,,4.112764358520508,,5,4.065631866455078,,6059
8.213586807250977,,4.066933631896973,,5,4.146653652191162,,6069
8.17454719543457,,4.063648223876953,,5,4.110899448394775,,6079
8.185415267944336,,4.049980163574219,,5,4.135435104370117,,6089
8.073675155639648,,4.066795349121094,,5,4.0068793296813965,,6099
8.241081237792969,,4.11979866027832,,5,4.12128210067749,,6109
8.175508499145508,,4.100240230560303,,5,4.075267791748047,,6119
8.158913612365723,,4.050541877746582,,5,4.108371734619141,,6129
8.319293975830078,,4.111439228057861,,5,4.207854747772217,,6139
8.289270401000977,,4.063127517700195,,5,4.226142406463623,,6149
8.169840812683105,,4.049774169921875,,5,4.1200666427612305,,6159
8.188051223754883,,4.059751987457275,,5,4.128299713134766,,6169
8.121728897094727,,4.07155179977417,,5,4.050176620483398,,6179
8.193613052368164,,4.092405319213867,,5,4.101208209991455,,6189
8.166092872619629,,4.050990104675293,,5,4.115102767944336,,6199
8.042648315429688,,4.040006637573242,,5,4.002641677856445,,6209
8.255233764648438,,4.042396545410156,,5,4.2128376960754395,,6219
8.21686840057373,,4.088316917419434,,5,4.128551483154297,,6229
8.340326309204102,,4.115538120269775,,5,4.224788665771484,,6239
8.348272323608398,,4.080236911773682,,5,4.268035888671875,,6249
8.224071502685547,,4.070905685424805,,5,4.1531662940979,,6259
8.268343925476074,,4.073854446411133,,5,4.194489479064941,,6269
8.255996704101562,,4.098663806915283,,5,4.157332420349121,,6279
8.20741081237793,,4.055722236633301,,5,4.151688575744629,,6289
8.191314697265625,,4.047085285186768,,5,4.144229412078857,,6299
8.090581893920898,,4.020969390869141,,5,4.069612979888916,,6309
8.236303329467773,,4.082614898681641,,5,4.153687953948975,,6319
8.225601196289062,,4.051664352416992,,5,4.1739373207092285,,6329
8.288836479187012,,4.064324378967285,,5,4.224512100219727,,6339
8.282544136047363,,4.093575477600098,,5,4.188968658447266,,6349
8.263681411743164,,4.065352439880371,,5,4.198329448699951,,6359
8.219819068908691,,4.060066223144531,,5,4.15975284576416,,6369
8.265117645263672,,4.038569927215576,,5,4.226548194885254,,6379
8.184755325317383,,4.085288047790527,,5,4.099467754364014,,6389
8.134733200073242,,4.04393196105957,,5,4.090801239013672,,6399
8.301675796508789,,4.10015869140625,,5,4.201517581939697,,6409
8.278627395629883,,4.059357643127441,,5,4.2192702293396,,6419
8.159574508666992,,4.059793472290039,,5,4.099780559539795,,6429
8.135641098022461,,4.065835952758789,,5,4.06980562210083,,6439
8.279096603393555,,4.061346054077148,,5,4.2177510261535645,,6449
8.265504837036133,,4.027863502502441,,5,4.23764181137085,,6459
8.138055801391602,,4.017775058746338,,5,4.120281219482422,,6469
8.135782241821289,,4.070191383361816,,5,4.065591335296631,,6479
8.325711250305176,,4.0792670249938965,,5,4.246444225311279,,6489
8.104647636413574,,4.038702964782715,,5,4.065944671630859,,6499
8.14666748046875,,4.0421142578125,,5,4.10455322265625,,6509
8.291462898254395,,4.116273403167725,,5,4.17518949508667,,6519
8.12710952758789,,4.092293739318848,,5,4.034816265106201,,6529
8.174656867980957,,4.0893120765686035,,5,4.0853447914123535,,6539
8.125783920288086,,4.065128326416016,,5,4.060655117034912,,6549
8.123023986816406,,4.05905818939209,,5,4.063966274261475,,6559
8.0883207321167,,4.071972370147705,,5,4.016348361968994,,6569
8.17291259765625,,4.0386457443237305,,5,4.1342668533325195,,6579
8.207908630371094,,4.0534348487854,,5,4.154473781585693,,6589
8.152290344238281,,4.039115905761719,,5,4.1131744384765625,,6599
8.205460548400879,,4.034566879272461,,5,4.170893669128418,,6609
8.048131942749023,,4.012324333190918,,5,4.035807132720947,,6619
8.226617813110352,,4.108806610107422,,5,4.117811679840088,,6629
8.14227294921875,,4.034066200256348,,5,4.1082072257995605,,6639
8.20063591003418,,4.0740861892700195,,5,4.126549243927002,,6649
8.215327262878418,,4.037707328796387,,5,4.177619934082031,,6659
8.274620056152344,,4.0939435958862305,,5,4.180675983428955,,6669
8.18205451965332,,4.069756507873535,,5,4.112297534942627,,6679
8.298670768737793,,4.067037582397461,,5,4.231633186340332,,6689
8.04407787322998,,3.9700634479522705,,5,4.074014186859131,,6699
8.24020004272461,,4.073305130004883,,5,4.166894435882568,,6709
8.355290412902832,,4.170319557189941,,5,4.184970855712891,,6719
8.144649505615234,,4.042734146118164,,5,4.1019158363342285,,6729
8.189224243164062,,4.033367156982422,,5,4.155857086181641,,6739
8.087383270263672,,4.045676231384277,,5,4.0417070388793945,,6749
8.116379737854004,,4.039978981018066,,5,4.0764007568359375,,6759
8.210834503173828,,4.020534515380859,,5,4.1902995109558105,,6769
8.19295883178711,,4.007290363311768,,5,4.185667991638184,,6779
8.186302185058594,,4.016202926635742,,5,4.170099258422852,,6789
7.994141578674316,,3.9893643856048584,,5,4.004777431488037,,6799
8.114330291748047,,4.006877422332764,,5,4.107452392578125,,6809
8.083686828613281,,3.9902148246765137,,5,4.093472480773926,,6819
8.26333236694336,,4.053457736968994,,5,4.209875106811523,,6829
8.20876693725586,,4.093664646148682,,5,4.115102291107178,,6839
8.149370193481445,,4.04811954498291,,5,4.101251125335693,,6849
8.191614151000977,,4.062459945678711,,5,4.129153728485107,,6859
8.220174789428711,,4.0567240715026855,,5,4.163451194763184,,6869
8.069578170776367,,3.99092435836792,,5,4.0786542892456055,,6879
8.143431663513184,,3.9975552558898926,,5,4.145876407623291,,6889
8.144729614257812,,4.058904647827148,,5,4.085824966430664,,6899
8.029699325561523,,3.996976852416992,,5,4.0327229499816895,,6909
,8.215047836303711,,4.071491241455078,5,,4.143556118011475,6917
8.168575286865234,,4.055790901184082,,6,4.112784385681152,,6919
8.165437698364258,,4.069391250610352,,6,4.0960469245910645,,6929
8.111021041870117,,4.011625289916992,,6,4.099395751953125,,6939
8.251554489135742,,4.0239362716674805,,6,4.22761869430542,,6949
8.057762145996094,,4.000380992889404,,6,4.057381629943848,,6959
8.16960334777832,,4.039798736572266,,6,4.129805088043213,,6969
8.006254196166992,,4.0072431564331055,,6,3.9990105628967285,,6979
8.253299713134766,,4.025604248046875,,6,4.227694988250732,,6989
8.226905822753906,,4.049509048461914,,6,4.17739725112915,,6999
8.121286392211914,,4.040453910827637,,6,4.080832004547119,,7009
8.13890266418457,,4.0265021324157715,,6,4.112401008605957,,7019
8.231244087219238,,4.047990798950195,,6,4.183253288269043,,7029
8.252569198608398,,4.094944000244141,,6,4.1576247215271,,7039
8.043148040771484,,4.040891170501709,,6,4.002256870269775,,7049
8.127115249633789,,4.005302429199219,,6,4.1218132972717285,,7059
8.071202278137207,,4.03664493560791,,6,4.034557342529297,,7069
8.144275665283203,,4.04396390914917,,6,4.100312232971191,,7079
8.103382110595703,,4.0199174880981445,,6,4.0834641456604,,7089
8.076311111450195,,4.00361967086792,,6,4.072690963745117,,7099
8.030385971069336,,3.9812445640563965,,6,4.0491414070129395,,7109
8.121767044067383,,4.010359287261963,,6,4.111408233642578,,7119
8.113584518432617,,4.035428047180176,,6,4.078156471252441,,7129
8.142955780029297,,4.006333351135254,,6,4.136622428894043,,7139
8.086081504821777,,3.959287405014038,,6,4.126794338226318,,7149
8.073190689086914,,4.043791770935059,,6,4.0293989181518555,,7159
8.266660690307617,,4.083118438720703,,6,4.183542251586914,,7169
7.9828267097473145,,4.025635242462158,,6,3.9571914672851562,,7179
8.032230377197266,,3.9866881370544434,,6,4.0455427169799805,,7189
7.9939866065979,,3.9747490882873535,,6,4.019237518310547,,7199
8.02043628692627,,4.028024673461914,,6,3.9924116134643555,,7209
8.129878997802734,,3.9786715507507324,,6,4.151207447052002,,7219
8.145179748535156,,3.986581802368164,,6,4.158597469329834,,7229
8.100960731506348,,4.023573875427246,,6,4.077386856079102,,7239
8.033227920532227,,4.033159255981445,,6,4.0000691413879395,,7249
8.080957412719727,,4.006282329559326,,6,4.074675559997559,,7259
8.199386596679688,,4.051082611083984,,6,4.148303985595703,,7269
8.18295669555664,,4.09041166305542,,6,4.0925445556640625,,7279
8.157031059265137,,4.005123138427734,,6,4.151907920837402,,7289
8.026588439941406,,3.9878129959106445,,6,4.038775444030762,,7299
8.333808898925781,,4.099091053009033,,6,4.234717845916748,,7309
8.220598220825195,,4.03648567199707,,6,4.184112548828125,,7319
7.985966682434082,,3.988525390625,,6,3.997441291809082,,7329
8.137746810913086,,4.023082733154297,,6,4.114664554595947,,7339
8.040114402770996,,4.0203657150268555,,6,4.019748687744141,,7349
8.014288902282715,,3.975437879562378,,6,4.038850784301758,,7359
8.08787727355957,,4.003878116607666,,6,4.083998680114746,,7369
8.16868782043457,,3.9726665019989014,,6,4.196021556854248,,7379
8.114657402038574,,4.054166793823242,,6,4.060490608215332,,7389
8.062596321105957,,4.014740467071533,,6,4.047855854034424,,7399
8.127863883972168,,4.032843589782715,,6,4.095020294189453,,7409
8.13363265991211,,4.037895202636719,,6,4.095737457275391,,7419
8.120195388793945,,4.026804447174072,,6,4.093390464782715,,7429
7.984456539154053,,3.9554429054260254,,6,4.029013633728027,,7439
8.11829948425293,,4.008745193481445,,6,4.109554290771484,,7449
8.126012802124023,,3.983347177505493,,6,4.142665863037109,,7459
7.944446563720703,,3.9937920570373535,,6,3.9506542682647705,,7469
8.134662628173828,,3.998133659362793,,6,4.136529445648193,,7479
8.12934684753418,,4.055699348449707,,6,4.073647975921631,,7489
8.097208023071289,,3.9871017932891846,,6,4.110106468200684,,7499
8.096216201782227,,3.97367000579834,,6,4.122546672821045,,7509
8.138386726379395,,3.99161958694458,,6,4.1467671394348145,,7519
8.10438060760498,,3.9875168800354004,,6,4.11686372756958,,7529
8.0684814453125,,3.9425435066223145,,6,4.125937461853027,,7539
8.053047180175781,,3.9763574600219727,,6,4.076689720153809,,7549
8.187285423278809,,4.004504203796387,,6,4.182781219482422,,7559
7.9662981033325195,,3.9790194034576416,,6,3.987278699874878,,7569
8.08464241027832,,3.983388900756836,,6,4.101253032684326,,7579
8.04422664642334,,3.9760560989379883,,6,4.068170547485352,,7589
8.002939224243164,,3.9530067443847656,,6,4.049932956695557,,7599
8.11279296875,,3.9911258220672607,,6,4.121667385101318,,7609
8.122776985168457,,3.972651481628418,,6,4.150125503540039,,7619
8.149017333984375,,4.03909969329834,,6,4.109917163848877,,7629
8.018007278442383,,4.008601665496826,,6,4.009406089782715,,7639
8.005473136901855,,3.9723308086395264,,6,4.03314208984375,,7649
8.071733474731445,,3.9270520210266113,,6,4.144681930541992,,7659
8.077606201171875,,3.9458460807800293,,6,4.1317596435546875,,7669
8.185620307922363,,3.958007335662842,,6,4.2276129722595215,,7679
8.056425094604492,,4.081821918487549,,6,3.9746029376983643,,7689
8.013459205627441,,3.9993882179260254,,6,4.014070987701416,,7699
8.081196784973145,,3.94761323928833,,6,4.1335835456848145,,7709
7.91594934463501,,3.9209115505218506,,6,3.995037794113159,,7719
7.958408355712891,,3.9211950302124023,,6,4.037213325500488,,7729
7.8898844718933105,,3.9464833736419678,,6,3.9434010982513428,,7739
7.9288787841796875,,3.9722657203674316,,6,3.956613302230835,,7749
7.958430290222168,,4.015503883361816,,6,3.9429266452789307,,7759
7.929737091064453,,3.959223508834839,,6,3.9705135822296143,,7769
8.077459335327148,,3.9260220527648926,,6,4.151437759399414,,7779
8.07098388671875,,3.9626612663269043,,6,4.1083221435546875,,7789
8.08535099029541,,3.969092607498169,,6,4.116258144378662,,7799
7.993359565734863,,3.9868276119232178,,6,4.006532192230225,,7809
7.883077621459961,,3.9421281814575195,,6,3.9409492015838623,,7819
7.915107727050781,,3.955709218978882,,6,3.9593987464904785,,7829
8.126031875610352,,3.987239360809326,,6,4.138792991638184,,7839
7.880788326263428,,3.9357175827026367,,6,3.945070743560791,,7849
8.076590538024902,,3.980130910873413,,6,4.09645938873291,,7859
8.05078125,,3.952786445617676,,6,4.097994327545166,,7869
8.036270141601562,,3.9539365768432617,,6,4.082333087921143,,7879
8.018980026245117,,3.962216854095459,,6,4.0567626953125,,7889
8.112387657165527,,3.982328176498413,,6,4.130059719085693,,7899
7.954981803894043,,3.9207494258880615,,6,4.0342326164245605,,7909
8.061918258666992,,4.023617744445801,,6,4.038300037384033,,7919
8.144370079040527,,3.9686789512634277,,6,4.1756911277771,,7929
8.057271957397461,,3.9864251613616943,,6,4.0708465576171875,,7939
8.093199729919434,,3.963982343673706,,6,4.129217147827148,,7949
8.050121307373047,,3.9666943550109863,,6,4.083427429199219,,7959
8.045206069946289,,4.005000591278076,,6,4.040205955505371,,7969
7.84765100479126,,3.920477867126465,,6,3.927173137664795,,7979
8.01620864868164,,3.9176204204559326,,6,4.098588466644287,,7989
7.888824462890625,,3.939267158508301,,6,3.949557304382324,,7999
7.866710662841797,,3.9070076942443848,,6,3.959703207015991,,8009
8.120832443237305,,3.9683454036712646,,6,4.152486801147461,,8019
7.918064117431641,,3.9171347618103027,,6,4.000929355621338,,8029
7.953988075256348,,3.977033853530884,,6,3.9769539833068848,,8039
7.911299705505371,,3.9440460205078125,,6,3.9672539234161377,,8049
8.038676261901855,,3.890432596206665,,6,4.1482439041137695,,8059
7.877121448516846,,3.918308973312378,,6,3.9588124752044678,,8069
,8.06912899017334,,3.9933841228485107,6,,4.075745105743408,8070
8.04653549194336,,3.904101848602295,,7,4.142433166503906,,8079
7.901285171508789,,3.931732416152954,,7,3.969552755355835,,8089
8.039005279541016,,3.938471794128418,,7,4.1005330085754395,,8099
7.883687496185303,,3.9712460041046143,,7,3.9124414920806885,,8109
7.883383750915527,,3.9113028049468994,,7,3.972081184387207,,8119
7.946837902069092,,3.9582393169403076,,7,3.988598585128784,,8129
7.954710483551025,,3.9240355491638184,,7,4.030674934387207,,8139
7.840162754058838,,3.905482769012451,,7,3.9346799850463867,,8149
8.037084579467773,,4.010017395019531,,7,4.027067184448242,,8159
7.904020309448242,,3.8839101791381836,,7,4.020110130310059,,8169
7.999906539916992,,3.923616409301758,,7,4.076290130615234,,8179
7.995397567749023,,3.9358880519866943,,7,4.05950927734375,,8189
7.952776908874512,,3.8945038318634033,,7,4.0582733154296875,,8199
7.920762062072754,,3.8869340419769287,,7,4.033827781677246,,8209
7.9998884201049805,,3.923151969909668,,7,4.0767364501953125,,8219
8.003658294677734,,3.945046901702881,,7,4.0586113929748535,,8229
7.814365863800049,,3.874978542327881,,7,3.939387321472168,,8239
8.039583206176758,,3.9517951011657715,,7,4.0877885818481445,,8249
7.955388069152832,,3.9472689628601074,,7,4.008119106292725,,8259
8.157281875610352,,4.008970260620117,,7,4.148311138153076,,8269
7.896001815795898,,3.9189743995666504,,7,3.977027177810669,,8279
7.96216344833374,,3.8961830139160156,,7,4.065980434417725,,8289
7.86378288269043,,3.8937931060791016,,7,3.9699900150299072,,8299
7.9210100173950195,,3.9817287921905518,,7,3.9392809867858887,,8309
7.835386276245117,,3.9074530601501465,,7,3.92793345451355,,8319
7.95891809463501,,3.9256811141967773,,7,4.033236980438232,,8329
7.951291084289551,,3.9016470909118652,,7,4.0496439933776855,,8339
7.9289655685424805,,3.9048757553100586,,7,4.024089813232422,,8349
8.002150535583496,,3.8911101818084717,,7,4.1110405921936035,,8359
7.92680549621582,,3.951226234436035,,7,3.975579023361206,,8369
7.7930989265441895,,3.833240032196045,,7,3.9598588943481445,,8379
8.009384155273438,,3.9329004287719727,,7,4.076483726501465,,8389
7.909547328948975,,3.9078640937805176,,7,4.001683235168457,,8399
7.877413749694824,,3.934629440307617,,7,3.942784070968628,,8409
7.939560890197754,,3.8717331886291504,,7,4.0678277015686035,,8419
7.981019496917725,,3.8800086975097656,,7,4.101010799407959,,8429
7.779650688171387,,3.836426019668579,,7,3.9432249069213867,,8439
8.076318740844727,,4.062740802764893,,7,4.013577938079834,,8449
8.007649421691895,,3.9072704315185547,,7,4.10037899017334,,8459
7.973211765289307,,3.943948268890381,,7,4.029263496398926,,8469
7.889896392822266,,3.9490926265716553,,7,3.9408040046691895,,8479
7.908246994018555,,3.882577896118164,,7,4.025669097900391,,8489
8.004467010498047,,3.9127187728881836,,7,4.091747760772705,,8499
7.874435901641846,,3.9265623092651367,,7,3.947873592376709,,8509
7.965891361236572,,3.9475622177124023,,7,4.01832914352417,,8519
7.8948750495910645,,3.857126235961914,,7,4.03774881362915,,8529
7.8977556228637695,,3.9254674911499023,,7,3.9722883701324463,,8539
7.699526786804199,,3.871947765350342,,7,3.8275790214538574,,8549
7.86583137512207,,3.900386095046997,,7,3.9654452800750732,,8559
7.908603191375732,,3.9005632400512695,,7,4.008039951324463,,8569
7.814231872558594,,3.8389930725097656,,7,3.9752390384674072,,8579
7.9666595458984375,,3.913238286972046,,7,4.0534210205078125,,8589
8.035085678100586,,3.957688093185425,,7,4.07739782333374,,8599
7.997249603271484,,3.926103115081787,,7,4.071146488189697,,8609
7.777056694030762,,3.867497682571411,,7,3.9095587730407715,,8619
7.846628189086914,,3.8908791542053223,,7,3.9557487964630127,,8629
7.957688331604004,,3.893580675125122,,7,4.064107894897461,,8639
7.970902919769287,,3.8953566551208496,,7,4.0755462646484375,,8649
7.866229057312012,,3.9101710319519043,,7,3.9560580253601074,,8659
7.863836765289307,,3.885348081588745,,7,3.9784886837005615,,8669
7.816645622253418,,3.827157497406006,,7,3.989487886428833,,8679
7.96745491027832,,3.9393515586853027,,7,4.028103351593018,,8689
7.762105941772461,,3.8848228454589844,,7,3.8772833347320557,,8699
7.927401065826416,,3.895101547241211,,7,4.032299518585205,,8709
7.925312519073486,,3.8885655403137207,,7,4.036746978759766,,8719
7.831512451171875,,3.8749921321868896,,7,3.9565205574035645,,8729
7.888594627380371,,3.9337165355682373,,7,3.954878091812134,,8739
7.873588562011719,,3.9008231163024902,,7,3.9727654457092285,,8749
8.02398681640625,,3.9014012813568115,,7,4.122585773468018,,8759
7.677248001098633,,3.8344719409942627,,7,3.842775821685791,,8769
7.858290195465088,,3.9462473392486572,,7,3.9120428562164307,,8779
7.853527545928955,,3.838036060333252,,7,4.015491485595703,,8789
7.790582656860352,,3.8776092529296875,,7,3.912973642349243,,8799
7.929716110229492,,3.864777088165283,,7,4.064939022064209,,8809
7.946126461029053,,3.8751487731933594,,7,4.070977687835693,,8819
7.898832321166992,,3.8378188610076904,,7,4.061013698577881,,8829
7.781599521636963,,3.8798766136169434,,7,3.9017229080200195,,8839
7.874016761779785,,3.910357713699341,,7,3.9636588096618652,,8849
7.916678428649902,,3.8994803428649902,,7,4.017198085784912,,8859
7.871318817138672,,3.8825128078460693,,7,3.9888057708740234,,8869
7.793652534484863,,3.8469858169555664,,7,3.946666955947876,,8879
7.841585159301758,,3.860154867172241,,7,3.9814305305480957,,8889
7.965962886810303,,3.9741263389587402,,7,3.9918365478515625,,8899
7.971413612365723,,3.9130191802978516,,7,4.058394432067871,,8909
7.838380813598633,,3.8847343921661377,,7,3.953646183013916,,8919
7.810370445251465,,3.9030847549438477,,7,3.9072859287261963,,8929
7.851462364196777,,3.853205919265747,,7,3.9982564449310303,,8939
7.872550010681152,,3.8505022525787354,,7,4.022047996520996,,8949
7.850617408752441,,3.8522932529449463,,7,3.998323917388916,,8959
7.881182670593262,,3.8870506286621094,,7,3.9941318035125732,,8969
7.772731781005859,,3.8432211875915527,,7,3.9295103549957275,,8979
7.705943584442139,,3.877854585647583,,7,3.8280889987945557,,8989
7.73426628112793,,3.8058114051818848,,7,3.928454875946045,,8999
7.732922077178955,,3.840643882751465,,7,3.8922781944274902,,9009
7.820964336395264,,3.808673858642578,,7,4.0122904777526855,,9019
7.821789741516113,,3.8645849227905273,,7,3.957204818725586,,9029
7.725555419921875,,3.8158907890319824,,7,3.9096648693084717,,9039
7.881732940673828,,3.831278085708618,,7,4.050455093383789,,9049
7.766857147216797,,3.8343489170074463,,7,3.9325079917907715,,9059
7.874197006225586,,3.879000663757324,,7,3.9951963424682617,,9069
7.842903137207031,,3.820028066635132,,7,4.0228753089904785,,9079
7.738670825958252,,3.797488212585449,,7,3.9411826133728027,,9089
7.851576805114746,,3.900705337524414,,7,3.950871467590332,,9099
7.776893615722656,,3.8278579711914062,,7,3.94903564453125,,9109
7.722764492034912,,3.814359664916992,,7,3.90840482711792,,9119
7.8075690269470215,,3.830686092376709,,7,3.9768829345703125,,9129
7.840123176574707,,3.7923197746276855,,7,4.0478034019470215,,9139
7.774924278259277,,3.846170663833618,,7,3.928753614425659,,9149
7.783278942108154,,3.803612470626831,,7,3.9796664714813232,,9159
7.846954822540283,,3.8432278633117676,,7,4.003726959228516,,9169
7.814154624938965,,3.836432933807373,,7,3.9777214527130127,,9179
7.787120342254639,,3.8340563774108887,,7,3.95306396484375,,9189
7.771881103515625,,3.867553472518921,,7,3.904327392578125,,9199
7.805172443389893,,3.8070404529571533,,7,3.9981319904327393,,9209
7.570115089416504,,3.8189656734466553,,7,3.7511496543884277,,9219
,7.891927719116211,,3.8915092945098877,7,,4.000418186187744,9223
7.847049713134766,,3.832083225250244,,8,4.0149664878845215,,9229
7.730493068695068,,3.776902198791504,,8,3.9535908699035645,,9239
7.729286193847656,,3.7945775985717773,,8,3.934708833694458,,9249
7.853822231292725,,3.936246871948242,,8,3.9175753593444824,,9259
7.865581512451172,,3.881995916366577,,8,3.9835855960845947,,9269
7.914212226867676,,3.8574321269989014,,8,4.0567803382873535,,9279
7.710431098937988,,3.810666561126709,,8,3.8997645378112793,,9289
7.749741554260254,,3.7879607677459717,,8,3.9617807865142822,,9299
7.755056381225586,,3.9018633365631104,,8,3.8531928062438965,,9309
7.814801216125488,,3.8169610500335693,,8,3.997840404510498,,9319
7.653204441070557,,3.807415008544922,,8,3.8457894325256348,,9329
7.848353385925293,,3.9318625926971436,,8,3.9164910316467285,,9339
7.7983293533325195,,3.8352065086364746,,8,3.963122844696045,,9349
7.693442344665527,,3.849404811859131,,8,3.8440375328063965,,9359
7.799813270568848,,3.877868413925171,,8,3.9219448566436768,,9369
7.636648178100586,,3.768570899963379,,8,3.868077278137207,,9379
7.782135963439941,,3.826157331466675,,8,3.9559783935546875,,9389
7.774797439575195,,3.8552193641662598,,8,3.9195780754089355,,9399
7.759033203125,,3.8213772773742676,,8,3.9376561641693115,,9409
7.933614730834961,,3.872478723526001,,8,4.061136245727539,,9419
7.758169651031494,,3.837057590484619,,8,3.921112060546875,,9429
7.667354583740234,,3.815397262573242,,8,3.8519575595855713,,9439
7.667075157165527,,3.798081874847412,,8,3.8689932823181152,,9449
7.8517255783081055,,3.8213579654693604,,8,4.030367374420166,,9459
7.794623851776123,,3.7714290618896484,,8,4.023194789886475,,9469
7.714536190032959,,3.796204090118408,,8,3.918332099914551,,9479
7.835051536560059,,3.8372421264648438,,8,3.9978091716766357,,9489
7.813009262084961,,3.844797372817993,,8,3.9682116508483887,,9499
7.665159225463867,,3.776679039001465,,8,3.8884799480438232,,9509
7.654147624969482,,3.801661968231201,,8,3.8524856567382812,,9519
7.6408586502075195,,3.778806209564209,,8,3.8620524406433105,,9529
7.733695030212402,,3.776754856109619,,8,3.956940174102783,,9539
7.805158615112305,,3.7733712196350098,,8,4.031787395477295,,9549
7.776336669921875,,3.791999340057373,,8,3.984337329864502,,9559
7.8115644454956055,,3.7940714359283447,,8,4.01749324798584,,9569
7.589376926422119,,3.753401279449463,,8,3.8359756469726562,,9579
7.531006813049316,,3.7874326705932617,,8,3.743574380874634,,9589
7.9051899909973145,,3.876542091369629,,8,4.0286478996276855,,9599
7.661866188049316,,3.7884445190429688,,8,3.8734219074249268,,9609
7.584734916687012,,3.753969669342041,,8,3.8307652473449707,,9619
7.638728141784668,,3.7350311279296875,,8,3.9036970138549805,,9629
7.80381965637207,,3.8147404193878174,,8,3.989079475402832,,9639
7.688556671142578,,3.7475881576538086,,8,3.9409682750701904,,9649
7.766860008239746,,3.827745199203491,,8,3.939114570617676,,9659
7.598356246948242,,3.786802053451538,,8,3.811554431915283,,9669
7.669485092163086,,3.8187174797058105,,8,3.8507678508758545,,9679
7.778814792633057,,3.824650526046753,,8,3.9541642665863037,,9689
7.6672892570495605,,3.8687362670898438,,8,3.798552989959717,,9699
7.834184646606445,,3.7918529510498047,,8,4.042331695556641,,9709
7.7502288818359375,,3.767230987548828,,8,3.9829976558685303,,9719
7.716191291809082,,3.82305908203125,,8,3.893132209777832,,9729
7.804159641265869,,3.796103000640869,,8,4.008056640625,,9739
7.717903137207031,,3.83036208152771,,8,3.8875410556793213,,9749
7.658514022827148,,3.7954440116882324,,8,3.863070011138916,,9759
7.8024163246154785,,3.776843547821045,,8,4.025572776794434,,9769
7.774432182312012,,3.760340929031372,,8,4.0140910148620605,,9779
7.7979583740234375,,3.776083469390869,,8,4.021874904632568,,9789
7.556962966918945,,3.7448832988739014,,8,3.812079906463623,,9799
7.793697357177734,,3.78857684135437,,8,4.005120277404785,,9809
7.627304553985596,,3.7166640758514404,,8,3.9106404781341553,,9819
7.679372787475586,,3.7651848793029785,,8,3.9141879081726074,,9829
7.752776145935059,,3.7703309059143066,,8,3.982445240020752,,9839
7.812081336975098,,3.809056520462036,,8,4.003025054931641,,9849
7.8727216720581055,,3.807084083557129,,8,4.065637588500977,,9859
7.784816265106201,,3.8472564220428467,,8,3.9375598430633545,,9869
7.783459663391113,,3.8103156089782715,,8,3.973144054412842,,9879
7.630157470703125,,3.799771547317505,,8,3.830385684967041,,9889
7.659348011016846,,3.784467935562134,,8,3.874880075454712,,9899
7.646504878997803,,3.7665576934814453,,8,3.8799471855163574,,9909
7.683856964111328,,3.8093321323394775,,8,3.8745245933532715,,9919
7.707630634307861,,3.815544843673706,,8,3.8920857906341553,,9929
7.623849391937256,,3.7379260063171387,,8,3.885923385620117,,9939
7.671915531158447,,3.735801935195923,,8,3.9361135959625244,,9949
7.610263824462891,,3.762970447540283,,8,3.8472936153411865,,9959
7.7706804275512695,,3.7526814937591553,,8,4.017999172210693,,9969
7.761968612670898,,3.73490834236145,,8,4.027060508728027,,9979
7.6506547927856445,,3.829726219177246,,8,3.8209288120269775,,9989
7.7590765953063965,,3.8188841342926025,,8,3.940192461013794,,9999
7.694699287414551,,3.776498556137085,,8,3.918200969696045,,10009
7.74276065826416,,3.7370705604553223,,8,4.005690097808838,,10019
7.780427932739258,,3.7850372791290283,,8,3.9953906536102295,,10029
7.626286506652832,,3.7595038414001465,,8,3.8667826652526855,,10039
7.637274742126465,,3.7189929485321045,,8,3.9182820320129395,,10049
7.584638595581055,,3.6966466903686523,,8,3.8879916667938232,,10059
7.541933059692383,,3.733543872833252,,8,3.8083889484405518,,10069
7.630997657775879,,3.714045524597168,,8,3.916952133178711,,10079
7.73148250579834,,3.76676607131958,,8,3.9647161960601807,,10089
7.76540470123291,,3.7524795532226562,,8,4.012925148010254,,10099
7.547804355621338,,3.7049241065979004,,8,3.8428802490234375,,10109
7.65631628036499,,3.773317337036133,,8,3.8829989433288574,,10119
7.787410736083984,,3.8379015922546387,,8,3.949509382247925,,10129
7.685310363769531,,3.7637248039245605,,8,3.92158579826355,,10139
7.600280284881592,,3.71323823928833,,8,3.8870420455932617,,10149
7.643580436706543,,3.74825382232666,,8,3.8953263759613037,,10159
7.63147497177124,,3.7490265369415283,,8,3.882448434829712,,10169
7.538010597229004,,3.7070493698120117,,8,3.8309614658355713,,10179
7.628213882446289,,3.7047481536865234,,8,3.9234659671783447,,10189
7.665811538696289,,3.728193759918213,,8,3.9376180171966553,,10199
7.772580623626709,,3.84147047996521,,8,3.931110143661499,,10209
7.722716331481934,,3.763315200805664,,8,3.9594011306762695,,10219
7.667736053466797,,3.7689170837402344,,8,3.8988189697265625,,10229
7.6993184089660645,,3.7760584354400635,,8,3.923259973526001,,10239
7.727138519287109,,3.7508511543273926,,8,3.9762871265411377,,10249
7.520613670349121,,3.69891095161438,,8,3.821702718734741,,10259
7.676479816436768,,3.7495951652526855,,8,3.926884651184082,,10269
7.79593563079834,,3.7847888469696045,,8,4.0111470222473145,,10279
7.548574447631836,,3.758162260055542,,8,3.790412425994873,,10289
7.630965709686279,,3.709296226501465,,8,3.9216694831848145,,10299
7.655918121337891,,3.8062963485717773,,8,3.849621534347534,,10309
7.788624286651611,,3.7810397148132324,,8,4.007584571838379,,10319
7.795692443847656,,3.7791388034820557,,8,4.0165534019470215,,10329
7.528110027313232,,3.7382588386535645,,8,3.789851188659668,,10339
7.525036811828613,,3.7423224449157715,,8,3.7827141284942627,,10349
7.715209007263184,,3.8171756267547607,,8,3.8980331420898438,,10359
7.682809829711914,,3.737396240234375,,8,3.94541335105896,,10369
,7.709553241729736,,3.788102865219116,8,,3.921450138092041,10376
7.644367218017578,,3.7309741973876953,,9,3.913393259048462,,10379
7.617041110992432,,3.6956779956817627,,9,3.921363115310669,,10389
7.725305080413818,,3.784709930419922,,9,3.9405951499938965,,10399
7.513670921325684,,3.7951724529266357,,9,3.718498706817627,,10409
7.61081600189209,,3.7226715087890625,,9,3.8881447315216064,,10419
7.618066310882568,,3.7247204780578613,,9,3.893345832824707,,10429
7.373256206512451,,3.70119571685791,,9,3.672060489654541,,10439
7.6551337242126465,,3.7335896492004395,,9,3.921544075012207,,10449
7.727183818817139,,3.755892753601074,,9,3.9712910652160645,,10459
7.652017593383789,,3.8530759811401367,,9,3.7989413738250732,,10469
7.482475757598877,,3.7168266773223877,,9,3.7656490802764893,,10479
7.618980407714844,,3.7761144638061523,,9,3.8428657054901123,,10489
7.580610275268555,,3.6977081298828125,,9,3.8829023838043213,,10499
7.622049331665039,,3.6770453453063965,,9,3.9450042247772217,,10509
7.665882110595703,,3.7168173789978027,,9,3.9490649700164795,,10519
7.4828715324401855,,3.703439712524414,,9,3.7794318199157715,,10529
7.609203338623047,,3.723078727722168,,9,3.8861243724823,,10539
7.7288312911987305,,3.731926679611206,,9,3.9969046115875244,,10549
7.558014869689941,,3.709048271179199,,9,3.8489668369293213,,10559
7.577383995056152,,3.702880382537842,,9,3.8745033740997314,,10569
7.54149055480957,,3.7167367935180664,,9,3.824753999710083,,10579
7.704431533813477,,3.7265634536743164,,9,3.9778683185577393,,10589
7.7205610275268555,,3.7520503997802734,,9,3.968510627746582,,10599
7.491832256317139,,3.6740949153900146,,9,3.817737340927124,,10609
7.7511138916015625,,3.797686815261841,,9,3.9534270763397217,,10619
7.544270038604736,,3.7106940746307373,,9,3.833575963973999,,10629
7.575569152832031,,3.7289538383483887,,9,3.8466155529022217,,10639
7.576779365539551,,3.769820213317871,,9,3.8069591522216797,,10649
7.433777809143066,,3.642489433288574,,9,3.7912886142730713,,10659
7.488690376281738,,3.767019510269165,,9,3.7216708660125732,,10669
7.70326566696167,,3.679442882537842,,9,4.023822784423828,,10679
7.581110954284668,,3.739112377166748,,9,3.84199857711792,,10689
7.572448253631592,,3.6403274536132812,,9,3.9321208000183105,,10699
7.789508819580078,,3.821681022644043,,9,3.967827558517456,,10709
7.444402694702148,,3.6553890705108643,,9,3.7890138626098633,,10719
7.45056676864624,,3.662160873413086,,9,3.7884058952331543,,10729
7.566986083984375,,3.7008869647979736,,9,3.8660988807678223,,10739
7.524359703063965,,3.6850943565368652,,9,3.8392651081085205,,10749
7.650257110595703,,3.757875442504883,,9,3.892381429672241,,10759
7.619724750518799,,3.653958320617676,,9,3.965766429901123,,10769
7.589922904968262,,3.6601076126098633,,9,3.9298152923583984,,10779
7.5880537033081055,,3.6861300468444824,,9,3.901923656463623,,10789
7.60910701751709,,3.744804859161377,,9,3.864302396774292,,10799
7.515273094177246,,3.674503803253174,,9,3.8407692909240723,,10809
7.551833152770996,,3.6806464195251465,,9,3.8711869716644287,,10819
7.551174163818359,,3.7087905406951904,,9,3.842383623123169,,10829
7.432923316955566,,3.6358585357666016,,9,3.7970645427703857,,10839
7.663475036621094,,3.812939167022705,,9,3.8505358695983887,,10849
7.455781936645508,,3.6985526084899902,,9,3.7572290897369385,,10859
7.376711845397949,,3.6206624507904053,,9,3.756049633026123,,10869
7.436814308166504,,3.6421568393707275,,9,3.7946572303771973,,10879
7.374624252319336,,3.6105289459228516,,9,3.7640950679779053,,10889
7.403221130371094,,3.654592514038086,,9,3.7486283779144287,,10899
7.574456214904785,,3.731672525405884,,9,3.8427839279174805,,10909
7.467475891113281,,3.7059473991394043,,9,3.761528491973877,,10919
7.543547630310059,,3.75970196723938,,9,3.7838456630706787,,10929
7.38779878616333,,3.636446237564087,,9,3.751352548599243,,10939
7.56674861907959,,3.6572628021240234,,9,3.9094855785369873,,10949
7.469036102294922,,3.6490421295166016,,9,3.8199942111968994,,10959
7.533934593200684,,3.678168773651123,,9,3.8557655811309814,,10969
7.636817455291748,,3.6964504718780518,,9,3.9403669834136963,,10979
7.553674697875977,,3.712553024291992,,9,3.8411219120025635,,10989
7.43259859085083,,3.6610753536224365,,9,3.7715232372283936,,10999
7.561907768249512,,3.639366626739502,,9,3.9225411415100098,,11009
7.668061256408691,,3.683845043182373,,9,3.9842164516448975,,11019
7.534515857696533,,3.638498067855835,,9,3.8960177898406982,,11029
7.6379828453063965,,3.683856248855591,,9,3.9541265964508057,,11039
7.610793113708496,,3.6894373893737793,,9,3.9213554859161377,,11049
7.653825759887695,,3.7028703689575195,,9,3.950955390930176,,11059
7.581991195678711,,3.6703693866729736,,9,3.9116218090057373,,11069
7.460803985595703,,3.7014284133911133,,9,3.7593753337860107,,11079
7.478510856628418,,3.6618943214416504,,9,3.8166167736053467,,11089
7.72327184677124,,3.740556001663208,,9,3.9827158451080322,,11099
7.413321495056152,,3.5987682342529297,,9,3.8145534992218018,,11109
7.488653182983398,,3.663529396057129,,9,3.8251235485076904,,11119
7.496560096740723,,3.6578240394592285,,9,3.8387362957000732,,11129
7.390921592712402,,3.686099052429199,,9,3.7048227787017822,,11139
7.5226006507873535,,3.6780307292938232,,9,3.8445699214935303,,11149
7.465185642242432,,3.6425161361694336,,9,3.822669506072998,,11159
7.641554355621338,,3.6643428802490234,,9,3.9772114753723145,,11169
7.591716766357422,,3.673586845397949,,9,3.9181301593780518,,11179
7.424201011657715,,3.6299288272857666,,9,3.7942721843719482,,11189
7.550088882446289,,3.655313730239868,,9,3.894774913787842,,11199
7.3503007888793945,,3.6304032802581787,,9,3.719897747039795,,11209
7.542089939117432,,3.6625356674194336,,9,3.879554271697998,,11219
7.386017799377441,,3.6032490730285645,,9,3.782768964767456,,11229
7.721193313598633,,3.7833051681518555,,9,3.9378879070281982,,11239
7.520924091339111,,3.7080674171447754,,9,3.812856674194336,,11249
7.555177688598633,,3.6526143550872803,,9,3.9025630950927734,,11259
7.4833221435546875,,3.673388957977295,,9,3.8099329471588135,,11269
7.666659355163574,,3.6927835941314697,,9,3.9738757610321045,,11279
7.523882865905762,,3.6519052982330322,,9,3.8719775676727295,,11289
7.423130035400391,,3.7203476428985596,,9,3.702782392501831,,11299
7.559683322906494,,3.6019043922424316,,9,3.9577789306640625,,11309
7.637677192687988,,3.6491174697875977,,9,3.9885599613189697,,11319
7.290931701660156,,3.6238739490509033,,9,3.667057991027832,,11329
7.4519500732421875,,3.7457075119018555,,9,3.706242561340332,,11339
7.5898895263671875,,3.6931662559509277,,9,3.8967230319976807,,11349
7.437137126922607,,3.7098388671875,,9,3.7272982597351074,,11359
7.414584159851074,,3.615591526031494,,9,3.798992872238159,,11369
7.707241058349609,,3.730189085006714,,9,3.9770519733428955,,11379
7.265077114105225,,3.622499465942383,,9,3.642577648162842,,11389
7.413782119750977,,3.6707801818847656,,9,3.743001937866211,,11399
7.461422920227051,,3.665135622024536,,9,3.7962870597839355,,11409
7.481325149536133,,3.6436450481414795,,9,3.837679862976074,,11419
7.547788619995117,,3.7369143962860107,,9,3.8108742237091064,,11429
7.42048978805542,,3.6362836360931396,,9,3.7842061519622803,,11439
7.346147060394287,,3.572136878967285,,9,3.774010181427002,,11449
7.653415203094482,,3.6570358276367188,,9,3.9963793754577637,,11459
7.501745223999023,,3.6653122901916504,,9,3.836432695388794,,11469
7.433777809143066,,3.70574688911438,,9,3.7280309200286865,,11479
7.459153175354004,,3.5714352130889893,,9,3.8877177238464355,,11489
7.482663154602051,,3.6577725410461426,,9,3.824890613555908,,11499
7.442940711975098,,3.6385579109191895,,9,3.8043830394744873,,11509
7.32973575592041,,3.602231979370117,,9,3.727503776550293,,11519
7.538876533508301,,3.6895432472229004,,9,3.8493330478668213,,11529
,7.52619743347168,,3.6845602989196777,9,,3.841637372970581,11529
7.482343673706055,,3.6455843448638916,,10,3.836759090423584,,11539
7.403223514556885,,3.62613844871521,,10,3.777085065841675,,11549
7.582249164581299,,3.776852607727051,,10,3.805396556854248,,11559
7.370661735534668,,3.699331521987915,,10,3.671330213546753,,11569
7.469651222229004,,3.6884701251983643,,10,3.7811813354492188,,11579
7.427718162536621,,3.638352870941162,,10,3.789365291595459,,11589
7.444330215454102,,3.5834832191467285,,10,3.860846996307373,,11599
7.503024578094482,,3.6597981452941895,,10,3.843226432800293,,11609
7.3951311111450195,,3.633878231048584,,10,3.7612528800964355,,11619
7.331493377685547,,3.5954337120056152,,10,3.7360599040985107,,11629
7.432031631469727,,3.6635000705718994,,10,3.768531322479248,,11639
7.369694709777832,,3.702824115753174,,10,3.6668708324432373,,11649
7.4675140380859375,,3.6100258827209473,,10,3.8574881553649902,,11659
7.2901201248168945,,3.569502830505371,,10,3.7206172943115234,,11669
7.378240585327148,,3.671670913696289,,10,3.7065694332122803,,11679
7.312291145324707,,3.68154239654541,,10,3.630748987197876,,11689
7.446724891662598,,3.624354362487793,,10,3.822370767593384,,11699
7.51205587387085,,3.599475860595703,,10,3.9125800132751465,,11709
7.466178894042969,,3.7168712615966797,,10,3.74930739402771,,11719
7.246274948120117,,3.601428985595703,,10,3.644846200942993,,11729
7.249144077301025,,3.5886332988739014,,10,3.660510778427124,,11739
7.325284957885742,,3.574091911315918,,10,3.751193046569824,,11749
7.538996696472168,,3.6801090240478516,,10,3.8588874340057373,,11759
7.281696319580078,,3.5932865142822266,,10,3.6884095668792725,,11769
7.303271293640137,,3.5516669750213623,,10,3.7516045570373535,,11779
7.272356033325195,,3.576054573059082,,10,3.696301221847534,,11789
7.242476463317871,,3.5381436347961426,,10,3.7043328285217285,,11799
7.250960826873779,,3.6192195415496826,,10,3.6317412853240967,,11809
7.295405387878418,,3.5809450149536133,,10,3.714460611343384,,11819
7.481841564178467,,3.6127560138702393,,10,3.8690855503082275,,11829
7.2342000007629395,,3.601077079772949,,10,3.6331229209899902,,11839
7.273494720458984,,3.5582051277160645,,10,3.71528959274292,,11849
7.523105621337891,,3.6090645790100098,,10,3.91404128074646,,11859
7.472095966339111,,3.631232261657715,,10,3.8408637046813965,,11869
7.336721420288086,,3.5790657997131348,,10,3.757655620574951,,11879
7.47780704498291,,3.6328659057617188,,10,3.8449409008026123,,11889
7.3254008293151855,,3.572399616241455,,10,3.7530012130737305,,11899
7.349128723144531,,3.604471445083618,,10,3.744657039642334,,11909
7.338907718658447,,3.5845701694488525,,10,3.7543375492095947,,11919
7.2531633377075195,,3.59177827835083,,10,3.6613850593566895,,11929
7.550719261169434,,3.69643235206604,,10,3.8542869091033936,,11939
7.368462562561035,,3.604220151901245,,10,3.764242172241211,,11949
7.399238586425781,,3.590865135192871,,10,3.808373212814331,,11959
7.369358062744141,,3.6456375122070312,,10,3.7237203121185303,,11969
7.373415946960449,,3.6596627235412598,,10,3.7137532234191895,,11979
7.246248245239258,,3.545086145401001,,10,3.701162338256836,,11989
7.410367965698242,,3.777247905731201,,10,3.633120059967041,,11999
7.429509162902832,,3.6399147510528564,,10,3.7895941734313965,,12009
7.61778450012207,,3.683523654937744,,10,3.934260845184326,,12019
7.289677143096924,,3.6274023056030273,,10,3.6622748374938965,,12029
7.238724708557129,,3.5614800453186035,,10,3.6772449016571045,,12039
7.431063652038574,,3.5973007678985596,,10,3.8337626457214355,,12049
7.335946083068848,,3.5135445594787598,,10,3.822401285171509,,12059
7.474905967712402,,3.586156129837036,,10,3.888749837875366,,12069
7.337366104125977,,3.6260054111480713,,10,3.7113606929779053,,12079
7.399606704711914,,3.602206230163574,,10,3.7974002361297607,,12089
7.350373268127441,,3.612548828125,,10,3.7378246784210205,,12099
7.516903400421143,,3.6513326168060303,,10,3.8655707836151123,,12109
7.514523983001709,,3.5875496864318848,,10,3.926974296569824,,12119
7.3998942375183105,,3.6835856437683105,,10,3.71630859375,,12129
7.383607387542725,,3.598745346069336,,10,3.7848620414733887,,12139
7.203097343444824,,3.62526798248291,,10,3.577829599380493,,12149
7.289539337158203,,3.6077189445495605,,10,3.6818201541900635,,12159
7.438924789428711,,3.5887346267700195,,10,3.8501899242401123,,12169
7.4536943435668945,,3.639256000518799,,10,3.814438581466675,,12179
7.227808952331543,,3.5369343757629395,,10,3.6908743381500244,,12189
7.331816673278809,,3.5222055912017822,,10,3.8096108436584473,,12199
7.297348976135254,,3.6400580406188965,,10,3.6572909355163574,,12209
7.20909309387207,,3.5928702354431152,,10,3.616223096847534,,12219
7.368222236633301,,3.5878305435180664,,10,3.7803914546966553,,12229
7.463559150695801,,3.590114116668701,,10,3.8734452724456787,,12239
7.32511568069458,,3.557408332824707,,10,3.767707347869873,,12249
7.178719997406006,,3.566718101501465,,10,3.612001895904541,,12259
7.412164688110352,,3.6168274879455566,,10,3.795337200164795,,12269
7.399575233459473,,3.6273651123046875,,10,3.7722103595733643,,12279
7.459805488586426,,3.6115386486053467,,10,3.848267078399658,,12289
7.187992095947266,,3.5688629150390625,,10,3.6191294193267822,,12299
7.303601264953613,,3.5795600414276123,,10,3.724041223526001,,12309
7.4728899002075195,,3.569695472717285,,10,3.9031946659088135,,12319
7.146889686584473,,3.56933856010437,,10,3.5775508880615234,,12329
7.271669387817383,,3.506082534790039,,10,3.7655868530273438,,12339
7.2304229736328125,,3.4942541122436523,,10,3.7361690998077393,,12349
7.354729175567627,,3.5454134941101074,,10,3.8093156814575195,,12359
7.319526195526123,,3.5787391662597656,,10,3.7407870292663574,,12369
7.270599365234375,,3.622676134109497,,10,3.647923469543457,,12379
7.3361077308654785,,3.581801414489746,,10,3.7543063163757324,,12389
7.42667818069458,,3.5971148014068604,,10,3.8295633792877197,,12399
7.4571356773376465,,3.6286449432373047,,10,3.828490734100342,,12409
7.073577880859375,,3.573251485824585,,10,3.50032639503479,,12419
7.311273574829102,,3.518454074859619,,10,3.7928194999694824,,12429
7.414884090423584,,3.5799098014831543,,10,3.8349742889404297,,12439
7.019164085388184,,3.4883337020874023,,10,3.5308303833007812,,12449
7.379948616027832,,3.602092742919922,,10,3.7778561115264893,,12459
7.382687568664551,,3.5580570697784424,,10,3.8246307373046875,,12469
7.261535167694092,,3.573519229888916,,10,3.688015937805176,,12479
7.511972427368164,,3.6035244464874268,,10,3.9084479808807373,,12489
7.249987602233887,,3.5639357566833496,,10,3.686052083969116,,12499
7.136649131774902,,3.545766830444336,,10,3.5908820629119873,,12509
7.2567644119262695,,3.4837965965270996,,10,3.77296781539917,,12519
7.254729270935059,,3.555285930633545,,10,3.6994433403015137,,12529
7.337158203125,,3.5985615253448486,,10,3.7385964393615723,,12539
7.4473557472229,,3.55014705657959,,10,3.8972086906433105,,12549
7.328195571899414,,3.5441651344299316,,10,3.7840306758880615,,12559
7.182856559753418,,3.596397876739502,,10,3.586458444595337,,12569
7.269522666931152,,3.520670175552368,,10,3.748852491378784,,12579
7.268237113952637,,3.546812057495117,,10,3.7214250564575195,,12589
7.228144645690918,,3.5330660343170166,,10,3.6950788497924805,,12599
7.474759101867676,,3.627866744995117,,10,3.8468925952911377,,12609
7.116177558898926,,3.5473074913024902,,10,3.5688700675964355,,12619
7.306005477905273,,3.487894058227539,,10,3.8181111812591553,,12629
7.265000820159912,,3.552427291870117,,10,3.712573528289795,,12639
7.248032093048096,,3.59761643409729,,10,3.6504156589508057,,12649
7.3574090003967285,,3.5737829208374023,,10,3.783626079559326,,12659
7.334024429321289,,3.587672233581543,,10,3.746352434158325,,12669
7.45949649810791,,3.5581870079040527,,10,3.9013097286224365,,12679
,7.354217052459717,,3.599302291870117,10,,3.7549147605895996,12682
7.124260902404785,,3.531075954437256,,11,3.59318470954895,,12689
7.290048599243164,,3.641566753387451,,11,3.648482084274292,,12699
7.329982757568359,,3.6348190307617188,,11,3.6951639652252197,,12709
7.3036298751831055,,3.635371685028076,,11,3.66825795173645,,12719
7.190484046936035,,3.5900559425354004,,11,3.6004278659820557,,12729
7.231219291687012,,3.547220230102539,,11,3.6839993000030518,,12739
7.389936447143555,,3.589581251144409,,11,3.8003551959991455,,12749
7.441368579864502,,3.498589038848877,,11,3.942779541015625,,12759
7.5004072189331055,,3.6190972328186035,,11,3.881309986114502,,12769
7.346353054046631,,3.502168893814087,,11,3.844184160232544,,12779
7.297595977783203,,3.5155839920043945,,11,3.7820122241973877,,12789
7.086631774902344,,3.499997138977051,,11,3.586634635925293,,12799
7.267822265625,,3.487422227859497,,11,3.780400276184082,,12809
7.355839252471924,,3.650071620941162,,11,3.7057676315307617,,12819
7.278500556945801,,3.654675006866455,,11,3.6238255500793457,,12829
7.227009296417236,,3.512375831604004,,11,3.7146334648132324,,12839
7.051800727844238,,3.475369453430176,,11,3.5764312744140625,,12849
7.190191268920898,,3.52370023727417,,11,3.6664910316467285,,12859
7.334821701049805,,3.5819973945617676,,11,3.752824544906616,,12869
7.114447593688965,,3.4999542236328125,,11,3.6144931316375732,,12879
7.188970565795898,,3.5087289810180664,,11,3.680241584777832,,12889
7.308780670166016,,3.489485740661621,,11,3.8192946910858154,,12899
7.137746810913086,,3.50946044921875,,11,3.628286361694336,,12909
7.300122261047363,,3.5739617347717285,,11,3.7261605262756348,,12919
7.2604451179504395,,3.5872116088867188,,11,3.6732335090637207,,12929
7.192893028259277,,3.5828821659088135,,11,3.610011100769043,,12939
7.145305633544922,,3.551126480102539,,11,3.5941789150238037,,12949
7.083590984344482,,3.456167221069336,,11,3.6274237632751465,,12959
7.219172477722168,,3.5748023986816406,,11,3.6443698406219482,,12969
7.236331939697266,,3.5493104457855225,,11,3.687021493911743,,12979
7.104000568389893,,3.4938578605651855,,11,3.610142707824707,,12989
7.205343246459961,,3.510138511657715,,11,3.695204496383667,,12999
7.147701263427734,,3.5980076789855957,,11,3.5496938228607178,,13009
7.2755913734436035,,3.5964739322662354,,11,3.679117441177368,,13019
7.3919477462768555,,3.6129963397979736,,11,3.778951644897461,,13029
7.173571586608887,,3.564317226409912,,11,3.6092541217803955,,13039
7.2766432762146,,3.516993999481201,,11,3.7596492767333984,,13049
7.139646053314209,,3.461249828338623,,11,3.678396224975586,,13059
7.302684783935547,,3.5641117095947266,,11,3.738572835922241,,13069
7.258911609649658,,3.5411691665649414,,11,3.717742443084717,,13079
7.324678421020508,,3.5941691398620605,,11,3.730509042739868,,13089
7.34414005279541,,3.4986419677734375,,11,3.8454983234405518,,13099
7.160640239715576,,3.4714295864105225,,11,3.6892106533050537,,13109
7.210725784301758,,3.5842926502227783,,11,3.6264331340789795,,13119
7.205957412719727,,3.5515270233154297,,11,3.6544301509857178,,13129
7.05769157409668,,3.55075740814209,,11,3.5069339275360107,,13139
7.340432643890381,,3.594569444656372,,11,3.745863199234009,,13149
7.209097862243652,,3.650149345397949,,11,3.5589487552642822,,13159
7.197231769561768,,3.5769803524017334,,11,3.620251417160034,,13169
7.087126731872559,,3.488074779510498,,11,3.5990519523620605,,13179
7.195425033569336,,3.5504744052886963,,11,3.6449503898620605,,13189
7.328686714172363,,3.625195026397705,,11,3.7034919261932373,,13199
7.234574794769287,,3.590686798095703,,11,3.643887996673584,,13209
7.252108573913574,,3.4879136085510254,,11,3.764195203781128,,13219
7.312172889709473,,3.558346748352051,,11,3.7538259029388428,,13229
7.306576728820801,,3.503345251083374,,11,3.8032314777374268,,13239
7.354583740234375,,3.6419730186462402,,11,3.7126104831695557,,13249
6.954301357269287,,3.4973506927490234,,11,3.4569506645202637,,13259
7.192483901977539,,3.5322887897491455,,11,3.6601948738098145,,13269
7.213770866394043,,3.616042375564575,,11,3.5977284908294678,,13279
7.184998512268066,,3.4709839820861816,,11,3.7140142917633057,,13289
7.162537574768066,,3.5816330909729004,,11,3.580904483795166,,13299
7.3489670753479,,3.623621940612793,,11,3.7253451347351074,,13309
7.409996032714844,,3.5143518447875977,,11,3.895643949508667,,13319
7.239611625671387,,3.573011875152588,,11,3.666599988937378,,13329
7.378778457641602,,3.6154685020446777,,11,3.763310194015503,,13339
7.309305191040039,,3.614543914794922,,11,3.6947615146636963,,13349
7.249509811401367,,3.4949724674224854,,11,3.754537582397461,,13359
7.1105780601501465,,3.520810127258301,,11,3.5897679328918457,,13369
7.211551666259766,,3.4936201572418213,,11,3.7179317474365234,,13379
7.044164657592773,,3.5091300010681152,,11,3.5350348949432373,,13389
7.284677505493164,,3.527371406555176,,11,3.757305860519409,,13399
7.1378607749938965,,3.471670389175415,,11,3.6661903858184814,,13409
7.239286422729492,,3.5706915855407715,,11,3.6685948371887207,,13419
6.992572784423828,,3.4932265281677246,,11,3.4993460178375244,,13429
7.2702789306640625,,3.575134754180908,,11,3.695143938064575,,13439
7.210793495178223,,3.509748697280884,,11,3.7010445594787598,,13449
7.212114334106445,,3.5346851348876953,,11,3.67742919921875,,13459
7.300839900970459,,3.6348044872283936,,11,3.6660354137420654,,13469
7.260866165161133,,3.4928083419799805,,11,3.7680580615997314,,13479
7.234683990478516,,3.563394069671631,,11,3.6712899208068848,,13489
7.2730865478515625,,3.5450310707092285,,11,3.728055477142334,,13499
7.165189743041992,,3.517937660217285,,11,3.647251844406128,,13509
7.1251373291015625,,3.5523648262023926,,11,3.57277250289917,,13519
7.112478256225586,,3.509420871734619,,11,3.6030571460723877,,13529
7.1642608642578125,,3.4529495239257812,,11,3.7113113403320312,,13539
7.039941310882568,,3.47238826751709,,11,3.5675530433654785,,13549
7.118078231811523,,3.507904291152954,,11,3.6101741790771484,,13559
7.206841468811035,,3.5720880031585693,,11,3.634753704071045,,13569
7.065056800842285,,3.562065839767456,,11,3.502991199493408,,13579
7.282247543334961,,3.5365073680877686,,11,3.7457404136657715,,13589
7.0767951011657715,,3.526352643966675,,11,3.5504424571990967,,13599
7.223471641540527,,3.526515007019043,,11,3.6969563961029053,,13609
7.177883148193359,,3.5083189010620117,,11,3.6695640087127686,,13619
7.038389205932617,,3.452120542526245,,11,3.586268901824951,,13629
7.012774467468262,,3.5658860206604004,,11,3.4468882083892822,,13639
7.158156394958496,,3.4455718994140625,,11,3.7125842571258545,,13649
7.121014595031738,,3.538064956665039,,11,3.582949638366699,,13659
7.282825469970703,,3.5505175590515137,,11,3.7323081493377686,,13669
7.163797378540039,,3.525808334350586,,11,3.637988805770874,,13679
7.12765645980835,,3.442793846130371,,11,3.6848626136779785,,13689
7.018593788146973,,3.531975269317627,,11,3.486618757247925,,13699
7.05057430267334,,3.548095703125,,11,3.502478837966919,,13709
7.188056945800781,,3.4596195220947266,,11,3.728437662124634,,13719
7.164534091949463,,3.5601110458374023,,11,3.6044230461120605,,13729
7.113504409790039,,3.4598050117492676,,11,3.6536993980407715,,13739
6.957188129425049,,3.454474449157715,,11,3.502713680267334,,13749
7.1545820236206055,,3.5385355949401855,,11,3.616046667098999,,13759
7.205791473388672,,3.574831008911133,,11,3.630960702896118,,13769
7.069438934326172,,3.471794605255127,,11,3.597644329071045,,13779
7.280137062072754,,3.564995527267456,,11,3.715141773223877,,13789
7.130666732788086,,3.532089948654175,,11,3.598576545715332,,13799
7.202611923217773,,3.4646339416503906,,11,3.7379777431488037,,13809
7.112127304077148,,3.5428199768066406,,11,3.5693070888519287,,13819
6.970392227172852,,3.4312753677368164,,11,3.5391170978546143,,13829
,7.212740898132324,,3.5339629650115967,11,,3.6787779331207275,13835
7.068713665008545,,3.4889302253723145,,12,3.5797834396362305,,13839
7.189014434814453,,3.5401620864868164,,12,3.6488523483276367,,13849
7.058282375335693,,3.4725303649902344,,12,3.585752010345459,,13859
6.976879596710205,,3.4561986923217773,,12,3.5206809043884277,,13869
7.039030075073242,,3.4526872634887695,,12,3.5863425731658936,,13879
7.243632793426514,,3.5730271339416504,,12,3.6706056594848633,,13889
7.158347129821777,,3.561100482940674,,12,3.5972466468811035,,13899
7.162383079528809,,3.626162052154541,,12,3.5362212657928467,,13909
7.387518882751465,,3.5588624477386475,,12,3.8286566734313965,,13919
7.198519706726074,,3.5661911964416504,,12,3.6323282718658447,,13929
7.1507568359375,,3.5081067085266113,,12,3.6426503658294678,,13939
7.095934867858887,,3.448925018310547,,12,3.6470096111297607,,13949
6.906652450561523,,3.5231447219848633,,12,3.3835079669952393,,13959
7.1273722648620605,,3.4819042682647705,,12,3.64546799659729,,13969
7.264858245849609,,3.554166793823242,,12,3.7106916904449463,,13979
7.046451091766357,,3.4428398609161377,,12,3.6036112308502197,,13989
7.206328868865967,,3.4785122871398926,,12,3.727816581726074,,13999
6.9892168045043945,,3.4464945793151855,,12,3.542722225189209,,14009
6.947237968444824,,3.404162883758545,,12,3.5430748462677,,14019
7.278532981872559,,3.612993001937866,,12,3.6655402183532715,,14029
7.076886177062988,,3.4770617485046387,,12,3.5998246669769287,,14039
7.222764492034912,,3.4836745262145996,,12,3.7390899658203125,,14049
7.091435432434082,,3.4823527336120605,,12,3.6090826988220215,,14059
7.058244228363037,,3.4497976303100586,,12,3.6084465980529785,,14069
7.2733869552612305,,3.5470848083496094,,12,3.7263023853302,,14079
7.0126495361328125,,3.487137794494629,,12,3.5255115032196045,,14089
7.032711029052734,,3.467529296875,,12,3.5651814937591553,,14099
7.195838928222656,,3.656140089035034,,12,3.539698600769043,,14109
7.112984657287598,,3.491877794265747,,12,3.6211071014404297,,14119
7.1017045974731445,,3.5066356658935547,,12,3.5950686931610107,,14129
7.094600200653076,,3.509730815887451,,12,3.584869384765625,,14139
7.001465320587158,,3.4297585487365723,,12,3.571706771850586,,14149
7.154721260070801,,3.4614152908325195,,12,3.6933059692382812,,14159
7.072260856628418,,3.5282976627349854,,12,3.5439629554748535,,14169
7.299396514892578,,3.5817160606384277,,12,3.7176802158355713,,14179
7.413244724273682,,3.650614023208618,,12,3.7626307010650635,,14189
7.245279312133789,,3.5003480911254883,,12,3.7449309825897217,,14199
7.094393253326416,,3.4637022018432617,,12,3.6306910514831543,,14209
7.104462623596191,,3.5100760459899902,,12,3.5943868160247803,,14219
7.177946090698242,,3.4895262718200684,,12,3.6884195804595947,,14229
7.328067779541016,,3.566749095916748,,12,3.7613189220428467,,14239
7.089073181152344,,3.520005702972412,,12,3.5690672397613525,,14249
7.005080699920654,,3.4128670692443848,,12,3.5922136306762695,,14259
6.91402530670166,,3.4279918670654297,,12,3.4860334396362305,,14269
7.182060718536377,,3.5404181480407715,,12,3.6416425704956055,,14279
7.317246437072754,,3.5310659408569336,,12,3.786180257797241,,14289
7.117741107940674,,3.5020689964294434,,12,3.6156721115112305,,14299
7.285078048706055,,3.5555644035339355,,12,3.7295138835906982,,14309
7.158782958984375,,3.4762301445007324,,12,3.6825530529022217,,14319
6.932326316833496,,3.4449644088745117,,12,3.4873616695404053,,14329
7.114796161651611,,3.482639789581299,,12,3.6321563720703125,,14339
7.056483268737793,,3.5369462966918945,,12,3.5195372104644775,,14349
6.928661346435547,,3.4406652450561523,,12,3.4879958629608154,,14359
7.122653007507324,,3.4170236587524414,,12,3.7056291103363037,,14369
6.968658924102783,,3.4962258338928223,,12,3.472433090209961,,14379
7.141399383544922,,3.4785313606262207,,12,3.6628682613372803,,14389
6.894571304321289,,3.453037977218628,,12,3.441533088684082,,14399
7.107936382293701,,3.489187717437744,,12,3.618748664855957,,14409
7.25407075881958,,3.548131227493286,,12,3.705939531326294,,14419
7.110480308532715,,3.5033345222473145,,12,3.6071455478668213,,14429
7.276618957519531,,3.5767579078674316,,12,3.6998612880706787,,14439
7.3499016761779785,,3.4821929931640625,,12,3.867708683013916,,14449
7.006443977355957,,3.428243637084961,,12,3.578200578689575,,14459
7.034088134765625,,3.4930319786071777,,12,3.541055917739868,,14469
7.127046585083008,,3.537721633911133,,12,3.589324951171875,,14479
7.216548442840576,,3.553408622741699,,12,3.663139820098877,,14489
7.0582427978515625,,3.574362277984619,,12,3.4838802814483643,,14499
7.2041730880737305,,3.570756435394287,,12,3.6334164142608643,,14509
7.108282089233398,,3.415656328201294,,12,3.6926257610321045,,14519
7.170482158660889,,3.54500675201416,,12,3.6254754066467285,,14529
7.220242023468018,,3.548501968383789,,12,3.6717400550842285,,14539
7.174073219299316,,3.487003803253174,,12,3.6870696544647217,,14549
7.2605462074279785,,3.462717056274414,,12,3.7978291511535645,,14559
7.243006706237793,,3.4670753479003906,,12,3.7759311199188232,,14569
6.966872215270996,,3.4559545516967773,,12,3.5109176635742188,,14579
7.218355178833008,,3.51800537109375,,12,3.7003495693206787,,14589
6.818601608276367,,3.4695982933044434,,12,3.3490030765533447,,14599
7.163341522216797,,3.5504279136657715,,12,3.6129138469696045,,14609
7.150824546813965,,3.615602493286133,,12,3.535222053527832,,14619
7.071791648864746,,3.4880752563476562,,12,3.5837161540985107,,14629
7.052214622497559,,3.4969053268432617,,12,3.5553090572357178,,14639
7.195609092712402,,3.4401326179504395,,12,3.755476236343384,,14649
7.47415828704834,,3.5448427200317383,,12,3.9293153285980225,,14659
7.14317512512207,,3.483369827270508,,12,3.6598052978515625,,14669
7.123665809631348,,3.506955146789551,,12,3.616710901260376,,14679
7.113258361816406,,3.4229183197021484,,12,3.690340280532837,,14689
7.0313920974731445,,3.492654323577881,,12,3.5387380123138428,,14699
7.082221508026123,,3.4622485637664795,,12,3.6199729442596436,,14709
7.047804355621338,,3.48305606842041,,12,3.5647482872009277,,14719
7.300339698791504,,3.5611133575439453,,12,3.7392265796661377,,14729
7.13754940032959,,3.522738456726074,,12,3.6148111820220947,,14739
7.024920463562012,,3.4941303730010986,,12,3.530789852142334,,14749
7.052009582519531,,3.4524121284484863,,12,3.599597454071045,,14759
6.954967498779297,,3.443394184112549,,12,3.511573076248169,,14769
7.23130989074707,,3.5867302417755127,,12,3.6445794105529785,,14779
6.7012834548950195,,3.395806312561035,,12,3.3054769039154053,,14789
7.133920192718506,,3.4967360496520996,,12,3.6371841430664062,,14799
7.246005058288574,,3.5178771018981934,,12,3.7281277179718018,,14809
7.249218940734863,,3.4902546405792236,,12,3.7589640617370605,,14819
6.979379177093506,,3.472644805908203,,12,3.5067343711853027,,14829
7.134265899658203,,3.4395053386688232,,12,3.694760799407959,,14839
7.006783962249756,,3.4391746520996094,,12,3.5676093101501465,,14849
7.185850143432617,,3.547654628753662,,12,3.638195753097534,,14859
6.917153358459473,,3.435976505279541,,12,3.4811770915985107,,14869
7.004058837890625,,3.461183786392212,,12,3.542875289916992,,14879
7.170164108276367,,3.5295794010162354,,12,3.640584945678711,,14889
7.153779983520508,,3.510432720184326,,12,3.6433475017547607,,14899
7.243114471435547,,3.4559502601623535,,12,3.7871639728546143,,14909
7.23029899597168,,3.475930690765381,,12,3.7543680667877197,,14919
7.124626159667969,,3.4519238471984863,,12,3.6727025508880615,,14929
7.007454872131348,,3.483295440673828,,12,3.5241594314575195,,14939
7.002427577972412,,3.484031915664673,,12,3.5183956623077393,,14949
7.162449836730957,,3.4227447509765625,,12,3.7397050857543945,,14959
6.913722991943359,,3.4255471229553223,,12,3.488175630569458,,14969
6.958015441894531,,3.403079032897949,,12,3.554936408996582,,14979
,7.101373195648193,,3.4909729957580566,12,,3.6103999614715576,14988
7.017853736877441,,3.443676471710205,,13,3.5741770267486572,,14989
7.116266250610352,,3.466944694519043,,13,3.6493217945098877,,14999
7.052140712738037,,3.4191734790802,,13,3.632967233657837,,15009
7.13306999206543,,3.468076467514038,,13,3.6649932861328125,,15019
7.087952613830566,,3.4551587104797363,,13,3.632794141769409,,15029
7.210031986236572,,3.5692920684814453,,13,3.640739917755127,,15039
6.965193748474121,,3.4668960571289062,,13,3.4982974529266357,,15049
6.747928619384766,,3.400750160217285,,13,3.3471782207489014,,15059
6.973879337310791,,3.4403553009033203,,13,3.5335240364074707,,15069
6.672830581665039,,3.3971590995788574,,13,3.2756717205047607,,15079
7.000716209411621,,3.415177583694458,,13,3.585538387298584,,15089
7.205227851867676,,3.517889976501465,,13,3.68733811378479,,15099
7.18021821975708,,3.4538533687591553,,13,3.726364850997925,,15109
7.191802024841309,,3.4964911937713623,,13,3.6953108310699463,,15119
7.248945236206055,,3.5371201038360596,,13,3.711825370788574,,15129
7.032768249511719,,3.4486703872680664,,13,3.5840976238250732,,15139
7.009013652801514,,3.4389419555664062,,13,3.5700716972351074,,15149
6.864638328552246,,3.3919336795806885,,13,3.4727048873901367,,15159
6.954656600952148,,3.4458673000335693,,13,3.5087890625,,15169
7.167319297790527,,3.46163010597229,,13,3.7056891918182373,,15179
7.046060562133789,,3.395439624786377,,13,3.650620698928833,,15189
7.3634033203125,,3.635221481323242,,13,3.728182077407837,,15199
6.849059104919434,,3.4384121894836426,,13,3.410646915435791,,15209
7.019351482391357,,3.4113779067993164,,13,3.607973575592041,,15219
6.899542808532715,,3.5011188983917236,,13,3.398423910140991,,15229
6.935252666473389,,3.4450254440307617,,13,3.490227222442627,,15239
6.990328788757324,,3.465823173522949,,13,3.524505615234375,,15249
6.971329689025879,,3.5030338764190674,,13,3.4682955741882324,,15259
6.927718162536621,,3.3958942890167236,,13,3.5318238735198975,,15269
6.951984882354736,,3.405864715576172,,13,3.5461201667785645,,15279
6.986839294433594,,3.5025267601013184,,13,3.4843122959136963,,15289
6.918208122253418,,3.371556520462036,,13,3.5466513633728027,,15299
7.1414103507995605,,3.516118049621582,,13,3.6252923011779785,,15309
7.090023040771484,,3.4688804149627686,,13,3.6211423873901367,,15319
7.0234293937683105,,3.4181766510009766,,13,3.605252742767334,,15329
6.911888122558594,,3.3994855880737305,,13,3.5124025344848633,,15339
7.116790294647217,,3.606917142868042,,13,3.509873151779175,,15349
6.880633354187012,,3.4456849098205566,,13,3.434948682785034,,15359
6.969857215881348,,3.4445154666900635,,13,3.5253419876098633,,15369
7.084778785705566,,3.4836058616638184,,13,3.601172924041748,,15379
6.876688480377197,,3.4057693481445312,,13,3.470919132232666,,15389
7.298001766204834,,3.533635139465332,,13,3.764366626739502,,15399
6.904375076293945,,3.356411933898926,,13,3.5479629039764404,,15409
6.9663801193237305,,3.434521198272705,,13,3.5318591594696045,,15419
6.87748908996582,,3.451162815093994,,13,3.4263265132904053,,15429
6.898963928222656,,3.3892149925231934,,13,3.509749174118042,,15439
6.995901107788086,,3.3985705375671387,,13,3.597330331802368,,15449
7.06927490234375,,3.5026302337646484,,13,3.5666444301605225,,15459
7.07680082321167,,3.4636287689208984,,13,3.6131720542907715,,15469
6.9895172119140625,,3.4163661003112793,,13,3.5731513500213623,,15479
7.187679290771484,,3.4316563606262207,,13,3.7560231685638428,,15489
6.977568626403809,,3.4665822982788086,,13,3.510986328125,,15499
6.893409729003906,,3.3914289474487305,,13,3.5019805431365967,,15509
7.187140464782715,,3.5025012493133545,,13,3.6846394538879395,,15519
7.126756191253662,,3.4999656677246094,,13,3.6267905235290527,,15529
6.873563289642334,,3.4798107147216797,,13,3.3937525749206543,,15539
6.959541320800781,,3.4343395233154297,,13,3.5252020359039307,,15549
7.0716729164123535,,3.4465837478637695,,13,3.625089168548584,,15559
7.102660179138184,,3.460108995437622,,13,3.6425509452819824,,15569
6.895731449127197,,3.518038272857666,,13,3.3776931762695312,,15579
7.232214450836182,,3.4721226692199707,,13,3.760091781616211,,15589
7.079370498657227,,3.3750576972961426,,13,3.704312801361084,,15599
7.224041938781738,,3.5683743953704834,,13,3.655667304992676,,15609
6.8896074295043945,,3.3913233280181885,,13,3.498284101486206,,15619
7.076201438903809,,3.5677061080932617,,13,3.508495569229126,,15629
7.365383148193359,,3.6205692291259766,,13,3.7448136806488037,,15639
6.9453229904174805,,3.474144458770752,,13,3.4711785316467285,,15649
7.277801513671875,,3.507845401763916,,13,3.769956111907959,,15659
7.0416035652160645,,3.5384836196899414,,13,3.503119945526123,,15669
6.878240585327148,,3.4335122108459473,,13,3.4447286128997803,,15679
6.9333953857421875,,3.40639066696167,,13,3.5270049571990967,,15689
7.051488876342773,,3.5758471488952637,,13,3.4756414890289307,,15699
6.845302581787109,,3.417595386505127,,13,3.4277071952819824,,15709
6.87368106842041,,3.4610962867736816,,13,3.4125847816467285,,15719
6.88995361328125,,3.384950876235962,,13,3.505002975463867,,15729
6.874754905700684,,3.521573543548584,,13,3.3531813621520996,,15739
7.1458868980407715,,3.4134578704833984,,13,3.732429027557373,,15749
7.157369613647461,,3.490882396697998,,13,3.666487455368042,,15759
6.9859619140625,,3.5292158126831055,,13,3.4567458629608154,,15769
7.057568550109863,,3.5816755294799805,,13,3.4758927822113037,,15779
6.783604145050049,,3.4358413219451904,,13,3.3477628231048584,,15789
6.9605937004089355,,3.363476276397705,,13,3.5971174240112305,,15799
6.933382034301758,,3.511040687561035,,13,3.4223415851593018,,15809
6.937036991119385,,3.4247848987579346,,13,3.51225209236145,,15819
7.129321098327637,,3.480651378631592,,13,3.648669958114624,,15829
7.246606826782227,,3.485445976257324,,13,3.7611606121063232,,15839
7.027679443359375,,3.4185590744018555,,13,3.6091203689575195,,15849
6.8842973709106445,,3.5230674743652344,,13,3.36122989654541,,15859
7.084097862243652,,3.4959142208099365,,13,3.588183879852295,,15869
7.1010236740112305,,3.5140347480773926,,13,3.586988687515259,,15879
6.825336456298828,,3.446019172668457,,13,3.379317045211792,,15889
6.889791488647461,,3.47291898727417,,13,3.416872501373291,,15899
6.965482711791992,,3.490400791168213,,13,3.4750819206237793,,15909
7.086421966552734,,3.4396793842315674,,13,3.646742582321167,,15919
6.999778747558594,,3.5463876724243164,,13,3.4533913135528564,,15929
6.7278337478637695,,3.3998119831085205,,13,3.328022003173828,,15939
7.0003132820129395,,3.395106315612793,,13,3.6052069664001465,,15949
6.869588851928711,,3.390791654586792,,13,3.478797435760498,,15959
6.6528778076171875,,3.3966472148895264,,13,3.256230592727661,,15969
6.924708366394043,,3.505817174911499,,13,3.418891429901123,,15979
6.995361328125,,3.460235357284546,,13,3.535125732421875,,15989
7.013971328735352,,3.5209333896636963,,13,3.493037700653076,,15999
7.014513969421387,,3.4421253204345703,,13,3.5723884105682373,,16009
6.970324993133545,,3.481788396835327,,13,3.4885365962982178,,16019
6.939141750335693,,3.4364428520202637,,13,3.5026988983154297,,16029
6.946077346801758,,3.4446358680725098,,13,3.501441478729248,,16039
7.012588024139404,,3.3839964866638184,,13,3.628591537475586,,16049
7.321748733520508,,3.5092172622680664,,13,3.8125317096710205,,16059
6.845127105712891,,3.4435315132141113,,13,3.4015953540802,,16069
7.06864070892334,,3.4900012016296387,,13,3.5786397457122803,,16079
6.896358489990234,,3.3966524600982666,,13,3.4997060298919678,,16089
6.918820381164551,,3.429952383041382,,13,3.488868236541748,,16099
7.2167792320251465,,3.549586296081543,,13,3.6671929359436035,,16109
7.111563682556152,,3.5167627334594727,,13,3.594801187515259,,16119
7.101839542388916,,3.5005838871002197,,13,3.6012556552886963,,16129
6.958347797393799,,3.4657347202301025,,13,3.4926130771636963,,16139
,7.00110387802124,,3.4556870460510254,13,,3.5454165935516357,16141
7.103516578674316,,3.4487409591674805,,14,3.654775857925415,,16149
6.78334379196167,,3.434500217437744,,14,3.348843574523926,,16159
6.661425590515137,,3.380645513534546,,14,3.2807798385620117,,16169
6.809718132019043,,3.3805575370788574,,14,3.4291603565216064,,16179
6.944632530212402,,3.410482883453369,,14,3.534149646759033,,16189
6.765043258666992,,3.435096263885498,,14,3.329946756362915,,16199
6.845717430114746,,3.4713568687438965,,14,3.3743607997894287,,16209
6.792908668518066,,3.326040029525757,,14,3.4668684005737305,,16219
6.868762016296387,,3.3505406379699707,,14,3.518221378326416,,16229
6.790340900421143,,3.3789000511169434,,14,3.411440849304199,,16239
7.102169036865234,,3.522306442260742,,14,3.5798628330230713,,16249
6.930563926696777,,3.370922088623047,,14,3.5596418380737305,,16259
7.120212554931641,,3.501162528991699,,14,3.6190497875213623,,16269
6.88239049911499,,3.419271469116211,,14,3.4631190299987793,,16279
6.895706653594971,,3.427194356918335,,14,3.4685122966766357,,16289
6.775953769683838,,3.392831325531006,,14,3.383122444152832,,16299
7.149921417236328,,3.5099165439605713,,14,3.640005111694336,,16309
7.032054901123047,,3.394099235534668,,14,3.6379554271698,,16319
7.07840633392334,,3.416970729827881,,14,3.661435604095459,,16329
6.952247619628906,,3.4362826347351074,,14,3.515965223312378,,16339
6.907626152038574,,3.3604490756988525,,14,3.5471770763397217,,16349
6.81948709487915,,3.387744426727295,,14,3.4317426681518555,,16359
6.882388114929199,,3.361035108566284,,14,3.521353006362915,,16369
6.947229862213135,,3.4347500801086426,,14,3.512479782104492,,16379
6.976846694946289,,3.373654842376709,,14,3.603192090988159,,16389
6.769947052001953,,3.420865297317505,,14,3.3490817546844482,,16399
6.696840286254883,,3.36881160736084,,14,3.328028440475464,,16409
6.854556560516357,,3.4301960468292236,,14,3.424360513687134,,16419
6.813007354736328,,3.3764541149139404,,14,3.436553478240967,,16429
6.984983444213867,,3.5060548782348633,,14,3.478928327560425,,16439
7.095952033996582,,3.502713203430176,,14,3.5932388305664062,,16449
6.844164848327637,,3.432706832885742,,14,3.4114577770233154,,16459
7.07330846786499,,3.50860595703125,,14,3.5647025108337402,,16469
7.156185626983643,,3.4056901931762695,,14,3.750495433807373,,16479
6.8136796951293945,,3.4528965950012207,,14,3.360783338546753,,16489
6.7461256980896,,3.408031463623047,,14,3.3380942344665527,,16499
6.956119537353516,,3.3897223472595215,,14,3.5663974285125732,,16509
6.877469062805176,,3.397430419921875,,14,3.4800384044647217,,16519
6.9309844970703125,,3.400041341781616,,14,3.5309431552886963,,16529
6.832528114318848,,3.3899993896484375,,14,3.442528486251831,,16539
6.691397190093994,,3.398099899291992,,14,3.293297290802002,,16549
6.832704544067383,,3.3592467308044434,,14,3.4734578132629395,,16559
6.8886871337890625,,3.3531460762023926,,14,3.53554105758667,,16569
6.997166156768799,,3.3693597316741943,,14,3.6278064250946045,,16579
6.787823677062988,,3.3320252895355225,,14,3.4557981491088867,,16589
6.897489547729492,,3.4474549293518066,,14,3.4500346183776855,,16599
6.86409330368042,,3.41402006149292,,14,3.4500732421875,,16609
7.024369239807129,,3.4130733013153076,,14,3.611295700073242,,16619
7.004502296447754,,3.453725814819336,,14,3.550776481628418,,16629
6.952326774597168,,3.4112274646759033,,14,3.5410990715026855,,16639
6.817624092102051,,3.410543918609619,,14,3.4070799350738525,,16649
6.821534633636475,,3.3374996185302734,,14,3.484035015106201,,16659
6.858803749084473,,3.3626160621643066,,14,3.496187448501587,,16669
7.192809104919434,,3.57277774810791,,14,3.6200315952301025,,16679
6.731001853942871,,3.3773915767669678,,14,3.353610038757324,,16689
6.816509246826172,,3.381558418273926,,14,3.434951066970825,,16699
6.786920547485352,,3.4102418422698975,,14,3.376678943634033,,16709
6.807442665100098,,3.429682731628418,,14,3.3777599334716797,,16719
6.91690731048584,,3.5333187580108643,,14,3.3835887908935547,,16729
6.929157257080078,,3.387768030166626,,14,3.5413894653320312,,16739
6.619119167327881,,3.368849277496338,,14,3.250269889831543,,16749
6.715902328491211,,3.323355197906494,,14,3.3925468921661377,,16759
7.043803691864014,,3.497983932495117,,14,3.5458197593688965,,16769
6.8366193771362305,,3.3724205493927,,14,3.4641988277435303,,16779
6.743036270141602,,3.3499138355255127,,14,3.3931221961975098,,16789
7.228176116943359,,3.432915210723877,,14,3.7952609062194824,,16799
7.215882301330566,,3.4178595542907715,,14,3.798022747039795,,16809
7.102555274963379,,3.427741527557373,,14,3.6748135089874268,,16819
6.901876449584961,,3.4671061038970947,,14,3.434770345687866,,16829
6.848064422607422,,3.3873484134674072,,14,3.4607157707214355,,16839
6.862607002258301,,3.402317762374878,,14,3.460289478302002,,16849
7.147441864013672,,3.5220932960510254,,14,3.6253485679626465,,16859
6.965041637420654,,3.4964942932128906,,14,3.4685473442077637,,16869
6.936022758483887,,3.393867015838623,,14,3.5421559810638428,,16879
6.886696815490723,,3.3475241661071777,,14,3.539172887802124,,16889
6.831503868103027,,3.521909713745117,,14,3.30959415435791,,16899
7.029006004333496,,3.392868995666504,,14,3.6361372470855713,,16909
6.8837409019470215,,3.4341776371002197,,14,3.4495632648468018,,16919
7.092726230621338,,3.5047600269317627,,14,3.587966203689575,,16929
6.918977737426758,,3.3707399368286133,,14,3.5482378005981445,,16939
7.0486555099487305,,3.423583984375,,14,3.6250715255737305,,16949
6.904774188995361,,3.391808271408081,,14,3.5129659175872803,,16959
6.809567451477051,,3.4118688106536865,,14,3.3976986408233643,,16969
6.804081916809082,,3.382615089416504,,14,3.4214670658111572,,16979
6.724445343017578,,3.3435487747192383,,14,3.3808963298797607,,16989
6.709718704223633,,3.4097490310668945,,14,3.2999696731567383,,16999
6.700597763061523,,3.4107375144958496,,14,3.289860486984253,,17009
7.086342811584473,,3.4370124340057373,,14,3.6493306159973145,,17019
6.993566513061523,,3.3797619342803955,,14,3.613804578781128,,17029
6.701504707336426,,3.395101547241211,,14,3.3064029216766357,,17039
7.006500244140625,,3.406907081604004,,14,3.5995934009552,,17049
7.0258941650390625,,3.429103374481201,,14,3.5967910289764404,,17059
6.857481956481934,,3.350429058074951,,14,3.5070528984069824,,17069
6.728505611419678,,3.353369951248169,,14,3.375135660171509,,17079
6.793736934661865,,3.360365629196167,,14,3.4333713054656982,,17089
6.885692119598389,,3.372735023498535,,14,3.5129570960998535,,17099
7.2143964767456055,,3.5519728660583496,,14,3.6624233722686768,,17109
6.9679718017578125,,3.4012653827667236,,14,3.566706657409668,,17119
6.809696674346924,,3.376126289367676,,14,3.433570384979248,,17129
6.8233642578125,,3.4121503829956055,,14,3.4112138748168945,,17139
6.761338233947754,,3.406954765319824,,14,3.3543834686279297,,17149
6.735130786895752,,3.3837056159973145,,14,3.3514251708984375,,17159
6.758006572723389,,3.3348450660705566,,14,3.423161506652832,,17169
6.635758399963379,,3.3291306495666504,,14,3.3066275119781494,,17179
6.930001258850098,,3.3936784267425537,,14,3.536323070526123,,17189
6.903076171875,,3.4043755531311035,,14,3.4987006187438965,,17199
6.81070613861084,,3.3557333946228027,,14,3.454972505569458,,17209
6.869922161102295,,3.465116024017334,,14,3.404806137084961,,17219
6.7316436767578125,,3.4399678707122803,,14,3.291675567626953,,17229
6.775017261505127,,3.3489484786987305,,14,3.4260687828063965,,17239
6.877921104431152,,3.40339994430542,,14,3.4745211601257324,,17249
7.013897895812988,,3.4350061416625977,,14,3.5788919925689697,,17259
6.80084753036499,,3.3650014400482178,,14,3.4358460903167725,,17269
6.972570896148682,,3.403226852416992,,14,3.5693440437316895,,17279
7.056827545166016,,3.5551600456237793,,14,3.5016672611236572,,17289
,6.91253137588501,,3.4210832118988037,14,,3.491448402404785,17294
7.090837478637695,,3.4174280166625977,,15,3.6734097003936768,,17299
6.817666053771973,,3.412095785140991,,15,3.4055705070495605,,17309
6.8819966316223145,,3.3588876724243164,,15,3.523108959197998,,17319
6.901393890380859,,3.4012746810913086,,15,3.5001189708709717,,17329
6.891097545623779,,3.4430861473083496,,15,3.4480113983154297,,17339
6.703624725341797,,3.3566231727600098,,15,3.347001314163208,,17349
6.925025939941406,,3.388129949569702,,15,3.536895751953125,,17359
6.845088481903076,,3.3918237686157227,,15,3.4532647132873535,,17369
6.6354169845581055,,3.375251054763794,,15,3.2601659297943115,,17379
6.625388145446777,,3.3037052154541016,,15,3.3216826915740967,,17389
6.833403587341309,,3.588198184967041,,15,3.2452056407928467,,17399
6.794279098510742,,3.3614399433135986,,15,3.4328389167785645,,17409
6.834102630615234,,3.3048200607299805,,15,3.529282331466675,,17419
6.742306709289551,,3.449352264404297,,15,3.292954206466675,,17429
6.7069501876831055,,3.48643159866333,,15,3.2205188274383545,,17439
7.157352447509766,,3.5351943969726562,,15,3.6221578121185303,,17449
7.005980014801025,,3.4539828300476074,,15,3.551997184753418,,17459
6.832521438598633,,3.4545528888702393,,15,3.3779683113098145,,17469
7.037142753601074,,3.475165605545044,,15,3.5619771480560303,,17479
6.7547807693481445,,3.479228973388672,,15,3.2755520343780518,,17489
6.875253677368164,,3.39127516746521,,15,3.483978271484375,,17499
6.677516937255859,,3.314079999923706,,15,3.363436698913574,,17509
7.011010646820068,,3.425049066543579,,15,3.5859615802764893,,17519
6.902349472045898,,3.419788360595703,,15,3.4825613498687744,,17529
6.840824127197266,,3.335977077484131,,15,3.5048468112945557,,17539
6.920238494873047,,3.3989720344543457,,15,3.5212666988372803,,17549
6.72327995300293,,3.3357996940612793,,15,3.3874800205230713,,17559
6.78621244430542,,3.4264230728149414,,15,3.3597893714904785,,17569
6.576197624206543,,3.322809934616089,,15,3.253387928009033,,17579
6.838315963745117,,3.373197317123413,,15,3.465118408203125,,17589
6.826431751251221,,3.337703227996826,,15,3.4887285232543945,,17599
6.98060941696167,,3.507211923599243,,15,3.4733974933624268,,17609
6.888265609741211,,3.379260540008545,,15,3.509004831314087,,17619
6.626660346984863,,3.3623125553131104,,15,3.264347791671753,,17629
6.7840681076049805,,3.4122507572174072,,15,3.3718173503875732,,17639
6.796453475952148,,3.3483493328094482,,15,3.4481043815612793,,17649
6.841829299926758,,3.3920068740844727,,15,3.4498226642608643,,17659
6.923003196716309,,3.366804838180542,,15,3.5561981201171875,,17669
6.85338830947876,,3.378098249435425,,15,3.475290060043335,,17679
6.873154163360596,,3.398184061050415,,15,3.4749701023101807,,17689
7.116387367248535,,3.405949354171753,,15,3.7104380130767822,,17699
6.582705497741699,,3.2796144485473633,,15,3.303091287612915,,17709
6.802365303039551,,3.327669620513916,,15,3.4746956825256348,,17719
6.7511796951293945,,3.3415355682373047,,15,3.4096438884735107,,17729
6.890480995178223,,3.420660972595215,,15,3.4698197841644287,,17739
6.685742378234863,,3.3669466972351074,,15,3.318795680999756,,17749
6.826803207397461,,3.3687655925750732,,15,3.4580376148223877,,17759
6.747183799743652,,3.3605878353118896,,15,3.3865959644317627,,17769
6.641501426696777,,3.310065746307373,,15,3.3314356803894043,,17779
6.823032855987549,,3.4464337825775146,,15,3.376599073410034,,17789
6.877896308898926,,3.4544589519500732,,15,3.4234371185302734,,17799
6.675044059753418,,3.3342504501342773,,15,3.3407933712005615,,17809
6.540990352630615,,3.304678201675415,,15,3.2363121509552,,17819
6.884695053100586,,3.360659122467041,,15,3.524035930633545,,17829
6.82199239730835,,3.3913307189941406,,15,3.430661678314209,,17839
6.814366340637207,,3.2863097190856934,,15,3.5280568599700928,,17849
6.724250793457031,,3.371718645095825,,15,3.352532148361206,,17859
6.681472301483154,,3.3890676498413086,,15,3.2924046516418457,,17869
6.913329124450684,,3.3437585830688477,,15,3.569570541381836,,17879
7.0237016677856445,,3.427166223526001,,15,3.5965352058410645,,17889
6.810481548309326,,3.3610169887542725,,15,3.4494645595550537,,17899
6.768562316894531,,3.329227924346924,,15,3.4393346309661865,,17909
6.786710739135742,,3.4488368034362793,,15,3.337873697280884,,17919
6.760258674621582,,3.35162091255188,,15,3.408637523651123,,17929
6.986448287963867,,3.4724950790405273,,15,3.5139529705047607,,17939
7.009675025939941,,3.4598424434661865,,15,3.549832820892334,,17949
6.683208465576172,,3.421264886856079,,15,3.2619433403015137,,17959
6.665041446685791,,3.374812364578247,,15,3.290229082107544,,17969
6.761483192443848,,3.4466381072998047,,15,3.314845085144043,,17979
7.073042392730713,,3.5473783016204834,,15,3.5256640911102295,,17989
6.988964557647705,,3.3395192623138428,,15,3.6494452953338623,,17999
6.688392639160156,,3.3503103256225586,,15,3.3380820751190186,,18009
6.9907989501953125,,3.4650585651397705,,15,3.525740385055542,,18019
7.044975280761719,,3.441351890563965,,15,3.603623628616333,,18029
6.6721038818359375,,3.3320250511169434,,15,3.3400790691375732,,18039
6.792795658111572,,3.297639846801758,,15,3.4951558113098145,,18049
6.93839168548584,,3.375577688217163,,15,3.5628139972686768,,18059
6.841626167297363,,3.396310329437256,,15,3.4453158378601074,,18069
6.613381385803223,,3.3321280479431152,,15,3.2812533378601074,,18079
6.9210920333862305,,3.307600498199463,,15,3.6134912967681885,,18089
6.903700351715088,,3.3974080085754395,,15,3.5062923431396484,,18099
6.658290863037109,,3.3423197269439697,,15,3.3159708976745605,,18109
6.811661720275879,,3.339826822280884,,15,3.471834659576416,,18119
6.763027191162109,,3.3717916011810303,,15,3.3912353515625,,18129
6.914332389831543,,3.422126293182373,,15,3.492206335067749,,18139
6.903255462646484,,3.5202345848083496,,15,3.3830208778381348,,18149
7.0077314376831055,,3.4800679683685303,,15,3.527663469314575,,18159
7.0452880859375,,3.43436861038208,,15,3.61091947555542,,18169
6.720945358276367,,3.3321523666381836,,15,3.3887932300567627,,18179
7.009198188781738,,3.4403347969055176,,15,3.5688636302948,,18189
6.779033660888672,,3.409088134765625,,15,3.3699452877044678,,18199
6.894807815551758,,3.4120020866394043,,15,3.4828054904937744,,18209
6.905621528625488,,3.3529415130615234,,15,3.5526797771453857,,18219
6.878548622131348,,3.379096031188965,,15,3.4994523525238037,,18229
6.900025367736816,,3.3864145278930664,,15,3.51361083984375,,18239
6.770355224609375,,3.3843274116516113,,15,3.3860280513763428,,18249
6.764698028564453,,3.361166477203369,,15,3.403531551361084,,18259
6.741764068603516,,3.3220949172973633,,15,3.4196689128875732,,18269
6.857583045959473,,3.3535447120666504,,15,3.504038095474243,,18279
6.513297080993652,,3.3056113719940186,,15,3.207685708999634,,18289
6.805204391479492,,3.4336190223693848,,15,3.3715853691101074,,18299
6.740382194519043,,3.338528633117676,,15,3.4018537998199463,,18309
6.870146751403809,,3.4554481506347656,,15,3.414698600769043,,18319
6.633399486541748,,3.3689639568328857,,15,3.2644355297088623,,18329
6.662184715270996,,3.3268492221832275,,15,3.3353354930877686,,18339
6.572511672973633,,3.291572093963623,,15,3.2809395790100098,,18349
6.8731608390808105,,3.3694212436676025,,15,3.503739595413208,,18359
6.827313423156738,,3.415470600128174,,15,3.4118428230285645,,18369
6.717489719390869,,3.4090685844421387,,15,3.3084211349487305,,18379
7.055026054382324,,3.509229898452759,,15,3.5457961559295654,,18389
6.852602958679199,,3.463754653930664,,15,3.3888485431671143,,18399
6.820644855499268,,3.4654622077941895,,15,3.355182647705078,,18409
6.690072059631348,,3.4504482746124268,,15,3.239623546600342,,18419
6.820417404174805,,3.4460203647613525,,15,3.374396800994873,,18429
6.708617210388184,,3.313418388366699,,15,3.3951985836029053,,18439
,6.833189487457275,,3.3922197818756104,15,,3.440969944000244,18447
6.531829833984375,,3.32002854347229,,16,3.211801528930664,,18449
6.736374855041504,,3.3160672187805176,,16,3.4203078746795654,,18459
6.67921257019043,,3.302363634109497,,16,3.3768491744995117,,18469
6.577173233032227,,3.2600579261779785,,16,3.317115068435669,,18479
6.648940563201904,,3.3733253479003906,,16,3.2756152153015137,,18489
6.8698625564575195,,3.346440076828003,,16,3.5234227180480957,,18499
6.874032974243164,,3.3993420600891113,,16,3.4746909141540527,,18509
6.84431266784668,,3.403651714324951,,16,3.4406607151031494,,18519
7.102225303649902,,3.4918746948242188,,16,3.6103503704071045,,18529
6.834164142608643,,3.321052074432373,,16,3.5131120681762695,,18539
6.616339206695557,,3.3695268630981445,,16,3.246812343597412,,18549
6.790877819061279,,3.330150604248047,,16,3.4607272148132324,,18559
6.7242655754089355,,3.358994960784912,,16,3.3652706146240234,,18569
6.650435924530029,,3.446200132369995,,16,3.204235792160034,,18579
6.872633934020996,,3.4114766120910645,,16,3.4611575603485107,,18589
6.990121364593506,,3.4533419609069824,,16,3.5367794036865234,,18599
6.864963531494141,,3.3425259590148926,,16,3.522437572479248,,18609
6.854230880737305,,3.472280979156494,,16,3.3819496631622314,,18619
6.798002243041992,,3.340208053588867,,16,3.457794189453125,,18629
6.668127059936523,,3.4192328453063965,,16,3.248894453048706,,18639
6.733440399169922,,3.3179430961608887,,16,3.4154975414276123,,18649
6.913599014282227,,3.332876205444336,,16,3.5807230472564697,,18659
6.8100361824035645,,3.373568058013916,,16,3.4364681243896484,,18669
6.883869171142578,,3.4170989990234375,,16,3.4667704105377197,,18679
6.98591423034668,,3.489912509918213,,16,3.4960014820098877,,18689
6.78317403793335,,3.348205327987671,,16,3.4349687099456787,,18699
6.845701217651367,,3.3325252532958984,,16,3.5131759643554688,,18709
6.758471965789795,,3.36897611618042,,16,3.389495849609375,,18719
6.580069541931152,,3.352153778076172,,16,3.2279155254364014,,18729
6.853391170501709,,3.3800482749938965,,16,3.4733428955078125,,18739
6.8801469802856445,,3.529325008392334,,16,3.3508217334747314,,18749
7.146186828613281,,3.5439774990081787,,16,3.6022093296051025,,18759
6.614736080169678,,3.3551483154296875,,16,3.2595877647399902,,18769
6.816436767578125,,3.2734265327453613,,16,3.5430102348327637,,18779
6.876879692077637,,3.372568130493164,,16,3.5043113231658936,,18789
6.853324890136719,,3.480757236480713,,16,3.372567892074585,,18799
6.540043830871582,,3.3094115257263184,,16,3.2306323051452637,,18809
6.874271869659424,,3.378035068511963,,16,3.496236801147461,,18819
6.879263877868652,,3.4095349311828613,,16,3.469728946685791,,18829
6.756636142730713,,3.444340705871582,,16,3.312295436859131,,18839
6.803245544433594,,3.422504425048828,,16,3.3807413578033447,,18849
6.8415727615356445,,3.290571928024292,,16,3.5510008335113525,,18859
6.5387372970581055,,3.283034324645996,,16,3.2557027339935303,,18869
6.691396713256836,,3.306619882583618,,16,3.3847768306732178,,18879
7.146231651306152,,3.4091317653656006,,16,3.7370998859405518,,18889
7.04277229309082,,3.4437661170959473,,16,3.599006175994873,,18899
6.716444969177246,,3.3807532787323,,16,3.3356916904449463,,18909
6.574645042419434,,3.2765095233917236,,16,3.298135757446289,,18919
6.984559059143066,,3.397413969039917,,16,3.5871453285217285,,18929
6.773965835571289,,3.3475117683410645,,16,3.4264543056488037,,18939
6.642163276672363,,3.3090262413024902,,16,3.333136796951294,,18949
6.743303298950195,,3.3321430683135986,,16,3.4111602306365967,,18959
6.715487003326416,,3.462387800216675,,16,3.253099203109741,,18969
6.596656799316406,,3.390946865081787,,16,3.2057101726531982,,18979
6.91486120223999,,3.461850643157959,,16,3.4530105590820312,,18989
6.781961441040039,,3.268178939819336,,16,3.5137827396392822,,18999
7.207730293273926,,3.6315956115722656,,16,3.5761349201202393,,19009
6.556732177734375,,3.348604202270508,,16,3.208127975463867,,19019
6.698596000671387,,3.346097469329834,,16,3.352498769760132,,19029
6.639976501464844,,3.3196380138397217,,16,3.320338726043701,,19039
6.595459938049316,,3.331315040588379,,16,3.2641451358795166,,19049
6.948149681091309,,3.4601004123687744,,16,3.488049268722534,,19059
6.389640808105469,,3.3054471015930176,,16,3.084193706512451,,19069
7.068613052368164,,3.3855156898498535,,16,3.6830973625183105,,19079
6.7151875495910645,,3.374758243560791,,16,3.3404293060302734,,19089
6.583047866821289,,3.2802162170410156,,16,3.3028316497802734,,19099
6.679946422576904,,3.3637166023254395,,16,3.316229820251465,,19109
6.6946187019348145,,3.356086254119873,,16,3.3385324478149414,,19119
6.626859664916992,,3.2405238151550293,,16,3.386335611343384,,19129
6.974787712097168,,3.3650124073028564,,16,3.6097750663757324,,19139
6.648374557495117,,3.3745977878570557,,16,3.2737765312194824,,19149
6.912843704223633,,3.3543004989624023,,16,3.5585432052612305,,19159
6.773446083068848,,3.381136655807495,,16,3.3923094272613525,,19169
6.525835037231445,,3.299838066101074,,16,3.225996732711792,,19179
6.587523460388184,,3.2912187576293945,,16,3.29630446434021,,19189
6.799483299255371,,3.3206276893615723,,16,3.4788553714752197,,19199
6.762103080749512,,3.3109898567199707,,16,3.451113224029541,,19209
6.773697853088379,,3.335693836212158,,16,3.4380042552948,,19219
6.650712013244629,,3.2524492740631104,,16,3.3982625007629395,,19229
6.744416236877441,,3.3733551502227783,,16,3.371060848236084,,19239
6.840866565704346,,3.2961771488189697,,16,3.544689416885376,,19249
6.812064170837402,,3.304072380065918,,16,3.5079915523529053,,19259
6.783151626586914,,3.420499086380005,,16,3.36265230178833,,19269
6.756267070770264,,3.2770566940307617,,16,3.479210376739502,,19279
7.025690078735352,,3.496835231781006,,16,3.528855085372925,,19289
6.550652980804443,,3.312135934829712,,16,3.2385170459747314,,19299
6.8875732421875,,3.6096348762512207,,16,3.2779386043548584,,19309
6.708442687988281,,3.428699254989624,,16,3.2797434329986572,,19319
6.70808219909668,,3.4049365520477295,,16,3.30314564704895,,19329
6.788356781005859,,3.32450008392334,,16,3.4638566970825195,,19339
6.677778244018555,,3.3469982147216797,,16,3.330780267715454,,19349
6.605976104736328,,3.2769808769226074,,16,3.3289952278137207,,19359
6.6701436042785645,,3.327735662460327,,16,3.3424079418182373,,19369
6.75726842880249,,3.3431267738342285,,16,3.4141416549682617,,19379
6.699231147766113,,3.5063748359680176,,16,3.1928560733795166,,19389
7.027583122253418,,3.3799569606781006,,16,3.6476263999938965,,19399
6.871821403503418,,3.422863721847534,,16,3.4489574432373047,,19409
6.797187328338623,,3.356443166732788,,16,3.440744161605835,,19419
6.300531387329102,,3.3324995040893555,,16,2.968032121658325,,19429
6.862283706665039,,3.3707289695739746,,16,3.4915547370910645,,19439
6.6275224685668945,,3.3135926723480225,,16,3.313930034637451,,19449
7.015393257141113,,3.510802745819092,,16,3.5045905113220215,,19459
6.6564741134643555,,3.338794469833374,,16,3.3176796436309814,,19469
6.807910919189453,,3.363978624343872,,16,3.443932056427002,,19479
6.745511531829834,,3.388613224029541,,16,3.356898307800293,,19489
6.725642204284668,,3.368551731109619,,16,3.3570902347564697,,19499
6.645963668823242,,3.2842438220977783,,16,3.3617196083068848,,19509
6.669093132019043,,3.356823444366455,,16,3.312269926071167,,19519
6.78247594833374,,3.3791913986206055,,16,3.4032845497131348,,19529
6.949381351470947,,3.5375113487243652,,16,3.411870002746582,,19539
6.742993354797363,,3.4080164432525635,,16,3.3349769115448,,19549
6.765815258026123,,3.364060878753662,,16,3.401754379272461,,19559
6.994869232177734,,3.4992051124572754,,16,3.495664119720459,,19569
6.707632064819336,,3.3270084857940674,,16,3.3806233406066895,,19579
6.520103454589844,,3.3813533782958984,,16,3.1387500762939453,,19589
6.738486289978027,,3.4477152824401855,,16,3.290771245956421,,19599
,6.767578125,,3.3707072734832764,16,,3.3968706130981445,19600
7.0174994468688965,,3.407282829284668,,17,3.6102166175842285,,19609
6.519242286682129,,3.3330512046813965,,17,3.1861910820007324,,19619
6.8737568855285645,,3.3722517490386963,,17,3.501505136489868,,19629
6.935183525085449,,3.5068278312683105,,17,3.4283559322357178,,19639
6.646360397338867,,3.3678531646728516,,17,3.2785074710845947,,19649
7.057028770446777,,3.503777265548706,,17,3.553251266479492,,19659
6.990390300750732,,3.4287705421447754,,17,3.561619758605957,,19669
6.943737983703613,,3.4411776065826416,,17,3.502560615539551,,19679
6.808907508850098,,3.3479604721069336,,17,3.460946798324585,,19689
6.973727703094482,,3.420898914337158,,17,3.552828788757324,,19699
6.465304851531982,,3.246319532394409,,17,3.2189853191375732,,19709
6.603648662567139,,3.3171091079711914,,17,3.2865395545959473,,19719
6.808327674865723,,3.3000824451446533,,17,3.5082454681396484,,19729
6.864062309265137,,3.470999240875244,,17,3.3930633068084717,,19739
6.606947898864746,,3.32930588722229,,17,3.277642011642456,,19749
6.659882545471191,,3.349221706390381,,17,3.3106606006622314,,19759
6.8028564453125,,3.347423553466797,,17,3.4554331302642822,,19769
6.7581987380981445,,3.44035267829895,,17,3.3178462982177734,,19779
6.5769195556640625,,3.259143829345703,,17,3.3177759647369385,,19789
6.5774736404418945,,3.2821357250213623,,17,3.295337677001953,,19799
6.598392486572266,,3.271371364593506,,17,3.3270208835601807,,19809
6.617053031921387,,3.446751117706299,,17,3.170302152633667,,19819
6.900169849395752,,3.391838550567627,,17,3.508331298828125,,19829
6.7010345458984375,,3.3296213150024414,,17,3.371413469314575,,19839
6.751682758331299,,3.410449981689453,,17,3.3412327766418457,,19849
6.8947272300720215,,3.327329158782959,,17,3.5673980712890625,,19859
6.514420509338379,,3.367753505706787,,17,3.1466667652130127,,19869
6.520186901092529,,3.2297770977020264,,17,3.290409803390503,,19879
6.911020278930664,,3.34855055809021,,17,3.562469482421875,,19889
6.694273948669434,,3.307854652404785,,17,3.3864192962646484,,19899
6.613880634307861,,3.393932819366455,,17,3.2199478149414062,,19909
6.7301788330078125,,3.4459750652313232,,17,3.2842037677764893,,19919
6.771653175354004,,3.3031787872314453,,17,3.4684746265411377,,19929
6.640133380889893,,3.32047176361084,,17,3.3196616172790527,,19939
6.548401832580566,,3.2735843658447266,,17,3.274817705154419,,19949
6.88234806060791,,3.50884747505188,,17,3.3735005855560303,,19959
6.694530487060547,,3.4400439262390137,,17,3.254486322402954,,19969
6.6701154708862305,,3.272475242614746,,17,3.3976399898529053,,19979
6.625006675720215,,3.355617046356201,,17,3.2693893909454346,,19989
6.797060966491699,,3.454350471496582,,17,3.3427107334136963,,19999
6.8323869705200195,,3.4430646896362305,,17,3.389322519302368,,20009
6.8662238121032715,,3.361506462097168,,17,3.5047173500061035,,20019
6.976038932800293,,3.523923873901367,,17,3.4521148204803467,,20029
6.616909027099609,,3.319167137145996,,17,3.297741651535034,,20039
6.655919075012207,,3.361614227294922,,17,3.2943050861358643,,20049
6.744647979736328,,3.3667638301849365,,17,3.3778839111328125,,20059
6.6952948570251465,,3.241023063659668,,17,3.4542717933654785,,20069
6.784501075744629,,3.4549572467803955,,17,3.3295435905456543,,20079
6.7146124839782715,,3.3880348205566406,,17,3.326577663421631,,20089
6.753740310668945,,3.285675048828125,,17,3.468065023422241,,20099
6.744351387023926,,3.2489540576934814,,17,3.4953975677490234,,20109
6.698260307312012,,3.272343635559082,,17,3.425916910171509,,20119
6.8362860679626465,,3.2998015880584717,,17,3.536484479904175,,20129
6.881957054138184,,3.3008222579956055,,17,3.5811350345611572,,20139
6.817977428436279,,3.323289155960083,,17,3.4946882724761963,,20149
6.934872627258301,,3.4148738384246826,,17,3.519998788833618,,20159
6.849002361297607,,3.485523223876953,,17,3.3634791374206543,,20169
6.79543924331665,,3.48228120803833,,17,3.3131580352783203,,20179
6.839236736297607,,3.4701523780822754,,17,3.369084358215332,,20189
6.850592136383057,,3.481804847717285,,17,3.3687872886657715,,20199
6.822862148284912,,3.312553644180298,,17,3.5103085041046143,,20209
6.801517486572266,,3.4583802223205566,,17,3.343137502670288,,20219
6.709113121032715,,3.372793197631836,,17,3.336319923400879,,20229
6.945910453796387,,3.427091360092163,,17,3.5188188552856445,,20239
6.592016220092773,,3.4327552318573,,17,3.1592607498168945,,20249
6.601239204406738,,3.3264782428741455,,17,3.2747607231140137,,20259
6.852348327636719,,3.3827781677246094,,17,3.4695699214935303,,20269
6.65377140045166,,3.3103041648864746,,17,3.3434669971466064,,20279
6.720558166503906,,3.388317823410034,,17,3.332240104675293,,20289
6.783475875854492,,3.383009672164917,,17,3.4004664421081543,,20299
6.686811447143555,,3.3639025688171387,,17,3.322908639907837,,20309
7.110838890075684,,3.4764764308929443,,17,3.6343624591827393,,20319
6.5623602867126465,,3.346975326538086,,17,3.2153849601745605,,20329
6.75242805480957,,3.432161331176758,,17,3.3202667236328125,,20339
6.792583465576172,,3.4368090629577637,,17,3.355774402618408,,20349
6.632691383361816,,3.3109540939331055,,17,3.32173752784729,,20359
6.672665119171143,,3.363837242126465,,17,3.3088278770446777,,20369
6.506223678588867,,3.330362319946289,,17,3.175861120223999,,20379
6.491424560546875,,3.260560989379883,,17,3.2308638095855713,,20389
6.775362014770508,,3.310941219329834,,17,3.4644205570220947,,20399
6.679512023925781,,3.2839434146881104,,17,3.39556884765625,,20409
6.71898078918457,,3.3357656002044678,,17,3.3832149505615234,,20419
6.659255027770996,,3.2980356216430664,,17,3.361219644546509,,20429
6.658109664916992,,3.3420047760009766,,17,3.3161051273345947,,20439
6.689406394958496,,3.3606815338134766,,17,3.3287248611450195,,20449
6.781986236572266,,3.403761148452759,,17,3.3782248497009277,,20459
6.606904983520508,,3.4055514335632324,,17,3.2013533115386963,,20469
6.789919853210449,,3.260335683822632,,17,3.5295844078063965,,20479
6.811266899108887,,3.354720115661621,,17,3.4565465450286865,,20489
6.751922130584717,,3.3908581733703613,,17,3.3610639572143555,,20499
6.67874813079834,,3.3708484172821045,,17,3.3078997135162354,,20509
6.677738189697266,,3.3105053901672363,,17,3.3672327995300293,,20519
6.767451763153076,,3.3723959922790527,,17,3.3950557708740234,,20529
6.518997669219971,,3.29610538482666,,17,3.2228922843933105,,20539
6.733800888061523,,3.3007569313049316,,17,3.4330437183380127,,20549
6.431288719177246,,3.2150516510009766,,17,3.2162373065948486,,20559
6.6002397537231445,,3.262219190597534,,17,3.3380203247070312,,20569
6.296843528747559,,3.2332444190979004,,17,3.0635993480682373,,20579
7.055257797241211,,3.3349738121032715,,17,3.7202839851379395,,20589
6.6370158195495605,,3.2585701942443848,,17,3.378445625305176,,20599
6.442900657653809,,3.2073895931243896,,17,3.235511302947998,,20609
6.7097015380859375,,3.6654961109161377,,17,3.044205665588379,,20619
6.670610427856445,,3.2899961471557617,,17,3.3806145191192627,,20629
6.886810779571533,,3.429986000061035,,17,3.456824779510498,,20639
6.896111488342285,,3.3105568885803223,,17,3.585554361343384,,20649
6.635643005371094,,3.298938035964966,,17,3.336704969406128,,20659
6.636205673217773,,3.3755674362182617,,17,3.2606382369995117,,20669
6.638636112213135,,3.4288196563720703,,17,3.2098164558410645,,20679
6.537265777587891,,3.3829667568206787,,17,3.154299259185791,,20689
6.964032173156738,,3.4686012268066406,,17,3.4954307079315186,,20699
6.265042781829834,,3.2607388496398926,,17,3.0043039321899414,,20709
6.611555099487305,,3.3732750415802,,17,3.2382800579071045,,20719
6.680771827697754,,3.3634514808654785,,17,3.3173205852508545,,20729
6.666869640350342,,3.3363351821899414,,17,3.3305344581604004,,20739
6.526416778564453,,3.350851535797119,,17,3.175565004348755,,20749
,6.713146209716797,,3.3570590019226074,17,,3.3560869693756104,20753
6.494211673736572,,3.3179473876953125,,18,3.1762642860412598,,20759
6.555181980133057,,3.248354911804199,,18,3.3068270683288574,,20769
6.586749076843262,,3.260453224182129,,18,3.3262956142425537,,20779
6.842945098876953,,3.384551525115967,,18,3.4583933353424072,,20789
6.849583625793457,,3.34090518951416,,18,3.5086781978607178,,20799
6.713247299194336,,3.3125171661376953,,18,3.4007303714752197,,20809
6.574273109436035,,3.2690391540527344,,18,3.3052337169647217,,20819
6.523516654968262,,3.306558132171631,,18,3.21695876121521,,20829
6.611285209655762,,3.357984781265259,,18,3.253300428390503,,20839
6.600539207458496,,3.343987464904785,,18,3.25655198097229,,20849
6.781435489654541,,3.225252628326416,,18,3.556182861328125,,20859
6.6500091552734375,,3.4340639114379883,,18,3.215945243835449,,20869
6.803351402282715,,3.3326547145843506,,18,3.4706966876983643,,20879
6.699963569641113,,3.308427572250366,,18,3.391535758972168,,20889
6.548617362976074,,3.3529343605041504,,18,3.1956827640533447,,20899
6.55470609664917,,3.214684009552002,,18,3.340022087097168,,20909
6.494382858276367,,3.249799966812134,,18,3.2445831298828125,,20919
6.8953776359558105,,3.365638256072998,,18,3.5297393798828125,,20929
6.55382776260376,,3.2734603881835938,,18,3.280367374420166,,20939
6.554635524749756,,3.230457305908203,,18,3.3241782188415527,,20949
6.773759841918945,,3.367192268371582,,18,3.4065675735473633,,20959
6.642221927642822,,3.4140725135803223,,18,3.2281494140625,,20969
6.712290287017822,,3.416456460952759,,18,3.2958338260650635,,20979
6.671876430511475,,3.3425896167755127,,18,3.329286813735962,,20989
6.872483730316162,,3.3729028701782227,,18,3.4995808601379395,,20999
6.633493900299072,,3.379566192626953,,18,3.253927707672119,,21009
6.477069854736328,,3.2586820125579834,,18,3.2183876037597656,,21019
6.753052234649658,,3.3489770889282227,,18,3.4040751457214355,,21029
6.791181564331055,,3.305008888244629,,18,3.4861724376678467,,21039
6.495721817016602,,3.2995834350585938,,18,3.196138620376587,,21049
6.382197856903076,,3.2292375564575195,,18,3.1529603004455566,,21059
6.707395553588867,,3.394458293914795,,18,3.312937021255493,,21069
6.682713508605957,,3.3164138793945312,,18,3.366299629211426,,21079
6.571987628936768,,3.2896924018859863,,18,3.2822952270507812,,21089
6.643575668334961,,3.3063888549804688,,18,3.337186574935913,,21099
6.839264392852783,,3.3462095260620117,,18,3.4930548667907715,,21109
6.707059860229492,,3.461700677871704,,18,3.245358943939209,,21119
6.456660270690918,,3.292259931564331,,18,3.164400577545166,,21129
6.527695655822754,,3.3958234786987305,,18,3.1318721771240234,,21139
6.875812530517578,,3.4959545135498047,,18,3.3798580169677734,,21149
6.964418888092041,,3.392442464828491,,18,3.57197642326355,,21159
6.570980072021484,,3.3780620098114014,,18,3.192918062210083,,21169
6.986999034881592,,3.3784093856811523,,18,3.6085896492004395,,21179
6.678474426269531,,3.4085803031921387,,18,3.2698938846588135,,21189
6.771809101104736,,3.377392292022705,,18,3.3944168090820312,,21199
6.571709632873535,,3.3473424911499023,,18,3.224367380142212,,21209
6.630411148071289,,3.274719715118408,,18,3.355691432952881,,21219
6.516392707824707,,3.3695037364959717,,18,3.1468887329101562,,21229
7.015573501586914,,3.4188051223754883,,18,3.5967681407928467,,21239
6.848514556884766,,3.4196059703826904,,18,3.428908586502075,,21249
6.668035984039307,,3.409168243408203,,18,3.2588677406311035,,21259
6.794418811798096,,3.4024205207824707,,18,3.391998291015625,,21269
6.716584205627441,,3.2542965412139893,,18,3.462287425994873,,21279
6.5988922119140625,,3.2557480335235596,,18,3.343143939971924,,21289
6.673167705535889,,3.4541707038879395,,18,3.218997001647949,,21299
6.47084379196167,,3.3444247245788574,,18,3.1264190673828125,,21309
6.773021697998047,,3.2649941444396973,,18,3.5080277919769287,,21319
6.486815452575684,,3.2686409950256348,,18,3.2181742191314697,,21329
6.905969142913818,,3.404101848602295,,18,3.5018672943115234,,21339
6.782686233520508,,3.3833327293395996,,18,3.3993537425994873,,21349
6.715889930725098,,3.4418575763702393,,18,3.2740321159362793,,21359
6.549811363220215,,3.303029775619507,,18,3.246781587600708,,21369
6.450084686279297,,3.2197554111480713,,18,3.2303290367126465,,21379
6.331295967102051,,3.302934408187866,,18,3.0283617973327637,,21389
6.57487678527832,,3.4266977310180664,,18,3.148179054260254,,21399
6.640902042388916,,3.3936386108398438,,18,3.2472634315490723,,21409
6.7376251220703125,,3.3508846759796143,,18,3.3867404460906982,,21419
6.662114143371582,,3.439704179763794,,18,3.222410202026367,,21429
6.703919887542725,,3.2480475902557373,,18,3.4558722972869873,,21439
6.918755054473877,,3.447195053100586,,18,3.471560001373291,,21449
6.45389461517334,,3.289781093597412,,18,3.1641135215759277,,21459
6.768466949462891,,3.3337182998657227,,18,3.434748649597168,,21469
6.59574031829834,,3.367790937423706,,18,3.227949619293213,,21479
6.524442672729492,,3.2642905712127686,,18,3.2601523399353027,,21489
6.644439220428467,,3.335059642791748,,18,3.3093795776367188,,21499
6.462357521057129,,3.2949435710906982,,18,3.1674141883850098,,21509
6.689667224884033,,3.5199601650238037,,18,3.1697070598602295,,21519
6.796451091766357,,3.4569289684295654,,18,3.339522123336792,,21529
6.641864776611328,,3.4652981758117676,,18,3.1765663623809814,,21539
6.7500410079956055,,3.440732002258301,,18,3.309309244155884,,21549
6.828494071960449,,3.5010476112365723,,18,3.327446222305298,,21559
6.490020751953125,,3.334090232849121,,18,3.155930757522583,,21569
6.582406520843506,,3.2608160972595215,,18,3.3215904235839844,,21579
6.623640537261963,,3.3572912216186523,,18,3.2663493156433105,,21589
6.818299293518066,,3.378081798553467,,18,3.4402177333831787,,21599
6.596525192260742,,3.3053741455078125,,18,3.2911510467529297,,21609
6.78787088394165,,3.385040521621704,,18,3.4028303623199463,,21619
6.885167121887207,,3.4356558322906494,,18,3.4495110511779785,,21629
6.736448764801025,,3.415492534637451,,18,3.320956230163574,,21639
6.4769415855407715,,3.3280415534973145,,18,3.148900032043457,,21649
6.62773323059082,,3.3296256065368652,,18,3.298107862472534,,21659
6.537345886230469,,3.285099506378174,,18,3.252246618270874,,21669
6.768847465515137,,3.389962673187256,,18,3.3788845539093018,,21679
6.58968448638916,,3.294618606567383,,18,3.2950661182403564,,21689
6.705033302307129,,3.477417230606079,,18,3.227616310119629,,21699
6.570307731628418,,3.2731425762176514,,18,3.2971653938293457,,21709
6.770754814147949,,3.409104585647583,,18,3.361649990081787,,21719
6.6360859870910645,,3.425508975982666,,18,3.2105770111083984,,21729
6.729402542114258,,3.3891940116882324,,18,3.3402085304260254,,21739
6.538119316101074,,3.386657238006592,,18,3.1514623165130615,,21749
6.563250541687012,,3.363487720489502,,18,3.199763059616089,,21759
6.563259601593018,,3.3140416145324707,,18,3.249217987060547,,21769
6.783505439758301,,3.452446937561035,,18,3.3310587406158447,,21779
6.648408889770508,,3.350749969482422,,18,3.297659158706665,,21789
6.600584030151367,,3.252769947052002,,18,3.347813844680786,,21799
6.5907979011535645,,3.4003376960754395,,18,3.190460205078125,,21809
6.890846252441406,,3.5827980041503906,,18,3.3080484867095947,,21819
6.645124435424805,,3.363541841506958,,18,3.2815825939178467,,21829
6.810755252838135,,3.565824270248413,,18,3.2449309825897217,,21839
6.653871536254883,,3.3876872062683105,,18,3.266184091567993,,21849
6.535882949829102,,3.2654948234558105,,18,3.270388126373291,,21859
6.519045829772949,,3.362133264541626,,18,3.1569125652313232,,21869
6.561355113983154,,3.490699291229248,,18,3.0706558227539062,,21879
6.658136367797852,,3.335562229156494,,18,3.3225741386413574,,21889
6.829922199249268,,3.3933000564575195,,18,3.436622142791748,,21899
,6.656794548034668,,3.3577797412872314,18,,3.2990148067474365,21906
6.871286392211914,,3.4279286861419678,,19,3.4433577060699463,,21909
6.776510238647461,,3.4484362602233887,,19,3.3280739784240723,,21919
6.4699015617370605,,3.336740493774414,,19,3.1331610679626465,,21929
6.141772747039795,,3.309436798095703,,19,2.832335948944092,,21939
6.6402740478515625,,3.3876378536224365,,19,3.252635955810547,,21949
6.62113618850708,,3.441641092300415,,19,3.179495096206665,,21959
6.407130241394043,,3.332667350769043,,19,3.074462890625,,21969
6.531585216522217,,3.438101291656494,,19,3.0934839248657227,,21979
6.409911155700684,,3.304938793182373,,19,3.1049723625183105,,21989
6.373120307922363,,3.319540500640869,,19,3.053579568862915,,21999
6.583261489868164,,3.3331716060638428,,19,3.2500898838043213,,22009
6.585583686828613,,3.4360063076019287,,19,3.1495776176452637,,22019
6.512718200683594,,3.2237634658813477,,19,3.288954734802246,,22029
6.624521255493164,,3.394221544265747,,19,3.230299711227417,,22039
6.161655426025391,,3.244204521179199,,19,2.9174509048461914,,22049
6.5306596755981445,,3.294290065765381,,19,3.2363693714141846,,22059
6.305693626403809,,3.314375400543213,,19,2.991318464279175,,22069
6.5073041915893555,,3.3505196571350098,,19,3.156784772872925,,22079
6.333909034729004,,3.3161802291870117,,19,3.017728805541992,,22089
6.396541118621826,,3.31112003326416,,19,3.085421085357666,,22099
6.434591293334961,,3.235656499862671,,19,3.198934555053711,,22109
6.578732490539551,,3.434518337249756,,19,3.144214391708374,,22119
6.5995635986328125,,3.342125415802002,,19,3.2574384212493896,,22129
6.380590438842773,,3.3209948539733887,,19,3.0595955848693848,,22139
6.360844612121582,,3.278411626815796,,19,3.0824332237243652,,22149
6.25350284576416,,3.2566447257995605,,19,2.9968578815460205,,22159
6.3416829109191895,,3.3417444229125977,,19,2.999938488006592,,22169
6.410462379455566,,3.3090357780456543,,19,3.101426362991333,,22179
6.740799903869629,,3.4538116455078125,,19,3.2869884967803955,,22189
6.465261459350586,,3.2335333824157715,,19,3.2317283153533936,,22199
6.456016540527344,,3.4092068672180176,,19,3.046809673309326,,22209
6.681915283203125,,3.487741470336914,,19,3.194173574447632,,22219
6.360760688781738,,3.3695223331451416,,19,2.991238594055176,,22229
6.3484368324279785,,3.4059720039367676,,19,2.942464828491211,,22239
6.655416488647461,,3.400770425796509,,19,3.254646062850952,,22249
6.279479026794434,,3.275632619857788,,19,3.0038466453552246,,22259
6.544777870178223,,3.2538223266601562,,19,3.2909553050994873,,22269
6.44279670715332,,3.3407607078552246,,19,3.1020359992980957,,22279
6.389770984649658,,3.2729012966156006,,19,3.1168696880340576,,22289
6.368078708648682,,3.3302361965179443,,19,3.0378425121307373,,22299
6.412379264831543,,3.321274757385254,,19,3.09110426902771,,22309
6.517350196838379,,3.392043113708496,,19,3.125307321548462,,22319
6.513263702392578,,3.332306385040283,,19,3.180957078933716,,22329
6.538633823394775,,3.445269823074341,,19,3.0933640003204346,,22339
6.3333210945129395,,3.2802586555480957,,19,3.0530624389648438,,22349
6.2946906089782715,,3.3095359802246094,,19,2.985154628753662,,22359
6.4071550369262695,,3.355684757232666,,19,3.0514702796936035,,22369
6.524702072143555,,3.4207520484924316,,19,3.103950023651123,,22379
6.3327836990356445,,3.3355698585510254,,19,2.9972140789031982,,22389
6.602836608886719,,3.4885425567626953,,19,3.1142942905426025,,22399
6.479467391967773,,3.4009385108947754,,19,3.078528881072998,,22409
6.328925132751465,,3.3727188110351562,,19,2.9562060832977295,,22419
6.826655387878418,,3.463731288909912,,19,3.362924337387085,,22429
6.481380462646484,,3.434123992919922,,19,3.0472564697265625,,22439
6.604517936706543,,3.4642391204833984,,19,3.1402785778045654,,22449
6.645192623138428,,3.5681376457214355,,19,3.077054977416992,,22459
6.462362289428711,,3.450890302658081,,19,3.011471748352051,,22469
6.347053527832031,,3.2817108631134033,,19,3.065342903137207,,22479
6.326798439025879,,3.2513370513916016,,19,3.0754616260528564,,22489
6.550408363342285,,3.3229281902313232,,19,3.227479934692383,,22499
6.517636299133301,,3.4516518115997314,,19,3.0659847259521484,,22509
6.474052429199219,,3.3476881980895996,,19,3.1263644695281982,,22519
6.160125732421875,,3.2500758171081543,,19,2.9100501537323,,22529
6.248453140258789,,3.343125820159912,,19,2.905327320098877,,22539
6.651463031768799,,3.4564528465270996,,19,3.195010185241699,,22549
6.280492305755615,,3.2957663536071777,,19,2.9847259521484375,,22559
6.62026834487915,,3.674915313720703,,19,2.9453530311584473,,22569
6.424793243408203,,3.4353818893432617,,19,2.9894111156463623,,22579
6.2148590087890625,,3.2150983810424805,,19,2.999760389328003,,22589
6.3967413902282715,,3.31257700920105,,19,3.0841643810272217,,22599
6.359513282775879,,3.356886386871338,,19,3.00262713432312,,22609
6.250790596008301,,3.2847423553466797,,19,2.9660484790802,,22619
6.1920061111450195,,3.3092257976531982,,19,2.8827803134918213,,22629
6.276645660400391,,3.2375073432922363,,19,3.039138078689575,,22639
6.560518264770508,,3.3718032836914062,,19,3.1887152194976807,,22649
6.375510215759277,,3.3513662815093994,,19,3.024144172668457,,22659
6.409785270690918,,3.277848958969116,,19,3.1319363117218018,,22669
6.336515426635742,,3.283311128616333,,19,3.053204298019409,,22679
6.531366348266602,,3.4755706787109375,,19,3.055795431137085,,22689
6.615732669830322,,3.4318552017211914,,19,3.183877468109131,,22699
6.374259948730469,,3.404344081878662,,19,2.9699156284332275,,22709
6.315732955932617,,3.2825279235839844,,19,3.033205270767212,,22719
6.226338863372803,,3.3015084266662598,,19,2.924830436706543,,22729
6.413017272949219,,3.2905237674713135,,19,3.1224935054779053,,22739
6.440605163574219,,3.411932945251465,,19,3.028671979904175,,22749
6.371068000793457,,3.441793918609619,,19,2.929274320602417,,22759
6.295825958251953,,3.244739532470703,,19,3.05108642578125,,22769
6.1883039474487305,,3.2741801738739014,,19,2.914124011993408,,22779
6.274141311645508,,3.220402956008911,,19,3.0537383556365967,,22789
6.220881462097168,,3.2975192070007324,,19,2.9233622550964355,,22799
6.608310699462891,,3.3883113861083984,,19,3.219999313354492,,22809
6.661680221557617,,3.5969347953796387,,19,3.0647454261779785,,22819
6.287423133850098,,3.3152129650115967,,19,2.972210168838501,,22829
6.30750036239624,,3.307293653488159,,19,3.000206708908081,,22839
6.278387069702148,,3.296328067779541,,19,2.9820590019226074,,22849
6.272418975830078,,3.3402881622314453,,19,2.9321305751800537,,22859
6.544244289398193,,3.3584694862365723,,19,3.185774803161621,,22869
6.491411209106445,,3.4110450744628906,,19,3.080366373062134,,22879
6.290816783905029,,3.2961881160736084,,19,2.994628667831421,,22889
6.263055324554443,,3.186870574951172,,19,3.0761847496032715,,22899
6.4394073486328125,,3.3309340476989746,,19,3.108473062515259,,22909
6.49202299118042,,3.320493459701538,,19,3.171529531478882,,22919
6.331559181213379,,3.3719429969787598,,19,2.959616184234619,,22929
6.584373950958252,,3.4585213661193848,,19,3.125852584838867,,22939
6.419029235839844,,3.337888717651367,,19,3.0811402797698975,,22949
6.134079933166504,,3.294412136077881,,19,2.839667797088623,,22959
6.05778169631958,,3.2753102779388428,,19,2.7824714183807373,,22969
6.420058250427246,,3.309225559234619,,19,3.110832452774048,,22979
6.1347150802612305,,3.2021899223327637,,19,2.932525157928467,,22989
6.264727592468262,,3.355559825897217,,19,2.909167766571045,,22999
6.412280559539795,,3.3458385467529297,,19,3.0664420127868652,,23009
6.392544746398926,,3.3801004886627197,,19,3.012444019317627,,23019
6.388899803161621,,3.3935434818267822,,19,2.9953560829162598,,23029
6.352474212646484,,3.3061182498931885,,19,3.046355724334717,,23039
6.2421112060546875,,3.2450287342071533,,19,2.997082471847534,,23049
6.243547439575195,,3.3100597858428955,,19,2.9334874153137207,,23059
,6.42764949798584,,3.354353189468384,19,,3.073296546936035,23059
6.410454273223877,,3.367940902709961,,20,3.042513370513916,,23069
6.335186958312988,,3.3886561393737793,,20,2.946530818939209,,23079
6.368908405303955,,3.3781323432922363,,20,2.9907760620117188,,23089
6.322840690612793,,3.3374433517456055,,20,2.9853973388671875,,23099
6.410068035125732,,3.490449905395508,,20,2.9196181297302246,,23109
6.575488090515137,,3.5056707859039307,,20,3.069817066192627,,23119
6.58808708190918,,3.532364845275879,,20,3.0557219982147217,,23129
6.290920257568359,,3.252054214477539,,20,3.0388660430908203,,23139
6.205380439758301,,3.307483673095703,,20,2.8978967666625977,,23149
6.48758602142334,,3.302539110183716,,20,3.185046911239624,,23159
6.3168487548828125,,3.2825989723205566,,20,3.0342495441436768,,23169
6.3579912185668945,,3.29356050491333,,20,3.0644309520721436,,23179
6.392850399017334,,3.3026785850524902,,20,3.0901718139648438,,23189
6.285281181335449,,3.293386697769165,,20,2.991894483566284,,23199
6.381195068359375,,3.440061092376709,,20,2.941133737564087,,23209
6.121746063232422,,3.264955520629883,,20,2.85679030418396,,23219
6.33708381652832,,3.4237022399902344,,20,2.913381814956665,,23229
6.300353050231934,,3.4405605792999268,,20,2.859792470932007,,23239
6.43479585647583,,3.3744421005249023,,20,3.0603537559509277,,23249
6.23499870300293,,3.2810659408569336,,20,2.953932762145996,,23259
6.495201110839844,,3.428104877471924,,20,3.06709623336792,,23269
6.362459659576416,,3.355102062225342,,20,3.007357597351074,,23279
6.379034519195557,,3.3150720596313477,,20,3.063962459564209,,23289
6.381263732910156,,3.4084205627441406,,20,2.9728434085845947,,23299
6.523171901702881,,3.343143939971924,,20,3.180027961730957,,23309
6.298880100250244,,3.3099021911621094,,20,2.9889779090881348,,23319
6.349518775939941,,3.3465259075164795,,20,3.002993106842041,,23329
6.2894182205200195,,3.294856071472168,,20,2.9945623874664307,,23339
6.368412494659424,,3.3658859729766846,,20,3.0025265216827393,,23349
6.280841827392578,,3.3998847007751465,,20,2.8809568881988525,,23359
6.4078874588012695,,3.281783103942871,,20,3.1261045932769775,,23369
6.51711368560791,,3.3558034896850586,,20,3.1613104343414307,,23379
6.321280479431152,,3.323404312133789,,20,2.997875928878784,,23389
6.252525329589844,,3.314730167388916,,20,2.9377951622009277,,23399
6.17806339263916,,3.2349047660827637,,20,2.9431583881378174,,23409
6.1792449951171875,,3.2762198448181152,,20,2.9030251502990723,,23419
6.165013313293457,,3.329596519470215,,20,2.8354170322418213,,23429
6.255414009094238,,3.3169937133789062,,20,2.938420057296753,,23439
6.24810791015625,,3.3452391624450684,,20,2.9028687477111816,,23449
6.442862510681152,,3.330265998840332,,20,3.1125967502593994,,23459
6.123348236083984,,3.3574090003967285,,20,2.765939474105835,,23469
6.29108190536499,,3.2992939949035645,,20,2.991787910461426,,23479
6.589996337890625,,3.5355710983276367,,20,3.0544252395629883,,23489
6.409977912902832,,3.4313578605651855,,20,2.9786200523376465,,23499
6.367959022521973,,3.3358302116394043,,20,3.0321288108825684,,23509
6.148979187011719,,3.220089912414551,,20,2.928889036178589,,23519
6.243647575378418,,3.3574490547180176,,20,2.8861982822418213,,23529
6.389752388000488,,3.415283679962158,,20,2.97446870803833,,23539
6.482266426086426,,3.5534839630126953,,20,2.9287822246551514,,23549
6.360527992248535,,3.339449882507324,,20,3.02107834815979,,23559
6.225125312805176,,3.3248980045318604,,20,2.9002275466918945,,23569
6.171596527099609,,3.370514154434204,,20,2.801082134246826,,23579
6.425136089324951,,3.444328546524048,,20,2.9808075428009033,,23589
6.4506683349609375,,3.4200170040130615,,20,3.030651092529297,,23599
6.369726181030273,,3.298827886581421,,20,3.0708985328674316,,23609
6.474614143371582,,3.4912476539611816,,20,2.9833662509918213,,23619
6.306780815124512,,3.424337387084961,,20,2.8824431896209717,,23629
6.3023505210876465,,3.367180824279785,,20,2.9351696968078613,,23639
6.2335357666015625,,3.3227438926696777,,20,2.9107916355133057,,23649
6.1305108070373535,,3.333937883377075,,20,2.7965729236602783,,23659
6.216660022735596,,3.3478522300720215,,20,2.868807792663574,,23669
6.392728805541992,,3.453796148300171,,20,2.9389326572418213,,23679
6.602537155151367,,3.6814932823181152,,20,2.921043872833252,,23689
6.58351993560791,,3.494547128677368,,20,3.088973045349121,,23699
6.252694129943848,,3.300718307495117,,20,2.9519760608673096,,23709
6.3054962158203125,,3.4621026515960693,,20,2.8433938026428223,,23719
6.406562328338623,,3.378757953643799,,20,3.027804374694824,,23729
6.355524063110352,,3.3207550048828125,,20,3.03476881980896,,23739
6.483791351318359,,3.3300271034240723,,20,3.153764486312866,,23749
6.291672706604004,,3.3488526344299316,,20,2.9428200721740723,,23759
6.393214225769043,,3.3194046020507812,,20,3.0738093852996826,,23769
6.477818489074707,,3.445920467376709,,20,3.031898021697998,,23779
6.491493225097656,,3.4012420177459717,,20,3.0902514457702637,,23789
6.125356674194336,,3.3639752864837646,,20,2.7613813877105713,,23799
6.383473873138428,,3.409900665283203,,20,2.9735732078552246,,23809
6.235447883605957,,3.4319913387298584,,20,2.8034565448760986,,23819
6.568082809448242,,3.4188389778137207,,20,3.1492438316345215,,23829
6.419378280639648,,3.3411617279052734,,20,3.078216791152954,,23839
6.388559341430664,,3.431318521499634,,20,2.957240581512451,,23849
6.429913520812988,,3.4675848484039307,,20,2.9623289108276367,,23859
6.493138313293457,,3.5104146003723145,,20,2.9827234745025635,,23869
6.323092460632324,,3.3229148387908936,,20,3.0001776218414307,,23879
6.294553279876709,,3.4306557178497314,,20,2.8638975620269775,,23889
6.503287315368652,,3.4535884857177734,,20,3.0496985912323,,23899
6.154912948608398,,3.35638165473938,,20,2.7985312938690186,,23909
6.392687797546387,,3.353088617324829,,20,3.0395989418029785,,23919
6.3731608390808105,,3.3218531608581543,,20,3.0513076782226562,,23929
6.107617378234863,,3.260038375854492,,20,2.847578763961792,,23939
6.4882001876831055,,3.5488533973693848,,20,2.9393467903137207,,23949
6.20999002456665,,3.2882676124572754,,20,2.921722412109375,,23959
6.307711601257324,,3.2994465827941895,,20,3.008265256881714,,23969
6.4309587478637695,,3.422934055328369,,20,3.0080244541168213,,23979
6.253543853759766,,3.3581743240356445,,20,2.895369291305542,,23989
6.261460304260254,,3.264847993850708,,20,2.996612548828125,,23999
6.234968185424805,,3.369553565979004,,20,2.8654143810272217,,24009
6.37166690826416,,3.381056547164917,,20,2.990610361099243,,24019
6.240630149841309,,3.305558681488037,,20,2.9350714683532715,,24029
6.246105194091797,,3.34618878364563,,20,2.899916410446167,,24039
6.1969757080078125,,3.305495262145996,,20,2.8914802074432373,,24049
6.099286079406738,,3.232347249984741,,20,2.866938829421997,,24059
6.310783386230469,,3.3331403732299805,,20,2.977642774581909,,24069
6.2385149002075195,,3.286902666091919,,20,2.9516119956970215,,24079
6.501096248626709,,3.5142345428466797,,20,2.9868617057800293,,24089
6.448244094848633,,3.377638816833496,,20,3.0706050395965576,,24099
6.396613121032715,,3.4686310291290283,,20,2.9279818534851074,,24109
6.461845397949219,,3.4595093727111816,,20,3.002336263656616,,24119
6.172734260559082,,3.307417392730713,,20,2.865316867828369,,24129
6.002810478210449,,3.2832441329956055,,20,2.7195663452148438,,24139
6.1067705154418945,,3.2377967834472656,,20,2.86897349357605,,24149
6.343576431274414,,3.353696346282959,,20,2.989880323410034,,24159
6.357750415802002,,3.4982612133026123,,20,2.8594892024993896,,24169
6.207501411437988,,3.2848596572875977,,20,2.9226419925689697,,24179
6.149798393249512,,3.305267333984375,,20,2.844531297683716,,24189
6.1488189697265625,,3.318903923034668,,20,2.8299152851104736,,24199
6.227827548980713,,3.295555591583252,,20,2.932271957397461,,24209
,6.328568935394287,,3.360775947570801,20,,2.9677927494049072,24212
6.22023344039917,,3.358412504196167,,21,2.861820936203003,,24219
6.122283458709717,,3.284327745437622,,21,2.8379557132720947,,24229
6.078125953674316,,3.247580051422119,,21,2.830545663833618,,24239
6.269587516784668,,3.3459622859954834,,21,2.9236249923706055,,24249
6.153250694274902,,3.2996582984924316,,21,2.8535921573638916,,24259
6.426560401916504,,3.4245567321777344,,21,3.0020034313201904,,24269
6.327960014343262,,3.3562779426574707,,21,2.971682071685791,,24279
6.346948623657227,,3.4295802116394043,,21,2.917368173599243,,24289
6.294415473937988,,3.3245887756347656,,21,2.9698264598846436,,24299
6.402630805969238,,3.4249978065490723,,21,2.977632761001587,,24309
6.186605453491211,,3.2259023189544678,,21,2.960703134536743,,24319
6.133310794830322,,3.257584810256958,,21,2.8757259845733643,,24329
6.438427925109863,,3.473940372467041,,21,2.9644877910614014,,24339
6.103906631469727,,3.3021864891052246,,21,2.801720380783081,,24349
6.306122303009033,,3.2654194831848145,,21,3.0407028198242188,,24359
6.28360652923584,,3.3797740936279297,,21,2.90383243560791,,24369
6.112081527709961,,3.2971432209014893,,21,2.8149380683898926,,24379
6.249084949493408,,3.3132095336914062,,21,2.935875415802002,,24389
6.287987232208252,,3.4352617263793945,,21,2.8527255058288574,,24399
6.440341949462891,,3.3908629417419434,,21,3.0494792461395264,,24409
6.050171375274658,,3.259786605834961,,21,2.7903847694396973,,24419
6.190694332122803,,3.3876540660858154,,21,2.8030402660369873,,24429
5.844186782836914,,3.206151008605957,,21,2.638036012649536,,24439
6.5297465324401855,,3.5505857467651367,,21,2.979160785675049,,24449
6.367210388183594,,3.492947578430176,,21,2.874262809753418,,24459
6.2337446212768555,,3.318570137023926,,21,2.915174722671509,,24469
6.167220592498779,,3.2139501571655273,,21,2.953270435333252,,24479
6.482165336608887,,3.4665322303771973,,21,3.0156331062316895,,24489
6.294703006744385,,3.4839658737182617,,21,2.810737133026123,,24499
6.29804801940918,,3.253282070159912,,21,3.0447657108306885,,24509
6.394817352294922,,3.4004335403442383,,21,2.9943840503692627,,24519
6.354758262634277,,3.4598124027252197,,21,2.8949458599090576,,24529
6.22777795791626,,3.4261162281036377,,21,2.801661729812622,,24539
6.430840015411377,,3.4754724502563477,,21,2.9553675651550293,,24549
6.380878925323486,,3.4890670776367188,,21,2.8918118476867676,,24559
6.499788284301758,,3.5019242763519287,,21,2.99786376953125,,24569
6.436305046081543,,3.384239673614502,,21,3.052065134048462,,24579
6.49730110168457,,3.4423000812530518,,21,3.0550010204315186,,24589
6.462392807006836,,3.501694679260254,,21,2.960698366165161,,24599
6.486350059509277,,3.486499071121216,,21,2.9998507499694824,,24609
6.220296859741211,,3.3869619369506836,,21,2.8333349227905273,,24619
6.182361602783203,,3.3418707847595215,,21,2.8404908180236816,,24629
6.217741966247559,,3.27671480178833,,21,2.9410274028778076,,24639
6.4209089279174805,,3.4616761207580566,,21,2.9592325687408447,,24649
6.204144477844238,,3.243701934814453,,21,2.960442304611206,,24659
6.147006988525391,,3.290001153945923,,21,2.857006072998047,,24669
6.287384033203125,,3.3041741847991943,,21,2.9832098484039307,,24679
6.182950973510742,,3.2576942443847656,,21,2.9252564907073975,,24689
6.339812278747559,,3.370213508605957,,21,2.9695985317230225,,24699
6.061792373657227,,3.3014705181121826,,21,2.760322093963623,,24709
6.316904067993164,,3.3453431129455566,,21,2.9715607166290283,,24719
6.194733619689941,,3.3687710762023926,,21,2.825962781906128,,24729
6.399035453796387,,3.4183461666107178,,21,2.980689287185669,,24739
6.243783950805664,,3.281658172607422,,21,2.9621260166168213,,24749
6.331752777099609,,3.3653414249420166,,21,2.9664113521575928,,24759
6.4481964111328125,,3.4102108478546143,,21,3.037985324859619,,24769
6.090740203857422,,3.311586856842041,,21,2.7791531085968018,,24779
6.1559157371521,,3.3157687187194824,,21,2.840147018432617,,24789
6.492819309234619,,3.636322021484375,,21,2.856497287750244,,24799
6.515585899353027,,3.571225166320801,,21,2.9443607330322266,,24809
6.399248123168945,,3.3798670768737793,,21,3.019381046295166,,24819
6.067287921905518,,3.281898021697998,,21,2.7853899002075195,,24829
6.338150501251221,,3.3272645473480225,,21,3.0108859539031982,,24839
6.0616326332092285,,3.231900691986084,,21,2.8297319412231445,,24849
6.148432731628418,,3.2808170318603516,,21,2.8676154613494873,,24859
6.061589241027832,,3.2580296993255615,,21,2.8035595417022705,,24869
6.108371734619141,,3.291588544845581,,21,2.8167834281921387,,24879
6.230967998504639,,3.379011392593384,,21,2.851956605911255,,24889
6.371659755706787,,3.4445087909698486,,21,2.9271509647369385,,24899
6.3113017082214355,,3.4548492431640625,,21,2.856452465057373,,24909
6.208457946777344,,3.377126693725586,,21,2.831331491470337,,24919
6.337532043457031,,3.3399465084075928,,21,2.9975855350494385,,24929
6.227171897888184,,3.3530330657958984,,21,2.8741390705108643,,24939
5.9597978591918945,,3.2252044677734375,,21,2.734593152999878,,24949
6.32208776473999,,3.3128538131713867,,21,3.0092339515686035,,24959
6.29604959487915,,3.3836703300476074,,21,2.912379264831543,,24969
6.294177532196045,,3.446192502975464,,21,2.847985029220581,,24979
6.173295974731445,,3.3314757347106934,,21,2.841820478439331,,24989
6.192408561706543,,3.3863768577575684,,21,2.8060319423675537,,24999
6.159451484680176,,3.3689780235290527,,21,2.790473461151123,,25009
6.064018726348877,,3.2578248977661133,,21,2.8061938285827637,,25019
6.561426162719727,,3.583249092102051,,21,2.9781768321990967,,25029
6.243392467498779,,3.340782642364502,,21,2.9026098251342773,,25039
6.003732204437256,,3.216238021850586,,21,2.78749418258667,,25049
6.29090690612793,,3.3735718727111816,,21,2.917335033416748,,25059
6.195686340332031,,3.324441432952881,,21,2.8712451457977295,,25069
6.320553779602051,,3.5172247886657715,,21,2.8033292293548584,,25079
6.276288032531738,,3.4714598655700684,,21,2.804828405380249,,25089
6.215517520904541,,3.289060115814209,,21,2.926457405090332,,25099
6.4340620040893555,,3.4065375328063965,,21,3.027524471282959,,25109
6.162380218505859,,3.354241371154785,,21,2.808138608932495,,25119
6.42069149017334,,3.496614456176758,,21,2.924077272415161,,25129
6.120959281921387,,3.352962017059326,,21,2.7679972648620605,,25139
6.447699546813965,,3.505732536315918,,21,2.941967248916626,,25149
6.311964511871338,,3.34238338470459,,21,2.969581127166748,,25159
6.102305889129639,,3.3082852363586426,,21,2.794020652770996,,25169
6.197787761688232,,3.3622779846191406,,21,2.835509777069092,,25179
6.432154655456543,,3.445286750793457,,21,2.986868143081665,,25189
6.232896327972412,,3.3206357955932617,,21,2.9122605323791504,,25199
6.267388343811035,,3.295659065246582,,21,2.971729040145874,,25209
6.153940677642822,,3.262080669403076,,21,2.891860008239746,,25219
6.021632671356201,,3.2206029891967773,,21,2.801029682159424,,25229
6.122020244598389,,3.2887349128723145,,21,2.833285331726074,,25239
6.265591144561768,,3.299635887145996,,21,2.9659552574157715,,25249
6.0867815017700195,,3.291018486022949,,21,2.7957632541656494,,25259
6.219433307647705,,3.2921595573425293,,21,2.927273750305176,,25269
6.0790510177612305,,3.2470176219940186,,21,2.832033395767212,,25279
6.181661605834961,,3.2841262817382812,,21,2.897535562515259,,25289
6.421892166137695,,3.4738974571228027,,21,2.9479944705963135,,25299
6.231722354888916,,3.3043885231018066,,21,2.9273338317871094,,25309
6.358407020568848,,3.4568471908569336,,21,2.901560068130493,,25319
6.169707775115967,,3.3152542114257812,,21,2.8544535636901855,,25329
6.221705436706543,,3.2750461101531982,,21,2.9466593265533447,,25339
6.0380706787109375,,3.268673896789551,,21,2.7693967819213867,,25349
6.2538042068481445,,3.427246570587158,,21,2.8265573978424072,,25359
,6.253880500793457,,3.3523690700531006,21,,2.9015114307403564,25365
6.359210968017578,,3.373131275177002,,22,2.986079454421997,,25369
6.346770286560059,,3.388411521911621,,22,2.9583590030670166,,25379
6.294550895690918,,3.3215479850769043,,22,2.9730029106140137,,25389
6.151605129241943,,3.293898582458496,,22,2.8577065467834473,,25399
6.2165398597717285,,3.3734841346740723,,22,2.8430557250976562,,25409
6.299341201782227,,3.3037986755371094,,22,2.9955427646636963,,25419
6.183924674987793,,3.296421527862549,,22,2.8875033855438232,,25429
6.248739719390869,,3.302239418029785,,22,2.946500301361084,,25439
6.2058892250061035,,3.3017492294311523,,22,2.904139995574951,,25449
6.020891189575195,,3.219175338745117,,22,2.801715612411499,,25459
6.316187858581543,,3.4080519676208496,,22,2.9081361293792725,,25469
6.305698871612549,,3.4392263889312744,,22,2.8664724826812744,,25479
6.124381065368652,,3.3259310722351074,,22,2.798449993133545,,25489
6.2161335945129395,,3.3457155227661133,,22,2.870418071746826,,25499
6.084639549255371,,3.3141260147094727,,22,2.7705137729644775,,25509
6.268642902374268,,3.3086607456207275,,22,2.95998215675354,,25519
6.486732482910156,,3.4787850379943848,,22,3.0079474449157715,,25529
6.134243011474609,,3.2470288276672363,,22,2.887214183807373,,25539
6.14382266998291,,3.303467035293579,,22,2.840355396270752,,25549
6.230282783508301,,3.276252031326294,,22,2.954030990600586,,25559
6.283746242523193,,3.320082902908325,,22,2.963663339614868,,25569
6.149913787841797,,3.2540059089660645,,22,2.8959078788757324,,25579
6.182254314422607,,3.3339309692382812,,22,2.848323345184326,,25589
6.0474748611450195,,3.2003209590911865,,22,2.847153663635254,,25599
6.1132307052612305,,3.3040730953216553,,22,2.8091578483581543,,25609
6.184569358825684,,3.2780606746673584,,22,2.906508684158325,,25619
6.2377424240112305,,3.3140437602996826,,22,2.9236984252929688,,25629
6.135141372680664,,3.3261470794677734,,22,2.8089942932128906,,25639
6.201936721801758,,3.3312840461730957,,22,2.870652675628662,,25649
6.364623069763184,,3.41011905670166,,22,2.9545037746429443,,25659
6.070553779602051,,3.2065114974975586,,22,2.864042282104492,,25669
6.197202682495117,,3.3535966873168945,,22,2.8436057567596436,,25679
6.017352104187012,,3.218900203704834,,22,2.798452138900757,,25689
6.383371829986572,,3.333336353302002,,22,3.0500354766845703,,25699
6.048037052154541,,3.194244623184204,,22,2.853792428970337,,25709
5.963184356689453,,3.1923861503601074,,22,2.7707982063293457,,25719
6.040915489196777,,3.231997489929199,,22,2.808917760848999,,25729
6.04970645904541,,3.2552921772003174,,22,2.7944140434265137,,25739
6.114595413208008,,3.238391160964966,,22,2.876204252243042,,25749
6.3123064041137695,,3.3498692512512207,,22,2.962437391281128,,25759
6.110394477844238,,3.2031469345092773,,22,2.907247304916382,,25769
6.260408878326416,,3.287599563598633,,22,2.972809314727783,,25779
6.091218948364258,,3.3526649475097656,,22,2.738554000854492,,25789
6.186088562011719,,3.24550724029541,,22,2.9405810832977295,,25799
6.363941669464111,,3.4375717639923096,,22,2.9263699054718018,,25809
6.0946245193481445,,3.2034692764282227,,22,2.8911550045013428,,25819
6.1653547286987305,,3.256579875946045,,22,2.9087748527526855,,25829
6.196453094482422,,3.393488883972168,,22,2.802964448928833,,25839
6.08726692199707,,3.2395551204681396,,22,2.8477120399475098,,25849
6.358547687530518,,3.4242990016937256,,22,2.934248685836792,,25859
6.103837013244629,,3.3250608444213867,,22,2.7787764072418213,,25869
6.018644332885742,,3.2943737506866455,,22,2.7242703437805176,,25879
6.036462783813477,,3.2632689476013184,,22,2.773193597793579,,25889
6.313711166381836,,3.37282395362854,,22,2.940887451171875,,25899
6.258833885192871,,3.3586530685424805,,22,2.9001805782318115,,25909
6.441623687744141,,3.4777848720550537,,22,2.963838815689087,,25919
6.007130146026611,,3.2212722301483154,,22,2.785857915878296,,25929
6.2981462478637695,,3.468902587890625,,22,2.8292436599731445,,25939
6.186251640319824,,3.3968899250030518,,22,2.7893619537353516,,25949
6.524666786193848,,3.432943344116211,,22,3.0917234420776367,,25959
6.270806312561035,,3.260429859161377,,22,3.0103766918182373,,25969
6.152386665344238,,3.305417537689209,,22,2.84696888923645,,25979
6.1871819496154785,,3.3661060333251953,,22,2.821075916290283,,25989
6.3048553466796875,,3.33296537399292,,22,2.9718897342681885,,25999
6.274908065795898,,3.3715834617614746,,22,2.9033243656158447,,26009
6.26188850402832,,3.3784985542297363,,22,2.883389711380005,,26019
6.358626842498779,,3.4425928592681885,,22,2.916033983230591,,26029
6.393319129943848,,3.3853201866149902,,22,3.0079989433288574,,26039
6.267179489135742,,3.41747784614563,,22,2.849701404571533,,26049
6.396157264709473,,3.4649949073791504,,22,2.9311623573303223,,26059
6.257848739624023,,3.470682144165039,,22,2.7871663570404053,,26069
6.127009868621826,,3.279829740524292,,22,2.847180128097534,,26079
6.257192611694336,,3.410219192504883,,22,2.846973180770874,,26089
6.326155662536621,,3.4629390239715576,,22,2.8632166385650635,,26099
6.344944953918457,,3.4316227436065674,,22,2.9133219718933105,,26109
6.14634370803833,,3.2675702571868896,,22,2.8787734508514404,,26119
6.329034805297852,,3.3530166149139404,,22,2.9760184288024902,,26129
5.986271381378174,,3.2179203033447266,,22,2.7683510780334473,,26139
6.300813674926758,,3.384962558746338,,22,2.915850877761841,,26149
6.322942733764648,,3.3756303787231445,,22,2.947312116622925,,26159
6.065159797668457,,3.310242176055908,,22,2.754917621612549,,26169
6.141880989074707,,3.2599785327911377,,22,2.8819022178649902,,26179
6.245018005371094,,3.435251235961914,,22,2.8097667694091797,,26189
6.102242469787598,,3.2805206775665283,,22,2.8217215538024902,,26199
6.34898567199707,,3.4090113639831543,,22,2.939974069595337,,26209
6.151212692260742,,3.275592803955078,,22,2.875620126724243,,26219
6.289697647094727,,3.270385265350342,,22,3.0193121433258057,,26229
6.118542671203613,,3.3267364501953125,,22,2.79180645942688,,26239
5.936190605163574,,3.195082664489746,,22,2.7411081790924072,,26249
6.192205429077148,,3.411184072494507,,22,2.7810211181640625,,26259
5.954379081726074,,3.2062342166900635,,22,2.7481448650360107,,26269
6.230780124664307,,3.396548271179199,,22,2.8342318534851074,,26279
6.179808616638184,,3.374929666519165,,22,2.8048789501190186,,26289
6.192183494567871,,3.2915050983428955,,22,2.9006783962249756,,26299
6.016783714294434,,3.2713308334350586,,22,2.745452642440796,,26309
6.103490829467773,,3.214787721633911,,22,2.8887031078338623,,26319
6.191728115081787,,3.323744773864746,,22,2.867983341217041,,26329
6.015801429748535,,3.269967555999756,,22,2.7458341121673584,,26339
6.059603214263916,,3.312474250793457,,22,2.747128963470459,,26349
6.268409729003906,,3.3703250885009766,,22,2.898084878921509,,26359
6.270142555236816,,3.3690237998962402,,22,2.9011189937591553,,26369
6.3742804527282715,,3.439070463180542,,22,2.9352099895477295,,26379
6.118413925170898,,3.3747305870056152,,22,2.743683099746704,,26389
6.361301422119141,,3.3897976875305176,,22,2.971503496170044,,26399
5.821542739868164,,3.1654298305511475,,22,2.6561129093170166,,26409
6.271014213562012,,3.341430187225342,,22,2.929584264755249,,26419
6.022217750549316,,3.2224693298339844,,22,2.799748420715332,,26429
6.047882080078125,,3.213202476501465,,22,2.834679365158081,,26439
6.11316442489624,,3.2247209548950195,,22,2.8884434700012207,,26449
5.935837745666504,,3.181605577468872,,22,2.7542319297790527,,26459
6.453416347503662,,3.522062301635742,,22,2.93135404586792,,26469
6.184417724609375,,3.2871322631835938,,22,2.8972856998443604,,26479
6.290379524230957,,3.3281149864196777,,22,2.9622645378112793,,26489
6.273223876953125,,3.52486515045166,,22,2.748358726501465,,26499
6.071144104003906,,3.3063840866088867,,22,2.7647597789764404,,26509
,6.2125935554504395,,3.337123394012451,22,,2.8754701614379883,26518
6.088639259338379,,3.2736387252807617,,23,2.815000534057617,,26519
6.243285179138184,,3.2868032455444336,,23,2.95648193359375,,26529
6.126376152038574,,3.3232007026672363,,23,2.803175210952759,,26539
6.236265659332275,,3.288691520690918,,23,2.9475741386413574,,26549
6.307456970214844,,3.3216025829315186,,23,2.9858546257019043,,26559
6.222487449645996,,3.3991215229034424,,23,2.8233659267425537,,26569
6.183053016662598,,3.3771212100982666,,23,2.805931806564331,,26579
6.155341625213623,,3.26985239982605,,23,2.8854892253875732,,26589
6.082425117492676,,3.2312960624694824,,23,2.8511288166046143,,26599
6.090221405029297,,3.2952780723571777,,23,2.79494309425354,,26609
6.259479522705078,,3.3677549362182617,,23,2.8917248249053955,,26619
6.1022138595581055,,3.24442458152771,,23,2.8577890396118164,,26629
6.074615478515625,,3.2280936241149902,,23,2.8465218544006348,,26639
6.128242492675781,,3.263960361480713,,23,2.8642821311950684,,26649
6.083881855010986,,3.266080856323242,,23,2.817800998687744,,26659
6.2191314697265625,,3.2955636978149414,,23,2.9235680103302,,26669
6.156890869140625,,3.262939929962158,,23,2.893950939178467,,26679
6.180048942565918,,3.2981393337249756,,23,2.8819093704223633,,26689
6.216263771057129,,3.309112071990967,,23,2.907151460647583,,26699
6.274361610412598,,3.351626396179199,,23,2.9227349758148193,,26709
6.399528503417969,,3.406484365463257,,23,2.993044376373291,,26719
5.993314743041992,,3.2148942947387695,,23,2.7784202098846436,,26729
6.0613250732421875,,3.300780773162842,,23,2.7605443000793457,,26739
6.270048141479492,,3.2626328468322754,,23,3.0074150562286377,,26749
6.219790458679199,,3.4088737964630127,,23,2.8109169006347656,,26759
6.207777976989746,,3.310011386871338,,23,2.8977668285369873,,26769
6.127295970916748,,3.30057954788208,,23,2.826716423034668,,26779
6.152337074279785,,3.333369255065918,,23,2.818967580795288,,26789
6.164405822753906,,3.3306171894073486,,23,2.8337886333465576,,26799
6.607412338256836,,3.6117682456970215,,23,2.9956438541412354,,26809
5.969498634338379,,3.2250466346740723,,23,2.7444517612457275,,26819
6.046416282653809,,3.2262191772460938,,23,2.820197105407715,,26829
6.296613693237305,,3.436323642730713,,23,2.860290288925171,,26839
6.076453685760498,,3.252824306488037,,23,2.823629379272461,,26849
6.223832130432129,,3.332505226135254,,23,2.891326904296875,,26859
6.06323766708374,,3.3242218494415283,,23,2.739015817642212,,26869
6.245755195617676,,3.4332568645477295,,23,2.8124985694885254,,26879
6.330721378326416,,3.3316876888275146,,23,2.9990336894989014,,26889
6.159423828125,,3.2618987560272217,,23,2.897524833679199,,26899
6.026666641235352,,3.323441505432129,,23,2.7032251358032227,,26909
6.407279014587402,,3.4075865745544434,,23,2.99969220161438,,26919
6.037522315979004,,3.2659711837768555,,23,2.7715513706207275,,26929
6.144292831420898,,3.3137283325195312,,23,2.8305647373199463,,26939
6.177197456359863,,3.287994384765625,,23,2.889202833175659,,26949
6.252870559692383,,3.360898494720459,,23,2.891972303390503,,26959
6.2050299644470215,,3.3243331909179688,,23,2.8806967735290527,,26969
6.278007507324219,,3.345332622528076,,23,2.9326751232147217,,26979
6.1388139724731445,,3.3528170585632324,,23,2.785996675491333,,26989
6.142631530761719,,3.262037992477417,,23,2.8805935382843018,,26999
6.070825576782227,,3.2408390045166016,,23,2.829986333847046,,27009
6.221614360809326,,3.381582736968994,,23,2.840031623840332,,27019
6.19757604598999,,3.3276376724243164,,23,2.869938373565674,,27029
5.857973098754883,,3.202298641204834,,23,2.6556742191314697,,27039
6.150153160095215,,3.3039464950561523,,23,2.8462066650390625,,27049
6.1911301612854,,3.3865365982055664,,23,2.804593563079834,,27059
6.239227294921875,,3.3605902194976807,,23,2.8786368370056152,,27069
6.10734748840332,,3.2118983268737793,,23,2.895449161529541,,27079
6.410043716430664,,3.5152297019958496,,23,2.8948142528533936,,27089
6.545951843261719,,3.525066375732422,,23,3.0208852291107178,,27099
6.166866302490234,,3.272268295288086,,23,2.8945980072021484,,27109
6.1811909675598145,,3.3621652126312256,,23,2.819025754928589,,27119
6.411343097686768,,3.3843464851379395,,23,3.026996612548828,,27129
6.406365394592285,,3.4541754722595215,,23,2.9521899223327637,,27139
6.10333251953125,,3.228522539138794,,23,2.874809980392456,,27149
6.0998430252075195,,3.2846832275390625,,23,2.815159559249878,,27159
6.112428665161133,,3.304471969604492,,23,2.8079569339752197,,27169
6.43540096282959,,3.449373245239258,,23,2.986027479171753,,27179
6.234496116638184,,3.319575071334839,,23,2.9149210453033447,,27189
6.435918807983398,,3.4171743392944336,,23,3.0187442302703857,,27199
6.306974411010742,,3.402162551879883,,23,2.9048120975494385,,27209
6.1089701652526855,,3.3034465312957764,,23,2.805523633956909,,27219
6.458515644073486,,3.531681537628174,,23,2.9268341064453125,,27229
6.225140571594238,,3.3231992721557617,,23,2.9019415378570557,,27239
6.199946880340576,,3.3206729888916016,,23,2.8792738914489746,,27249
6.09879207611084,,3.2248892784118652,,23,2.8739025592803955,,27259
5.997225761413574,,3.290665626525879,,23,2.7065603733062744,,27269
6.151486396789551,,3.283407211303711,,23,2.8680789470672607,,27279
6.367428779602051,,3.4354708194732666,,23,2.931957960128784,,27289
6.048944473266602,,3.3196961879730225,,23,2.729248285293579,,27299
6.158280372619629,,3.328392505645752,,23,2.829887866973877,,27309
6.510049819946289,,3.4885997772216797,,23,3.0214498043060303,,27319
6.172614097595215,,3.2578396797180176,,23,2.9147744178771973,,27329
5.967596054077148,,3.191462516784668,,23,2.7761337757110596,,27339
6.183651924133301,,3.305953025817871,,23,2.877699136734009,,27349
6.113458633422852,,3.2796831130981445,,23,2.833775758743286,,27359
6.187880516052246,,3.2595720291137695,,23,2.9283087253570557,,27369
6.324825763702393,,3.416536331176758,,23,2.9082894325256348,,27379
5.958003044128418,,3.217102527618408,,23,2.7409002780914307,,27389
6.231045722961426,,3.3750128746032715,,23,2.856032609939575,,27399
6.2918925285339355,,3.3853182792663574,,23,2.906574249267578,,27409
6.170855522155762,,3.1937623023986816,,23,2.977092981338501,,27419
6.1883931159973145,,3.306506633758545,,23,2.8818864822387695,,27429
6.446126937866211,,3.520052671432495,,23,2.926074504852295,,27439
6.472859859466553,,3.534916400909424,,23,2.937943458557129,,27449
6.05467414855957,,3.282329559326172,,23,2.7723445892333984,,27459
6.0614519119262695,,3.189772129058838,,23,2.8716800212860107,,27469
6.065979957580566,,3.242027759552002,,23,2.8239521980285645,,27479
6.1770830154418945,,3.3338255882263184,,23,2.843257427215576,,27489
6.304440498352051,,3.2912697792053223,,23,3.0131707191467285,,27499
6.120417594909668,,3.31321120262146,,23,2.807206630706787,,27509
6.406759262084961,,3.439138650894165,,23,2.967620372772217,,27519
6.222597122192383,,3.3920300006866455,,23,2.8305671215057373,,27529
6.252465724945068,,3.3049957752227783,,23,2.94746994972229,,27539
6.404067516326904,,3.3648524284362793,,23,3.039215087890625,,27549
6.045856475830078,,3.27970027923584,,23,2.7661564350128174,,27559
6.181260108947754,,3.34335994720459,,23,2.837900400161743,,27569
6.3498125076293945,,3.3950963020324707,,23,2.954716444015503,,27579
6.173337936401367,,3.369560718536377,,23,2.8037772178649902,,27589
6.181495666503906,,3.3677151203155518,,23,2.8137803077697754,,27599
6.1680402755737305,,3.344658851623535,,23,2.8233816623687744,,27609
6.168959617614746,,3.2351107597351074,,23,2.9338488578796387,,27619
5.9384613037109375,,3.2380852699279785,,23,2.700376033782959,,27629
6.200408935546875,,3.351724147796631,,23,2.848684549331665,,27639
6.068441390991211,,3.193338394165039,,23,2.875103235244751,,27649
5.991430282592773,,3.264118194580078,,23,2.7273120880126953,,27659
6.353401184082031,,3.41622257232666,,23,2.937178373336792,,27669
,6.185740947723389,,3.3313944339752197,23,,2.854346752166748,27671
6.370329856872559,,3.4335899353027344,,24,2.936739921569824,,27679
6.177923202514648,,3.3391246795654297,,24,2.8387985229492188,,27689
6.251735687255859,,3.381864070892334,,24,2.8698718547821045,,27699
6.207115173339844,,3.3080685138702393,,24,2.8990466594696045,,27709
6.2613139152526855,,3.402956485748291,,24,2.8583574295043945,,27719
6.380151748657227,,3.492722749710083,,24,2.8874292373657227,,27729
5.949233055114746,,3.2333784103393555,,24,2.7158546447753906,,27739
6.102843284606934,,3.2810559272766113,,24,2.8217873573303223,,27749
6.192584037780762,,3.315948247909546,,24,2.876636028289795,,27759
6.263271331787109,,3.4048757553100586,,24,2.8583953380584717,,27769
6.354532718658447,,3.460106372833252,,24,2.8944263458251953,,27779
6.551429271697998,,3.512119770050049,,24,3.039309501647949,,27789
6.102426528930664,,3.3076467514038086,,24,2.7947797775268555,,27799
6.2444329261779785,,3.4599058628082275,,24,2.784527063369751,,27809
6.126143932342529,,3.2143144607543945,,24,2.9118294715881348,,27819
6.269687652587891,,3.4449806213378906,,24,2.82470703125,,27829
6.213506698608398,,3.3328194618225098,,24,2.8806869983673096,,27839
6.0757551193237305,,3.3032360076904297,,24,2.772519111633301,,27849
6.273420333862305,,3.478219985961914,,24,2.7952005863189697,,27859
6.167301177978516,,3.288172721862793,,24,2.8791282176971436,,27869
6.09798002243042,,3.4280378818511963,,24,2.6699421405792236,,27879
6.098304271697998,,3.2911572456359863,,24,2.8071470260620117,,27889
6.1646246910095215,,3.231602430343628,,24,2.9330222606658936,,27899
6.01823616027832,,3.265157699584961,,24,2.7530786991119385,,27909
5.9653239250183105,,3.2528295516967773,,24,2.712494373321533,,27919
6.184764862060547,,3.36195969581604,,24,2.8228049278259277,,27929
5.920391082763672,,3.252775192260742,,24,2.6676158905029297,,27939
6.159601211547852,,3.2983312606811523,,24,2.861269950866699,,27949
6.133892059326172,,3.2951741218566895,,24,2.8387179374694824,,27959
6.071541786193848,,3.3199377059936523,,24,2.751603841781616,,27969
6.367033958435059,,3.5300426483154297,,24,2.83699107170105,,27979
6.166747093200684,,3.2869491577148438,,24,2.879798173904419,,27989
6.227488994598389,,3.3097293376922607,,24,2.917759656906128,,27999
6.158454895019531,,3.2579712867736816,,24,2.9004833698272705,,28009
6.214371681213379,,3.2915120124816895,,24,2.9228599071502686,,28019
6.242485523223877,,3.33851957321167,,24,2.903965950012207,,28029
6.2719526290893555,,3.476260185241699,,24,2.7956924438476562,,28039
6.027364730834961,,3.2360119819641113,,24,2.7913525104522705,,28049
6.267881393432617,,3.405700445175171,,24,2.8621811866760254,,28059
6.190799713134766,,3.3007049560546875,,24,2.890094518661499,,28069
6.4171600341796875,,3.4919519424438477,,24,2.925208330154419,,28079
6.511098861694336,,3.4992074966430664,,24,3.0118911266326904,,28089
6.272932052612305,,3.3714241981506348,,24,2.901508092880249,,28099
6.185504913330078,,3.305684804916382,,24,2.879819869995117,,28109
6.008833885192871,,3.357966423034668,,24,2.650867462158203,,28119
6.03279972076416,,3.3022682666778564,,24,2.730531692504883,,28129
6.1057538986206055,,3.2769837379455566,,24,2.828770399093628,,28139
6.376270294189453,,3.433230400085449,,24,2.943039655685425,,28149
6.06842041015625,,3.2500929832458496,,24,2.8183271884918213,,28159
6.038952827453613,,3.1661159992218018,,24,2.8728368282318115,,28169
6.209096431732178,,3.3013744354248047,,24,2.907721996307373,,28179
5.887542724609375,,3.1659817695617676,,24,2.7215609550476074,,28189
6.049359321594238,,3.1907334327697754,,24,2.858625650405884,,28199
6.26900577545166,,3.3573904037475586,,24,2.9116156101226807,,28209
6.126865863800049,,3.252095937728882,,24,2.874769926071167,,28219
6.046999931335449,,3.244499683380127,,24,2.802500009536743,,28229
6.035965919494629,,3.2553048133850098,,24,2.78066086769104,,28239
5.889860153198242,,3.1815896034240723,,24,2.70827054977417,,28249
5.970918655395508,,3.193957567214966,,24,2.776961088180542,,28259
6.140834808349609,,3.3937416076660156,,24,2.7470932006835938,,28269
6.157174110412598,,3.3249030113220215,,24,2.8322713375091553,,28279
6.19020414352417,,3.3372738361358643,,24,2.8529303073883057,,28289
5.893831253051758,,3.199934959411621,,24,2.6938962936401367,,28299
6.257709503173828,,3.5166549682617188,,24,2.7410547733306885,,28309
6.0081281661987305,,3.254117965698242,,24,2.754009962081909,,28319
6.416774749755859,,3.5468828678131104,,24,2.86989164352417,,28329
6.043066024780273,,3.291445255279541,,24,2.7516207695007324,,28339
6.2344512939453125,,3.319389581680298,,24,2.9150614738464355,,28349
6.117476463317871,,3.3181312084198,,24,2.799345016479492,,28359
6.100919723510742,,3.2404565811157227,,24,2.8604629039764404,,28369
5.959409713745117,,3.2688519954681396,,24,2.6905577182769775,,28379
6.316413879394531,,3.4064626693725586,,24,2.9099509716033936,,28389
6.394231796264648,,3.4838554859161377,,24,2.9103760719299316,,28399
6.3489298820495605,,3.415595531463623,,24,2.9333343505859375,,28409
5.987916946411133,,3.330270290374756,,24,2.657646656036377,,28419
6.006840229034424,,3.219212055206299,,24,2.787628173828125,,28429
5.973651885986328,,3.2112016677856445,,24,2.7624499797821045,,28439
6.230666160583496,,3.3291029930114746,,24,2.9015631675720215,,28449
6.382559299468994,,3.375169277191162,,24,3.007390022277832,,28459
6.45367431640625,,3.5715038776397705,,24,2.8821704387664795,,28469
6.229363918304443,,3.405714511871338,,24,2.8236494064331055,,28479
6.337175369262695,,3.4852652549743652,,24,2.851909875869751,,28489
6.026820182800293,,3.176727056503296,,24,2.850093364715576,,28499
6.027338981628418,,3.2631101608276367,,24,2.7642288208007812,,28509
6.142177581787109,,3.372968912124634,,24,2.7692089080810547,,28519
6.133451461791992,,3.304818630218506,,24,2.8286325931549072,,28529
6.124753952026367,,3.210677146911621,,24,2.914076566696167,,28539
6.0108842849731445,,3.3045437335968018,,24,2.7063405513763428,,28549
6.247199058532715,,3.3329949378967285,,24,2.9142038822174072,,28559
6.282646179199219,,3.440335988998413,,24,2.8423101902008057,,28569
6.4053449630737305,,3.46095609664917,,24,2.9443888664245605,,28579
6.221158027648926,,3.403186321258545,,24,2.8179714679718018,,28589
6.107060432434082,,3.356675148010254,,24,2.750385046005249,,28599
6.085936546325684,,3.2432432174682617,,24,2.842693328857422,,28609
6.24977970123291,,3.349804401397705,,24,2.899975061416626,,28619
6.273542404174805,,3.385838508605957,,24,2.8877038955688477,,28629
6.085916519165039,,3.2199835777282715,,24,2.8659331798553467,,28639
6.152048110961914,,3.187908411026001,,24,2.964139938354492,,28649
6.17874002456665,,3.309988021850586,,24,2.8687520027160645,,28659
6.187121391296387,,3.3588829040527344,,24,2.8282387256622314,,28669
6.145634174346924,,3.29386568069458,,24,2.8517684936523438,,28679
6.022466659545898,,3.2649028301239014,,24,2.757563591003418,,28689
6.206977844238281,,3.3117103576660156,,24,2.8952677249908447,,28699
6.122791767120361,,3.2245545387268066,,24,2.8982372283935547,,28709
6.220673084259033,,3.3076720237731934,,24,2.91300106048584,,28719
6.040955543518066,,3.3593084812164307,,24,2.6816470623016357,,28729
6.143904685974121,,3.3478312492370605,,24,2.7960734367370605,,28739
6.240833759307861,,3.342503547668457,,24,2.8983302116394043,,28749
6.1048126220703125,,3.2850756645202637,,24,2.8197367191314697,,28759
6.23408317565918,,3.423551559448242,,24,2.8105316162109375,,28769
5.915796279907227,,3.142343759536743,,24,2.7734522819519043,,28779
6.090326309204102,,3.3363289833068848,,24,2.753997325897217,,28789
5.910980224609375,,3.1837878227233887,,24,2.7271926403045654,,28799
6.0984907150268555,,3.2589359283447266,,24,2.839555025100708,,28809
6.151158809661865,,3.330829381942749,,24,2.820329427719116,,28819
,6.166286945343018,,3.329862594604492,24,,2.8364245891571045,28824
6.390566825866699,,3.506676435470581,,25,2.8838906288146973,,28829
6.123216152191162,,3.21097993850708,,25,2.912236213684082,,28839
5.986266136169434,,3.191481351852417,,25,2.7947845458984375,,28849
5.96073579788208,,3.2535924911499023,,25,2.7071433067321777,,28859
6.2322998046875,,3.381815195083618,,25,2.850484609603882,,28869
6.063485622406006,,3.2567920684814453,,25,2.8066935539245605,,28879
5.955694675445557,,3.1578264236450195,,25,2.797868251800537,,28889
6.270782470703125,,3.3812384605407715,,25,2.8895440101623535,,28899
6.095495223999023,,3.336914539337158,,25,2.758580446243286,,28909
6.406769752502441,,3.4244866371154785,,25,2.982283353805542,,28919
6.134982109069824,,3.3455934524536133,,25,2.789388418197632,,28929
6.014220237731934,,3.267359733581543,,25,2.7468605041503906,,28939
6.424200057983398,,3.574262857437134,,25,2.8499369621276855,,28949
6.323281288146973,,3.325856924057007,,25,2.997424602508545,,28959
5.863261699676514,,3.1991586685180664,,25,2.6641030311584473,,28969
5.8792572021484375,,3.131866931915283,,25,2.7473902702331543,,28979
6.321861267089844,,3.4307351112365723,,25,2.8911259174346924,,28989
5.7585320472717285,,3.155383348464966,,25,2.6031486988067627,,28999
6.2171149253845215,,3.325105667114258,,25,2.8920092582702637,,29009
6.3689093589782715,,3.4809727668762207,,25,2.887936592102051,,29019
6.130851745605469,,3.3472073078155518,,25,2.783644437789917,,29029
6.268364906311035,,3.365264415740967,,25,2.9031002521514893,,29039
5.972805023193359,,3.2400529384613037,,25,2.7327518463134766,,29049
6.315732955932617,,3.459486961364746,,25,2.85624623298645,,29059
6.306781768798828,,3.3901734352111816,,25,2.9166083335876465,,29069
6.03819465637207,,3.208458423614502,,25,2.8297359943389893,,29079
6.096543312072754,,3.3507044315338135,,25,2.7458388805389404,,29089
6.0678606033325195,,3.3526322841644287,,25,2.71522855758667,,29099
6.084783554077148,,3.2461724281311035,,25,2.838611125946045,,29109
6.204263687133789,,3.324510097503662,,25,2.879753351211548,,29119
6.202212333679199,,3.3902101516723633,,25,2.812002420425415,,29129
6.256582260131836,,3.345780372619629,,25,2.910801887512207,,29139
6.211008548736572,,3.441741943359375,,25,2.7692666053771973,,29149
6.274820327758789,,3.392275810241699,,25,2.8825442790985107,,29159
6.171474933624268,,3.3513026237487793,,25,2.8201723098754883,,29169
6.24837064743042,,3.420215129852295,,25,2.828155517578125,,29179
6.100285530090332,,3.2783634662628174,,25,2.8219218254089355,,29189
6.008979320526123,,3.3599236011505127,,25,2.6490557193756104,,29199
6.259756088256836,,3.477174758911133,,25,2.782581090927124,,29209
5.987542152404785,,3.2594237327575684,,25,2.728118419647217,,29219
6.254629135131836,,3.4094691276550293,,25,2.8451602458953857,,29229
6.349514007568359,,3.3508424758911133,,25,2.998671531677246,,29239
6.125816822052002,,3.266585111618042,,25,2.85923171043396,,29249
6.025932312011719,,3.3311710357666016,,25,2.694761276245117,,29259
6.226936340332031,,3.4026079177856445,,25,2.8243281841278076,,29269
5.734657287597656,,3.165806531906128,,25,2.5688509941101074,,29279
6.274868011474609,,3.4628891944885254,,25,2.811979055404663,,29289
6.066710472106934,,3.226189613342285,,25,2.8405206203460693,,29299
6.284153938293457,,3.427736282348633,,25,2.8564178943634033,,29309
6.424060821533203,,3.4888007640838623,,25,2.9352598190307617,,29319
6.085798263549805,,3.2544050216674805,,25,2.831393241882324,,29329
6.171082496643066,,3.2781641483306885,,25,2.892918348312378,,29339
6.166895389556885,,3.3093795776367188,,25,2.857515811920166,,29349
6.376402854919434,,3.4090566635131836,,25,2.96734619140625,,29359
6.09503698348999,,3.2926924228668213,,25,2.802344560623169,,29369
6.111336708068848,,3.242764949798584,,25,2.8685715198516846,,29379
5.992462158203125,,3.157255172729492,,25,2.835207223892212,,29389
6.158202648162842,,3.2925209999084473,,25,2.8656816482543945,,29399
6.226222991943359,,3.356719493865967,,25,2.8695032596588135,,29409
6.361812114715576,,3.3459300994873047,,25,3.0158820152282715,,29419
6.031955242156982,,3.2649292945861816,,25,2.767025947570801,,29429
6.172344207763672,,3.35262393951416,,25,2.8197200298309326,,29439
6.1515350341796875,,3.426832675933838,,25,2.7247025966644287,,29449
6.251260757446289,,3.346187114715576,,25,2.905073881149292,,29459
6.277732849121094,,3.4627881050109863,,25,2.8149449825286865,,29469
6.013031005859375,,3.188255786895752,,25,2.824775457382202,,29479
5.967023849487305,,3.2022194862365723,,25,2.7648041248321533,,29489
6.183937072753906,,3.304725408554077,,25,2.879211902618408,,29499
6.214939117431641,,3.333845615386963,,25,2.8810935020446777,,29509
6.09062385559082,,3.342529296875,,25,2.7480947971343994,,29519
6.185599327087402,,3.3330724239349365,,25,2.852527141571045,,29529
6.2004594802856445,,3.5136947631835938,,25,2.686764717102051,,29539
6.287132263183594,,3.407763957977295,,25,2.879368543624878,,29549
6.176205635070801,,3.3700764179229736,,25,2.806128978729248,,29559
5.924465179443359,,3.2491533756256104,,25,2.675311803817749,,29569
6.0709547996521,,3.339365005493164,,25,2.7315897941589355,,29579
6.017635345458984,,3.2228047847747803,,25,2.794830322265625,,29589
6.382393836975098,,3.5330753326416016,,25,2.849318265914917,,29599
6.11637544631958,,3.2985658645629883,,25,2.817809581756592,,29609
6.059398651123047,,3.257357120513916,,25,2.80204176902771,,29619
6.0824480056762695,,3.3440101146698,,25,2.7384376525878906,,29629
6.1633195877075195,,3.377499580383301,,25,2.7858200073242188,,29639
6.085687637329102,,3.2605502605438232,,25,2.825137138366699,,29649
6.242508888244629,,3.3040547370910645,,25,2.9384543895721436,,29659
6.104893684387207,,3.345620632171631,,25,2.7592732906341553,,29669
6.167111873626709,,3.2078447341918945,,25,2.9592671394348145,,29679
6.16104793548584,,3.289031505584717,,25,2.872016191482544,,29689
6.133191108703613,,3.233006238937378,,25,2.9001846313476562,,29699
6.112252235412598,,3.342041254043579,,25,2.7702109813690186,,29709
6.21067476272583,,3.3056843280792236,,25,2.9049904346466064,,29719
6.211039066314697,,3.3318300247192383,,25,2.879209041595459,,29729
6.105269432067871,,3.2745115756988525,,25,2.8307578563690186,,29739
6.001092910766602,,3.341989278793335,,25,2.6591033935546875,,29749
6.093497276306152,,3.276265859603882,,25,2.8172314167022705,,29759
6.09616756439209,,3.330171585083008,,25,2.765995979309082,,29769
6.16527795791626,,3.2971420288085938,,25,2.868135929107666,,29779
6.141034126281738,,3.2686386108398438,,25,2.8723957538604736,,29789
6.163010597229004,,3.2937371730804443,,25,2.8692736625671387,,29799
6.225388526916504,,3.4005985260009766,,25,2.8247897624969482,,29809
6.10398006439209,,3.305286407470703,,25,2.7986936569213867,,29819
5.973540306091309,,3.2272112369537354,,25,2.746328830718994,,29829
6.37510871887207,,3.6406633853912354,,25,2.734445333480835,,29839
6.395200729370117,,3.522693634033203,,25,2.872506856918335,,29849
6.031426429748535,,3.3267436027526855,,25,2.7046825885772705,,29859
5.9761834144592285,,3.2504892349243164,,25,2.725694179534912,,29869
6.110069274902344,,3.340592861175537,,25,2.7694761753082275,,29879
6.297843933105469,,3.3094065189361572,,25,2.9884374141693115,,29889
5.995709419250488,,3.2701973915100098,,25,2.7255117893218994,,29899
6.2050676345825195,,3.3989763259887695,,25,2.80609130859375,,29909
6.231619358062744,,3.318512439727783,,25,2.913106918334961,,29919
6.188922882080078,,3.244260787963867,,25,2.944662094116211,,29929
6.154794692993164,,3.362400531768799,,25,2.7923941612243652,,29939
6.059913158416748,,3.2220637798309326,,25,2.8378493785858154,,29949
6.144821643829346,,3.2681093215942383,,25,2.8767123222351074,,29959
6.070646286010742,,3.218472480773926,,25,2.8521735668182373,,29969
,6.137477874755859,,3.320178270339966,25,,2.8172993659973145,29977
6.297697067260742,,3.3543524742126465,,26,2.9433445930480957,,29979
6.1059136390686035,,3.2295114994049072,,26,2.8764021396636963,,29989
6.1961669921875,,3.2818737030029297,,26,2.914293050765991,,29999
5.941927909851074,,3.2200779914855957,,26,2.7218496799468994,,30009
6.058960914611816,,3.3661975860595703,,26,2.692763328552246,,30019
6.085999488830566,,3.349031448364258,,26,2.7369680404663086,,30029
6.326373100280762,,3.462681770324707,,26,2.863691568374634,,30039
5.862746715545654,,3.143803596496582,,26,2.7189431190490723,,30049
6.007817268371582,,3.2740373611450195,,26,2.7337799072265625,,30059
6.111640930175781,,3.3414478302001953,,26,2.770193099975586,,30069
6.167608737945557,,3.401297092437744,,26,2.7663116455078125,,30079
6.357452392578125,,3.4115777015686035,,26,2.9458744525909424,,30089
6.126007080078125,,3.3147027492523193,,26,2.8113045692443848,,30099
6.178335189819336,,3.29233455657959,,26,2.886000871658325,,30109
5.944657802581787,,3.2166900634765625,,26,2.7279677391052246,,30119
5.884853839874268,,3.1978418827056885,,26,2.687011957168579,,30129
6.237217903137207,,3.3851373195648193,,26,2.852080821990967,,30139
6.1794233322143555,,3.2612645626068115,,26,2.918158531188965,,30149
6.171473979949951,,3.3729248046875,,26,2.798549175262451,,30159
6.291692733764648,,3.429027557373047,,26,2.8626654148101807,,30169
6.041250228881836,,3.311150312423706,,26,2.730100154876709,,30179
6.20670747756958,,3.4125051498413086,,26,2.7942023277282715,,30189
5.925360202789307,,3.2440805435180664,,26,2.6812796592712402,,30199
6.022353172302246,,3.287088394165039,,26,2.735264539718628,,30209
6.095583915710449,,3.313088893890381,,26,2.7824952602386475,,30219
6.212380409240723,,3.326998710632324,,26,2.8853816986083984,,30229
6.206266403198242,,3.398198127746582,,26,2.8080685138702393,,30239
6.593658924102783,,3.6565027236938477,,26,2.9371562004089355,,30249
6.222464561462402,,3.32887601852417,,26,2.8935885429382324,,30259
6.201145172119141,,3.3467535972595215,,26,2.85439133644104,,30269
6.174173355102539,,3.284095048904419,,26,2.89007830619812,,30279
6.09572696685791,,3.264526844024658,,26,2.831200361251831,,30289
6.06547737121582,,3.268202304840088,,26,2.7972748279571533,,30299
5.996364116668701,,3.272333860397339,,26,2.7240302562713623,,30309
6.171575546264648,,3.3643627166748047,,26,2.8072128295898438,,30319
6.201178550720215,,3.5036540031433105,,26,2.6975245475769043,,30329
6.245272159576416,,3.4270524978637695,,26,2.8182196617126465,,30339
5.980196952819824,,3.2532434463500977,,26,2.7269532680511475,,30349
6.281081199645996,,3.414633274078369,,26,2.866447687149048,,30359
6.205595016479492,,3.3677148818969727,,26,2.8378801345825195,,30369
6.11433744430542,,3.3597328662872314,,26,2.7546045780181885,,30379
5.96062707901001,,3.2165796756744385,,26,2.7440474033355713,,30389
5.906376838684082,,3.2296698093414307,,26,2.6767072677612305,,30399
6.018669128417969,,3.2028424739837646,,26,2.815826416015625,,30409
6.0917840003967285,,3.360084056854248,,26,2.7316999435424805,,30419
6.167074203491211,,3.3541064262390137,,26,2.8129677772521973,,30429
5.919729232788086,,3.2564923763275146,,26,2.6632370948791504,,30439
6.085104942321777,,3.27976655960083,,26,2.8053383827209473,,30449
6.093770503997803,,3.4146928787231445,,26,2.679077625274658,,30459
6.274087905883789,,3.354254722595215,,26,2.919832944869995,,30469
5.926475524902344,,3.1904349327087402,,26,2.7360408306121826,,30479
6.068072319030762,,3.3221139907836914,,26,2.7459585666656494,,30489
6.126980781555176,,3.4639315605163574,,26,2.6630492210388184,,30499
6.22098445892334,,3.3828916549682617,,26,2.838092565536499,,30509
6.071527481079102,,3.2531533241271973,,26,2.8183741569519043,,30519
6.188596725463867,,3.374549150466919,,26,2.8140475749969482,,30529
6.014492988586426,,3.228245973587036,,26,2.7862472534179688,,30539
6.218152046203613,,3.3192801475524902,,26,2.898871898651123,,30549
6.171720504760742,,3.3362996578216553,,26,2.835420846939087,,30559
6.327393531799316,,3.516613483428955,,26,2.8107802867889404,,30569
6.091494560241699,,3.3433003425598145,,26,2.7481939792633057,,30579
6.0646071434021,,3.260408401489258,,26,2.804198741912842,,30589
5.837275505065918,,3.2036263942718506,,26,2.6336488723754883,,30599
6.336891174316406,,3.461426258087158,,26,2.875464916229248,,30609
6.019878387451172,,3.2592577934265137,,26,2.760620594024658,,30619
6.131855010986328,,3.3787083625793457,,26,2.7531466484069824,,30629
6.03397274017334,,3.2103872299194336,,26,2.8235857486724854,,30639
6.0776801109313965,,3.24713134765625,,26,2.8305487632751465,,30649
6.197206497192383,,3.331359624862671,,26,2.865846872329712,,30659
6.1081223487854,,3.416982650756836,,26,2.6911396980285645,,30669
5.944443225860596,,3.2173616886138916,,26,2.727081537246704,,30679
6.160991668701172,,3.3141279220581055,,26,2.8468639850616455,,30689
6.168521881103516,,3.345228672027588,,26,2.8232932090759277,,30699
6.238901138305664,,3.393549680709839,,26,2.8453516960144043,,30709
6.214814186096191,,3.36305570602417,,26,2.8517584800720215,,30719
6.203734397888184,,3.3775691986083984,,26,2.8261654376983643,,30729
6.24336051940918,,3.383439302444458,,26,2.859921455383301,,30739
5.938760757446289,,3.214832305908203,,26,2.723928451538086,,30749
6.102106094360352,,3.290544033050537,,26,2.8115620613098145,,30759
6.058111190795898,,3.2612762451171875,,26,2.796834945678711,,30769
6.144955635070801,,3.351905584335327,,26,2.7930502891540527,,30779
6.154831886291504,,3.2560596466064453,,26,2.8987724781036377,,30789
6.255868911743164,,3.368490219116211,,26,2.887378454208374,,30799
6.046013355255127,,3.288689613342285,,26,2.757323741912842,,30809
6.037109375,,3.217179775238037,,26,2.819929361343384,,30819
6.161990165710449,,3.2564492225646973,,26,2.905541181564331,,30829
6.178857803344727,,3.3918802738189697,,26,2.786977767944336,,30839
6.329450607299805,,3.4756264686584473,,26,2.8538239002227783,,30849
6.246981620788574,,3.4155168533325195,,26,2.8314645290374756,,30859
6.0140461921691895,,3.225245475769043,,26,2.7888007164001465,,30869
6.216458320617676,,3.3981540203094482,,26,2.8183043003082275,,30879
5.991744041442871,,3.214226722717285,,26,2.777517557144165,,30889
6.015316963195801,,3.342487335205078,,26,2.6728293895721436,,30899
6.241462230682373,,3.31079363822937,,26,2.930668592453003,,30909
5.907885551452637,,3.2055938243865967,,26,2.70229172706604,,30919
5.95064640045166,,3.2674179077148438,,26,2.6832282543182373,,30929
5.962083339691162,,3.163248062133789,,26,2.798835277557373,,30939
6.1568098068237305,,3.3372206687927246,,26,2.819589138031006,,30949
6.226556777954102,,3.347547769546509,,26,2.8790087699890137,,30959
6.000235557556152,,3.185324192047119,,26,2.8149116039276123,,30969
5.880586624145508,,3.263554811477661,,26,2.617032051086426,,30979
5.988222122192383,,3.275390386581421,,26,2.712831974029541,,30989
6.048155784606934,,3.304936647415161,,26,2.7432191371917725,,30999
6.346979141235352,,3.3636651039123535,,26,2.983314037322998,,31009
6.152897834777832,,3.2697465419769287,,26,2.8831515312194824,,31019
6.00797176361084,,3.220569610595703,,26,2.7874021530151367,,31029
6.119105339050293,,3.2560112476348877,,26,2.8630943298339844,,31039
6.140311241149902,,3.3318469524383545,,26,2.808464527130127,,31049
6.2405805587768555,,3.3598694801330566,,26,2.8807108402252197,,31059
6.213691234588623,,3.324582099914551,,26,2.8891091346740723,,31069
5.946904182434082,,3.2624943256378174,,26,2.6844096183776855,,31079
6.1319732666015625,,3.319056510925293,,26,2.8129165172576904,,31089
5.909862041473389,,3.2003135681152344,,26,2.7095484733581543,,31099
6.131888389587402,,3.3739125728607178,,26,2.7579755783081055,,31109
6.025245666503906,,3.2256526947021484,,26,2.7995927333831787,,31119
6.131089210510254,,3.2941832542419434,,26,2.8369059562683105,,31129
,6.112216472625732,,3.3144776821136475,26,,2.797739028930664,31130
5.993864059448242,,3.222449779510498,,27,2.771414041519165,,31139
6.30344295501709,,3.391836643218994,,27,2.911606550216675,,31149
6.277263641357422,,3.486104726791382,,27,2.79115891456604,,31159
6.15745735168457,,3.287586212158203,,27,2.8698713779449463,,31169
6.051680564880371,,3.358827829360962,,27,2.692852735519409,,31179
6.127475738525391,,3.2672271728515625,,27,2.8602488040924072,,31189
6.1440935134887695,,3.3035354614257812,,27,2.8405580520629883,,31199
6.171773910522461,,3.316484212875366,,27,2.855289936065674,,31209
6.085002422332764,,3.3260865211486816,,27,2.758915901184082,,31219
6.016635894775391,,3.2037079334259033,,27,2.812927722930908,,31229
5.881555557250977,,3.2117128372192383,,27,2.669842481613159,,31239
6.2006120681762695,,3.3651275634765625,,27,2.835484266281128,,31249
6.007508277893066,,3.3148927688598633,,27,2.692615270614624,,31259
6.011617660522461,,3.2202517986297607,,27,2.7913661003112793,,31269
5.837066650390625,,3.2000064849853516,,27,2.6370601654052734,,31279
6.193000316619873,,3.4669227600097656,,27,2.7260775566101074,,31289
6.11308479309082,,3.2662763595581055,,27,2.846808671951294,,31299
6.048148155212402,,3.283994436264038,,27,2.7641537189483643,,31309
6.219027996063232,,3.3488473892211914,,27,2.870180606842041,,31319
6.016087055206299,,3.303842782974243,,27,2.7122442722320557,,31329
6.188154220581055,,3.324953556060791,,27,2.8632006645202637,,31339
6.034476280212402,,3.3253555297851562,,27,2.709120750427246,,31349
6.122265338897705,,3.2307541370391846,,27,2.8915112018585205,,31359
5.9983367919921875,,3.2974727153778076,,27,2.700864315032959,,31369
6.138944149017334,,3.347489833831787,,27,2.791454315185547,,31379
6.168666362762451,,3.3961234092712402,,27,2.772542953491211,,31389
6.1744585037231445,,3.309843063354492,,27,2.8646156787872314,,31399
6.298773288726807,,3.452662944793701,,27,2.8461103439331055,,31409
6.148026466369629,,3.4155049324035645,,27,2.7325217723846436,,31419
6.118913650512695,,3.3881165981292725,,27,2.7307968139648438,,31429
5.959179878234863,,3.231876850128174,,27,2.7273030281066895,,31439
6.103206157684326,,3.322171688079834,,27,2.781034469604492,,31449
6.059886455535889,,3.354104518890381,,27,2.705781936645508,,31459
6.082920074462891,,3.4409196376800537,,27,2.642000436782837,,31469
5.9683380126953125,,3.316021203994751,,27,2.6523165702819824,,31479
6.008598804473877,,3.246689796447754,,27,2.761909008026123,,31489
5.98995304107666,,3.3546371459960938,,27,2.6353156566619873,,31499
6.437901496887207,,3.504425048828125,,27,2.933476448059082,,31509
6.091025352478027,,3.366180419921875,,27,2.7248451709747314,,31519
6.243520259857178,,3.388671875,,27,2.8548483848571777,,31529
5.947589874267578,,3.184688091278076,,27,2.762902021408081,,31539
6.183753490447998,,3.3427562713623047,,27,2.8409972190856934,,31549
6.278042793273926,,3.464184522628784,,27,2.8138582706451416,,31559
6.028140544891357,,3.2692372798919678,,27,2.7589032649993896,,31569
6.3267998695373535,,3.554443836212158,,27,2.7723560333251953,,31579
5.752802848815918,,3.212337017059326,,27,2.540465831756592,,31589
6.0685834884643555,,3.2490944862365723,,27,2.819488763809204,,31599
5.9837751388549805,,3.2521579265594482,,27,2.7316172122955322,,31609
5.910495758056641,,3.2196476459503174,,27,2.6908481121063232,,31619
5.8587799072265625,,3.1427431106567383,,27,2.7160370349884033,,31629
6.081686973571777,,3.330317735671997,,27,2.7513692378997803,,31639
6.043010711669922,,3.2922356128692627,,27,2.750775098800659,,31649
5.983785629272461,,3.186814546585083,,27,2.796971082687378,,31659
6.2244415283203125,,3.3943915367126465,,27,2.830050230026245,,31669
6.128396511077881,,3.317826986312866,,27,2.8105695247650146,,31679
6.19619083404541,,3.30373215675354,,27,2.892458915710449,,31689
5.996635913848877,,3.256350040435791,,27,2.740285873413086,,31699
5.98587703704834,,3.238276243209839,,27,2.74760103225708,,31709
5.793174743652344,,3.17268705368042,,27,2.620487689971924,,31719
6.1218109130859375,,3.2642598152160645,,27,2.857550859451294,,31729
6.014136791229248,,3.2754414081573486,,27,2.7386953830718994,,31739
6.165633201599121,,3.3536336421966553,,27,2.811999797821045,,31749
6.177235126495361,,3.3931334018707275,,27,2.784101724624634,,31759
6.06082820892334,,3.3151955604553223,,27,2.7456328868865967,,31769
5.984508514404297,,3.243006944656372,,27,2.741501808166504,,31779
6.237153053283691,,3.2849221229553223,,27,2.95223069190979,,31789
6.011740684509277,,3.2097816467285156,,27,2.801959276199341,,31799
6.362260818481445,,3.4113879203796387,,27,2.9508731365203857,,31809
6.3420820236206055,,3.4717209339141846,,27,2.870361328125,,31819
5.96873140335083,,3.1875617504119873,,27,2.7811696529388428,,31829
5.921828746795654,,3.2729129791259766,,27,2.6489157676696777,,31839
5.968936920166016,,3.2376461029052734,,27,2.731290817260742,,31849
6.230942726135254,,3.41679310798645,,27,2.8141496181488037,,31859
6.047545433044434,,3.281618118286133,,27,2.7659270763397217,,31869
6.114167213439941,,3.2187438011169434,,27,2.895423412322998,,31879
6.115830421447754,,3.274796962738037,,27,2.841033458709717,,31889
5.7793684005737305,,3.193952798843384,,27,2.585415840148926,,31899
6.120703220367432,,3.303420066833496,,27,2.8172831535339355,,31909
5.941901206970215,,3.2336108684539795,,27,2.7082903385162354,,31919
6.194849967956543,,3.357881546020508,,27,2.836968421936035,,31929
6.25127649307251,,3.3274054527282715,,27,2.9238710403442383,,31939
6.077156066894531,,3.382351875305176,,27,2.6948041915893555,,31949
6.049537658691406,,3.3142356872558594,,27,2.735302209854126,,31959
6.117304801940918,,3.2596254348754883,,27,2.8576793670654297,,31969
5.887938022613525,,3.2515532970428467,,27,2.6363847255706787,,31979
6.2823076248168945,,3.366495132446289,,27,2.9158122539520264,,31989
5.961369514465332,,3.199491024017334,,27,2.761878490447998,,31999
6.003525733947754,,3.187594175338745,,27,2.815931558609009,,32009
6.131250381469727,,3.3002138137817383,,27,2.8310365676879883,,32019
5.956033706665039,,3.2250232696533203,,27,2.7310101985931396,,32029
6.062908172607422,,3.277418851852417,,27,2.785489559173584,,32039
6.111536026000977,,3.3258769512176514,,27,2.7856593132019043,,32049
5.8847527503967285,,3.214663505554199,,27,2.6700892448425293,,32059
6.0720367431640625,,3.2687935829162598,,27,2.8032431602478027,,32069
5.989346981048584,,3.2704854011535645,,27,2.7188615798950195,,32079
5.951819896697998,,3.260807991027832,,27,2.691011905670166,,32089
6.068551063537598,,3.3227672576904297,,27,2.745783805847168,,32099
5.822434425354004,,3.168105125427246,,27,2.6543290615081787,,32109
5.976874351501465,,3.243589401245117,,27,2.7332847118377686,,32119
5.986997604370117,,3.207456350326538,,27,2.779541015625,,32129
6.103622913360596,,3.306157350540161,,27,2.7974655628204346,,32139
6.166979789733887,,3.2739219665527344,,27,2.8930578231811523,,32149
6.0421953201293945,,3.2107810974121094,,27,2.831414222717285,,32159
6.108770370483398,,3.4333114624023438,,27,2.6754586696624756,,32169
6.23111629486084,,3.301832675933838,,27,2.929283857345581,,32179
6.047394275665283,,3.1977479457855225,,27,2.8496463298797607,,32189
5.954171180725098,,3.2553768157958984,,27,2.6987946033477783,,32199
6.3672966957092285,,3.4730842113494873,,27,2.894212484359741,,32209
6.203710556030273,,3.39754056930542,,27,2.8061699867248535,,32219
6.210990905761719,,3.3914644718170166,,27,2.8195266723632812,,32229
6.243743896484375,,3.3757925033569336,,27,2.8679511547088623,,32239
5.9638214111328125,,3.3253989219665527,,27,2.6384224891662598,,32249
5.9521331787109375,,3.2039170265197754,,27,2.748216390609741,,32259
5.944984436035156,,3.1815311908721924,,27,2.763453245162964,,32269
6.041528701782227,,3.29189133644104,,27,2.7496371269226074,,32279
,6.093912124633789,,3.3081157207489014,27,,2.7857964038848877,32283
6.176640510559082,,3.362696647644043,,28,2.813944101333618,,32289
6.077898979187012,,3.300095558166504,,28,2.777803659439087,,32299
6.115833282470703,,3.255005359649658,,28,2.860827684402466,,32309
5.915480613708496,,3.2237706184387207,,28,2.6917102336883545,,32319
6.161898612976074,,3.3796982765197754,,28,2.7822000980377197,,32329
6.038393020629883,,3.2640814781188965,,28,2.7743115425109863,,32339
6.098935127258301,,3.2381045818328857,,28,2.860830307006836,,32349
6.021069526672363,,3.265869379043579,,28,2.755200147628784,,32359
5.992137908935547,,3.186196804046631,,28,2.805940866470337,,32369
6.2183427810668945,,3.308962821960449,,28,2.909379720687866,,32379
5.782479286193848,,3.248546600341797,,28,2.5339324474334717,,32389
6.027479648590088,,3.266425609588623,,28,2.761054039001465,,32399
6.170809745788574,,3.3794198036193848,,28,2.7913899421691895,,32409
5.97750186920166,,3.2505688667297363,,28,2.7269327640533447,,32419
6.134373188018799,,3.320122718811035,,28,2.8142504692077637,,32429
6.22978401184082,,3.3635008335113525,,28,2.8662829399108887,,32439
6.124301910400391,,3.441667079925537,,28,2.6826348304748535,,32449
6.270717620849609,,3.3442962169647217,,28,2.9264214038848877,,32459
6.241814613342285,,3.3331329822540283,,28,2.908681869506836,,32469
6.093078136444092,,3.2176525592803955,,28,2.8754255771636963,,32479
6.022924900054932,,3.317540168762207,,28,2.7053847312927246,,32489
5.798419952392578,,3.271803140640259,,28,2.5266170501708984,,32499
6.029264450073242,,3.3752975463867188,,28,2.6539671421051025,,32509
5.901291370391846,,3.2716569900512695,,28,2.629634380340576,,32519
6.126832485198975,,3.260404586791992,,28,2.8664278984069824,,32529
6.120694160461426,,3.4355926513671875,,28,2.685101270675659,,32539
5.858731746673584,,3.1909713745117188,,28,2.6677603721618652,,32549
6.322628021240234,,3.393376350402832,,28,2.9292519092559814,,32559
6.244246482849121,,3.4321959018707275,,28,2.8120508193969727,,32569
6.176794052124023,,3.313858985900879,,28,2.8629350662231445,,32579
6.179560661315918,,3.358694076538086,,28,2.820866584777832,,32589
6.277658462524414,,3.4657235145568848,,28,2.8119349479675293,,32599
5.918287754058838,,3.269063949584961,,28,2.649223804473877,,32609
5.986553192138672,,3.2068753242492676,,28,2.779677629470825,,32619
6.076235771179199,,3.316767692565918,,28,2.759467840194702,,32629
6.119955062866211,,3.297733783721924,,28,2.822221040725708,,32639
6.032846450805664,,3.294281005859375,,28,2.738565444946289,,32649
6.168155670166016,,3.3503270149230957,,28,2.817828416824341,,32659
6.265754699707031,,3.4094457626342773,,28,2.856309175491333,,32669
6.1216959953308105,,3.3876900672912598,,28,2.734005928039551,,32679
6.020123481750488,,3.335799217224121,,28,2.6843245029449463,,32689
6.16741943359375,,3.3996193408966064,,28,2.7678000926971436,,32699
6.069309234619141,,3.2958028316497803,,28,2.7735061645507812,,32709
5.977524757385254,,3.327265739440918,,28,2.650259256362915,,32719
6.140227794647217,,3.421772003173828,,28,2.7184557914733887,,32729
6.081040382385254,,3.2161307334899902,,28,2.8649098873138428,,32739
5.867649078369141,,3.2106986045837402,,28,2.6569504737854004,,32749
6.052712440490723,,3.360964775085449,,28,2.6917479038238525,,32759
6.258401870727539,,3.5191330909729004,,28,2.7392690181732178,,32769
6.364880561828613,,3.473705768585205,,28,2.891174793243408,,32779
6.182538986206055,,3.4739232063293457,,28,2.708615779876709,,32789
5.966043949127197,,3.296632766723633,,28,2.6694111824035645,,32799
5.836481094360352,,3.221714496612549,,28,2.614766836166382,,32809
6.035552024841309,,3.3548569679260254,,28,2.680695056915283,,32819
6.085129737854004,,3.2574715614318848,,28,2.8276584148406982,,32829
6.039857864379883,,3.3391857147216797,,28,2.700671911239624,,32839
5.936473846435547,,3.203798294067383,,28,2.732675790786743,,32849
6.130606174468994,,3.3235700130462646,,28,2.8070361614227295,,32859
6.169260501861572,,3.4108083248138428,,28,2.7584521770477295,,32869
6.026355743408203,,3.242138385772705,,28,2.784217357635498,,32879
6.223316669464111,,3.307471513748169,,28,2.9158451557159424,,32889
5.90251350402832,,3.255221366882324,,28,2.647292375564575,,32899
6.315680503845215,,3.4631736278533936,,28,2.852506637573242,,32909
6.0264716148376465,,3.2831475734710693,,28,2.743324041366577,,32919
6.2529401779174805,,3.3407812118530273,,28,2.9121592044830322,,32929
6.141371726989746,,3.3289544582366943,,28,2.8124172687530518,,32939
6.131036758422852,,3.358916759490967,,28,2.7721197605133057,,32949
6.146487236022949,,3.327413558959961,,28,2.8190736770629883,,32959
6.0531134605407715,,3.2565317153930664,,28,2.796581745147705,,32969
6.191530227661133,,3.3546359539031982,,28,2.8368942737579346,,32979
6.249395370483398,,3.320298194885254,,28,2.9290974140167236,,32989
6.044571876525879,,3.262385845184326,,28,2.782186269760132,,32999
6.0944719314575195,,3.283578395843506,,28,2.8108935356140137,,33009
6.118956565856934,,3.33552885055542,,28,2.7834279537200928,,33019
6.213499069213867,,3.403660774230957,,28,2.8098385334014893,,33029
6.02117919921875,,3.3336875438690186,,28,2.6874918937683105,,33039
6.129411697387695,,3.291149139404297,,28,2.8382623195648193,,33049
5.954104423522949,,3.324347496032715,,28,2.6297566890716553,,33059
5.982593059539795,,3.264881134033203,,28,2.717711925506592,,33069
6.191783905029297,,3.304811954498291,,28,2.886972188949585,,33079
6.189424991607666,,3.318450689315796,,28,2.87097430229187,,33089
6.034265041351318,,3.2263240814208984,,28,2.80794095993042,,33099
6.024845123291016,,3.3259613513946533,,28,2.6988837718963623,,33109
6.024842739105225,,3.2115726470947266,,28,2.813270092010498,,33119
5.897543907165527,,3.154438018798828,,28,2.74310564994812,,33129
6.083237171173096,,3.265456438064575,,28,2.8177807331085205,,33139
6.105895519256592,,3.2696328163146973,,28,2.8362627029418945,,33149
5.936509132385254,,3.281942129135132,,28,2.654566764831543,,33159
6.058757305145264,,3.3574657440185547,,28,2.701291561126709,,33169
5.903378486633301,,3.208627462387085,,28,2.694751262664795,,33179
6.273306846618652,,3.5475926399230957,,28,2.7257139682769775,,33189
5.978950500488281,,3.2274303436279297,,28,2.7515199184417725,,33199
6.1656389236450195,,3.4535953998565674,,28,2.7120437622070312,,33209
6.449650287628174,,3.5325632095336914,,28,2.9170870780944824,,33219
6.045470237731934,,3.3361659049987793,,28,2.7093043327331543,,33229
6.222586631774902,,3.414534568786621,,28,2.8080520629882812,,33239
5.905128479003906,,3.1983659267425537,,28,2.7067623138427734,,33249
5.98954963684082,,3.269970655441284,,28,2.7195792198181152,,33259
6.053338050842285,,3.215534210205078,,28,2.837803602218628,,33269
6.230535507202148,,3.4026026725769043,,28,2.827932596206665,,33279
5.9907121658325195,,3.220332622528076,,28,2.7703797817230225,,33289
6.097097396850586,,3.382857322692871,,28,2.714240074157715,,33299
5.940142631530762,,3.206103801727295,,28,2.734038829803467,,33309
5.832172393798828,,3.1997666358947754,,28,2.6324055194854736,,33319
6.285638809204102,,3.4093527793884277,,28,2.876286268234253,,33329
5.877976417541504,,3.1801507472991943,,28,2.6978259086608887,,33339
6.034163951873779,,3.280845880508423,,28,2.7533180713653564,,33349
6.074673175811768,,3.30621075630188,,28,2.7684624195098877,,33359
6.009356498718262,,3.2504100799560547,,28,2.758946657180786,,33369
6.144124507904053,,3.390451192855835,,28,2.7536733150482178,,33379
5.974861145019531,,3.2764511108398438,,28,2.6984097957611084,,33389
6.163407802581787,,3.377819776535034,,28,2.785588026046753,,33399
5.996020317077637,,3.231327533721924,,28,2.764692544937134,,33409
6.049283981323242,,3.217957019805908,,28,2.831326961517334,,33419
6.110247611999512,,3.2609033584594727,,28,2.849344491958618,,33429
,6.082075119018555,,3.3044941425323486,28,,2.777580738067627,33436
6.07463264465332,,3.2118277549743652,,29,2.862804651260376,,33439
6.215099334716797,,3.4330556392669678,,29,2.78204345703125,,33449
6.123027324676514,,3.3626766204833984,,29,2.7603507041931152,,33459
5.942913055419922,,3.2892661094665527,,29,2.6536471843719482,,33469
6.202910423278809,,3.3802719116210938,,29,2.822638750076294,,33479
6.027738571166992,,3.2506752014160156,,29,2.7770636081695557,,33489
6.019451141357422,,3.3105578422546387,,29,2.7088935375213623,,33499
5.849207878112793,,3.277158737182617,,29,2.5720489025115967,,33509
5.991039752960205,,3.1449499130249023,,29,2.8460898399353027,,33519
5.967724323272705,,3.2596380710601807,,29,2.7080862522125244,,33529
6.18773078918457,,3.388584613800049,,29,2.7991464138031006,,33539
6.130959510803223,,3.387360095977783,,29,2.7435994148254395,,33549
5.956265449523926,,3.2992329597473145,,29,2.6570327281951904,,33559
5.796860218048096,,3.246772050857544,,29,2.5500881671905518,,33569
6.116075038909912,,3.380952835083008,,29,2.7351222038269043,,33579
6.123507499694824,,3.3021206855773926,,29,2.8213865756988525,,33589
6.078629016876221,,3.293027877807617,,29,2.7856011390686035,,33599
6.132471084594727,,3.245833396911621,,29,2.8866376876831055,,33609
6.196197509765625,,3.3115744590759277,,29,2.884622812271118,,33619
6.12476921081543,,3.345691204071045,,29,2.7790780067443848,,33629
5.851269721984863,,3.265014886856079,,29,2.586254835128784,,33639
6.146605014801025,,3.2131547927856445,,29,2.933450222015381,,33649
6.06829833984375,,3.3107290267944336,,29,2.7575695514678955,,33659
6.091144561767578,,3.3206963539123535,,29,2.7704479694366455,,33669
5.970582008361816,,3.166534900665283,,29,2.804047107696533,,33679
5.789405822753906,,3.179591655731201,,29,2.609814405441284,,33689
6.090576648712158,,3.3396050930023193,,29,2.750971555709839,,33699
6.157797813415527,,3.358264446258545,,29,2.7995331287384033,,33709
6.216238975524902,,3.3672268390655518,,29,2.8490118980407715,,33719
6.035800933837891,,3.2737081050872803,,29,2.7620928287506104,,33729
6.16129207611084,,3.3412466049194336,,29,2.8200454711914062,,33739
5.968288421630859,,3.18934965133667,,29,2.7789387702941895,,33749
5.890210151672363,,3.1856417655944824,,29,2.704568386077881,,33759
5.925978660583496,,3.162632703781128,,29,2.763345718383789,,33769
6.135392189025879,,3.2620277404785156,,29,2.8733644485473633,,33779
6.050004005432129,,3.3156728744506836,,29,2.7343313694000244,,33789
6.01481819152832,,3.2897210121154785,,29,2.7250969409942627,,33799
5.967065811157227,,3.1724770069122314,,29,2.794588565826416,,33809
6.196627616882324,,3.3133983612060547,,29,2.8832292556762695,,33819
6.140391826629639,,3.3630168437957764,,29,2.7773749828338623,,33829
5.989648818969727,,3.2423667907714844,,29,2.7472822666168213,,33839
5.880170822143555,,3.232935667037964,,29,2.6472349166870117,,33849
6.031800270080566,,3.3723807334899902,,29,2.6594197750091553,,33859
6.436446666717529,,3.5542550086975098,,29,2.8821916580200195,,33869
6.19400691986084,,3.3813915252685547,,29,2.812615156173706,,33879
6.010826110839844,,3.293117046356201,,29,2.7177093029022217,,33889
6.258134841918945,,3.382943630218506,,29,2.8751909732818604,,33899
6.147844314575195,,3.350829601287842,,29,2.7970147132873535,,33909
5.934792518615723,,3.1696863174438477,,29,2.765106439590454,,33919
6.1732988357543945,,3.24483323097229,,29,2.9284658432006836,,33929
5.858519554138184,,3.2219905853271484,,29,2.636528730392456,,33939
5.972926139831543,,3.264779567718506,,29,2.708146810531616,,33949
6.062400817871094,,3.2487878799438477,,29,2.813612699508667,,33959
6.168306350708008,,3.374650001525879,,29,2.793656587600708,,33969
6.161635398864746,,3.2820024490356445,,29,2.8796331882476807,,33979
5.956448078155518,,3.227126121520996,,29,2.7293219566345215,,33989
6.212340354919434,,3.2578189373016357,,29,2.9545211791992188,,33999
6.008888244628906,,3.275256633758545,,29,2.7336318492889404,,34009
5.797609806060791,,3.153228759765625,,29,2.644381046295166,,34019
6.0525054931640625,,3.1726813316345215,,29,2.879824161529541,,34029
6.1618266105651855,,3.255383014678955,,29,2.9064435958862305,,34039
6.015646934509277,,3.215949296951294,,29,2.7996973991394043,,34049
5.953126907348633,,3.2040510177612305,,29,2.7490758895874023,,34059
6.045652389526367,,3.1858644485473633,,29,2.859787702560425,,34069
5.952598571777344,,3.333061695098877,,29,2.619537115097046,,34079
5.923820495605469,,3.2196874618530273,,29,2.7041332721710205,,34089
5.81733512878418,,3.1732888221740723,,29,2.6440465450286865,,34099
6.018686294555664,,3.2621660232543945,,29,2.7565200328826904,,34109
6.245820045471191,,3.346742630004883,,29,2.8990774154663086,,34119
5.820119380950928,,3.1660990715026855,,29,2.654020309448242,,34129
5.906688690185547,,3.370760202407837,,29,2.535928726196289,,34139
5.944202899932861,,3.2805376052856445,,29,2.663665294647217,,34149
6.04289436340332,,3.2921581268310547,,29,2.7507359981536865,,34159
6.189737319946289,,3.36525821685791,,29,2.824479103088379,,34169
6.0441083908081055,,3.3084914684295654,,29,2.735616683959961,,34179
5.863387107849121,,3.2075929641723633,,29,2.6557939052581787,,34189
6.114660263061523,,3.3572335243225098,,29,2.7574267387390137,,34199
6.1154303550720215,,3.2829015254974365,,29,2.832528829574585,,34209
6.027929782867432,,3.232813835144043,,29,2.7951159477233887,,34219
6.169711112976074,,3.2423806190490723,,29,2.927330732345581,,34229
6.070547580718994,,3.3289124965667725,,29,2.7416350841522217,,34239
6.0708770751953125,,3.2819156646728516,,29,2.78896164894104,,34249
6.160039901733398,,3.3953857421875,,29,2.7646543979644775,,34259
6.163348197937012,,3.2372357845306396,,29,2.926112174987793,,34269
6.06062126159668,,3.2736968994140625,,29,2.786924362182617,,34279
5.950832366943359,,3.239528179168701,,29,2.7113044261932373,,34289
5.916187763214111,,3.2201344966888428,,29,2.6960532665252686,,34299
6.071540355682373,,3.3498470783233643,,29,2.721693277359009,,34309
6.256872177124023,,3.4819068908691406,,29,2.7749650478363037,,34319
6.10721492767334,,3.298790693283081,,29,2.808424472808838,,34329
6.203343868255615,,3.324012041091919,,29,2.8793318271636963,,34339
6.058968544006348,,3.2677412033081055,,29,2.791227340698242,,34349
6.1957550048828125,,3.2764689922332764,,29,2.9192862510681152,,34359
6.163630962371826,,3.3396458625793457,,29,2.8239850997924805,,34369
6.173361778259277,,3.3329172134399414,,29,2.840444803237915,,34379
5.8426313400268555,,3.2588515281677246,,29,2.58378005027771,,34389
5.912711143493652,,3.287576675415039,,29,2.6251344680786133,,34399
5.918231010437012,,3.2630484104156494,,29,2.655182361602783,,34409
5.955743789672852,,3.1329479217529297,,29,2.8227956295013428,,34419
5.958106994628906,,3.2419228553771973,,29,2.716184377670288,,34429
6.235500335693359,,3.3570666313171387,,29,2.8784339427948,,34439
5.986113548278809,,3.236579418182373,,29,2.7495341300964355,,34449
6.007411003112793,,3.344238758087158,,29,2.6631720066070557,,34459
6.069197654724121,,3.4305691719055176,,29,2.6386284828186035,,34469
6.0498456954956055,,3.3496346473693848,,29,2.7002108097076416,,34479
5.951045989990234,,3.2314419746398926,,29,2.7196037769317627,,34489
5.8933234214782715,,3.213052988052368,,29,2.6802704334259033,,34499
6.118805408477783,,3.31135892868042,,29,2.8074464797973633,,34509
6.20694637298584,,3.405582904815674,,29,2.801363468170166,,34519
5.946377754211426,,3.2101283073425293,,29,2.7362496852874756,,34529
6.421402931213379,,3.576798915863037,,29,2.8446037769317627,,34539
6.10148811340332,,3.401610851287842,,29,2.6998772621154785,,34549
5.927635192871094,,3.2160210609436035,,29,2.711613893508911,,34559
6.162222862243652,,3.2364673614501953,,29,2.925755500793457,,34569
6.191844463348389,,3.336811065673828,,29,2.8550333976745605,,34579
6.180397033691406,,3.3924477100372314,,29,2.7879490852355957,,34589
,6.0722761154174805,,3.2993526458740234,29,,2.772923707962036,34589
6.0817060470581055,,3.3238086700439453,,30,2.75789737701416,,34599
6.087276935577393,,3.2376904487609863,,30,2.8495864868164062,,34609
6.186225891113281,,3.363722801208496,,30,2.822503089904785,,34619
6.20106315612793,,3.2501461505889893,,30,2.9509172439575195,,34629
5.993601322174072,,3.195749282836914,,30,2.797852039337158,,34639
5.878904342651367,,3.1995596885681152,,30,2.679344654083252,,34649
6.160147190093994,,3.3206210136413574,,30,2.8395261764526367,,34659
6.188096046447754,,3.3843181133270264,,30,2.8037779331207275,,34669
6.025959491729736,,3.167368173599243,,30,2.858591318130493,,34679
5.969318389892578,,3.2463231086730957,,30,2.7229952812194824,,34689
6.246090412139893,,3.2809338569641113,,30,2.9651565551757812,,34699
6.170253753662109,,3.3414859771728516,,30,2.828768014907837,,34709
6.038357734680176,,3.2106337547302246,,30,2.827723979949951,,34719
6.016624927520752,,3.2777645587921143,,30,2.7388603687286377,,34729
5.905208587646484,,3.23931884765625,,30,2.6658897399902344,,34739
6.053414344787598,,3.2029366493225098,,30,2.850477457046509,,34749
5.962730407714844,,3.245231866836548,,30,2.717498540878296,,34759
6.0673418045043945,,3.280879259109497,,30,2.7864625453948975,,34769
6.021806716918945,,3.2525928020477295,,30,2.769213914871216,,34779
6.062323570251465,,3.4043564796447754,,30,2.6579668521881104,,34789
6.140161991119385,,3.4582905769348145,,30,2.6818714141845703,,34799
6.282199859619141,,3.597054958343506,,30,2.6851446628570557,,34809
6.104824542999268,,3.3477115631103516,,30,2.757112979888916,,34819
6.078757286071777,,3.316380023956299,,30,2.7623772621154785,,34829
5.965190887451172,,3.1779026985168457,,30,2.787288188934326,,34839
5.855743408203125,,3.1760168075561523,,30,2.6797263622283936,,34849
6.1568708419799805,,3.3440027236938477,,30,2.8128678798675537,,34859
6.050600051879883,,3.3379125595092773,,30,2.7126874923706055,,34869
5.996240615844727,,3.230546474456787,,30,2.7656943798065186,,34879
5.951815605163574,,3.266148090362549,,30,2.6856672763824463,,34889
5.986856460571289,,3.33255672454834,,30,2.65429949760437,,34899
6.230435371398926,,3.4346346855163574,,30,2.7958004474639893,,34909
6.100156784057617,,3.322969436645508,,30,2.7771875858306885,,34919
6.296239852905273,,3.438579559326172,,30,2.8576602935791016,,34929
6.090644359588623,,3.2569570541381836,,30,2.8336873054504395,,34939
6.116345405578613,,3.3197317123413086,,30,2.796613931655884,,34949
6.027352333068848,,3.2436094284057617,,30,2.783742666244507,,34959
5.90620756149292,,3.1876049041748047,,30,2.7186026573181152,,34969
6.169837951660156,,3.3124194145202637,,30,2.8574187755584717,,34979
6.1743693351745605,,3.27166748046875,,30,2.9027018547058105,,34989
6.181188583374023,,3.259885311126709,,30,2.9213030338287354,,34999
6.1701459884643555,,3.3964805603027344,,30,2.7736656665802,,35009
6.142444610595703,,3.2548985481262207,,30,2.8875463008880615,,35019
6.040802001953125,,3.242002487182617,,30,2.798799753189087,,35029
5.9466986656188965,,3.2285513877868652,,30,2.7181472778320312,,35039
6.194767951965332,,3.465493679046631,,30,2.729274272918701,,35049
6.055455207824707,,3.2851829528808594,,30,2.7702720165252686,,35059
5.96798038482666,,3.267758369445801,,30,2.7002222537994385,,35069
6.007075786590576,,3.295973777770996,,30,2.71110200881958,,35079
6.110006332397461,,3.2722768783569336,,30,2.8377292156219482,,35089
6.367822647094727,,3.546463966369629,,30,2.8213584423065186,,35099
5.870567321777344,,3.202179431915283,,30,2.6683881282806396,,35109
6.029326438903809,,3.2660045623779297,,30,2.763322114944458,,35119
5.966654300689697,,3.2856740951538086,,30,2.6809802055358887,,35129
6.053032398223877,,3.25254487991333,,30,2.800487518310547,,35139
6.048365592956543,,3.2146122455596924,,30,2.8337535858154297,,35149
6.098316192626953,,3.238675117492676,,30,2.8596410751342773,,35159
5.955065727233887,,3.165102958679199,,30,2.7899627685546875,,35169
5.9135050773620605,,3.2072792053222656,,30,2.706225872039795,,35179
5.844022274017334,,3.2312567234039307,,30,2.6127655506134033,,35189
5.976624488830566,,3.148197650909424,,30,2.8284270763397217,,35199
5.994758605957031,,3.258028268814087,,30,2.7367300987243652,,35209
6.029812335968018,,3.1876564025878906,,30,2.842155933380127,,35219
5.994889259338379,,3.2226266860961914,,30,2.7722625732421875,,35229
6.510757923126221,,3.6560702323913574,,30,2.8546876907348633,,35239
6.0663862228393555,,3.1992592811584473,,30,2.867126703262329,,35249
6.019219875335693,,3.2746143341064453,,30,2.744605541229248,,35259
5.987506866455078,,3.1737284660339355,,30,2.8137786388397217,,35269
5.9616241455078125,,3.1972715854644775,,30,2.764352321624756,,35279
6.239128589630127,,3.321652412414551,,30,2.917476177215576,,35289
6.162008285522461,,3.3530139923095703,,30,2.8089945316314697,,35299
5.967858791351318,,3.2469897270202637,,30,2.7208690643310547,,35309
6.137248992919922,,3.3013358116149902,,30,2.8359129428863525,,35319
6.472784996032715,,3.520305633544922,,30,2.952479362487793,,35329
5.85667610168457,,3.1703741550445557,,30,2.6863017082214355,,35339
6.067237377166748,,3.3350462913513184,,30,2.7321910858154297,,35349
5.939896583557129,,3.25526762008667,,30,2.684628963470459,,35359
6.1702704429626465,,3.3610057830810547,,30,2.809264659881592,,35369
5.940584182739258,,3.247061252593994,,30,2.6935229301452637,,35379
6.125356674194336,,3.2681851387023926,,30,2.8571717739105225,,35389
5.887791156768799,,3.247990608215332,,30,2.639800548553467,,35399
6.033570289611816,,3.3144257068634033,,30,2.719144821166992,,35409
6.120294570922852,,3.2767491340637207,,30,2.8435451984405518,,35419
6.001865863800049,,3.205949306488037,,30,2.7959165573120117,,35429
6.319888114929199,,3.461094856262207,,30,2.8587934970855713,,35439
6.112761497497559,,3.39668345451355,,30,2.716078042984009,,35449
6.052732944488525,,3.318148136138916,,30,2.7345848083496094,,35459
5.72012186050415,,3.1825830936431885,,30,2.537538766860962,,35469
6.223651885986328,,3.348616600036621,,30,2.875035285949707,,35479
6.040863513946533,,3.267526149749756,,30,2.7733373641967773,,35489
5.991138458251953,,3.268949508666992,,30,2.722188949584961,,35499
5.8207807540893555,,3.175537586212158,,30,2.645242929458618,,35509
5.997989654541016,,3.3322434425354004,,30,2.6657464504241943,,35519
6.0451507568359375,,3.30195951461792,,30,2.7431914806365967,,35529
6.226164817810059,,3.3801565170288086,,30,2.846008539199829,,35539
5.9279890060424805,,3.250974655151367,,30,2.677014112472534,,35549
6.040163040161133,,3.2801060676574707,,30,2.760056734085083,,35559
5.9989013671875,,3.231656551361084,,30,2.767244815826416,,35569
6.0130414962768555,,3.2438807487487793,,30,2.769160747528076,,35579
6.232692241668701,,3.449533700942993,,30,2.783158540725708,,35589
5.985270977020264,,3.2701926231384277,,30,2.715078353881836,,35599
6.206331253051758,,3.3363847732543945,,30,2.8699464797973633,,35609
6.166184425354004,,3.265303611755371,,30,2.900881052017212,,35619
5.961882591247559,,3.1740686893463135,,30,2.787814140319824,,35629
6.114905834197998,,3.3435590267181396,,30,2.7713468074798584,,35639
6.13096809387207,,3.302762031555176,,30,2.8282063007354736,,35649
5.901398181915283,,3.137223243713379,,30,2.7641749382019043,,35659
5.888603210449219,,3.1732144355773926,,30,2.715388774871826,,35669
6.0569353103637695,,3.227173328399658,,30,2.8297622203826904,,35679
6.234372138977051,,3.289267063140869,,30,2.9451048374176025,,35689
6.183065414428711,,3.2955360412597656,,30,2.8875296115875244,,35699
6.007573127746582,,3.1605327129364014,,30,2.8470404148101807,,35709
6.200619697570801,,3.3092041015625,,30,2.89141583442688,,35719
6.173882484436035,,3.252556324005127,,30,2.921326160430908,,35729
6.025295257568359,,3.270686388015747,,30,2.7546088695526123,,35739
,6.066061496734619,,3.293151617050171,30,,2.7729098796844482,35742
6.004937171936035,,3.17608642578125,,31,2.828850507736206,,35749
6.218149185180664,,3.4187090396881104,,31,2.7994401454925537,,35759
6.2549638748168945,,3.3868045806884766,,31,2.868159294128418,,35769
6.001856803894043,,3.2405190467834473,,31,2.761337995529175,,35779
6.062340259552002,,3.2449827194213867,,31,2.8173575401306152,,35789
5.9559173583984375,,3.3150932788848877,,31,2.64082407951355,,35799
6.014412879943848,,3.2338671684265137,,31,2.780545949935913,,35809
6.022134780883789,,3.248035430908203,,31,2.774099588394165,,35819
6.375030994415283,,3.4318978786468506,,31,2.9431331157684326,,35829
5.96865701675415,,3.2301268577575684,,31,2.738530158996582,,35839
6.313355922698975,,3.3575439453125,,31,2.9558119773864746,,35849
5.800457000732422,,3.123358726501465,,31,2.677098035812378,,35859
6.388676166534424,,3.4301202297210693,,31,2.9585559368133545,,35869
6.080838203430176,,3.342402458190918,,31,2.7384355068206787,,35879
6.110130786895752,,3.2816786766052246,,31,2.8284521102905273,,35889
5.998918533325195,,3.312716007232666,,31,2.6862025260925293,,35899
6.0246171951293945,,3.33366060256958,,31,2.6909568309783936,,35909
6.030745506286621,,3.2620182037353516,,31,2.7687273025512695,,35919
6.0405426025390625,,3.3033175468444824,,31,2.737224817276001,,35929
6.253988265991211,,3.3740477561950684,,31,2.8799405097961426,,35939
6.253452301025391,,3.3821635246276855,,31,2.871289014816284,,35949
6.111844062805176,,3.305330753326416,,31,2.8065130710601807,,35959
5.963231086730957,,3.2926673889160156,,31,2.6705634593963623,,35969
6.1134185791015625,,3.265777349472046,,31,2.8476412296295166,,35979
6.084504127502441,,3.234297513961792,,31,2.8502063751220703,,35989
5.989352226257324,,3.2305569648742676,,31,2.7587950229644775,,35999
6.2302565574646,,3.3778538703918457,,31,2.852402687072754,,36009
5.894622802734375,,3.1689200401306152,,31,2.7257025241851807,,36019
6.261782646179199,,3.4212348461151123,,31,2.840548038482666,,36029
6.386758327484131,,3.4697110652923584,,31,2.9170472621917725,,36039
6.160589218139648,,3.3050241470336914,,31,2.855565071105957,,36049
6.213557243347168,,3.3056721687316895,,31,2.9078850746154785,,36059
5.959369659423828,,3.244844436645508,,31,2.7145254611968994,,36069
6.065024375915527,,3.2105233669281006,,31,2.8545010089874268,,36079
6.109465599060059,,3.371342182159424,,31,2.7381234169006348,,36089
6.223433494567871,,3.346294403076172,,31,2.877139091491699,,36099
6.116192817687988,,3.3632419109344482,,31,2.75295090675354,,36109
6.228532791137695,,3.406104803085327,,31,2.822427749633789,,36119
6.115099906921387,,3.3179547786712646,,31,2.797145366668701,,36129
6.194336891174316,,3.414249897003174,,31,2.7800872325897217,,36139
5.968212604522705,,3.2151870727539062,,31,2.753025531768799,,36149
6.110397815704346,,3.2463431358337402,,31,2.8640546798706055,,36159
6.054884910583496,,3.3088629245758057,,31,2.7460222244262695,,36169
6.076643943786621,,3.270138740539551,,31,2.8065054416656494,,36179
5.992851734161377,,3.248654365539551,,31,2.744197368621826,,36189
6.041057109832764,,3.254122495651245,,31,2.7869346141815186,,36199
5.912792205810547,,3.2425577640533447,,31,2.670234203338623,,36209
6.0991363525390625,,3.2863168716430664,,31,2.812819480895996,,36219
6.25003719329834,,3.4194438457489014,,31,2.8305931091308594,,36229
5.947414875030518,,3.3336164951324463,,31,2.6137983798980713,,36239
5.9700164794921875,,3.2131764888763428,,31,2.7568399906158447,,36249
6.00590181350708,,3.219888687133789,,31,2.786013126373291,,36259
6.089235305786133,,3.3347177505493164,,31,2.7545175552368164,,36269
6.224710464477539,,3.2989275455474854,,31,2.9257826805114746,,36279
6.22084903717041,,3.4585394859313965,,31,2.7623095512390137,,36289
6.093194961547852,,3.2855749130249023,,31,2.807620048522949,,36299
5.90673828125,,3.2312943935394287,,31,2.6754438877105713,,36309
5.865267753601074,,3.20172381401062,,31,2.663543939590454,,36319
6.036241054534912,,3.2998666763305664,,31,2.7363743782043457,,36329
6.185996055603027,,3.3386590480804443,,31,2.847337245941162,,36339
6.004395008087158,,3.228667974472046,,31,2.7757270336151123,,36349
6.196255207061768,,3.334259510040283,,31,2.8619956970214844,,36359
6.40268611907959,,3.4466633796691895,,31,2.9560229778289795,,36369
6.025825500488281,,3.2631676197052,,31,2.76265811920166,,36379
6.160735130310059,,3.382824659347534,,31,2.7779104709625244,,36389
6.150383472442627,,3.2587859630584717,,31,2.8915975093841553,,36399
6.166259765625,,3.204413890838623,,31,2.961846113204956,,36409
6.047908782958984,,3.3267927169799805,,31,2.721116304397583,,36419
6.159038543701172,,3.3062498569488525,,31,2.8527889251708984,,36429
6.026070594787598,,3.2430672645568848,,31,2.783003568649292,,36439
6.202091693878174,,3.4077415466308594,,31,2.7943501472473145,,36449
5.9859466552734375,,3.1320009231567383,,31,2.853945732116699,,36459
5.9289350509643555,,3.21708345413208,,31,2.7118518352508545,,36469
5.988522529602051,,3.1930394172668457,,31,2.795482873916626,,36479
6.265860080718994,,3.39400053024292,,31,2.871859550476074,,36489
5.945469856262207,,3.1779661178588867,,31,2.7675039768218994,,36499
6.075730800628662,,3.279367685317993,,31,2.796363115310669,,36509
5.983355522155762,,3.2423183917999268,,31,2.741037130355835,,36519
5.929868221282959,,3.2240848541259766,,31,2.7057833671569824,,36529
5.978461265563965,,3.2034645080566406,,31,2.774996519088745,,36539
6.0177507400512695,,3.2341904640197754,,31,2.7835605144500732,,36549
6.154049873352051,,3.400627851486206,,31,2.7534220218658447,,36559
6.068539619445801,,3.275224208831787,,31,2.7933154106140137,,36569
5.999794006347656,,3.228506326675415,,31,2.771287679672241,,36579
6.263308525085449,,3.444819450378418,,31,2.818488836288452,,36589
6.020204544067383,,3.246798038482666,,31,2.773406744003296,,36599
6.315830230712891,,3.466329336166382,,31,2.8495006561279297,,36609
6.047944068908691,,3.3740851879119873,,31,2.673858642578125,,36619
5.93479061126709,,3.1430275440216064,,31,2.7917628288269043,,36629
5.984126091003418,,3.2624874114990234,,31,2.7216386795043945,,36639
5.937043190002441,,3.2259066104888916,,31,2.71113657951355,,36649
6.083182334899902,,3.2612075805664062,,31,2.821974754333496,,36659
6.108878135681152,,3.4319591522216797,,31,2.6769187450408936,,36669
6.023374557495117,,3.2691149711608887,,31,2.7542593479156494,,36679
6.095053672790527,,3.23286771774292,,31,2.8621861934661865,,36689
5.996921539306641,,3.2070388793945312,,31,2.7898828983306885,,36699
5.9216742515563965,,3.195493698120117,,31,2.7261805534362793,,36709
5.983563423156738,,3.2782859802246094,,31,2.70527720451355,,36719
5.9466352462768555,,3.2093334197998047,,31,2.7373015880584717,,36729
6.248022079467773,,3.439011573791504,,31,2.8090105056762695,,36739
6.0613298416137695,,3.293144702911377,,31,2.7681853771209717,,36749
6.127807140350342,,3.3234760761260986,,31,2.804331064224243,,36759
6.052538871765137,,3.3174469470977783,,31,2.7350916862487793,,36769
5.865583419799805,,3.1823949813842773,,31,2.6831886768341064,,36779
5.986809730529785,,3.2055535316467285,,31,2.7812559604644775,,36789
6.000690460205078,,3.355402946472168,,31,2.645287275314331,,36799
6.027759075164795,,3.2030112743377686,,31,2.8247478008270264,,36809
6.396263599395752,,3.48197340965271,,31,2.914290189743042,,36819
6.005401611328125,,3.2162299156188965,,31,2.7891719341278076,,36829
6.165078163146973,,3.259800672531128,,31,2.9052774906158447,,36839
6.209525108337402,,3.3978052139282227,,31,2.8117198944091797,,36849
6.388278007507324,,3.566145181655884,,31,2.8221328258514404,,36859
5.993632793426514,,3.285098075866699,,31,2.7085347175598145,,36869
5.969527721405029,,3.296173095703125,,31,2.6733546257019043,,36879
6.292734146118164,,3.4091172218322754,,31,2.8836166858673096,,36889
,6.076305389404297,,3.2936503887176514,31,,2.7826550006866455,36895
6.106917381286621,,3.263193368911743,,32,2.843724250793457,,36899
6.093716621398926,,3.37984037399292,,32,2.7138760089874268,,36909
6.324808120727539,,3.418180465698242,,32,2.906627655029297,,36919
5.851141929626465,,3.2079977989196777,,32,2.643144369125366,,36929
6.130795478820801,,3.378711223602295,,32,2.7520840167999268,,36939
6.183032989501953,,3.323669910430908,,32,2.859363317489624,,36949
5.94363260269165,,3.1120734214782715,,32,2.831559181213379,,36959
6.12872314453125,,3.221898317337036,,32,2.9068245887756348,,36969
6.137958526611328,,3.4187400341033936,,32,2.7192182540893555,,36979
5.981522560119629,,3.2334208488464355,,32,2.7481014728546143,,36989
6.303171157836914,,3.397146701812744,,32,2.906024694442749,,36999
6.022132873535156,,3.2219650745391846,,32,2.8001675605773926,,37009
6.061150550842285,,3.25327730178833,,32,2.807873487472534,,37019
6.235243797302246,,3.4376490116119385,,32,2.7975945472717285,,37029
5.952513217926025,,3.2245779037475586,,32,2.727935314178467,,37039
6.150110721588135,,3.374415636062622,,32,2.7756950855255127,,37049
6.019549369812012,,3.265204906463623,,32,2.7543442249298096,,37059
6.054914474487305,,3.2979092597961426,,32,2.757005214691162,,37069
6.016451835632324,,3.245388984680176,,32,2.7710630893707275,,37079
5.932005405426025,,3.231602907180786,,32,2.7004024982452393,,37089
6.187020301818848,,3.2436349391937256,,32,2.943385601043701,,37099
6.126905918121338,,3.315657615661621,,32,2.811248302459717,,37109
6.2438507080078125,,3.3017659187316895,,32,2.942084550857544,,37119
5.9332709312438965,,3.24069881439209,,32,2.6925721168518066,,37129
5.830694198608398,,3.1525449752807617,,32,2.6781492233276367,,37139
6.161285400390625,,3.3238325119018555,,32,2.8374526500701904,,37149
5.831482887268066,,3.1156935691833496,,32,2.715789318084717,,37159
6.100440979003906,,3.3219659328460693,,32,2.778475284576416,,37169
6.043558597564697,,3.22812819480896,,32,2.8154304027557373,,37179
6.017305374145508,,3.1786692142486572,,32,2.8386359214782715,,37189
6.051802635192871,,3.219672918319702,,32,2.832129955291748,,37199
6.289870262145996,,3.3820276260375977,,32,2.9078426361083984,,37209
6.276937484741211,,3.329890727996826,,32,2.9470467567443848,,37219
6.150104522705078,,3.3159255981445312,,32,2.834179162979126,,37229
6.070109844207764,,3.2670750617980957,,32,2.803034782409668,,37239
6.223458290100098,,3.4190359115600586,,32,2.804422616958618,,37249
6.0760626792907715,,3.3474202156066895,,32,2.728642463684082,,37259
5.996679306030273,,3.2335565090179443,,32,2.76312255859375,,37269
5.953286170959473,,3.2233290672302246,,32,2.729957103729248,,37279
5.955977439880371,,3.2888693809509277,,32,2.6671080589294434,,37289
5.9725494384765625,,3.1981709003448486,,32,2.774378776550293,,37299
5.941778659820557,,3.2173898220062256,,32,2.724388837814331,,37309
5.793730735778809,,3.1226511001586914,,32,2.671079397201538,,37319
6.373157501220703,,3.519301414489746,,32,2.853855848312378,,37329
6.190155982971191,,3.2935433387756348,,32,2.8966128826141357,,37339
6.022552490234375,,3.2482075691223145,,32,2.7743446826934814,,37349
5.845566749572754,,3.1267952919006348,,32,2.71877121925354,,37359
6.085050582885742,,3.2992665767669678,,32,2.7857842445373535,,37369
6.1283111572265625,,3.3080387115478516,,32,2.820272445678711,,37379
5.855159282684326,,3.182565689086914,,32,2.672593593597412,,37389
6.300224781036377,,3.3130300045013428,,32,2.987194776535034,,37399
6.195770740509033,,3.3483426570892334,,32,2.8474280834198,,37409
6.159050941467285,,3.3410439491271973,,32,2.818006753921509,,37419
6.079131603240967,,3.3181395530700684,,32,2.7609920501708984,,37429
6.166463851928711,,3.3289523124694824,,32,2.8375115394592285,,37439
6.121488571166992,,3.3782262802124023,,32,2.743262529373169,,37449
5.985663414001465,,3.2289814949035645,,32,2.7566821575164795,,37459
6.072617530822754,,3.2436933517456055,,32,2.8289239406585693,,37469
5.869954586029053,,3.194089889526367,,32,2.6758646965026855,,37479
5.941438674926758,,3.349632501602173,,32,2.591806173324585,,37489
6.184319496154785,,3.320507526397705,,32,2.863811731338501,,37499
6.277900695800781,,3.319094657897949,,32,2.958805799484253,,37509
6.042542457580566,,3.232450246810913,,32,2.810091972351074,,37519
6.010532855987549,,3.2074458599090576,,32,2.803086996078491,,37529
5.898866653442383,,3.1642932891845703,,32,2.7345733642578125,,37539
5.992931365966797,,3.2391138076782227,,32,2.753817558288574,,37549
6.302920818328857,,3.396544933319092,,32,2.9063758850097656,,37559
5.998923301696777,,3.2769360542297363,,32,2.721987247467041,,37569
5.9789228439331055,,3.3178324699401855,,32,2.66109037399292,,37579
5.719053268432617,,3.1594431400299072,,32,2.55961012840271,,37589
6.065034866333008,,3.33193302154541,,32,2.7331020832061768,,37599
6.121312618255615,,3.250152111053467,,32,2.8711605072021484,,37609
5.928676605224609,,3.151634693145752,,32,2.7770416736602783,,37619
6.114885330200195,,3.326578378677368,,32,2.788306713104248,,37629
5.951374053955078,,3.16041898727417,,32,2.790955066680908,,37639
5.814040184020996,,3.19321870803833,,32,2.620821475982666,,37649
6.105742454528809,,3.2796411514282227,,32,2.826101541519165,,37659
6.073638916015625,,3.3000237941741943,,32,2.7736151218414307,,37669
6.144678592681885,,3.5005135536193848,,32,2.6441650390625,,37679
6.035968780517578,,3.245405435562134,,32,2.7905631065368652,,37689
5.853832244873047,,3.1777501106262207,,32,2.676081895828247,,37699
5.90864372253418,,3.1859331130981445,,32,2.7227108478546143,,37709
6.02528190612793,,3.220916509628296,,32,2.804365396499634,,37719
6.06014347076416,,3.2492661476135254,,32,2.8108770847320557,,37729
5.794910430908203,,3.2550950050354004,,32,2.539815664291382,,37739
5.97568416595459,,3.2382302284240723,,32,2.7374539375305176,,37749
5.983387470245361,,3.2466883659362793,,32,2.736699104309082,,37759
5.983555793762207,,3.1438753604888916,,32,2.8396806716918945,,37769
6.16998291015625,,3.3692548274993896,,32,2.8007280826568604,,37779
5.968619346618652,,3.260408401489258,,32,2.7082107067108154,,37789
6.1599531173706055,,3.2639920711517334,,32,2.895961284637451,,37799
5.940649509429932,,3.2463598251342773,,32,2.6942896842956543,,37809
6.019867897033691,,3.194270133972168,,32,2.8255977630615234,,37819
6.075201511383057,,3.2994093894958496,,32,2.775792121887207,,37829
6.043919563293457,,3.2624611854553223,,32,2.7814581394195557,,37839
6.133594512939453,,3.3528168201446533,,32,2.7807774543762207,,37849
6.1172285079956055,,3.3454794883728027,,32,2.771749258041382,,37859
5.982755184173584,,3.301238536834717,,32,2.681516647338867,,37869
6.164531230926514,,3.293165683746338,,32,2.871365547180176,,37879
5.923161506652832,,3.117180824279785,,32,2.805980920791626,,37889
5.921652317047119,,3.215064525604248,,32,2.706587791442871,,37899
6.057745933532715,,3.2516160011291504,,32,2.8061299324035645,,37909
5.963526248931885,,3.2431254386901855,,32,2.720400810241699,,37919
6.099928855895996,,3.198434352874756,,32,2.9014947414398193,,37929
6.0377278327941895,,3.285369873046875,,32,2.7523579597473145,,37939
6.1456298828125,,3.401763439178467,,32,2.743866205215454,,37949
6.0163373947143555,,3.296081781387329,,32,2.7202553749084473,,37959
6.078783988952637,,3.232778549194336,,32,2.846005439758301,,37969
6.055269241333008,,3.1798031330108643,,32,2.8754661083221436,,37979
6.1725664138793945,,3.3101696968078613,,32,2.8623969554901123,,37989
5.979785919189453,,3.2186930179595947,,32,2.7610929012298584,,37999
5.989246368408203,,3.2842440605163574,,32,2.705002546310425,,38009
5.869417190551758,,3.191490650177002,,32,2.677926540374756,,38019
5.992313861846924,,3.2010629177093506,,32,2.7912509441375732,,38029
5.89204216003418,,3.2115440368652344,,32,2.680497884750366,,38039
,6.0779805183410645,,3.2874984741210938,32,,2.7904818058013916,38048
6.1005144119262695,,3.32297420501709,,33,2.777540445327759,,38049
5.963046073913574,,3.2257351875305176,,33,2.7373106479644775,,38059
6.225481033325195,,3.4139838218688965,,33,2.8114969730377197,,38069
5.737257957458496,,3.1178765296936035,,33,2.6193814277648926,,38079
5.980485916137695,,3.2177844047546387,,33,2.7627017498016357,,38089
5.95058536529541,,3.2039241790771484,,33,2.746661424636841,,38099
6.267389297485352,,3.3396921157836914,,33,2.9276974201202393,,38109
6.172275543212891,,3.3358263969421387,,33,2.836449384689331,,38119
6.308923721313477,,3.407081127166748,,33,2.9018423557281494,,38129
6.020328044891357,,3.2588605880737305,,33,2.761467456817627,,38139
5.950681686401367,,3.235719919204712,,33,2.714961528778076,,38149
6.163628578186035,,3.244194507598877,,33,2.919434070587158,,38159
6.1335859298706055,,3.325698137283325,,33,2.8078877925872803,,38169
5.977818965911865,,3.2481894493103027,,33,2.7296295166015625,,38179
5.992705345153809,,3.167806625366211,,33,2.8248989582061768,,38189
6.030817031860352,,3.321286201477051,,33,2.709530830383301,,38199
5.995856761932373,,3.212124824523926,,33,2.7837319374084473,,38209
6.006831645965576,,3.2168846130371094,,33,2.789947032928467,,38219
6.1490960121154785,,3.32336688041687,,33,2.8257291316986084,,38229
6.069852828979492,,3.2595107555389404,,33,2.8103418350219727,,38239
6.097823143005371,,3.3067102432250977,,33,2.7911131381988525,,38249
6.173827171325684,,3.330610752105713,,33,2.84321665763855,,38259
5.937417984008789,,3.1921422481536865,,33,2.7452757358551025,,38269
6.158008575439453,,3.31845760345459,,33,2.8395512104034424,,38279
6.132405757904053,,3.2798519134521484,,33,2.8525538444519043,,38289
5.98115348815918,,3.1478025913238525,,33,2.833350896835327,,38299
6.3258209228515625,,3.4558486938476562,,33,2.869971990585327,,38309
6.314921855926514,,3.5222384929656982,,33,2.7926833629608154,,38319
6.13831901550293,,3.2741103172302246,,33,2.864208459854126,,38329
6.183314323425293,,3.3514580726623535,,33,2.8318562507629395,,38339
6.209221839904785,,3.33256196975708,,33,2.876659870147705,,38349
5.908115863800049,,3.162208080291748,,33,2.745907783508301,,38359
6.105080604553223,,3.327805995941162,,33,2.7772743701934814,,38369
6.040680408477783,,3.2544898986816406,,33,2.7861905097961426,,38379
6.135765075683594,,3.3230490684509277,,33,2.812716007232666,,38389
6.036901473999023,,3.2168679237365723,,33,2.820033550262451,,38399
6.069204330444336,,3.2745065689086914,,33,2.7946979999542236,,38409
6.112027168273926,,3.2954931259155273,,33,2.8165342807769775,,38419
6.345102310180664,,3.464667320251465,,33,2.8804352283477783,,38429
6.122733116149902,,3.2836906909942627,,33,2.8390421867370605,,38439
5.864297866821289,,3.185624361038208,,33,2.678673505783081,,38449
6.024121284484863,,3.1934564113616943,,33,2.83066463470459,,38459
6.310542106628418,,3.4877991676330566,,33,2.8227427005767822,,38469
5.855059623718262,,3.1946284770965576,,33,2.660430908203125,,38479
6.29855489730835,,3.3797850608825684,,33,2.9187698364257812,,38489
6.115649223327637,,3.32216739654541,,33,2.7934815883636475,,38499
5.852403163909912,,3.1845927238464355,,33,2.6678104400634766,,38509
6.342766761779785,,3.4193925857543945,,33,2.9233739376068115,,38519
5.985313415527344,,3.224848747253418,,33,2.760464906692505,,38529
6.103938102722168,,3.2987732887268066,,33,2.8051645755767822,,38539
6.186609268188477,,3.3708293437957764,,33,2.8157801628112793,,38549
6.072439193725586,,3.259330987930298,,33,2.813107967376709,,38559
5.94293737411499,,3.2646102905273438,,33,2.6783270835876465,,38569
6.131089210510254,,3.2339253425598145,,33,2.8971638679504395,,38579
6.2323102951049805,,3.375941753387451,,33,2.85636830329895,,38589
5.954495429992676,,3.227015972137451,,33,2.7274796962738037,,38599
6.063622951507568,,3.3134350776672363,,33,2.750187873840332,,38609
5.790372371673584,,3.1184797286987305,,33,2.6718926429748535,,38619
6.18082332611084,,3.370042324066162,,33,2.8107810020446777,,38629
5.961488723754883,,3.2097327709198,,33,2.751755952835083,,38639
6.109115123748779,,3.2493858337402344,,33,2.859729290008545,,38649
6.09110164642334,,3.2557663917541504,,33,2.8353352546691895,,38659
6.230137825012207,,3.3139872550964355,,33,2.9161505699157715,,38669
6.246426582336426,,3.3266892433166504,,33,2.9197373390197754,,38679
6.348650932312012,,3.4028069972991943,,33,2.9458439350128174,,38689
6.0383710861206055,,3.2103209495544434,,33,2.828050136566162,,38699
6.031339645385742,,3.3147172927856445,,33,2.7166221141815186,,38709
6.02916145324707,,3.2527012825012207,,33,2.7764599323272705,,38719
6.2075300216674805,,3.4246397018432617,,33,2.7828903198242188,,38729
6.236628532409668,,3.3754889965057373,,33,2.8611395359039307,,38739
5.931035041809082,,3.190868377685547,,33,2.7401669025421143,,38749
5.932337760925293,,3.214521884918213,,33,2.71781587600708,,38759
6.135262489318848,,3.26006817817688,,33,2.875194549560547,,38769
5.969456672668457,,3.274653673171997,,33,2.694803237915039,,38779
6.213096618652344,,3.3669750690460205,,33,2.8461217880249023,,38789
6.193521022796631,,3.3424222469329834,,33,2.8510987758636475,,38799
5.9012885093688965,,3.173990249633789,,33,2.7272982597351074,,38809
6.061140060424805,,3.369030237197876,,33,2.692110061645508,,38819
6.217083930969238,,3.4007468223571777,,33,2.8163371086120605,,38829
6.167254447937012,,3.236436367034912,,33,2.9308180809020996,,38839
6.033511638641357,,3.1913886070251465,,33,2.842123031616211,,38849
6.083825588226318,,3.1708550453186035,,33,2.912970542907715,,38859
6.111074924468994,,3.3121554851531982,,33,2.798919439315796,,38869
6.20681095123291,,3.405449151992798,,33,2.801361560821533,,38879
5.879148006439209,,3.1798994541168213,,33,2.6992485523223877,,38889
5.896031856536865,,3.1707334518432617,,33,2.7252984046936035,,38899
5.888758659362793,,3.226872682571411,,33,2.661886215209961,,38909
6.0371012687683105,,3.2214059829711914,,33,2.815695285797119,,38919
5.979562759399414,,3.178680419921875,,33,2.80088210105896,,38929
6.058175086975098,,3.239475727081299,,33,2.8186991214752197,,38939
6.452624797821045,,3.5494117736816406,,33,2.9032130241394043,,38949
6.396513938903809,,3.5372915267944336,,33,2.859222173690796,,38959
6.169961929321289,,3.320132255554199,,33,2.8498294353485107,,38969
6.111057281494141,,3.3782236576080322,,33,2.7328338623046875,,38979
6.055861473083496,,3.2614662647247314,,33,2.7943954467773438,,38989
6.313040733337402,,3.393031597137451,,33,2.920009136199951,,38999
6.170478343963623,,3.3599956035614014,,33,2.8104827404022217,,39009
6.1982550621032715,,3.3108484745025635,,33,2.887406587600708,,39019
5.9966816902160645,,3.2029290199279785,,33,2.793752670288086,,39029
6.089447498321533,,3.228485584259033,,33,2.8609619140625,,39039
6.270608901977539,,3.3579392433166504,,33,2.9126696586608887,,39049
6.074558258056641,,3.2375779151916504,,33,2.8369803428649902,,39059
5.99513578414917,,3.260080575942993,,33,2.7350552082061768,,39069
5.736652374267578,,3.164712905883789,,33,2.571939706802368,,39079
6.154361248016357,,3.263265609741211,,33,2.8910956382751465,,39089
6.107676982879639,,3.2859368324279785,,33,2.82174015045166,,39099
6.1353936195373535,,3.2640879154205322,,33,2.8713057041168213,,39109
6.16087532043457,,3.245169162750244,,33,2.9157063961029053,,39119
6.137001037597656,,3.3227288722991943,,33,2.814272403717041,,39129
6.1146135330200195,,3.2308475971221924,,33,2.883765697479248,,39139
6.02485466003418,,3.226524829864502,,33,2.7983295917510986,,39149
5.987491607666016,,3.2415006160736084,,33,2.7459909915924072,,39159
5.980517864227295,,3.2277469635009766,,33,2.7527709007263184,,39169
6.131332874298096,,3.3708620071411133,,33,2.7604708671569824,,39179
5.891924858093262,,3.1831412315368652,,33,2.7087833881378174,,39189
6.323335647583008,,3.374694347381592,,33,2.948641300201416,,39199
,6.085204601287842,,3.2836413383483887,33,,2.8015635013580322,39201
5.969466209411621,,3.1804893016815186,,34,2.7889766693115234,,39209
6.013858318328857,,3.276500701904297,,34,2.7373576164245605,,39219
6.239717483520508,,3.271912097930908,,34,2.9678056240081787,,39229
5.969200134277344,,3.2378196716308594,,34,2.7313807010650635,,39239
6.158553600311279,,3.313433885574341,,34,2.8451197147369385,,39249
6.009437561035156,,3.335498332977295,,34,2.6739389896392822,,39259
6.162199974060059,,3.2461771965026855,,34,2.916022777557373,,39269
6.183738708496094,,3.4870004653930664,,34,2.6967384815216064,,39279
6.054205894470215,,3.191152572631836,,34,2.8630530834198,,39289
5.9573540687561035,,3.1369271278381348,,34,2.8204269409179688,,39299
6.067057132720947,,3.2640304565429688,,34,2.8030266761779785,,39309
6.030792713165283,,3.195590019226074,,34,2.835202693939209,,39319
6.017102241516113,,3.2885704040527344,,34,2.728532075881958,,39329
6.198492050170898,,3.3001692295074463,,34,2.898322582244873,,39339
6.103293418884277,,3.267827033996582,,34,2.8354666233062744,,39349
6.049955368041992,,3.2963318824768066,,34,2.7536234855651855,,39359
6.287023544311523,,3.4347760677337646,,34,2.852247476577759,,39369
6.27468204498291,,3.3770523071289062,,34,2.897629737854004,,39379
5.8644304275512695,,3.1619205474853516,,34,2.702509880065918,,39389
6.314846992492676,,3.4912543296813965,,34,2.8235926628112793,,39399
6.132353782653809,,3.41038179397583,,34,2.7219717502593994,,39409
6.274288654327393,,3.426370143890381,,34,2.8479185104370117,,39419
6.13234806060791,,3.259126663208008,,34,2.8732216358184814,,39429
6.084127426147461,,3.289949893951416,,34,2.794177770614624,,39439
6.086334228515625,,3.1908836364746094,,34,2.8954503536224365,,39449
6.337824821472168,,3.397179126739502,,34,2.940645456314087,,39459
6.130253791809082,,3.3315370082855225,,34,2.7987170219421387,,39469
6.2373504638671875,,3.340470790863037,,34,2.8968794345855713,,39479
6.068119049072266,,3.2311201095581055,,34,2.836998701095581,,39489
6.174184799194336,,3.292708158493042,,34,2.881476640701294,,39499
5.9723310470581055,,3.2408382892608643,,34,2.731492757797241,,39509
6.2964019775390625,,3.3755040168762207,,34,2.9208977222442627,,39519
6.189329147338867,,3.3360869884490967,,34,2.8532421588897705,,39529
5.994207382202148,,3.1919665336608887,,34,2.802241086959839,,39539
6.330781936645508,,3.3468825817108154,,34,2.9838991165161133,,39549
6.326639175415039,,3.387624740600586,,34,2.9390146732330322,,39559
5.942276954650879,,3.187084436416626,,34,2.755192518234253,,39569
6.188869953155518,,3.3700103759765625,,34,2.818859577178955,,39579
6.178755760192871,,3.321516275405884,,34,2.8572394847869873,,39589
5.9328460693359375,,3.240814685821533,,34,2.6920313835144043,,39599
6.094690799713135,,3.3242440223693848,,34,2.77044677734375,,39609
6.106429576873779,,3.325000524520874,,34,2.7814290523529053,,39619
6.031716346740723,,3.226382255554199,,34,2.8053343296051025,,39629
6.288668632507324,,3.380462408065796,,34,2.908205986022949,,39639
6.281376838684082,,3.2920379638671875,,34,2.9893386363983154,,39649
5.994358062744141,,3.2715415954589844,,34,2.722816228866577,,39659
6.384176254272461,,3.4428114891052246,,34,2.9413650035858154,,39669
6.201173782348633,,3.3074164390563965,,34,2.8937573432922363,,39679
5.977047920227051,,3.2190539836883545,,34,2.7579939365386963,,39689
6.0095624923706055,,3.2586231231689453,,34,2.7509396076202393,,39699
6.006746292114258,,3.181363582611084,,34,2.825382947921753,,39709
6.210151195526123,,3.3901522159576416,,34,2.8199989795684814,,39719
6.1591291427612305,,3.337562084197998,,34,2.8215670585632324,,39729
6.327994346618652,,3.378628730773926,,34,2.9493653774261475,,39739
6.0432586669921875,,3.2076220512390137,,34,2.8356363773345947,,39749
6.020640850067139,,3.2435965538024902,,34,2.7770442962646484,,39759
6.052410125732422,,3.2070441246032715,,34,2.8453662395477295,,39769
6.235692977905273,,3.4047164916992188,,34,2.830976724624634,,39779
6.109961986541748,,3.226346254348755,,34,2.883615732192993,,39789
6.165853500366211,,3.288444995880127,,34,2.877408504486084,,39799
6.2118940353393555,,3.312551498413086,,34,2.8993422985076904,,39809
6.13198184967041,,3.2679076194763184,,34,2.864074468612671,,39819
5.9881439208984375,,3.2137112617492676,,34,2.774432420730591,,39829
6.117579460144043,,3.332610607147217,,34,2.784968614578247,,39839
5.927517890930176,,3.2922675609588623,,34,2.6352503299713135,,39849
6.118753433227539,,3.2198352813720703,,34,2.8989181518554688,,39859
5.895899772644043,,3.160677909851074,,34,2.7352218627929688,,39869
6.066940784454346,,3.2770347595214844,,34,2.7899060249328613,,39879
6.160544395446777,,3.2652010917663574,,34,2.89534330368042,,39889
6.1447343826293945,,3.3105101585388184,,34,2.834223985671997,,39899
6.2460126876831055,,3.3777008056640625,,34,2.868311882019043,,39909
6.212996482849121,,3.2488338947296143,,34,2.9641623497009277,,39919
6.007573127746582,,3.2999095916748047,,34,2.7076632976531982,,39929
6.1072187423706055,,3.2377312183380127,,34,2.8694872856140137,,39939
6.102572441101074,,3.23888897895813,,34,2.8636837005615234,,39949
6.128588676452637,,3.2738513946533203,,34,2.8547375202178955,,39959
6.273850440979004,,3.4695897102355957,,34,2.8042609691619873,,39969
6.070099830627441,,3.218254327774048,,34,2.8518452644348145,,39979
6.238428115844727,,3.3732261657714844,,34,2.865201950073242,,39989
6.263451099395752,,3.297497272491455,,34,2.965953826904297,,39999
6.041559219360352,,3.2792396545410156,,34,2.762319803237915,,40009
6.062190055847168,,3.3277783393859863,,34,2.7344119548797607,,40019
5.979198455810547,,3.173320770263672,,34,2.805877685546875,,40029
5.966236114501953,,3.2254996299743652,,34,2.740736722946167,,40039
6.359865188598633,,3.3740687370300293,,34,2.9857962131500244,,40049
6.057172775268555,,3.190084934234619,,34,2.8670876026153564,,40059
6.014841556549072,,3.140770196914673,,34,2.8740713596343994,,40069
6.159608840942383,,3.3835201263427734,,34,2.7760884761810303,,40079
6.132813453674316,,3.314866781234741,,34,2.8179469108581543,,40089
6.106168746948242,,3.250523567199707,,34,2.855645179748535,,40099
6.0881667137146,,3.2644925117492676,,34,2.823674201965332,,40109
6.0611419677734375,,3.267393112182617,,34,2.7937490940093994,,40119
6.105726718902588,,3.2866077423095703,,34,2.8191189765930176,,40129
6.039065361022949,,3.1864216327667236,,34,2.8526434898376465,,40139
6.1905412673950195,,3.328338146209717,,34,2.8622031211853027,,40149
6.395501136779785,,3.4032299518585205,,34,2.9922709465026855,,40159
5.900242805480957,,3.197693109512329,,34,2.702549695968628,,40169
5.997434616088867,,3.142662286758423,,34,2.8547725677490234,,40179
6.0022172927856445,,3.2364234924316406,,34,2.765794038772583,,40189
6.190424919128418,,3.3165276050567627,,34,2.8738975524902344,,40199
6.274623870849609,,3.3830928802490234,,34,2.891531229019165,,40209
6.139362812042236,,3.2248716354370117,,34,2.9144911766052246,,40219
6.082954406738281,,3.232633113861084,,34,2.850321054458618,,40229
6.106986045837402,,3.241823673248291,,34,2.8651621341705322,,40239
6.264676094055176,,3.373749256134033,,34,2.8909265995025635,,40249
6.160544395446777,,3.4360551834106445,,34,2.724489450454712,,40259
5.93589448928833,,3.2440574169158936,,34,2.6918370723724365,,40269
6.200136184692383,,3.3534023761749268,,34,2.846733808517456,,40279
6.2311811447143555,,3.355936050415039,,34,2.8752453327178955,,40289
5.936493396759033,,3.2353310585021973,,34,2.701162338256836,,40299
6.208315849304199,,3.212675094604492,,34,2.995640516281128,,40309
6.188287734985352,,3.2959890365600586,,34,2.892298698425293,,40319
5.9355010986328125,,3.210822582244873,,34,2.7246787548065186,,40329
6.192949295043945,,3.3877954483032227,,34,2.8051536083221436,,40339
5.985518932342529,,3.1364479064941406,,34,2.8490710258483887,,40349
,6.103336811065674,,3.2792277336120605,34,,2.824108839035034,40354
6.144335746765137,,3.4077861309051514,,35,2.7365498542785645,,40359
5.944940567016602,,3.1871962547302246,,35,2.757744073867798,,40369
5.9626336097717285,,3.228449821472168,,35,2.7341837882995605,,40379
6.158140182495117,,3.326615571975708,,35,2.831524610519409,,40389
5.968679428100586,,3.1542317867279053,,35,2.8144476413726807,,40399
6.030994415283203,,3.2726364135742188,,35,2.7583582401275635,,40409
6.047635078430176,,3.2113823890686035,,35,2.836252450942993,,40419
6.123771667480469,,3.276947498321533,,35,2.8468239307403564,,40429
5.960638046264648,,3.165266752243042,,35,2.7953712940216064,,40439
6.2025651931762695,,3.372831106185913,,35,2.8297340869903564,,40449
6.260279655456543,,3.4283833503723145,,35,2.8318963050842285,,40459
6.189164638519287,,3.3347675800323486,,35,2.8543970584869385,,40469
6.077303886413574,,3.2229418754577637,,35,2.8543620109558105,,40479
6.414384841918945,,3.387600898742676,,35,3.0267837047576904,,40489
5.971104145050049,,3.236236810684204,,35,2.7348673343658447,,40499
6.021945953369141,,3.2048802375793457,,35,2.817065715789795,,40509
5.985235214233398,,3.220947027206421,,35,2.7642881870269775,,40519
6.590860366821289,,3.5832533836364746,,35,3.0076072216033936,,40529
6.210330009460449,,3.291736364364624,,35,2.918593645095825,,40539
6.128941059112549,,3.245561122894287,,35,2.8833799362182617,,40549
6.099021911621094,,3.1669671535491943,,35,2.9320547580718994,,40559
6.0135064125061035,,3.2042713165283203,,35,2.809235095977783,,40569
6.021082878112793,,3.1271419525146484,,35,2.8939406871795654,,40579
6.104888439178467,,3.2584047317504883,,35,2.8464837074279785,,40589
6.284029006958008,,3.3718485832214355,,35,2.9121804237365723,,40599
6.208024978637695,,3.239116668701172,,35,2.9689085483551025,,40609
6.01329231262207,,3.2493553161621094,,35,2.763936996459961,,40619
6.239655017852783,,3.29217529296875,,35,2.947479724884033,,40629
6.043593406677246,,3.2299203872680664,,35,2.813673257827759,,40639
5.993509769439697,,3.278801679611206,,35,2.714708089828491,,40649
6.288534164428711,,3.367438554763794,,35,2.921095371246338,,40659
6.106831073760986,,3.2617392539978027,,35,2.8450918197631836,,40669
6.070930480957031,,3.345552682876587,,35,2.7253775596618652,,40679
6.146788597106934,,3.2555716037750244,,35,2.891216993331909,,40689
5.874329566955566,,3.165048122406006,,35,2.7092814445495605,,40699
6.053044319152832,,3.228421688079834,,35,2.824622631072998,,40709
6.166378021240234,,3.195462703704834,,35,2.9709150791168213,,40719
6.275912284851074,,3.407536029815674,,35,2.8683760166168213,,40729
6.073505401611328,,3.204420804977417,,35,2.8690848350524902,,40739
6.118936538696289,,3.2075746059417725,,35,2.9113616943359375,,40749
6.050024032592773,,3.1873691082000732,,35,2.8626551628112793,,40759
6.044017314910889,,3.176971912384033,,35,2.8670454025268555,,40769
5.929853439331055,,3.2054319381713867,,35,2.724421262741089,,40779
6.315637588500977,,3.446418523788452,,35,2.8692190647125244,,40789
6.27717399597168,,3.4025678634643555,,35,2.874606132507324,,40799
6.066529273986816,,3.2263691425323486,,35,2.8401598930358887,,40809
6.233148097991943,,3.2461202144622803,,35,2.987027883529663,,40819
6.079912185668945,,3.3106589317321777,,35,2.7692534923553467,,40829
6.183712005615234,,3.2685599327087402,,35,2.9151523113250732,,40839
6.1898651123046875,,3.2674224376678467,,35,2.92244291305542,,40849
6.063712120056152,,3.171302318572998,,35,2.8924098014831543,,40859
6.238958358764648,,3.294023036956787,,35,2.9449355602264404,,40869
6.2847900390625,,3.344778060913086,,35,2.940012216567993,,40879
5.97568941116333,,3.2234535217285156,,35,2.7522358894348145,,40889
6.003201484680176,,3.295475482940674,,35,2.707726240158081,,40899
5.934329032897949,,3.189178466796875,,35,2.745150566101074,,40909
6.13134765625,,3.30648136138916,,35,2.8248660564422607,,40919
6.052511215209961,,3.2626426219940186,,35,2.7898688316345215,,40929
6.318010330200195,,3.28255033493042,,35,3.0354599952697754,,40939
6.2991485595703125,,3.4105288982391357,,35,2.888619899749756,,40949
6.325469017028809,,3.418867826461792,,35,2.9066009521484375,,40959
6.170997619628906,,3.346306800842285,,35,2.8246910572052,,40969
6.267988681793213,,3.325488567352295,,35,2.942500114440918,,40979
6.300597190856934,,3.327213764190674,,35,2.9733831882476807,,40989
5.940910339355469,,3.191347599029541,,35,2.749562978744507,,40999
6.617424964904785,,3.603100299835205,,35,3.014324903488159,,41009
6.391859531402588,,3.3418843746185303,,35,3.0499751567840576,,41019
6.074731826782227,,3.275374412536621,,35,2.7993574142456055,,41029
6.258129119873047,,3.278625965118408,,35,2.9795033931732178,,41039
6.081327438354492,,3.236239433288574,,35,2.845088005065918,,41049
6.180886745452881,,3.213502883911133,,35,2.967383861541748,,41059
6.024789810180664,,3.1778087615966797,,35,2.8469812870025635,,41069
6.196869850158691,,3.260277271270752,,35,2.9365925788879395,,41079
6.014505386352539,,3.297567844390869,,35,2.716937780380249,,41089
6.249001502990723,,3.33744215965271,,35,2.911559581756592,,41099
6.164370536804199,,3.282989025115967,,35,2.8813815116882324,,41109
5.995377063751221,,3.256844997406006,,35,2.738532066345215,,41119
6.382357597351074,,3.468688726425171,,35,2.913668632507324,,41129
6.193961143493652,,3.202122449874878,,35,2.9918386936187744,,41139
6.088521480560303,,3.214759111404419,,35,2.873762369155884,,41149
6.123162269592285,,3.2333593368530273,,35,2.889802932739258,,41159
5.888555526733398,,3.233828067779541,,35,2.6547276973724365,,41169
6.062046051025391,,3.291433572769165,,35,2.7706124782562256,,41179
6.15942907333374,,3.265756607055664,,35,2.893672466278076,,41189
6.370931625366211,,3.368314504623413,,35,3.002617120742798,,41199
6.218984127044678,,3.3023898601531982,,35,2.9165942668914795,,41209
6.269522666931152,,3.4054019451141357,,35,2.8641209602355957,,41219
6.392407417297363,,3.4452614784240723,,35,2.947145938873291,,41229
6.300701141357422,,3.4002325534820557,,35,2.9004688262939453,,41239
6.271479606628418,,3.277442455291748,,35,2.99403715133667,,41249
6.136516571044922,,3.2335662841796875,,35,2.9029505252838135,,41259
6.165673732757568,,3.2946901321411133,,35,2.870983600616455,,41269
6.039653778076172,,3.195746898651123,,35,2.843907117843628,,41279
5.829438209533691,,3.0960612297058105,,35,2.73337721824646,,41289
6.053717613220215,,3.205563545227051,,35,2.848153829574585,,41299
5.997088432312012,,3.155282974243164,,35,2.8418056964874268,,41309
6.116053581237793,,3.2637906074523926,,35,2.8522627353668213,,41319
6.166998863220215,,3.302692174911499,,35,2.8643064498901367,,41329
6.362929344177246,,3.4333548545837402,,35,2.929574489593506,,41339
6.074955463409424,,3.2320683002471924,,35,2.8428871631622314,,41349
5.997891426086426,,3.152266502380371,,35,2.845625162124634,,41359
6.050144672393799,,3.31325626373291,,35,2.7368884086608887,,41369
6.380191802978516,,3.421907424926758,,35,2.958284616470337,,41379
6.155341148376465,,3.213693618774414,,35,2.941647529602051,,41389
6.013814926147461,,3.2454328536987305,,35,2.7683818340301514,,41399
6.218305587768555,,3.306257486343384,,35,2.912048101425171,,41409
6.150935649871826,,3.3006515502929688,,35,2.8502840995788574,,41419
6.306491851806641,,3.307586908340454,,35,2.9989047050476074,,41429
6.050079345703125,,3.2184956073760986,,35,2.8315834999084473,,41439
6.323137283325195,,3.4621241092681885,,35,2.8610129356384277,,41449
5.866339206695557,,3.2211709022521973,,35,2.6451683044433594,,41459
6.111078262329102,,3.241377353668213,,35,2.8697011470794678,,41469
6.121954441070557,,3.2784180641174316,,35,2.843536376953125,,41479
6.320454120635986,,3.418813943862915,,35,2.9016401767730713,,41489
6.527604103088379,,3.4550771713256836,,35,3.0725271701812744,,41499
,6.127259731292725,,3.275996446609497,35,,2.8512635231018066,41507
5.948108673095703,,3.186061382293701,,36,2.762047529220581,,41509
6.402612686157227,,3.441617965698242,,36,2.9609944820404053,,41519
6.0366902351379395,,3.1654164791107178,,36,2.8712737560272217,,41529
5.949497699737549,,3.1808252334594727,,36,2.768672466278076,,41539
6.013696670532227,,3.1243364810943604,,36,2.8893604278564453,,41549
6.089960098266602,,3.1730666160583496,,36,2.916893720626831,,41559
6.268950462341309,,3.261059284210205,,36,3.0078914165496826,,41569
6.0927276611328125,,3.279538154602051,,36,2.8131895065307617,,41579
6.388095855712891,,3.383495330810547,,36,3.0046005249023438,,41589
6.331279754638672,,3.4224071502685547,,36,2.908872604370117,,41599
5.880950927734375,,3.120926856994629,,36,2.760024309158325,,41609
6.161808013916016,,3.2551870346069336,,36,2.906620979309082,,41619
6.118143081665039,,3.246314764022827,,36,2.871828317642212,,41629
6.024155616760254,,3.183323383331299,,36,2.840832471847534,,41639
5.7955451011657715,,3.109215497970581,,36,2.6863296031951904,,41649
6.02289342880249,,3.276071310043335,,36,2.7468221187591553,,41659
6.095320701599121,,3.256333112716675,,36,2.8389875888824463,,41669
6.399241924285889,,3.3882904052734375,,36,3.010951519012451,,41679
6.11588191986084,,3.253966808319092,,36,2.861915111541748,,41689
6.259949684143066,,3.3455958366394043,,36,2.914353609085083,,41699
6.178771018981934,,3.2786660194396973,,36,2.9001052379608154,,41709
6.297863960266113,,3.3890976905822754,,36,2.908766508102417,,41719
6.178375720977783,,3.2558932304382324,,36,2.922482490539551,,41729
5.780744552612305,,3.167780637741089,,36,2.612964153289795,,41739
5.954192638397217,,3.1906983852386475,,36,2.7634942531585693,,41749
6.019653797149658,,3.2578282356262207,,36,2.7618255615234375,,41759
6.26781702041626,,3.3072173595428467,,36,2.960599660873413,,41769
6.063591480255127,,3.2603185176849365,,36,2.8032729625701904,,41779
6.1991448402404785,,3.3321733474731445,,36,2.866971492767334,,41789
5.968579292297363,,3.1823315620422363,,36,2.786247730255127,,41799
6.107172012329102,,3.285616159439087,,36,2.8215556144714355,,41809
6.2515153884887695,,3.201301336288452,,36,3.0502142906188965,,41819
5.996223449707031,,3.239708662033081,,36,2.75651478767395,,41829
6.2624921798706055,,3.2863900661468506,,36,2.976101875305176,,41839
5.908989906311035,,3.212571620941162,,36,2.696418523788452,,41849
6.303760051727295,,3.3050119876861572,,36,2.9987480640411377,,41859
6.220272064208984,,3.231231212615967,,36,2.9890408515930176,,41869
6.089193820953369,,3.152487277984619,,36,2.93670654296875,,41879
6.248637676239014,,3.1982078552246094,,36,3.0504298210144043,,41889
6.203587532043457,,3.2201900482177734,,36,2.9833977222442627,,41899
6.018898010253906,,3.246147632598877,,36,2.77275013923645,,41909
6.184191703796387,,3.268519163131714,,36,2.915672540664673,,41919
6.212667465209961,,3.274750232696533,,36,2.9379169940948486,,41929
6.039067268371582,,3.231764316558838,,36,2.8073031902313232,,41939
6.133808135986328,,3.3140740394592285,,36,2.8197343349456787,,41949
6.405972480773926,,3.4556877613067627,,36,2.950284719467163,,41959
5.995530128479004,,3.1766278743743896,,36,2.8189024925231934,,41969
6.208840370178223,,3.2819557189941406,,36,2.926884412765503,,41979
6.189476013183594,,3.3398852348327637,,36,2.849590539932251,,41989
6.111530303955078,,3.1655526161193848,,36,2.9459779262542725,,41999
6.296905517578125,,3.3232662677764893,,36,2.9736392498016357,,42009
6.2927656173706055,,3.2607195377349854,,36,3.032046318054199,,42019
6.112540245056152,,3.2658238410949707,,36,2.8467166423797607,,42029
6.192285537719727,,3.367217779159546,,36,2.8250675201416016,,42039
6.084737300872803,,3.2410106658935547,,36,2.843726634979248,,42049
5.9577531814575195,,3.136674404144287,,36,2.8210790157318115,,42059
6.285372257232666,,3.2921500205993652,,36,2.993222236633301,,42069
6.0364484786987305,,3.200104236602783,,36,2.8363442420959473,,42079
6.266780853271484,,3.457940101623535,,36,2.8088409900665283,,42089
6.118494987487793,,3.270707130432129,,36,2.847788095474243,,42099
6.322915077209473,,3.325734853744507,,36,2.997180461883545,,42109
6.273877143859863,,3.316582202911377,,36,2.9572951793670654,,42119
5.932853698730469,,3.208158016204834,,36,2.7246954441070557,,42129
6.1079792976379395,,3.1600136756896973,,36,2.947965621948242,,42139
5.940587043762207,,3.2224605083465576,,36,2.7181267738342285,,42149
6.05110502243042,,3.1859846115112305,,36,2.8651204109191895,,42159
5.918542861938477,,3.148158073425293,,36,2.7703850269317627,,42169
6.419434547424316,,3.4291024208068848,,36,2.9903318881988525,,42179
6.067414283752441,,3.2177517414093018,,36,2.8496627807617188,,42189
6.345246315002441,,3.302171230316162,,36,3.0430750846862793,,42199
6.098237037658691,,3.2049851417541504,,36,2.893251657485962,,42209
6.447811603546143,,3.389899969100952,,36,3.0579116344451904,,42219
6.157108783721924,,3.2444231510162354,,36,2.9126856327056885,,42229
6.316154479980469,,3.299901008605957,,36,3.0162534713745117,,42239
5.798513412475586,,3.1543335914611816,,36,2.6441800594329834,,42249
6.123773574829102,,3.2534737586975098,,36,2.870299816131592,,42259
6.287111282348633,,3.306354522705078,,36,2.980756998062134,,42269
6.218411445617676,,3.3185200691223145,,36,2.8998916149139404,,42279
6.12875509262085,,3.276975631713867,,36,2.8517794609069824,,42289
6.178896903991699,,3.2560253143310547,,36,2.9228713512420654,,42299
6.335549354553223,,3.373891830444336,,36,2.961657762527466,,42309
5.977494716644287,,3.235827922821045,,36,2.741666793823242,,42319
6.5070295333862305,,3.5066821575164795,,36,3.000347375869751,,42329
6.117730140686035,,3.338111639022827,,36,2.779618740081787,,42339
6.216187477111816,,3.286924123764038,,36,2.929263114929199,,42349
6.1365156173706055,,3.330623149871826,,36,2.8058924674987793,,42359
5.990157127380371,,3.2216262817382812,,36,2.76853084564209,,42369
6.176338195800781,,3.198291063308716,,36,2.9780468940734863,,42379
5.9402689933776855,,3.280189037322998,,36,2.6600799560546875,,42389
6.310991287231445,,3.3977203369140625,,36,2.913271188735962,,42399
6.082008361816406,,3.250119209289551,,36,2.8318889141082764,,42409
5.892086029052734,,3.1508994102478027,,36,2.7411863803863525,,42419
6.016724586486816,,3.2658979892730713,,36,2.750826835632324,,42429
6.196535587310791,,3.223043918609619,,36,2.973491668701172,,42439
5.994472503662109,,3.119396686553955,,36,2.8750758171081543,,42449
6.080950736999512,,3.273796796798706,,36,2.8071539402008057,,42459
6.098097324371338,,3.2185356616973877,,36,2.87956166267395,,42469
6.034040451049805,,3.2192678451538086,,36,2.814772367477417,,42479
6.312281608581543,,3.441112518310547,,36,2.871168851852417,,42489
6.428863525390625,,3.2853312492370605,,36,3.1435325145721436,,42499
6.3393754959106445,,3.421785354614258,,36,2.917590379714966,,42509
5.917120456695557,,3.215897560119629,,36,2.7012228965759277,,42519
6.203735828399658,,3.260941505432129,,36,2.9427943229675293,,42529
6.458333492279053,,3.3263556957244873,,36,3.1319777965545654,,42539
6.195765495300293,,3.366482734680176,,36,2.829282760620117,,42549
6.170149803161621,,3.2676515579223633,,36,2.902498483657837,,42559
6.06601095199585,,3.181412696838379,,36,2.8845982551574707,,42569
6.342470169067383,,3.3770062923431396,,36,2.965463876724243,,42579
6.121541976928711,,3.2733240127563477,,36,2.848217725753784,,42589
6.145883083343506,,3.2771215438842773,,36,2.8687615394592285,,42599
5.902721405029297,,3.171374797821045,,36,2.731346607208252,,42609
6.133416175842285,,3.2084717750549316,,36,2.9249441623687744,,42619
6.123171329498291,,3.279792547225952,,36,2.843378782272339,,42629
6.170249938964844,,3.2436940670013428,,36,2.926555871963501,,42639
5.95945930480957,,3.138350009918213,,36,2.8211090564727783,,42649
5.963879108428955,,3.174546241760254,,36,2.789332866668701,,42659
,6.144449710845947,,3.268564462661743,36,,2.875885248184204,42660
6.121367931365967,,3.224992513656616,,37,2.8963754177093506,,42669
6.375819206237793,,3.407247543334961,,37,2.968571424484253,,42679
6.092535018920898,,3.327962636947632,,37,2.7645726203918457,,42689
6.067177772521973,,3.172816276550293,,37,2.894361734390259,,42699
6.059337615966797,,3.175119161605835,,37,2.884218454360962,,42709
6.16546106338501,,3.199140787124634,,37,2.966320276260376,,42719
6.2769012451171875,,3.3261022567749023,,37,2.950798749923706,,42729
6.231171607971191,,3.341020107269287,,37,2.8901515007019043,,42739
6.084759712219238,,3.212766647338867,,37,2.871993064880371,,42749
5.882711887359619,,3.2042369842529297,,37,2.6784749031066895,,42759
6.011595726013184,,3.2518506050109863,,37,2.7597451210021973,,42769
6.0288238525390625,,3.2191193103790283,,37,2.809704542160034,,42779
6.047667980194092,,3.263190984725952,,37,2.7844769954681396,,42789
5.938384056091309,,3.1230573654174805,,37,2.815326452255249,,42799
5.962228775024414,,3.187129497528076,,37,2.775099515914917,,42809
6.257460594177246,,3.349822759628296,,37,2.9076380729675293,,42819
6.209366321563721,,3.3343677520751953,,37,2.8749985694885254,,42829
6.1269073486328125,,3.2399485111236572,,37,2.8869590759277344,,42839
6.246400833129883,,3.284548759460449,,37,2.9618518352508545,,42849
6.1684980392456055,,3.189311981201172,,37,2.9791858196258545,,42859
6.00545597076416,,3.2646045684814453,,37,2.740851640701294,,42869
5.987790584564209,,3.2025957107543945,,37,2.7851948738098145,,42879
5.982482433319092,,3.1738851070404053,,37,2.8085973262786865,,42889
6.057831287384033,,3.2501935958862305,,37,2.8076376914978027,,42899
5.964297294616699,,3.2033772468566895,,37,2.760920286178589,,42909
6.173975944519043,,3.279527187347412,,37,2.89444899559021,,42919
6.419622421264648,,3.361060619354248,,37,3.0585615634918213,,42929
6.159887790679932,,3.2367260456085205,,37,2.923161745071411,,42939
6.150053977966309,,3.247464656829834,,37,2.9025895595550537,,42949
6.028132438659668,,3.1199333667755127,,37,2.9081990718841553,,42959
6.098493576049805,,3.1944539546966553,,37,2.9040396213531494,,42969
6.143488883972168,,3.210170030593872,,37,2.933318614959717,,42979
5.823340892791748,,3.0916926860809326,,37,2.7316482067108154,,42989
6.215207576751709,,3.201967239379883,,37,3.013240337371826,,42999
6.440149307250977,,3.3405494689941406,,37,3.099599838256836,,43009
6.511546611785889,,3.4803848266601562,,37,3.0311617851257324,,43019
6.339337348937988,,3.3384833335876465,,37,3.000854253768921,,43029
6.222136497497559,,3.3294148445129395,,37,2.8927218914031982,,43039
6.0276079177856445,,3.1391091346740723,,37,2.8884987831115723,,43049
6.063652992248535,,3.1923928260803223,,37,2.871259927749634,,43059
6.32318639755249,,3.2655110359191895,,37,3.057675361633301,,43069
6.202050685882568,,3.3428893089294434,,37,2.859161376953125,,43079
5.957984924316406,,3.201878070831299,,37,2.7561070919036865,,43089
5.9330291748046875,,3.1794986724853516,,37,2.753530263900757,,43099
6.30932092666626,,3.3037965297698975,,37,3.0055243968963623,,43109
5.997216701507568,,3.1577677726745605,,37,2.839448928833008,,43119
5.942343235015869,,3.174546718597412,,37,2.767796516418457,,43129
6.100198268890381,,3.242321729660034,,37,2.8578765392303467,,43139
5.951369285583496,,3.168304920196533,,37,2.783064365386963,,43149
6.315518379211426,,3.3309905529022217,,37,2.984527587890625,,43159
5.867349624633789,,3.1456522941589355,,37,2.7216973304748535,,43169
6.2230048179626465,,3.258089065551758,,37,2.9649157524108887,,43179
6.1090850830078125,,3.190150260925293,,37,2.9189345836639404,,43189
6.007145881652832,,3.2098734378814697,,37,2.7972724437713623,,43199
6.123697757720947,,3.2289676666259766,,37,2.8947300910949707,,43209
6.031827926635742,,3.2625741958618164,,37,2.769253730773926,,43219
6.153343677520752,,3.2776970863342285,,37,2.8756465911865234,,43229
6.409204006195068,,3.3608603477478027,,37,3.0483436584472656,,43239
6.2292962074279785,,3.302889108657837,,37,2.9264070987701416,,43249
6.223909854888916,,3.2399258613586426,,37,2.9839839935302734,,43259
6.135461807250977,,3.2924540042877197,,37,2.843007802963257,,43269
6.390569686889648,,3.362030029296875,,37,3.0285396575927734,,43279
6.158289909362793,,3.2097597122192383,,37,2.948530435562134,,43289
6.123859405517578,,3.1997084617614746,,37,2.9241507053375244,,43299
6.188009262084961,,3.3099722862243652,,37,2.8780369758605957,,43309
6.134108543395996,,3.2757668495178223,,37,2.8583414554595947,,43319
6.10621452331543,,3.2395071983337402,,37,2.8667073249816895,,43329
6.308276653289795,,3.291912078857422,,37,3.016364574432373,,43339
6.152442932128906,,3.250444173812866,,37,2.90199875831604,,43349
6.031052589416504,,3.2389907836914062,,37,2.7920615673065186,,43359
6.23609733581543,,3.3879995346069336,,37,2.848098039627075,,43369
6.068885803222656,,3.165738821029663,,37,2.903146982192993,,43379
5.998824119567871,,3.147374153137207,,37,2.851449728012085,,43389
6.129161834716797,,3.1928343772888184,,37,2.9363276958465576,,43399
6.205877304077148,,3.2350125312805176,,37,2.9708645343780518,,43409
6.044200897216797,,3.2720580101013184,,37,2.7721426486968994,,43419
6.096854209899902,,3.1715447902679443,,37,2.925309181213379,,43429
6.095916271209717,,3.271545886993408,,37,2.8243703842163086,,43439
6.363654136657715,,3.4685676097869873,,37,2.8950862884521484,,43449
5.897749900817871,,3.1750571727752686,,37,2.7226927280426025,,43459
5.959081172943115,,3.1575474739074707,,37,2.8015336990356445,,43469
6.043912887573242,,3.157444953918457,,37,2.886467695236206,,43479
6.2129621505737305,,3.250816583633423,,37,2.9621453285217285,,43489
6.104840278625488,,3.272052049636841,,37,2.8327882289886475,,43499
6.121889591217041,,3.1773128509521484,,37,2.9445767402648926,,43509
6.107831001281738,,3.2434091567993164,,37,2.864422082901001,,43519
6.071686744689941,,3.1985273361206055,,37,2.873159646987915,,43529
6.336748123168945,,3.2974653244018555,,37,3.039283037185669,,43539
6.033083915710449,,3.210655927658081,,37,2.822427988052368,,43549
6.306765079498291,,3.1937918663024902,,37,3.112973213195801,,43559
6.412537574768066,,3.4056379795074463,,37,3.006899833679199,,43569
6.01248836517334,,3.204841375350952,,37,2.8076467514038086,,43579
6.030695915222168,,3.2104310989379883,,37,2.820265054702759,,43589
6.268716812133789,,3.31954026222229,,37,2.94917631149292,,43599
6.298394203186035,,3.4481778144836426,,37,2.8502166271209717,,43609
6.205015182495117,,3.265244483947754,,37,2.939770460128784,,43619
6.339753150939941,,3.323580265045166,,37,3.0161726474761963,,43629
6.228446006774902,,3.269303321838379,,37,2.9591429233551025,,43639
6.044665336608887,,3.220644950866699,,37,2.8240201473236084,,43649
5.901843070983887,,3.127838611602783,,37,2.7740044593811035,,43659
6.108234405517578,,3.1997618675231934,,37,2.9084725379943848,,43669
6.08750057220459,,3.1897518634796143,,37,2.8977487087249756,,43679
6.243098258972168,,3.303546190261841,,37,2.939552068710327,,43689
6.234626293182373,,3.3161275386810303,,37,2.9184987545013428,,43699
6.061245918273926,,3.3465142250061035,,37,2.714731454849243,,43709
6.186009407043457,,3.1814780235290527,,37,3.0045313835144043,,43719
6.391695022583008,,3.366891622543335,,37,3.0248031616210938,,43729
6.240628719329834,,3.4355309009552,,37,2.805097818374634,,43739
6.214509963989258,,3.2533421516418457,,37,2.961168050765991,,43749
5.995974063873291,,3.1864495277404785,,37,2.8095245361328125,,43759
6.2425384521484375,,3.3587088584899902,,37,2.8838295936584473,,43769
6.093677520751953,,3.296565532684326,,37,2.797112226486206,,43779
6.227912902832031,,3.202000617980957,,37,3.025912046432495,,43789
6.306763648986816,,3.324950695037842,,37,2.9818127155303955,,43799
6.399110794067383,,3.391808032989502,,37,3.00730299949646,,43809
,6.150432586669922,,3.2602949142456055,37,,2.8901376724243164,43813
6.2902936935424805,,3.2937259674072266,,38,2.996567964553833,,43819
6.155982494354248,,3.1911535263061523,,38,2.9648289680480957,,43829
6.0982666015625,,3.257387161254883,,38,2.8408796787261963,,43839
6.185066223144531,,3.3638811111450195,,38,2.8211848735809326,,43849
6.317654609680176,,3.3766887187957764,,38,2.9409658908843994,,43859
6.28120231628418,,3.3460841178894043,,38,2.9351179599761963,,43869
6.066563606262207,,3.151482105255127,,38,2.915081739425659,,43879
6.227731704711914,,3.3067426681518555,,38,2.9209887981414795,,43889
6.029128551483154,,3.145589590072632,,38,2.8835389614105225,,43899
6.370431900024414,,3.410382032394409,,38,2.960049629211426,,43909
6.037644863128662,,3.183398485183716,,38,2.8542463779449463,,43919
6.450540542602539,,3.3062362670898438,,38,3.1443042755126953,,43929
6.313922882080078,,3.274806022644043,,38,3.039116621017456,,43939
6.571166038513184,,3.4172439575195312,,38,3.1539223194122314,,43949
5.827815055847168,,3.1664257049560547,,38,2.661389112472534,,43959
6.055068016052246,,3.1947453022003174,,38,2.8603227138519287,,43969
6.129091262817383,,3.217039108276367,,38,2.9120523929595947,,43979
6.1730451583862305,,3.225651502609253,,38,2.9473936557769775,,43989
5.989900588989258,,3.237172842025757,,38,2.752727746963501,,43999
6.280906677246094,,3.3017241954803467,,38,2.979182243347168,,44009
6.3161821365356445,,3.3377022743225098,,38,2.9784798622131348,,44019
6.355278491973877,,3.3147401809692383,,38,3.0405383110046387,,44029
6.444140434265137,,3.5147242546081543,,38,2.9294161796569824,,44039
6.16109561920166,,3.3084616661071777,,38,2.8526339530944824,,44049
6.422494888305664,,3.3137550354003906,,38,3.1087396144866943,,44059
6.144832611083984,,3.318605422973633,,38,2.8262274265289307,,44069
6.09022855758667,,3.221245288848877,,38,2.868983268737793,,44079
5.8674516677856445,,3.1081466674804688,,38,2.7593047618865967,,44089
6.588839530944824,,3.4560301303863525,,38,3.1328091621398926,,44099
6.260180473327637,,3.2249755859375,,38,3.035205125808716,,44109
6.360864639282227,,3.3542308807373047,,38,3.0066335201263428,,44119
6.370362281799316,,3.295302391052246,,38,3.0750601291656494,,44129
6.234828472137451,,3.3811087608337402,,38,2.853719711303711,,44139
6.148506164550781,,3.221405029296875,,38,2.9271011352539062,,44149
6.101859092712402,,3.228497266769409,,38,2.873361825942993,,44159
6.122834205627441,,3.1632485389709473,,38,2.959585428237915,,44169
6.084508895874023,,3.231726884841919,,38,2.8527817726135254,,44179
6.226068496704102,,3.187534809112549,,38,3.038533926010132,,44189
6.36269998550415,,3.368950843811035,,38,2.9937491416931152,,44199
6.283718109130859,,3.3023085594177246,,38,2.9814095497131348,,44209
6.08524751663208,,3.194704055786133,,38,2.8905434608459473,,44219
6.125655174255371,,3.2488410472869873,,38,2.876814365386963,,44229
6.21416711807251,,3.359602451324463,,38,2.854564666748047,,44239
5.97312068939209,,3.1441736221313477,,38,2.8289473056793213,,44249
6.3216447830200195,,3.3484268188476562,,38,2.9732179641723633,,44259
6.377405166625977,,3.3636889457702637,,38,3.013715982437134,,44269
6.119507789611816,,3.2303247451782227,,38,2.889183282852173,,44279
6.007633209228516,,3.258911609649658,,38,2.7487213611602783,,44289
6.168221473693848,,3.333564281463623,,38,2.8346571922302246,,44299
6.155495643615723,,3.2500977516174316,,38,2.905397653579712,,44309
6.045770645141602,,3.1901230812072754,,38,2.8556478023529053,,44319
6.054788589477539,,3.232957124710083,,38,2.821831703186035,,44329
6.082613945007324,,3.18918514251709,,38,2.8934290409088135,,44339
6.237051963806152,,3.275444507598877,,38,2.9616072177886963,,44349
6.367991924285889,,3.3190183639526367,,38,3.048973560333252,,44359
6.388360977172852,,3.3982439041137695,,38,2.990117311477661,,44369
5.951813697814941,,3.1230239868164062,,38,2.828789710998535,,44379
6.384591102600098,,3.445326566696167,,38,2.9392642974853516,,44389
6.424211025238037,,3.2475779056549072,,38,3.17663311958313,,44399
5.993281364440918,,3.1297733783721924,,38,2.8635082244873047,,44409
6.15055513381958,,3.3117785453796387,,38,2.8387765884399414,,44419
6.134683132171631,,3.2996084690093994,,38,2.8350746631622314,,44429
5.980428695678711,,3.188518524169922,,38,2.791910409927368,,44439
6.136086940765381,,3.3186123371124268,,38,2.817474603652954,,44449
5.994307041168213,,3.2533035278320312,,38,2.7410035133361816,,44459
6.0429582595825195,,3.169064998626709,,38,2.8738930225372314,,44469
6.122584819793701,,3.2698206901550293,,38,2.852764129638672,,44479
6.103193283081055,,3.309295415878296,,38,2.793897867202759,,44489
6.438460350036621,,3.3183488845825195,,38,3.1201117038726807,,44499
6.213966369628906,,3.3306548595428467,,38,2.8833115100860596,,44509
6.030250549316406,,3.146047592163086,,38,2.884202718734741,,44519
6.256198883056641,,3.43192195892334,,38,2.824276924133301,,44529
6.113376617431641,,3.273977756500244,,38,2.8393988609313965,,44539
6.2399210929870605,,3.263540506362915,,38,2.9763805866241455,,44549
6.371145725250244,,3.3719687461853027,,38,2.9991769790649414,,44559
6.209726333618164,,3.2264509201049805,,38,2.9832751750946045,,44569
6.069915294647217,,3.19708251953125,,38,2.872832775115967,,44579
6.146875381469727,,3.2625489234924316,,38,2.884326457977295,,44589
6.600752830505371,,3.674985647201538,,38,2.925767183303833,,44599
6.150168418884277,,3.2088050842285156,,38,2.9413633346557617,,44609
6.111626625061035,,3.2298572063446045,,38,2.8817694187164307,,44619
6.189881324768066,,3.293886661529541,,38,2.8959949016571045,,44629
6.10277795791626,,3.216586112976074,,38,2.8861918449401855,,44639
6.302443504333496,,3.3419106006622314,,38,2.9605331420898438,,44649
6.378305435180664,,3.36525297164917,,38,3.013052225112915,,44659
6.159962177276611,,3.237706184387207,,38,2.9222559928894043,,44669
6.283577919006348,,3.2038426399230957,,38,3.079735279083252,,44679
6.141587257385254,,3.1710362434387207,,38,2.9705512523651123,,44689
6.42938232421875,,3.353900909423828,,38,3.0754811763763428,,44699
6.175526142120361,,3.2611937522888184,,38,2.914332389831543,,44709
6.5169525146484375,,3.4452428817749023,,38,3.0717098712921143,,44719
6.242848873138428,,3.291881799697876,,38,2.9509670734405518,,44729
6.234877586364746,,3.23958683013916,,38,2.995290517807007,,44739
6.136758804321289,,3.3108856678009033,,38,2.825873374938965,,44749
6.194897651672363,,3.3007760047912598,,38,2.8941216468811035,,44759
6.1102399826049805,,3.2310194969177246,,38,2.8792202472686768,,44769
6.2608184814453125,,3.262619733810425,,38,2.998198986053467,,44779
5.656360626220703,,3.0890817642211914,,38,2.5672786235809326,,44789
5.940062522888184,,3.1596131324768066,,38,2.780449628829956,,44799
6.181568145751953,,3.2201499938964844,,38,2.9614179134368896,,44809
6.272392272949219,,3.2595505714416504,,38,3.0128419399261475,,44819
6.188475608825684,,3.2869815826416016,,38,2.901494264602661,,44829
6.050554275512695,,3.133579730987549,,38,2.9169745445251465,,44839
5.8299689292907715,,3.110816717147827,,38,2.7191522121429443,,44849
6.265844345092773,,3.298245906829834,,38,2.9675986766815186,,44859
5.8241400718688965,,3.125387191772461,,38,2.6987528800964355,,44869
5.913745880126953,,3.2031307220458984,,38,2.710615396499634,,44879
6.436565399169922,,3.4232845306396484,,38,3.0132808685302734,,44889
6.0130767822265625,,3.194369316101074,,38,2.8187077045440674,,44899
6.328142166137695,,3.2228212356567383,,38,3.105320692062378,,44909
6.19554328918457,,3.199312686920166,,38,2.9962308406829834,,44919
6.24431848526001,,3.230440139770508,,38,3.013878345489502,,44929
6.704277038574219,,3.523801803588867,,38,3.1804754734039307,,44939
6.4778733253479,,3.376803398132324,,38,3.101069927215576,,44949
6.462020397186279,,3.5004448890686035,,38,2.961575508117676,,44959
,6.159801483154297,,3.259235382080078,38,,2.9005661010742188,44966
6.089094161987305,,3.301677703857422,,39,2.787416696548462,,44969
6.4099225997924805,,3.3580551147460938,,39,3.0518674850463867,,44979
6.060973167419434,,3.1664040088653564,,39,2.8945693969726562,,44989
6.227684020996094,,3.243919610977173,,39,2.9837646484375,,44999
6.049715042114258,,3.1722218990325928,,39,2.877492904663086,,45009
6.102541923522949,,3.237347364425659,,39,2.86519455909729,,45019
6.185135364532471,,3.225235939025879,,39,2.959899425506592,,45029
6.040360450744629,,3.2167131900787354,,39,2.8236470222473145,,45039
6.1196393966674805,,3.2014341354370117,,39,2.918205499649048,,45049
5.736482620239258,,3.1370208263397217,,39,2.599461555480957,,45059
6.130870342254639,,3.1557984352111816,,39,2.975071907043457,,45069
6.133174419403076,,3.204000473022461,,39,2.9291739463806152,,45079
5.942813396453857,,3.152237892150879,,39,2.7905755043029785,,45089
6.2277326583862305,,3.257343292236328,,39,2.9703896045684814,,45099
6.3657636642456055,,3.3585569858551025,,39,3.007206916809082,,45109
6.208834648132324,,3.2670388221740723,,39,2.941796064376831,,45119
6.178629398345947,,3.3180994987487793,,39,2.860529899597168,,45129
6.054409980773926,,3.2666330337524414,,39,2.7877769470214844,,45139
5.934676647186279,,3.185025453567505,,39,2.7496511936187744,,45149
6.090549468994141,,3.2910633087158203,,39,2.799485921859741,,45159
6.0344767570495605,,3.210771083831787,,39,2.8237056732177734,,45169
6.099893569946289,,3.1608996391296387,,39,2.9389941692352295,,45179
6.067316055297852,,3.261397361755371,,39,2.8059186935424805,,45189
5.892797470092773,,3.1225483417510986,,39,2.7702488899230957,,45199
6.254951477050781,,3.3215737342834473,,39,2.933377742767334,,45209
6.206114292144775,,3.250828981399536,,39,2.9552853107452393,,45219
5.875824928283691,,3.1519463062286377,,39,2.7238786220550537,,45229
6.382564544677734,,3.245063304901123,,39,3.1375014781951904,,45239
6.1140336990356445,,3.1883413791656494,,39,2.925692558288574,,45249
6.046383380889893,,3.1189355850219727,,39,2.92744779586792,,45259
6.153855800628662,,3.313302516937256,,39,2.8405532836914062,,45269
6.206917762756348,,3.1797471046447754,,39,3.0271706581115723,,45279
6.221209526062012,,3.246917724609375,,39,2.9742918014526367,,45289
5.935748100280762,,3.202147960662842,,39,2.733599901199341,,45299
5.895096778869629,,3.1770012378692627,,39,2.718095541000366,,45309
6.301397800445557,,3.323439598083496,,39,2.9779582023620605,,45319
5.896999359130859,,3.1362154483795166,,39,2.7607836723327637,,45329
6.236905097961426,,3.2539494037628174,,39,2.9829554557800293,,45339
5.940545082092285,,3.160999298095703,,39,2.779545545578003,,45349
6.253604888916016,,3.2753732204437256,,39,2.978231430053711,,45359
6.083230495452881,,3.1952321529388428,,39,2.887998342514038,,45369
6.24887752532959,,3.2737131118774414,,39,2.9751646518707275,,45379
6.106477737426758,,3.230302333831787,,39,2.8761751651763916,,45389
6.116367340087891,,3.235691547393799,,39,2.8806755542755127,,45399
6.377073287963867,,3.384617805480957,,39,2.9924557209014893,,45409
6.075582981109619,,3.1651246547698975,,39,2.9104583263397217,,45419
6.160985946655273,,3.1841988563537598,,39,2.9767870903015137,,45429
6.310121536254883,,3.419471502304077,,39,2.8906500339508057,,45439
6.234615325927734,,3.170787811279297,,39,3.0638272762298584,,45449
6.338148593902588,,3.261319875717163,,39,3.076828718185425,,45459
6.081114292144775,,3.1425039768218994,,39,2.938610315322876,,45469
6.307566165924072,,3.3293681144714355,,39,2.9781980514526367,,45479
6.187338829040527,,3.268390655517578,,39,2.918948173522949,,45489
6.13177490234375,,3.1908531188964844,,39,2.9409217834472656,,45499
6.336115837097168,,3.268916368484497,,39,3.06719970703125,,45509
6.257241249084473,,3.2968575954437256,,39,2.960383892059326,,45519
6.14730978012085,,3.2508678436279297,,39,2.89644193649292,,45529
6.139714241027832,,3.2111587524414062,,39,2.9285552501678467,,45539
6.223013877868652,,3.2338242530822754,,39,2.989189863204956,,45549
6.056876182556152,,3.166170120239258,,39,2.8907063007354736,,45559
6.107889175415039,,3.2332849502563477,,39,2.8746039867401123,,45569
6.2959747314453125,,3.3180055618286133,,39,2.977969169616699,,45579
6.100373268127441,,3.1874141693115234,,39,2.912958860397339,,45589
6.098213195800781,,3.1440470218658447,,39,2.9541659355163574,,45599
6.267446041107178,,3.2680211067199707,,39,2.999424934387207,,45609
6.059641361236572,,3.2284135818481445,,39,2.8312277793884277,,45619
6.2006449699401855,,3.2408852577209473,,39,2.9597597122192383,,45629
6.1169538497924805,,3.38167667388916,,39,2.7352774143218994,,45639
6.245189666748047,,3.266169786453247,,39,2.9790198802948,,45649
6.033289909362793,,3.1503653526306152,,39,2.8829245567321777,,45659
5.919397354125977,,3.0899550914764404,,39,2.8294425010681152,,45669
6.0781731605529785,,3.154526948928833,,39,2.9236462116241455,,45679
6.096109390258789,,3.200584888458252,,39,2.895524263381958,,45689
5.952232360839844,,3.151700496673584,,39,2.8005316257476807,,45699
6.083902359008789,,3.194365978240967,,39,2.889536142349243,,45709
6.149038791656494,,3.2193074226379395,,39,2.9297313690185547,,45719
6.290083885192871,,3.4339733123779297,,39,2.8561105728149414,,45729
6.276913642883301,,3.3540735244750977,,39,2.9228403568267822,,45739
6.51388692855835,,3.3835833072662354,,39,3.1303036212921143,,45749
6.120081424713135,,3.1496458053588867,,39,2.970435619354248,,45759
5.979214668273926,,3.164553165435791,,39,2.814661741256714,,45769
6.183918476104736,,3.2032010555267334,,39,2.980717420578003,,45779
6.269383430480957,,3.250145196914673,,39,3.019238233566284,,45789
6.290186882019043,,3.190757989883423,,39,3.099428653717041,,45799
6.077604293823242,,3.173452138900757,,39,2.9041521549224854,,45809
6.057066917419434,,3.2859044075012207,,39,2.771162271499634,,45819
6.191702842712402,,3.224087715148926,,39,2.9676148891448975,,45829
6.256407737731934,,3.203366756439209,,39,3.0530407428741455,,45839
6.3880486488342285,,3.4047207832336426,,39,2.983327865600586,,45849
6.611062526702881,,3.5341947078704834,,39,3.0768678188323975,,45859
6.006833076477051,,3.2116003036499023,,39,2.7952327728271484,,45869
6.118480682373047,,3.305600643157959,,39,2.812880277633667,,45879
5.904469966888428,,3.0987706184387207,,39,2.805699348449707,,45889
6.288166046142578,,3.2713170051574707,,39,3.0168492794036865,,45899
6.260394096374512,,3.3420708179473877,,39,2.918323040008545,,45909
6.41780948638916,,3.2859272956848145,,39,3.131882429122925,,45919
6.135213375091553,,3.2864794731140137,,39,2.848733901977539,,45929
6.15891695022583,,3.1980154514312744,,39,2.9609014987945557,,45939
5.997397422790527,,3.1300220489501953,,39,2.867375135421753,,45949
6.121041297912598,,3.252201557159424,,39,2.868839979171753,,45959
6.443697929382324,,3.436908006668091,,39,3.0067899227142334,,45969
6.343503952026367,,3.3167548179626465,,39,3.0267491340637207,,45979
6.398440837860107,,3.2644870281219482,,39,3.133953809738159,,45989
6.2371721267700195,,3.3335723876953125,,39,2.903599739074707,,45999
6.201419830322266,,3.186920166015625,,39,3.0144996643066406,,46009
6.103588104248047,,3.2227625846862793,,39,2.8808257579803467,,46019
6.162330627441406,,3.221423387527466,,39,2.9409072399139404,,46029
6.217436790466309,,3.3847742080688477,,39,2.83266282081604,,46039
6.541757583618164,,3.3846092224121094,,39,3.157148599624634,,46049
6.123236656188965,,3.254542112350464,,39,2.868694305419922,,46059
6.060103893280029,,3.1529061794281006,,39,2.9071977138519287,,46069
6.24125337600708,,3.187885284423828,,39,3.053368091583252,,46079
6.529233932495117,,3.317898750305176,,39,3.2113354206085205,,46089
6.397164344787598,,3.3671112060546875,,39,3.030052900314331,,46099
6.184622764587402,,3.202493190765381,,39,2.9821293354034424,,46109
6.074396133422852,,3.248486280441284,,39,2.8259100914001465,,46119
,6.17325496673584,,3.253571033477783,39,,2.9196836948394775,46119
6.325906753540039,,3.2251546382904053,,40,3.1007518768310547,,46129
6.110265731811523,,3.2370009422302246,,40,2.8732645511627197,,46139
6.054788589477539,,3.248243808746338,,40,2.8065450191497803,,46149
6.292843818664551,,3.2937731742858887,,40,2.999070882797241,,46159
6.2826008796691895,,3.355649471282959,,40,2.9269514083862305,,46169
6.252547264099121,,3.250886917114258,,40,3.001660108566284,,46179
6.257384777069092,,3.2763142585754395,,40,2.9810705184936523,,46189
6.042360305786133,,3.194027900695801,,40,2.848332643508911,,46199
6.120003700256348,,3.1895530223846436,,40,2.930450439453125,,46209
6.316353797912598,,3.4724018573760986,,40,2.843952178955078,,46219
6.27740478515625,,3.2455992698669434,,40,3.0318052768707275,,46229
6.108790874481201,,3.372075080871582,,40,2.736715793609619,,46239
6.207968235015869,,3.3265600204467773,,40,2.881408214569092,,46249
6.033236503601074,,3.156014919281006,,40,2.8772215843200684,,46259
6.28153133392334,,3.2687454223632812,,40,3.0127856731414795,,46269
6.410292625427246,,3.358288526535034,,40,3.052004337310791,,46279
6.324515342712402,,3.308161735534668,,40,3.0163533687591553,,46289
6.23811149597168,,3.314309597015381,,40,2.923802137374878,,46299
6.2891526222229,,3.275935649871826,,40,3.013216972351074,,46309
6.1109619140625,,3.1985559463500977,,40,2.9124062061309814,,46319
6.318807601928711,,3.334568500518799,,40,2.984239339828491,,46329
6.052277565002441,,3.197449207305908,,40,2.854828357696533,,46339
6.29594612121582,,3.2105565071105957,,40,3.0853893756866455,,46349
6.170759201049805,,3.236260414123535,,40,2.9344987869262695,,46359
6.09787654876709,,3.174861431121826,,40,2.9230151176452637,,46369
6.178249359130859,,3.3061299324035645,,40,2.872119665145874,,46379
6.131627082824707,,3.2997307777404785,,40,2.8318960666656494,,46389
6.142790794372559,,3.2164535522460938,,40,2.9263370037078857,,46399
6.277993202209473,,3.2582497596740723,,40,3.0197432041168213,,46409
6.442845344543457,,3.293245315551758,,40,3.14959979057312,,46419
5.928858280181885,,3.228867292404175,,40,2.69999098777771,,46429
6.040626525878906,,3.150785446166992,,40,2.889841318130493,,46439
6.271892547607422,,3.2375288009643555,,40,3.0343639850616455,,46449
6.0802106857299805,,3.2230849266052246,,40,2.857125759124756,,46459
6.041423797607422,,3.14613938331604,,40,2.8952841758728027,,46469
6.0202178955078125,,3.143758535385132,,40,2.8764593601226807,,46479
6.490427494049072,,3.380810260772705,,40,3.109617233276367,,46489
6.016024589538574,,3.121525764465332,,40,2.894498825073242,,46499
6.3080596923828125,,3.321916103363037,,40,2.9861438274383545,,46509
5.9645843505859375,,3.204659938812256,,40,2.7599246501922607,,46519
6.504669666290283,,3.4209649562835693,,40,3.083704710006714,,46529
5.9094133377075195,,3.1088757514953613,,40,2.800537586212158,,46539
6.1252851486206055,,3.2591893672943115,,40,2.866095781326294,,46549
6.175587177276611,,3.1605095863342285,,40,3.015077590942383,,46559
6.229233264923096,,3.262202739715576,,40,2.9670305252075195,,46569
6.291154861450195,,3.2446203231811523,,40,3.046534538269043,,46579
6.33515739440918,,3.287745475769043,,40,3.047412157058716,,46589
6.108288288116455,,3.2190439701080322,,40,2.889244318008423,,46599
6.159779071807861,,3.280202627182007,,40,2.8795764446258545,,46609
6.201508045196533,,3.254950523376465,,40,2.9465575218200684,,46619
6.291431427001953,,3.2673473358154297,,40,3.0240843296051025,,46629
5.92854118347168,,3.115077495574951,,40,2.8134634494781494,,46639
6.271846771240234,,3.2209863662719727,,40,3.0508601665496826,,46649
5.977234840393066,,3.1483473777770996,,40,2.828887462615967,,46659
6.289441108703613,,3.332083225250244,,40,2.95735764503479,,46669
6.599388122558594,,3.4270081520080566,,40,3.172379732131958,,46679
6.347835540771484,,3.297334671020508,,40,3.0505011081695557,,46689
6.239404678344727,,3.2769107818603516,,40,2.962493896484375,,46699
6.48740291595459,,3.3627147674560547,,40,3.124687910079956,,46709
6.178617477416992,,3.212653160095215,,40,2.9659645557403564,,46719
6.065095901489258,,3.2197389602661133,,40,2.8453571796417236,,46729
6.3840718269348145,,3.3483855724334717,,40,3.0356862545013428,,46739
6.145055294036865,,3.2726755142211914,,40,2.872379779815674,,46749
6.17378044128418,,3.243863105773926,,40,2.929917097091675,,46759
6.106034278869629,,3.2201926708221436,,40,2.8858416080474854,,46769
6.0341033935546875,,3.1471352577209473,,40,2.8869683742523193,,46779
6.116979598999023,,3.234853982925415,,40,2.8821256160736084,,46789
5.925556182861328,,3.1971511840820312,,40,2.728405237197876,,46799
6.043163299560547,,3.1789302825927734,,40,2.8642332553863525,,46809
6.066202640533447,,3.198366641998291,,40,2.8678359985351562,,46819
6.024475574493408,,3.2720413208007812,,40,2.752434253692627,,46829
5.932743072509766,,3.153228998184204,,40,2.7795138359069824,,46839
5.991350173950195,,3.199537754058838,,40,2.7918126583099365,,46849
6.1164655685424805,,3.1601552963256836,,40,2.956310272216797,,46859
6.205682754516602,,3.145064353942871,,40,3.0606184005737305,,46869
6.28795862197876,,3.2525744438171387,,40,3.035384178161621,,46879
6.287179470062256,,3.3195605278015137,,40,2.967618942260742,,46889
6.216312408447266,,3.160982608795166,,40,3.0553300380706787,,46899
6.169096946716309,,3.2736949920654297,,40,2.895402193069458,,46909
6.146475791931152,,3.261194944381714,,40,2.8852806091308594,,46919
6.360874176025391,,3.433394432067871,,40,2.9274795055389404,,46929
6.45743465423584,,3.435239315032959,,40,3.02219557762146,,46939
6.196386337280273,,3.2638144493103027,,40,2.93257212638855,,46949
6.244633197784424,,3.222210168838501,,40,3.022423028945923,,46959
6.202247142791748,,3.351747512817383,,40,2.8504996299743652,,46969
6.09527587890625,,3.192216634750366,,40,2.903059482574463,,46979
5.959023952484131,,3.150399923324585,,40,2.808624029159546,,46989
6.0873823165893555,,3.2146780490875244,,40,2.872704267501831,,46999
6.265923976898193,,3.328280210494995,,40,2.9376437664031982,,47009
6.188666343688965,,3.211225986480713,,40,2.977440118789673,,47019
6.124357223510742,,3.132634162902832,,40,2.991722822189331,,47029
6.131124973297119,,3.1628646850585938,,40,2.9682602882385254,,47039
6.4658708572387695,,3.384996175765991,,40,3.0808746814727783,,47049
6.192787170410156,,3.2462503910064697,,40,2.9465365409851074,,47059
6.264812469482422,,3.2385196685791016,,40,3.0262930393218994,,47069
6.046184062957764,,3.1943793296813965,,40,2.851804733276367,,47079
6.083859920501709,,3.165179967880249,,40,2.91867995262146,,47089
6.470959186553955,,3.293400287628174,,40,3.1775588989257812,,47099
6.063684940338135,,3.262204170227051,,40,2.801480770111084,,47109
5.854204177856445,,3.1558520793914795,,40,2.6983518600463867,,47119
6.297891616821289,,3.215088367462158,,40,3.0828030109405518,,47129
5.779797554016113,,3.0468857288360596,,40,2.732912063598633,,47139
6.112094879150391,,3.1662681102752686,,40,2.945826768875122,,47149
6.384549140930176,,3.3872833251953125,,40,2.997265577316284,,47159
6.313413619995117,,3.289640426635742,,40,3.023773193359375,,47169
6.056259632110596,,3.2708027362823486,,40,2.785456895828247,,47179
6.300683975219727,,3.341015338897705,,40,2.9596683979034424,,47189
5.8904314041137695,,3.107926607131958,,40,2.7825047969818115,,47199
6.364846706390381,,3.3376598358154297,,40,3.027186870574951,,47209
6.062560081481934,,3.209595203399658,,40,2.8529646396636963,,47219
6.2425312995910645,,3.2394073009490967,,40,3.0031239986419678,,47229
6.303852081298828,,3.2958877086639404,,40,3.007964611053467,,47239
6.292649269104004,,3.324594497680664,,40,2.968055009841919,,47249
6.111402988433838,,3.18044376373291,,40,2.9309592247009277,,47259
6.187215328216553,,3.2607154846191406,,40,2.926499843597412,,47269
,6.179121494293213,,3.2496869564056396,40,,2.9294345378875732,47272
5.98112154006958,,3.1643919944763184,,41,2.8167295455932617,,47279
6.591031551361084,,3.6285624504089355,,41,2.9624691009521484,,47289
6.086273193359375,,3.2801568508148193,,41,2.8061165809631348,,47299
5.982627868652344,,3.1761560440063477,,41,2.806471586227417,,47309
6.6094465255737305,,3.3687078952789307,,41,3.2407386302948,,47319
6.498678207397461,,3.303037166595459,,41,3.195641279220581,,47329
6.176797866821289,,3.307596445083618,,41,2.869201183319092,,47339
6.198034763336182,,3.387540340423584,,41,2.8104944229125977,,47349
6.053343296051025,,3.14437198638916,,41,2.9089713096618652,,47359
6.053836822509766,,3.252790927886963,,41,2.8010458946228027,,47369
6.209737777709961,,3.3236615657806396,,41,2.8860762119293213,,47379
6.114428997039795,,3.2898902893066406,,41,2.8245387077331543,,47389
5.991313934326172,,3.2177462577819824,,41,2.7735676765441895,,47399
6.2049455642700195,,3.2155556678771973,,41,2.9893898963928223,,47409
6.201032638549805,,3.2872133255004883,,41,2.9138190746307373,,47419
6.327530384063721,,3.2792696952819824,,41,3.0482606887817383,,47429
6.33151912689209,,3.299811840057373,,41,3.0317070484161377,,47439
6.605690956115723,,3.395885467529297,,41,3.2098052501678467,,47449
6.2384843826293945,,3.2258245944976807,,41,3.012660026550293,,47459
5.972658157348633,,3.130359172821045,,41,2.842299222946167,,47469
6.230935096740723,,3.2103171348571777,,41,3.020618200302124,,47479
5.977115631103516,,3.1743695735931396,,41,2.802745819091797,,47489
6.111400604248047,,3.1509599685668945,,41,2.9604403972625732,,47499
6.148874759674072,,3.1676244735717773,,41,2.981250286102295,,47509
6.065475940704346,,3.149301767349243,,41,2.9161741733551025,,47519
6.102088928222656,,3.2087135314941406,,41,2.8933756351470947,,47529
6.528244495391846,,3.459805488586426,,41,3.06843900680542,,47539
6.3357954025268555,,3.3499815464019775,,41,2.985813856124878,,47549
6.023362159729004,,3.126028537750244,,41,2.8973333835601807,,47559
6.074078559875488,,3.190943479537964,,41,2.8831350803375244,,47569
6.386639595031738,,3.2420711517333984,,41,3.144568681716919,,47579
6.152588844299316,,3.1767446994781494,,41,2.975844383239746,,47589
6.249853610992432,,3.255312919616699,,41,2.9945406913757324,,47599
6.161290645599365,,3.2032904624938965,,41,2.9580001831054688,,47609
6.12452507019043,,3.2249951362609863,,41,2.8995296955108643,,47619
5.931733131408691,,3.0887229442596436,,41,2.8430099487304688,,47629
6.417210578918457,,3.5275118350982666,,41,2.8896989822387695,,47639
5.902157783508301,,3.122861862182617,,41,2.7792961597442627,,47649
6.420845031738281,,3.3543477058410645,,41,3.0664970874786377,,47659
6.38928747177124,,3.3477783203125,,41,3.0415091514587402,,47669
6.151059627532959,,3.2520599365234375,,41,2.8989996910095215,,47679
6.098519802093506,,3.187772274017334,,41,2.910747528076172,,47689
6.198419094085693,,3.2084178924560547,,41,2.9900012016296387,,47699
5.773465156555176,,3.101059675216675,,41,2.672405481338501,,47709
6.55224609375,,3.499452590942383,,41,3.0527937412261963,,47719
6.149401664733887,,3.259070873260498,,41,2.8903307914733887,,47729
6.099748611450195,,3.317673683166504,,41,2.7820746898651123,,47739
6.096028804779053,,3.1315364837646484,,41,2.9644923210144043,,47749
6.013300895690918,,3.178879976272583,,41,2.834420919418335,,47759
6.100008010864258,,3.2066197395324707,,41,2.893388509750366,,47769
6.239162445068359,,3.2165660858154297,,41,3.0225963592529297,,47779
5.9021148681640625,,3.1087512969970703,,41,2.793363332748413,,47789
6.329416275024414,,3.240020751953125,,41,3.089395761489868,,47799
6.575690269470215,,3.4779253005981445,,41,3.0977652072906494,,47809
6.252616882324219,,3.2613863945007324,,41,2.9912302494049072,,47819
6.250593185424805,,3.267462730407715,,41,2.9831302165985107,,47829
6.105923652648926,,3.200801372528076,,41,2.9051222801208496,,47839
6.236818313598633,,3.313831329345703,,41,2.9229867458343506,,47849
6.235638618469238,,3.2420389652252197,,41,2.9935996532440186,,47859
6.225100040435791,,3.3487753868103027,,41,2.8763246536254883,,47869
6.356543064117432,,3.329160213470459,,41,3.0273828506469727,,47879
6.163651466369629,,3.145963430404663,,41,3.0176877975463867,,47889
6.629937171936035,,3.4053163528442383,,41,3.224621057510376,,47899
6.423006057739258,,3.3185973167419434,,41,3.1044089794158936,,47909
6.401023864746094,,3.3273348808288574,,41,3.0736887454986572,,47919
6.223417282104492,,3.192417621612549,,41,3.0309996604919434,,47929
6.088024616241455,,3.2383618354797363,,41,2.8496627807617188,,47939
6.033339977264404,,3.1565868854522705,,41,2.876753091812134,,47949
6.180026054382324,,3.2093610763549805,,41,2.9706647396087646,,47959
5.986414909362793,,3.1597447395324707,,41,2.826669931411743,,47969
6.387934684753418,,3.3729023933410645,,41,3.0150320529937744,,47979
5.980894088745117,,3.0966362953186035,,41,2.8842580318450928,,47989
6.3518476486206055,,3.3479838371276855,,41,3.003863573074341,,47999
6.142137050628662,,3.309859275817871,,41,2.832277774810791,,48009
6.222959518432617,,3.3730149269104004,,41,2.8499443531036377,,48019
6.11746072769165,,3.2112503051757812,,41,2.906210422515869,,48029
6.3119916915893555,,3.3736491203308105,,41,2.938342571258545,,48039
6.258892059326172,,3.279726505279541,,41,2.97916579246521,,48049
6.070549964904785,,3.222327709197998,,41,2.848222255706787,,48059
5.98796272277832,,3.1516852378845215,,41,2.8362772464752197,,48069
6.086897850036621,,3.2220957279205322,,41,2.864802360534668,,48079
6.398249626159668,,3.3687000274658203,,41,3.0295493602752686,,48089
6.23408317565918,,3.261512517929077,,41,2.9725704193115234,,48099
6.2354559898376465,,3.3297901153564453,,41,2.905665874481201,,48109
6.1039509773254395,,3.205939292907715,,41,2.8980116844177246,,48119
6.239604949951172,,3.250441789627075,,41,2.9891631603240967,,48129
6.382598400115967,,3.39461088180542,,41,2.987987518310547,,48139
5.984494209289551,,3.211398124694824,,41,2.7730960845947266,,48149
6.1936211585998535,,3.2533910274505615,,41,2.940230131149292,,48159
6.154735565185547,,3.2101492881774902,,41,2.9445865154266357,,48169
6.178647041320801,,3.225369691848755,,41,2.953277587890625,,48179
6.295294761657715,,3.379164457321167,,41,2.916130542755127,,48189
6.196103096008301,,3.2567028999328613,,41,2.9394004344940186,,48199
6.182572364807129,,3.2922024726867676,,41,2.8903701305389404,,48209
5.995951175689697,,3.1853227615356445,,41,2.8106284141540527,,48219
6.47939395904541,,3.3670599460601807,,41,3.1123337745666504,,48229
6.276163578033447,,3.3583338260650635,,41,2.917829751968384,,48239
6.145293712615967,,3.2891793251037598,,41,2.856114387512207,,48249
6.103555202484131,,3.185758590698242,,41,2.9177966117858887,,48259
6.499286651611328,,3.2355380058288574,,41,3.26374888420105,,48269
6.035106658935547,,3.166210889816284,,41,2.868896007537842,,48279
6.1142659187316895,,3.166515588760376,,41,2.9477503299713135,,48289
5.925772666931152,,3.143441915512085,,41,2.7823309898376465,,48299
6.0613274574279785,,3.159092903137207,,41,2.9022345542907715,,48309
6.077315330505371,,3.236283302307129,,41,2.841031789779663,,48319
6.238125801086426,,3.2890491485595703,,41,2.9490766525268555,,48329
5.988772392272949,,3.171968460083008,,41,2.8168036937713623,,48339
6.103748798370361,,3.208017587661743,,41,2.895731210708618,,48349
6.431768417358398,,3.403900623321533,,41,3.0278677940368652,,48359
6.173873424530029,,3.2599666118621826,,41,2.9139068126678467,,48369
6.483117580413818,,3.390414237976074,,41,3.092703342437744,,48379
6.589397430419922,,3.5439109802246094,,41,3.0454862117767334,,48389
6.242614269256592,,3.339751720428467,,41,2.902862548828125,,48399
6.278731346130371,,3.2785582542419434,,41,3.0001730918884277,,48409
5.9673848152160645,,3.1973342895507812,,41,2.770050525665283,,48419
,6.17259407043457,,3.246715545654297,41,,2.9258785247802734,48425
6.13228178024292,,3.2068371772766113,,42,2.9254446029663086,,48429
5.8158135414123535,,3.1238913536071777,,42,2.691922187805176,,48439
6.2141947746276855,,3.249143600463867,,42,2.9650511741638184,,48449
6.121437072753906,,3.1799662113189697,,42,2.9414708614349365,,48459
6.081733703613281,,3.1655311584472656,,42,2.9162023067474365,,48469
6.359710693359375,,3.4662351608276367,,42,2.8934755325317383,,48479
6.192798614501953,,3.1610188484191895,,42,3.0317797660827637,,48489
6.48292875289917,,3.3535091876983643,,42,3.1294195652008057,,48499
5.928504943847656,,3.159191370010376,,42,2.769313335418701,,48509
6.058079719543457,,3.1726574897766113,,42,2.885422468185425,,48519
6.259280681610107,,3.243283748626709,,42,3.0159969329833984,,48529
5.964298725128174,,3.1892988681793213,,42,2.7749998569488525,,48539
6.215541839599609,,3.3360350131988525,,42,2.879507064819336,,48549
6.010479927062988,,3.1868960857391357,,42,2.8235838413238525,,48559
6.384035110473633,,3.257449150085449,,42,3.1265861988067627,,48569
6.167556285858154,,3.1465377807617188,,42,3.0210185050964355,,48579
6.284008026123047,,3.4500980377197266,,42,2.8339102268218994,,48589
6.286672592163086,,3.298798084259033,,42,2.9878742694854736,,48599
5.941291809082031,,3.1388916969299316,,42,2.8024003505706787,,48609
6.198260307312012,,3.277134895324707,,42,2.921125650405884,,48619
6.304225921630859,,3.3272242546081543,,42,2.977001905441284,,48629
6.042139053344727,,3.2581372261047363,,42,2.7840018272399902,,48639
6.382974624633789,,3.390939712524414,,42,2.992034912109375,,48649
6.025373458862305,,3.210235118865967,,42,2.815138578414917,,48659
6.136396408081055,,3.297107696533203,,42,2.8392889499664307,,48669
6.253981590270996,,3.2124438285827637,,42,3.0415377616882324,,48679
6.215253829956055,,3.2743186950683594,,42,2.9409353733062744,,48689
6.167165279388428,,3.2525839805603027,,42,2.914581298828125,,48699
6.174221038818359,,3.1648435592651367,,42,3.0093777179718018,,48709
6.143163204193115,,3.238591194152832,,42,2.904572010040283,,48719
6.050649642944336,,3.195834159851074,,42,2.854815721511841,,48729
5.970762252807617,,3.120856761932373,,42,2.849905252456665,,48739
6.1466064453125,,3.219911813735962,,42,2.926694631576538,,48749
6.310183048248291,,3.1782827377319336,,42,3.1319003105163574,,48759
6.153404235839844,,3.2163472175598145,,42,2.93705677986145,,48769
6.079639434814453,,3.1959283351898193,,42,2.883711099624634,,48779
5.978055477142334,,3.1602489948272705,,42,2.8178064823150635,,48789
6.212329864501953,,3.191007375717163,,42,3.02132248878479,,48799
6.266833782196045,,3.392773151397705,,42,2.87406063079834,,48809
6.345564842224121,,3.2635719776153564,,42,3.0819931030273438,,48819
6.0016865730285645,,3.1596202850341797,,42,2.8420662879943848,,48829
6.289331912994385,,3.3092000484466553,,42,2.9801318645477295,,48839
5.979443550109863,,3.2461516857147217,,42,2.7332921028137207,,48849
6.095825672149658,,3.1946496963500977,,42,2.9011759757995605,,48859
6.363111972808838,,3.3175392150878906,,42,3.0455727577209473,,48869
6.044857025146484,,3.2539916038513184,,42,2.790865182876587,,48879
6.392112731933594,,3.470503568649292,,42,2.921609401702881,,48889
6.232903480529785,,3.3160507678985596,,42,2.9168524742126465,,48899
6.0958147048950195,,3.2635421752929688,,42,2.8322722911834717,,48909
6.243616580963135,,3.3377881050109863,,42,2.9058284759521484,,48919
6.1196794509887695,,3.1970062255859375,,42,2.922672986984253,,48929
6.360433578491211,,3.3675360679626465,,42,2.9928975105285645,,48939
6.117318153381348,,3.269153356552124,,42,2.8481650352478027,,48949
6.269942283630371,,3.4701504707336426,,42,2.7997918128967285,,48959
6.495748519897461,,3.4262661933898926,,42,3.0694820880889893,,48969
6.331052780151367,,3.207129955291748,,42,3.1239230632781982,,48979
6.172679901123047,,3.1698479652404785,,42,3.0028321743011475,,48989
6.118826866149902,,3.211641788482666,,42,2.9071853160858154,,48999
6.417092323303223,,3.289426565170288,,42,3.1276659965515137,,49009
6.241591453552246,,3.245133876800537,,42,2.996457576751709,,49019
6.00284481048584,,3.255061149597168,,42,2.7477834224700928,,49029
6.124950408935547,,3.21271014213562,,42,2.9122402667999268,,49039
6.068169593811035,,3.1478488445281982,,42,2.920320510864258,,49049
6.069276809692383,,3.258355140686035,,42,2.8109214305877686,,49059
6.109650611877441,,3.245655059814453,,42,2.8639955520629883,,49069
5.942422866821289,,3.12136173248291,,42,2.821061134338379,,49079
6.264052867889404,,3.2946290969848633,,42,2.969423770904541,,49089
6.3553900718688965,,3.445995569229126,,42,2.9093945026397705,,49099
6.184479713439941,,3.2674753665924072,,42,2.917004346847534,,49109
6.3783674240112305,,3.399869441986084,,42,2.9784977436065674,,49119
6.215862274169922,,3.1946451663970947,,42,3.021216869354248,,49129
6.3747100830078125,,3.508744716644287,,42,2.8659656047821045,,49139
6.340020179748535,,3.210186243057251,,42,3.129833936691284,,49149
6.28378963470459,,3.2721898555755615,,42,3.0116000175476074,,49159
6.213059425354004,,3.2486815452575684,,42,2.9643778800964355,,49169
6.109241008758545,,3.1942853927612305,,42,2.9149556159973145,,49179
6.285342216491699,,3.3244102001190186,,42,2.9609320163726807,,49189
6.181387901306152,,3.2393999099731445,,42,2.9419877529144287,,49199
6.062356948852539,,3.198343276977539,,42,2.864013433456421,,49209
5.993089199066162,,3.2046337127685547,,42,2.7884554862976074,,49219
6.108772277832031,,3.2327394485473633,,42,2.876032829284668,,49229
5.936676025390625,,3.1823296546936035,,42,2.7543463706970215,,49239
6.292344093322754,,3.2528791427612305,,42,3.0394651889801025,,49249
5.832200050354004,,3.1138148307800293,,42,2.7183854579925537,,49259
6.112666130065918,,3.167635917663574,,42,2.9450302124023438,,49269
6.364734649658203,,3.2676796913146973,,42,3.097055196762085,,49279
6.086129188537598,,3.1467154026031494,,42,2.939413547515869,,49289
6.181689739227295,,3.2761809825897217,,42,2.9055087566375732,,49299
6.287275314331055,,3.2806172370910645,,42,3.006657838821411,,49309
6.360516548156738,,3.344041109085083,,42,3.0164754390716553,,49319
6.083806037902832,,3.156416416168213,,42,2.927389621734619,,49329
6.1226348876953125,,3.1577186584472656,,42,2.964916467666626,,49339
6.169620990753174,,3.2032933235168457,,42,2.966327667236328,,49349
6.067968368530273,,3.1691501140594482,,42,2.898818254470825,,49359
6.188709259033203,,3.248737335205078,,42,2.939971685409546,,49369
6.071084976196289,,3.2138965129852295,,42,2.8571887016296387,,49379
6.340619087219238,,3.3049557209014893,,42,3.03566312789917,,49389
6.273238182067871,,3.285125732421875,,42,2.988112211227417,,49399
6.390242576599121,,3.347590446472168,,42,3.0426523685455322,,49409
6.114332675933838,,3.2521519660949707,,42,2.862180709838867,,49419
6.159940242767334,,3.166200637817383,,42,2.993739604949951,,49429
6.033031463623047,,3.2026515007019043,,42,2.8303797245025635,,49439
6.1853485107421875,,3.382249355316162,,42,2.8030991554260254,,49449
6.260899066925049,,3.4368677139282227,,42,2.824031352996826,,49459
6.349452495574951,,3.2863168716430664,,42,3.0631356239318848,,49469
6.244878768920898,,3.312446355819702,,42,2.9324324131011963,,49479
6.1227827072143555,,3.1205992698669434,,42,3.002183675765991,,49489
6.058994293212891,,3.151480197906494,,42,2.9075140953063965,,49499
6.404435157775879,,3.316678762435913,,42,3.087756395339966,,49509
6.380356788635254,,3.4175877571105957,,42,2.962769031524658,,49519
5.772695541381836,,3.0529820919036865,,42,2.7197134494781494,,49529
6.061330795288086,,3.249040126800537,,42,2.8122904300689697,,49539
6.285519123077393,,3.404050350189209,,42,2.8814687728881836,,49549
6.141543388366699,,3.187239408493042,,42,2.9543039798736572,,49559
6.1324782371521,,3.305307388305664,,42,2.8271708488464355,,49569
,6.174839019775391,,3.2445309162139893,42,,2.9303081035614014,49578
6.177038192749023,,3.233956813812256,,43,2.9430816173553467,,49579
6.18429708480835,,3.2658331394195557,,43,2.918463945388794,,49589
5.989030838012695,,3.1108779907226562,,43,2.878152847290039,,49599
6.359888076782227,,3.369429349899292,,43,2.9904584884643555,,49609
6.317377090454102,,3.2673850059509277,,43,3.0499918460845947,,49619
6.264552116394043,,3.1601428985595703,,43,3.1044089794158936,,49629
6.213229179382324,,3.1852054595947266,,43,3.0280234813690186,,49639
6.241987228393555,,3.1890153884887695,,43,3.052971601486206,,49649
6.271513938903809,,3.3010315895080566,,43,2.970482349395752,,49659
6.240976333618164,,3.316546678543091,,43,2.9244298934936523,,49669
6.287252426147461,,3.2710773944854736,,43,3.016174793243408,,49679
6.242593765258789,,3.1698670387268066,,43,3.0727267265319824,,49689
6.122237682342529,,3.258007049560547,,43,2.8642306327819824,,49699
6.104262351989746,,3.186582565307617,,43,2.917680025100708,,49709
6.085051536560059,,3.238856554031372,,43,2.8461952209472656,,49719
5.954761505126953,,3.223452091217041,,43,2.731309175491333,,49729
6.370328903198242,,3.354304313659668,,43,3.016024589538574,,49739
6.5550336837768555,,3.5083603858947754,,43,3.046673536300659,,49749
6.19960880279541,,3.158174753189087,,43,3.0414340496063232,,49759
6.111199378967285,,3.173725128173828,,43,2.937474489212036,,49769
6.075923919677734,,3.1806232929229736,,43,2.89530086517334,,49779
6.283369064331055,,3.19783878326416,,43,3.0855300426483154,,49789
6.350584983825684,,3.2350244522094727,,43,3.11556077003479,,49799
6.0234904289245605,,3.182732582092285,,43,2.8407578468322754,,49809
6.1449785232543945,,3.1469309329986572,,43,2.9980475902557373,,49819
6.020530700683594,,3.182229995727539,,43,2.838300943374634,,49829
6.316981315612793,,3.288465976715088,,43,3.028515577316284,,49839
6.264980316162109,,3.3639683723449707,,43,2.9010119438171387,,49849
6.059407711029053,,3.1190178394317627,,43,2.94038987159729,,49859
6.076949119567871,,3.2216105461120605,,43,2.8553385734558105,,49869
5.912154197692871,,3.1283488273620605,,43,2.7838051319122314,,49879
6.147457122802734,,3.2839808464050293,,43,2.863476276397705,,49889
6.103953838348389,,3.2601170539855957,,43,2.843836784362793,,49899
6.36552619934082,,3.3303511142730713,,43,3.035175323486328,,49909
6.260727405548096,,3.318535327911377,,43,2.9421920776367188,,49919
6.112252235412598,,3.230557441711426,,43,2.881695032119751,,49929
6.545562267303467,,3.500885009765625,,43,3.044677257537842,,49939
6.232604026794434,,3.2277894020080566,,43,3.004814863204956,,49949
6.351637840270996,,3.3414478302001953,,43,3.0101897716522217,,49959
6.343512535095215,,3.334174633026123,,43,3.009337902069092,,49969
6.17547607421875,,3.339175224304199,,43,2.8363006114959717,,49979
6.059268951416016,,3.1589736938476562,,43,2.9002954959869385,,49989
6.30401611328125,,3.336209297180176,,43,2.9678070545196533,,49999
5.916375160217285,,3.0475656986236572,,43,2.868809700012207,,50009
6.1370744705200195,,3.204179525375366,,43,2.932894706726074,,50019
6.1356706619262695,,3.267605781555176,,43,2.8680648803710938,,50029
6.404544830322266,,3.306453227996826,,43,3.0980916023254395,,50039
5.748397350311279,,3.125443935394287,,43,2.622953414916992,,50049
6.248023986816406,,3.211988925933838,,43,3.0360352993011475,,50059
6.375065803527832,,3.3283863067626953,,43,3.0466794967651367,,50069
6.08879280090332,,3.187775135040283,,43,2.901017904281616,,50079
6.243154525756836,,3.286993980407715,,43,2.956160545349121,,50089
5.923745155334473,,3.288785219192505,,43,2.6349596977233887,,50099
6.213166236877441,,3.2018139362335205,,43,3.011352062225342,,50109
6.320972442626953,,3.2339248657226562,,43,3.0870473384857178,,50119
6.25684928894043,,3.3895249366760254,,43,2.8673243522644043,,50129
5.9829535484313965,,3.2377684116363525,,43,2.745185136795044,,50139
6.157227039337158,,3.2630395889282227,,43,2.8941874504089355,,50149
6.313443183898926,,3.379556894302368,,43,2.9338862895965576,,50159
6.283061981201172,,3.305480480194092,,43,2.977581262588501,,50169
6.407020568847656,,3.4753353595733643,,43,2.931685209274292,,50179
5.947183609008789,,3.1368906497955322,,43,2.8102927207946777,,50189
6.614291191101074,,3.5203778743743896,,43,3.0939135551452637,,50199
5.894591808319092,,3.140717029571533,,43,2.7538747787475586,,50209
6.122034549713135,,3.1946122646331787,,43,2.927422285079956,,50219
6.1731648445129395,,3.1991360187530518,,43,2.9740288257598877,,50229
6.019927024841309,,3.2418596744537354,,43,2.778067111968994,,50239
5.916655540466309,,3.188103675842285,,43,2.7285518646240234,,50249
6.221881866455078,,3.290343999862671,,43,2.9315381050109863,,50259
6.115238189697266,,3.2004942893981934,,43,2.9147439002990723,,50269
6.087796211242676,,3.1738228797912598,,43,2.913973569869995,,50279
6.245614528656006,,3.376311779022217,,43,2.869302749633789,,50289
6.384424209594727,,3.298205852508545,,43,3.0862185955047607,,50299
6.200360298156738,,3.2219812870025635,,43,2.978379011154175,,50309
6.258116722106934,,3.2523033618927,,43,3.0058135986328125,,50319
6.038196563720703,,3.241715908050537,,43,2.796480417251587,,50329
6.19362735748291,,3.2417025566101074,,43,2.9519245624542236,,50339
6.099270343780518,,3.244359016418457,,43,2.8549113273620605,,50349
6.338907241821289,,3.4878058433532715,,43,2.8511011600494385,,50359
6.254674434661865,,3.232491970062256,,43,3.0221824645996094,,50369
6.0915679931640625,,3.2372379302978516,,43,2.85433030128479,,50379
6.044456481933594,,3.206791400909424,,43,2.837665319442749,,50389
6.080941200256348,,3.2221529483795166,,43,2.858788013458252,,50399
6.57932186126709,,3.4814486503601074,,43,3.0978734493255615,,50409
6.126646995544434,,3.1613852977752686,,43,2.965261697769165,,50419
6.207864761352539,,3.206240653991699,,43,3.00162410736084,,50429
6.162688255310059,,3.1409177780151367,,43,3.0217702388763428,,50439
5.921285152435303,,3.1439638137817383,,43,2.7773213386535645,,50449
6.168933868408203,,3.2744364738464355,,43,2.8944973945617676,,50459
6.097145080566406,,3.204540252685547,,43,2.8926048278808594,,50469
6.188907623291016,,3.3030834197998047,,43,2.885824203491211,,50479
6.036301136016846,,3.123887538909912,,43,2.9124135971069336,,50489
6.206600666046143,,3.3075473308563232,,43,2.8990533351898193,,50499
6.0492377281188965,,3.1797285079956055,,43,2.869509220123291,,50509
6.215062141418457,,3.32174015045166,,43,2.8933217525482178,,50519
6.289201736450195,,3.2610244750976562,,43,3.02817702293396,,50529
6.12889289855957,,3.245638847351074,,43,2.883253812789917,,50539
6.3604936599731445,,3.398855447769165,,43,2.9616384506225586,,50549
6.220424175262451,,3.2174675464630127,,43,3.0029566287994385,,50559
6.05481481552124,,3.1501259803771973,,43,2.904688835144043,,50569
6.260180473327637,,3.399254083633423,,43,2.8609261512756348,,50579
6.226672649383545,,3.2707481384277344,,43,2.9559245109558105,,50589
6.013940811157227,,3.145853042602539,,43,2.8680875301361084,,50599
6.023558616638184,,3.2088818550109863,,43,2.814676523208618,,50609
5.797700881958008,,3.0919086933135986,,43,2.70579195022583,,50619
6.349499702453613,,3.407949447631836,,43,2.9415504932403564,,50629
6.177807807922363,,3.1967153549194336,,43,2.981092691421509,,50639
6.114012718200684,,3.265749216079712,,43,2.8482635021209717,,50649
6.132792949676514,,3.1853439807891846,,43,2.947448968887329,,50659
6.39161491394043,,3.394681453704834,,43,2.996933698654175,,50669
6.255751609802246,,3.2267537117004395,,43,3.0289978981018066,,50679
6.008666038513184,,3.1374154090881348,,43,2.871250867843628,,50689
6.229410171508789,,3.260716199874878,,43,2.968693733215332,,50699
6.156609535217285,,3.3070802688598633,,43,2.8495290279388428,,50709
6.171347618103027,,3.3684372901916504,,43,2.802910566329956,,50719
6.134366989135742,,3.158018112182617,,43,2.976348876953125,,50729
,6.180397033691406,,3.2418510913848877,43,,2.9385457038879395,50731
6.182324409484863,,3.146981716156006,,44,3.0353429317474365,,50739
6.012524604797363,,3.2027697563171387,,44,2.8097550868988037,,50749
5.963726043701172,,3.285766839981079,,44,2.6779592037200928,,50759
5.970416069030762,,3.170485019683838,,44,2.7999308109283447,,50769
6.153783798217773,,3.311312437057495,,44,2.842471122741699,,50779
6.244563579559326,,3.201439380645752,,44,3.043124198913574,,50789
6.097897529602051,,3.2126195430755615,,44,2.8852782249450684,,50799
5.960646629333496,,3.148766279220581,,44,2.811880350112915,,50809
5.835137844085693,,3.106538772583008,,44,2.7285990715026855,,50819
6.448136329650879,,3.2657647132873535,,44,3.1823718547821045,,50829
6.231066703796387,,3.199277639389038,,44,3.0317888259887695,,50839
6.397820472717285,,3.219878673553467,,44,3.1779420375823975,,50849
6.242420196533203,,3.2154030799865723,,44,3.02701735496521,,50859
5.869378089904785,,3.1308343410491943,,44,2.7385435104370117,,50869
6.246729850769043,,3.182711124420166,,44,3.064018487930298,,50879
6.138521194458008,,3.195338726043701,,44,2.9431822299957275,,50889
6.215283393859863,,3.2696406841278076,,44,2.9456429481506348,,50899
6.015289306640625,,3.226679563522339,,44,2.7886099815368652,,50909
6.3445515632629395,,3.2828116416931152,,44,3.061739921569824,,50919
6.430203914642334,,3.329340934753418,,44,3.100862979888916,,50929
6.097338676452637,,3.2240238189697266,,44,2.873314619064331,,50939
5.87303352355957,,3.1074910163879395,,44,2.765542507171631,,50949
6.090889930725098,,3.2181453704833984,,44,2.872744560241699,,50959
5.779207229614258,,3.1647439002990723,,44,2.6144635677337646,,50969
6.313953876495361,,3.3324618339538574,,44,2.981492042541504,,50979
6.257723808288574,,3.3164901733398438,,44,2.9412336349487305,,50989
6.095625400543213,,3.2329752445220947,,44,2.862650156021118,,50999
6.111519813537598,,3.2073135375976562,,44,2.9042060375213623,,51009
5.944314002990723,,3.130084276199341,,44,2.8142294883728027,,51019
6.193470478057861,,3.177334785461426,,44,3.0161356925964355,,51029
6.03397274017334,,3.236283302307129,,44,2.79768967628479,,51039
6.432520866394043,,3.259434223175049,,44,3.173086404800415,,51049
6.274876594543457,,3.275388717651367,,44,2.9994876384735107,,51059
6.19999361038208,,3.2300899028778076,,44,2.9699037075042725,,51069
6.203984260559082,,3.213026523590088,,44,2.990957498550415,,51079
5.926891326904297,,3.1937618255615234,,44,2.7331292629241943,,51089
6.125427722930908,,3.1482784748077393,,44,2.977149248123169,,51099
6.483063697814941,,3.4505615234375,,44,3.0325019359588623,,51109
5.999556064605713,,3.1549911499023438,,44,2.844564914703369,,51119
6.031318664550781,,3.177123546600342,,44,2.8541951179504395,,51129
6.318896293640137,,3.2674598693847656,,44,3.051436185836792,,51139
6.246740341186523,,3.3353092670440674,,44,2.911431074142456,,51149
6.000295162200928,,3.1881160736083984,,44,2.8121790885925293,,51159
6.325007438659668,,3.3136959075927734,,44,3.0113115310668945,,51169
5.998631954193115,,3.1878767013549805,,44,2.8107552528381348,,51179
6.376626014709473,,3.316528797149658,,44,3.0600974559783936,,51189
6.244739055633545,,3.2079737186431885,,44,3.0367653369903564,,51199
6.263615608215332,,3.2444496154785156,,44,3.0191662311553955,,51209
6.201001167297363,,3.253739595413208,,44,2.947261333465576,,51219
6.159465312957764,,3.285767078399658,,44,2.8736982345581055,,51229
5.973941326141357,,3.137828826904297,,44,2.8361124992370605,,51239
5.9276533126831055,,3.1365251541137695,,44,2.791128396987915,,51249
6.129197120666504,,3.2329063415527344,,44,2.8962905406951904,,51259
6.31734561920166,,3.386192798614502,,44,2.931152820587158,,51269
6.1630635261535645,,3.213803768157959,,44,2.9492597579956055,,51279
6.079942226409912,,3.2244176864624023,,44,2.8555245399475098,,51289
6.5380940437316895,,3.5633599758148193,,44,2.97473406791687,,51299
6.286822319030762,,3.295471429824829,,44,2.9913511276245117,,51309
6.241923809051514,,3.2249295711517334,,44,3.0169942378997803,,51319
6.300046920776367,,3.284269094467163,,44,3.015777826309204,,51329
6.088287353515625,,3.2294325828552246,,44,2.8588550090789795,,51339
6.13372802734375,,3.241910696029663,,44,2.891817569732666,,51349
6.407931327819824,,3.3097400665283203,,44,3.098191261291504,,51359
6.230517387390137,,3.3198485374450684,,44,2.9106686115264893,,51369
6.390005111694336,,3.386817455291748,,44,3.003187417984009,,51379
6.512732028961182,,3.447680711746216,,44,3.065051317214966,,51389
6.402326583862305,,3.2026355266571045,,44,3.1996912956237793,,51399
5.92496919631958,,3.0900583267211914,,44,2.8349108695983887,,51409
6.175730228424072,,3.1934967041015625,,44,2.9822335243225098,,51419
6.034195899963379,,3.201140880584717,,44,2.833054780960083,,51429
6.141513824462891,,3.249803066253662,,44,2.8917107582092285,,51439
5.852042198181152,,3.0848469734191895,,44,2.767194986343384,,51449
6.150215148925781,,3.2052743434906006,,44,2.9449405670166016,,51459
6.118306636810303,,3.2353742122650146,,44,2.882932424545288,,51469
6.357477188110352,,3.2607812881469727,,44,3.096695899963379,,51479
6.033637046813965,,3.257223606109619,,44,2.776413679122925,,51489
6.184818267822266,,3.2803876399993896,,44,2.904430627822876,,51499
6.161961078643799,,3.2077226638793945,,44,2.9542384147644043,,51509
6.398102760314941,,3.3240504264831543,,44,3.074052572250366,,51519
6.129281997680664,,3.1609787940979004,,44,2.9683034420013428,,51529
6.091009616851807,,3.2875237464904785,,44,2.803485870361328,,51539
6.051558494567871,,3.1866140365600586,,44,2.8649444580078125,,51549
6.21845817565918,,3.2241034507751465,,44,2.994354724884033,,51559
6.192717552185059,,3.24951171875,,44,2.9432055950164795,,51569
6.091273784637451,,3.290753126144409,,44,2.800520658493042,,51579
6.134112358093262,,3.1901421546936035,,44,2.943970203399658,,51589
6.097487449645996,,3.2112321853637695,,44,2.8862555027008057,,51599
6.109194278717041,,3.1809699535369873,,44,2.9282243251800537,,51609
6.221260070800781,,3.28436279296875,,44,2.9368975162506104,,51619
6.059593200683594,,3.20460844039917,,44,2.8549845218658447,,51629
6.045759201049805,,3.2016818523406982,,44,2.8440775871276855,,51639
6.303016662597656,,3.286888837814331,,44,3.016127824783325,,51649
5.971097469329834,,3.1121959686279297,,44,2.8589015007019043,,51659
5.833090782165527,,3.117341995239258,,44,2.7157485485076904,,51669
5.88214111328125,,3.179624557495117,,44,2.702516794204712,,51679
6.10230016708374,,3.1569466590881348,,44,2.9453535079956055,,51689
6.167901992797852,,3.19498348236084,,44,2.9729185104370117,,51699
6.175443649291992,,3.202974319458008,,44,2.9724695682525635,,51709
6.184866905212402,,3.3022689819335938,,44,2.8825976848602295,,51719
6.294897079467773,,3.206681489944458,,44,3.0882153511047363,,51729
5.919693946838379,,3.1549878120422363,,44,2.7647063732147217,,51739
5.965294361114502,,3.187162399291992,,44,2.7781319618225098,,51749
5.8604021072387695,,3.1045804023742676,,44,2.755821704864502,,51759
6.483514785766602,,3.389169216156006,,44,3.094345808029175,,51769
6.217794895172119,,3.2598955631256104,,44,2.957899332046509,,51779
6.277118682861328,,3.230389356613159,,44,3.046729326248169,,51789
6.1012749671936035,,3.1627542972564697,,44,2.938520669937134,,51799
6.374222755432129,,3.3262648582458496,,44,3.0479576587677,,51809
6.290128707885742,,3.288910150527954,,44,3.001218795776367,,51819
6.386394500732422,,3.4624545574188232,,44,2.9239401817321777,,51829
6.3214006423950195,,3.2537357807159424,,44,3.067664623260498,,51839
5.806781768798828,,3.0961456298828125,,44,2.7106361389160156,,51849
6.404510021209717,,3.2952470779418945,,44,3.1092629432678223,,51859
6.363380432128906,,3.48921275138855,,44,2.8741679191589355,,51869
6.546682834625244,,3.4552645683288574,,44,3.0914182662963867,,51879
,6.167716979980469,,3.2394533157348633,44,,2.9282636642456055,51884
6.22177791595459,,3.253175973892212,,45,2.968601703643799,,51889
6.069507598876953,,3.1424145698547363,,45,2.9270927906036377,,51899
6.5621442794799805,,3.40077543258667,,45,3.1613690853118896,,51909
6.073543548583984,,3.124617576599121,,45,2.9489259719848633,,51919
6.063399314880371,,3.1611835956573486,,45,2.9022159576416016,,51929
5.900941848754883,,3.139150619506836,,45,2.761791467666626,,51939
6.282901763916016,,3.323023557662964,,45,2.959878444671631,,51949
5.875704765319824,,3.089005947113037,,45,2.786698579788208,,51959
6.1871137619018555,,3.201960802078247,,45,2.9851527214050293,,51969
5.973819255828857,,3.1528382301330566,,45,2.820981025695801,,51979
6.282870292663574,,3.3653464317321777,,45,2.9175238609313965,,51989
6.198644161224365,,3.341498851776123,,45,2.857145309448242,,51999
6.351306438446045,,3.330343723297119,,45,3.020962715148926,,52009
6.1067914962768555,,3.2150063514709473,,45,2.8917853832244873,,52019
6.195762634277344,,3.3014776706695557,,45,2.894285202026367,,52029
5.993898391723633,,3.147861957550049,,45,2.846036672592163,,52039
6.2775559425354,,3.352725028991699,,45,2.924830913543701,,52049
6.080297470092773,,3.1879091262817383,,45,2.892388343811035,,52059
6.0072736740112305,,3.1920993328094482,,45,2.8151743412017822,,52069
6.206376075744629,,3.233682155609131,,45,2.972693920135498,,52079
5.882267475128174,,3.138160467147827,,45,2.7441070079803467,,52089
6.021128177642822,,3.173283576965332,,45,2.8478446006774902,,52099
6.0725202560424805,,3.1187143325805664,,45,2.953805685043335,,52109
6.392825126647949,,3.510187864303589,,45,2.8826370239257812,,52119
5.931704521179199,,3.1453144550323486,,45,2.7863903045654297,,52129
6.261379718780518,,3.2147669792175293,,45,3.0466127395629883,,52139
5.970844268798828,,3.1775009632110596,,45,2.7933430671691895,,52149
6.107849597930908,,3.1805038452148438,,45,2.9273457527160645,,52159
6.277266025543213,,3.2127392292022705,,45,3.0645267963409424,,52169
6.158787727355957,,3.2206168174743652,,45,2.938170909881592,,52179
6.1874542236328125,,3.3025264739990234,,45,2.884927988052368,,52189
6.1978936195373535,,3.2851405143737793,,45,2.912753105163574,,52199
6.198880195617676,,3.196333885192871,,45,3.002546548843384,,52209
6.3967790603637695,,3.3361921310424805,,45,3.06058669090271,,52219
6.180985450744629,,3.257424831390381,,45,2.923560619354248,,52229
6.175838470458984,,3.129117965698242,,45,3.046720504760742,,52239
6.376626968383789,,3.2839746475219727,,45,3.0926520824432373,,52249
5.999455451965332,,3.2443056106567383,,45,2.7551498413085938,,52259
6.13552188873291,,3.2433831691741943,,45,2.892138719558716,,52269
6.1731367111206055,,3.2909798622131348,,45,2.88215708732605,,52279
5.988360404968262,,3.2346363067626953,,45,2.7537243366241455,,52289
6.322343826293945,,3.3727431297302246,,45,2.9496006965637207,,52299
6.0339131355285645,,3.1825690269470215,,45,2.851344108581543,,52309
6.155235290527344,,3.2860522270202637,,45,2.869183301925659,,52319
6.101260185241699,,3.1779322624206543,,45,2.923328161239624,,52329
6.113279342651367,,3.2846198081970215,,45,2.8286595344543457,,52339
6.077053070068359,,3.1534833908081055,,45,2.923569440841675,,52349
5.986725807189941,,3.125173568725586,,45,2.8615522384643555,,52359
6.158322334289551,,3.246039628982544,,45,2.912282705307007,,52369
6.058265686035156,,3.2799878120422363,,45,2.778277635574341,,52379
6.141221046447754,,3.18815279006958,,45,2.953068256378174,,52389
6.126388072967529,,3.2703189849853516,,45,2.8560690879821777,,52399
5.996165752410889,,3.1907501220703125,,45,2.805415630340576,,52409
6.182744979858398,,3.2978596687316895,,45,2.884885549545288,,52419
6.1687774658203125,,3.30122709274292,,45,2.8675506114959717,,52429
6.018321990966797,,3.1801557540893555,,45,2.8381659984588623,,52439
6.250254154205322,,3.245079755783081,,45,3.005174398422241,,52449
6.025346755981445,,3.1953043937683105,,45,2.830042600631714,,52459
5.926016807556152,,3.152060031890869,,45,2.7739570140838623,,52469
6.161249160766602,,3.221792221069336,,45,2.9394571781158447,,52479
5.955202102661133,,3.0533671379089355,,45,2.9018349647521973,,52489
6.384099960327148,,3.4254136085510254,,45,2.958686113357544,,52499
6.203208923339844,,3.2362782955169678,,45,2.966930866241455,,52509
6.136653900146484,,3.2529773712158203,,45,2.883676767349243,,52519
6.336138725280762,,3.3846991062164307,,45,2.951439619064331,,52529
6.234683036804199,,3.221151351928711,,45,3.0135316848754883,,52539
6.124070167541504,,3.1957125663757324,,45,2.9283576011657715,,52549
6.160722732543945,,3.1778039932250977,,45,2.9829185009002686,,52559
6.401520729064941,,3.2454428672790527,,45,3.1560781002044678,,52569
6.394609451293945,,3.3617048263549805,,45,3.032904863357544,,52579
6.577516555786133,,3.4187493324279785,,45,3.1587672233581543,,52589
6.226683616638184,,3.2189860343933105,,45,3.007697582244873,,52599
6.372673034667969,,3.409825325012207,,45,2.9628474712371826,,52609
6.130456924438477,,3.165482997894287,,45,2.9649741649627686,,52619
6.028334617614746,,3.1205501556396484,,45,2.9077842235565186,,52629
6.092890739440918,,3.1835408210754395,,45,2.9093496799468994,,52639
6.231495380401611,,3.3091039657592773,,45,2.922391414642334,,52649
5.948977470397949,,3.1762847900390625,,45,2.772692918777466,,52659
6.198513031005859,,3.1527700424194336,,45,3.0457427501678467,,52669
6.067690372467041,,3.1934268474578857,,45,2.8742635250091553,,52679
6.304265975952148,,3.272604465484619,,45,3.03166127204895,,52689
6.218227386474609,,3.1730551719665527,,45,3.0451724529266357,,52699
6.270019054412842,,3.344029426574707,,45,2.9259896278381348,,52709
6.315102577209473,,3.410374879837036,,45,2.9047276973724365,,52719
6.13390588760376,,3.1843085289001465,,45,2.9495973587036133,,52729
5.956342697143555,,3.149027109146118,,45,2.8073153495788574,,52739
6.403702735900879,,3.197587490081787,,45,3.2061150074005127,,52749
6.187563896179199,,3.2700462341308594,,45,2.917517900466919,,52759
6.3590474128723145,,3.248920202255249,,45,3.1101272106170654,,52769
6.0514607429504395,,3.2448480129241943,,45,2.806612730026245,,52779
6.228670120239258,,3.2164909839630127,,45,3.012178897857666,,52789
6.0713419914245605,,3.2407402992248535,,45,2.830601692199707,,52799
6.171342849731445,,3.2396199703216553,,45,2.931722640991211,,52809
6.061948299407959,,3.1684508323669434,,45,2.8934974670410156,,52819
6.2194013595581055,,3.2425732612609863,,45,2.976828098297119,,52829
6.145963668823242,,3.1988959312438965,,45,2.947067975997925,,52839
6.142693519592285,,3.236619234085083,,45,2.906074047088623,,52849
6.436441898345947,,3.4037346839904785,,45,3.0327072143554688,,52859
6.0824432373046875,,3.1050026416778564,,45,2.977440357208252,,52869
6.299863338470459,,3.273589849472046,,45,3.026273488998413,,52879
5.9836530685424805,,3.1781623363494873,,45,2.805490732192993,,52889
6.077940940856934,,3.1337039470672607,,45,2.944237232208252,,52899
5.851445198059082,,3.0974948406219482,,45,2.753950357437134,,52909
6.3285322189331055,,3.2923951148986816,,45,3.036137104034424,,52919
6.15938663482666,,3.1555254459381104,,45,3.00386118888855,,52929
6.106800079345703,,3.2493133544921875,,45,2.8574869632720947,,52939
6.190638542175293,,3.2388293743133545,,45,2.9518091678619385,,52949
6.41685152053833,,3.23685884475708,,45,3.17999267578125,,52959
6.23799467086792,,3.2696471214294434,,45,2.9683475494384766,,52969
5.926430702209473,,3.1616005897521973,,45,2.7648298740386963,,52979
6.218543529510498,,3.2287235260009766,,45,2.9898200035095215,,52989
6.244555473327637,,3.330263614654541,,45,2.9142918586730957,,52999
6.249635696411133,,3.2738680839538574,,45,2.9757678508758545,,53009
6.223480224609375,,3.2387101650238037,,45,2.9847700595855713,,53019
6.1928558349609375,,3.260852813720703,,45,2.9320027828216553,,53029
,6.174415588378906,,3.238621711730957,45,,2.93579363822937,53037
6.238888740539551,,3.2051749229431152,,46,3.0337138175964355,,53039
5.976866722106934,,3.084258556365967,,46,2.8926079273223877,,53049
5.98996114730835,,3.125934600830078,,46,2.8640265464782715,,53059
6.034643173217773,,3.135378122329712,,46,2.8992648124694824,,53069
6.125798225402832,,3.27107572555542,,46,2.854722738265991,,53079
6.202157497406006,,3.175203323364258,,46,3.026954174041748,,53089
6.1043500900268555,,3.199340581893921,,46,2.9050092697143555,,53099
6.227845191955566,,3.24206280708313,,46,2.9857826232910156,,53109
6.238769054412842,,3.1947338581085205,,46,3.0440351963043213,,53119
6.724244117736816,,3.5610640048980713,,46,3.163180351257324,,53129
6.039270401000977,,3.1797537803649902,,46,2.8595168590545654,,53139
6.185636043548584,,3.232142686843872,,46,2.953493356704712,,53149
6.294054985046387,,3.29919171333313,,46,2.9948630332946777,,53159
6.306645393371582,,3.398176670074463,,46,2.908468723297119,,53169
6.3889055252075195,,3.402799129486084,,46,2.9861061573028564,,53179
6.139185905456543,,3.1722214221954346,,46,2.9669644832611084,,53189
6.143630027770996,,3.2322845458984375,,46,2.9113457202911377,,53199
6.288848876953125,,3.3288841247558594,,46,2.9599649906158447,,53209
6.197758674621582,,3.257697582244873,,46,2.940061092376709,,53219
6.281524658203125,,3.2755188941955566,,46,3.0060060024261475,,53229
6.200117111206055,,3.2055580615997314,,46,2.9945592880249023,,53239
6.166182518005371,,3.179394245147705,,46,2.986788272857666,,53249
6.105677127838135,,3.125749349594116,,46,2.9799277782440186,,53259
6.434836387634277,,3.278515577316284,,46,3.156320810317993,,53269
6.254724502563477,,3.243610382080078,,46,3.0111138820648193,,53279
6.087485313415527,,3.1477677822113037,,46,2.9397172927856445,,53289
5.934453010559082,,3.076296329498291,,46,2.858156442642212,,53299
6.14945125579834,,3.168266773223877,,46,2.981184244155884,,53309
6.365301132202148,,3.2174324989318848,,46,3.1478683948516846,,53319
6.263058662414551,,3.1924455165863037,,46,3.070613384246826,,53329
6.4326372146606445,,3.3502416610717773,,46,3.082395553588867,,53339
6.3269362449646,,3.4290733337402344,,46,2.8978629112243652,,53349
6.396729469299316,,3.3406057357788086,,46,3.056123971939087,,53359
6.246872901916504,,3.1784017086029053,,46,3.0684709548950195,,53369
6.1062774658203125,,3.118675947189331,,46,2.9876017570495605,,53379
6.112715244293213,,3.1420326232910156,,46,2.9706826210021973,,53389
6.187932014465332,,3.1682591438293457,,46,3.0196731090545654,,53399
6.507707595825195,,3.4366893768310547,,46,3.0710184574127197,,53409
6.2485551834106445,,3.282702922821045,,46,2.9658520221710205,,53419
6.220402240753174,,3.1685450077056885,,46,3.0518572330474854,,53429
6.259500503540039,,3.1871256828308105,,46,3.0723748207092285,,53439
6.320746898651123,,3.2682416439056396,,46,3.0525052547454834,,53449
6.074153423309326,,3.14656138420105,,46,2.9275920391082764,,53459
6.205817699432373,,3.2370758056640625,,46,2.9687418937683105,,53469
6.2941670417785645,,3.2472167015075684,,46,3.046950340270996,,53479
6.169584274291992,,3.191892385482788,,46,2.977691888809204,,53489
6.096350193023682,,3.232034921646118,,46,2.8643152713775635,,53499
6.224349021911621,,3.2682652473449707,,46,2.9560835361480713,,53509
6.2471208572387695,,3.249329090118408,,46,2.9977915287017822,,53519
6.208906650543213,,3.2526094913482666,,46,2.9562971591949463,,53529
6.332215785980225,,3.2398765087127686,,46,3.092339277267456,,53539
6.218204498291016,,3.1738858222961426,,46,3.044318437576294,,53549
6.109922885894775,,3.161360740661621,,46,2.9485621452331543,,53559
6.310615062713623,,3.227442741394043,,46,3.08317232131958,,53569
6.263737678527832,,3.3333215713500977,,46,2.9304163455963135,,53579
6.089360237121582,,3.187344551086426,,46,2.9020159244537354,,53589
6.247496604919434,,3.29314923286438,,46,2.954347610473633,,53599
6.230734825134277,,3.2659449577331543,,46,2.964789867401123,,53609
6.469727039337158,,3.4119107723236084,,46,3.05781626701355,,53619
6.452775001525879,,3.388028144836426,,46,3.064746856689453,,53629
6.150129318237305,,3.1381564140319824,,46,3.011972665786743,,53639
6.138167381286621,,3.206221103668213,,46,2.9319465160369873,,53649
6.4194793701171875,,3.355030059814453,,46,3.0644495487213135,,53659
6.37584114074707,,3.3389840126037598,,46,3.0368571281433105,,53669
5.968663215637207,,3.0962023735046387,,46,2.8724610805511475,,53679
6.006181716918945,,3.1144349575042725,,46,2.8917465209960938,,53689
5.986063003540039,,3.162754535675049,,46,2.8233084678649902,,53699
6.145881652832031,,3.1320462226867676,,46,3.0138351917266846,,53709
6.168093681335449,,3.279996395111084,,46,2.8880975246429443,,53719
6.182126522064209,,3.11665415763855,,46,3.065472364425659,,53729
6.149622917175293,,3.1883957386016846,,46,2.9612271785736084,,53739
6.341991424560547,,3.3234002590179443,,46,3.0185911655426025,,53749
6.335143089294434,,3.438814163208008,,46,2.8963286876678467,,53759
6.229228973388672,,3.2205629348754883,,46,3.0086662769317627,,53769
6.161168098449707,,3.230043411254883,,46,2.9311249256134033,,53779
6.196887016296387,,3.1951093673706055,,46,3.0017776489257812,,53789
6.124872207641602,,3.1867146492004395,,46,2.938157320022583,,53799
6.276010513305664,,3.196150779724121,,46,3.079859972000122,,53809
6.081669807434082,,3.147524356842041,,46,2.934145212173462,,53819
6.143580436706543,,3.1084132194519043,,46,3.0351674556732178,,53829
6.08591890335083,,3.1229419708251953,,46,2.9629769325256348,,53839
6.148077011108398,,3.2133617401123047,,46,2.9347150325775146,,53849
6.183566570281982,,3.230665445327759,,46,2.9529011249542236,,53859
6.199291706085205,,3.274946451187134,,46,2.9243452548980713,,53869
6.214371681213379,,3.227874517440796,,46,2.986497163772583,,53879
5.962164878845215,,3.108213424682617,,46,2.8539512157440186,,53889
6.236992835998535,,3.1756441593170166,,46,3.0613484382629395,,53899
6.145303726196289,,3.212177276611328,,46,2.933126449584961,,53909
6.261244773864746,,3.197807788848877,,46,3.0634372234344482,,53919
6.340843200683594,,3.3660006523132324,,46,2.9748427867889404,,53929
6.046238422393799,,3.1806752681732178,,46,2.865563154220581,,53939
6.028027057647705,,3.2226080894470215,,46,2.8054189682006836,,53949
6.315666198730469,,3.3165478706359863,,46,2.9991183280944824,,53959
6.337990760803223,,3.364561080932617,,46,2.9734299182891846,,53969
6.344841003417969,,3.34653902053833,,46,2.9983022212982178,,53979
6.284975528717041,,3.244070529937744,,46,3.040904998779297,,53989
6.2679443359375,,3.3432960510253906,,46,2.9246485233306885,,53999
6.188709259033203,,3.2058448791503906,,46,2.9828643798828125,,54009
6.136072158813477,,3.1802408695220947,,46,2.9558310508728027,,54019
6.118124961853027,,3.1799936294555664,,46,2.938131093978882,,54029
6.487419128417969,,3.4261090755462646,,46,3.061310052871704,,54039
6.157596588134766,,3.1764369010925293,,46,2.9811599254608154,,54049
6.3241167068481445,,3.189626455307007,,46,3.1344900131225586,,54059
6.06050968170166,,3.1873281002044678,,46,2.8731813430786133,,54069
6.284559726715088,,3.344132900238037,,46,2.940426826477051,,54079
6.314619064331055,,3.288256883621216,,46,3.0263619422912598,,54089
6.213809967041016,,3.3329098224639893,,46,2.8808999061584473,,54099
6.050347805023193,,3.1638851165771484,,46,2.886462688446045,,54109
6.284485816955566,,3.318809986114502,,46,2.9656760692596436,,54119
6.030599117279053,,3.1306896209716797,,46,2.899909496307373,,54129
5.9545207023620605,,3.14203143119812,,46,2.8124892711639404,,54139
6.452789306640625,,3.382781982421875,,46,3.07000732421875,,54149
6.204791069030762,,3.1468405723571777,,46,3.057950496673584,,54159
6.221794605255127,,3.208933115005493,,46,3.012861490249634,,54169
6.322897911071777,,3.255683183670044,,46,3.0672144889831543,,54179
6.3047685623168945,,3.245485544204712,,46,3.0592830181121826,,54189
,6.206885814666748,,3.2347705364227295,46,,2.9721155166625977,54190
6.16850471496582,,3.2780091762542725,,47,2.8904953002929688,,54199
6.187981128692627,,3.2022581100463867,,47,2.9857230186462402,,54209
6.13014030456543,,3.21022629737854,,47,2.9199137687683105,,54219
6.305723667144775,,3.291287660598755,,47,3.0144360065460205,,54229
5.9225754737854,,3.094208240509033,,47,2.828367233276367,,54239
6.341198921203613,,3.268716335296631,,47,3.0724825859069824,,54249
6.106556415557861,,3.1916818618774414,,47,2.91487455368042,,54259
6.311341285705566,,3.2675514221191406,,47,3.0437896251678467,,54269
6.117215156555176,,3.1547412872314453,,47,2.9624736309051514,,54279
6.351421356201172,,3.4136531352996826,,47,2.9377684593200684,,54289
6.369069576263428,,3.323214530944824,,47,3.0458550453186035,,54299
6.378735542297363,,3.382965564727783,,47,2.995769739151001,,54309
6.094743251800537,,3.225461006164551,,47,2.8692822456359863,,54319
6.159351348876953,,3.212794780731201,,47,2.946556806564331,,54329
6.3400726318359375,,3.3085856437683105,,47,3.031486988067627,,54339
6.16651725769043,,3.222830057144165,,47,2.9436869621276855,,54349
6.102200508117676,,3.196871757507324,,47,2.9053289890289307,,54359
6.145179271697998,,3.329374074935913,,47,2.815805196762085,,54369
6.306066036224365,,3.261277914047241,,47,3.044788122177124,,54379
6.327807426452637,,3.237126111984253,,47,3.090681314468384,,54389
6.227933883666992,,3.287442684173584,,47,2.9404914379119873,,54399
6.101560592651367,,3.193481922149658,,47,2.90807843208313,,54409
6.120370388031006,,3.140549659729004,,47,2.979820728302002,,54419
6.209618091583252,,3.3082070350646973,,47,2.9014110565185547,,54429
6.154681205749512,,3.2581610679626465,,47,2.8965201377868652,,54439
6.264692783355713,,3.313612461090088,,47,2.951080322265625,,54449
6.29970645904541,,3.271970510482788,,47,3.027735710144043,,54459
6.137058734893799,,3.2018494606018066,,47,2.935209274291992,,54469
6.30195426940918,,3.3317902088165283,,47,2.9701638221740723,,54479
6.28328275680542,,3.2752537727355957,,47,3.008028984069824,,54489
6.1296820640563965,,3.1790287494659424,,47,2.950653314590454,,54499
6.235679626464844,,3.2281036376953125,,47,3.007575750350952,,54509
6.021613121032715,,3.250545024871826,,47,2.7710680961608887,,54519
6.47669792175293,,3.5268568992614746,,47,2.949840784072876,,54529
6.200686454772949,,3.260283946990967,,47,2.9404025077819824,,54539
6.306118965148926,,3.3390254974365234,,47,2.9670937061309814,,54549
6.223883628845215,,3.2014780044555664,,47,3.0224058628082275,,54559
6.418148994445801,,3.3436293601989746,,47,3.0745198726654053,,54569
6.263553619384766,,3.2722532749176025,,47,2.991300106048584,,54579
6.359241485595703,,3.3901426792144775,,47,2.9690985679626465,,54589
6.317191123962402,,3.2231998443603516,,47,3.093991279602051,,54599
6.279044151306152,,3.2427988052368164,,47,3.036245346069336,,54609
6.26715087890625,,3.3234448432922363,,47,2.9437060356140137,,54619
6.365968227386475,,3.290836811065674,,47,3.075131416320801,,54629
6.0928955078125,,3.1781044006347656,,47,2.9147913455963135,,54639
6.059899806976318,,3.194352149963379,,47,2.8655476570129395,,54649
6.28360652923584,,3.270766496658325,,47,3.0128397941589355,,54659
6.008614540100098,,3.143014430999756,,47,2.865600347518921,,54669
6.089953422546387,,3.175562858581543,,47,2.9143905639648438,,54679
6.194031715393066,,3.1628758907318115,,47,3.031156063079834,,54689
6.167688846588135,,3.197019100189209,,47,2.970669746398926,,54699
6.200249671936035,,3.2300162315368652,,47,2.97023344039917,,54709
6.11067008972168,,3.1900389194488525,,47,2.9206314086914062,,54719
6.152111053466797,,3.170322895050049,,47,2.981788158416748,,54729
6.377375602722168,,3.352553129196167,,47,3.024822473526001,,54739
6.174180030822754,,3.1857047080993652,,47,2.9884753227233887,,54749
6.253901481628418,,3.3382372856140137,,47,2.9156641960144043,,54759
6.2675395011901855,,3.283298969268799,,47,2.9842405319213867,,54769
6.2634429931640625,,3.3368282318115234,,47,2.926614999771118,,54779
6.289109706878662,,3.2451210021972656,,47,3.0439887046813965,,54789
6.149198532104492,,3.175560712814331,,47,2.973637580871582,,54799
6.22327995300293,,3.23891544342041,,47,2.9843642711639404,,54809
6.205094814300537,,3.2929911613464355,,47,2.9121036529541016,,54819
6.164523124694824,,3.1771740913391113,,47,2.987349033355713,,54829
6.17500114440918,,3.290630340576172,,47,2.884370803833008,,54839
6.128929615020752,,3.271327495574951,,47,2.857602119445801,,54849
6.166378498077393,,3.24017596244812,,47,2.9262025356292725,,54859
6.087159156799316,,3.2371931076049805,,47,2.849965810775757,,54869
6.154308319091797,,3.2354698181152344,,47,2.9188387393951416,,54879
6.474436283111572,,3.440624475479126,,47,3.0338118076324463,,54889
6.247424125671387,,3.3434698581695557,,47,2.903954267501831,,54899
6.491998672485352,,3.537935733795166,,47,2.9540627002716064,,54909
5.997580051422119,,3.1466751098632812,,47,2.850904941558838,,54919
6.175470352172852,,3.249336004257202,,47,2.9261343479156494,,54929
6.1555352210998535,,3.313812732696533,,47,2.8417224884033203,,54939
6.176344394683838,,3.169559955596924,,47,3.006784439086914,,54949
6.140495300292969,,3.187839984893799,,47,2.95265531539917,,54959
5.881841659545898,,3.0800113677978516,,47,2.801830530166626,,54969
6.06041955947876,,3.156493663787842,,47,2.903925895690918,,54979
6.2080583572387695,,3.2966105937957764,,47,2.911447763442993,,54989
6.0410308837890625,,3.137218952178955,,47,2.9038119316101074,,54999
6.062551021575928,,3.203476667404175,,47,2.859074354171753,,55009
6.2254719734191895,,3.2713279724121094,,47,2.95414400100708,,55019
6.10335111618042,,3.2066233158111572,,47,2.8967278003692627,,55029
6.320742607116699,,3.3102869987487793,,47,3.01045560836792,,55039
5.942148208618164,,3.1180403232574463,,47,2.824108123779297,,55049
5.974701881408691,,3.118974447250366,,47,2.855727434158325,,55059
6.257473945617676,,3.2316324710845947,,47,3.025841474533081,,55069
6.312962055206299,,3.260416030883789,,47,3.0525460243225098,,55079
6.095836639404297,,3.1350369453430176,,47,2.9607999324798584,,55089
6.011221408843994,,3.167067527770996,,47,2.844153881072998,,55099
6.1346025466918945,,3.1870808601379395,,47,2.947521448135376,,55109
6.2142486572265625,,3.2506561279296875,,47,2.963592529296875,,55119
6.007176399230957,,3.1877264976501465,,47,2.8194499015808105,,55129
6.2108049392700195,,3.388327121734619,,47,2.8224775791168213,,55139
6.043362617492676,,3.164978265762329,,47,2.8783841133117676,,55149
6.160820007324219,,3.2094759941101074,,47,2.9513442516326904,,55159
6.186963081359863,,3.2087674140930176,,47,2.978195905685425,,55169
6.1890058517456055,,3.273444175720215,,47,2.9155619144439697,,55179
6.357704162597656,,3.319016695022583,,47,3.038687229156494,,55189
6.117063045501709,,3.1733176708221436,,47,2.9437453746795654,,55199
6.197456359863281,,3.238685131072998,,47,2.958771228790283,,55209
6.208621025085449,,3.224701404571533,,47,2.983919382095337,,55219
6.249558925628662,,3.19346284866333,,47,3.056096076965332,,55229
6.383399963378906,,3.422029733657837,,47,2.9613704681396484,,55239
6.061442852020264,,3.1627235412597656,,47,2.898719310760498,,55249
5.97899055480957,,3.0936119556427,,47,2.885378360748291,,55259
6.204085350036621,,3.366788148880005,,47,2.837297201156616,,55269
6.234244346618652,,3.2125935554504395,,47,3.021651029586792,,55279
6.180532455444336,,3.2449183464050293,,47,2.9356141090393066,,55289
6.116937160491943,,3.1685097217559814,,47,2.948427438735962,,55299
6.095104217529297,,3.1853888034820557,,47,2.909715414047241,,55309
6.076992034912109,,3.1867592334747314,,47,2.890232801437378,,55319
5.91856575012207,,3.1327452659606934,,47,2.785820484161377,,55329
6.044182777404785,,3.114321231842041,,47,2.9298617839813232,,55339
,6.167262077331543,,3.234052896499634,47,,2.933209180831909,55343
6.046573162078857,,3.20858097076416,,48,2.8379921913146973,,55349
6.179303169250488,,3.2087314128875732,,48,2.970571517944336,,55359
6.3581414222717285,,3.4121005535125732,,48,2.9460408687591553,,55369
6.111403942108154,,3.1940059661865234,,48,2.917397975921631,,55379
6.044407367706299,,3.216623544692993,,48,2.8277838230133057,,55389
6.150044918060303,,3.1482865810394287,,48,3.001758337020874,,55399
6.01641845703125,,3.168562650680542,,48,2.847855567932129,,55409
6.277547836303711,,3.320455551147461,,48,2.957092523574829,,55419
6.150738716125488,,3.23431396484375,,48,2.916424512863159,,55429
6.213320732116699,,3.368018865585327,,48,2.845302104949951,,55439
6.13079309463501,,3.2317886352539062,,48,2.8990044593811035,,55449
6.083459854125977,,3.1367642879486084,,48,2.946695327758789,,55459
6.0929155349731445,,3.1972861289978027,,48,2.8956291675567627,,55469
6.10945987701416,,3.2215285301208496,,48,2.8879313468933105,,55479
6.096902847290039,,3.1832170486450195,,48,2.9136855602264404,,55489
6.142453193664551,,3.251431465148926,,48,2.891021490097046,,55499
6.014896392822266,,3.226579427719116,,48,2.7883172035217285,,55509
5.907654762268066,,3.0995521545410156,,48,2.80810284614563,,55519
6.112137794494629,,3.1375956535339355,,48,2.9745423793792725,,55529
6.146675109863281,,3.288266658782959,,48,2.858408212661743,,55539
6.373030185699463,,3.336751937866211,,48,3.036278247833252,,55549
6.115240573883057,,3.2019968032836914,,48,2.9132437705993652,,55559
6.072969913482666,,3.238936424255371,,48,2.834033489227295,,55569
6.254765510559082,,3.2436509132385254,,48,3.0111143589019775,,55579
5.9938130378723145,,3.2647628784179688,,48,2.7290501594543457,,55589
5.8784308433532715,,3.158599853515625,,48,2.7198309898376465,,55599
6.15956974029541,,3.2597169876098633,,48,2.899852991104126,,55609
6.498527526855469,,3.552110433578491,,48,2.9464170932769775,,55619
6.247623443603516,,3.3117072582244873,,48,2.9359161853790283,,55629
6.135941505432129,,3.255784511566162,,48,2.880156993865967,,55639
6.2571516036987305,,3.3375205993652344,,48,2.919631242752075,,55649
6.155454158782959,,3.1691577434539795,,48,2.9862964153289795,,55659
6.120656490325928,,3.2020769119262695,,48,2.918579578399658,,55669
6.251259803771973,,3.2839558124542236,,48,2.967303991317749,,55679
6.417315483093262,,3.491079330444336,,48,2.926236391067505,,55689
6.184632301330566,,3.2474281787872314,,48,2.937204122543335,,55699
6.013896942138672,,3.187497854232788,,48,2.8263988494873047,,55709
6.079981803894043,,3.186650276184082,,48,2.89333176612854,,55719
6.026880264282227,,3.2158985137939453,,48,2.8109817504882812,,55729
6.166545867919922,,3.2945356369018555,,48,2.8720102310180664,,55739
6.1025261878967285,,3.2362923622131348,,48,2.8662338256835938,,55749
5.924228668212891,,3.1359219551086426,,48,2.788306951522827,,55759
6.187892913818359,,3.261373281478882,,48,2.9265193939208984,,55769
6.07832145690918,,3.1855154037475586,,48,2.8928062915802,,55779
6.152301788330078,,3.3059778213500977,,48,2.8463239669799805,,55789
6.091944694519043,,3.175140619277954,,48,2.916804313659668,,55799
6.28348445892334,,3.315215587615967,,48,2.968269109725952,,55809
6.1256937980651855,,3.243544578552246,,48,2.8821492195129395,,55819
6.170665740966797,,3.208881378173828,,48,2.9617843627929688,,55829
6.255602836608887,,3.2904770374298096,,48,2.965125560760498,,55839
6.109750747680664,,3.193281888961792,,48,2.916469097137451,,55849
6.397172451019287,,3.446835517883301,,48,2.9503369331359863,,55859
6.063194751739502,,3.182943820953369,,48,2.880250930786133,,55869
5.976710319519043,,3.1654245853424072,,48,2.8112854957580566,,55879
6.122494697570801,,3.2075934410095215,,48,2.9149012565612793,,55889
6.006065368652344,,3.1559247970581055,,48,2.850140333175659,,55899
6.215741157531738,,3.246567487716675,,48,2.9691736698150635,,55909
6.192461967468262,,3.2116880416870117,,48,2.980774164199829,,55919
6.0774946212768555,,3.2552857398986816,,48,2.8222086429595947,,55929
6.057601451873779,,3.207533121109009,,48,2.8500683307647705,,55939
6.304513454437256,,3.3269455432891846,,48,2.9775679111480713,,55949
6.088046550750732,,3.2668724060058594,,48,2.821174144744873,,55959
6.106956481933594,,3.180588722229004,,48,2.9263675212860107,,55969
6.262659072875977,,3.280832529067993,,48,2.9818267822265625,,55979
6.1925950050354,,3.322558879852295,,48,2.8700361251831055,,55989
6.020104885101318,,3.1646838188171387,,48,2.8554210662841797,,55999
6.194067001342773,,3.2694735527038574,,48,2.924593687057495,,56009
6.219781875610352,,3.3041763305664062,,48,2.915605306625366,,56019
6.080718994140625,,3.216545343399048,,48,2.864173650741577,,56029
5.995348930358887,,3.1502742767333984,,48,2.8450748920440674,,56039
6.105010032653809,,3.2533774375915527,,48,2.8516323566436768,,56049
6.111985206604004,,3.2262325286865234,,48,2.8857526779174805,,56059
6.189150810241699,,3.205265522003174,,48,2.9838855266571045,,56069
5.9054412841796875,,3.2116715908050537,,48,2.693769693374634,,56079
6.0213422775268555,,3.1775317192077637,,48,2.843810558319092,,56089
6.143847465515137,,3.244594097137451,,48,2.8992533683776855,,56099
5.938080787658691,,3.1626925468444824,,48,2.77538800239563,,56109
6.009531497955322,,3.255688190460205,,48,2.753843307495117,,56119
6.073767185211182,,3.194519281387329,,48,2.8792479038238525,,56129
5.877589702606201,,3.127923011779785,,48,2.749666690826416,,56139
6.10280704498291,,3.307090997695923,,48,2.7957160472869873,,56149
5.7588090896606445,,3.093979597091675,,48,2.6648294925689697,,56159
6.026088714599609,,3.1257050037384033,,48,2.900383472442627,,56169
5.773717880249023,,3.042825937271118,,48,2.7308919429779053,,56179
6.040528297424316,,3.199820041656494,,48,2.8407082557678223,,56189
6.220032215118408,,3.4103903770446777,,48,2.8096418380737305,,56199
5.804649353027344,,3.1121230125427246,,48,2.69252610206604,,56209
5.934774875640869,,3.1426048278808594,,48,2.7921700477600098,,56219
5.85330867767334,,3.141533851623535,,48,2.711775064468384,,56229
5.808963775634766,,3.1775264739990234,,48,2.6314375400543213,,56239
6.231586456298828,,3.518714427947998,,48,2.712871789932251,,56249
6.045202255249023,,3.301661491394043,,48,2.7435410022735596,,56259
5.971500873565674,,3.2814488410949707,,48,2.690052032470703,,56269
5.768078804016113,,3.234433889389038,,48,2.533644914627075,,56279
6.047120094299316,,3.3987135887145996,,48,2.648406505584717,,56289
6.035915374755859,,3.3360071182250977,,48,2.6999082565307617,,56299
5.858231544494629,,3.257132053375244,,48,2.6010992527008057,,56309
6.042041778564453,,3.4016458988189697,,48,2.6403956413269043,,56319
5.748966217041016,,3.2405600547790527,,48,2.508406400680542,,56329
5.946905136108398,,3.2596325874328613,,48,2.687272310256958,,56339
5.936073303222656,,3.32551908493042,,48,2.6105539798736572,,56349
5.901831150054932,,3.3124117851257324,,48,2.589419364929199,,56359
5.593662738800049,,3.2335119247436523,,48,2.3601508140563965,,56369
5.779732704162598,,3.3169126510620117,,48,2.462820053100586,,56379
5.636794090270996,,3.171391010284424,,48,2.4654030799865723,,56389
5.687267303466797,,3.1827614307403564,,48,2.5045056343078613,,56399
5.835906982421875,,3.268366813659668,,48,2.567539930343628,,56409
5.593138694763184,,3.230659008026123,,48,2.3624796867370605,,56419
5.478730201721191,,3.1310935020446777,,48,2.3476369380950928,,56429
6.064657688140869,,3.3914222717285156,,48,2.6732354164123535,,56439
5.789968967437744,,3.3298935890197754,,48,2.4600753784179688,,56449
5.710693836212158,,3.289139747619629,,48,2.4215540885925293,,56459
5.621057510375977,,3.1434555053710938,,48,2.477602005004883,,56469
5.547130584716797,,3.0912179946899414,,48,2.4559125900268555,,56479
6.024171829223633,,3.4594132900238037,,48,2.564758777618408,,56489
,6.034456253051758,,3.2373533248901367,48,,2.797102689743042,56496
5.514115810394287,,3.1933579444885254,,49,2.3207578659057617,,56499
5.681495666503906,,3.251452684402466,,49,2.4300429821014404,,56509
5.726604461669922,,3.202860116958618,,49,2.523744583129883,,56519
5.816335678100586,,3.2667365074157715,,49,2.5495989322662354,,56529
5.701371192932129,,3.141854763031006,,49,2.559516191482544,,56539
5.490281105041504,,3.1443536281585693,,49,2.3459277153015137,,56549
5.564282417297363,,3.1125926971435547,,49,2.4516899585723877,,56559
5.838953018188477,,3.209010124206543,,49,2.6299431324005127,,56569
5.744339942932129,,3.2558271884918213,,49,2.4885127544403076,,56579
5.779358863830566,,3.3327667713165283,,49,2.446591854095459,,56589
5.626643180847168,,3.229597568511963,,49,2.397045612335205,,56599
5.696161270141602,,3.3655080795288086,,49,2.330653190612793,,56609
5.429631233215332,,3.186851978302002,,49,2.24277925491333,,56619
6.030820846557617,,3.46343994140625,,49,2.567380905151367,,56629
5.579099655151367,,3.3307576179504395,,49,2.2483420372009277,,56639
5.757436752319336,,3.268287181854248,,49,2.489149808883667,,56649
5.384222984313965,,3.1494038105010986,,49,2.234818935394287,,56659
5.410465240478516,,3.2902426719665527,,49,2.120222330093384,,56669
5.703011512756348,,3.2972586154937744,,49,2.4057531356811523,,56679
5.601993560791016,,3.207421064376831,,49,2.3945722579956055,,56689
5.585142135620117,,3.271538734436035,,49,2.313603162765503,,56699
5.381557941436768,,3.2558412551879883,,49,2.1257166862487793,,56709
5.523704528808594,,3.34450101852417,,49,2.1792032718658447,,56719
5.598166465759277,,3.36313533782959,,49,2.2350313663482666,,56729
5.543877601623535,,3.1674587726593018,,49,2.3764185905456543,,56739
5.74707555770874,,3.362513542175293,,49,2.3845620155334473,,56749
5.726348400115967,,3.476367712020874,,49,2.2499806880950928,,56759
5.501891613006592,,3.265695571899414,,49,2.2361960411071777,,56769
6.024212837219238,,3.634540557861328,,49,2.389672040939331,,56779
5.186285972595215,,3.151686191558838,,49,2.034599781036377,,56789
5.613692760467529,,3.3102076053619385,,49,2.303485155105591,,56799
5.432238578796387,,3.306995391845703,,49,2.1252434253692627,,56809
5.426981449127197,,3.194794178009033,,49,2.232187271118164,,56819
5.35591983795166,,3.2238118648529053,,49,2.132108211517334,,56829
5.303614616394043,,3.155794620513916,,49,2.147820234298706,,56839
5.501996040344238,,3.2469968795776367,,49,2.2549989223480225,,56849
5.46837043762207,,3.3095006942749023,,49,2.158869504928589,,56859
5.380137920379639,,3.114459991455078,,49,2.2656779289245605,,56869
5.232209205627441,,3.206052541732788,,49,2.0261566638946533,,56879
5.188589572906494,,3.191749095916748,,49,1.9968405961990356,,56889
5.409338474273682,,3.281735897064209,,49,2.1276025772094727,,56899
5.661615371704102,,3.4021317958831787,,49,2.2594833374023438,,56909
5.214252948760986,,3.255748748779297,,49,1.958504319190979,,56919
5.254889488220215,,3.2546896934509277,,49,2.000199556350708,,56929
5.108925819396973,,3.1770179271698,,49,1.9319080114364624,,56939
5.172093391418457,,3.1481432914733887,,49,2.0239503383636475,,56949
5.44056510925293,,3.3115172386169434,,49,2.1290481090545654,,56959
5.337620735168457,,3.2850279808044434,,49,2.0525929927825928,,56969
5.1606125831604,,3.176682949066162,,49,1.9839297533035278,,56979
5.126054763793945,,3.287191867828369,,49,1.8388627767562866,,56989
5.32118034362793,,3.498195171356201,,49,1.8229854106903076,,56999
4.966874122619629,,3.1429362297058105,,49,1.8239378929138184,,57009
5.107013702392578,,3.224306106567383,,49,1.8827077150344849,,57019
5.175229072570801,,3.2665514945983887,,49,1.908677577972412,,57029
4.844757080078125,,3.0369131565093994,,49,1.8078436851501465,,57039
4.957562446594238,,3.2196640968322754,,49,1.737898349761963,,57049
5.148458003997803,,3.2231807708740234,,49,1.9252773523330688,,57059
5.166312217712402,,3.1109910011291504,,49,2.055321216583252,,57069
5.388826847076416,,3.3106603622436523,,49,2.0781664848327637,,57079
5.217719554901123,,3.2983474731445312,,49,1.9193719625473022,,57089
5.018671035766602,,3.1871495246887207,,49,1.8315212726593018,,57099
5.0929412841796875,,3.208890914916992,,49,1.8840501308441162,,57109
5.146144390106201,,3.2788076400756836,,49,1.8673368692398071,,57119
5.338076114654541,,3.284487724304199,,49,2.053588390350342,,57129
4.840178489685059,,3.0963973999023438,,49,1.7437812089920044,,57139
4.793702125549316,,3.1281096935272217,,49,1.6655925512313843,,57149
4.94075870513916,,3.1313860416412354,,49,1.8093727827072144,,57159
5.032176494598389,,3.312741279602051,,49,1.7194350957870483,,57169
4.67884635925293,,3.151412010192871,,49,1.5274344682693481,,57179
4.90440559387207,,3.2060067653656006,,49,1.6983988285064697,,57189
4.737661361694336,,3.141866683959961,,49,1.5957945585250854,,57199
5.070213317871094,,3.3776159286499023,,49,1.6925976276397705,,57209
4.685693264007568,,3.1429641246795654,,49,1.5427290201187134,,57219
4.862795829772949,,3.1105031967163086,,49,1.7522926330566406,,57229
4.991441249847412,,3.252171754837036,,49,1.7392696142196655,,57239
4.896425724029541,,3.274850368499756,,49,1.6215752363204956,,57249
5.076606750488281,,3.354654312133789,,49,1.7219523191452026,,57259
4.796604156494141,,3.2821877002716064,,49,1.5144165754318237,,57269
4.905142784118652,,3.270530939102173,,49,1.6346120834350586,,57279
4.830307960510254,,3.2930049896240234,,49,1.53730309009552,,57289
4.5677571296691895,,3.169064998626709,,49,1.3986921310424805,,57299
4.8319010734558105,,3.266089916229248,,49,1.5658111572265625,,57309
4.704331874847412,,3.0956828594207764,,49,1.6086490154266357,,57319
4.874924182891846,,3.1575374603271484,,49,1.7173867225646973,,57329
4.677921295166016,,3.2220914363861084,,49,1.4558298587799072,,57339
4.718179225921631,,3.149535655975342,,49,1.5686434507369995,,57349
4.825420379638672,,3.255826950073242,,49,1.5695931911468506,,57359
4.964624404907227,,3.272324562072754,,49,1.6923000812530518,,57369
4.898819923400879,,3.2877745628356934,,49,1.6110455989837646,,57379
4.803520679473877,,3.272825241088867,,49,1.5306954383850098,,57389
4.544534683227539,,3.1024301052093506,,49,1.442104697227478,,57399
4.479626178741455,,3.165616512298584,,49,1.3140097856521606,,57409
4.686870098114014,,3.256680488586426,,49,1.4301894903182983,,57419
5.068872928619385,,3.3110928535461426,,49,1.7577801942825317,,57429
4.884977340698242,,3.319408416748047,,49,1.5655691623687744,,57439
4.632298469543457,,3.1977646350860596,,49,1.4345338344573975,,57449
4.5894951820373535,,3.2097115516662598,,49,1.3797835111618042,,57459
4.647337913513184,,3.3375844955444336,,49,1.30975341796875,,57469
4.623677730560303,,3.207639217376709,,49,1.4160383939743042,,57479
4.76035213470459,,3.269636631011963,,49,1.4907153844833374,,57489
4.75729513168335,,3.2530813217163086,,49,1.5042136907577515,,57499
4.54497766494751,,3.1746413707733154,,49,1.3703362941741943,,57509
4.408875942230225,,3.109386682510376,,49,1.299489140510559,,57519
4.771435737609863,,3.3386287689208984,,49,1.4328070878982544,,57529
4.77946662902832,,3.274773359298706,,49,1.5046931505203247,,57539
4.790876388549805,,3.24456524848938,,49,1.5463110208511353,,57549
4.578098773956299,,3.189950942993164,,49,1.3881477117538452,,57559
4.313481330871582,,3.072760581970215,,49,1.2407207489013672,,57569
4.280303001403809,,3.066222667694092,,49,1.2140804529190063,,57579
4.6828436851501465,,3.2444567680358887,,49,1.4383870363235474,,57589
4.3055830001831055,,3.1435482501983643,,49,1.1620348691940308,,57599
4.511572360992432,,3.230259895324707,,49,1.281312346458435,,57609
4.504518508911133,,3.2557485103607178,,49,1.2487701177597046,,57619
4.458470344543457,,3.208892822265625,,49,1.2495777606964111,,57629
4.756807804107666,,3.3244271278381348,,49,1.4323805570602417,,57639
4.324925422668457,,3.1355514526367188,,49,1.1893739700317383,,57649
,5.115753173828125,,3.2352752685546875,49,,1.8804779052734375,57649
4.167237758636475,,3.0463008880615234,,50,1.1209367513656616,,57659
4.457396507263184,,3.1407887935638428,,50,1.3166075944900513,,57669
4.563269138336182,,3.2798261642456055,,50,1.2834429740905762,,57679
4.358644485473633,,3.0583934783935547,,50,1.3002508878707886,,57689
4.644289493560791,,3.2559547424316406,,50,1.3883347511291504,,57699
4.645729064941406,,3.3276772499084473,,50,1.318052053451538,,57709
4.431851863861084,,3.1773858070373535,,50,1.2544660568237305,,57719
4.397549629211426,,3.199566125869751,,50,1.1979833841323853,,57729
4.353916168212891,,3.164729118347168,,50,1.189186930656433,,57739
4.557265281677246,,3.278960943222046,,50,1.2783042192459106,,57749
4.380914211273193,,3.186802387237549,,50,1.1941118240356445,,57759
4.457218170166016,,3.2362661361694336,,50,1.220951795578003,,57769
4.526675224304199,,3.27811336517334,,50,1.2485616207122803,,57779
4.529200553894043,,3.30458927154541,,50,1.2246111631393433,,57789
4.200671672821045,,3.1191420555114746,,50,1.0815297365188599,,57799
4.4577555656433105,,3.3148586750030518,,50,1.1428970098495483,,57809
4.469722747802734,,3.2451000213623047,,50,1.2246226072311401,,57819
4.299951553344727,,3.196614980697632,,50,1.1033366918563843,,57829
4.254043102264404,,3.1544084548950195,,50,1.0996346473693848,,57839
4.337371826171875,,3.1499404907226562,,50,1.1874310970306396,,57849
4.512705326080322,,3.2912089824676514,,50,1.221496343612671,,57859
4.506234645843506,,3.2782936096191406,,50,1.2279411554336548,,57869
4.308948040008545,,3.2159781455993652,,50,1.0929697751998901,,57879
4.30816125869751,,3.229109287261963,,50,1.0790519714355469,,57889
4.489219665527344,,3.2522342205047607,,50,1.2369855642318726,,57899
4.574319362640381,,3.319265842437744,,50,1.2550535202026367,,57909
4.488895416259766,,3.2368409633636475,,50,1.2520545721054077,,57919
4.160945892333984,,3.104656219482422,,50,1.056289553642273,,57929
4.46660041809082,,3.3114452362060547,,50,1.1551549434661865,,57939
4.449585914611816,,3.140242576599121,,50,1.3093432188034058,,57949
4.508459091186523,,3.318985939025879,,50,1.1894731521606445,,57959
4.244964599609375,,3.0967214107513428,,50,1.1482433080673218,,57969
4.321797847747803,,3.205327033996582,,50,1.1164706945419312,,57979
4.419651508331299,,3.278806209564209,,50,1.1408454179763794,,57989
4.431588172912598,,3.2790989875793457,,50,1.1524893045425415,,57999
4.228379249572754,,3.1831250190734863,,50,1.0452539920806885,,58009
4.360030174255371,,3.2347970008850098,,50,1.1252329349517822,,58019
4.295514106750488,,3.1814212799072266,,50,1.1140927076339722,,58029
4.361350059509277,,3.215280055999756,,50,1.146069884300232,,58039
4.4316511154174805,,3.286818504333496,,50,1.144832730293274,,58049
4.423224449157715,,3.286207914352417,,50,1.1370162963867188,,58059
4.407913684844971,,3.4126992225646973,,50,0.995214581489563,,58069
4.442692756652832,,3.2227628231048584,,50,1.2199296951293945,,58079
4.249361515045166,,3.224195957183838,,50,1.0251654386520386,,58089
4.321077346801758,,3.1782712936401367,,50,1.142806053161621,,58099
4.563725471496582,,3.2828209400177,,50,1.2809045314788818,,58109
4.3449788093566895,,3.305685043334961,,50,1.039293646812439,,58119
4.166738510131836,,3.1718244552612305,,50,0.9949138164520264,,58129
4.236898422241211,,3.1715378761291504,,50,1.06536066532135,,58139
4.486354827880859,,3.286498785018921,,50,1.199856162071228,,58149
4.4351115226745605,,3.236407995223999,,50,1.1987035274505615,,58159
4.023362159729004,,3.095226287841797,,50,0.9281361103057861,,58169
4.264761924743652,,3.216017007827759,,50,1.0487446784973145,,58179
4.426932334899902,,3.2990503311157227,,50,1.1278817653656006,,58189
4.412503242492676,,3.2901453971862793,,50,1.122357964515686,,58199
4.2330756187438965,,3.213207244873047,,50,1.0198683738708496,,58209
4.080165863037109,,3.0895230770111084,,50,0.9906427264213562,,58219
4.276880741119385,,3.2659995555877686,,50,1.0108813047409058,,58229
4.224909782409668,,3.168886661529541,,50,1.056023359298706,,58239
4.50410270690918,,3.416316270828247,,50,1.0877866744995117,,58249
4.420835494995117,,3.3275911808013916,,50,1.093244194984436,,58259
4.220678329467773,,3.1813149452209473,,50,1.0393636226654053,,58269
4.1932454109191895,,3.2366738319396973,,50,0.9565714597702026,,58279
4.35220193862915,,3.3090596199035645,,50,1.0431424379348755,,58289
4.116990566253662,,3.1309814453125,,50,0.9860090017318726,,58299
4.550721645355225,,3.2914271354675293,,50,1.2592943906784058,,58309
4.190058708190918,,3.2421557903289795,,50,0.9479026794433594,,58319
4.032315731048584,,3.151618719100952,,50,0.8806969523429871,,58329
4.024908065795898,,3.132606267929077,,50,0.8923017382621765,,58339
4.224026203155518,,3.228074073791504,,50,0.9959521889686584,,58349
4.1447601318359375,,3.1353206634521484,,50,1.00943922996521,,58359
4.135905742645264,,3.1554369926452637,,50,0.9804688692092896,,58369
4.3029584884643555,,3.2623038291931152,,50,1.0406546592712402,,58379
4.281089782714844,,3.238008499145508,,50,1.0430811643600464,,58389
4.186433792114258,,3.138275384902954,,50,1.0481584072113037,,58399
4.3271379470825195,,3.2429511547088623,,50,1.0841865539550781,,58409
4.007131576538086,,3.1140947341918945,,50,0.8930370807647705,,58419
4.471385478973389,,3.3883252143859863,,50,1.083060383796692,,58429
4.198602199554443,,3.2077736854553223,,50,0.9908285737037659,,58439
4.422563552856445,,3.3675789833068848,,50,1.0549848079681396,,58449
4.255234718322754,,3.2976784706115723,,50,0.9575560688972473,,58459
4.6736650466918945,,3.4851300716400146,,50,1.1885347366333008,,58469
4.204174518585205,,3.1380012035369873,,50,1.0661733150482178,,58479
4.398598670959473,,3.304659843444824,,50,1.093938946723938,,58489
4.4493937492370605,,3.3407559394836426,,50,1.1086379289627075,,58499
4.142556190490723,,3.1834166049957275,,50,0.9591395854949951,,58509
4.391730785369873,,3.313105583190918,,50,1.0786250829696655,,58519
4.03603982925415,,3.176361083984375,,50,0.8596786856651306,,58529
4.504665374755859,,3.401526689529419,,50,1.1031384468078613,,58539
4.303457260131836,,3.41243577003479,,50,0.891021728515625,,58549
3.913034200668335,,3.1065239906311035,,50,0.8065102100372314,,58559
4.468132972717285,,3.3096261024475098,,50,1.1585066318511963,,58569
4.0686564445495605,,3.1394333839416504,,50,0.9292230010032654,,58579
4.592116832733154,,3.341172218322754,,50,1.2509446144104004,,58589
3.946798801422119,,3.1165294647216797,,50,0.8302692174911499,,58599
4.232073783874512,,3.247654438018799,,50,0.9844194054603577,,58609
4.287968635559082,,3.264171600341797,,50,1.0237972736358643,,58619
4.152994632720947,,3.2855796813964844,,50,0.8674150109291077,,58629
3.984553337097168,,3.1017725467681885,,50,0.882780909538269,,58639
4.29142951965332,,3.2942440509796143,,50,0.9971855878829956,,58649
4.248202800750732,,3.247359275817871,,50,1.0008435249328613,,58659
4.057363986968994,,3.149893283843994,,50,0.9074705243110657,,58669
4.542074203491211,,3.5760130882263184,,50,0.9660609364509583,,58679
4.164921760559082,,3.2107625007629395,,50,0.9541590809822083,,58689
4.008946418762207,,3.13541841506958,,50,0.873528242111206,,58699
4.244326591491699,,3.2768497467041016,,50,0.9674767255783081,,58709
4.352716445922852,,3.298274040222168,,50,1.0544424057006836,,58719
4.272067070007324,,3.2243261337280273,,50,1.047741174697876,,58729
4.194906711578369,,3.1749300956726074,,50,1.0199766159057617,,58739
4.230993747711182,,3.248706817626953,,50,0.9822870492935181,,58749
4.437768459320068,,3.437912940979004,,50,0.999855637550354,,58759
4.099625110626221,,3.2138960361480713,,50,0.8857291340827942,,58769
4.321280002593994,,3.211547374725342,,50,1.109732747077942,,58779
4.113387107849121,,3.1442818641662598,,50,0.969105064868927,,58789
4.4642133712768555,,3.346545696258545,,50,1.117667555809021,,58799
,4.325011253356934,,3.2368521690368652,50,,1.088159203529358,58802
4.230689525604248,,3.2647476196289062,,51,0.9659420847892761,,58809
4.152590751647949,,3.1536154747009277,,51,0.9989754557609558,,58819
4.2377729415893555,,3.248694658279419,,51,0.9890780448913574,,58829
4.127199172973633,,3.2636613845825195,,51,0.8635378479957581,,58839
4.433231830596924,,3.3461685180664062,,51,1.087063193321228,,58849
4.221537113189697,,3.2226510047912598,,51,0.998886227607727,,58859
4.288724899291992,,3.2493183612823486,,51,1.0394065380096436,,58869
3.9825193881988525,,3.208296298980713,,51,0.7742230296134949,,58879
4.299033164978027,,3.313107490539551,,51,0.9859257936477661,,58889
4.231935501098633,,3.1817784309387207,,51,1.050156831741333,,58899
4.410048007965088,,3.2870233058929443,,51,1.123024582862854,,58909
4.112401008605957,,3.209252119064331,,51,0.9031488299369812,,58919
4.151942729949951,,3.185763359069824,,51,0.9661793112754822,,58929
4.177996635437012,,3.2144603729248047,,51,0.9635362029075623,,58939
4.080469608306885,,3.183548927307129,,51,0.8969207406044006,,58949
4.326469898223877,,3.29799222946167,,51,1.0284775495529175,,58959
4.2347564697265625,,3.2114977836608887,,51,1.0232588052749634,,58969
4.266775608062744,,3.2320878505706787,,51,1.0346876382827759,,58979
4.298577308654785,,3.3366000652313232,,51,0.9619773030281067,,58989
4.151027202606201,,3.1780943870544434,,51,0.9729326963424683,,58999
4.2301435470581055,,3.291435480117798,,51,0.9387080669403076,,59009
4.065957069396973,,3.202329158782959,,51,0.8636279106140137,,59019
4.2480950355529785,,3.2393136024475098,,51,1.0087814331054688,,59029
4.136876583099365,,3.1600120067596436,,51,0.9768643975257874,,59039
3.983996868133545,,3.1132564544677734,,51,0.8707404136657715,,59049
4.242273330688477,,3.1923985481262207,,51,1.049875020980835,,59059
4.441486358642578,,3.3324036598205566,,51,1.1090829372406006,,59069
4.127020835876465,,3.181335687637329,,51,0.9456853270530701,,59079
4.25092077255249,,3.244175434112549,,51,1.0067452192306519,,59089
4.001298904418945,,3.1334078311920166,,51,0.8678910136222839,,59099
4.12694787979126,,3.213779926300049,,51,0.9131678342819214,,59109
4.384960174560547,,3.302654266357422,,51,1.082305669784546,,59119
3.9556615352630615,,3.211536407470703,,51,0.7441251873970032,,59129
3.889321804046631,,3.088392734527588,,51,0.8009289503097534,,59139
3.908053398132324,,3.1088852882385254,,51,0.7991681694984436,,59149
3.976022481918335,,3.13533353805542,,51,0.8406888842582703,,59159
4.226929664611816,,3.263127088546753,,51,0.9638027548789978,,59169
4.433753490447998,,3.3401594161987305,,51,1.093593955039978,,59179
4.193709373474121,,3.2709920406341553,,51,0.9227171540260315,,59189
4.336058616638184,,3.2801156044006348,,51,1.0559427738189697,,59199
4.242600440979004,,3.235738754272461,,51,1.006861686706543,,59209
4.435330390930176,,3.3220443725585938,,51,1.1132862567901611,,59219
4.123767852783203,,3.2315759658813477,,51,0.8921920657157898,,59229
4.122079849243164,,3.1671597957611084,,51,0.9549201130867004,,59239
4.483675003051758,,3.2616848945617676,,51,1.2219903469085693,,59249
3.895811080932617,,3.102260112762451,,51,0.7935508489608765,,59259
4.2438507080078125,,3.2357325553894043,,51,1.0081182718276978,,59269
4.178590297698975,,3.253357410430908,,51,0.9252327680587769,,59279
4.104673862457275,,3.183103084564209,,51,0.9215708374977112,,59289
4.305036544799805,,3.2968225479125977,,51,1.008213996887207,,59299
4.208350658416748,,3.3018698692321777,,51,0.906480610370636,,59309
4.016747951507568,,3.109313488006592,,51,0.9074345827102661,,59319
4.000512599945068,,3.1010541915893555,,51,0.8994583487510681,,59329
4.547735214233398,,3.5703444480895996,,51,0.9773910045623779,,59339
4.096210956573486,,3.1447222232818604,,51,0.9514886736869812,,59349
4.874545574188232,,3.6597023010253906,,51,1.2148431539535522,,59359
4.1352314949035645,,3.1519527435302734,,51,0.9832786917686462,,59369
4.150312900543213,,3.179792881011963,,51,0.9705199003219604,,59379
4.440359115600586,,3.363736152648926,,51,1.0766230821609497,,59389
4.386177062988281,,3.3289613723754883,,51,1.057215929031372,,59399
4.236164093017578,,3.249335289001465,,51,0.9868286848068237,,59409
4.080802917480469,,3.162044048309326,,51,0.9187589287757874,,59419
4.125192642211914,,3.1630172729492188,,51,0.9621752500534058,,59429
4.089995384216309,,3.0786056518554688,,51,1.011389970779419,,59439
4.030892848968506,,3.1430835723876953,,51,0.887809157371521,,59449
4.338228702545166,,3.34633207321167,,51,0.9918965101242065,,59459
4.107656478881836,,3.184123992919922,,51,0.9235323667526245,,59469
4.226090431213379,,3.1879913806915283,,51,1.0380991697311401,,59479
4.147786617279053,,3.2182886600494385,,51,0.9294979572296143,,59489
4.245832920074463,,3.304500102996826,,51,0.9413326978683472,,59499
4.2448320388793945,,3.2423012256622314,,51,1.002530813217163,,59509
4.383171081542969,,3.2525529861450195,,51,1.1306178569793701,,59519
4.154140949249268,,3.2377586364746094,,51,0.9163822531700134,,59529
4.440485000610352,,3.288686752319336,,51,1.1517983675003052,,59539
4.395336151123047,,3.3727779388427734,,51,1.022558331489563,,59549
4.152528285980225,,3.1602134704589844,,51,0.9923146963119507,,59559
4.314021587371826,,3.287724494934082,,51,1.0262969732284546,,59569
4.021656036376953,,3.1474156379699707,,51,0.8742405772209167,,59579
4.187722206115723,,3.2143020629882812,,51,0.9734200239181519,,59589
4.121142387390137,,3.148189067840576,,51,0.9729533791542053,,59599
3.9945874214172363,,3.09405517578125,,51,0.9005321860313416,,59609
4.541625022888184,,3.4135794639587402,,51,1.1280457973480225,,59619
4.284310340881348,,3.293933868408203,,51,0.990376353263855,,59629
3.912095308303833,,3.094179153442383,,51,0.8179160952568054,,59639
4.199941158294678,,3.249117374420166,,51,0.9508237242698669,,59649
4.220997333526611,,3.2414350509643555,,51,0.9795622825622559,,59659
4.227163314819336,,3.307328224182129,,51,0.9198353290557861,,59669
4.243432998657227,,3.301363945007324,,51,0.9420692324638367,,59679
3.8438432216644287,,3.0393548011779785,,51,0.8044883608818054,,59689
4.173443794250488,,3.197740077972412,,51,0.9757038950920105,,59699
4.121360778808594,,3.1332497596740723,,51,0.9881108999252319,,59709
4.113945007324219,,3.1864144802093506,,51,0.9275305867195129,,59719
3.9589617252349854,,3.1418747901916504,,51,0.8170868754386902,,59729
4.144313812255859,,3.1821789741516113,,51,0.9621348977088928,,59739
4.132772445678711,,3.231818437576294,,51,0.9009538292884827,,59749
4.197092533111572,,3.2612504959106445,,51,0.9358422160148621,,59759
4.320882320404053,,3.307952404022217,,51,1.0129300355911255,,59769
4.138141632080078,,3.240719795227051,,51,0.8974217772483826,,59779
4.112741470336914,,3.1411244869232178,,51,0.9716170430183411,,59789
3.8474364280700684,,3.0705888271331787,,51,0.7768476605415344,,59799
4.064660549163818,,3.216207504272461,,51,0.8484529256820679,,59809
4.354148864746094,,3.3014822006225586,,51,1.0526669025421143,,59819
4.2573323249816895,,3.281599998474121,,51,0.9757323265075684,,59829
4.025501251220703,,3.1084651947021484,,51,0.9170361757278442,,59839
4.167339324951172,,3.2740931510925293,,51,0.8932464122772217,,59849
4.197849750518799,,3.211104393005371,,51,0.9867454171180725,,59859
4.28117036819458,,3.2456886768341064,,51,1.035481572151184,,59869
4.334336280822754,,3.3010611534118652,,51,1.0332750082015991,,59879
4.152745246887207,,3.2359979152679443,,51,0.9167473316192627,,59889
4.089737415313721,,3.2382702827453613,,51,0.8514673113822937,,59899
3.9541754722595215,,3.1180901527404785,,51,0.8360852003097534,,59909
4.097697734832764,,3.1592040061950684,,51,0.9384936094284058,,59919
3.9468183517456055,,3.1107282638549805,,51,0.8360902070999146,,59929
4.099645137786865,,3.1814866065979004,,51,0.9181584715843201,,59939
4.1433305740356445,,3.221238613128662,,51,0.9220920205116272,,59949
,4.198885440826416,,3.23203706741333,51,,0.9668481945991516,59955
4.107433795928955,,3.226593017578125,,52,0.8808408379554749,,59959
4.383055686950684,,3.363914966583252,,52,1.0191407203674316,,59969
4.158592700958252,,3.196424722671509,,52,0.9621678590774536,,59979
3.974405288696289,,3.1269047260284424,,52,0.8475004434585571,,59989
4.21866512298584,,3.2375593185424805,,52,0.9811058044433594,,59999
4.189610004425049,,3.234884738922119,,52,0.9547251462936401,,60009
4.106509685516357,,3.1637930870056152,,52,0.9427164793014526,,60019
4.140519142150879,,3.1488125324249268,,52,0.9917066693305969,,60029
4.1777119636535645,,3.164745330810547,,52,1.012966513633728,,60039
4.021854877471924,,3.1854748725891113,,52,0.8363800048828125,,60049
4.0736823081970215,,3.213749885559082,,52,0.8599323630332947,,60059
4.090980052947998,,3.148974895477295,,52,0.9420049786567688,,60069
4.001476764678955,,3.1246442794799805,,52,0.8768326640129089,,60079
3.8696489334106445,,3.1107497215270996,,52,0.7588993310928345,,60089
3.9737355709075928,,3.1399357318878174,,52,0.8337998390197754,,60099
4.150672912597656,,3.2616403102874756,,52,0.889032781124115,,60109
4.315561771392822,,3.3217644691467285,,52,0.9937971830368042,,60119
4.1089019775390625,,3.1142797470092773,,52,0.9946224093437195,,60129
4.226441860198975,,3.301783561706543,,52,0.9246581196784973,,60139
4.188712120056152,,3.2387146949768066,,52,0.9499972462654114,,60149
4.099313735961914,,3.2244625091552734,,52,0.874851405620575,,60159
4.039452075958252,,3.201324939727783,,52,0.8381269574165344,,60169
4.14379358291626,,3.29744553565979,,52,0.846348226070404,,60179
4.277511119842529,,3.274488925933838,,52,1.0030220746994019,,60189
4.360218524932861,,3.3342444896698,,52,1.025974154472351,,60199
3.968383312225342,,3.1357674598693848,,52,0.8326157331466675,,60209
4.130473613739014,,3.24478816986084,,52,0.8856855034828186,,60219
4.1973772048950195,,3.2850890159606934,,52,0.912288248538971,,60229
4.271985054016113,,3.266866683959961,,52,1.005118489265442,,60239
4.299375057220459,,3.3689069747924805,,52,0.9304682016372681,,60249
4.053396701812744,,3.192410707473755,,52,0.8609859943389893,,60259
4.110454559326172,,3.227316379547119,,52,0.8831381797790527,,60269
4.109058380126953,,3.1949048042297363,,52,0.9141535758972168,,60279
4.009227275848389,,3.114081382751465,,52,0.895145833492279,,60289
4.264858722686768,,3.221632957458496,,52,1.0432257652282715,,60299
3.9711294174194336,,3.157109022140503,,52,0.8140203952789307,,60309
4.494451522827148,,3.485078811645508,,52,1.0093724727630615,,60319
4.175793647766113,,3.2787444591522217,,52,0.8970491290092468,,60329
4.234406471252441,,3.2539236545562744,,52,0.9804829359054565,,60339
4.15189266204834,,3.2437548637390137,,52,0.908137857913971,,60349
3.965791940689087,,3.168292760848999,,52,0.7974992394447327,,60359
4.122159004211426,,3.172123432159424,,52,0.950035810470581,,60369
4.156037330627441,,3.2763500213623047,,52,0.8796871900558472,,60379
4.051178932189941,,3.2239155769348145,,52,0.8272632956504822,,60389
4.156532287597656,,3.245081901550293,,52,0.9114506244659424,,60399
4.045931816101074,,3.2528247833251953,,52,0.7931072115898132,,60409
4.121937274932861,,3.2580831050872803,,52,0.8638542890548706,,60419
4.056787490844727,,3.13930606842041,,52,0.9174813628196716,,60429
4.077317237854004,,3.1352267265319824,,52,0.9420905113220215,,60439
4.182762145996094,,3.170907497406006,,52,1.0118545293807983,,60449
4.217460632324219,,3.2573227882385254,,52,0.9601379036903381,,60459
4.085199356079102,,3.155620574951172,,52,0.929578959941864,,60469
4.0152482986450195,,3.1309351921081543,,52,0.8843129873275757,,60479
4.206545829772949,,3.2139885425567627,,52,0.9925571084022522,,60489
4.325681686401367,,3.2714786529541016,,52,1.0542030334472656,,60499
4.422057151794434,,3.4011707305908203,,52,1.0208865404129028,,60509
3.989780902862549,,3.1355366706848145,,52,0.8542442321777344,,60519
4.2916998863220215,,3.262543201446533,,52,1.0291568040847778,,60529
4.052075386047363,,3.209474563598633,,52,0.8426010012626648,,60539
3.9544901847839355,,3.154538869857788,,52,0.799951434135437,,60549
4.184701442718506,,3.1991779804229736,,52,0.985523521900177,,60559
3.909420967102051,,3.1666245460510254,,52,0.7427964806556702,,60569
3.959897518157959,,3.1097192764282227,,52,0.8501783609390259,,60579
4.229068279266357,,3.179257392883301,,52,1.049810767173767,,60589
4.182945728302002,,3.2525382041931152,,52,0.9304074645042419,,60599
4.3448567390441895,,3.3057374954223633,,52,1.0391192436218262,,60609
4.2903289794921875,,3.3207664489746094,,52,0.9695627093315125,,60619
4.065107822418213,,3.15781307220459,,52,0.9072949290275574,,60629
3.8650715351104736,,3.0550317764282227,,52,0.8100398182868958,,60639
4.213140964508057,,3.296471118927002,,52,0.9166699647903442,,60649
4.452646255493164,,3.45283579826355,,52,0.9998106956481934,,60659
3.8911352157592773,,3.116145133972168,,52,0.7749900817871094,,60669
4.073250770568848,,3.185924768447876,,52,0.8873258233070374,,60679
4.015204429626465,,3.1952664852142334,,52,0.8199377655982971,,60689
4.2025980949401855,,3.288665294647217,,52,0.9139326214790344,,60699
4.081791877746582,,3.2434604167938232,,52,0.8383312225341797,,60709
4.237311840057373,,3.2568747997283936,,52,0.9804372191429138,,60719
3.9712882041931152,,3.2019734382629395,,52,0.769314706325531,,60729
4.291604995727539,,3.2501962184906006,,52,1.0414087772369385,,60739
4.056280136108398,,3.192354202270508,,52,0.8639257550239563,,60749
4.1376776695251465,,3.2919559478759766,,52,0.8457217812538147,,60759
4.123785018920898,,3.2172160148620605,,52,0.9065690636634827,,60769
4.0642008781433105,,3.135822296142578,,52,0.9283785820007324,,60779
3.950125217437744,,3.1382505893707275,,52,0.8118745684623718,,60789
3.9170877933502197,,3.091954231262207,,52,0.8251335620880127,,60799
4.5045976638793945,,3.5838754177093506,,52,0.9207220673561096,,60809
4.158573627471924,,3.2334299087524414,,52,0.9251435995101929,,60819
4.025634765625,,3.092819929122925,,52,0.9328147768974304,,60829
4.119294166564941,,3.225052833557129,,52,0.8942415118217468,,60839
4.416740417480469,,3.4048233032226562,,52,1.011917233467102,,60849
4.281886100769043,,3.3342905044555664,,52,0.947595477104187,,60859
4.224656105041504,,3.1321043968200684,,52,1.0925517082214355,,60869
4.033909320831299,,3.210460901260376,,52,0.8234482407569885,,60879
4.054866790771484,,3.2286853790283203,,52,0.8261815309524536,,60889
4.264362812042236,,3.1936259269714355,,52,1.0707367658615112,,60899
4.086878776550293,,3.144131660461426,,52,0.9427472352981567,,60909
3.9552931785583496,,3.1636886596679688,,52,0.7916043996810913,,60919
3.9031999111175537,,3.059201717376709,,52,0.8439981341362,,60929
4.158017635345459,,3.3035385608673096,,52,0.8544792532920837,,60939
4.272793292999268,,3.2355222702026367,,52,1.0372710227966309,,60949
4.556384086608887,,3.485222816467285,,52,1.0711610317230225,,60959
3.962705373764038,,3.16633939743042,,52,0.7963660359382629,,60969
4.225691318511963,,3.244992733001709,,52,0.9806984663009644,,60979
3.940937042236328,,3.1871445178985596,,52,0.7537926435470581,,60989
4.019224166870117,,3.233541488647461,,52,0.7856824398040771,,60999
4.082164764404297,,3.237196922302246,,52,0.8449679017066956,,61009
4.109313488006592,,3.250025510787964,,52,0.8592880964279175,,61019
4.113559246063232,,3.3178091049194336,,52,0.7957503199577332,,61029
4.1039228439331055,,3.235807418823242,,52,0.8681154847145081,,61039
3.853057384490967,,3.112294912338257,,52,0.7407625913619995,,61049
4.068004608154297,,3.1637866497039795,,52,0.9042181968688965,,61059
4.200808525085449,,3.3230643272399902,,52,0.8777439594268799,,61069
4.124272346496582,,3.220468044281006,,52,0.9038041830062866,,61079
4.1317458152771,,3.2041263580322266,,52,0.9276193380355835,,61089
3.838855266571045,,3.100958824157715,,52,0.7378965616226196,,61099
,4.135239601135254,,3.2264959812164307,52,,0.9087437987327576,61108
3.898437023162842,,3.0930652618408203,,53,0.8053718209266663,,61109
4.046227931976318,,3.248678684234619,,53,0.797549307346344,,61119
4.056988716125488,,3.2362167835235596,,53,0.8207717537879944,,61129
4.0007710456848145,,3.1564033031463623,,53,0.8443678021430969,,61139
4.463680267333984,,3.484497547149658,,53,0.9791826009750366,,61149
4.120805740356445,,3.1898343563079834,,53,0.9309713244438171,,61159
4.336950302124023,,3.3805997371673584,,53,0.9563505053520203,,61169
3.9784626960754395,,3.1705479621887207,,53,0.8079147338867188,,61179
4.020712375640869,,3.1751303672790527,,53,0.8455819487571716,,61189
4.126585960388184,,3.234722375869751,,53,0.8918634653091431,,61199
4.109687805175781,,3.2496771812438965,,53,0.86001056432724,,61209
4.1273112297058105,,3.2731354236602783,,53,0.8541757464408875,,61219
4.016902923583984,,3.215690851211548,,53,0.8012122511863708,,61229
4.0107550621032715,,3.1872165203094482,,53,0.8235384225845337,,61239
4.030975818634033,,3.220890522003174,,53,0.810085117816925,,61249
4.198770999908447,,3.2819600105285645,,53,0.9168108701705933,,61259
4.301706314086914,,3.3973371982574463,,53,0.9043692350387573,,61269
4.069758415222168,,3.2945878505706787,,53,0.7751708030700684,,61279
3.805711030960083,,3.041044235229492,,53,0.7646667957305908,,61289
4.016148090362549,,3.2091073989868164,,53,0.8070408701896667,,61299
4.137251377105713,,3.1840271949768066,,53,0.9532243609428406,,61309
4.013710021972656,,3.076378107070923,,53,0.9373317360877991,,61319
3.9647622108459473,,3.116680383682251,,53,0.8480817079544067,,61329
3.977783203125,,3.2203569412231445,,53,0.7574261426925659,,61339
4.038009166717529,,3.1855947971343994,,53,0.8524141907691956,,61349
4.088626861572266,,3.1933960914611816,,53,0.8952309489250183,,61359
3.89047908782959,,3.1074280738830566,,53,0.7830509543418884,,61369
3.977586030960083,,3.1933035850524902,,53,0.7842824459075928,,61379
4.005859375,,3.180978298187256,,53,0.8248811364173889,,61389
4.231110095977783,,3.2596733570098877,,53,0.9714367389678955,,61399
4.253702163696289,,3.254879951477051,,53,0.9988224506378174,,61409
4.117194175720215,,3.2593390941619873,,53,0.857854962348938,,61419
3.887598991394043,,3.1286847591400146,,53,0.7589142918586731,,61429
4.127274036407471,,3.257284164428711,,53,0.8699899315834045,,61439
4.036274433135986,,3.195521831512451,,53,0.8407525420188904,,61449
3.8769359588623047,,3.1180930137634277,,53,0.7588430047035217,,61459
4.291995048522949,,3.235827922821045,,53,1.0561673641204834,,61469
4.415803909301758,,3.349409818649292,,53,1.066394329071045,,61479
4.098295211791992,,3.2800259590148926,,53,0.8182694315910339,,61489
3.884361743927002,,3.158954381942749,,53,0.7254073619842529,,61499
3.958038330078125,,3.156282424926758,,53,0.801755964756012,,61509
3.990974187850952,,3.176790237426758,,53,0.8141838908195496,,61519
3.967465400695801,,3.153489589691162,,53,0.8139756917953491,,61529
4.05247688293457,,3.1762280464172363,,53,0.8762485980987549,,61539
4.075805187225342,,3.265531539916992,,53,0.8102735877037048,,61549
3.9344565868377686,,3.18027400970459,,53,0.7541826367378235,,61559
4.271564960479736,,3.3216679096221924,,53,0.9498969912528992,,61569
3.918375253677368,,3.1167383193969727,,53,0.8016368746757507,,61579
4.111717224121094,,3.269482374191284,,53,0.8422350883483887,,61589
4.025723934173584,,3.1892054080963135,,53,0.8365184664726257,,61599
3.9324851036071777,,3.155656337738037,,53,0.7768286466598511,,61609
4.457116603851318,,3.4744372367858887,,53,0.9826794862747192,,61619
4.064573764801025,,3.2424521446228027,,53,0.8221215605735779,,61629
4.767698764801025,,3.611868381500244,,53,1.1558303833007812,,61639
3.9198195934295654,,3.174717903137207,,53,0.7451016902923584,,61649
3.859466791152954,,3.1225154399871826,,53,0.7369513511657715,,61659
3.9445528984069824,,3.2616074085235596,,53,0.6829454302787781,,61669
4.095284461975098,,3.1754698753356934,,53,0.9198147654533386,,61679
4.056382179260254,,3.217500686645508,,53,0.8388816714286804,,61689
3.7873969078063965,,3.0594911575317383,,53,0.727905809879303,,61699
3.826366901397705,,3.1277639865875244,,53,0.6986028552055359,,61709
4.022129058837891,,3.172874927520752,,53,0.8492540121078491,,61719
3.9312777519226074,,3.142019033432007,,53,0.7892586588859558,,61729
4.015002727508545,,3.2061362266540527,,53,0.808866560459137,,61739
3.9878668785095215,,3.129551887512207,,53,0.858315110206604,,61749
4.200163841247559,,3.2510571479797363,,53,0.9491066336631775,,61759
3.9857373237609863,,3.176250457763672,,53,0.809486985206604,,61769
3.908027172088623,,3.1789302825927734,,53,0.7290967702865601,,61779
3.9858741760253906,,3.1771786212921143,,53,0.8086954355239868,,61789
4.043229579925537,,3.2080132961273193,,53,0.8352161049842834,,61799
4.134934425354004,,3.293768882751465,,53,0.8411657214164734,,61809
4.021237850189209,,3.167696952819824,,53,0.8535409569740295,,61819
4.028304576873779,,3.1973488330841064,,53,0.8309558033943176,,61829
4.003011226654053,,3.2421956062316895,,53,0.7608155608177185,,61839
3.998324394226074,,3.190998077392578,,53,0.8073261976242065,,61849
3.884284496307373,,3.2137179374694824,,53,0.6705666184425354,,61859
3.9664344787597656,,3.2137110233306885,,53,0.7527233958244324,,61869
3.756803512573242,,3.1042885780334473,,53,0.6525150537490845,,61879
4.081553936004639,,3.24082612991333,,53,0.840727686882019,,61889
4.082327842712402,,3.30812931060791,,53,0.7741984128952026,,61899
4.033285140991211,,3.1393322944641113,,53,0.8939528465270996,,61909
3.9993200302124023,,3.1795825958251953,,53,0.8197373747825623,,61919
3.8369979858398438,,3.080134153366089,,53,0.7568637728691101,,61929
3.9192466735839844,,3.198622226715088,,53,0.7206243872642517,,61939
3.9824914932250977,,3.245628833770752,,53,0.7368627190589905,,61949
3.774566650390625,,3.0722274780273438,,53,0.7023390531539917,,61959
4.1065521240234375,,3.346752643585205,,53,0.7597993612289429,,61969
3.9874632358551025,,3.1568245887756348,,53,0.830638587474823,,61979
4.035920143127441,,3.216948986053467,,53,0.8189712166786194,,61989
4.04839563369751,,3.19834041595459,,53,0.8500552177429199,,61999
4.256321430206299,,3.242898941040039,,53,1.0134223699569702,,62009
3.89851713180542,,3.158625364303589,,53,0.7398916482925415,,62019
4.154128074645996,,3.264880657196045,,53,0.8892472982406616,,62029
4.1422834396362305,,3.210116386413574,,53,0.9321668744087219,,62039
3.8965799808502197,,3.0538320541381836,,53,0.8427478671073914,,62049
3.787458896636963,,3.1306064128875732,,53,0.6568525433540344,,62059
4.314153671264648,,3.2631847858428955,,53,1.0509686470031738,,62069
4.147096633911133,,3.250398635864258,,53,0.8966978192329407,,62079
4.4127326011657715,,3.4855942726135254,,53,0.9271382689476013,,62089
3.9185404777526855,,3.115628480911255,,53,0.8029118776321411,,62099
3.987611770629883,,3.19734787940979,,53,0.7902640104293823,,62109
3.8320703506469727,,3.1025681495666504,,53,0.7295021414756775,,62119
4.213132858276367,,3.2718610763549805,,53,0.941271960735321,,62129
3.903630495071411,,3.0973944664001465,,53,0.8062360286712646,,62139
4.37690544128418,,3.417653799057007,,53,0.9592514038085938,,62149
4.076603412628174,,3.2465076446533203,,53,0.8300957083702087,,62159
4.01137113571167,,3.2195229530334473,,53,0.7918482422828674,,62169
4.38416051864624,,3.336704969406128,,53,1.0474555492401123,,62179
4.032057762145996,,3.1334967613220215,,53,0.8985610008239746,,62189
4.028977394104004,,3.25492525100708,,53,0.7740522623062134,,62199
3.7334413528442383,,3.0650157928466797,,53,0.6684256196022034,,62209
3.7636146545410156,,3.1220884323120117,,53,0.6415262222290039,,62219
4.023947238922119,,3.2001235485076904,,53,0.8238237500190735,,62229
4.2185845375061035,,3.387746810913086,,53,0.8308376669883728,,62239
3.76889705657959,,3.0490851402282715,,53,0.7198119163513184,,62249
4.026096820831299,,3.2640695571899414,,53,0.7620271444320679,,62259
,4.04326057434082,,3.2152605056762695,53,,0.8279999494552612,62261
4.096793174743652,,3.29856538772583,,54,0.7982279658317566,,62269
3.8168718814849854,,3.1075196266174316,,54,0.7093521952629089,,62279
3.946650743484497,,3.185183525085449,,54,0.7614671587944031,,62289
4.003425598144531,,3.1887640953063965,,54,0.8146616220474243,,62299
4.024073123931885,,3.207123041152954,,54,0.816950261592865,,62309
4.127758502960205,,3.2409157752990723,,54,0.8868427276611328,,62319
3.9292192459106445,,3.2018470764160156,,54,0.7273720502853394,,62329
4.018764495849609,,3.2383947372436523,,54,0.7803696393966675,,62339
4.083143711090088,,3.242379665374756,,54,0.8407639265060425,,62349
4.037503719329834,,3.2210536003112793,,54,0.8164499998092651,,62359
3.9304966926574707,,3.138580799102783,,54,0.7919158935546875,,62369
4.079805374145508,,3.188910484313965,,54,0.8908948302268982,,62379
4.119197368621826,,3.2915618419647217,,54,0.8276357054710388,,62389
3.9294815063476562,,3.2080206871032715,,54,0.7214608788490295,,62399
3.845923662185669,,3.187854051589966,,54,0.6580696105957031,,62409
3.9448068141937256,,3.125257968902588,,54,0.8195487856864929,,62419
3.8643059730529785,,3.1806747913360596,,54,0.6836312413215637,,62429
3.9570093154907227,,3.2323317527770996,,54,0.724677562713623,,62439
4.232958793640137,,3.451895236968994,,54,0.7810636758804321,,62449
3.8689208030700684,,3.144298791885376,,54,0.7246219515800476,,62459
3.996155261993408,,3.1329102516174316,,54,0.8632451295852661,,62469
3.953732967376709,,3.1939282417297363,,54,0.7598046064376831,,62479
3.8154120445251465,,3.1518476009368896,,54,0.6635643839836121,,62489
4.017719745635986,,3.199428081512451,,54,0.8182915449142456,,62499
3.7344515323638916,,3.0320682525634766,,54,0.7023832201957703,,62509
4.417372226715088,,3.4850144386291504,,54,0.9323577880859375,,62519
4.061441898345947,,3.2785415649414062,,54,0.7829003930091858,,62529
3.9963736534118652,,3.3264124393463135,,54,0.6699612140655518,,62539
4.018115997314453,,3.25110125541687,,54,0.7670148611068726,,62549
4.056254863739014,,3.2368781566619873,,54,0.8193768262863159,,62559
3.917764186859131,,3.095785140991211,,54,0.8219791650772095,,62569
3.8202996253967285,,3.1890649795532227,,54,0.6312347054481506,,62579
4.126235008239746,,3.284353017807007,,54,0.8418821692466736,,62589
4.036270618438721,,3.276444911956787,,54,0.7598256468772888,,62599
3.934908390045166,,3.2061502933502197,,54,0.7287580370903015,,62609
3.991267204284668,,3.2750368118286133,,54,0.7162305116653442,,62619
3.9432108402252197,,3.172240734100342,,54,0.7709701061248779,,62629
3.8887898921966553,,3.174459457397461,,54,0.7143303751945496,,62639
3.9422903060913086,,3.185115337371826,,54,0.7571749687194824,,62649
3.7650034427642822,,3.115506649017334,,54,0.649496853351593,,62659
3.870419979095459,,3.075589656829834,,54,0.794830322265625,,62669
3.759521961212158,,3.075613260269165,,54,0.6839086413383484,,62679
3.8436708450317383,,3.199979782104492,,54,0.6436910033226013,,62689
3.8288002014160156,,3.1301846504211426,,54,0.6986154317855835,,62699
4.051676273345947,,3.256887435913086,,54,0.7947888970375061,,62709
3.7362093925476074,,3.106372833251953,,54,0.6298364400863647,,62719
4.044885635375977,,3.277878761291504,,54,0.7670068740844727,,62729
3.9373161792755127,,3.1952266693115234,,54,0.7420895099639893,,62739
3.7033462524414062,,3.087472438812256,,54,0.6158737540245056,,62749
4.074425220489502,,3.3222455978393555,,54,0.7521796822547913,,62759
3.865476608276367,,3.166734218597412,,54,0.6987424492835999,,62769
3.805532932281494,,3.09456467628479,,54,0.7109683156013489,,62779
3.758193016052246,,3.1118969917297363,,54,0.6462960839271545,,62789
3.936260223388672,,3.2853918075561523,,54,0.6508685350418091,,62799
4.281569004058838,,3.368030309677124,,54,0.9135388731956482,,62809
4.098660945892334,,3.353555679321289,,54,0.7451052665710449,,62819
4.188363552093506,,3.293972969055176,,54,0.8943905234336853,,62829
4.31518030166626,,3.425203323364258,,54,0.8899770975112915,,62839
3.9377574920654297,,3.1757097244262695,,54,0.7620477080345154,,62849
3.9622178077697754,,3.2099809646606445,,54,0.7522368431091309,,62859
3.8741941452026367,,3.189180850982666,,54,0.6850132942199707,,62869
3.684722423553467,,3.052103042602539,,54,0.6326192617416382,,62879
3.918461322784424,,3.2407619953155518,,54,0.6776993870735168,,62889
3.996823310852051,,3.178368091583252,,54,0.8184553384780884,,62899
4.039733409881592,,3.169194221496582,,54,0.8705392479896545,,62909
4.095606327056885,,3.3091399669647217,,54,0.7864661812782288,,62919
4.010855674743652,,3.244506359100342,,54,0.766349196434021,,62929
4.045897483825684,,3.245853900909424,,54,0.800043523311615,,62939
4.158200263977051,,3.3838398456573486,,54,0.7743604183197021,,62949
3.7523694038391113,,3.0977277755737305,,54,0.6546416878700256,,62959
3.773787260055542,,3.1487889289855957,,54,0.6249982714653015,,62969
4.244659423828125,,3.365489959716797,,54,0.8791694641113281,,62979
4.041718482971191,,3.19089412689209,,54,0.850824236869812,,62989
3.8035449981689453,,3.1516239643096924,,54,0.6519211530685425,,62999
4.018577575683594,,3.20822811126709,,54,0.8103492259979248,,63009
3.7475483417510986,,3.060246467590332,,54,0.6873018145561218,,63019
4.072927951812744,,3.3394765853881836,,54,0.7334515452384949,,63029
3.9713785648345947,,3.2194461822509766,,54,0.7519324421882629,,63039
3.984562397003174,,3.2266135215759277,,54,0.7579488158226013,,63049
3.9644837379455566,,3.240079641342163,,54,0.7244042158126831,,63059
3.79093337059021,,3.1082892417907715,,54,0.6826441884040833,,63069
3.9826109409332275,,3.1960296630859375,,54,0.7865813374519348,,63079
4.050755500793457,,3.2010505199432373,,54,0.8497050404548645,,63089
3.947326183319092,,3.211451768875122,,54,0.7358744144439697,,63099
3.8761374950408936,,3.168071746826172,,54,0.7080657482147217,,63109
4.005164623260498,,3.1546618938446045,,54,0.8505028486251831,,63119
4.081491947174072,,3.254624843597412,,54,0.8268669843673706,,63129
3.9536781311035156,,3.241098403930664,,54,0.7125798463821411,,63139
3.6907660961151123,,3.0811071395874023,,54,0.6096588969230652,,63149
3.830807685852051,,3.119002103805542,,54,0.7118056416511536,,63159
3.851243019104004,,3.1075870990753174,,54,0.743655800819397,,63169
4.264164924621582,,3.441472053527832,,54,0.8226926922798157,,63179
4.031256675720215,,3.2314085960388184,,54,0.7998479604721069,,63189
4.007556915283203,,3.2570230960845947,,54,0.7505340576171875,,63199
3.9260640144348145,,3.1856822967529297,,54,0.7403817772865295,,63209
3.8729946613311768,,3.11733341217041,,54,0.7556611895561218,,63219
4.208827495574951,,3.3996944427490234,,54,0.8091331124305725,,63229
3.717395067214966,,3.071303606033325,,54,0.6460914611816406,,63239
4.036224365234375,,3.2737295627593994,,54,0.7624947428703308,,63249
4.001614570617676,,3.227395534515381,,54,0.774219274520874,,63259
3.677004337310791,,3.1227240562438965,,54,0.5542802214622498,,63269
3.9774060249328613,,3.2599430084228516,,54,0.7174631357192993,,63279
3.922245979309082,,3.2189841270446777,,54,0.7032618522644043,,63289
4.054781913757324,,3.184033155441284,,54,0.8707489371299744,,63299
3.801663875579834,,3.1210548877716064,,54,0.680608868598938,,63309
3.736703634262085,,3.132633686065674,,54,0.6040699481964111,,63319
4.108644485473633,,3.1986351013183594,,54,0.9100092649459839,,63329
3.8430323600769043,,3.152376890182495,,54,0.6906555891036987,,63339
3.9123830795288086,,3.235610246658325,,54,0.676772952079773,,63349
3.8720130920410156,,3.176046848297119,,54,0.6959663033485413,,63359
4.055635452270508,,3.273711681365967,,54,0.7819238305091858,,63369
3.9277291297912598,,3.214308738708496,,54,0.7134202718734741,,63379
4.233773231506348,,3.3458051681518555,,54,0.8879679441452026,,63389
4.073670864105225,,3.211376190185547,,54,0.8622948527336121,,63399
4.213456630706787,,3.24122953414917,,54,0.9722270965576172,,63409
,3.9579050540924072,,3.2115163803100586,54,,0.7463884949684143,63414
4.154768943786621,,3.2993710041046143,,55,0.8553980588912964,,63419
3.8607938289642334,,3.233793258666992,,55,0.6270005106925964,,63429
4.013082981109619,,3.2734570503234863,,55,0.7396258115768433,,63439
3.890984296798706,,3.1217446327209473,,55,0.769239604473114,,63449
3.941493272781372,,3.256923198699951,,55,0.6845700144767761,,63459
3.642524242401123,,3.074838876724243,,55,0.5676853656768799,,63469
3.838679075241089,,3.1657633781433105,,55,0.6729157567024231,,63479
3.933159112930298,,3.1575098037719727,,55,0.7756493091583252,,63489
4.007116317749023,,3.255279541015625,,55,0.7518368363380432,,63499
3.81398344039917,,3.2144923210144043,,55,0.5994910001754761,,63509
3.963221311569214,,3.207873821258545,,55,0.7553474307060242,,63519
3.9271507263183594,,3.2145395278930664,,55,0.7126112580299377,,63529
4.025082111358643,,3.2103934288024902,,55,0.8146887421607971,,63539
3.8829457759857178,,3.200352191925049,,55,0.6825936436653137,,63549
3.7568492889404297,,3.0866262912750244,,55,0.6702229976654053,,63559
3.8812382221221924,,3.1975514888763428,,55,0.6836867332458496,,63569
3.9081151485443115,,3.168651580810547,,55,0.7394635081291199,,63579
3.7677114009857178,,3.134632110595703,,55,0.6330792307853699,,63589
3.8660573959350586,,3.1663596630096436,,55,0.6996976137161255,,63599
3.8762054443359375,,3.0751962661743164,,55,0.8010092973709106,,63609
4.060563564300537,,3.314159393310547,,55,0.746404230594635,,63619
3.830565929412842,,3.1228342056274414,,55,0.7077318429946899,,63629
3.8575642108917236,,3.179377555847168,,55,0.6781865954399109,,63639
3.893339157104492,,3.2246930599212646,,55,0.6686460971832275,,63649
3.982107639312744,,3.196591377258301,,55,0.7855163216590881,,63659
3.9242351055145264,,3.203211784362793,,55,0.7210232615470886,,63669
3.9456233978271484,,3.2256884574890137,,55,0.7199349999427795,,63679
4.125441074371338,,3.3366737365722656,,55,0.788767397403717,,63689
3.891660690307617,,3.1285576820373535,,55,0.7631030678749084,,63699
3.9434704780578613,,3.2440543174743652,,55,0.6994162797927856,,63709
3.888704299926758,,3.2105095386505127,,55,0.6781947612762451,,63719
3.899284601211548,,3.14205265045166,,55,0.7572318911552429,,63729
3.8160157203674316,,3.118117332458496,,55,0.6978983879089355,,63739
4.0330986976623535,,3.315793514251709,,55,0.7173053622245789,,63749
4.101039886474609,,3.344817638397217,,55,0.7562221884727478,,63759
3.8813798427581787,,3.2043747901916504,,55,0.6770051121711731,,63769
3.6802351474761963,,3.0573129653930664,,55,0.6229221820831299,,63779
3.849669933319092,,3.170714855194092,,55,0.678955078125,,63789
4.089049816131592,,3.30397891998291,,55,0.7850709557533264,,63799
3.7958974838256836,,3.122925281524658,,55,0.6729722023010254,,63809
3.7268848419189453,,3.074627161026001,,55,0.6522576808929443,,63819
3.6871771812438965,,3.0593225955963135,,55,0.6278545260429382,,63829
3.7562193870544434,,3.140336513519287,,55,0.6158828735351562,,63839
3.8578555583953857,,3.1669840812683105,,55,0.6908714175224304,,63849
3.9651689529418945,,3.2158687114715576,,55,0.7493001222610474,,63859
4.015223979949951,,3.2238101959228516,,55,0.7914139032363892,,63869
4.209003448486328,,3.5116353034973145,,55,0.6973679065704346,,63879
4.062421798706055,,3.3156015872955322,,55,0.7468202710151672,,63889
4.4370832443237305,,3.3783481121063232,,55,1.0587352514266968,,63899
3.860328435897827,,3.13771653175354,,55,0.7226119041442871,,63909
3.86922550201416,,3.1171772480010986,,55,0.7520483732223511,,63919
3.8604507446289062,,3.16534423828125,,55,0.6951064467430115,,63929
3.9697086811065674,,3.121122360229492,,55,0.8485863208770752,,63939
4.157790660858154,,3.2084593772888184,,55,0.9493314027786255,,63949
3.8202478885650635,,3.141223907470703,,55,0.6790239214897156,,63959
4.202352523803711,,3.3639345169067383,,55,0.838418185710907,,63969
4.020624160766602,,3.177185535430908,,55,0.8434386849403381,,63979
3.759511947631836,,3.0579161643981934,,55,0.7015957236289978,,63989
4.180117607116699,,3.3952078819274902,,55,0.7849099040031433,,63999
3.899179697036743,,3.2375025749206543,,55,0.6616770625114441,,64009
3.9497299194335938,,3.2100794315338135,,55,0.7396506071090698,,64019
3.9881601333618164,,3.2025532722473145,,55,0.7856069803237915,,64029
3.940840244293213,,3.2760064601898193,,55,0.6648337244987488,,64039
3.961839199066162,,3.188114643096924,,55,0.7737246155738831,,64049
3.6678617000579834,,3.085784912109375,,55,0.5820767283439636,,64059
3.9012742042541504,,3.1016666889190674,,55,0.7996075749397278,,64069
3.639474630355835,,3.0808780193328857,,55,0.5585966110229492,,64079
4.235352516174316,,3.4176149368286133,,55,0.8177375793457031,,64089
4.051548004150391,,3.265324592590332,,55,0.7862233519554138,,64099
3.8540756702423096,,3.21622896194458,,55,0.6378467679023743,,64109
3.9194393157958984,,3.1359119415283203,,55,0.7835273146629333,,64119
3.822573184967041,,3.1076903343200684,,55,0.7148829698562622,,64129
4.018806457519531,,3.2568163871765137,,55,0.7619901895523071,,64139
3.9768929481506348,,3.2195091247558594,,55,0.7573839426040649,,64149
3.7898061275482178,,3.1030611991882324,,55,0.6867449879646301,,64159
4.078535079956055,,3.300001382827759,,55,0.7785334587097168,,64169
3.861109495162964,,3.1708266735076904,,55,0.6902828812599182,,64179
3.913283348083496,,3.1467814445495605,,55,0.7665019035339355,,64189
3.733971118927002,,3.1178064346313477,,55,0.6161646842956543,,64199
4.057438850402832,,3.2396554946899414,,55,0.8177833557128906,,64209
3.8578338623046875,,3.1701178550720215,,55,0.687716007232666,,64219
3.8499059677124023,,3.126680850982666,,55,0.7232250571250916,,64229
3.9486615657806396,,3.1628854274749756,,55,0.7857761383056641,,64239
4.209138870239258,,3.2473835945129395,,55,0.9617554545402527,,64249
3.9154884815216064,,3.2186639308929443,,55,0.6968245506286621,,64259
3.842214345932007,,3.139030933380127,,55,0.7031834125518799,,64269
3.9816741943359375,,3.202009439468384,,55,0.7796648740768433,,64279
4.0908966064453125,,3.3224587440490723,,55,0.7684380412101746,,64289
4.083710193634033,,3.2122740745544434,,55,0.8714361786842346,,64299
3.946272850036621,,3.2540760040283203,,55,0.6921969652175903,,64309
3.9474196434020996,,3.2295045852661133,,55,0.7179151177406311,,64319
4.13603401184082,,3.3203959465026855,,55,0.8156378865242004,,64329
4.4017767906188965,,3.357839584350586,,55,1.043937087059021,,64339
3.8691024780273438,,3.224797487258911,,55,0.6443051099777222,,64349
3.76163387298584,,3.1821799278259277,,55,0.5794540047645569,,64359
3.842813014984131,,3.180448532104492,,55,0.6623644232749939,,64369
3.8935554027557373,,3.2341840267181396,,55,0.6593713164329529,,64379
3.8106565475463867,,3.125823497772217,,55,0.6848331093788147,,64389
3.797023296356201,,3.0906715393066406,,55,0.7063516974449158,,64399
3.870590925216675,,3.230496644973755,,55,0.6400942802429199,,64409
4.0045695304870605,,3.2131972312927246,,55,0.7913722991943359,,64419
3.8210363388061523,,3.137360095977783,,55,0.6836763620376587,,64429
4.018949508666992,,3.2497940063476562,,55,0.7691556215286255,,64439
3.9001851081848145,,3.1208202838897705,,55,0.7793647646903992,,64449
4.047481536865234,,3.246819496154785,,55,0.8006619215011597,,64459
3.8804068565368652,,3.073533535003662,,55,0.8068734407424927,,64469
3.8196029663085938,,3.0988008975982666,,55,0.7208020687103271,,64479
3.9181182384490967,,3.15240740776062,,55,0.7657108306884766,,64489
3.8949689865112305,,3.1526899337768555,,55,0.7422789335250854,,64499
4.068739891052246,,3.3366470336914062,,55,0.7320926785469055,,64509
3.8173182010650635,,3.1700596809387207,,55,0.6472585797309875,,64519
3.7487058639526367,,3.13946270942688,,55,0.6092432141304016,,64529
3.998086452484131,,3.2170729637145996,,55,0.7810133695602417,,64539
3.9708733558654785,,3.114445209503174,,55,0.8564280271530151,,64549
4.007866859436035,,3.256333827972412,,55,0.751532793045044,,64559
,3.9303605556488037,,3.204885244369507,55,,0.7254753112792969,64567
3.892609119415283,,3.179436206817627,,56,0.7131730318069458,,64569
4.061614990234375,,3.2346320152282715,,56,0.8269829750061035,,64579
3.933896064758301,,3.2774603366851807,,56,0.6564356088638306,,64589
4.034181118011475,,3.232846736907959,,56,0.80133455991745,,64599
3.827950954437256,,3.205793619155884,,56,0.6221572756767273,,64609
3.883857488632202,,3.214618444442749,,56,0.6692390441894531,,64619
3.6267318725585938,,3.0271010398864746,,56,0.5996308326721191,,64629
3.91774582862854,,3.3069162368774414,,56,0.6108295321464539,,64639
3.91774845123291,,3.1718852519989014,,56,0.7458632588386536,,64649
3.7748472690582275,,3.1301045417785645,,56,0.6447427868843079,,64659
4.094634056091309,,3.3004958629608154,,56,0.7941380739212036,,64669
3.8135018348693848,,3.1294236183166504,,56,0.6840783357620239,,64679
3.8478822708129883,,3.182729959487915,,56,0.6651521921157837,,64689
3.772535562515259,,3.09328293800354,,56,0.6792526841163635,,64699
3.8132243156433105,,3.2043161392211914,,56,0.6089081168174744,,64709
3.7275562286376953,,3.113373279571533,,56,0.6141830086708069,,64719
4.091790676116943,,3.2064852714538574,,56,0.8853055238723755,,64729
3.9857969284057617,,3.341600179672241,,56,0.6441966891288757,,64739
3.910097599029541,,3.199779987335205,,56,0.7103174924850464,,64749
3.8779430389404297,,3.1885859966278076,,56,0.6893571615219116,,64759
4.3187031745910645,,3.383664608001709,,56,0.9350385069847107,,64769
3.8694963455200195,,3.159036636352539,,56,0.71045982837677,,64779
3.887441635131836,,3.123278856277466,,56,0.7641627788543701,,64789
3.7075281143188477,,3.0756137371063232,,56,0.631914496421814,,64799
4.080674171447754,,3.299776077270508,,56,0.7808981537818909,,64809
4.0210700035095215,,3.155251979827881,,56,0.865818202495575,,64819
3.932270050048828,,3.1287953853607178,,56,0.8034746050834656,,64829
3.8055355548858643,,3.174117088317871,,56,0.6314184665679932,,64839
3.7420876026153564,,3.1045632362365723,,56,0.637524425983429,,64849
3.9603171348571777,,3.238248109817505,,56,0.7220691442489624,,64859
3.9985876083374023,,3.1911208629608154,,56,0.8074666857719421,,64869
3.903355121612549,,3.130786418914795,,56,0.7725687026977539,,64879
4.1210737228393555,,3.3362157344818115,,56,0.7848581075668335,,64889
4.0833210945129395,,3.2811973094940186,,56,0.8021237254142761,,64899
3.6820173263549805,,3.0842156410217285,,56,0.5978015661239624,,64909
3.836299180984497,,3.113896131515503,,56,0.7224031090736389,,64919
3.7425928115844727,,3.050342082977295,,56,0.6922507286071777,,64929
4.070520877838135,,3.348933219909668,,56,0.7215877175331116,,64939
3.8104326725006104,,3.194375514984131,,56,0.6160572171211243,,64949
3.8973476886749268,,3.232839584350586,,56,0.6645081043243408,,64959
3.839320421218872,,3.219942808151245,,56,0.6193775534629822,,64969
3.9860286712646484,,3.244147777557373,,56,0.7418810129165649,,64979
3.8245060443878174,,3.141756534576416,,56,0.6827495098114014,,64989
3.7828073501586914,,3.101154088973999,,56,0.6816532611846924,,64999
3.888376235961914,,3.1938440799713135,,56,0.6945322751998901,,65009
3.7013795375823975,,3.0644898414611816,,56,0.6368896961212158,,65019
3.814897060394287,,3.18780779838562,,56,0.627089262008667,,65029
3.873667001724243,,3.1954548358917236,,56,0.6782121062278748,,65039
3.884526014328003,,3.2203855514526367,,56,0.6641404032707214,,65049
4.045961380004883,,3.308544397354126,,56,0.7374171018600464,,65059
3.7979037761688232,,3.175999641418457,,56,0.621904194355011,,65069
3.8481898307800293,,3.1432993412017822,,56,0.7048903703689575,,65079
3.9637978076934814,,3.1680943965911865,,56,0.7957034707069397,,65089
4.115148544311523,,3.200500249862671,,56,0.9146483540534973,,65099
3.8945021629333496,,3.194668769836426,,56,0.6998335123062134,,65109
3.831061363220215,,3.1465563774108887,,56,0.6845048666000366,,65119
3.9902162551879883,,3.2610254287719727,,56,0.7291908860206604,,65129
3.881845712661743,,3.2079498767852783,,56,0.6738958358764648,,65139
4.195531845092773,,3.2880003452301025,,56,0.9075315594673157,,65149
3.7544870376586914,,3.123243808746338,,56,0.6312432289123535,,65159
3.929511547088623,,3.153540849685669,,56,0.7759706377983093,,65169
3.932053327560425,,3.2296926975250244,,56,0.7023605704307556,,65179
3.9703633785247803,,3.246562957763672,,56,0.7238003611564636,,65189
3.7909886837005615,,3.1441121101379395,,56,0.6468765735626221,,65199
3.790055513381958,,3.121652603149414,,56,0.6684029698371887,,65209
3.8360934257507324,,3.202725887298584,,56,0.6333674192428589,,65219
3.8154845237731934,,3.1625423431396484,,56,0.6529421806335449,,65229
4.256137847900391,,3.3260626792907715,,56,0.9300752282142639,,65239
3.7512264251708984,,3.1111981868743896,,56,0.6400282979011536,,65249
4.333988189697266,,3.327143907546997,,56,1.006844401359558,,65259
4.145358085632324,,3.3526315689086914,,56,0.7927266955375671,,65269
3.995919704437256,,3.130492687225342,,56,0.8654270172119141,,65279
3.7424709796905518,,3.093179702758789,,56,0.6492912173271179,,65289
3.8878724575042725,,3.2251763343811035,,56,0.662696123123169,,65299
3.9968600273132324,,3.192347764968872,,56,0.8045123219490051,,65309
3.928492546081543,,3.228766441345215,,56,0.6997261643409729,,65319
3.7721567153930664,,3.1161322593688965,,56,0.6560243368148804,,65329
3.9706249237060547,,3.248138904571533,,56,0.7224860787391663,,65339
3.8004958629608154,,3.1976547241210938,,56,0.6028410792350769,,65349
3.876521110534668,,3.1054604053497314,,56,0.7710607051849365,,65359
3.7018380165100098,,3.0946428775787354,,56,0.6071950793266296,,65369
3.6482813358306885,,3.058497190475464,,56,0.5897842049598694,,65379
4.190464973449707,,3.3439712524414062,,56,0.8464936017990112,,65389
4.0862274169921875,,3.2252326011657715,,56,0.8609950542449951,,65399
3.847583770751953,,3.1556849479675293,,56,0.6918988823890686,,65409
4.067996025085449,,3.2664341926574707,,56,0.801561713218689,,65419
3.7754199504852295,,3.082441806793213,,56,0.6929781436920166,,65429
4.023324012756348,,3.253404140472412,,56,0.7699199318885803,,65439
4.049899578094482,,3.2386627197265625,,56,0.8112369179725647,,65449
3.82169508934021,,3.1439967155456543,,56,0.6776983737945557,,65459
4.01838493347168,,3.245215892791748,,56,0.7731689810752869,,65469
3.7707207202911377,,3.069261074066162,,56,0.7014595866203308,,65479
4.028635025024414,,3.2861454486846924,,56,0.7424896955490112,,65489
3.833690643310547,,3.1297545433044434,,56,0.7039362192153931,,65499
3.887998580932617,,3.067824602127075,,56,0.8201740980148315,,65509
3.8565237522125244,,3.132988452911377,,56,0.7235352396965027,,65519
3.6666226387023926,,3.098212718963623,,56,0.5684099793434143,,65529
4.075074672698975,,3.199553966522217,,56,0.8755205273628235,,65539
3.8536808490753174,,3.2445220947265625,,56,0.6091588139533997,,65549
3.833061695098877,,3.179293155670166,,56,0.6537684202194214,,65559
4.379308700561523,,3.538797616958618,,56,0.840510904788971,,65569
3.9722909927368164,,3.2490458488464355,,56,0.7232450842857361,,65579
3.8882126808166504,,3.240267038345337,,56,0.647945761680603,,65589
3.941073417663574,,3.214244842529297,,56,0.7268285155296326,,65599
3.793557643890381,,3.1280503273010254,,56,0.6655071973800659,,65609
3.8535361289978027,,3.1762030124664307,,56,0.6773330569267273,,65619
4.089930534362793,,3.3171873092651367,,56,0.7727430462837219,,65629
4.015911102294922,,3.2077479362487793,,56,0.8081631064414978,,65639
3.9813995361328125,,3.3941071033477783,,56,0.5872924327850342,,65649
3.8666226863861084,,3.1920180320739746,,56,0.674604594707489,,65659
3.925542116165161,,3.227841854095459,,56,0.6977003216743469,,65669
3.697126626968384,,3.1060562133789062,,56,0.5910704731941223,,65679
3.8774452209472656,,3.186734199523926,,56,0.6907109022140503,,65689
3.7573814392089844,,3.1619865894317627,,56,0.5953947901725769,,65699
3.7688541412353516,,3.0972213745117188,,56,0.6716326475143433,,65709
3.798408031463623,,3.105609893798828,,56,0.6927980780601501,,65719
,3.9191408157348633,,3.2030911445617676,56,,0.7160497307777405,65720
3.979187488555908,,3.2806739807128906,,57,0.6985134482383728,,65729
3.913370132446289,,3.219790458679199,,57,0.6935795545578003,,65739
4.125584602355957,,3.322969913482666,,57,0.8026148080825806,,65749
3.582103967666626,,3.050832748413086,,57,0.5312711596488953,,65759
3.8107974529266357,,3.063211441040039,,57,0.7475860714912415,,65769
3.8427224159240723,,3.224726676940918,,57,0.6179956793785095,,65779
3.8414981365203857,,3.1454224586486816,,57,0.6960756182670593,,65789
3.867595672607422,,3.176255941390991,,57,0.6913397908210754,,65799
4.135333061218262,,3.288099765777588,,57,0.8472331166267395,,65809
3.781830310821533,,3.0889461040496826,,57,0.6928842067718506,,65819
4.062381744384766,,3.304488182067871,,57,0.7578935623168945,,65829
3.8648810386657715,,3.242643117904663,,57,0.622238039970398,,65839
3.8097376823425293,,3.182161808013916,,57,0.6275759935379028,,65849
4.033148765563965,,3.3104665279388428,,57,0.7226821780204773,,65859
3.9625625610351562,,3.2351527214050293,,57,0.727409839630127,,65869
3.9291563034057617,,3.242506742477417,,57,0.6866495013237,,65879
3.9973886013031006,,3.22251033782959,,57,0.7748782634735107,,65889
3.864469051361084,,3.215789318084717,,57,0.6486796736717224,,65899
3.9403655529022217,,3.261836051940918,,57,0.6785295605659485,,65909
3.957150459289551,,3.234987258911133,,57,0.7221630811691284,,65919
3.8301098346710205,,3.183523654937744,,57,0.6465861201286316,,65929
3.8161520957946777,,3.1337294578552246,,57,0.6824225187301636,,65939
3.751021385192871,,3.1693854331970215,,57,0.5816358327865601,,65949
3.8413710594177246,,3.154214859008789,,57,0.6871562600135803,,65959
3.87424898147583,,3.213768482208252,,57,0.6604804992675781,,65969
3.88383150100708,,3.133378028869629,,57,0.7504534721374512,,65979
3.706094741821289,,3.096851348876953,,57,0.6092432737350464,,65989
3.7237281799316406,,3.1155571937561035,,57,0.6081709265708923,,65999
3.8665623664855957,,3.1444649696350098,,57,0.7220972776412964,,66009
3.9569411277770996,,3.291921615600586,,57,0.6650195121765137,,66019
3.824341058731079,,3.1619784832000732,,57,0.6623626351356506,,66029
4.086698055267334,,3.3788506984710693,,57,0.7078474164009094,,66039
3.841357707977295,,3.159762144088745,,57,0.6815955638885498,,66049
3.7623870372772217,,3.0682525634765625,,57,0.6941344738006592,,66059
4.093468189239502,,3.3178563117980957,,57,0.7756120562553406,,66069
3.7831029891967773,,3.1062350273132324,,57,0.6768678426742554,,66079
3.8442182540893555,,3.173032760620117,,57,0.6711853742599487,,66089
3.8284690380096436,,3.1755146980285645,,57,0.6529543995857239,,66099
3.9571900367736816,,3.231142044067383,,57,0.7260481119155884,,66109
4.146748065948486,,3.3023648262023926,,57,0.8443830609321594,,66119
3.8794491291046143,,3.1904804706573486,,57,0.6889686584472656,,66129
3.7618775367736816,,3.0740270614624023,,57,0.6878505945205688,,66139
3.726400136947632,,3.1466269493103027,,57,0.5797731280326843,,66149
4.049464225769043,,3.3445322513580322,,57,0.7049318552017212,,66159
3.952732563018799,,3.2371177673339844,,57,0.7156147360801697,,66169
3.9400198459625244,,3.2580347061157227,,57,0.681985080242157,,66179
3.917625904083252,,3.1783032417297363,,57,0.7393225431442261,,66189
3.8445684909820557,,3.13509464263916,,57,0.7094737887382507,,66199
3.7897372245788574,,3.1182498931884766,,57,0.6714873313903809,,66209
3.7123334407806396,,3.109325885772705,,57,0.6030075550079346,,66219
3.947817802429199,,3.3033502101898193,,57,0.6444677114486694,,66229
3.815297842025757,,3.1806769371032715,,57,0.6346208453178406,,66239
3.783959150314331,,3.1887729167938232,,57,0.5951862931251526,,66249
3.840729236602783,,3.182353973388672,,57,0.6583753228187561,,66259
3.862560749053955,,3.205009937286377,,57,0.6575508713722229,,66269
3.944678783416748,,3.1644630432128906,,57,0.7802157402038574,,66279
3.7680325508117676,,3.105020046234131,,57,0.6630123853683472,,66289
3.8096630573272705,,3.143242835998535,,57,0.6664201617240906,,66299
3.9120259284973145,,3.1384212970733643,,57,0.7736045718193054,,66309
3.9181325435638428,,3.1404778957366943,,57,0.7776546478271484,,66319
3.7651731967926025,,3.1807861328125,,57,0.5843870043754578,,66329
3.736806869506836,,3.147921562194824,,57,0.5888854265213013,,66339
3.792879104614258,,3.2837929725646973,,57,0.509086012840271,,66349
4.0661444664001465,,3.283116579055786,,57,0.7830278277397156,,66359
3.7638051509857178,,3.186180830001831,,57,0.5776242613792419,,66369
3.828737735748291,,3.16996431350708,,57,0.6587735414505005,,66379
4.108584880828857,,3.231149196624756,,57,0.8774358034133911,,66389
3.865863561630249,,3.2282161712646484,,57,0.6376473307609558,,66399
3.793483018875122,,3.151711940765381,,57,0.6417710185050964,,66409
4.069271564483643,,3.219233989715576,,57,0.8500377535820007,,66419
3.9749693870544434,,3.180276870727539,,57,0.7946923971176147,,66429
3.6813888549804688,,3.0777769088745117,,57,0.6036120057106018,,66439
3.932943344116211,,3.191869020462036,,57,0.7410744428634644,,66449
3.8321774005889893,,3.1437504291534424,,57,0.6884269118309021,,66459
4.127328395843506,,3.3968846797943115,,57,0.73044353723526,,66469
4.049894332885742,,3.220425605773926,,57,0.8294686079025269,,66479
3.6762967109680176,,3.0458621978759766,,57,0.6304346323013306,,66489
3.7874577045440674,,3.1729273796081543,,57,0.6145303249359131,,66499
3.807270050048828,,3.1846790313720703,,57,0.6225908994674683,,66509
3.6951775550842285,,3.0742478370666504,,57,0.6209295988082886,,66519
3.86104154586792,,3.194613218307495,,57,0.6664282083511353,,66529
4.097735404968262,,3.263761520385742,,57,0.8339740037918091,,66539
3.8695504665374756,,3.1963109970092773,,57,0.6732394695281982,,66549
3.809208393096924,,3.156980037689209,,57,0.6522282361984253,,66559
3.693678855895996,,3.1195273399353027,,57,0.5741514563560486,,66569
3.882399082183838,,3.2681503295898438,,57,0.6142487525939941,,66579
4.0264692306518555,,3.3042707443237305,,57,0.7221983075141907,,66589
3.883053779602051,,3.21750545501709,,57,0.6655483841896057,,66599
3.71964693069458,,3.155414342880249,,57,0.564232587814331,,66609
3.7327942848205566,,3.075909376144409,,57,0.656885027885437,,66619
3.74239444732666,,3.132214069366455,,57,0.6101803779602051,,66629
3.8560025691986084,,3.224081039428711,,57,0.6319214701652527,,66639
3.9624905586242676,,3.2184839248657227,,57,0.7440067529678345,,66649
3.783132553100586,,3.1799659729003906,,57,0.6031666398048401,,66659
3.9317078590393066,,3.1625828742980957,,57,0.7691248655319214,,66669
3.9514591693878174,,3.283663034439087,,57,0.6677960753440857,,66679
3.8461551666259766,,3.1797282695770264,,57,0.6664268970489502,,66689
3.9576399326324463,,3.2516088485717773,,57,0.7060310244560242,,66699
3.906794786453247,,3.1708645820617676,,57,0.7359302639961243,,66709
3.656294822692871,,3.119598150253296,,57,0.5366965532302856,,66719
3.8749616146087646,,3.2463221549987793,,57,0.6286394596099854,,66729
3.936702251434326,,3.1862969398498535,,57,0.7504054307937622,,66739
3.7495884895324707,,3.1156539916992188,,57,0.6339346170425415,,66749
3.9910964965820312,,3.2778873443603516,,57,0.7132090330123901,,66759
3.820239543914795,,3.21232271194458,,57,0.6079168319702148,,66769
4.039128303527832,,3.2250442504882812,,57,0.8140839338302612,,66779
3.8069193363189697,,3.065964698791504,,57,0.7409546971321106,,66789
4.135800361633301,,3.3022773265838623,,57,0.8335232734680176,,66799
3.7900266647338867,,3.1405458450317383,,57,0.6494807600975037,,66809
3.9114561080932617,,3.2634496688842773,,57,0.6480065584182739,,66819
3.7126145362854004,,3.1300671100616455,,57,0.5825475454330444,,66829
4.081897258758545,,3.256800651550293,,57,0.8250964283943176,,66839
3.8532843589782715,,3.1615428924560547,,57,0.6917414665222168,,66849
3.9155750274658203,,3.1989407539367676,,57,0.7166343331336975,,66859
3.82926607131958,,3.1636648178100586,,57,0.6656013131141663,,66869
,3.8816118240356445,,3.1951236724853516,57,,0.686488151550293,66873
3.855595827102661,,3.191951274871826,,58,0.6636444926261902,,66879
3.9096453189849854,,3.168707847595215,,58,0.7409374713897705,,66889
3.948486804962158,,3.2332711219787598,,58,0.7152156233787537,,66899
3.9424123764038086,,3.1108508110046387,,58,0.8315615653991699,,66909
3.914523124694824,,3.1928396224975586,,58,0.7216835618019104,,66919
4.272681713104248,,3.4183125495910645,,58,0.854369044303894,,66929
4.0306196212768555,,3.1940722465515137,,58,0.8365473747253418,,66939
3.792141914367676,,3.140918016433716,,58,0.6512238383293152,,66949
3.904114246368408,,3.2190093994140625,,58,0.6851049661636353,,66959
4.145323276519775,,3.398311138153076,,58,0.7470120787620544,,66969
3.750702142715454,,3.1323680877685547,,58,0.6183339953422546,,66979
3.8021199703216553,,3.1639599800109863,,58,0.638159990310669,,66989
3.840451955795288,,3.1275110244750977,,58,0.7129408717155457,,66999
4.076815605163574,,3.2926793098449707,,58,0.7841362953186035,,67009
3.7822189331054688,,3.1379613876342773,,58,0.6442575454711914,,67019
3.655655860900879,,3.0142123699188232,,58,0.6414435505867004,,67029
3.9198343753814697,,3.142301082611084,,58,0.777533233165741,,67039
3.876648187637329,,3.215447425842285,,58,0.661200761795044,,67049
4.0609660148620605,,3.3345134258270264,,58,0.7264524698257446,,67059
4.032917499542236,,3.2053756713867188,,58,0.8275416493415833,,67069
3.721736431121826,,3.057163715362549,,58,0.6645727753639221,,67079
3.7558324337005615,,3.1447596549987793,,58,0.6110727787017822,,67089
3.644719123840332,,3.099095344543457,,58,0.5456236600875854,,67099
3.7187204360961914,,3.1082358360290527,,58,0.6104847192764282,,67109
3.82000470161438,,3.170424699783325,,58,0.6495800018310547,,67119
3.8733720779418945,,3.224588394165039,,58,0.6487837433815002,,67129
3.8510630130767822,,3.2536511421203613,,58,0.5974119305610657,,67139
3.7387008666992188,,3.099048137664795,,58,0.6396527886390686,,67149
3.745068073272705,,3.0920896530151367,,58,0.6529784202575684,,67159
3.886363983154297,,3.1352427005767822,,58,0.7511214017868042,,67169
3.62904691696167,,3.0588865280151367,,58,0.5701605081558228,,67179
3.917841672897339,,3.2702667713165283,,58,0.6475749611854553,,67189
3.9111759662628174,,3.223694324493408,,58,0.6874816417694092,,67199
3.586254835128784,,3.052110195159912,,58,0.5341446995735168,,67209
3.820378065109253,,3.1312296390533447,,58,0.6891483664512634,,67219
3.8490891456604004,,3.1839613914489746,,58,0.665127694606781,,67229
3.9484376907348633,,3.3102686405181885,,58,0.6381689310073853,,67239
3.9399778842926025,,3.121378183364868,,58,0.8185997605323792,,67249
3.771212339401245,,3.1433072090148926,,58,0.6279050707817078,,67259
3.94404935836792,,3.248319387435913,,58,0.6957300305366516,,67269
3.980090618133545,,3.2449305057525635,,58,0.7351600527763367,,67279
3.7894179821014404,,3.118601083755493,,58,0.670816957950592,,67289
4.257672309875488,,3.540235757827759,,58,0.7174364924430847,,67299
3.8129281997680664,,3.1155829429626465,,58,0.6973452568054199,,67309
3.7004334926605225,,3.144817590713501,,58,0.5556159019470215,,67319
4.0037431716918945,,3.3424737453460693,,58,0.6612696647644043,,67329
3.611626148223877,,3.0502185821533203,,58,0.5614075064659119,,67339
3.7524914741516113,,3.2236247062683105,,58,0.5288667678833008,,67349
3.7696285247802734,,3.1119697093963623,,58,0.6576589345932007,,67359
3.626840114593506,,3.0911834239959717,,58,0.5356568098068237,,67369
4.097623348236084,,3.296192169189453,,58,0.8014312386512756,,67379
3.8489861488342285,,3.1777830123901367,,58,0.671203076839447,,67389
3.9525225162506104,,3.2965660095214844,,58,0.6559565663337708,,67399
3.8812739849090576,,3.207134246826172,,58,0.6741397380828857,,67409
4.331310749053955,,3.3939785957336426,,58,0.9373319745063782,,67419
3.7753560543060303,,3.144533157348633,,58,0.6308228373527527,,67429
4.039383411407471,,3.391540050506592,,58,0.6478432416915894,,67439
4.030489921569824,,3.2850558757781982,,58,0.7454339861869812,,67449
3.775498867034912,,3.2037010192871094,,58,0.5717979073524475,,67459
3.8807456493377686,,3.186513900756836,,58,0.6942317485809326,,67469
3.859809637069702,,3.117229700088501,,58,0.7425799369812012,,67479
3.834475040435791,,3.22538423538208,,58,0.6090908050537109,,67489
3.8846614360809326,,3.264803886413574,,58,0.6198574900627136,,67499
3.6348257064819336,,3.13588285446167,,58,0.4989428222179413,,67509
3.9747867584228516,,3.258513927459717,,58,0.7162728905677795,,67519
3.861797332763672,,3.2585973739624023,,58,0.6031998991966248,,67529
3.6658167839050293,,3.1617519855499268,,58,0.5040647983551025,,67539
3.7694287300109863,,3.1784684658050537,,58,0.5909603834152222,,67549
3.779811143875122,,3.125760078430176,,58,0.6540510058403015,,67559
3.78581166267395,,3.2706687450408936,,58,0.5151428580284119,,67569
3.7010669708251953,,3.128735065460205,,58,0.572331964969635,,67579
3.6959681510925293,,3.134911060333252,,58,0.5610572099685669,,67589
3.75164794921875,,3.111619472503662,,58,0.6400284767150879,,67599
3.8248586654663086,,3.2455239295959473,,58,0.5793348550796509,,67609
3.9662277698516846,,3.345386028289795,,58,0.6208416819572449,,67619
3.781519651412964,,3.1558218002319336,,58,0.625697910785675,,67629
3.8175487518310547,,3.179297924041748,,58,0.6382507681846619,,67639
3.9492263793945312,,3.177687644958496,,58,0.7715387940406799,,67649
4.084009170532227,,3.2976441383361816,,58,0.7863652110099792,,67659
3.9955084323883057,,3.237078905105591,,58,0.7584295868873596,,67669
3.7881627082824707,,3.134704113006592,,58,0.6534584760665894,,67679
3.635732650756836,,3.0948610305786133,,58,0.5408715605735779,,67689
3.888803243637085,,3.2422404289245605,,58,0.6465627551078796,,67699
3.674877166748047,,3.1329433917999268,,58,0.5419338941574097,,67709
3.913837432861328,,3.307283401489258,,58,0.6065540909767151,,67719
3.9336795806884766,,3.2801427841186523,,58,0.6535366773605347,,67729
3.9627366065979004,,3.2820637226104736,,58,0.6806730031967163,,67739
3.9099180698394775,,3.191092014312744,,58,0.7188260555267334,,67749
3.9610235691070557,,3.271594524383545,,58,0.6894290447235107,,67759
3.8793020248413086,,3.2595739364624023,,58,0.6197280883789062,,67769
3.8402090072631836,,3.195457935333252,,58,0.6447511315345764,,67779
4.050866603851318,,3.270113468170166,,58,0.7807530760765076,,67789
3.9823949337005615,,3.356675863265991,,58,0.6257190704345703,,67799
3.887420892715454,,3.183526039123535,,58,0.7038947939872742,,67809
3.6699585914611816,,3.102231740951538,,58,0.5677268505096436,,67819
3.6544742584228516,,3.0863709449768066,,58,0.5681033134460449,,67829
3.744795322418213,,3.226888656616211,,58,0.5179067850112915,,67839
3.752244234085083,,3.20587158203125,,58,0.5463725924491882,,67849
3.6896615028381348,,3.1114907264709473,,58,0.578170895576477,,67859
3.7138895988464355,,3.1160082817077637,,58,0.5978813171386719,,67869
3.783263921737671,,3.160240650177002,,58,0.623023271560669,,67879
3.865863800048828,,3.1691441535949707,,58,0.6967195868492126,,67889
3.655576705932617,,3.1629137992858887,,58,0.49266278743743896,,67899
3.5918006896972656,,3.0175838470458984,,58,0.574216902256012,,67909
3.7210278511047363,,3.1096951961517334,,58,0.6113325953483582,,67919
3.719848155975342,,3.1281580924987793,,58,0.591690182685852,,67929
3.8850209712982178,,3.230774164199829,,58,0.6542468667030334,,67939
3.6608996391296387,,3.1636366844177246,,58,0.49726295471191406,,67949
3.979708671569824,,3.283968448638916,,58,0.6957401633262634,,67959
4.043717861175537,,3.3187484741210938,,58,0.7249695658683777,,67969
3.778461456298828,,3.244798183441162,,58,0.533663272857666,,67979
3.7690749168395996,,3.2140376567840576,,58,0.5550373792648315,,67989
3.7757632732391357,,3.179166555404663,,58,0.5965967774391174,,67999
3.8027639389038086,,3.1181654930114746,,58,0.684598445892334,,68009
3.6740057468414307,,3.1098928451538086,,58,0.5641128420829773,,68019
,3.8463523387908936,,3.1963279247283936,58,,0.6500244140625,68026
3.7616074085235596,,3.1312108039855957,,59,0.6303966045379639,,68029
3.7584176063537598,,3.158273220062256,,59,0.6001442670822144,,68039
3.818960189819336,,3.193850517272949,,59,0.6251096725463867,,68049
3.896705150604248,,3.2797067165374756,,59,0.616998553276062,,68059
3.694871187210083,,3.122972011566162,,59,0.5718992352485657,,68069
3.7465453147888184,,3.11822509765625,,59,0.6283203363418579,,68079
4.018146514892578,,3.261902093887329,,59,0.7562446594238281,,68089
4.0105509757995605,,3.400167465209961,,59,0.6103835701942444,,68099
3.667571544647217,,3.1237525939941406,,59,0.5438189506530762,,68109
3.6739180088043213,,3.1313819885253906,,59,0.5425359606742859,,68119
3.706310987472534,,3.1490089893341064,,59,0.5573020577430725,,68129
3.840630531311035,,3.202765703201294,,59,0.637864887714386,,68139
3.812114715576172,,3.1643667221069336,,59,0.6477481126785278,,68149
3.7464375495910645,,3.1211071014404297,,59,0.6253303289413452,,68159
3.9102530479431152,,3.199012279510498,,59,0.7112408876419067,,68169
3.7208759784698486,,3.1218442916870117,,59,0.5990316271781921,,68179
3.7479538917541504,,3.1723999977111816,,59,0.575553834438324,,68189
3.805877208709717,,3.1596386432647705,,59,0.6462384462356567,,68199
3.933894157409668,,3.2369775772094727,,59,0.6969166994094849,,68209
4.021474361419678,,3.3381965160369873,,59,0.6832777261734009,,68219
3.648364543914795,,3.1240780353546143,,59,0.5242865085601807,,68229
3.6504266262054443,,3.0835437774658203,,59,0.5668829083442688,,68239
3.7322988510131836,,3.216475248336792,,59,0.5158236026763916,,68249
3.8039872646331787,,3.131096363067627,,59,0.6728909015655518,,68259
3.6355888843536377,,3.0886728763580322,,59,0.5469160676002502,,68269
3.632462978363037,,3.135951042175293,,59,0.4965118169784546,,68279
3.700547695159912,,3.1250903606414795,,59,0.5754574537277222,,68289
3.99226713180542,,3.329995632171631,,59,0.6622713804244995,,68299
3.8546371459960938,,3.182804584503174,,59,0.6718324422836304,,68309
3.863107681274414,,3.218313694000244,,59,0.6447940468788147,,68319
3.8301117420196533,,3.1260552406311035,,59,0.7040565013885498,,68329
3.5612411499023438,,3.028545379638672,,59,0.5326956510543823,,68339
3.757521390914917,,3.1923251152038574,,59,0.5651962161064148,,68349
3.994931697845459,,3.2209811210632324,,59,0.773950457572937,,68359
3.8810558319091797,,3.291534185409546,,59,0.5895217061042786,,68369
3.7036731243133545,,3.2239208221435547,,59,0.47975239157676697,,68379
3.793139934539795,,3.1675829887390137,,59,0.6255569458007812,,68389
3.9457273483276367,,3.322697162628174,,59,0.6230301260948181,,68399
4.081336975097656,,3.3552017211914062,,59,0.7261350750923157,,68409
4.102472305297852,,3.3614182472229004,,59,0.7410542964935303,,68419
3.6490933895111084,,3.1284778118133545,,59,0.5206155180931091,,68429
3.7586867809295654,,3.2588891983032227,,59,0.49979761242866516,,68439
3.786853551864624,,3.2186100482940674,,59,0.5682434439659119,,68449
3.833435535430908,,3.243604898452759,,59,0.5898305773735046,,68459
3.744023084640503,,3.1451501846313477,,59,0.5988728404045105,,68469
3.8258917331695557,,3.2274985313415527,,59,0.5983932018280029,,68479
3.818094491958618,,3.1580810546875,,59,0.6600133776664734,,68489
3.787404775619507,,3.1586050987243652,,59,0.6287996172904968,,68499
3.9527289867401123,,3.359816789627075,,59,0.5929121971130371,,68509
3.852719306945801,,3.220039129257202,,59,0.6326801776885986,,68519
3.8526477813720703,,3.2777841091156006,,59,0.574863612651825,,68529
3.675706386566162,,3.100801944732666,,59,0.5749045610427856,,68539
3.6021673679351807,,3.113621711730957,,59,0.488545686006546,,68549
3.827028751373291,,3.193981647491455,,59,0.6330471038818359,,68559
3.749188184738159,,3.228102207183838,,59,0.5210859179496765,,68569
3.724713087081909,,3.1077046394348145,,59,0.61700838804245,,68579
3.8775341510772705,,3.1948399543762207,,59,0.6826941967010498,,68589
3.6988136768341064,,3.199364185333252,,59,0.4994495213031769,,68599
4.03314208984375,,3.3213071823120117,,59,0.7118351459503174,,68609
3.576169967651367,,3.084667682647705,,59,0.4915023744106293,,68619
3.8309381008148193,,3.111802577972412,,59,0.719135582447052,,68629
3.9826369285583496,,3.1996524333953857,,59,0.7829843759536743,,68639
3.7985596656799316,,3.2781224250793457,,59,0.5204371213912964,,68649
3.7821006774902344,,3.1795191764831543,,59,0.6025815010070801,,68659
3.55020809173584,,3.0170323848724365,,59,0.5331757068634033,,68669
3.710230827331543,,3.14398193359375,,59,0.5662489533424377,,68679
3.696570873260498,,3.132030963897705,,59,0.5645397901535034,,68689
3.6852619647979736,,3.096255302429199,,59,0.5890066027641296,,68699
4.056893348693848,,3.2954277992248535,,59,0.7614654898643494,,68709
3.67570161819458,,3.1353282928466797,,59,0.5403732657432556,,68719
3.8272666931152344,,3.2084641456604004,,59,0.6188026070594788,,68729
3.7849631309509277,,3.2082443237304688,,59,0.5767188668251038,,68739
4.181476593017578,,3.368581771850586,,59,0.8128949999809265,,68749
3.713819980621338,,3.123978853225708,,59,0.5898412466049194,,68759
3.9561469554901123,,3.2519776821136475,,59,0.7041693329811096,,68769
3.6803956031799316,,3.1172332763671875,,59,0.5631623268127441,,68779
3.8573355674743652,,3.2354555130004883,,59,0.6218799948692322,,68789
3.803581476211548,,3.2037134170532227,,59,0.5998679995536804,,68799
3.8519301414489746,,3.1316096782684326,,59,0.7203205823898315,,68809
3.9615731239318848,,3.309265613555908,,59,0.6523076295852661,,68819
3.6221632957458496,,3.0976510047912598,,59,0.5245121717453003,,68829
3.911710739135742,,3.309684991836548,,59,0.6020258665084839,,68839
3.720841646194458,,3.171288251876831,,59,0.5495533347129822,,68849
3.796618700027466,,3.274052858352661,,59,0.5225658416748047,,68859
3.973168134689331,,3.3123631477355957,,59,0.6608050465583801,,68869
3.8220269680023193,,3.2142341136932373,,59,0.6077927947044373,,68879
3.827284812927246,,3.2383172512054443,,59,0.5889674425125122,,68889
3.5699825286865234,,3.0781989097595215,,59,0.4917835593223572,,68899
3.648447036743164,,3.1200578212738037,,59,0.5283892750740051,,68909
3.7642107009887695,,3.109269142150879,,59,0.6549416780471802,,68919
3.862703323364258,,3.1879756450653076,,59,0.6747276186943054,,68929
3.954719066619873,,3.216475009918213,,59,0.7382439970970154,,68939
3.698908805847168,,3.109449625015259,,59,0.5894593000411987,,68949
3.7139804363250732,,3.176635265350342,,59,0.5373452305793762,,68959
3.8180770874023438,,3.2082672119140625,,59,0.6098098754882812,,68969
3.737375259399414,,3.1092162132263184,,59,0.6281591057777405,,68979
3.8713059425354004,,3.1158251762390137,,59,0.7554807066917419,,68989
3.7372097969055176,,3.1447091102600098,,59,0.592500627040863,,68999
3.591754913330078,,3.1028406620025635,,59,0.4889141321182251,,69009
3.670043468475342,,3.138620138168335,,59,0.5314233303070068,,69019
3.7419986724853516,,3.1958796977996826,,59,0.546118974685669,,69029
3.7268502712249756,,3.1850600242614746,,59,0.5417901873588562,,69039
4.172486782073975,,3.3595376014709473,,59,0.8129493594169617,,69049
3.6685683727264404,,3.118058681488037,,59,0.5505097508430481,,69059
3.774279832839966,,3.1118814945220947,,59,0.6623983979225159,,69069
3.7686009407043457,,3.217747211456299,,59,0.5508536100387573,,69079
3.793210029602051,,3.2504172325134277,,59,0.5427927374839783,,69089
3.6792752742767334,,3.15354585647583,,59,0.5257293581962585,,69099
3.654944896697998,,3.1140308380126953,,59,0.5409139394760132,,69109
4.024631500244141,,3.3111610412597656,,59,0.7134706974029541,,69119
3.801849603652954,,3.15354323387146,,59,0.6483063101768494,,69129
3.7717251777648926,,3.237921714782715,,59,0.5338034629821777,,69139
3.675910472869873,,3.110813617706299,,59,0.565096914768219,,69149
3.7851972579956055,,3.1800334453582764,,59,0.6051636934280396,,69159
3.9214553833007812,,3.2798192501068115,,59,0.641636073589325,,69169
3.754072427749634,,3.2256181240081787,,59,0.5284543037414551,,69179
,3.803168535232544,,3.1927847862243652,59,,0.6103838086128235,69179
3.6713082790374756,,3.1119303703308105,,60,0.5593778491020203,,69189
3.999260425567627,,3.282823324203491,,60,0.7164372205734253,,69199
3.63065767288208,,3.1243815422058105,,60,0.5062761902809143,,69209
3.6171748638153076,,3.1773009300231934,,60,0.4398738443851471,,69219
3.8597702980041504,,3.222891330718994,,60,0.6368789672851562,,69229
4.05919885635376,,3.3450827598571777,,60,0.7141159772872925,,69239
3.7784416675567627,,3.2335753440856934,,60,0.5448662638664246,,69249
3.8607208728790283,,3.1629598140716553,,60,0.6977611184120178,,69259
3.6517832279205322,,3.0997314453125,,60,0.552051842212677,,69269
3.6830477714538574,,3.103264570236206,,60,0.5797832012176514,,69279
3.7696046829223633,,3.223356246948242,,60,0.5462484955787659,,69289
3.9043984413146973,,3.209914207458496,,60,0.694484293460846,,69299
3.722672462463379,,3.097126007080078,,60,0.6255465149879456,,69309
3.7766621112823486,,3.188328742980957,,60,0.5883333086967468,,69319
3.73091459274292,,3.097219228744507,,60,0.6336954832077026,,69329
3.7810816764831543,,3.194920539855957,,60,0.5861612558364868,,69339
3.758643627166748,,3.104916572570801,,60,0.6537271738052368,,69349
3.596580743789673,,3.1055116653442383,,60,0.49106910824775696,,69359
3.914823055267334,,3.2016472816467285,,60,0.713175892829895,,69369
4.042451858520508,,3.2549188137054443,,60,0.787533164024353,,69379
3.678588390350342,,3.1429848670959473,,60,0.535603404045105,,69389
3.916278839111328,,3.3392891883850098,,60,0.5769897103309631,,69399
3.907291889190674,,3.236140251159668,,60,0.6711516976356506,,69409
3.972100257873535,,3.310248374938965,,60,0.6618520021438599,,69419
4.117607116699219,,3.382054328918457,,60,0.735552966594696,,69429
3.6370835304260254,,3.1314632892608643,,60,0.5056203007698059,,69439
4.109272003173828,,3.3575241565704346,,60,0.7517478466033936,,69449
3.6185872554779053,,3.1280829906463623,,60,0.49050426483154297,,69459
3.8756661415100098,,3.113192081451416,,60,0.7624740600585938,,69469
3.867875099182129,,3.22023344039917,,60,0.647641658782959,,69479
3.773042678833008,,3.179272413253784,,60,0.5937702059745789,,69489
3.7666921615600586,,3.2463855743408203,,60,0.5203064680099487,,69499
3.7302823066711426,,3.0814008712768555,,60,0.6488815546035767,,69509
3.836521625518799,,3.1563408374786377,,60,0.6801807284355164,,69519
3.9021248817443848,,3.160489559173584,,60,0.741635262966156,,69529
3.936717987060547,,3.254485607147217,,60,0.6822322607040405,,69539
3.669476270675659,,3.096515655517578,,60,0.572960615158081,,69549
3.8077471256256104,,3.157862663269043,,60,0.6498844027519226,,69559
4.009750843048096,,3.284818649291992,,60,0.7249321341514587,,69569
3.623755693435669,,3.0970540046691895,,60,0.5267017483711243,,69579
3.797058343887329,,3.202474355697632,,60,0.5945839881896973,,69589
3.7386651039123535,,3.207857608795166,,60,0.530807614326477,,69599
3.809352159500122,,3.1852829456329346,,60,0.6240692138671875,,69609
3.8713648319244385,,3.2187538146972656,,60,0.6526110768318176,,69619
3.987265110015869,,3.2688546180725098,,60,0.7184103727340698,,69629
3.693171501159668,,3.1797029972076416,,60,0.5134683847427368,,69639
3.8329272270202637,,3.284452199935913,,60,0.5484750866889954,,69649
3.6935603618621826,,3.082716464996338,,60,0.6108439564704895,,69659
3.7652387619018555,,3.209773063659668,,60,0.5554656982421875,,69669
3.7088241577148438,,3.141972064971924,,60,0.5668521523475647,,69679
3.6007232666015625,,3.151949882507324,,60,0.4487732946872711,,69689
3.9423861503601074,,3.2683708667755127,,60,0.67401522397995,,69699
4.085944175720215,,3.423130989074707,,60,0.662813127040863,,69709
3.9257473945617676,,3.3055999279022217,,60,0.6201475858688354,,69719
3.7342886924743652,,3.074862003326416,,60,0.6594266891479492,,69729
3.801852226257324,,3.162198305130005,,60,0.6396538615226746,,69739
3.6551074981689453,,3.109590768814087,,60,0.5455166101455688,,69749
3.9913113117218018,,3.2530901432037354,,60,0.7382211089134216,,69759
3.7289161682128906,,3.140406608581543,,60,0.5885094404220581,,69769
3.5619258880615234,,3.034799814224243,,60,0.5271260142326355,,69779
4.188553810119629,,3.3685903549194336,,60,0.8199635148048401,,69789
3.827019453048706,,3.253993034362793,,60,0.5730264782905579,,69799
3.748415470123291,,3.0677807331085205,,60,0.6806347966194153,,69809
3.9588942527770996,,3.254089593887329,,60,0.7048045992851257,,69819
3.6051394939422607,,3.0641608238220215,,60,0.5409786105155945,,69829
3.6274704933166504,,3.1456539630889893,,60,0.4818165898323059,,69839
3.8800759315490723,,3.16489839553833,,60,0.7151776552200317,,69849
3.888395309448242,,3.335427761077881,,60,0.5529676079750061,,69859
3.739173412322998,,3.0946097373962402,,60,0.6445637941360474,,69869
3.70808482170105,,3.1788554191589355,,60,0.5292293429374695,,69879
3.7729625701904297,,3.103299617767334,,60,0.6696629524230957,,69889
3.7975029945373535,,3.1655797958374023,,60,0.6319231986999512,,69899
3.77034592628479,,3.181563377380371,,60,0.588782548904419,,69909
3.979487895965576,,3.304799795150757,,60,0.6746882200241089,,69919
3.714374303817749,,3.240685224533081,,60,0.4736890196800232,,69929
4.037909984588623,,3.3227624893188477,,60,0.7151474952697754,,69939
3.8402860164642334,,3.2194576263427734,,60,0.6208283305168152,,69949
3.979090690612793,,3.188687562942505,,60,0.7904030680656433,,69959
3.7528696060180664,,3.1264615058898926,,60,0.6264081001281738,,69969
3.8071632385253906,,3.2435548305511475,,60,0.5636084675788879,,69979
3.7586612701416016,,3.1163949966430664,,60,0.6422662734985352,,69989
3.7842981815338135,,3.326900005340576,,60,0.4573981761932373,,69999
3.7961087226867676,,3.202272415161133,,60,0.59383624792099,,70009
3.6487152576446533,,3.1732959747314453,,60,0.4754192531108856,,70019
3.614046812057495,,3.0665416717529297,,60,0.5475051403045654,,70029
3.7190403938293457,,3.064021110534668,,60,0.655019223690033,,70039
3.6922783851623535,,3.132286310195923,,60,0.5599920153617859,,70049
3.7574009895324707,,3.195821762084961,,60,0.5615792870521545,,70059
3.9054508209228516,,3.1925721168518066,,60,0.7128785848617554,,70069
3.7747128009796143,,3.2386245727539062,,60,0.536088228225708,,70079
3.983489990234375,,3.2409048080444336,,60,0.7425851225852966,,70089
3.8591208457946777,,3.1593284606933594,,60,0.6997923254966736,,70099
3.722702980041504,,3.0561723709106445,,60,0.6665306687355042,,70109
4.258066654205322,,3.4771480560302734,,60,0.780918538570404,,70119
3.6037073135375977,,3.050095319747925,,60,0.5536120533943176,,70129
3.9025661945343018,,3.203307867050171,,60,0.6992583274841309,,70139
3.920682907104492,,3.259895086288452,,60,0.6607877612113953,,70149
3.907261610031128,,3.232424736022949,,60,0.6748368144035339,,70159
3.8703949451446533,,3.2488760948181152,,60,0.6215187907218933,,70169
3.848822832107544,,3.2130706310272217,,60,0.635752260684967,,70179
3.689005136489868,,3.0477781295776367,,60,0.6412269473075867,,70189
3.718066692352295,,3.106112241744995,,60,0.6119545698165894,,70199
3.6689116954803467,,3.0970802307128906,,60,0.5718315243721008,,70209
3.7365541458129883,,3.202146530151367,,60,0.5344075560569763,,70219
3.7331438064575195,,3.1187744140625,,60,0.6143693327903748,,70229
3.6528780460357666,,3.184274911880493,,60,0.46860307455062866,,70239
3.80592679977417,,3.1838202476501465,,60,0.622106671333313,,70249
3.725536823272705,,3.1452603340148926,,60,0.5802765488624573,,70259
3.740725040435791,,3.2049598693847656,,60,0.5357651710510254,,70269
3.9823286533355713,,3.3158764839172363,,60,0.666452169418335,,70279
3.7563304901123047,,3.185081958770752,,60,0.5712486505508423,,70289
3.755584716796875,,3.130124568939209,,60,0.6254600882530212,,70299
3.6996185779571533,,3.2319812774658203,,60,0.46763721108436584,,70309
4.026279449462891,,3.3486242294311523,,60,0.6776549816131592,,70319
3.6861026287078857,,3.1339869499206543,,60,0.5521156191825867,,70329
,3.80710506439209,,3.1933343410491943,60,,0.6137706637382507,70332
3.783132791519165,,3.1692636013031006,,61,0.6138691902160645,,70339
3.7942116260528564,,3.240994453430176,,61,0.5532171130180359,,70349
3.8432483673095703,,3.1705641746520996,,61,0.6726841330528259,,70359
3.7503137588500977,,3.1454570293426514,,61,0.6048566699028015,,70369
4.079968452453613,,3.396543502807617,,61,0.6834250092506409,,70379
3.782904863357544,,3.2041680812835693,,61,0.5787368416786194,,70389
3.633273124694824,,3.0629172325134277,,61,0.5703557729721069,,70399
3.800907850265503,,3.1787290573120117,,61,0.622178852558136,,70409
3.7054905891418457,,3.1349401473999023,,61,0.5705505013465881,,70419
3.9684152603149414,,3.265902042388916,,61,0.7025133371353149,,70429
3.6985161304473877,,3.1178605556488037,,61,0.5806556344032288,,70439
3.828826904296875,,3.1761035919189453,,61,0.6527232527732849,,70449
3.7999231815338135,,3.211940050125122,,61,0.5879830718040466,,70459
3.6571884155273438,,3.0802271366119385,,61,0.5769611597061157,,70469
3.7550387382507324,,3.1812148094177246,,61,0.5738239288330078,,70479
3.6278016567230225,,3.170058250427246,,61,0.45774340629577637,,70489
3.698369026184082,,3.1391098499298096,,61,0.5592591166496277,,70499
3.709688425064087,,3.1253113746643066,,61,0.584377110004425,,70509
3.778916120529175,,3.1611075401306152,,61,0.6178086400032043,,70519
4.038268566131592,,3.3269541263580322,,61,0.7113143801689148,,70529
3.74656081199646,,3.142350673675537,,61,0.6042101979255676,,70539
3.8146650791168213,,3.110649585723877,,61,0.7040155529975891,,70549
3.7390756607055664,,3.0778350830078125,,61,0.6612405776977539,,70559
3.7467987537384033,,3.1679019927978516,,61,0.578896701335907,,70569
3.907259464263916,,3.148005962371826,,61,0.7592534422874451,,70579
3.8442461490631104,,3.2371034622192383,,61,0.6071427464485168,,70589
3.6794965267181396,,3.089094877243042,,61,0.5904017090797424,,70599
3.789336919784546,,3.145382881164551,,61,0.6439540386199951,,70609
3.642345905303955,,3.1546292304992676,,61,0.4877167344093323,,70619
4.158691883087158,,3.357593536376953,,61,0.8010981678962708,,70629
3.8157968521118164,,3.2132368087768555,,61,0.6025599837303162,,70639
3.8066956996917725,,3.222184419631958,,61,0.5845112800598145,,70649
3.7264511585235596,,3.182608127593994,,61,0.5438430905342102,,70659
3.781473159790039,,3.1892786026000977,,61,0.5921944379806519,,70669
3.8989031314849854,,3.1926345825195312,,61,0.7062684893608093,,70679
3.6760647296905518,,3.073681116104126,,61,0.6023836731910706,,70689
3.8172574043273926,,3.166924238204956,,61,0.6503332853317261,,70699
3.975308895111084,,3.2821502685546875,,61,0.6931586861610413,,70709
3.9484119415283203,,3.2783608436584473,,61,0.6700509786605835,,70719
3.625354290008545,,3.0991625785827637,,61,0.5261918306350708,,70729
3.836392879486084,,3.2030138969421387,,61,0.6333789825439453,,70739
3.621725559234619,,3.0394904613494873,,61,0.5822352170944214,,70749
3.9796104431152344,,3.23010516166687,,61,0.7495052814483643,,70759
3.938687801361084,,3.2077763080596924,,61,0.7309116125106812,,70769
3.9165239334106445,,3.1877169609069824,,61,0.7288070321083069,,70779
3.6120553016662598,,3.1027143001556396,,61,0.5093408823013306,,70789
3.5728511810302734,,3.0169684886932373,,61,0.5558826923370361,,70799
3.663173198699951,,3.107588291168213,,61,0.5555847883224487,,70809
3.93285870552063,,3.141866683959961,,61,0.7909919619560242,,70819
3.7348978519439697,,3.0941665172576904,,61,0.6407313346862793,,70829
3.8608572483062744,,3.2085494995117188,,61,0.6523077487945557,,70839
3.8804209232330322,,3.2041587829589844,,61,0.6762621402740479,,70849
3.8022305965423584,,3.103562593460083,,61,0.6986679434776306,,70859
3.5799810886383057,,3.094099283218384,,61,0.48588189482688904,,70869
3.723595142364502,,3.136866807937622,,61,0.5867284536361694,,70879
3.643157482147217,,3.105955123901367,,61,0.5372022986412048,,70889
3.901799201965332,,3.2528347969055176,,61,0.6489644646644592,,70899
3.738110065460205,,3.1094136238098145,,61,0.6286963224411011,,70909
3.6534156799316406,,3.040273427963257,,61,0.613142192363739,,70919
3.6433286666870117,,3.150531768798828,,61,0.49279695749282837,,70929
3.489541530609131,,3.055159568786621,,61,0.43438199162483215,,70939
3.933356285095215,,3.200890064239502,,61,0.7324661016464233,,70949
3.8180088996887207,,3.2502541542053223,,61,0.567754864692688,,70959
3.812086343765259,,3.172518730163574,,61,0.6395676732063293,,70969
3.9042160511016846,,3.1886024475097656,,61,0.7156135439872742,,70979
3.925873041152954,,3.2822225093841553,,61,0.6436505317687988,,70989
3.6661806106567383,,3.083528995513916,,61,0.5826516151428223,,70999
3.808231830596924,,3.185168743133545,,61,0.6230630278587341,,71009
4.188167572021484,,3.4703454971313477,,61,0.7178220152854919,,71019
3.89792799949646,,3.2752280235290527,,61,0.6226999163627625,,71029
3.907621383666992,,3.198855400085449,,61,0.7087661027908325,,71039
3.953169822692871,,3.2485179901123047,,61,0.7046517133712769,,71049
4.063889503479004,,3.3033504486083984,,61,0.7605392336845398,,71059
4.043168544769287,,3.212249755859375,,61,0.8309189677238464,,71069
4.2241315841674805,,3.3919975757598877,,61,0.8321337699890137,,71079
3.9607882499694824,,3.2075347900390625,,61,0.7532535195350647,,71089
3.7301533222198486,,3.080643653869629,,61,0.6495096683502197,,71099
3.886505603790283,,3.275941848754883,,61,0.6105637550354004,,71109
3.863682270050049,,3.2392516136169434,,61,0.6244305372238159,,71119
3.6991004943847656,,3.14278244972229,,61,0.5563181042671204,,71129
4.121458530426025,,3.4154653549194336,,61,0.7059930562973022,,71139
3.687378406524658,,3.123182535171509,,61,0.5641958117485046,,71149
3.8240041732788086,,3.152282476425171,,61,0.6717218160629272,,71159
3.9396917819976807,,3.290688991546631,,61,0.6490027904510498,,71169
3.7473948001861572,,3.21378755569458,,61,0.5336071848869324,,71179
3.814271926879883,,3.21999454498291,,61,0.5942772626876831,,71189
3.761429786682129,,3.211019992828369,,61,0.550409734249115,,71199
3.9680917263031006,,3.2302563190460205,,61,0.7378354668617249,,71209
3.8592185974121094,,3.214926242828369,,61,0.6442924737930298,,71219
3.838259220123291,,3.21083927154541,,61,0.6274200081825256,,71229
3.7254836559295654,,3.1774182319641113,,61,0.5480653643608093,,71239
4.021891117095947,,3.3347039222717285,,61,0.6871870160102844,,71249
3.8319687843322754,,3.095508098602295,,61,0.7364607453346252,,71259
4.125959396362305,,3.303034782409668,,61,0.822924792766571,,71269
3.7701401710510254,,3.128114938735962,,61,0.6420251727104187,,71279
3.8018798828125,,3.145775079727173,,61,0.6561049222946167,,71289
3.780062198638916,,3.1516990661621094,,61,0.6283630132675171,,71299
4.086041450500488,,3.246622085571289,,61,0.8394193053245544,,71309
3.946763038635254,,3.2680485248565674,,61,0.6787145137786865,,71319
3.8688035011291504,,3.2221672534942627,,61,0.6466361880302429,,71329
3.7451529502868652,,3.1222715377807617,,61,0.6228814125061035,,71339
3.9261345863342285,,3.2165932655334473,,61,0.7095412015914917,,71349
3.920560598373413,,3.229872226715088,,61,0.6906883120536804,,71359
3.847240924835205,,3.179755210876465,,61,0.6674857139587402,,71369
3.6127753257751465,,3.0957088470458984,,61,0.5170663595199585,,71379
3.989032745361328,,3.2609548568725586,,61,0.7280779480934143,,71389
3.7051875591278076,,3.0967605113983154,,61,0.6084269881248474,,71399
3.67301607131958,,3.007460117340088,,61,0.6655559539794922,,71409
4.0980424880981445,,3.3124732971191406,,61,0.7855690717697144,,71419
3.8799691200256348,,3.2146458625793457,,61,0.6653233766555786,,71429
3.7310564517974854,,3.109865665435791,,61,0.6211907267570496,,71439
3.7370991706848145,,3.1497011184692383,,61,0.5873980522155762,,71449
4.000328063964844,,3.24301815032959,,61,0.7573096752166748,,71459
3.746860980987549,,3.136646270751953,,61,0.6102148294448853,,71469
3.6397881507873535,,3.1075334548950195,,61,0.5322548151016235,,71479
,3.8106157779693604,,3.1839141845703125,61,,0.6267016530036926,71485
3.6903786659240723,,3.060863971710205,,62,0.6295145750045776,,71489
3.795503616333008,,3.189199924468994,,62,0.6063036918640137,,71499
3.923768997192383,,3.2867298126220703,,62,0.6370391249656677,,71509
3.7819793224334717,,3.2140965461730957,,62,0.5678827166557312,,71519
3.6438987255096436,,3.1131067276000977,,62,0.5307920575141907,,71529
3.828807830810547,,3.2085070610046387,,62,0.6203007102012634,,71539
3.856480121612549,,3.2189857959747314,,62,0.6374942660331726,,71549
3.8350000381469727,,3.2231593132019043,,62,0.6118406057357788,,71559
3.9755191802978516,,3.335526466369629,,62,0.6399925947189331,,71569
3.8395638465881348,,3.118788242340088,,62,0.7207754850387573,,71579
3.6761677265167236,,3.1017422676086426,,62,0.574425458908081,,71589
3.6548666954040527,,3.140209913253784,,62,0.5146567821502686,,71599
3.740461826324463,,3.1769931316375732,,62,0.5634688138961792,,71609
3.8967490196228027,,3.201786518096924,,62,0.6949623823165894,,71619
4.051324844360352,,3.322721481323242,,62,0.7286034226417542,,71629
3.769061326980591,,3.121159553527832,,62,0.6479017734527588,,71639
3.858130931854248,,3.179466485977173,,62,0.6786643862724304,,71649
3.8387582302093506,,3.2176401615142822,,62,0.6211180686950684,,71659
3.7692220211029053,,3.209334373474121,,62,0.5598875880241394,,71669
3.759060859680176,,3.0996551513671875,,62,0.6594055891036987,,71679
3.7201898097991943,,3.1175472736358643,,62,0.6026425957679749,,71689
4.026642799377441,,3.375633955001831,,62,0.6510087251663208,,71699
3.753246784210205,,3.2119197845458984,,62,0.5413269400596619,,71709
3.792173385620117,,3.1965203285217285,,62,0.5956531763076782,,71719
3.8556196689605713,,3.149021625518799,,62,0.7065979838371277,,71729
3.6609079837799072,,3.0906808376312256,,62,0.5702270865440369,,71739
3.8608922958374023,,3.260260581970215,,62,0.6006316542625427,,71749
3.840193271636963,,3.1662182807922363,,62,0.6739749908447266,,71759
3.6321029663085938,,3.0949790477752686,,62,0.5371237993240356,,71769
3.897390842437744,,3.126765727996826,,62,0.7706252336502075,,71779
3.698136329650879,,3.0659642219543457,,62,0.632172167301178,,71789
3.8033852577209473,,3.190589666366577,,62,0.6127955913543701,,71799
3.795625686645508,,3.1981074810028076,,62,0.5975181460380554,,71809
3.8812694549560547,,3.1659951210021973,,62,0.7152743935585022,,71819
3.9609286785125732,,3.180548906326294,,62,0.7803797721862793,,71829
3.6710457801818848,,3.2187986373901367,,62,0.4522470235824585,,71839
3.937535524368286,,3.2368743419647217,,62,0.7006612420082092,,71849
3.743166446685791,,3.136565685272217,,62,0.6066006422042847,,71859
3.666069984436035,,3.110276222229004,,62,0.5557936429977417,,71869
3.8469300270080566,,3.1624560356140137,,62,0.6844738721847534,,71879
3.837681770324707,,3.151113271713257,,62,0.6865686178207397,,71889
4.0483527183532715,,3.280193328857422,,62,0.7681594491004944,,71899
3.796788454055786,,3.140955686569214,,62,0.6558327674865723,,71909
3.7602734565734863,,3.094547748565674,,62,0.6657256484031677,,71919
3.8861825466156006,,3.2527778148651123,,62,0.6334047913551331,,71929
3.550280809402466,,3.06796932220459,,62,0.4823113977909088,,71939
4.193960189819336,,3.449794292449951,,62,0.7441660165786743,,71949
3.814664840698242,,3.154618263244629,,62,0.6600464582443237,,71959
3.708937168121338,,3.183462381362915,,62,0.5254746675491333,,71969
3.8761205673217773,,3.1957197189331055,,62,0.6804009675979614,,71979
3.5583407878875732,,3.0742359161376953,,62,0.4841049611568451,,71989
3.847203493118286,,3.1894805431365967,,62,0.6577228903770447,,71999
3.724414825439453,,3.182607650756836,,62,0.5418072938919067,,72009
4.078745365142822,,3.3659353256225586,,62,0.7128098607063293,,72019
3.8311872482299805,,3.2042903900146484,,62,0.6268969774246216,,72029
3.649785041809082,,3.0662708282470703,,62,0.5835141539573669,,72039
3.696195363998413,,3.0822901725769043,,62,0.6139052510261536,,72049
3.8830909729003906,,3.1589138507843018,,62,0.7241772413253784,,72059
3.725395679473877,,3.148806571960449,,62,0.576589047908783,,72069
3.7583489418029785,,3.2109994888305664,,62,0.5473495125770569,,72079
3.7330188751220703,,3.124267101287842,,62,0.6087517142295837,,72089
3.8339803218841553,,3.1404364109039307,,62,0.6935439109802246,,72099
3.6812994480133057,,3.1385650634765625,,62,0.5427343249320984,,72109
3.6640779972076416,,3.104111909866333,,62,0.5599660277366638,,72119
3.8359413146972656,,3.1373212337493896,,62,0.6986199617385864,,72129
3.9637012481689453,,3.1793785095214844,,62,0.7843228578567505,,72139
3.6534385681152344,,3.1170120239257812,,62,0.5364265441894531,,72149
3.8419976234436035,,3.130633592605591,,62,0.7113639712333679,,72159
3.7233996391296387,,3.1890902519226074,,62,0.5343093872070312,,72169
3.810399293899536,,3.198770523071289,,62,0.6116287112236023,,72179
3.656937599182129,,3.1280312538146973,,62,0.5289064049720764,,72189
3.84509015083313,,3.1817126274108887,,62,0.663377583026886,,72199
3.710742950439453,,3.089352607727051,,62,0.6213902235031128,,72209
3.688284397125244,,3.1267905235290527,,62,0.5614937543869019,,72219
3.8811123371124268,,3.1722917556762695,,62,0.7088205218315125,,72229
3.687189817428589,,3.072028160095215,,62,0.6151617169380188,,72239
3.8058547973632812,,3.125535488128662,,62,0.6803192496299744,,72249
3.6413209438323975,,3.0713112354278564,,62,0.5700096487998962,,72259
3.672656774520874,,3.057626247406006,,62,0.6150304675102234,,72269
3.7449984550476074,,3.140352725982666,,62,0.6046456694602966,,72279
3.610471248626709,,3.125732660293579,,62,0.4847384989261627,,72289
3.7317471504211426,,3.1936707496643066,,62,0.5380763411521912,,72299
3.7203028202056885,,3.094143867492676,,62,0.6261588931083679,,72309
3.697573661804199,,3.1067047119140625,,62,0.5908688306808472,,72319
3.856783628463745,,3.162426471710205,,62,0.6943572163581848,,72329
3.675189971923828,,3.1336283683776855,,62,0.541561484336853,,72339
3.796563148498535,,3.180604934692383,,62,0.6159581542015076,,72349
3.6919121742248535,,3.0803732872009277,,62,0.6115389466285706,,72359
3.83366322517395,,3.0881729125976562,,62,0.7454902529716492,,72369
3.7042174339294434,,3.061882972717285,,62,0.6423345804214478,,72379
3.8820085525512695,,3.153871536254883,,62,0.7281370759010315,,72389
3.6364598274230957,,3.114466905593872,,62,0.5219928026199341,,72399
3.613101005554199,,3.083627223968506,,62,0.5294737815856934,,72409
3.925572395324707,,3.1652119159698486,,62,0.7603604197502136,,72419
3.874945878982544,,3.1300230026245117,,62,0.7449228167533875,,72429
4.007416248321533,,3.239744186401367,,62,0.7676718831062317,,72439
3.865097999572754,,3.1684770584106445,,62,0.6966210007667542,,72449
3.8783316612243652,,3.1811375617980957,,62,0.6971941590309143,,72459
3.8155550956726074,,3.1951656341552734,,62,0.6203895211219788,,72469
3.72662353515625,,3.1051673889160156,,62,0.6214562654495239,,72479
3.7117035388946533,,3.090949535369873,,62,0.620754063129425,,72489
4.111353874206543,,3.2983055114746094,,62,0.813048243522644,,72499
3.819786548614502,,3.1350793838500977,,62,0.6847071051597595,,72509
4.073202133178711,,3.2910561561584473,,62,0.7821457982063293,,72519
3.941082239151001,,3.2322731018066406,,62,0.7088091969490051,,72529
3.769930839538574,,3.1431334018707275,,62,0.6267975568771362,,72539
4.05926513671875,,3.3384649753570557,,62,0.7207999229431152,,72549
3.9013071060180664,,3.304330825805664,,62,0.5969761610031128,,72559
3.7733421325683594,,3.163504123687744,,62,0.60983806848526,,72569
3.9146056175231934,,3.2961506843566895,,62,0.6184549927711487,,72579
3.9380972385406494,,3.2247588634490967,,62,0.7133384346961975,,72589
3.6627261638641357,,3.106987953186035,,62,0.5557382702827454,,72599
3.8018507957458496,,3.202655792236328,,62,0.5991948843002319,,72609
3.7340240478515625,,3.0889945030212402,,62,0.645029604434967,,72619
3.590467691421509,,3.176957607269287,,62,0.41351014375686646,,72629
,3.82224178314209,,3.1785690784454346,62,,0.6436727643013,72638
4.021336555480957,,3.2263450622558594,,63,0.794991672039032,,72639
3.675762414932251,,3.1798651218414307,,63,0.4958972930908203,,72649
3.785799264907837,,3.1624088287353516,,63,0.6233904957771301,,72659
3.7377140522003174,,3.102876663208008,,63,0.6348373889923096,,72669
3.711595058441162,,3.1573169231414795,,63,0.5542780160903931,,72679
3.733901023864746,,3.133387565612793,,63,0.6005133390426636,,72689
3.7034807205200195,,3.102719306945801,,63,0.6007612943649292,,72699
3.8411738872528076,,3.1857120990753174,,63,0.6554617881774902,,72709
3.865523338317871,,3.1323025226593018,,63,0.7332208752632141,,72719
3.8108069896698,,3.126007556915283,,63,0.6847994327545166,,72729
3.736042022705078,,3.214906692504883,,63,0.5211352109909058,,72739
3.846951723098755,,3.243457794189453,,63,0.6034939885139465,,72749
3.823486804962158,,3.155818462371826,,63,0.6676682829856873,,72759
3.9144277572631836,,3.2433629035949707,,63,0.6710647940635681,,72769
3.7604880332946777,,3.104738235473633,,63,0.6557498574256897,,72779
3.880159854888916,,3.1618971824645996,,63,0.718262791633606,,72789
3.9345903396606445,,3.3226590156555176,,63,0.6119314432144165,,72799
3.968602418899536,,3.2598156929016113,,63,0.7087867259979248,,72809
3.7374420166015625,,3.1764886379241943,,63,0.5609533786773682,,72819
4.050576686859131,,3.22491455078125,,63,0.8256623148918152,,72829
3.8351025581359863,,3.135403871536255,,63,0.699698805809021,,72839
3.6809237003326416,,3.107381820678711,,63,0.5735418796539307,,72849
3.7443861961364746,,3.158463954925537,,63,0.5859222412109375,,72859
3.9698855876922607,,3.202695369720459,,63,0.7671902179718018,,72869
3.7892987728118896,,3.1067874431610107,,63,0.6825113892555237,,72879
3.7024002075195312,,3.1709232330322266,,63,0.5314769744873047,,72889
3.839301586151123,,3.1169793605804443,,63,0.7223223447799683,,72899
3.632983684539795,,3.0623083114624023,,63,0.5706754326820374,,72909
3.6875576972961426,,3.114837408065796,,63,0.5727204084396362,,72919
3.745086193084717,,3.0848116874694824,,63,0.6602745056152344,,72929
3.7343664169311523,,3.097296714782715,,63,0.637069582939148,,72939
3.7935895919799805,,3.2010631561279297,,63,0.592526376247406,,72949
3.8271243572235107,,3.144019603729248,,63,0.6831047534942627,,72959
3.8796048164367676,,3.157101631164551,,63,0.722503125667572,,72969
3.6934030055999756,,3.148681163787842,,63,0.544721782207489,,72979
3.962641954421997,,3.1663897037506104,,63,0.7962522506713867,,72989
3.8884406089782715,,3.2309579849243164,,63,0.6574826836585999,,72999
3.9769978523254395,,3.2953085899353027,,63,0.6816891431808472,,73009
3.7289047241210938,,3.1103804111480713,,63,0.6185243725776672,,73019
3.9534618854522705,,3.219322919845581,,63,0.7341390252113342,,73029
3.9097161293029785,,3.1363649368286133,,63,0.7733511924743652,,73039
3.6916942596435547,,3.0908114910125732,,63,0.6008827090263367,,73049
3.8132925033569336,,3.1714277267456055,,63,0.6418647170066833,,73059
3.764888286590576,,3.013552188873291,,63,0.7513359785079956,,73069
3.7040650844573975,,3.1097331047058105,,63,0.5943320393562317,,73079
3.8426966667175293,,3.194742202758789,,63,0.6479545831680298,,73089
3.696455955505371,,3.1178841590881348,,63,0.5785717964172363,,73099
3.7060546875,,3.038362503051758,,63,0.6676920652389526,,73109
4.101596355438232,,3.2760281562805176,,63,0.8255681395530701,,73119
3.893728256225586,,3.161100387573242,,63,0.7326277494430542,,73129
3.771672487258911,,3.1201882362365723,,63,0.6514842510223389,,73139
3.824059009552002,,3.1820878982543945,,63,0.6419711112976074,,73149
3.621382236480713,,3.11574125289917,,63,0.5056410431861877,,73159
3.7285971641540527,,3.072765350341797,,63,0.6558319330215454,,73169
3.796849489212036,,3.161604166030884,,63,0.6352453827857971,,73179
4.012589931488037,,3.2283995151519775,,63,0.7841903567314148,,73189
3.9101648330688477,,3.232633590698242,,63,0.6775313019752502,,73199
4.12123966217041,,3.3234269618988037,,63,0.7978126406669617,,73209
4.168610572814941,,3.4166672229766846,,63,0.7519431114196777,,73219
3.664154291152954,,3.11165714263916,,63,0.5524970889091492,,73229
3.790182590484619,,3.184741497039795,,63,0.605441153049469,,73239
3.9106616973876953,,3.2129902839660645,,63,0.6976714730262756,,73249
4.1563615798950195,,3.337155342102051,,63,0.8192063570022583,,73259
3.8615643978118896,,3.1749095916748047,,63,0.6866548657417297,,73269
3.7450692653656006,,3.1437339782714844,,63,0.6013352274894714,,73279
3.936471462249756,,3.1671910285949707,,63,0.7692804336547852,,73289
3.6810081005096436,,3.071676731109619,,63,0.6093313097953796,,73299
3.7177326679229736,,3.070507526397705,,63,0.6472251415252686,,73309
3.591494083404541,,3.0794918537139893,,63,0.512002170085907,,73319
3.674377679824829,,3.1038081645965576,,63,0.5705695152282715,,73329
3.7091972827911377,,3.145206928253174,,63,0.5639903545379639,,73339
3.883186101913452,,3.21530818939209,,63,0.6678778529167175,,73349
3.8918492794036865,,3.302492380142212,,63,0.5893568992614746,,73359
3.6620852947235107,,3.0568912029266357,,63,0.6051940321922302,,73369
3.657924175262451,,3.041064977645874,,63,0.6168592572212219,,73379
3.9348347187042236,,3.267925500869751,,63,0.6669092178344727,,73389
3.8742923736572266,,3.1590256690979004,,63,0.7152666449546814,,73399
3.8084716796875,,3.160508155822754,,63,0.6479634642601013,,73409
4.149827480316162,,3.27131986618042,,63,0.8785077333450317,,73419
4.195066928863525,,3.4041736125946045,,63,0.7908934354782104,,73429
3.576693058013916,,3.102693557739258,,63,0.4739994704723358,,73439
3.894134998321533,,3.1784281730651855,,63,0.7157068848609924,,73449
3.770500659942627,,3.1467480659484863,,63,0.6237527132034302,,73459
3.7312684059143066,,3.1127939224243164,,63,0.6184744834899902,,73469
3.5974059104919434,,3.0490875244140625,,63,0.5483185052871704,,73479
3.7973215579986572,,3.142487049102783,,63,0.6548345685005188,,73489
3.9159529209136963,,3.2614688873291016,,63,0.65448397397995,,73499
3.7568554878234863,,3.1209216117858887,,63,0.6359339356422424,,73509
3.8402442932128906,,3.167635202407837,,63,0.6726090908050537,,73519
3.7626240253448486,,3.1291489601135254,,63,0.6334750056266785,,73529
3.7355611324310303,,3.116100788116455,,63,0.6194603443145752,,73539
3.854968309402466,,3.1577861309051514,,63,0.6971821188926697,,73549
4.021697044372559,,3.2539572715759277,,63,0.76774001121521,,73559
3.839613914489746,,3.1583609580993652,,63,0.6812528371810913,,73569
3.831038475036621,,3.1419975757598877,,63,0.6890407800674438,,73579
3.879788637161255,,3.142712354660034,,63,0.7370762228965759,,73589
3.7734580039978027,,3.086571216583252,,63,0.6868866682052612,,73599
4.135105133056641,,3.2838962078094482,,63,0.8512089252471924,,73609
3.825784206390381,,3.1327109336853027,,63,0.6930732727050781,,73619
4.018514633178711,,3.2811427116394043,,63,0.7373718619346619,,73629
3.7217044830322266,,3.0712032318115234,,63,0.6505013704299927,,73639
3.7781288623809814,,3.145183563232422,,63,0.6329452991485596,,73649
3.8037924766540527,,3.132112979888916,,63,0.6716794967651367,,73659
3.7935523986816406,,3.2217166423797607,,63,0.5718358159065247,,73669
3.6740427017211914,,3.061943769454956,,63,0.6120988726615906,,73679
4.0839691162109375,,3.2819035053253174,,63,0.802065372467041,,73689
3.9044713973999023,,3.2183263301849365,,63,0.686145007610321,,73699
3.7735252380371094,,3.12608003616333,,63,0.6474450826644897,,73709
4.025106430053711,,3.25423002243042,,63,0.7708764672279358,,73719
3.8545644283294678,,3.150561571121216,,63,0.7040029168128967,,73729
3.6902124881744385,,3.1016359329223633,,63,0.5885764956474304,,73739
3.8054537773132324,,3.223496437072754,,63,0.5819574594497681,,73749
3.9457764625549316,,3.1905319690704346,,63,0.7552444338798523,,73759
3.770808696746826,,3.11928129196167,,63,0.6515272855758667,,73769
3.9728057384490967,,3.2522964477539062,,63,0.7205092906951904,,73779
4.058423042297363,,3.296349287033081,,63,0.7620739340782166,,73789
,3.831317663192749,,3.1684441566467285,63,,0.662873387336731,73791
3.849151372909546,,3.1350300312042236,,64,0.7141212821006775,,73799
3.812218427658081,,3.161257266998291,,64,0.6509612202644348,,73809
3.8794806003570557,,3.185004711151123,,64,0.6944759488105774,,73819
3.978541851043701,,3.241971015930176,,64,0.7365708947181702,,73829
3.669039726257324,,3.1674928665161133,,64,0.5015469193458557,,73839
3.902411460876465,,3.2567906379699707,,64,0.6456209421157837,,73849
3.8836669921875,,3.140834331512451,,64,0.7428325414657593,,73859
3.75038480758667,,3.061357259750366,,64,0.6890274882316589,,73869
3.7203891277313232,,3.1763882637023926,,64,0.5440008640289307,,73879
3.6431140899658203,,3.1291942596435547,,64,0.5139199495315552,,73889
3.8719944953918457,,3.2005434036254883,,64,0.671451210975647,,73899
3.7769713401794434,,3.150237798690796,,64,0.6267334222793579,,73909
3.6082730293273926,,3.1153087615966797,,64,0.4929642081260681,,73919
3.6730847358703613,,3.0564494132995605,,64,0.6166353821754456,,73929
3.8114962577819824,,3.098458766937256,,64,0.713037371635437,,73939
3.910112142562866,,3.1537539958953857,,64,0.7563581466674805,,73949
3.8466224670410156,,3.1867246627807617,,64,0.6598979234695435,,73959
3.817899227142334,,3.154385566711426,,64,0.6635137796401978,,73969
3.6609585285186768,,3.0755326747894287,,64,0.5854257941246033,,73979
4.025772571563721,,3.351471185684204,,64,0.6743014454841614,,73989
3.8132946491241455,,3.1498355865478516,,64,0.663459062576294,,73999
3.8355326652526855,,3.1489038467407227,,64,0.6866287589073181,,74009
3.575566291809082,,3.035947799682617,,64,0.5396183729171753,,74019
3.7680840492248535,,3.162519931793213,,64,0.6055641174316406,,74029
3.9006805419921875,,3.2399911880493164,,64,0.6606894731521606,,74039
3.6840319633483887,,3.131812810897827,,64,0.5522190928459167,,74049
3.7503037452697754,,3.1081948280334473,,64,0.6421087980270386,,74059
3.783534526824951,,3.097745418548584,,64,0.6857891082763672,,74069
3.7522239685058594,,3.1420297622680664,,64,0.6101941466331482,,74079
3.988405466079712,,3.2764716148376465,,64,0.7119338512420654,,74089
3.828331470489502,,3.127115488052368,,64,0.7012158632278442,,74099
3.85809063911438,,3.1962766647338867,,64,0.6618139147758484,,74109
3.717468500137329,,3.03787899017334,,64,0.6795894503593445,,74119
3.748772144317627,,3.1044955253601074,,64,0.6442765593528748,,74129
4.296677589416504,,3.503790855407715,,64,0.7928865551948547,,74139
3.624742031097412,,3.024895191192627,,64,0.5998467803001404,,74149
3.6396946907043457,,3.030885934829712,,64,0.6088088750839233,,74159
3.751628875732422,,3.1390881538391113,,64,0.6125408411026001,,74169
3.6115949153900146,,3.1076884269714355,,64,0.5039064288139343,,74179
3.996701240539551,,3.1888303756713867,,64,0.8078708648681641,,74189
3.6519618034362793,,3.075752019882202,,64,0.5762099027633667,,74199
3.8424484729766846,,3.186974048614502,,64,0.6554744839668274,,74209
3.686319351196289,,3.057403564453125,,64,0.6289156675338745,,74219
3.7501039505004883,,3.0808067321777344,,64,0.6692972183227539,,74229
3.933422803878784,,3.1479594707489014,,64,0.785463273525238,,74239
3.6194334030151367,,3.1042141914367676,,64,0.5152193307876587,,74249
3.954491376876831,,3.2092700004577637,,64,0.7452213168144226,,74259
3.7080016136169434,,3.0941410064697266,,64,0.6138606071472168,,74269
3.860074520111084,,3.1500582695007324,,64,0.7100163102149963,,74279
3.836536407470703,,3.1875619888305664,,64,0.6489743590354919,,74289
4.0458292961120605,,3.2646117210388184,,64,0.7812173962593079,,74299
3.66811466217041,,3.071033239364624,,64,0.5970815420150757,,74309
3.6114182472229004,,3.0783143043518066,,64,0.5331040620803833,,74319
3.9671974182128906,,3.148402214050293,,64,0.8187952637672424,,74329
3.6491966247558594,,3.097332715988159,,64,0.5518639087677002,,74339
3.729973793029785,,3.0929017066955566,,64,0.6370722055435181,,74349
3.6852312088012695,,3.1060214042663574,,64,0.5792098045349121,,74359
3.7582449913024902,,3.140350341796875,,64,0.6178945899009705,,74369
3.7711102962493896,,3.084460973739624,,64,0.6866493225097656,,74379
3.6413986682891846,,3.029494047164917,,64,0.6119045615196228,,74389
3.5936245918273926,,3.0233383178710938,,64,0.5702863931655884,,74399
3.8797035217285156,,3.1585397720336914,,64,0.7211638689041138,,74409
3.8993847370147705,,3.2083582878112793,,64,0.691026508808136,,74419
4.074475288391113,,3.2919187545776367,,64,0.7825567126274109,,74429
4.142007827758789,,3.3744707107543945,,64,0.7675370573997498,,74439
3.9484925270080566,,3.264643430709839,,64,0.6838491559028625,,74449
3.7743794918060303,,3.1220030784606934,,64,0.6523763537406921,,74459
3.734222650527954,,3.1507251262664795,,64,0.5834975242614746,,74469
3.7007880210876465,,3.114786386489868,,64,0.5860015749931335,,74479
3.8300180435180664,,3.191486358642578,,64,0.6385315656661987,,74489
3.7479183673858643,,3.139470100402832,,64,0.6084482073783875,,74499
4.115938186645508,,3.334984540939331,,64,0.7809536457061768,,74509
3.9274187088012695,,3.1446430683135986,,64,0.7827757000923157,,74519
3.749527931213379,,3.097622871398926,,64,0.6519049406051636,,74529
3.6954662799835205,,3.116786003112793,,64,0.5786803364753723,,74539
3.904280185699463,,3.243161916732788,,64,0.66111820936203,,74549
3.980341911315918,,3.1722917556762695,,64,0.8080501556396484,,74559
3.9194579124450684,,3.293447971343994,,64,0.6260098814964294,,74569
3.6825268268585205,,3.097306251525879,,64,0.5852206349372864,,74579
3.827645778656006,,3.179837226867676,,64,0.6478085517883301,,74589
3.8485732078552246,,3.136831760406494,,64,0.7117415070533752,,74599
3.7150487899780273,,3.130051851272583,,64,0.5849969387054443,,74609
3.9352245330810547,,3.228750705718994,,64,0.7064738273620605,,74619
4.213565826416016,,3.316419839859009,,64,0.8971459269523621,,74629
3.8471832275390625,,3.1895194053649902,,64,0.657663881778717,,74639
3.712308883666992,,3.061231851577759,,64,0.651077151298523,,74649
3.793506145477295,,3.18544602394104,,64,0.6080600619316101,,74659
3.8266825675964355,,3.1150400638580322,,64,0.7116426229476929,,74669
3.7987759113311768,,3.1663737297058105,,64,0.632402241230011,,74679
3.836036443710327,,3.1502022743225098,,64,0.6858341693878174,,74689
3.6214113235473633,,3.055233955383301,,64,0.566177487373352,,74699
3.7515759468078613,,3.1365244388580322,,64,0.6150515675544739,,74709
3.6751115322113037,,3.0958263874053955,,64,0.5792851448059082,,74719
3.8906965255737305,,3.113737106323242,,64,0.7769593596458435,,74729
3.9796676635742188,,3.254971981048584,,64,0.7246955633163452,,74739
3.875668525695801,,3.229118824005127,,64,0.6465497612953186,,74749
3.5907280445098877,,3.117872953414917,,64,0.4728551208972931,,74759
3.8311922550201416,,3.204658269882202,,64,0.6265339255332947,,74769
3.6800498962402344,,3.108340263366699,,64,0.5717096924781799,,74779
3.6739580631256104,,3.135843276977539,,64,0.5381148457527161,,74789
3.578871726989746,,3.0266799926757812,,64,0.5521916151046753,,74799
3.8137128353118896,,3.1277575492858887,,64,0.6859552264213562,,74809
3.9628071784973145,,3.201206684112549,,64,0.7616006135940552,,74819
3.7172138690948486,,3.109863042831421,,64,0.6073508858680725,,74829
3.7791786193847656,,3.1688995361328125,,64,0.6102790832519531,,74839
3.679887056350708,,3.072449207305908,,64,0.6074378490447998,,74849
3.704075574874878,,3.1644749641418457,,64,0.5396005511283875,,74859
3.8985595703125,,3.2182235717773438,,64,0.6803361177444458,,74869
3.7756810188293457,,3.0784499645233154,,64,0.6972311735153198,,74879
3.9864823818206787,,3.276998996734619,,64,0.7094834446907043,,74889
3.6300649642944336,,3.0903072357177734,,64,0.5397578477859497,,74899
3.83015513420105,,3.208744525909424,,64,0.6214105486869812,,74909
3.993281602859497,,3.247370958328247,,64,0.7459107041358948,,74919
3.8106770515441895,,3.1363611221313477,,64,0.6743159890174866,,74929
3.816749095916748,,3.1729862689971924,,64,0.6437628269195557,,74939
,3.8195836544036865,,3.1606554985046387,64,,0.6589282155036926,74944
3.7745723724365234,,3.1418378353118896,,65,0.6327345371246338,,74949
3.9310953617095947,,3.217346668243408,,65,0.7137486338615417,,74959
3.756490468978882,,3.13130521774292,,65,0.6251852512359619,,74969
3.958141565322876,,3.2138774394989014,,65,0.7442641258239746,,74979
3.7471847534179688,,3.157072067260742,,65,0.5901126861572266,,74989
3.7407939434051514,,3.1610794067382812,,65,0.5797145366668701,,74999
3.746636152267456,,3.1386990547180176,,65,0.6079370379447937,,75009
3.7070322036743164,,3.06085205078125,,65,0.6461800336837769,,75019
3.8605470657348633,,3.234337091445923,,65,0.6262098550796509,,75029
3.642923355102539,,3.0355076789855957,,65,0.6074156165122986,,75039
3.9503366947174072,,3.275683879852295,,65,0.6746528148651123,,75049
3.845775842666626,,3.1972439289093018,,65,0.6485319137573242,,75059
3.666926860809326,,3.088365077972412,,65,0.5785618424415588,,75069
3.6958553791046143,,3.1259710788726807,,65,0.5698842406272888,,75079
3.9573159217834473,,3.1569652557373047,,65,0.8003506064414978,,75089
3.6499884128570557,,3.072396755218506,,65,0.5775916576385498,,75099
3.889343738555908,,3.1676406860351562,,65,0.721703052520752,,75109
3.7591705322265625,,3.21785831451416,,65,0.5413122773170471,,75119
3.7662672996520996,,3.1007919311523438,,65,0.6654754877090454,,75129
3.7120165824890137,,3.0956766605377197,,65,0.616339921951294,,75139
3.700676202774048,,3.115823745727539,,65,0.5848525166511536,,75149
3.756516933441162,,3.146566867828369,,65,0.6099499464035034,,75159
3.890486717224121,,3.1817359924316406,,65,0.7087507247924805,,75169
3.9918277263641357,,3.3291828632354736,,65,0.6626448631286621,,75179
4.05768346786499,,3.295783042907715,,65,0.7619004845619202,,75189
3.9002389907836914,,3.2118656635284424,,65,0.6883734464645386,,75199
3.8391056060791016,,3.2173421382904053,,65,0.6217634677886963,,75209
3.8688535690307617,,3.157493829727173,,65,0.7113598585128784,,75219
3.7301442623138428,,3.124715805053711,,65,0.6054283976554871,,75229
3.692092180252075,,3.0156352519989014,,65,0.6764569282531738,,75239
3.6811044216156006,,3.034193277359009,,65,0.6469112038612366,,75249
3.9489126205444336,,3.3686184883117676,,65,0.5802942514419556,,75259
3.9383597373962402,,3.2674355506896973,,65,0.6709240674972534,,75269
3.785407543182373,,3.1431262493133545,,65,0.6422812938690186,,75279
4.000676155090332,,3.327719211578369,,65,0.6729567646980286,,75289
3.6790599822998047,,3.0407004356384277,,65,0.6383596062660217,,75299
3.77211856842041,,3.1682028770446777,,65,0.6039155721664429,,75309
3.7840399742126465,,3.1907551288604736,,65,0.5932847261428833,,75319
3.6763243675231934,,3.1087522506713867,,65,0.5675722360610962,,75329
3.6857001781463623,,3.1430482864379883,,65,0.542651891708374,,75339
3.843433141708374,,3.132071018218994,,65,0.7113621830940247,,75349
3.9674551486968994,,3.2009713649749756,,65,0.7664838433265686,,75359
3.6606695652008057,,3.132234811782837,,65,0.528434693813324,,75369
3.8902933597564697,,3.22493839263916,,65,0.6653549671173096,,75379
3.7867677211761475,,3.202731132507324,,65,0.5840365886688232,,75389
3.619900941848755,,3.0867021083831787,,65,0.533198893070221,,75399
3.7238192558288574,,3.0808050632476807,,65,0.643014132976532,,75409
3.762892246246338,,3.095120429992676,,65,0.6677718758583069,,75419
3.7493858337402344,,3.1087875366210938,,65,0.6405982375144958,,75429
3.9038655757904053,,3.179816722869873,,65,0.7240487933158875,,75439
3.74098801612854,,3.130643129348755,,65,0.6103448867797852,,75449
3.7569334506988525,,3.1048898696899414,,65,0.6520435214042664,,75459
4.009035110473633,,3.2658801078796387,,65,0.7431552410125732,,75469
3.7970786094665527,,3.1990981101989746,,65,0.5979803800582886,,75479
3.7011916637420654,,3.115595817565918,,65,0.5855959057807922,,75489
3.669862747192383,,3.058605194091797,,65,0.6112574934959412,,75499
3.7876908779144287,,3.111569881439209,,65,0.676120936870575,,75509
3.7996182441711426,,3.105222702026367,,65,0.6943956017494202,,75519
3.754490613937378,,3.2252650260925293,,65,0.5292256474494934,,75529
3.632260322570801,,3.089787721633911,,65,0.5424727201461792,,75539
4.020847797393799,,3.1816043853759766,,65,0.8392435312271118,,75549
3.873652458190918,,3.197580099105835,,65,0.6760722994804382,,75559
3.585937023162842,,3.068539619445801,,65,0.517397403717041,,75569
3.854071617126465,,3.081413745880127,,65,0.7726578116416931,,75579
3.6744112968444824,,3.094219207763672,,65,0.580191969871521,,75589
3.8324601650238037,,3.2034554481506348,,65,0.629004716873169,,75599
3.7420144081115723,,3.169764757156372,,65,0.5722496509552002,,75609
3.857357978820801,,3.1291146278381348,,65,0.7282432913780212,,75619
3.7165775299072266,,3.119969129562378,,65,0.5966083407402039,,75629
3.855588436126709,,3.239265203475952,,65,0.6163233518600464,,75639
3.860408306121826,,3.1714205741882324,,65,0.6889877915382385,,75649
4.100688457489014,,3.3124215602874756,,65,0.7882670164108276,,75659
3.779179573059082,,3.1073622703552246,,65,0.6718172430992126,,75669
3.879870653152466,,3.1976168155670166,,65,0.6822538375854492,,75679
3.77860951423645,,3.094985008239746,,65,0.6836245656013489,,75689
3.757189989089966,,3.182225227355957,,65,0.574964702129364,,75699
3.763711929321289,,3.1483612060546875,,65,0.6153507828712463,,75709
3.6691880226135254,,2.999591588973999,,65,0.6695964336395264,,75719
3.647887706756592,,3.140035629272461,,65,0.5078521370887756,,75729
3.6852331161499023,,3.1244125366210938,,65,0.5608206391334534,,75739
3.8150196075439453,,3.2001521587371826,,65,0.6148674488067627,,75749
3.755568265914917,,3.125702381134033,,65,0.629865825176239,,75759
3.7355847358703613,,3.119495391845703,,65,0.6160893440246582,,75769
3.7400195598602295,,3.1249818801879883,,65,0.615037739276886,,75779
3.79030442237854,,3.1757972240448,,65,0.6145071983337402,,75789
4.122377872467041,,3.322772979736328,,65,0.7996049523353577,,75799
3.7479605674743652,,3.226522922515869,,65,0.5214375257492065,,75809
3.929368019104004,,3.152776002883911,,65,0.776591956615448,,75819
3.93916654586792,,3.2225308418273926,,65,0.7166357636451721,,75829
3.594938039779663,,3.090975284576416,,65,0.5039626955986023,,75839
3.8554868698120117,,3.109563112258911,,65,0.7459236979484558,,75849
3.72212815284729,,3.035356283187866,,65,0.686771810054779,,75859
3.77872371673584,,3.1586432456970215,,65,0.6200803518295288,,75869
3.8124582767486572,,3.1909854412078857,,65,0.6214728355407715,,75879
3.8811757564544678,,3.159924030303955,,65,0.7212516665458679,,75889
3.6545512676239014,,3.159240245819092,,65,0.49531108140945435,,75899
3.853322744369507,,3.160993814468384,,65,0.6923289895057678,,75909
3.5940585136413574,,3.0868051052093506,,65,0.5072534680366516,,75919
3.665646553039551,,3.067826986312866,,65,0.5978196859359741,,75929
4.009187698364258,,3.2140660285949707,,65,0.7951218485832214,,75939
3.866473436355591,,3.216104745864868,,65,0.6503686308860779,,75949
3.8233728408813477,,3.171208143234253,,65,0.6521647572517395,,75959
3.67368483543396,,3.097120523452759,,65,0.576564371585846,,75969
3.743333339691162,,3.1627447605133057,,65,0.5805885195732117,,75979
3.877171754837036,,3.2025835514068604,,65,0.6745882630348206,,75989
3.66829776763916,,3.073664665222168,,65,0.5946331024169922,,75999
3.937587022781372,,3.1769328117370605,,65,0.7606542706489563,,76009
3.575575828552246,,3.0691609382629395,,65,0.5064148902893066,,76019
3.7405943870544434,,3.076467990875244,,65,0.664126455783844,,76029
3.7383763790130615,,3.131293773651123,,65,0.6070825457572937,,76039
3.568218469619751,,3.0995194911956787,,65,0.46869900822639465,,76049
3.6121952533721924,,3.021381378173828,,65,0.5908138751983643,,76059
3.783795118331909,,3.1490211486816406,,65,0.6347739100456238,,76069
3.8891725540161133,,3.1690735816955566,,65,0.7200988531112671,,76079
3.626584529876709,,3.0811362266540527,,65,0.5454483032226562,,76089
,3.796778440475464,,3.152578115463257,65,,0.6442003846168518,76097
3.920743703842163,,3.217952251434326,,66,0.7027913928031921,,76099
3.58892822265625,,3.121061325073242,,66,0.4678669571876526,,76109
4.115453720092773,,3.3941402435302734,,66,0.7213135957717896,,76119
3.64505672454834,,3.089056968688965,,66,0.555999755859375,,76129
3.867979049682617,,3.1998419761657715,,66,0.6681371331214905,,76139
3.7116003036499023,,3.112447738647461,,66,0.5991525053977966,,76149
3.567150592803955,,3.03237247467041,,66,0.5347780585289001,,76159
3.7386279106140137,,3.208347797393799,,66,0.5302800536155701,,76169
3.7968568801879883,,3.1457977294921875,,66,0.6510590314865112,,76179
3.896791934967041,,3.174889326095581,,66,0.7219025492668152,,76189
3.7189126014709473,,3.0252506732940674,,66,0.6936620473861694,,76199
3.790998935699463,,3.134277820587158,,66,0.6567211151123047,,76209
3.6786787509918213,,3.0985829830169678,,66,0.5800958275794983,,76219
4.01660680770874,,3.278804302215576,,66,0.7378023266792297,,76229
3.715059280395508,,3.0748002529144287,,66,0.6402589082717896,,76239
3.9661903381347656,,3.225823402404785,,66,0.7403669357299805,,76249
3.858490228652954,,3.1949543952941895,,66,0.6635357737541199,,76259
4.028773307800293,,3.320266008377075,,66,0.7085074186325073,,76269
3.8294410705566406,,3.1532721519470215,,66,0.6761689782142639,,76279
3.5965723991394043,,3.0461015701293945,,66,0.5504709482192993,,76289
3.808922290802002,,3.135286331176758,,66,0.6736360192298889,,76299
3.7203280925750732,,3.0897746086120605,,66,0.6305534839630127,,76309
3.5696449279785156,,3.035979747772217,,66,0.533665120601654,,76319
3.772481918334961,,3.0755908489227295,,66,0.6968910694122314,,76329
3.9146037101745605,,3.194347381591797,,66,0.7202563881874084,,76339
3.7736194133758545,,3.1693782806396484,,66,0.604241132736206,,76349
3.739900588989258,,3.1723179817199707,,66,0.5675826668739319,,76359
3.920959711074829,,3.1823832988739014,,66,0.7385764718055725,,76369
3.9543347358703613,,3.197826862335205,,66,0.7565077543258667,,76379
3.746521472930908,,3.1862294673919678,,66,0.56029212474823,,76389
3.7512080669403076,,3.1140129566192627,,66,0.6371951699256897,,76399
3.6586122512817383,,3.076535224914551,,66,0.582077145576477,,76409
3.8132925033569336,,3.195357084274292,,66,0.6179354190826416,,76419
3.9047465324401855,,3.2668917179107666,,66,0.637854814529419,,76429
3.7097268104553223,,3.0788004398345947,,66,0.6309263706207275,,76439
3.6553571224212646,,3.0330543518066406,,66,0.6223027110099792,,76449
3.783264636993408,,3.2511744499206543,,66,0.5320901274681091,,76459
3.951282024383545,,3.2614152431488037,,66,0.6898666620254517,,76469
3.9450998306274414,,3.228092670440674,,66,0.7170072793960571,,76479
3.7294259071350098,,3.161647319793701,,66,0.5677785277366638,,76489
3.748182535171509,,3.1168124675750732,,66,0.6313701272010803,,76499
3.8222146034240723,,3.139974594116211,,66,0.6822401285171509,,76509
3.728083610534668,,3.127789258956909,,66,0.600294291973114,,76519
3.8591418266296387,,3.1855783462524414,,66,0.673563539981842,,76529
3.740776777267456,,3.2071428298950195,,66,0.5336338877677917,,76539
4.030354976654053,,3.250392198562622,,66,0.7799627184867859,,76549
3.8693718910217285,,3.148688316345215,,66,0.7206834554672241,,76559
3.7436752319335938,,3.183218479156494,,66,0.5604568719863892,,76569
3.693221092224121,,3.1003384590148926,,66,0.592882513999939,,76579
3.8602538108825684,,3.2415010929107666,,66,0.6187528371810913,,76589
3.8718886375427246,,3.2117624282836914,,66,0.660126268863678,,76599
3.725043773651123,,3.1185998916625977,,66,0.6064437627792358,,76609
4.280594348907471,,3.3454365730285645,,66,0.9351576566696167,,76619
3.766585350036621,,3.113384485244751,,66,0.6532009243965149,,76629
3.701455593109131,,3.099557399749756,,66,0.601898193359375,,76639
3.858096122741699,,3.2057337760925293,,66,0.6523624062538147,,76649
3.8423142433166504,,3.2278733253479004,,66,0.6144407987594604,,76659
3.8021159172058105,,3.127561569213867,,66,0.6745544075965881,,76669
3.820908308029175,,3.1758642196655273,,66,0.6450441479682922,,76679
3.9033355712890625,,3.193182945251465,,66,0.7101525664329529,,76689
3.7615692615509033,,3.1350340843200684,,66,0.626535177230835,,76699
3.7579336166381836,,3.100543975830078,,66,0.6573895215988159,,76709
3.8192572593688965,,3.165423631668091,,66,0.6538335084915161,,76719
3.800740957260132,,3.2190608978271484,,66,0.5816799998283386,,76729
3.718090772628784,,3.0928964614868164,,66,0.625194251537323,,76739
3.873905897140503,,3.150275945663452,,66,0.7236300110816956,,76749
4.085570812225342,,3.2873477935791016,,66,0.7982231974601746,,76759
3.8123316764831543,,3.1856696605682373,,66,0.6266618967056274,,76769
3.9359054565429688,,3.204921007156372,,66,0.7309844493865967,,76779
3.7518181800842285,,3.153095245361328,,66,0.5987229347229004,,76789
3.574704647064209,,3.108067512512207,,66,0.46663716435432434,,76799
3.828246831893921,,3.1785786151885986,,66,0.649668276309967,,76809
3.6924843788146973,,3.0327906608581543,,66,0.659693717956543,,76819
3.5956501960754395,,3.04679012298584,,66,0.5488600730895996,,76829
3.827772855758667,,3.1962409019470215,,66,0.6315319538116455,,76839
3.7994422912597656,,3.1074671745300293,,66,0.6919752359390259,,76849
3.7883434295654297,,3.1532225608825684,,66,0.6351209878921509,,76859
3.659329414367676,,3.0998377799987793,,66,0.5594916343688965,,76869
4.236838340759277,,3.356705904006958,,66,0.8801323771476746,,76879
3.533848285675049,,2.9797720909118652,,66,0.5540761351585388,,76889
3.6985104084014893,,3.128067970275879,,66,0.5704423785209656,,76899
3.8248472213745117,,3.1774957180023193,,66,0.6473514437675476,,76909
4.026309967041016,,3.245715618133545,,66,0.780594527721405,,76919
3.8046343326568604,,3.2211990356445312,,66,0.5834353566169739,,76929
3.7294418811798096,,3.114544153213501,,66,0.6148976683616638,,76939
3.792646646499634,,3.1629247665405273,,66,0.6297218203544617,,76949
3.7461323738098145,,3.1863749027252197,,66,0.5597575306892395,,76959
3.787593364715576,,3.1542813777923584,,66,0.6333118677139282,,76969
3.7800254821777344,,3.1839256286621094,,66,0.596099853515625,,76979
3.5167040824890137,,2.999683141708374,,66,0.5170210003852844,,76989
4.111556053161621,,3.253377914428711,,66,0.8581780195236206,,76999
4.003420829772949,,3.141646146774292,,66,0.8617746233940125,,77009
3.7872583866119385,,3.144536018371582,,66,0.6427223682403564,,77019
3.9669573307037354,,3.181051254272461,,66,0.7859060168266296,,77029
3.822348117828369,,3.1803011894226074,,66,0.6420468688011169,,77039
3.758885145187378,,3.1135599613189697,,66,0.645325243473053,,77049
4.092031478881836,,3.3170270919799805,,66,0.7750046253204346,,77059
3.8027732372283936,,3.1794466972351074,,66,0.6233264803886414,,77069
3.6665103435516357,,3.0875253677368164,,66,0.5789849162101746,,77079
3.697258949279785,,3.0612101554870605,,66,0.6360487937927246,,77089
4.089078426361084,,3.193610191345215,,66,0.8954680562019348,,77099
3.909801483154297,,3.1661171913146973,,66,0.7436842322349548,,77109
3.7196953296661377,,3.1303045749664307,,66,0.5893908143043518,,77119
3.8014073371887207,,3.1497268676757812,,66,0.651680588722229,,77129
3.841613292694092,,3.134945869445801,,66,0.7066674828529358,,77139
3.830164909362793,,3.1435751914978027,,66,0.6865895986557007,,77149
3.7962567806243896,,3.1123266220092773,,66,0.6839300990104675,,77159
3.87705135345459,,3.116499900817871,,66,0.7605513334274292,,77169
3.8780877590179443,,3.2725582122802734,,66,0.6055296063423157,,77179
3.9501895904541016,,3.2595510482788086,,66,0.6906384229660034,,77189
3.699037551879883,,3.1209259033203125,,66,0.5781115889549255,,77199
3.660831928253174,,3.1337730884552,,66,0.5270587205886841,,77209
3.7600386142730713,,3.036860466003418,,66,0.7231782078742981,,77219
3.700162172317505,,3.0842700004577637,,66,0.615892231464386,,77229
3.753171920776367,,3.115647792816162,,66,0.6375240087509155,,77239
3.702195167541504,,3.1030030250549316,,66,0.5991920828819275,,77249
,3.7997183799743652,,3.1517763137817383,66,,0.6479419469833374,77250
4.016839027404785,,3.2482714653015137,,67,0.7685674428939819,,77259
3.930551052093506,,3.2705512046813965,,67,0.6599999666213989,,77269
3.7139787673950195,,3.127580165863037,,67,0.5863984823226929,,77279
3.733560085296631,,3.1124658584594727,,67,0.6210942268371582,,77289
3.825136184692383,,3.2529377937316895,,67,0.5721984505653381,,77299
3.945190906524658,,3.2326879501342773,,67,0.7125028967857361,,77309
3.693720817565918,,3.0226190090179443,,67,0.6711018681526184,,77319
3.8435895442962646,,3.236095905303955,,67,0.6074935793876648,,77329
3.750049352645874,,3.122319459915161,,67,0.6277298927307129,,77339
3.8210537433624268,,3.1396472454071045,,67,0.681406557559967,,77349
3.9108026027679443,,3.1635305881500244,,67,0.7472720742225647,,77359
3.774566173553467,,3.1282191276550293,,67,0.646347165107727,,77369
3.749608039855957,,3.0499792098999023,,67,0.6996287107467651,,77379
3.7240166664123535,,3.1104705333709717,,67,0.6135461926460266,,77389
3.663804769515991,,3.092151641845703,,67,0.5716531872749329,,77399
3.682097911834717,,3.115973472595215,,67,0.5661245584487915,,77409
3.653723955154419,,3.081425905227661,,67,0.5722980499267578,,77419
3.8833155632019043,,3.0699563026428223,,67,0.8133592009544373,,77429
3.78712797164917,,3.1670000553131104,,67,0.6201279163360596,,77439
3.8962113857269287,,3.252450466156006,,67,0.6437608599662781,,77449
3.8125710487365723,,3.147611618041992,,67,0.6649594306945801,,77459
3.8968350887298584,,3.2304611206054688,,67,0.6663740277290344,,77469
3.657167911529541,,3.0962777137756348,,67,0.5608903169631958,,77479
4.001328468322754,,3.2569737434387207,,67,0.7443549633026123,,77489
3.7034952640533447,,3.1110002994537354,,67,0.5924949645996094,,77499
3.6970207691192627,,3.10463809967041,,67,0.5923827290534973,,77509
3.90212082862854,,3.1135036945343018,,67,0.7886170744895935,,77519
3.6176345348358154,,3.030632972717285,,67,0.587001621723175,,77529
4.047730445861816,,3.2763619422912598,,67,0.7713683247566223,,77539
3.7095460891723633,,3.1254143714904785,,67,0.5841317772865295,,77549
3.7367563247680664,,3.050258159637451,,67,0.6864981651306152,,77559
3.841370105743408,,3.1685597896575928,,67,0.672810435295105,,77569
3.762765407562256,,3.188196897506714,,67,0.5745686292648315,,77579
3.5399820804595947,,3.0167548656463623,,67,0.5232272744178772,,77589
3.9541807174682617,,3.305593490600586,,67,0.6485873460769653,,77599
3.7831509113311768,,3.1440587043762207,,67,0.639092206954956,,77609
3.808102607727051,,3.164156913757324,,67,0.6439456343650818,,77619
3.649034023284912,,3.113557815551758,,67,0.5354762077331543,,77629
3.4996726512908936,,3.034011125564575,,67,0.4656616151332855,,77639
4.013589859008789,,3.34405779838562,,67,0.669532299041748,,77649
3.859785556793213,,3.1332664489746094,,67,0.7265191674232483,,77659
3.940906524658203,,3.2591614723205566,,67,0.6817450523376465,,77669
4.354961395263672,,3.5521862506866455,,67,0.8027753233909607,,77679
3.590371608734131,,3.033181667327881,,67,0.5571898221969604,,77689
4.171947956085205,,3.3788790702819824,,67,0.7930687665939331,,77699
3.712465286254883,,3.1260368824005127,,67,0.5864285230636597,,77709
3.5937881469726562,,3.0118319988250732,,67,0.5819560289382935,,77719
3.8403947353363037,,3.1235268115997314,,67,0.7168678641319275,,77729
3.7934038639068604,,3.1252198219299316,,67,0.6681839823722839,,77739
3.7521932125091553,,3.1505327224731445,,67,0.6016604900360107,,77749
4.070549488067627,,3.2901864051818848,,67,0.780363142490387,,77759
3.7241668701171875,,3.120553970336914,,67,0.603613018989563,,77769
3.638946056365967,,3.0388436317443848,,67,0.6001023650169373,,77779
3.786162853240967,,3.084742546081543,,67,0.701420247554779,,77789
3.7921948432922363,,3.1249938011169434,,67,0.6672011017799377,,77799
3.6890757083892822,,3.150024890899658,,67,0.5390508770942688,,77809
3.6804399490356445,,3.0767979621887207,,67,0.6036419868469238,,77819
3.668572425842285,,3.1152546405792236,,67,0.5533179044723511,,77829
3.5893187522888184,,3.0542683601379395,,67,0.5350502729415894,,77839
3.9735941886901855,,3.1992406845092773,,67,0.7743533849716187,,77849
3.6971521377563477,,3.128298282623291,,67,0.5688538551330566,,77859
3.6554365158081055,,3.056307315826416,,67,0.5991290807723999,,77869
3.683654546737671,,3.059899091720581,,67,0.6237555146217346,,77879
3.9162049293518066,,3.242321491241455,,67,0.6738833785057068,,77889
3.9115471839904785,,3.175055980682373,,67,0.7364912033081055,,77899
3.9863977432250977,,3.200556755065918,,67,0.7858409285545349,,77909
3.8225202560424805,,3.14447283744812,,67,0.6780474781990051,,77919
3.831312894821167,,3.100217819213867,,67,0.7310951352119446,,77929
3.826584577560425,,3.090759515762329,,67,0.7358251214027405,,77939
3.756239891052246,,3.1153528690338135,,67,0.6408871412277222,,77949
3.816887140274048,,3.109243392944336,,67,0.7076438069343567,,77959
3.453159809112549,,3.003788948059082,,67,0.44937095046043396,,77969
3.7149534225463867,,3.0878472328186035,,67,0.6271061301231384,,77979
3.725388526916504,,3.0601367950439453,,67,0.6652518510818481,,77989
3.8791420459747314,,3.145265579223633,,67,0.7338764667510986,,77999
3.9211442470550537,,3.272916793823242,,67,0.6482275128364563,,78009
4.079314708709717,,3.3075900077819824,,67,0.7717248201370239,,78019
4.0402984619140625,,3.274003028869629,,67,0.7662956714630127,,78029
3.7772586345672607,,3.1452808380126953,,67,0.6319777369499207,,78039
3.563267707824707,,3.0525481700897217,,67,0.5107195973396301,,78049
3.853328227996826,,3.2589282989501953,,67,0.5943998098373413,,78059
3.550326347351074,,3.0261502265930176,,67,0.5241762399673462,,78069
3.7805018424987793,,3.0887129306793213,,67,0.6917888522148132,,78079
3.678194522857666,,3.019895076751709,,67,0.6582993268966675,,78089
3.8533151149749756,,3.096684694290161,,67,0.7566304206848145,,78099
3.8585543632507324,,3.179318428039551,,67,0.6792360544204712,,78109
3.649885654449463,,2.9987449645996094,,67,0.6511407494544983,,78119
3.718737840652466,,3.045545816421509,,67,0.6731920838356018,,78129
3.6047635078430176,,3.027109384536743,,67,0.5776540040969849,,78139
3.6969261169433594,,3.109604835510254,,67,0.5873213410377502,,78149
3.906942367553711,,3.268364429473877,,67,0.6385778784751892,,78159
3.65806245803833,,3.0960726737976074,,67,0.5619898438453674,,78169
3.905346393585205,,3.1401751041412354,,67,0.7651711702346802,,78179
3.623589515686035,,3.077132225036621,,67,0.5464572310447693,,78189
3.706484317779541,,3.076138973236084,,67,0.6303452253341675,,78199
4.076777458190918,,3.2655889987945557,,67,0.8111886382102966,,78209
3.903855800628662,,3.1117401123046875,,67,0.7921156287193298,,78219
3.6796956062316895,,3.0955140590667725,,67,0.5841816663742065,,78229
3.728961944580078,,3.087974786758423,,67,0.6409870982170105,,78239
3.771331548690796,,3.091798782348633,,67,0.6795327663421631,,78249
3.6571614742279053,,3.125945568084717,,67,0.5312159657478333,,78259
3.812635898590088,,3.155567169189453,,67,0.65706866979599,,78269
4.296231746673584,,3.344784736633301,,67,0.9514471292495728,,78279
3.7961807250976562,,3.1778697967529297,,67,0.6183109283447266,,78289
3.653968572616577,,3.054628372192383,,67,0.5993402600288391,,78299
3.7203335762023926,,3.0678305625915527,,67,0.6525028944015503,,78309
3.628587007522583,,3.0422568321228027,,67,0.5863301157951355,,78319
4.071722507476807,,3.2607617378234863,,67,0.8109609484672546,,78329
3.8864593505859375,,3.149364948272705,,67,0.7370943427085876,,78339
3.6620752811431885,,3.0417797565460205,,67,0.620295524597168,,78349
3.8958098888397217,,3.125993251800537,,67,0.7698165774345398,,78359
3.7596843242645264,,3.1282782554626465,,67,0.6314060688018799,,78369
3.700298547744751,,3.040064573287964,,67,0.6602339744567871,,78379
3.6880574226379395,,3.0733156204223633,,67,0.6147417426109314,,78389
3.8771610260009766,,3.1464357376098633,,67,0.7307252287864685,,78399
,3.8091354370117188,,3.147733688354492,67,,0.6614016890525818,78403
3.7047529220581055,,3.0504417419433594,,68,0.6543110609054565,,78409
3.697157144546509,,3.0788424015045166,,68,0.6183147430419922,,78419
3.507786273956299,,2.9693009853363037,,68,0.5384852886199951,,78429
3.9881744384765625,,3.2498443126678467,,68,0.7383301258087158,,78439
3.6463513374328613,,3.0353240966796875,,68,0.6110272407531738,,78449
4.0254106521606445,,3.2525603771209717,,68,0.7728501558303833,,78459
3.5021238327026367,,2.955658435821533,,68,0.546465277671814,,78469
3.731975793838501,,3.086134910583496,,68,0.6458408832550049,,78479
3.7083399295806885,,3.0709457397460938,,68,0.63739413022995,,78489
3.7056899070739746,,3.1396450996398926,,68,0.5660446882247925,,78499
3.8392751216888428,,3.2048280239105225,,68,0.6344470977783203,,78509
3.7936997413635254,,3.1512928009033203,,68,0.6424070000648499,,78519
3.706301212310791,,3.0654587745666504,,68,0.6408423185348511,,78529
3.8045241832733154,,3.065201759338379,,68,0.7393223643302917,,78539
3.9058854579925537,,3.127100944519043,,68,0.7787845134735107,,78549
3.6107606887817383,,3.006696939468384,,68,0.604063868522644,,78559
3.7359533309936523,,3.1549079418182373,,68,0.5810454487800598,,78569
4.114302635192871,,3.2615299224853516,,68,0.8527729511260986,,78579
3.765148162841797,,3.136636734008789,,68,0.6285113096237183,,78589
3.8109545707702637,,3.173739433288574,,68,0.6372151970863342,,78599
3.779452323913574,,3.200232982635498,,68,0.5792194604873657,,78609
3.841276168823242,,3.121722459793091,,68,0.7195538282394409,,78619
3.974759340286255,,3.2249345779418945,,68,0.7498247027397156,,78629
3.8916897773742676,,3.1171774864196777,,68,0.7745121717453003,,78639
3.729916572570801,,3.045444965362549,,68,0.6844716668128967,,78649
3.672424793243408,,3.0529160499572754,,68,0.619508683681488,,78659
3.649115562438965,,3.0675973892211914,,68,0.5815181136131287,,78669
3.8868026733398438,,3.193540573120117,,68,0.6932621002197266,,78679
3.825880289077759,,3.1341922283172607,,68,0.6916881203651428,,78689
3.8456716537475586,,3.2054603099823,,68,0.6402113437652588,,78699
3.8558316230773926,,3.1523146629333496,,68,0.7035169005393982,,78709
3.73232364654541,,3.123215913772583,,68,0.6091076731681824,,78719
3.930650472640991,,3.208266258239746,,68,0.7223842144012451,,78729
3.707944869995117,,3.121739149093628,,68,0.5862058401107788,,78739
4.015722274780273,,3.345734119415283,,68,0.6699883341789246,,78749
3.8366518020629883,,3.160593032836914,,68,0.676058828830719,,78759
3.8674139976501465,,3.1517891883850098,,68,0.7156247496604919,,78769
4.026094436645508,,3.2386317253112793,,68,0.7874629497528076,,78779
3.915030002593994,,3.074129581451416,,68,0.8409004211425781,,78789
3.826916456222534,,3.1654958724975586,,68,0.6614205241203308,,78799
3.9601337909698486,,3.169379949569702,,68,0.7907539010047913,,78809
3.729750633239746,,3.1496098041534424,,68,0.5801407694816589,,78819
3.870634078979492,,3.086148977279663,,68,0.7844851016998291,,78829
4.180247783660889,,3.403919219970703,,68,0.7763285636901855,,78839
4.050720691680908,,3.30894136428833,,68,0.7417795062065125,,78849
3.6059513092041016,,3.097241163253784,,68,0.5087102055549622,,78859
3.7825260162353516,,3.044628143310547,,68,0.7378978729248047,,78869
3.764143228530884,,3.058208465576172,,68,0.7059347033500671,,78879
3.873020648956299,,3.219086170196533,,68,0.6539343595504761,,78889
3.9527909755706787,,3.199401378631592,,68,0.7533895969390869,,78899
3.7984566688537598,,3.149219036102295,,68,0.6492376923561096,,78909
3.9233450889587402,,3.2498111724853516,,68,0.6735338568687439,,78919
4.015438556671143,,3.239213466644287,,68,0.7762249112129211,,78929
3.860774517059326,,3.08072566986084,,68,0.7800489664077759,,78939
3.660062551498413,,3.0391058921813965,,68,0.6209565997123718,,78949
3.7528069019317627,,3.0995676517486572,,68,0.6532391905784607,,78959
3.9240829944610596,,3.167819023132324,,68,0.7562640309333801,,78969
4.031217575073242,,3.2292141914367676,,68,0.8020034432411194,,78979
3.652834415435791,,3.055112361907959,,68,0.5977219343185425,,78989
3.8469645977020264,,3.150158405303955,,68,0.6968061327934265,,78999
3.8706326484680176,,3.165928363800049,,68,0.7047042846679688,,79009
3.791616439819336,,3.170032024383545,,68,0.6215845346450806,,79019
3.8653926849365234,,3.1355974674224854,,68,0.7297953367233276,,79029
3.7391810417175293,,3.078697681427002,,68,0.6604833006858826,,79039
3.8870022296905518,,3.1487107276916504,,68,0.7382914423942566,,79049
3.700765609741211,,3.0854873657226562,,68,0.6152783632278442,,79059
4.041097164154053,,3.270216941833496,,68,0.7708801031112671,,79069
3.7489712238311768,,3.1759395599365234,,68,0.5730316638946533,,79079
3.684483051300049,,3.133220672607422,,68,0.5512623190879822,,79089
3.878934144973755,,3.2115478515625,,68,0.6673862338066101,,79099
3.5527329444885254,,2.9970476627349854,,68,0.55568528175354,,79109
3.7930290699005127,,3.1645665168762207,,68,0.628462553024292,,79119
3.7414426803588867,,3.163620948791504,,68,0.5778216123580933,,79129
3.734602928161621,,3.102482318878174,,68,0.6321205496788025,,79139
3.6469860076904297,,3.05434513092041,,68,0.5926408767700195,,79149
3.997589349746704,,3.2883918285369873,,68,0.7091975212097168,,79159
3.9544572830200195,,3.2089624404907227,,68,0.7454947233200073,,79169
3.5200858116149902,,3.0545172691345215,,68,0.4655686318874359,,79179
3.7033677101135254,,3.0856966972351074,,68,0.6176710724830627,,79189
3.711927890777588,,2.997633934020996,,68,0.7142939567565918,,79199
3.8141322135925293,,3.205524444580078,,68,0.6086076498031616,,79209
3.7312498092651367,,3.0624327659606934,,68,0.6688171029090881,,79219
4.056507110595703,,3.232302188873291,,68,0.824204683303833,,79229
3.6569247245788574,,3.0421571731567383,,68,0.6147675514221191,,79239
3.736044406890869,,3.0753960609436035,,68,0.6606484651565552,,79249
4.040412425994873,,3.265425682067871,,68,0.7749865651130676,,79259
3.7322258949279785,,3.0427210330963135,,68,0.6895047426223755,,79269
3.720165252685547,,3.078296661376953,,68,0.6418684720993042,,79279
3.7933499813079834,,3.119861602783203,,68,0.6734883189201355,,79289
3.950982093811035,,3.2018930912017822,,68,0.7490891218185425,,79299
3.649447441101074,,3.0347719192504883,,68,0.6146755218505859,,79309
3.7773451805114746,,3.0327110290527344,,68,0.7446340322494507,,79319
3.8487424850463867,,3.113248586654663,,68,0.7354938387870789,,79329
3.514826774597168,,2.973705768585205,,68,0.5411210656166077,,79339
3.8530752658843994,,3.1321797370910645,,68,0.720895528793335,,79349
3.6583917140960693,,3.020338535308838,,68,0.6380532383918762,,79359
3.842000722885132,,3.1911373138427734,,68,0.6508634686470032,,79369
3.780688762664795,,3.1232495307922363,,68,0.6574392914772034,,79379
4.228277206420898,,3.411849021911621,,68,0.8164283633232117,,79389
3.771233558654785,,3.093445301055908,,68,0.6777881383895874,,79399
3.8049697875976562,,3.1351089477539062,,68,0.6698608994483948,,79409
3.677687168121338,,3.0933752059936523,,68,0.5843120813369751,,79419
3.814300537109375,,3.140178918838501,,68,0.6741216778755188,,79429
3.781157970428467,,3.1014034748077393,,68,0.6797545552253723,,79439
3.794576406478882,,3.161891222000122,,68,0.6326852440834045,,79449
3.5573654174804688,,3.0159435272216797,,68,0.5414218902587891,,79459
4.120420932769775,,3.294837474822998,,68,0.8255836367607117,,79469
3.720409393310547,,3.117978096008301,,68,0.6024312973022461,,79479
3.7983992099761963,,3.1534743309020996,,68,0.6449248790740967,,79489
3.868877649307251,,3.137958526611328,,68,0.7309190630912781,,79499
3.857897996902466,,3.196180820465088,,68,0.6617171764373779,,79509
3.61934494972229,,3.06394362449646,,68,0.5554012656211853,,79519
3.81986665725708,,3.140110969543457,,68,0.6797555685043335,,79529
3.7254514694213867,,3.118457078933716,,68,0.6069945096969604,,79539
3.7775018215179443,,3.1019747257232666,,68,0.6755271553993225,,79549
,3.822254180908203,,3.148277759552002,68,,0.6739764213562012,79556
3.971500873565674,,3.210456132888794,,69,0.7610448002815247,,79559
3.731813430786133,,3.056947708129883,,69,0.6748658418655396,,79569
3.8250906467437744,,3.1248223781585693,,69,0.7002682089805603,,79579
4.024022579193115,,3.2486519813537598,,69,0.7753706574440002,,79589
3.6026697158813477,,3.063342571258545,,69,0.5393270254135132,,79599
3.745913505554199,,3.106451988220215,,69,0.6394613981246948,,79609
3.5608925819396973,,3.051630973815918,,69,0.5092617273330688,,79619
3.903663158416748,,3.179049015045166,,69,0.7246142029762268,,79629
3.7433552742004395,,3.1141021251678467,,69,0.629253089427948,,79639
3.964980125427246,,3.3413848876953125,,69,0.623595118522644,,79649
3.7472083568573,,3.149807929992676,,69,0.597400426864624,,79659
3.674712657928467,,3.129206657409668,,69,0.545505940914154,,79669
4.069108963012695,,3.2649989128112793,,69,0.8041101098060608,,79679
3.911731719970703,,3.114332675933838,,69,0.7973989844322205,,79689
4.0310893058776855,,3.3267717361450195,,69,0.7043176889419556,,79699
3.759558916091919,,3.0843210220336914,,69,0.6752378940582275,,79709
4.1947102546691895,,3.3173794746398926,,69,0.8773306012153625,,79719
4.156243801116943,,3.2547597885131836,,69,0.9014838337898254,,79729
3.7955572605133057,,3.133072853088379,,69,0.6624844074249268,,79739
3.8041975498199463,,3.171207904815674,,69,0.6329895853996277,,79749
4.070852756500244,,3.3888680934906006,,69,0.6819847822189331,,79759
3.83087158203125,,3.2520828247070312,,69,0.5787888765335083,,79769
3.7177438735961914,,3.0573532581329346,,69,0.6603904962539673,,79779
3.8590240478515625,,3.1838717460632324,,69,0.6751524209976196,,79789
3.8374736309051514,,3.119126558303833,,69,0.7183470129966736,,79799
3.714588165283203,,3.117152214050293,,69,0.5974358916282654,,79809
3.810412645339966,,3.1689975261688232,,69,0.6414150595664978,,79819
3.886808156967163,,3.224313259124756,,69,0.6624948382377625,,79829
3.75925874710083,,3.1500792503356934,,69,0.6091796159744263,,79839
3.59799861907959,,3.0605669021606445,,69,0.5374318361282349,,79849
3.806297540664673,,3.1468024253845215,,69,0.6594950556755066,,79859
3.7192769050598145,,3.101250648498535,,69,0.6180263757705688,,79869
3.630620241165161,,3.0816781520843506,,69,0.5489420294761658,,79879
3.6315455436706543,,3.0583367347717285,,69,0.5732086896896362,,79889
3.9726383686065674,,3.267348289489746,,69,0.7052901387214661,,79899
3.740292549133301,,3.0823230743408203,,69,0.6579694151878357,,79909
3.9734976291656494,,3.245723009109497,,69,0.7277746796607971,,79919
3.769007682800293,,3.1655783653259277,,69,0.6034293174743652,,79929
3.9074878692626953,,3.241931915283203,,69,0.6655559539794922,,79939
3.8118560314178467,,3.106821060180664,,69,0.7050349116325378,,79949
3.68892240524292,,3.123765707015991,,69,0.5651567578315735,,79959
3.8208398818969727,,3.1775259971618652,,69,0.6433138251304626,,79969
3.6299197673797607,,3.0543575286865234,,69,0.5755622386932373,,79979
3.9188055992126465,,3.0741801261901855,,69,0.8446254730224609,,79989
3.796442985534668,,3.075300455093384,,69,0.7211424112319946,,79999
3.8262391090393066,,3.137437343597412,,69,0.6888017058372498,,80009
3.784846067428589,,3.1884398460388184,,69,0.5964062809944153,,80019
3.8853507041931152,,3.1535210609436035,,69,0.7318295240402222,,80029
3.8211772441864014,,3.1396145820617676,,69,0.681562602519989,,80039
3.7799549102783203,,3.1207070350646973,,69,0.6592479348182678,,80049
3.628706693649292,,3.0823206901550293,,69,0.5463860034942627,,80059
3.7398746013641357,,3.0812788009643555,,69,0.658595860004425,,80069
4.175678253173828,,3.3756103515625,,69,0.8000677824020386,,80079
3.9099340438842773,,3.197383403778076,,69,0.7125505208969116,,80089
3.668008804321289,,3.049830436706543,,69,0.6181783080101013,,80099
3.9659066200256348,,3.2618308067321777,,69,0.7040759325027466,,80109
3.726034641265869,,3.1011600494384766,,69,0.6248745918273926,,80119
3.7682251930236816,,3.160388469696045,,69,0.6078366041183472,,80129
3.9570364952087402,,3.248650550842285,,69,0.7083858847618103,,80139
3.614239454269409,,3.100461006164551,,69,0.5137785077095032,,80149
3.801820755004883,,3.0898780822753906,,69,0.7119425535202026,,80159
3.596153736114502,,3.0563559532165527,,69,0.5397977232933044,,80169
4.090683937072754,,3.328573226928711,,69,0.7621106505393982,,80179
3.669217586517334,,3.0598487854003906,,69,0.6093688607215881,,80189
3.8195419311523438,,3.2023262977600098,,69,0.617215633392334,,80199
3.635798454284668,,3.101506233215332,,69,0.5342921018600464,,80209
3.6194841861724854,,3.1078100204467773,,69,0.511674165725708,,80219
3.733792543411255,,3.1784474849700928,,69,0.5553450584411621,,80229
3.6446261405944824,,3.0976524353027344,,69,0.546973705291748,,80239
3.8636937141418457,,3.1589412689208984,,69,0.7047525644302368,,80249
3.943431854248047,,3.190546989440918,,69,0.7528847455978394,,80259
3.871251106262207,,3.1761674880981445,,69,0.695083737373352,,80269
3.7038469314575195,,3.1147007942199707,,69,0.5891461968421936,,80279
3.5403103828430176,,3.048234462738037,,69,0.4920758605003357,,80289
3.7007126808166504,,3.080095052719116,,69,0.6206177473068237,,80299
3.6846070289611816,,3.104072093963623,,69,0.5805349946022034,,80309
3.612600088119507,,3.0487446784973145,,69,0.5638553500175476,,80319
3.638188123703003,,3.1095306873321533,,69,0.5286574959754944,,80329
4.064660549163818,,3.155510425567627,,69,0.9091500043869019,,80339
3.7632181644439697,,3.0678560733795166,,69,0.6953620910644531,,80349
3.7319812774658203,,3.027785539627075,,69,0.7041956186294556,,80359
3.762856960296631,,3.1512489318847656,,69,0.6116081476211548,,80369
3.8817591667175293,,3.1041159629821777,,69,0.7776433229446411,,80379
3.6971428394317627,,3.063638925552368,,69,0.6335038542747498,,80389
3.7122111320495605,,3.0656142234802246,,69,0.6465970277786255,,80399
3.9141879081726074,,3.197319507598877,,69,0.7168682813644409,,80409
3.862489938735962,,3.154268980026245,,69,0.7082210183143616,,80419
3.875861167907715,,3.1636710166931152,,69,0.7121902108192444,,80429
3.814271926879883,,3.120910406112671,,69,0.6933614611625671,,80439
4.046896934509277,,3.206064462661743,,69,0.8408322930335999,,80449
3.797651767730713,,3.1783347129821777,,69,0.6193171143531799,,80459
3.961185932159424,,3.2840585708618164,,69,0.6771272420883179,,80469
3.7940146923065186,,3.0753965377807617,,69,0.7186181545257568,,80479
3.994425058364868,,3.120290756225586,,69,0.874134361743927,,80489
3.601248264312744,,3.0658011436462402,,69,0.5354471802711487,,80499
3.663973808288574,,3.025250196456909,,69,0.6387236714363098,,80509
3.630615472793579,,3.0832395553588867,,69,0.5473758578300476,,80519
3.821417808532715,,3.2162461280822754,,69,0.6051716804504395,,80529
3.984870433807373,,3.2729268074035645,,69,0.7119436860084534,,80539
3.714723825454712,,3.072227954864502,,69,0.6424959301948547,,80549
3.7855029106140137,,3.1098461151123047,,69,0.6756569147109985,,80559
3.967776298522949,,3.2290198802948,,69,0.7387562990188599,,80569
3.8485138416290283,,3.1226868629455566,,69,0.7258269190788269,,80579
3.741450071334839,,3.067653179168701,,69,0.6737968921661377,,80589
3.790370464324951,,3.176828384399414,,69,0.6135421991348267,,80599
3.697305679321289,,3.095029830932617,,69,0.6022757291793823,,80609
3.778103828430176,,3.03190016746521,,69,0.7462035417556763,,80619
3.9694738388061523,,3.217957019805908,,69,0.7515168786048889,,80629
3.97357177734375,,3.2337474822998047,,69,0.7398244142532349,,80639
3.880486488342285,,3.1367177963256836,,69,0.7437686920166016,,80649
4.125873565673828,,3.333643913269043,,69,0.792229413986206,,80659
3.747910499572754,,3.1274266242980957,,69,0.6204838752746582,,80669
3.8499064445495605,,3.1057281494140625,,69,0.7441781759262085,,80679
3.686965227127075,,3.098398208618164,,69,0.5885669589042664,,80689
3.790403127670288,,3.114269256591797,,69,0.676133930683136,,80699
3.585390090942383,,3.044327974319458,,69,0.5410621166229248,,80709
,3.815680503845215,,3.1453633308410645,69,,0.6703173518180847,80709
3.765206813812256,,3.1301910877227783,,70,0.6350158452987671,,80719
3.8276493549346924,,3.167316198348999,,70,0.6603330969810486,,80729
4.113621234893799,,3.3213460445404053,,70,0.7922753691673279,,80739
3.7691264152526855,,3.149600028991699,,70,0.6195263266563416,,80749
3.6866703033447266,,3.062901735305786,,70,0.6237684488296509,,80759
3.9056379795074463,,3.1870665550231934,,70,0.7185714244842529,,80769
3.773766040802002,,3.122338056564331,,70,0.6514279246330261,,80779
3.9311225414276123,,3.2623629570007324,,70,0.6687595844268799,,80789
3.701120138168335,,3.0602924823760986,,70,0.6408275961875916,,80799
3.727224349975586,,3.1025567054748535,,70,0.6246677041053772,,80809
3.79103422164917,,3.1718802452087402,,70,0.6191540360450745,,80819
3.8479466438293457,,3.114291191101074,,70,0.7336554527282715,,80829
3.711923837661743,,3.1090145111083984,,70,0.6029092669487,,80839
3.7920401096343994,,3.1887218952178955,,70,0.6033182740211487,,80849
4.250673294067383,,3.300837516784668,,70,0.949836015701294,,80859
3.7008285522460938,,3.1266045570373535,,70,0.5742239952087402,,80869
3.701915740966797,,3.160217523574829,,70,0.5416982769966125,,80879
3.847975492477417,,3.189940929412842,,70,0.6580345034599304,,80889
3.962195873260498,,3.248291492462158,,70,0.7139045000076294,,80899
3.825369358062744,,3.1400816440582275,,70,0.6852876543998718,,80909
3.8893978595733643,,3.179352045059204,,70,0.7100457549095154,,80919
3.899515390396118,,3.0893898010253906,,70,0.8101255297660828,,80929
3.7200465202331543,,3.2024431228637695,,70,0.5176035165786743,,80939
3.7868552207946777,,3.1133084297180176,,70,0.6735467910766602,,80949
4.035663604736328,,3.235931396484375,,70,0.7997323870658875,,80959
3.8246917724609375,,3.1595380306243896,,70,0.6651537418365479,,80969
3.664921522140503,,3.1026432514190674,,70,0.5622782707214355,,80979
3.7968146800994873,,3.080608367919922,,70,0.7162063121795654,,80989
3.6320981979370117,,3.082080841064453,,70,0.5500172972679138,,80999
3.921041250228882,,3.236672878265381,,70,0.6843684315681458,,81009
3.640925884246826,,3.032167911529541,,70,0.6087578535079956,,81019
3.6694459915161133,,3.0666611194610596,,70,0.6027849316596985,,81029
4.019281387329102,,3.2174739837646484,,70,0.8018075823783875,,81039
3.7227466106414795,,3.160900592803955,,70,0.5618460774421692,,81049
3.923356771469116,,3.268712282180786,,70,0.6546445488929749,,81059
4.075046539306641,,3.270183563232422,,70,0.8048631548881531,,81069
3.76694655418396,,3.0641942024230957,,70,0.7027523517608643,,81079
3.75618839263916,,3.089207649230957,,70,0.6669808626174927,,81089
4.005279064178467,,3.242342710494995,,70,0.7629362344741821,,81099
3.6811037063598633,,3.1544713973999023,,70,0.5266321897506714,,81109
3.9821972846984863,,3.142326831817627,,70,0.8398703336715698,,81119
3.889904499053955,,3.142944574356079,,70,0.7469598054885864,,81129
3.896975040435791,,3.181593418121338,,70,0.7153816819190979,,81139
4.002189636230469,,3.214355945587158,,70,0.7878339290618896,,81149
3.8066301345825195,,3.158775568008423,,70,0.6478546857833862,,81159
3.735779047012329,,3.176395893096924,,70,0.55938321352005,,81169
3.7157716751098633,,3.075047254562378,,70,0.6407243013381958,,81179
3.8691422939300537,,3.162209987640381,,70,0.7069323658943176,,81189
3.767637252807617,,3.128329277038574,,70,0.6393079161643982,,81199
3.7280433177948,,3.0798473358154297,,70,0.6481959819793701,,81209
3.6786677837371826,,3.0716519355773926,,70,0.6070159077644348,,81219
3.780426502227783,,3.186856508255005,,70,0.5935700535774231,,81229
3.6555521488189697,,3.0840561389923096,,70,0.5714960098266602,,81239
3.7496132850646973,,3.122802495956421,,70,0.6268106698989868,,81249
3.6434144973754883,,3.112826347351074,,70,0.5305882692337036,,81259
4.075689315795898,,3.152194023132324,,70,0.9234950542449951,,81269
3.810157060623169,,3.1683664321899414,,70,0.6417905688285828,,81279
3.6366968154907227,,3.1001226902008057,,70,0.5365740656852722,,81289
3.6562719345092773,,3.0965147018432617,,70,0.5597572922706604,,81299
3.72806453704834,,3.0745444297790527,,70,0.6535202264785767,,81309
3.779904842376709,,3.067556381225586,,70,0.712348461151123,,81319
3.811335563659668,,3.0750622749328613,,70,0.7362731695175171,,81329
4.029426574707031,,3.2825605869293213,,70,0.7468658089637756,,81339
3.7784042358398438,,3.0356743335723877,,70,0.7427300214767456,,81349
3.786302089691162,,3.1249990463256836,,70,0.6613031029701233,,81359
3.7112510204315186,,3.1160569190979004,,70,0.5951940417289734,,81369
3.6420962810516357,,3.063277006149292,,70,0.5788193345069885,,81379
3.6698670387268066,,3.057220935821533,,70,0.6126461029052734,,81389
3.619004011154175,,3.0853705406188965,,70,0.5336334705352783,,81399
3.681795358657837,,3.0832293033599854,,70,0.5985660552978516,,81409
4.129570484161377,,3.3494873046875,,70,0.7800832986831665,,81419
3.74995756149292,,3.1105313301086426,,70,0.6394261717796326,,81429
4.18783712387085,,3.357682228088379,,70,0.8301549553871155,,81439
3.624802589416504,,3.0349509716033936,,70,0.5898515582084656,,81449
3.8250999450683594,,3.1334471702575684,,70,0.6916526556015015,,81459
3.776461124420166,,3.0782432556152344,,70,0.6982177495956421,,81469
3.825049877166748,,3.097339630126953,,70,0.7277102470397949,,81479
3.943094253540039,,3.2407407760620117,,70,0.7023533582687378,,81489
3.6433322429656982,,3.00569486618042,,70,0.6376374363899231,,81499
3.8334267139434814,,3.141709804534912,,70,0.6917169690132141,,81509
3.8208868503570557,,3.1242456436157227,,70,0.696641206741333,,81519
4.158172130584717,,3.286320924758911,,70,0.8718512654304504,,81529
3.70228910446167,,3.069326877593994,,70,0.632962167263031,,81539
3.845691204071045,,3.200321674346924,,70,0.6453694701194763,,81549
3.7202677726745605,,3.119567394256592,,70,0.6007002592086792,,81559
3.9541115760803223,,3.23471736907959,,70,0.7193942666053772,,81569
3.7906839847564697,,3.215311288833618,,70,0.5753727555274963,,81579
3.8435211181640625,,3.0955357551574707,,70,0.7479854226112366,,81589
3.692960262298584,,3.067659378051758,,70,0.625300943851471,,81599
3.8725838661193848,,3.171431541442871,,70,0.7011523842811584,,81609
3.781912088394165,,3.174020528793335,,70,0.6078914999961853,,81619
3.744600296020508,,3.0845091342926025,,70,0.66009122133255,,81629
3.6736183166503906,,3.0378377437591553,,70,0.6357805132865906,,81639
4.264647483825684,,3.331653118133545,,70,0.9329941272735596,,81649
3.5672290325164795,,3.0370657444000244,,70,0.5301633477210999,,81659
3.635338068008423,,3.0971076488494873,,70,0.5382303595542908,,81669
3.7643704414367676,,3.110182762145996,,70,0.6541876792907715,,81679
3.945650339126587,,3.2288551330566406,,70,0.7167952656745911,,81689
3.760236978530884,,3.117072343826294,,70,0.6431646943092346,,81699
3.5334503650665283,,3.0279555320739746,,70,0.5054948329925537,,81709
3.826700210571289,,3.1272189617156982,,70,0.6994811296463013,,81719
3.9419400691986084,,3.2374980449676514,,70,0.7044420838356018,,81729
3.6323299407958984,,3.007266044616699,,70,0.6250637769699097,,81739
3.764420986175537,,3.0685622692108154,,70,0.6958587765693665,,81749
3.9184932708740234,,3.1859049797058105,,70,0.7325883507728577,,81759
3.6707756519317627,,3.0482287406921387,,70,0.622546911239624,,81769
3.783153533935547,,3.127293825149536,,70,0.6558597087860107,,81779
3.6222851276397705,,3.0110931396484375,,70,0.6111919283866882,,81789
3.7788925170898438,,3.1224639415740967,,70,0.6564286947250366,,81799
3.9653611183166504,,3.133223056793213,,70,0.832137942314148,,81809
3.762037754058838,,3.0746407508850098,,70,0.6873968839645386,,81819
3.726452350616455,,3.108863592147827,,70,0.6175887584686279,,81829
3.9697022438049316,,3.211796760559082,,70,0.7579055428504944,,81839
3.694962501525879,,3.0946779251098633,,70,0.6002846956253052,,81849
3.6747138500213623,,3.052375555038452,,70,0.6223383545875549,,81859
,3.812934160232544,,3.1429901123046875,70,,0.6699439287185669,81862
3.8352444171905518,,3.135248899459839,,71,0.6999955177307129,,81869
3.91447114944458,,3.168177604675293,,71,0.7462934255599976,,81879
3.7138593196868896,,3.044816493988037,,71,0.6690428853034973,,81889
3.607099771499634,,3.049736738204956,,71,0.557362973690033,,81899
3.6275105476379395,,2.97753643989563,,71,0.6499740481376648,,81909
3.7292308807373047,,3.0520596504211426,,71,0.6771712303161621,,81919
3.680805206298828,,2.9828007221221924,,71,0.6980044841766357,,81929
3.7781124114990234,,3.0738844871520996,,71,0.7042280435562134,,81939
3.8299007415771484,,3.0566928386688232,,71,0.7732080221176147,,81949
3.643401622772217,,3.0141804218292236,,71,0.6292212605476379,,81959
3.578639268875122,,2.968852996826172,,71,0.6097862124443054,,81969
3.761298656463623,,3.061695098876953,,71,0.6996036171913147,,81979
3.435864210128784,,2.906031608581543,,71,0.5298325419425964,,81989
4.02056360244751,,3.105419874191284,,71,0.9151438474655151,,81999
3.7370235919952393,,3.0586047172546387,,71,0.6784188151359558,,82009
3.494018793106079,,2.8916916847229004,,71,0.6023270487785339,,82019
3.600114345550537,,2.9250755310058594,,71,0.6750388145446777,,82029
3.643662214279175,,2.966356039047241,,71,0.6773061156272888,,82039
3.576749563217163,,2.9868969917297363,,71,0.589852511882782,,82049
4.043292999267578,,3.1272072792053223,,71,0.9160854816436768,,82059
3.691573143005371,,2.8993802070617676,,71,0.7921929955482483,,82069
3.5532233715057373,,2.952878713607788,,71,0.6003445982933044,,82079
3.5579733848571777,,2.9263992309570312,,71,0.631574273109436,,82089
3.9479761123657227,,3.146256923675537,,71,0.8017191886901855,,82099
3.8625850677490234,,3.03078293800354,,71,0.8318021297454834,,82109
3.508371114730835,,2.8702821731567383,,71,0.6380888819694519,,82119
3.548527240753174,,2.90998911857605,,71,0.6385380625724792,,82129
3.528291702270508,,2.9149930477142334,,71,0.6132986545562744,,82139
3.4653782844543457,,2.8302340507507324,,71,0.6351441144943237,,82149
3.5191268920898438,,2.9256060123443604,,71,0.5935208201408386,,82159
3.3863277435302734,,2.805471897125244,,71,0.5808559060096741,,82169
3.3408355712890625,,2.762317657470703,,71,0.5785178542137146,,82179
3.5647335052490234,,2.9015021324157715,,71,0.6632314324378967,,82189
3.5661144256591797,,2.923440456390381,,71,0.6426740884780884,,82199
3.344202756881714,,2.7602932453155518,,71,0.5839095115661621,,82209
3.6061952114105225,,2.9281005859375,,71,0.6780946254730225,,82219
3.63961124420166,,2.949136734008789,,71,0.6904746294021606,,82229
3.5121967792510986,,2.830605983734131,,71,0.681590735912323,,82239
3.542672872543335,,2.851889133453369,,71,0.6907837390899658,,82249
3.41628098487854,,2.7612557411193848,,71,0.6550253033638,,82259
3.4721639156341553,,2.7640864849090576,,71,0.7080774903297424,,82269
3.370192050933838,,2.8352160453796387,,71,0.5349760055541992,,82279
3.5058109760284424,,2.740164279937744,,71,0.7656466364860535,,82289
3.805065870285034,,2.9617278575897217,,71,0.8433380126953125,,82299
3.4363205432891846,,2.723273754119873,,71,0.7130467295646667,,82309
3.713895320892334,,2.8352773189544678,,71,0.8786181211471558,,82319
3.580522298812866,,2.808584690093994,,71,0.7719376683235168,,82329
3.3636794090270996,,2.803744316101074,,71,0.5599351525306702,,82339
3.4997615814208984,,2.748880386352539,,71,0.7508810758590698,,82349
3.523650646209717,,2.849320411682129,,71,0.6743302941322327,,82359
3.590550184249878,,2.82425856590271,,71,0.7662916779518127,,82369
3.308134078979492,,2.775003433227539,,71,0.5331306457519531,,82379
3.4213128089904785,,2.775527000427246,,71,0.645785927772522,,82389
3.4986989498138428,,2.7392241954803467,,71,0.7594748139381409,,82399
3.723297357559204,,2.932410717010498,,71,0.7908867001533508,,82409
3.4315083026885986,,2.7539432048797607,,71,0.6775651574134827,,82419
3.260176420211792,,2.685152530670166,,71,0.5750238299369812,,82429
3.4244792461395264,,2.726219654083252,,71,0.6982596516609192,,82439
3.292987823486328,,2.685887336730957,,71,0.6071004271507263,,82449
3.3015074729919434,,2.760122537612915,,71,0.5413849353790283,,82459
3.6268815994262695,,2.782580852508545,,71,0.8443006277084351,,82469
3.44100284576416,,2.8018627166748047,,71,0.6391401886940002,,82479
3.314480781555176,,2.715704917907715,,71,0.5987757444381714,,82489
3.701409101486206,,2.9004697799682617,,71,0.8009392619132996,,82499
3.732628107070923,,2.872178077697754,,71,0.860450029373169,,82509
3.3731722831726074,,2.728562355041504,,71,0.6446099877357483,,82519
3.335005044937134,,2.750051259994507,,71,0.584953784942627,,82529
3.2820918560028076,,2.630493402481079,,71,0.6515985131263733,,82539
3.5653939247131348,,2.8959054946899414,,71,0.6694883108139038,,82549
3.2716448307037354,,2.7351982593536377,,71,0.5364466309547424,,82559
3.300816059112549,,2.6768012046813965,,71,0.6240147352218628,,82569
3.454507350921631,,2.791775703430176,,71,0.6627317070960999,,82579
3.779480218887329,,2.9266278743743896,,71,0.8528522849082947,,82589
3.4754042625427246,,2.823674201965332,,71,0.6517301201820374,,82599
3.6885743141174316,,2.832946538925171,,71,0.8556276559829712,,82609
3.389240264892578,,2.7703804969787598,,71,0.6188598275184631,,82619
3.2028696537017822,,2.672823667526245,,71,0.5300460457801819,,82629
3.4291341304779053,,2.734066963195801,,71,0.6950671672821045,,82639
3.5809531211853027,,2.9246201515197754,,71,0.6563328504562378,,82649
3.3253655433654785,,2.6900696754455566,,71,0.6352957487106323,,82659
3.580609083175659,,2.8509111404418945,,71,0.7296980023384094,,82669
3.3754587173461914,,2.7351913452148438,,71,0.6402673125267029,,82679
3.1497247219085693,,2.642211437225342,,71,0.5075132250785828,,82689
3.522200107574463,,2.743155002593994,,71,0.7790452241897583,,82699
3.3134326934814453,,2.711045742034912,,71,0.6023870706558228,,82709
3.442044973373413,,2.686465263366699,,71,0.7555797696113586,,82719
3.1672356128692627,,2.570258855819702,,71,0.5969768166542053,,82729
3.3407540321350098,,2.643588066101074,,71,0.6971660256385803,,82739
3.2111752033233643,,2.686478614807129,,71,0.5246965289115906,,82749
3.6547694206237793,,2.8082847595214844,,71,0.8464847207069397,,82759
3.5739574432373047,,2.787814140319824,,71,0.7861433625221252,,82769
3.282573938369751,,2.610222101211548,,71,0.6723518967628479,,82779
3.323469638824463,,2.709033250808716,,71,0.6144363284111023,,82789
3.4983251094818115,,2.709550380706787,,71,0.7887746691703796,,82799
3.3453378677368164,,2.6337249279022217,,71,0.7116130590438843,,82809
3.4966347217559814,,2.7561209201812744,,71,0.7405137419700623,,82819
3.3158013820648193,,2.652158260345459,,71,0.6636431813240051,,82829
3.1537487506866455,,2.5768110752105713,,71,0.5769376754760742,,82839
3.4718105792999268,,2.6747658252716064,,71,0.7970446944236755,,82849
3.226569175720215,,2.625321388244629,,71,0.6012476682662964,,82859
3.4227237701416016,,2.750234842300415,,71,0.6724890470504761,,82869
3.2139694690704346,,2.610225200653076,,71,0.6037442088127136,,82879
3.2304770946502686,,2.597878932952881,,71,0.6325981020927429,,82889
3.7162351608276367,,2.7665717601776123,,71,0.9496634602546692,,82899
3.5002098083496094,,2.858738422393799,,71,0.6414713859558105,,82909
3.0340981483459473,,2.3068556785583496,,71,0.7272425293922424,,82919
2.8664677143096924,,2.3550939559936523,,71,0.5113738179206848,,82929
3.60496187210083,,2.8613152503967285,,71,0.7436467409133911,,82939
3.411973237991333,,2.74062442779541,,71,0.6713488698005676,,82949
2.8887689113616943,,2.378526210784912,,71,0.5102426409721375,,82959
3.2134804725646973,,2.6016461849212646,,71,0.6118341684341431,,82969
3.103097677230835,,2.374969005584717,,71,0.7281286120414734,,82979
3.1489176750183105,,2.4247469902038574,,71,0.7241705656051636,,82989
3.1757218837738037,,2.481231689453125,,71,0.6944901347160339,,82999
2.671832799911499,,2.1193509101867676,,71,0.5524818897247314,,83009
,3.4729018211364746,,2.795851469039917,71,,0.6770502924919128,83015
2.9241113662719727,,2.319242477416992,,72,0.6048689484596252,,83019
3.2709763050079346,,2.6001133918762207,,72,0.6708629131317139,,83029
3.1355741024017334,,2.4964823722839355,,72,0.6390917301177979,,83039
2.839679479598999,,2.234306573867798,,72,0.6053729057312012,,83049
2.7647500038146973,,2.1338863372802734,,72,0.6308636665344238,,83059
3.0370051860809326,,2.5099411010742188,,72,0.5270640850067139,,83069
2.978630542755127,,2.232663154602051,,72,0.745967447757721,,83079
3.074652671813965,,2.407912254333496,,72,0.6667402982711792,,83089
3.2673678398132324,,2.446638584136963,,72,0.82072913646698,,83099
3.0178372859954834,,2.3509535789489746,,72,0.6668837070465088,,83109
3.030343770980835,,2.3068530559539795,,72,0.7234907746315002,,83119
2.932068347930908,,2.3459699153900146,,72,0.5860985517501831,,83129
2.9861698150634766,,2.2698750495910645,,72,0.7162948250770569,,83139
3.1005287170410156,,2.29240083694458,,72,0.8081279397010803,,83149
2.7584383487701416,,2.1476333141326904,,72,0.610805094242096,,83159
2.7657902240753174,,2.1444778442382812,,72,0.6213123202323914,,83169
2.680974006652832,,2.014927387237549,,72,0.666046679019928,,83179
3.3985936641693115,,2.600022315979004,,72,0.7985712885856628,,83189
3.085458993911743,,2.425711154937744,,72,0.6597478985786438,,83199
2.9314703941345215,,2.311068534851074,,72,0.6204017996788025,,83209
2.9450278282165527,,2.3810367584228516,,72,0.563991129398346,,83219
3.3072822093963623,,2.558987855911255,,72,0.7482942938804626,,83229
2.700216054916382,,2.1247687339782715,,72,0.5754473805427551,,83239
3.0833563804626465,,2.4535984992980957,,72,0.6297577619552612,,83249
3.0461511611938477,,2.179356575012207,,72,0.8667945861816406,,83259
2.7828028202056885,,2.132730484008789,,72,0.6500722765922546,,83269
3.025702714920044,,2.283081293106079,,72,0.7426214814186096,,83279
2.644164800643921,,2.068272590637207,,72,0.5758922100067139,,83289
2.755464553833008,,2.0467655658721924,,72,0.7086989879608154,,83299
2.90122389793396,,2.3140993118286133,,72,0.5871246457099915,,83309
2.9376254081726074,,2.128979206085205,,72,0.8086463212966919,,83319
2.620957374572754,,1.9477943181991577,,72,0.6731631755828857,,83329
2.5840468406677246,,1.9700841903686523,,72,0.6139627695083618,,83339
2.4616870880126953,,1.8140087127685547,,72,0.6476784348487854,,83349
3.092282772064209,,2.4089629650115967,,72,0.6833199262619019,,83359
2.812211751937866,,2.0648274421691895,,72,0.747384250164032,,83369
2.6969199180603027,,1.986714243888855,,72,0.7102056741714478,,83379
2.7032933235168457,,2.065544605255127,,72,0.6377485990524292,,83389
3.070850133895874,,2.298504114151001,,72,0.7723460793495178,,83399
2.6783652305603027,,1.9415982961654663,,72,0.736767053604126,,83409
2.59720516204834,,1.849391222000122,,72,0.7478139400482178,,83419
3.221137523651123,,2.313746452331543,,72,0.9073911905288696,,83429
2.7992091178894043,,2.0267181396484375,,72,0.7724910378456116,,83439
3.076509475708008,,2.3227179050445557,,72,0.7537916898727417,,83449
3.0077340602874756,,2.2876482009887695,,72,0.7200857996940613,,83459
2.6512413024902344,,2.061558961868286,,72,0.5896822214126587,,83469
2.784212350845337,,2.135075569152832,,72,0.6491367220878601,,83479
2.8581879138946533,,2.1825509071350098,,72,0.6756370067596436,,83489
2.6871960163116455,,2.1304807662963867,,72,0.556715190410614,,83499
2.4837794303894043,,1.8931398391723633,,72,0.5906397104263306,,83509
2.798856496810913,,2.163696527481079,,72,0.6351600289344788,,83519
3.0208826065063477,,2.216982841491699,,72,0.8038996458053589,,83529
2.6087539196014404,,1.8891171216964722,,72,0.7196367979049683,,83539
2.835512161254883,,2.0911757946014404,,72,0.7443363666534424,,83549
2.7309513092041016,,2.0239429473876953,,72,0.7070083618164062,,83559
2.6501898765563965,,2.000033378601074,,72,0.650156557559967,,83569
2.696636199951172,,2.0525033473968506,,72,0.6441327333450317,,83579
2.6016077995300293,,2.063436508178711,,72,0.5381712317466736,,83589
2.782939910888672,,2.0930652618408203,,72,0.689874529838562,,83599
2.9061410427093506,,2.054178476333618,,72,0.8519625663757324,,83609
2.666738748550415,,1.927119493484497,,72,0.7396193146705627,,83619
2.6863906383514404,,2.043426752090454,,72,0.6429638266563416,,83629
2.625980854034424,,1.9084434509277344,,72,0.7175373435020447,,83639
2.7229623794555664,,2.044191360473633,,72,0.6787709593772888,,83649
2.674137592315674,,2.087716817855835,,72,0.5864208340644836,,83659
2.509617328643799,,1.854783535003662,,72,0.6548339128494263,,83669
2.5735955238342285,,1.8873436450958252,,72,0.6862517595291138,,83679
2.630476236343384,,1.9966297149658203,,72,0.6338465213775635,,83689
2.5355706214904785,,1.8712518215179443,,72,0.6643189191818237,,83699
2.638540029525757,,1.9837260246276855,,72,0.6548139452934265,,83709
2.2880783081054688,,1.76924467086792,,72,0.5188337564468384,,83719
2.5964930057525635,,1.9585356712341309,,72,0.6379573345184326,,83729
2.7354698181152344,,2.073101758956909,,72,0.6623681783676147,,83739
2.8790392875671387,,2.0494561195373535,,72,0.8295830488204956,,83749
2.6277523040771484,,1.8979095220565796,,72,0.7298426628112793,,83759
2.6245508193969727,,1.9610083103179932,,72,0.6635425686836243,,83769
2.614375352859497,,1.96173095703125,,72,0.6526443958282471,,83779
2.674438953399658,,2.0426995754241943,,72,0.6317392587661743,,83789
2.7041513919830322,,2.064833402633667,,72,0.63931804895401,,83799
2.4740371704101562,,1.854233741760254,,72,0.6198033094406128,,83809
2.2477850914001465,,1.755249261856079,,72,0.49253594875335693,,83819
2.5853464603424072,,1.9228521585464478,,72,0.6624943614006042,,83829
2.8775484561920166,,2.072544574737549,,72,0.8050039410591125,,83839
2.65858793258667,,1.8916298151016235,,72,0.7669582366943359,,83849
2.478365421295166,,1.9020934104919434,,72,0.5762721300125122,,83859
2.7457900047302246,,2.063271999359131,,72,0.6825180649757385,,83869
2.5759785175323486,,1.751086950302124,,72,0.8248915672302246,,83879
2.4501233100891113,,1.9211915731430054,,72,0.5289317965507507,,83889
2.7478137016296387,,2.002725124359131,,72,0.7450884580612183,,83899
2.109936237335205,,1.593178629875183,,72,0.5167575478553772,,83909
2.719984531402588,,2.062288284301758,,72,0.6576961278915405,,83919
2.712043285369873,,1.8895920515060425,,72,0.822451114654541,,83929
2.417179822921753,,1.7211767435073853,,72,0.6960031390190125,,83939
2.426966905593872,,1.7638509273529053,,72,0.6631159782409668,,83949
3.0855133533477783,,2.2324743270874023,,72,0.8530390858650208,,83959
2.4576404094696045,,1.8387199640274048,,72,0.6189203858375549,,83969
2.350431442260742,,1.68708074092865,,72,0.6633507609367371,,83979
2.23565673828125,,1.5743402242660522,,72,0.6613165736198425,,83989
2.1966872215270996,,1.6735694408416748,,72,0.5231176614761353,,83999
2.5125041007995605,,1.6937566995620728,,72,0.8187472820281982,,84009
2.3482890129089355,,1.8144638538360596,,72,0.5338252186775208,,84019
2.5194060802459717,,1.9173873662948608,,72,0.6020186543464661,,84029
2.3920798301696777,,1.708058476448059,,72,0.6840214133262634,,84039
2.095407485961914,,1.5550144910812378,,72,0.540393054485321,,84049
2.406022548675537,,1.714127540588379,,72,0.6918951272964478,,84059
2.474416732788086,,1.8150802850723267,,72,0.6593364477157593,,84069
2.2691001892089844,,1.7377198934555054,,72,0.5313803553581238,,84079
2.3832592964172363,,1.8430896997451782,,72,0.5401695966720581,,84089
2.298229932785034,,1.72568941116333,,72,0.5725405216217041,,84099
2.250079870223999,,1.6444392204284668,,72,0.605640709400177,,84109
2.405055284500122,,1.7036465406417847,,72,0.7014088034629822,,84119
2.6936304569244385,,1.9912199974060059,,72,0.7024105191230774,,84129
2.387470006942749,,1.8073946237564087,,72,0.5800753235816956,,84139
2.9167232513427734,,2.0439863204956055,,72,0.8727368116378784,,84149
2.3672547340393066,,1.7606326341629028,,72,0.6066220998764038,,84159
,2.716010332107544,,2.0494513511657715,72,,0.6665590405464172,84168
2.926506519317627,,2.0510685443878174,,73,0.8754380941390991,,84169
2.86092472076416,,1.9346811771392822,,73,0.9262436628341675,,84179
2.315202474594116,,1.6535958051681519,,73,0.6616066694259644,,84189
2.2226171493530273,,1.6564689874649048,,73,0.566148042678833,,84199
2.4221839904785156,,1.715480089187622,,73,0.7067039012908936,,84209
2.2308268547058105,,1.621793508529663,,73,0.6090334057807922,,84219
2.223146915435791,,1.746323585510254,,73,0.47682344913482666,,84229
2.176868438720703,,1.5975993871688843,,73,0.5792689919471741,,84239
2.4289915561676025,,1.7506755590438843,,73,0.678316056728363,,84249
2.0869297981262207,,1.5277806520462036,,73,0.5591490864753723,,84259
2.264247179031372,,1.667555809020996,,73,0.5966913104057312,,84269
2.459423065185547,,1.7727646827697754,,73,0.6866582632064819,,84279
2.6126978397369385,,1.8560121059417725,,73,0.7566856741905212,,84289
2.4685556888580322,,1.7724367380142212,,73,0.6961188912391663,,84299
2.3036699295043945,,1.6072640419006348,,73,0.6964059472084045,,84309
2.2679970264434814,,1.689035415649414,,73,0.5789616107940674,,84319
2.323620557785034,,1.7148585319519043,,73,0.6087619662284851,,84329
2.342479944229126,,1.6429847478866577,,73,0.6994951963424683,,84339
2.2607486248016357,,1.6553044319152832,,73,0.6054442524909973,,84349
2.3172287940979004,,1.7078161239624023,,73,0.6094125509262085,,84359
2.331751585006714,,1.680853247642517,,73,0.6508983373641968,,84369
2.6764698028564453,,1.925367832183838,,73,0.7511020302772522,,84379
2.1099157333374023,,1.5003798007965088,,73,0.6095360517501831,,84389
2.4340176582336426,,1.6858935356140137,,73,0.7481240034103394,,84399
2.41074275970459,,1.6742210388183594,,73,0.7365217208862305,,84409
2.3217978477478027,,1.6172945499420166,,73,0.7045033574104309,,84419
2.4232988357543945,,1.7279607057571411,,73,0.6953380107879639,,84429
2.231679916381836,,1.5718234777450562,,73,0.6598563194274902,,84439
2.116764783859253,,1.471081018447876,,73,0.6456838250160217,,84449
2.668015241622925,,1.8595935106277466,,73,0.808421790599823,,84459
2.282111644744873,,1.6637769937515259,,73,0.6183345317840576,,84469
2.122098207473755,,1.4912338256835938,,73,0.6308643817901611,,84479
2.294557571411133,,1.5242483615875244,,73,0.770309329032898,,84489
2.166595458984375,,1.5506136417388916,,73,0.615981936454773,,84499
2.404085159301758,,1.6846938133239746,,73,0.7193912863731384,,84509
2.0467002391815186,,1.4520184993743896,,73,0.5946817994117737,,84519
2.0150842666625977,,1.41551673412323,,73,0.5995674133300781,,84529
2.2293496131896973,,1.4086613655090332,,73,0.8206882476806641,,84539
2.025447130203247,,1.473174810409546,,73,0.5522723197937012,,84549
2.2678658962249756,,1.6998932361602783,,73,0.567972719669342,,84559
2.081460952758789,,1.4255290031433105,,73,0.6559320688247681,,84569
2.5952045917510986,,1.7575569152832031,,73,0.8376476764678955,,84579
2.2831039428710938,,1.6033663749694824,,73,0.6797376871109009,,84589
2.223644495010376,,1.6116759777069092,,73,0.611968457698822,,84599
2.4516208171844482,,1.680528998374939,,73,0.7710918188095093,,84609
1.9838359355926514,,1.4538570642471313,,73,0.5299789309501648,,84619
2.007028341293335,,1.4410977363586426,,73,0.5659305453300476,,84629
2.0762670040130615,,1.499645471572876,,73,0.5766215324401855,,84639
2.326493740081787,,1.639357328414917,,73,0.6871362924575806,,84649
2.4237613677978516,,1.709916114807129,,73,0.7138453125953674,,84659
1.974691390991211,,1.4435184001922607,,73,0.5311729907989502,,84669
2.108605146408081,,1.5305373668670654,,73,0.5780677199363708,,84679
1.9973773956298828,,1.4277398586273193,,73,0.5696374773979187,,84689
1.9580334424972534,,1.3694286346435547,,73,0.5886048078536987,,84699
2.105633497238159,,1.5337002277374268,,73,0.5719333291053772,,84709
1.821256160736084,,1.323136568069458,,73,0.4981195628643036,,84719
1.9612555503845215,,1.328758955001831,,73,0.6324966549873352,,84729
2.5487797260284424,,1.6809041500091553,,73,0.8678756356239319,,84739
2.12540864944458,,1.4071569442749023,,73,0.7182517051696777,,84749
2.470702648162842,,1.712780237197876,,73,0.7579224109649658,,84759
2.4307682514190674,,1.7991585731506348,,73,0.6316096782684326,,84769
2.0989418029785156,,1.4981704950332642,,73,0.600771427154541,,84779
2.084765672683716,,1.4769288301467896,,73,0.607836902141571,,84789
2.053218126296997,,1.3876304626464844,,73,0.6655876636505127,,84799
2.063436508178711,,1.3234269618988037,,73,0.740009605884552,,84809
1.813482642173767,,1.3167072534561157,,73,0.49677538871765137,,84819
2.053729295730591,,1.4203672409057617,,73,0.6333620548248291,,84829
1.8833949565887451,,1.3363041877746582,,73,0.5470907092094421,,84839
1.7427241802215576,,1.260286808013916,,73,0.4824374318122864,,84849
1.9809348583221436,,1.3682916164398193,,73,0.612643301486969,,84859
2.01572322845459,,1.4013020992279053,,73,0.6144210696220398,,84869
2.1914703845977783,,1.4808998107910156,,73,0.7105706334114075,,84879
1.9785187244415283,,1.3546829223632812,,73,0.6238358020782471,,84889
2.1782515048980713,,1.4296867847442627,,73,0.7485647201538086,,84899
1.8371111154556274,,1.2967643737792969,,73,0.5403467416763306,,84909
2.361423969268799,,1.5564900636672974,,73,0.8049338459968567,,84919
2.2656049728393555,,1.627610683441162,,73,0.6379943490028381,,84929
2.2164223194122314,,1.5730963945388794,,73,0.643325924873352,,84939
2.0808968544006348,,1.3834792375564575,,73,0.697417676448822,,84949
2.2294225692749023,,1.4464514255523682,,73,0.7829710245132446,,84959
1.8097871541976929,,1.3179999589920044,,73,0.4917871654033661,,84969
2.0934715270996094,,1.3836511373519897,,73,0.7098203301429749,,84979
2.0599374771118164,,1.4691226482391357,,73,0.5908147096633911,,84989
1.6576405763626099,,1.1505504846572876,,73,0.5070900917053223,,84999
1.7693549394607544,,1.2822728157043457,,73,0.4870820939540863,,85009
2.3417463302612305,,1.646012783050537,,73,0.6957335472106934,,85019
2.1145381927490234,,1.4595977067947388,,73,0.6549404859542847,,85029
1.8202736377716064,,1.2509424686431885,,73,0.569331169128418,,85039
2.1001439094543457,,1.4659063816070557,,73,0.6342374682426453,,85049
2.1218793392181396,,1.3575167655944824,,73,0.7643625140190125,,85059
1.791193962097168,,1.2640575170516968,,73,0.5271363854408264,,85069
1.8707926273345947,,1.272071361541748,,73,0.5987212657928467,,85079
2.011333465576172,,1.356304407119751,,73,0.6550289392471313,,85089
1.9960424900054932,,1.3908214569091797,,73,0.6052210927009583,,85099
1.9366979598999023,,1.387160062789917,,73,0.5495378971099854,,85109
1.8270668983459473,,1.2321513891220093,,73,0.5949155688285828,,85119
2.180476665496826,,1.4330360889434814,,73,0.7474405169487,,85129
1.9263978004455566,,1.3065133094787598,,73,0.6198844313621521,,85139
2.1818110942840576,,1.490601658821106,,73,0.6912093758583069,,85149
1.8418216705322266,,1.3157154321670532,,73,0.5261061787605286,,85159
1.7476340532302856,,1.1799076795578003,,73,0.5677263736724854,,85169
2.120633125305176,,1.3991047143936157,,73,0.7215285301208496,,85179
1.5307742357254028,,1.0400424003601074,,73,0.490731805562973,,85189
2.070354461669922,,1.3612747192382812,,73,0.7090797424316406,,85199
1.9131255149841309,,1.2559995651245117,,73,0.6571259498596191,,85209
2.1700735092163086,,1.400054931640625,,73,0.7700186967849731,,85219
1.8346494436264038,,1.2821459770202637,,73,0.5525034666061401,,85229
2.0202200412750244,,1.3801159858703613,,73,0.6401040554046631,,85239
2.1402666568756104,,1.41214919090271,,73,0.7281175255775452,,85249
2.3833861351013184,,1.5649456977844238,,73,0.818440318107605,,85259
1.9104024171829224,,1.338362455368042,,73,0.5720399618148804,,85269
1.7883408069610596,,1.2166141271591187,,73,0.5717266798019409,,85279
2.0161681175231934,,1.2937004566192627,,73,0.7224676012992859,,85289
1.8544301986694336,,1.3344851732254028,,73,0.5199450254440308,,85299
1.737957239151001,,1.1246198415756226,,73,0.6133373379707336,,85309
2.2922301292419434,,1.498177409172058,,73,0.7940526604652405,,85319
,2.1234145164489746,,1.480042576789856,73,,0.6433719992637634,85321
1.8445160388946533,,1.2110257148742676,,74,0.6334903240203857,,85329
1.855809211730957,,1.245614767074585,,74,0.6101943850517273,,85339
2.065073251724243,,1.274312138557434,,74,0.7907611131668091,,85349
1.9943602085113525,,1.345719814300537,,74,0.6486403346061707,,85359
1.8430345058441162,,1.1987972259521484,,74,0.6442373394966125,,85369
1.7537097930908203,,1.199477195739746,,74,0.5542325377464294,,85379
1.891801118850708,,1.216572880744934,,74,0.6752282977104187,,85389
1.8148342370986938,,1.1646852493286133,,74,0.6501489877700806,,85399
2.123094081878662,,1.338810682296753,,74,0.7842832803726196,,85409
1.6425620317459106,,1.1726295948028564,,74,0.4699324667453766,,85419
1.8971350193023682,,1.2403564453125,,74,0.6567785143852234,,85429
1.798075556755066,,1.1502153873443604,,74,0.6478601694107056,,85439
1.9528801441192627,,1.3512630462646484,,74,0.6016170382499695,,85449
1.6675853729248047,,1.1636979579925537,,74,0.5038873553276062,,85459
2.0789337158203125,,1.3398264646530151,,74,0.7391073107719421,,85469
1.7504405975341797,,1.1858142614364624,,74,0.5646263957023621,,85479
1.6202363967895508,,1.0478109121322632,,74,0.5724254250526428,,85489
1.7928497791290283,,1.0744580030441284,,74,0.7183918356895447,,85499
1.8485063314437866,,1.203543782234192,,74,0.6449625492095947,,85509
1.7176694869995117,,1.0811030864715576,,74,0.6365663409233093,,85519
1.9135894775390625,,1.3224447965621948,,74,0.5911446809768677,,85529
1.841802716255188,,1.1845436096191406,,74,0.6572591066360474,,85539
2.036252737045288,,1.319525957107544,,74,0.7167268395423889,,85549
1.7823662757873535,,1.1508551836013794,,74,0.6315111517906189,,85559
1.928636074066162,,1.2446815967559814,,74,0.6839544177055359,,85569
1.6525975465774536,,1.162938117980957,,74,0.48965945839881897,,85579
1.9722437858581543,,1.3360759019851685,,74,0.6361678242683411,,85589
1.9570097923278809,,1.2468432188034058,,74,0.7101666331291199,,85599
1.8965338468551636,,1.2306554317474365,,74,0.665878415107727,,85609
1.608113408088684,,1.1356631517410278,,74,0.47245025634765625,,85619
1.9636223316192627,,1.2570446729660034,,74,0.7065775990486145,,85629
1.7820003032684326,,1.164271593093872,,74,0.6177287101745605,,85639
1.6721701622009277,,1.1202435493469238,,74,0.5519266724586487,,85649
1.7583014965057373,,1.1955056190490723,,74,0.5627958178520203,,85659
2.062145709991455,,1.3821794986724854,,74,0.6799660921096802,,85669
1.835571050643921,,1.2128877639770508,,74,0.6226832866668701,,85679
1.7721911668777466,,1.1714797019958496,,74,0.600711464881897,,85689
1.9891481399536133,,1.3591573238372803,,74,0.6299907565116882,,85699
1.9984195232391357,,1.1495493650436401,,74,0.8488701581954956,,85709
1.8702932596206665,,1.2390849590301514,,74,0.6312083005905151,,85719
1.9621529579162598,,1.3066624402999878,,74,0.6554905772209167,,85729
1.777782917022705,,1.21518874168396,,74,0.5625941753387451,,85739
1.743971347808838,,1.0917948484420776,,74,0.6521764397621155,,85749
1.7455153465270996,,1.227378487586975,,74,0.5181368589401245,,85759
1.9037569761276245,,1.2628037929534912,,74,0.6409531831741333,,85769
1.6089590787887573,,1.035162329673767,,74,0.5737967491149902,,85779
2.0832247734069824,,1.3640382289886475,,74,0.7191866040229797,,85789
2.018730640411377,,1.2141375541687012,,74,0.8045929670333862,,85799
1.7685487270355225,,1.1261074542999268,,74,0.6424413323402405,,85809
1.8950135707855225,,1.241483211517334,,74,0.6535304188728333,,85819
1.901504397392273,,1.269284963607788,,74,0.6322194337844849,,85829
1.801234245300293,,1.186399221420288,,74,0.6148349642753601,,85839
2.2773241996765137,,1.4615821838378906,,74,0.815742015838623,,85849
1.8675317764282227,,1.243145227432251,,74,0.6243865489959717,,85859
1.6985630989074707,,1.1235017776489258,,74,0.5750613808631897,,85869
1.8484573364257812,,1.067549467086792,,74,0.7809078693389893,,85879
1.8999403715133667,,1.1756353378295898,,74,0.7243050336837769,,85889
1.7077453136444092,,1.1218318939208984,,74,0.5859134197235107,,85899
1.9656462669372559,,1.270466923713684,,74,0.695179283618927,,85909
1.679152488708496,,1.1117658615112305,,74,0.5673866271972656,,85919
1.6138324737548828,,1.063146710395813,,74,0.5506857633590698,,85929
2.0626626014709473,,1.3221641778945923,,74,0.7404983043670654,,85939
1.842759370803833,,1.167271614074707,,74,0.6754876971244812,,85949
1.719344139099121,,1.122312307357788,,74,0.5970317721366882,,85959
1.7631385326385498,,1.0464611053466797,,74,0.7166774868965149,,85969
1.9474248886108398,,1.2182849645614624,,74,0.7291399240493774,,85979
1.7684576511383057,,1.1092268228530884,,74,0.6592308878898621,,85989
1.7586543560028076,,1.251376986503601,,74,0.5072773098945618,,85999
1.8839621543884277,,1.232651948928833,,74,0.6513102054595947,,86009
1.430896520614624,,0.9573372602462769,,74,0.4735592305660248,,86019
1.6702449321746826,,1.1561789512634277,,74,0.5140660405158997,,86029
2.1771421432495117,,1.448420524597168,,74,0.7287214994430542,,86039
1.7927370071411133,,1.2119719982147217,,74,0.5807650685310364,,86049
1.9923135042190552,,1.2616699934005737,,74,0.7306435108184814,,86059
1.9911664724349976,,1.2372326850891113,,74,0.7539337873458862,,86069
1.6710851192474365,,1.1722028255462646,,74,0.4988822937011719,,86079
1.5302883386611938,,0.9672790169715881,,74,0.5630093216896057,,86089
2.21677565574646,,1.5021841526031494,,74,0.7145915627479553,,86099
1.9866186380386353,,1.31421959400177,,74,0.6723990440368652,,86109
2.0599446296691895,,1.3166518211364746,,74,0.7432926893234253,,86119
1.7314355373382568,,1.1805109977722168,,74,0.5509245991706848,,86129
1.4510124921798706,,0.9332076907157898,,74,0.5178048014640808,,86139
1.8396153450012207,,1.1511664390563965,,74,0.688448965549469,,86149
1.6010215282440186,,1.0147303342819214,,74,0.5862911939620972,,86159
1.8310739994049072,,1.1977349519729614,,74,0.6333391070365906,,86169
1.672264575958252,,1.1376335620880127,,74,0.5346310138702393,,86179
1.7678186893463135,,1.0715749263763428,,74,0.6962438225746155,,86189
1.9306836128234863,,1.2438719272613525,,74,0.6868117451667786,,86199
1.652989387512207,,1.0696786642074585,,74,0.5833106637001038,,86209
1.770249605178833,,1.1585791110992432,,74,0.6116704344749451,,86219
1.6213037967681885,,1.059542179107666,,74,0.5617615580558777,,86229
2.061502456665039,,1.3574289083480835,,74,0.704073429107666,,86239
2.0209641456604004,,1.259639024734497,,74,0.7613252401351929,,86249
1.798889398574829,,1.1429511308670044,,74,0.6559382677078247,,86259
1.6220552921295166,,1.0612760782241821,,74,0.5607791543006897,,86269
1.949391484260559,,1.3737027645111084,,74,0.5756887197494507,,86279
1.898878574371338,,1.2541346549987793,,74,0.6447439789772034,,86289
1.999232292175293,,1.3933136463165283,,74,0.6059185862541199,,86299
1.8332713842391968,,1.1778197288513184,,74,0.6554516553878784,,86309
1.6099817752838135,,0.9951185584068298,,74,0.6148631572723389,,86319
1.636549472808838,,1.0355582237243652,,74,0.6009912490844727,,86329
1.5787684917449951,,1.0263025760650635,,74,0.5524658560752869,,86339
1.7830322980880737,,1.1301474571228027,,74,0.652884840965271,,86349
1.8283421993255615,,1.2153385877609253,,74,0.6130036115646362,,86359
1.6516661643981934,,0.9993479251861572,,74,0.6523182392120361,,86369
1.8407988548278809,,1.099196195602417,,74,0.7416026592254639,,86379
1.7505470514297485,,1.1428166627883911,,74,0.6077303886413574,,86389
1.7902698516845703,,1.1894044876098633,,74,0.6008654236793518,,86399
1.5728169679641724,,0.9978676438331604,,74,0.574949324131012,,86409
1.937455177307129,,1.2354816198349,,74,0.701973557472229,,86419
1.8767361640930176,,1.2667007446289062,,74,0.6100354194641113,,86429
1.7501029968261719,,1.0472910404205322,,74,0.7028120160102844,,86439
1.9519424438476562,,1.2987223863601685,,74,0.6532201170921326,,86449
1.8929084539413452,,1.1492273807525635,,74,0.7436810731887817,,86459
1.8955779075622559,,1.1388651132583618,,74,0.756712794303894,,86469
,1.8339736461639404,,1.1979700326919556,74,,0.6360037326812744,86474
1.9907182455062866,,1.2272000312805176,,75,0.763518214225769,,86479
1.630521297454834,,1.0988491773605347,,75,0.5316721200942993,,86489
1.7823593616485596,,1.1559375524520874,,75,0.6264218091964722,,86499
1.6547346115112305,,1.0251301527023315,,75,0.6296044588088989,,86509
1.9192262887954712,,1.2939244508743286,,75,0.6253018379211426,,86519
1.618477463722229,,1.033461093902588,,75,0.5850163698196411,,86529
1.9377152919769287,,1.1601231098175049,,75,0.7775922417640686,,86539
1.8183022737503052,,1.1368827819824219,,75,0.6814194917678833,,86549
2.01242995262146,,1.2118250131607056,,75,0.8006048798561096,,86559
1.577236294746399,,0.9575525522232056,,75,0.6196837425231934,,86569
1.7090914249420166,,1.0457515716552734,,75,0.6633399128913879,,86579
1.657464861869812,,1.1653861999511719,,75,0.4920786917209625,,86589
1.5842103958129883,,1.0547475814819336,,75,0.5294627547264099,,86599
2.125994920730591,,1.3220317363739014,,75,0.8039631843566895,,86609
2.0064585208892822,,1.337493896484375,,75,0.6689645648002625,,86619
1.7208229303359985,,1.1830229759216309,,75,0.5377999544143677,,86629
1.8239493370056152,,1.120132565498352,,75,0.7038167715072632,,86639
1.526134729385376,,1.0252189636230469,,75,0.5009157061576843,,86649
1.7790420055389404,,1.0704630613327026,,75,0.7085790038108826,,86659
1.702768087387085,,1.0834267139434814,,75,0.6193413138389587,,86669
1.7079315185546875,,1.0026795864105225,,75,0.705251932144165,,86679
1.5836541652679443,,1.0194077491760254,,75,0.564246416091919,,86689
1.8441426753997803,,1.2739088535308838,,75,0.5702338814735413,,86699
1.6098206043243408,,1.0776304006576538,,75,0.532190203666687,,86709
1.8363147974014282,,1.1517713069915771,,75,0.6845434904098511,,86719
1.8614791631698608,,1.2821316719055176,,75,0.5793474912643433,,86729
1.687025785446167,,1.0930372476577759,,75,0.5939885973930359,,86739
2.3343794345855713,,1.4206866025924683,,75,0.9136927723884583,,86749
1.5732066631317139,,1.0550005435943604,,75,0.5182060599327087,,86759
1.6240804195404053,,1.0582796335220337,,75,0.5658008456230164,,86769
1.4809247255325317,,0.9485294818878174,,75,0.5323952436447144,,86779
1.6695246696472168,,1.0856150388717651,,75,0.5839096903800964,,86789
1.7294230461120605,,1.1652759313583374,,75,0.5641470551490784,,86799
1.8762609958648682,,1.1777877807617188,,75,0.6984732747077942,,86809
1.6303496360778809,,1.082167148590088,,75,0.5481825470924377,,86819
1.7060346603393555,,1.087624192237854,,75,0.6184104084968567,,86829
1.5594377517700195,,1.018349528312683,,75,0.5410882830619812,,86839
1.5538254976272583,,0.98479825258255,,75,0.5690272450447083,,86849
1.9120380878448486,,1.1872470378875732,,75,0.7247911095619202,,86859
1.5713846683502197,,1.0930973291397095,,75,0.47828733921051025,,86869
1.7592086791992188,,1.1660624742507935,,75,0.5931462049484253,,86879
1.5231609344482422,,1.014699935913086,,75,0.5084609985351562,,86889
1.7357102632522583,,1.1229357719421387,,75,0.6127744913101196,,86899
1.8552377223968506,,1.1465013027191162,,75,0.7087364792823792,,86909
1.748916506767273,,1.0798436403274536,,75,0.6690728664398193,,86919
1.5197874307632446,,0.9831805229187012,,75,0.5366069078445435,,86929
1.4936144351959229,,1.0288417339324951,,75,0.46477267146110535,,86939
1.9817728996276855,,1.300694465637207,,75,0.6810783743858337,,86949
1.713330626487732,,1.1209787130355835,,75,0.5923519134521484,,86959
1.8859829902648926,,1.223465919494629,,75,0.6625170111656189,,86969
2.080547332763672,,1.3056786060333252,,75,0.7748686671257019,,86979
2.027665138244629,,1.249833345413208,,75,0.7778317332267761,,86989
1.6393446922302246,,1.0746914148330688,,75,0.5646532773971558,,86999
1.6682422161102295,,1.1280970573425293,,75,0.540145218372345,,87009
1.858190894126892,,1.1850459575653076,,75,0.6731449365615845,,87019
1.6801612377166748,,1.1418707370758057,,75,0.5382905006408691,,87029
1.770047664642334,,1.1192398071289062,,75,0.6508079171180725,,87039
1.5718876123428345,,1.0851563215255737,,75,0.48673129081726074,,87049
1.5777113437652588,,1.0376882553100586,,75,0.5400230288505554,,87059
1.7861461639404297,,1.1512988805770874,,75,0.6348472237586975,,87069
1.9872961044311523,,1.2288422584533691,,75,0.7584537863731384,,87079
1.5570523738861084,,0.9541517496109009,,75,0.6029006838798523,,87089
1.6351666450500488,,1.054671049118042,,75,0.5804956555366516,,87099
2.2344884872436523,,1.3524115085601807,,75,0.8820768594741821,,87109
1.6830723285675049,,1.0442496538162231,,75,0.6388226747512817,,87119
2.0585310459136963,,1.278329610824585,,75,0.7802014350891113,,87129
1.6793752908706665,,1.0667623281478882,,75,0.6126129627227783,,87139
1.97926926612854,,1.2545900344848633,,75,0.724679172039032,,87149
2.021150827407837,,1.170040249824524,,75,0.8511106371879578,,87159
1.5228983163833618,,0.9950311183929443,,75,0.5278671979904175,,87169
2.1107099056243896,,1.314429759979248,,75,0.7962801456451416,,87179
1.790264368057251,,1.016661286354065,,75,0.7736030220985413,,87189
1.646036148071289,,1.083378791809082,,75,0.562657356262207,,87199
1.7772974967956543,,1.174997329711914,,75,0.6023001670837402,,87209
1.81183922290802,,1.1411186456680298,,75,0.6707205772399902,,87219
1.8693811893463135,,1.1929864883422852,,75,0.6763947010040283,,87229
1.8750956058502197,,1.209313988685608,,75,0.6657816767692566,,87239
1.7647252082824707,,1.1733832359313965,,75,0.591342031955719,,87249
1.8062294721603394,,1.2232694625854492,,75,0.5829600095748901,,87259
1.5400103330612183,,1.0475523471832275,,75,0.49245795607566833,,87269
1.5358833074569702,,0.9883692264556885,,75,0.5475140810012817,,87279
1.5768423080444336,,1.044773817062378,,75,0.5320684313774109,,87289
1.5750170946121216,,1.0487470626831055,,75,0.5262700319290161,,87299
1.6897554397583008,,1.0642527341842651,,75,0.6255027651786804,,87309
1.8310601711273193,,1.2079389095306396,,75,0.6231212615966797,,87319
1.683170199394226,,1.0490939617156982,,75,0.6340762376785278,,87329
1.7371634244918823,,1.1133447885513306,,75,0.6238186359405518,,87339
1.6897401809692383,,1.0509121417999268,,75,0.6388279795646667,,87349
1.563739538192749,,0.9558401107788086,,75,0.6078994274139404,,87359
1.421836256980896,,0.9911733865737915,,75,0.4306628704071045,,87369
1.8477675914764404,,1.1447148323059082,,75,0.7030526995658875,,87379
1.6591694355010986,,1.0302443504333496,,75,0.6289251446723938,,87389
1.8631044626235962,,1.2501673698425293,,75,0.6129370927810669,,87399
1.7294316291809082,,1.0828629732131958,,75,0.6465687155723572,,87409
2.108377456665039,,1.2494785785675049,,75,0.8588988780975342,,87419
1.6944706439971924,,1.1135971546173096,,75,0.5808734893798828,,87429
1.576412320137024,,1.0172195434570312,,75,0.5591927766799927,,87439
1.658257246017456,,1.0884177684783936,,75,0.5698394775390625,,87449
1.6390827894210815,,1.0701701641082764,,75,0.5689126253128052,,87459
1.5582985877990723,,1.0235434770584106,,75,0.5347551703453064,,87469
1.751037836074829,,1.082637071609497,,75,0.6684008240699768,,87479
1.6027169227600098,,1.0584138631820679,,75,0.5443029999732971,,87489
1.4781826734542847,,0.9584112167358398,,75,0.5197714567184448,,87499
2.0166800022125244,,1.2380913496017456,,75,0.7785887122154236,,87509
1.5727225542068481,,0.9693672060966492,,75,0.603355348110199,,87519
1.6625292301177979,,1.0809478759765625,,75,0.5815813541412354,,87529
1.670789122581482,,1.0939018726348877,,75,0.5768872499465942,,87539
1.677130937576294,,1.1617223024368286,,75,0.5154085755348206,,87549
2.0829546451568604,,1.3676509857177734,,75,0.7153036594390869,,87559
1.6708341836929321,,1.058262586593628,,75,0.6125715970993042,,87569
1.7449007034301758,,1.1354191303253174,,75,0.6094815135002136,,87579
1.700612187385559,,1.086958646774292,,75,0.6136535406112671,,87589
1.7149858474731445,,1.0440009832382202,,75,0.6709848046302795,,87599
1.888343334197998,,1.1932551860809326,,75,0.6950880885124207,,87609
2.119398832321167,,1.3815439939498901,,75,0.7378548383712769,,87619
,1.7614890336990356,,1.1295478343963623,75,,0.6319411993026733,87627
1.8384838104248047,,1.170568823814392,,76,0.6679149270057678,,87629
1.9913804531097412,,1.2838929891586304,,76,0.7074874639511108,,87639
1.5464038848876953,,0.9784928560256958,,76,0.5679110288619995,,87649
1.822353482246399,,1.1553192138671875,,76,0.6670342683792114,,87659
1.6157125234603882,,0.9526470303535461,,76,0.663065493106842,,87669
1.5447251796722412,,0.9197286367416382,,76,0.6249966025352478,,87679
1.8087642192840576,,1.2036592960357666,,76,0.605104923248291,,87689
1.5676195621490479,,0.9063733816146851,,76,0.6612462401390076,,87699
1.7934832572937012,,1.178832769393921,,76,0.614650547504425,,87709
1.7187830209732056,,1.0090025663375854,,76,0.7097804546356201,,87719
1.9050936698913574,,1.1872024536132812,,76,0.7178912162780762,,87729
1.5195014476776123,,0.932697594165802,,76,0.5868039131164551,,87739
1.5409221649169922,,0.9660889506340027,,76,0.5748332142829895,,87749
1.5830320119857788,,1.000609278678894,,76,0.5824227333068848,,87759
1.7769091129302979,,1.203299880027771,,76,0.5736092925071716,,87769
1.4373655319213867,,0.965025782585144,,76,0.4723396897315979,,87779
1.8538336753845215,,1.2328436374664307,,76,0.620989978313446,,87789
1.8277037143707275,,1.161097764968872,,76,0.6666058897972107,,87799
1.8971132040023804,,1.3393568992614746,,76,0.5577563047409058,,87809
1.610128402709961,,1.0120477676391602,,76,0.598080575466156,,87819
1.7530288696289062,,1.177642583847046,,76,0.5753862857818604,,87829
1.9152851104736328,,1.2242565155029297,,76,0.6910285949707031,,87839
1.5791521072387695,,1.0497715473175049,,76,0.5293805003166199,,87849
1.4378243684768677,,0.9005272388458252,,76,0.5372971296310425,,87859
1.5205097198486328,,1.0176925659179688,,76,0.5028172135353088,,87869
1.4314745664596558,,0.9587721228599548,,76,0.4727024734020233,,87879
1.737539529800415,,1.1559454202651978,,76,0.5815941691398621,,87889
1.8440721035003662,,1.0315327644348145,,76,0.8125393390655518,,87899
1.9026049375534058,,1.2053561210632324,,76,0.6972488164901733,,87909
1.6663925647735596,,1.0557188987731934,,76,0.610673725605011,,87919
1.6321794986724854,,0.9893317818641663,,76,0.6428477764129639,,87929
1.4563101530075073,,0.9893931150436401,,76,0.4669170379638672,,87939
1.7832978963851929,,1.1799283027648926,,76,0.6033695936203003,,87949
1.512191891670227,,1.0121887922286987,,76,0.5000030994415283,,87959
1.5614402294158936,,0.9566231369972229,,76,0.6048170328140259,,87969
1.776405692100525,,1.1930842399597168,,76,0.5833214521408081,,87979
1.7131407260894775,,1.146691083908081,,76,0.5664497017860413,,87989
1.4596803188323975,,0.9801530241966248,,76,0.4795273244380951,,87999
1.9104406833648682,,1.209683895111084,,76,0.7007567286491394,,88009
1.6705381870269775,,1.0724650621414185,,76,0.5980730652809143,,88019
1.8286609649658203,,1.1417983770370483,,76,0.686862587928772,,88029
1.63776433467865,,1.076008915901184,,76,0.5617554187774658,,88039
1.8709207773208618,,1.2897567749023438,,76,0.5811640024185181,,88049
1.8144404888153076,,1.1294395923614502,,76,0.6850008368492126,,88059
1.5893864631652832,,1.0844590663909912,,76,0.5049274563789368,,88069
1.6927738189697266,,1.0876704454421997,,76,0.6051034331321716,,88079
2.1663615703582764,,1.3885565996170044,,76,0.7778049111366272,,88089
1.8050646781921387,,1.1340093612670898,,76,0.6710553765296936,,88099
1.7434542179107666,,1.0962121486663818,,76,0.6472421288490295,,88109
1.5970444679260254,,1.0120155811309814,,76,0.5850289463996887,,88119
2.1348023414611816,,1.281103491783142,,76,0.8536989092826843,,88129
1.8534646034240723,,1.186262845993042,,76,0.6672016978263855,,88139
1.7949191331863403,,1.0048706531524658,,76,0.7900484800338745,,88149
1.726616621017456,,1.1000440120697021,,76,0.6265726685523987,,88159
1.444280982017517,,0.9288235306739807,,76,0.5154574513435364,,88169
1.6507384777069092,,1.0728808641433716,,76,0.5778576135635376,,88179
1.6153693199157715,,1.0244706869125366,,76,0.5908986926078796,,88189
1.8310282230377197,,1.0771832466125488,,76,0.7538449764251709,,88199
1.5877188444137573,,1.0710258483886719,,76,0.5166929960250854,,88209
1.7832014560699463,,1.2033629417419434,,76,0.5798385143280029,,88219
1.7180960178375244,,1.0890659093856812,,76,0.6290301084518433,,88229
1.6092205047607422,,1.0080817937850952,,76,0.6011387705802917,,88239
1.817124366760254,,1.2363510131835938,,76,0.5807733535766602,,88249
1.6244778633117676,,1.0646737813949585,,76,0.5598040223121643,,88259
1.8093795776367188,,1.1066758632659912,,76,0.7027037739753723,,88269
1.4044990539550781,,0.8896315097808838,,76,0.5148674845695496,,88279
1.4839361906051636,,0.9194227457046509,,76,0.5645134449005127,,88289
1.637465238571167,,1.0066626071929932,,76,0.6308026313781738,,88299
1.533923625946045,,0.9975075721740723,,76,0.5364161133766174,,88309
1.4867055416107178,,0.8886748552322388,,76,0.598030686378479,,88319
1.8585901260375977,,1.2364860773086548,,76,0.6221041083335876,,88329
1.5605661869049072,,1.0769917964935303,,76,0.48357436060905457,,88339
1.764594554901123,,1.127871036529541,,76,0.6367234587669373,,88349
1.5224616527557373,,0.9860069751739502,,76,0.5364546775817871,,88359
1.4626483917236328,,1.020242691040039,,76,0.442405641078949,,88369
1.5110552310943604,,0.9772213697433472,,76,0.533833920955658,,88379
1.6680949926376343,,1.1678903102874756,,76,0.5002046823501587,,88389
1.8950579166412354,,1.1176129579544067,,76,0.7774450182914734,,88399
1.6357824802398682,,1.090353012084961,,76,0.5454294085502625,,88409
1.6730890274047852,,1.0580953359603882,,76,0.6149936318397522,,88419
1.8343939781188965,,1.1942956447601318,,76,0.6400983929634094,,88429
1.6686956882476807,,1.1342562437057495,,76,0.5344394445419312,,88439
1.6416805982589722,,0.9905288219451904,,76,0.6511517763137817,,88449
1.6662226915359497,,1.1196134090423584,,76,0.5466092824935913,,88459
1.585418701171875,,1.0124739408493042,,76,0.5729447603225708,,88469
1.41140615940094,,0.8994160890579224,,76,0.5119900703430176,,88479
1.5865161418914795,,1.0739645957946777,,76,0.5125515460968018,,88489
1.6239434480667114,,1.0620338916778564,,76,0.561909556388855,,88499
1.6055681705474854,,0.9906570911407471,,76,0.6149110198020935,,88509
1.6210699081420898,,0.9738067388534546,,76,0.6472631096839905,,88519
1.7642767429351807,,1.0813953876495361,,76,0.6828812956809998,,88529
1.673326015472412,,1.079424500465393,,76,0.5939015746116638,,88539
1.863023042678833,,1.110855221748352,,76,0.7521678805351257,,88549
1.8027456998825073,,1.1013880968093872,,76,0.7013576030731201,,88559
1.6671041250228882,,1.0684784650802612,,76,0.598625659942627,,88569
1.4932376146316528,,1.0208353996276855,,76,0.4724022150039673,,88579
1.8700932264328003,,1.1437163352966309,,76,0.7263768911361694,,88589
2.0027079582214355,,1.305893898010254,,76,0.6968141198158264,,88599
1.638670563697815,,1.031977653503418,,76,0.606692910194397,,88609
1.5771832466125488,,0.999970555305481,,76,0.5772126913070679,,88619
1.7505772113800049,,1.0708894729614258,,76,0.6796876788139343,,88629
1.583808422088623,,0.9433971047401428,,76,0.640411376953125,,88639
1.5557918548583984,,0.9782519340515137,,76,0.5775399804115295,,88649
1.9429669380187988,,1.2175568342208862,,76,0.7254100441932678,,88659
1.5272889137268066,,0.9497482776641846,,76,0.5775406360626221,,88669
1.8503159284591675,,1.1960628032684326,,76,0.6542531251907349,,88679
1.9030085802078247,,1.192192554473877,,76,0.7108160257339478,,88689
1.7490822076797485,,1.0468645095825195,,76,0.702217698097229,,88699
1.7516602277755737,,1.0995213985443115,,76,0.6521388292312622,,88709
1.8929054737091064,,1.1909472942352295,,76,0.701958179473877,,88719
1.9139277935028076,,1.1423249244689941,,76,0.7716029286384583,,88729
1.90767240524292,,1.139309287071228,,76,0.7683631181716919,,88739
1.3505854606628418,,0.8897112607955933,,76,0.46087417006492615,,88749
1.5184519290924072,,1.061333179473877,,76,0.4571186900138855,,88759
1.68214750289917,,0.9193954467773438,,76,0.7627520561218262,,88769
1.60984468460083,,1.0171070098876953,,76,0.5927376747131348,,88779
,1.7160149812698364,,1.09287691116333,76,,0.6231381297111511,88780
1.5568320751190186,,1.0266474485397339,,77,0.5301846861839294,,88789
1.5616157054901123,,1.0110838413238525,,77,0.5505318641662598,,88799
1.5786370038986206,,1.0702320337295532,,77,0.5084049701690674,,88809
1.5182526111602783,,1.0341837406158447,,77,0.4840688705444336,,88819
1.7476067543029785,,1.1951009035110474,,77,0.5525058507919312,,88829
1.5326728820800781,,0.9594756960868835,,77,0.5731971859931946,,88839
1.9403859376907349,,1.1860640048980713,,77,0.7543219327926636,,88849
1.6048892736434937,,0.977259635925293,,77,0.6276296377182007,,88859
1.8329105377197266,,1.0949366092681885,,77,0.7379738688468933,,88869
1.841293454170227,,1.1712934970855713,,77,0.6699999570846558,,88879
1.7592275142669678,,1.1144911050796509,,77,0.6447364687919617,,88889
1.7726881504058838,,1.0318036079406738,,77,0.7408846020698547,,88899
1.6475083827972412,,1.0601407289505005,,77,0.5873677134513855,,88909
1.7860908508300781,,1.1033146381378174,,77,0.6827762722969055,,88919
1.616016149520874,,1.075919508934021,,77,0.5400965809822083,,88929
1.7220724821090698,,1.1154708862304688,,77,0.6066015958786011,,88939
1.602056860923767,,1.0305616855621338,,77,0.5714951753616333,,88949
1.541512131690979,,1.0056533813476562,,77,0.5358587503433228,,88959
1.6404359340667725,,0.9935944080352783,,77,0.6468414664268494,,88969
1.7175965309143066,,1.0363253355026245,,77,0.6812711954116821,,88979
1.5141246318817139,,1.0223995447158813,,77,0.49172505736351013,,88989
1.426335096359253,,0.9171158075332642,,77,0.5092193484306335,,88999
1.7859647274017334,,1.0787183046340942,,77,0.7072463631629944,,89009
1.8100173473358154,,1.0576939582824707,,77,0.7523233294487,,89019
1.8032562732696533,,1.0860908031463623,,77,0.7171655297279358,,89029
1.6971497535705566,,1.1371450424194336,,77,0.5600047707557678,,89039
2.0293612480163574,,1.1956183910369873,,77,0.8337427973747253,,89049
1.8493802547454834,,1.015712022781372,,77,0.8336681723594666,,89059
1.830193042755127,,1.1368379592895508,,77,0.6933550238609314,,89069
1.5623223781585693,,0.9250068664550781,,77,0.6373154520988464,,89079
1.8078079223632812,,1.096348762512207,,77,0.7114591002464294,,89089
1.669787883758545,,1.0070194005966187,,77,0.6627684235572815,,89099
1.671142816543579,,1.1417922973632812,,77,0.5293504595756531,,89109
2.1795151233673096,,1.4423210620880127,,77,0.7371940016746521,,89119
1.6074963808059692,,1.0091657638549805,,77,0.5983306169509888,,89129
1.7643394470214844,,1.0140039920806885,,77,0.7503353953361511,,89139
1.9606914520263672,,1.2625545263290405,,77,0.6981369853019714,,89149
1.420470952987671,,0.966353714466095,,77,0.4541172683238983,,89159
1.638819694519043,,1.0230622291564941,,77,0.6157574653625488,,89169
1.6427545547485352,,1.0482357740402222,,77,0.594518780708313,,89179
1.6423671245574951,,1.0090506076812744,,77,0.6333164572715759,,89189
1.4114205837249756,,0.9468734264373779,,77,0.46454721689224243,,89199
1.9909634590148926,,1.1990634202957153,,77,0.7919000387191772,,89209
1.772007942199707,,1.0247409343719482,,77,0.7472670078277588,,89219
1.7727196216583252,,1.0264582633972168,,77,0.7462614178657532,,89229
1.615912675857544,,0.9757071137428284,,77,0.6402055621147156,,89239
2.11702036857605,,1.335909128189087,,77,0.7811112999916077,,89249
1.8753244876861572,,1.1627016067504883,,77,0.7126229405403137,,89259
1.6210792064666748,,1.071035623550415,,77,0.5500435829162598,,89269
1.5592173337936401,,0.9488915801048279,,77,0.6103257536888123,,89279
1.6708521842956543,,1.045910120010376,,77,0.6249420046806335,,89289
1.5047905445098877,,0.9772955179214478,,77,0.5274949669837952,,89299
1.817692518234253,,1.155229091644287,,77,0.6624634265899658,,89309
1.6579456329345703,,1.009306788444519,,77,0.6486387848854065,,89319
1.6199088096618652,,0.9842382073402405,,77,0.6356706023216248,,89329
1.4292981624603271,,0.9053267240524292,,77,0.5239713788032532,,89339
1.4540013074874878,,0.9731089472770691,,77,0.4808923900127411,,89349
1.7095894813537598,,1.040562391281128,,77,0.6690271496772766,,89359
1.3553014993667603,,0.9182068705558777,,77,0.43709462881088257,,89369
1.6222944259643555,,1.0683579444885254,,77,0.5539364814758301,,89379
1.8245834112167358,,1.2000994682312012,,77,0.6244839429855347,,89389
2.0702178478240967,,1.2575033903121948,,77,0.8127144575119019,,89399
1.673853874206543,,1.1244049072265625,,77,0.5494490265846252,,89409
1.571218490600586,,0.972885251045227,,77,0.5983332991600037,,89419
1.8254270553588867,,1.095736026763916,,77,0.7296909689903259,,89429
1.729055643081665,,1.101816177368164,,77,0.6272395253181458,,89439
1.5757262706756592,,0.9716544151306152,,77,0.6040719151496887,,89449
1.7660785913467407,,1.1598384380340576,,77,0.6062401533126831,,89459
2.053455352783203,,1.178985357284546,,77,0.8744698762893677,,89469
1.5628433227539062,,1.0030252933502197,,77,0.5598179697990417,,89479
1.5311661958694458,,0.9927253723144531,,77,0.5384408235549927,,89489
1.71278977394104,,0.9975420236587524,,77,0.7152477502822876,,89499
1.7962901592254639,,1.0921947956085205,,77,0.7040953636169434,,89509
1.9856840372085571,,1.2543950080871582,,77,0.7312890291213989,,89519
1.8970608711242676,,1.1645424365997314,,77,0.7325183749198914,,89529
1.6357754468917847,,1.0715653896331787,,77,0.564210057258606,,89539
1.6001501083374023,,1.07106351852417,,77,0.5290865302085876,,89549
1.70206618309021,,0.9921811819076538,,77,0.7098849415779114,,89559
2.0658035278320312,,1.1929857730865479,,77,0.8728178143501282,,89569
1.5610263347625732,,0.9365551471710205,,77,0.6244711875915527,,89579
1.4544007778167725,,0.942042887210846,,77,0.5123578906059265,,89589
1.5869691371917725,,0.9896426200866699,,77,0.5973265171051025,,89599
1.7201404571533203,,1.0498015880584717,,77,0.6703388094902039,,89609
1.568828821182251,,1.0323920249938965,,77,0.5364368557929993,,89619
1.4491214752197266,,0.9434946775436401,,77,0.5056268572807312,,89629
1.8083653450012207,,1.1419885158538818,,77,0.6663768291473389,,89639
1.5274584293365479,,0.897174596786499,,77,0.6302838325500488,,89649
1.870152473449707,,1.1932094097137451,,77,0.6769430041313171,,89659
1.971557855606079,,1.201920509338379,,77,0.769637405872345,,89669
2.029526472091675,,1.100663185119629,,77,0.9288633465766907,,89679
1.8981062173843384,,1.1699779033660889,,77,0.7281283140182495,,89689
1.7963348627090454,,1.0698082447052002,,77,0.7265266180038452,,89699
1.5076713562011719,,1.0262049436569214,,77,0.4814664423465729,,89709
1.845348596572876,,1.0869107246398926,,77,0.7584378123283386,,89719
1.5706028938293457,,0.9444184303283691,,77,0.6261844038963318,,89729
1.7307310104370117,,1.1836612224578857,,77,0.5470698475837708,,89739
1.7730712890625,,1.1168408393859863,,77,0.6562303900718689,,89749
1.5936801433563232,,0.9537028074264526,,77,0.6399773955345154,,89759
1.5370068550109863,,0.9412090182304382,,77,0.5957977771759033,,89769
1.965569019317627,,1.224890112876892,,77,0.7406789660453796,,89779
1.8835910558700562,,1.1772708892822266,,77,0.7063201665878296,,89789
1.7651902437210083,,0.9971311688423157,,77,0.7680590748786926,,89799
1.7236504554748535,,1.0658724308013916,,77,0.6577779650688171,,89809
1.9909932613372803,,1.1696574687957764,,77,0.8213357329368591,,89819
1.593741774559021,,0.9613028168678284,,77,0.6324389576911926,,89829
1.8414050340652466,,1.1007978916168213,,77,0.7406071424484253,,89839
1.7667427062988281,,1.0593386888504028,,77,0.7074040174484253,,89849
1.6214158535003662,,0.9749282002449036,,77,0.6464875936508179,,89859
1.4958417415618896,,1.0138356685638428,,77,0.4820060729980469,,89869
1.7563124895095825,,1.0903643369674683,,77,0.6659481525421143,,89879
1.4598371982574463,,0.905277669429779,,77,0.554559588432312,,89889
1.6514487266540527,,1.034600019454956,,77,0.6168487668037415,,89899
1.6889545917510986,,1.0532801151275635,,77,0.6356744170188904,,89909
1.8400832414627075,,1.1484099626541138,,77,0.6916732788085938,,89919
1.5979061126708984,,0.994818925857544,,77,0.6030871868133545,,89929
,1.7072010040283203,,1.0724624395370483,77,,0.634738564491272,89933
1.6774146556854248,,1.051058053970337,,78,0.6263566613197327,,89939
1.455148696899414,,0.9270651340484619,,78,0.5280835628509521,,89949
1.5584986209869385,,0.9784414768218994,,78,0.5800571441650391,,89959
1.5667307376861572,,0.9567890763282776,,78,0.6099417209625244,,89969
2.332185745239258,,1.3683357238769531,,78,0.9638501405715942,,89979
1.7485098838806152,,1.1433186531066895,,78,0.605191171169281,,89989
1.5130547285079956,,0.9774170517921448,,78,0.5356376767158508,,89999
1.653578281402588,,1.0560470819473267,,78,0.5975311994552612,,90009
2.0215041637420654,,1.2005155086517334,,78,0.8209887146949768,,90019
1.9466886520385742,,1.2293767929077148,,78,0.7173118591308594,,90029
1.7398786544799805,,1.0402789115905762,,78,0.6995998024940491,,90039
1.564155101776123,,1.017906904220581,,78,0.546248197555542,,90049
1.4356671571731567,,0.8786506652832031,,78,0.5570164918899536,,90059
1.5060219764709473,,0.9270980954170227,,78,0.5789238810539246,,90069
1.4852100610733032,,1.024742603302002,,78,0.46046748757362366,,90079
1.5971369743347168,,1.0473217964172363,,78,0.5498151183128357,,90089
1.794236660003662,,1.14577317237854,,78,0.6484634876251221,,90099
1.825693130493164,,1.0580401420593262,,78,0.7676529884338379,,90109
1.622570514678955,,1.058484435081482,,78,0.5640861392021179,,90119
1.524749994277954,,0.9404194355010986,,78,0.5843306183815002,,90129
1.4588274955749512,,0.955525279045105,,78,0.5033021569252014,,90139
1.514837384223938,,0.9626829624176025,,78,0.5521544218063354,,90149
1.63603937625885,,1.0193578004837036,,78,0.6166815757751465,,90159
1.5761992931365967,,0.9273751378059387,,78,0.6488242149353027,,90169
1.2293680906295776,,0.7735830545425415,,78,0.45578500628471375,,90179
1.8393474817276,,1.1802058219909668,,78,0.6591416597366333,,90189
1.629946231842041,,1.0844686031341553,,78,0.545477569103241,,90199
1.6246404647827148,,1.022014856338501,,78,0.6026256084442139,,90209
1.3448998928070068,,0.8367623090744019,,78,0.5081376433372498,,90219
1.8064935207366943,,1.106187105178833,,78,0.7003063559532166,,90229
1.5213441848754883,,0.9647353291511536,,78,0.5566088557243347,,90239
1.9640870094299316,,1.2486789226531982,,78,0.7154080271720886,,90249
1.4630286693572998,,0.9111419916152954,,78,0.5518867373466492,,90259
1.8045755624771118,,1.1818835735321045,,78,0.6226919889450073,,90269
1.674219012260437,,1.0781211853027344,,78,0.5960978269577026,,90279
1.7562885284423828,,1.1443347930908203,,78,0.6119537353515625,,90289
1.7986390590667725,,1.124709963798523,,78,0.6739290952682495,,90299
1.8911056518554688,,1.2219352722167969,,78,0.6691703796386719,,90309
1.511422872543335,,0.961967408657074,,78,0.5494555234909058,,90319
1.9364039897918701,,1.2230923175811768,,78,0.7133117318153381,,90329
1.3705973625183105,,0.8556919097900391,,78,0.5149053931236267,,90339
1.5176628828048706,,0.9455646276473999,,78,0.5720982551574707,,90349
1.9239522218704224,,1.0974676609039307,,78,0.8264845609664917,,90359
1.5739421844482422,,1.0430347919464111,,78,0.530907392501831,,90369
1.361363410949707,,0.8642295598983765,,78,0.4971338212490082,,90379
1.6867198944091797,,1.0576202869415283,,78,0.6290996074676514,,90389
1.5957672595977783,,0.9686813354492188,,78,0.6270858645439148,,90399
1.7457003593444824,,1.1292312145233154,,78,0.6164692044258118,,90409
1.7872774600982666,,1.0512151718139648,,78,0.7360622882843018,,90419
1.7593128681182861,,0.9802647829055786,,78,0.7790480256080627,,90429
1.5710790157318115,,1.0156593322753906,,78,0.5554196238517761,,90439
1.7079050540924072,,1.0097925662994385,,78,0.6981124877929688,,90449
1.9344491958618164,,1.209237813949585,,78,0.7252113223075867,,90459
1.6479802131652832,,1.0889294147491455,,78,0.5590507388114929,,90469
1.523820400238037,,1.0018739700317383,,78,0.521946370601654,,90479
1.5469627380371094,,1.048445463180542,,78,0.49851730465888977,,90489
1.9172320365905762,,1.1010972261428833,,78,0.8161347508430481,,90499
1.6905951499938965,,1.0737199783325195,,78,0.6168751120567322,,90509
1.763357162475586,,1.1027528047561646,,78,0.6606042981147766,,90519
1.7081745862960815,,1.1088519096374512,,78,0.5993226766586304,,90529
1.8474911451339722,,1.1419590711593628,,78,0.7055320739746094,,90539
1.5325782299041748,,0.9239903092384338,,78,0.6085879802703857,,90549
1.8113409280776978,,1.0759644508361816,,78,0.7353764772415161,,90559
1.629328966140747,,1.0950151681900024,,78,0.5343137383460999,,90569
1.7161983251571655,,1.0866811275482178,,78,0.6295171976089478,,90579
1.5899128913879395,,1.0539127588272095,,78,0.5360001921653748,,90589
1.7726491689682007,,1.0802479982376099,,78,0.6924011707305908,,90599
1.4923241138458252,,0.9343671202659607,,78,0.5579570531845093,,90609
1.4219871759414673,,0.954969048500061,,78,0.46701812744140625,,90619
1.894099235534668,,1.1770241260528564,,78,0.7170750498771667,,90629
1.6434473991394043,,1.0816688537597656,,78,0.5617785453796387,,90639
1.492688536643982,,0.9458510875701904,,78,0.5468374490737915,,90649
1.5291001796722412,,0.9574180841445923,,78,0.5716820955276489,,90659
1.4050970077514648,,0.8566442131996155,,78,0.5484527349472046,,90669
1.7672905921936035,,1.2311513423919678,,78,0.5361392498016357,,90679
1.6969590187072754,,1.1105594635009766,,78,0.5863995552062988,,90689
1.4863044023513794,,0.9576789140701294,,78,0.52862548828125,,90699
1.613026738166809,,0.9241681098937988,,78,0.6888586282730103,,90709
1.3973050117492676,,0.9573932886123657,,78,0.43991169333457947,,90719
1.743760585784912,,1.0847151279449463,,78,0.6590454578399658,,90729
1.50649094581604,,0.8738807439804077,,78,0.6326101422309875,,90739
1.7441133260726929,,1.0638904571533203,,78,0.6802228689193726,,90749
1.7624366283416748,,1.1524908542633057,,78,0.6099457740783691,,90759
1.760270595550537,,0.9671615362167358,,78,0.793109118938446,,90769
1.547142505645752,,0.9903074502944946,,78,0.5568349957466125,,90779
1.5178370475769043,,0.937624990940094,,78,0.5802121162414551,,90789
1.6953225135803223,,1.127044916152954,,78,0.5682775378227234,,90799
1.592137336730957,,0.9779327511787415,,78,0.6142045855522156,,90809
1.6490411758422852,,1.0575339794158936,,78,0.5915071368217468,,90819
1.6146445274353027,,1.0563596487045288,,78,0.5582849383354187,,90829
1.5868101119995117,,1.026721715927124,,78,0.5600883364677429,,90839
1.397704005241394,,0.9226847290992737,,78,0.475019246339798,,90849
1.6621499061584473,,1.0818133354187012,,78,0.5803365111351013,,90859
1.6290488243103027,,1.0253210067749023,,78,0.6037277579307556,,90869
1.7307140827178955,,1.0321904420852661,,78,0.6985237002372742,,90879
1.7647042274475098,,1.0822972059249878,,78,0.6824070811271667,,90889
1.4090821743011475,,0.8632146716117859,,78,0.5458675026893616,,90899
1.437886357307434,,0.9421122074127197,,78,0.49577412009239197,,90909
1.756650686264038,,1.1018226146697998,,78,0.6548280715942383,,90919
1.662233591079712,,1.0087130069732666,,78,0.6535205245018005,,90929
1.6988494396209717,,1.0417306423187256,,78,0.6571188569068909,,90939
1.6154512166976929,,1.0086101293563843,,78,0.6068410873413086,,90949
1.7212913036346436,,1.022782564163208,,78,0.6985086798667908,,90959
1.5665093660354614,,1.0955640077590942,,78,0.4709453582763672,,90969
1.9021961688995361,,1.2648643255233765,,78,0.6373318433761597,,90979
1.563878059387207,,1.0978131294250488,,78,0.4660648703575134,,90989
1.5149102210998535,,0.9428657293319702,,78,0.5720445513725281,,90999
2.0924806594848633,,1.2654820680618286,,78,0.8269984722137451,,91009
1.780834436416626,,1.1190457344055176,,78,0.6617886424064636,,91019
1.4462103843688965,,0.8713623881340027,,78,0.5748479962348938,,91029
1.7702109813690186,,1.0997264385223389,,78,0.6704845428466797,,91039
1.649749755859375,,1.0867074728012085,,78,0.5630422234535217,,91049
1.459352970123291,,0.8586210012435913,,78,0.6007319092750549,,91059
1.4134347438812256,,0.8682419657707214,,78,0.5451927185058594,,91069
1.995330572128296,,1.169842004776001,,78,0.8254886269569397,,91079
,1.6970256567001343,,1.0601730346679688,78,,0.6368525624275208,91086
1.5818676948547363,,1.018808126449585,,79,0.5630595088005066,,91089
1.4658393859863281,,0.9264150261878967,,79,0.5394244194030762,,91099
1.4926027059555054,,0.9833474159240723,,79,0.5092552900314331,,91109
1.873220443725586,,1.1410694122314453,,79,0.7321510314941406,,91119
1.724799394607544,,1.0668917894363403,,79,0.6579076647758484,,91129
1.6118080615997314,,1.0200997591018677,,79,0.591708242893219,,91139
1.5794920921325684,,1.0103603601455688,,79,0.5691316723823547,,91149
1.9274314641952515,,1.132129430770874,,79,0.7953020334243774,,91159
1.724775791168213,,1.0269997119903564,,79,0.6977760791778564,,91169
1.8339130878448486,,1.2097063064575195,,79,0.6242067217826843,,91179
1.7739970684051514,,1.0956025123596191,,79,0.6783944964408875,,91189
1.4746482372283936,,0.9337462186813354,,79,0.5409020185470581,,91199
1.5987699031829834,,0.9585191011428833,,79,0.6402508020401001,,91209
1.556684970855713,,0.9744411706924438,,79,0.5822438597679138,,91219
1.5592670440673828,,1.0016463994979858,,79,0.5576205849647522,,91229
1.5376477241516113,,0.9990211725234985,,79,0.5386265516281128,,91239
1.6281816959381104,,1.0234787464141846,,79,0.604702889919281,,91249
1.8216238021850586,,1.1572527885437012,,79,0.6643709540367126,,91259
1.7578778266906738,,1.1427125930786133,,79,0.6151652336120605,,91269
1.458597183227539,,0.9151552319526672,,79,0.5434419512748718,,91279
1.7173500061035156,,1.0725959539413452,,79,0.6447539925575256,,91289
2.280877113342285,,1.4259592294692993,,79,0.8549179434776306,,91299
2.087526321411133,,1.226367473602295,,79,0.8611589074134827,,91309
1.5046448707580566,,0.9511878490447998,,79,0.5534570217132568,,91319
1.9013614654541016,,1.1475892066955566,,79,0.7537722587585449,,91329
1.7035133838653564,,0.9857044219970703,,79,0.7178090214729309,,91339
1.7174439430236816,,1.094153881072998,,79,0.6232901215553284,,91349
1.650617241859436,,1.063853144645691,,79,0.5867640972137451,,91359
1.4486883878707886,,0.9203752279281616,,79,0.528313159942627,,91369
1.7296595573425293,,1.1055490970611572,,79,0.6241104006767273,,91379
1.9233319759368896,,1.1191234588623047,,79,0.8042084574699402,,91389
1.6067951917648315,,1.0242869853973389,,79,0.5825082063674927,,91399
1.8069267272949219,,1.0700271129608154,,79,0.7368996143341064,,91409
1.664552927017212,,0.963248610496521,,79,0.7013043761253357,,91419
1.817491054534912,,1.117547631263733,,79,0.6999434232711792,,91429
1.7466869354248047,,1.1067092418670654,,79,0.6399776339530945,,91439
1.730151891708374,,1.1313424110412598,,79,0.5988094210624695,,91449
1.7964023351669312,,1.1724648475646973,,79,0.6239374876022339,,91459
1.8760719299316406,,1.2124333381652832,,79,0.6636386513710022,,91469
1.6030290126800537,,0.9941142201423645,,79,0.608914852142334,,91479
1.9307934045791626,,1.0751193761825562,,79,0.8556740283966064,,91489
1.6470084190368652,,1.0833172798156738,,79,0.5636910796165466,,91499
2.1320838928222656,,1.398119330406189,,79,0.7339645028114319,,91509
1.4387776851654053,,0.9407386779785156,,79,0.49803903698921204,,91519
1.8124053478240967,,0.9235755205154419,,79,0.8888298869132996,,91529
1.52363920211792,,0.9697262048721313,,79,0.5539129972457886,,91539
1.6156065464019775,,0.9544540643692017,,79,0.6611524820327759,,91549
1.5491888523101807,,0.9590089321136475,,79,0.5901799201965332,,91559
1.858374834060669,,1.0861892700195312,,79,0.7721855640411377,,91569
1.7042410373687744,,1.0692508220672607,,79,0.6349902749061584,,91579
1.9653629064559937,,1.1512207984924316,,79,0.814142107963562,,91589
1.8929551839828491,,1.2170186042785645,,79,0.6759365797042847,,91599
1.5568969249725342,,0.9130930304527283,,79,0.6438038945198059,,91609
1.7268006801605225,,1.084590196609497,,79,0.6422105431556702,,91619
2.0048367977142334,,1.2186932563781738,,79,0.7861434817314148,,91629
1.7034387588500977,,1.012114405632019,,79,0.6913244128227234,,91639
1.9339287281036377,,1.167869210243225,,79,0.7660595774650574,,91649
1.6859253644943237,,0.9720754027366638,,79,0.7138499617576599,,91659
1.668757677078247,,1.0507116317749023,,79,0.6180461049079895,,91669
1.6327779293060303,,1.0646357536315918,,79,0.5681421756744385,,91679
1.6244120597839355,,1.0330479145050049,,79,0.5913640856742859,,91689
1.4335161447525024,,0.9170615673065186,,79,0.5164545774459839,,91699
1.638447642326355,,1.0216237306594849,,79,0.6168239116668701,,91709
1.5267226696014404,,0.9361142516136169,,79,0.5906084179878235,,91719
1.7565630674362183,,1.2213214635849,,79,0.5352416038513184,,91729
2.040462017059326,,1.1525752544403076,,79,0.8878868818283081,,91739
1.7223079204559326,,1.1172726154327393,,79,0.6050353050231934,,91749
1.8367732763290405,,1.1795475482940674,,79,0.6572257280349731,,91759
1.5233747959136963,,1.0005645751953125,,79,0.522810161113739,,91769
1.8847625255584717,,1.153841495513916,,79,0.7309209704399109,,91779
2.0007314682006836,,1.2145015001296997,,79,0.7862299084663391,,91789
1.7383456230163574,,1.1461689472198486,,79,0.592176616191864,,91799
1.7677888870239258,,1.1056909561157227,,79,0.6620978713035583,,91809
1.6112996339797974,,1.082118272781372,,79,0.5291813611984253,,91819
1.4162745475769043,,0.8996168375015259,,79,0.5166576504707336,,91829
1.6734504699707031,,0.9910088181495667,,79,0.6824417114257812,,91839
1.709061861038208,,1.1015809774398804,,79,0.6074808835983276,,91849
1.5192512273788452,,0.8989413976669312,,79,0.6203098297119141,,91859
1.9081687927246094,,1.164933204650879,,79,0.7432355284690857,,91869
1.3363385200500488,,0.840827465057373,,79,0.49551111459732056,,91879
1.5240323543548584,,0.903105616569519,,79,0.6209267973899841,,91889
1.776233196258545,,1.1869693994522095,,79,0.5892637968063354,,91899
1.9056296348571777,,1.143073320388794,,79,0.7625563144683838,,91909
1.5720829963684082,,0.9600630402565002,,79,0.612019956111908,,91919
1.4920145273208618,,0.9552291631698608,,79,0.536785364151001,,91929
1.6495287418365479,,0.99874347448349,,79,0.6507852673530579,,91939
2.2716715335845947,,1.4873262643814087,,79,0.7843453288078308,,91949
1.817842721939087,,1.2518655061721802,,79,0.5659772157669067,,91959
1.77779221534729,,1.1689774990081787,,79,0.6088146567344666,,91969
1.8946623802185059,,1.1440235376358032,,79,0.7506389021873474,,91979
1.6766679286956787,,1.0159239768981934,,79,0.6607438921928406,,91989
1.6193628311157227,,1.0511263608932495,,79,0.5682364702224731,,91999
1.8196609020233154,,1.0801301002502441,,79,0.7395308613777161,,92009
1.5786141157150269,,0.9791891574859619,,79,0.5994249582290649,,92019
1.5953879356384277,,1.0304713249206543,,79,0.5649165511131287,,92029
1.4466097354888916,,0.9058758616447449,,79,0.5407338738441467,,92039
1.8541762828826904,,1.1075688600540161,,79,0.7466074228286743,,92049
1.6534500122070312,,1.0533478260040283,,79,0.6001021862030029,,92059
1.6622428894042969,,1.0548323392868042,,79,0.6074106097221375,,92069
1.4732730388641357,,0.9645197987556458,,79,0.50875324010849,,92079
1.523268222808838,,0.9022542238235474,,79,0.6210140585899353,,92089
1.6016318798065186,,0.9524897336959839,,79,0.6491422057151794,,92099
1.8447175025939941,,1.1506030559539795,,79,0.6941145062446594,,92109
1.5531023740768433,,0.9489039182662964,,79,0.6041984558105469,,92119
1.608595609664917,,1.0116075277328491,,79,0.5969880819320679,,92129
1.5773574113845825,,0.9721893668174744,,79,0.6051680445671082,,92139
1.6749916076660156,,1.0885071754455566,,79,0.5864844918251038,,92149
1.7741427421569824,,1.0289956331253052,,79,0.7451470494270325,,92159
1.770197868347168,,1.1252760887145996,,79,0.6449217796325684,,92169
1.7768515348434448,,1.1354434490203857,,79,0.6414080858230591,,92179
1.8180949687957764,,1.121335744857788,,79,0.6967592835426331,,92189
1.7728958129882812,,1.0578203201293945,,79,0.7150754332542419,,92199
2.0099658966064453,,1.2912429571151733,,79,0.7187228798866272,,92209
1.9367256164550781,,1.2603139877319336,,79,0.6764116883277893,,92219
1.5879768133163452,,1.0272395610809326,,79,0.5607372522354126,,92229
1.455694556236267,,0.9227302670478821,,79,0.532964289188385,,92239
,1.6932038068771362,,1.0575175285339355,79,,0.6356862783432007,92239
1.7267367839813232,,1.0773372650146484,,80,0.64939945936203,,92249
2.1481752395629883,,1.3225269317626953,,80,0.8256484270095825,,92259
1.6240290403366089,,1.0037431716918945,,80,0.6202858686447144,,92269
2.019517660140991,,1.3288445472717285,,80,0.6906730532646179,,92279
1.5990750789642334,,1.0037922859191895,,80,0.5952827334403992,,92289
1.5868505239486694,,1.0286178588867188,,80,0.5582326650619507,,92299
1.7600631713867188,,1.1056876182556152,,80,0.6543754935264587,,92309
1.8295844793319702,,1.0436944961547852,,80,0.7858899831771851,,92319
1.7683916091918945,,1.1298832893371582,,80,0.6385083794593811,,92329
1.7906206846237183,,1.0727975368499756,,80,0.7178231477737427,,92339
1.5975847244262695,,1.0841238498687744,,80,0.5134608745574951,,92349
1.5497725009918213,,0.9586505889892578,,80,0.5911219716072083,,92359
1.7601401805877686,,1.0831137895584106,,80,0.6770264506340027,,92369
1.4535269737243652,,0.9094686508178711,,80,0.5440583229064941,,92379
1.6468502283096313,,1.0415687561035156,,80,0.6052814722061157,,92389
1.8065743446350098,,1.1276187896728516,,80,0.678955614566803,,92399
1.932476282119751,,1.1745970249176025,,80,0.7578792572021484,,92409
1.6858711242675781,,1.065147876739502,,80,0.6207232475280762,,92419
1.9316214323043823,,1.1971776485443115,,80,0.7344437837600708,,92429
1.9166362285614014,,1.2541112899780273,,80,0.6625248789787292,,92439
1.9980144500732422,,1.2343894243240356,,80,0.7636250853538513,,92449
1.868678092956543,,1.161083698272705,,80,0.7075944542884827,,92459
1.8602056503295898,,1.1503510475158691,,80,0.7098545432090759,,92469
1.7278448343276978,,1.1097718477249146,,80,0.6180729866027832,,92479
1.9234447479248047,,1.2444090843200684,,80,0.6790357232093811,,92489
1.8262317180633545,,1.1226178407669067,,80,0.703613817691803,,92499
1.842214822769165,,1.1602716445922852,,80,0.6819431185722351,,92509
1.5390621423721313,,0.9358190298080444,,80,0.6032431125640869,,92519
1.9306139945983887,,1.1806130409240723,,80,0.7500008940696716,,92529
1.435387372970581,,0.9062045216560364,,80,0.5291829109191895,,92539
1.5870777368545532,,1.0170459747314453,,80,0.5700317621231079,,92549
1.6385085582733154,,1.0706679821014404,,80,0.5678406357765198,,92559
1.7037851810455322,,1.050538182258606,,80,0.6532469391822815,,92569
1.8692165613174438,,1.126239538192749,,80,0.7429770231246948,,92579
1.660187005996704,,0.9833905696868896,,80,0.6767964363098145,,92589
1.6740227937698364,,1.02821683883667,,80,0.6458059549331665,,92599
1.5433053970336914,,0.8933752179145813,,80,0.6499301195144653,,92609
1.4152953624725342,,0.8908084034919739,,80,0.5244869589805603,,92619
1.4686329364776611,,0.9349908828735352,,80,0.5336419939994812,,92629
1.959805965423584,,1.2189674377441406,,80,0.7408384680747986,,92639
2.1051886081695557,,1.4100513458251953,,80,0.6951373219490051,,92649
1.4843670129776,,0.9475089311599731,,80,0.536858081817627,,92659
1.702752709388733,,1.0754938125610352,,80,0.6272588968276978,,92669
1.479440450668335,,0.9963539838790894,,80,0.4830864369869232,,92679
1.6863987445831299,,1.0804895162582397,,80,0.6059091687202454,,92689
1.8114259243011475,,1.2092669010162354,,80,0.6021590232849121,,92699
1.8099417686462402,,1.1491658687591553,,80,0.6607759594917297,,92709
1.7093079090118408,,1.0882060527801514,,80,0.6211017966270447,,92719
1.7733073234558105,,1.0951976776123047,,80,0.6781096458435059,,92729
1.5843369960784912,,1.0473248958587646,,80,0.5370121598243713,,92739
1.7108933925628662,,1.141842007637024,,80,0.5690513253211975,,92749
1.8034873008728027,,1.0750967264175415,,80,0.7283905148506165,,92759
1.4407415390014648,,0.928852915763855,,80,0.5118886232376099,,92769
1.8438400030136108,,1.2040205001831055,,80,0.6398195028305054,,92779
1.7325663566589355,,1.1144319772720337,,80,0.6181343793869019,,92789
1.7098751068115234,,1.0071830749511719,,80,0.7026920318603516,,92799
1.4764331579208374,,0.9069103002548218,,80,0.5695228576660156,,92809
1.4855901002883911,,0.9475071430206299,,80,0.5380829572677612,,92819
1.8004993200302124,,1.0603013038635254,,80,0.740198016166687,,92829
1.7235149145126343,,1.0879918336868286,,80,0.6355230808258057,,92839
1.7475271224975586,,1.0493278503417969,,80,0.6981993317604065,,92849
1.7957011461257935,,1.1783769130706787,,80,0.6173242330551147,,92859
1.719038963317871,,1.00520658493042,,80,0.7138323783874512,,92869
1.9101084470748901,,1.1416866779327393,,80,0.7684217691421509,,92879
1.7498860359191895,,1.0813722610473633,,80,0.668513834476471,,92889
1.857191562652588,,1.1099708080291748,,80,0.7472208142280579,,92899
1.5363281965255737,,0.9484735727310181,,80,0.5878546237945557,,92909
1.6758253574371338,,1.1272716522216797,,80,0.5485536456108093,,92919
1.540448546409607,,0.9731215238571167,,80,0.5673270225524902,,92929
1.7891072034835815,,1.1331382989883423,,80,0.6559689044952393,,92939
1.7744362354278564,,1.0671164989471436,,80,0.7073197960853577,,92949
1.7453036308288574,,1.0562726259231567,,80,0.6890310049057007,,92959
1.8860325813293457,,1.1532853841781616,,80,0.7327471375465393,,92969
1.4916868209838867,,0.9736649990081787,,80,0.518021821975708,,92979
1.5669634342193604,,0.9711806178092957,,80,0.5957828760147095,,92989
1.4275500774383545,,0.9146400690078735,,80,0.5129099488258362,,92999
1.6995644569396973,,1.0491023063659668,,80,0.6504620909690857,,93009
1.4692723751068115,,0.886381983757019,,80,0.5828903913497925,,93019
1.8313791751861572,,1.1451137065887451,,80,0.6862655282020569,,93029
1.5562524795532227,,1.0495342016220093,,80,0.5067182779312134,,93039
1.2856403589248657,,0.8909621238708496,,80,0.3946782052516937,,93049
1.5761237144470215,,0.9587702751159668,,80,0.6173534989356995,,93059
1.5317506790161133,,0.9239339232444763,,80,0.6078166961669922,,93069
1.5397603511810303,,0.9952259063720703,,80,0.5445345044136047,,93079
1.679093360900879,,0.9642622470855713,,80,0.7148311138153076,,93089
1.5642621517181396,,0.9938303232192993,,80,0.5704318881034851,,93099
1.7238914966583252,,1.047899842262268,,80,0.6759915947914124,,93109
1.708965539932251,,1.1070866584777832,,80,0.601878821849823,,93119
1.649132251739502,,1.0718553066253662,,80,0.5772769451141357,,93129
1.7970073223114014,,1.0417581796646118,,80,0.7552492022514343,,93139
1.6111681461334229,,1.0347161293029785,,80,0.5764520168304443,,93149
1.7369024753570557,,1.0663995742797852,,80,0.6705028414726257,,93159
1.5641239881515503,,0.8930259943008423,,80,0.671097993850708,,93169
1.420181393623352,,0.8330557942390442,,80,0.5871255993843079,,93179
1.8091349601745605,,1.220155954360962,,80,0.5889790058135986,,93189
1.6628611087799072,,1.0041369199752808,,80,0.6587242484092712,,93199
1.5370548963546753,,0.98859703540802,,80,0.5484578609466553,,93209
1.8996622562408447,,1.157465934753418,,80,0.7421963810920715,,93219
1.8883612155914307,,1.1795933246612549,,80,0.7087678909301758,,93229
1.569734811782837,,1.0360231399536133,,80,0.5337116122245789,,93239
1.5066657066345215,,0.8975775837898254,,80,0.609088122844696,,93249
1.5578852891921997,,0.922002375125885,,80,0.6358829140663147,,93259
1.6792004108428955,,1.0354148149490356,,80,0.6437855362892151,,93269
1.613368034362793,,0.9706072807312012,,80,0.642760694026947,,93279
1.6458286046981812,,1.033461332321167,,80,0.6123672723770142,,93289
2.087768793106079,,1.1611648797988892,,80,0.9266039133071899,,93299
1.7410192489624023,,1.172778844833374,,80,0.5682403445243835,,93309
1.8343868255615234,,1.1395872831344604,,80,0.6947996020317078,,93319
2.0656540393829346,,1.2232575416564941,,80,0.8423964977264404,,93329
1.648209810256958,,0.9749534130096436,,80,0.6732563376426697,,93339
1.5533422231674194,,1.051457405090332,,80,0.5018848180770874,,93349
1.907374620437622,,1.2008599042892456,,80,0.7065147161483765,,93359
1.8599963188171387,,1.1869747638702393,,80,0.6730215549468994,,93369
1.8764599561691284,,1.1760385036468506,,80,0.7004214525222778,,93379
1.714782953262329,,1.0960248708724976,,80,0.6187580823898315,,93389
,1.6862225532531738,,1.0520020723342896,80,,0.6342204809188843,93392
1.673325538635254,,1.11503267288208,,81,0.558292806148529,,93399
1.5522751808166504,,0.9659616947174072,,81,0.5863135457038879,,93409
1.727349877357483,,1.1543117761611938,,81,0.5730381011962891,,93419
1.3558766841888428,,0.8680594563484192,,81,0.48781725764274597,,93429
1.893592119216919,,1.1439270973205566,,81,0.7496650815010071,,93439
1.5812335014343262,,0.9607757329940796,,81,0.6204577684402466,,93449
1.3982577323913574,,0.8827661871910095,,81,0.5154914855957031,,93459
1.7106883525848389,,1.027991533279419,,81,0.6826968789100647,,93469
1.5533782243728638,,1.0122666358947754,,81,0.5411115884780884,,93479
1.6659135818481445,,1.0556495189666748,,81,0.610264003276825,,93489
1.3988370895385742,,0.9125436544418335,,81,0.4862934350967407,,93499
1.9854835271835327,,1.2797925472259521,,81,0.7056909799575806,,93509
1.5582815408706665,,0.9742715358734131,,81,0.5840100049972534,,93519
1.557783842086792,,0.9638200998306274,,81,0.5939638018608093,,93529
1.842543601989746,,1.0582746267318726,,81,0.7842689752578735,,93539
1.5560741424560547,,1.0354020595550537,,81,0.5206721425056458,,93549
1.396094560623169,,0.843599259853363,,81,0.5524953603744507,,93559
1.6818177700042725,,1.0510530471801758,,81,0.6307646632194519,,93569
1.5108240842819214,,0.9448127746582031,,81,0.5660113096237183,,93579
1.4850282669067383,,0.9655083417892456,,81,0.5195199251174927,,93589
1.6116089820861816,,0.9372093677520752,,81,0.6743995547294617,,93599
1.6351048946380615,,1.0302700996398926,,81,0.6048347353935242,,93609
1.7506532669067383,,0.9708583354949951,,81,0.7797948718070984,,93619
1.7233210802078247,,1.0228625535964966,,81,0.7004585266113281,,93629
1.5417914390563965,,0.9985752701759338,,81,0.5432161092758179,,93639
1.9486515522003174,,1.2162981033325195,,81,0.7323533892631531,,93649
2.0706470012664795,,1.2086628675460815,,81,0.8619840741157532,,93659
1.6917312145233154,,1.034354567527771,,81,0.6573765873908997,,93669
1.6519238948822021,,1.0142598152160645,,81,0.6376640200614929,,93679
1.7214195728302002,,1.201789379119873,,81,0.5196301341056824,,93689
2.1713080406188965,,1.2715522050857544,,81,0.8997557759284973,,93699
1.4591327905654907,,0.8690506219863892,,81,0.5900821685791016,,93709
1.6788954734802246,,1.010265588760376,,81,0.6686298251152039,,93719
1.6815135478973389,,1.0620574951171875,,81,0.6194560527801514,,93729
1.575917363166809,,0.9433060884475708,,81,0.6326112747192383,,93739
1.8789393901824951,,1.1204614639282227,,81,0.7584778666496277,,93749
2.0380146503448486,,1.252089262008667,,81,0.7859254479408264,,93759
1.6637670993804932,,1.1575102806091309,,81,0.5062567591667175,,93769
1.6396158933639526,,1.0038347244262695,,81,0.6357811689376831,,93779
1.466233730316162,,0.9140719175338745,,81,0.5521618723869324,,93789
1.8901386260986328,,1.1182808876037598,,81,0.7718577980995178,,93799
2.024226188659668,,1.3048659563064575,,81,0.7193601131439209,,93809
1.5646452903747559,,0.9889437556266785,,81,0.5757015943527222,,93819
2.0920767784118652,,1.3152704238891602,,81,0.7768064737319946,,93829
1.7786078453063965,,1.115358591079712,,81,0.6632493138313293,,93839
1.7963019609451294,,1.0294702053070068,,81,0.7668317556381226,,93849
1.7548680305480957,,1.0030670166015625,,81,0.7518009543418884,,93859
1.789405107498169,,1.0128968954086304,,81,0.7765082120895386,,93869
1.7565851211547852,,1.0580713748931885,,81,0.6985137462615967,,93879
1.8085339069366455,,1.1178486347198486,,81,0.6906852722167969,,93889
1.92938232421875,,1.1476969718933105,,81,0.7816854119300842,,93899
1.6845512390136719,,1.032752513885498,,81,0.651798665523529,,93909
2.117793321609497,,1.2971289157867432,,81,0.8206644654273987,,93919
1.8292474746704102,,1.0739359855651855,,81,0.7553114295005798,,93929
1.756243348121643,,1.0675127506256104,,81,0.6887305974960327,,93939
1.5231001377105713,,0.922770082950592,,81,0.6003300547599792,,93949
1.8908584117889404,,1.081295371055603,,81,0.8095630407333374,,93959
2.2020750045776367,,1.3561220169067383,,81,0.8459528684616089,,93969
1.9907374382019043,,1.0685656070709229,,81,0.9221717715263367,,93979
1.5826858282089233,,1.0618300437927246,,81,0.5208557844161987,,93989
1.3287105560302734,,0.8425134420394897,,81,0.4861970841884613,,93999
1.5551056861877441,,0.9727903604507446,,81,0.5823152661323547,,94009
1.7328855991363525,,1.1422512531280518,,81,0.5906344056129456,,94019
1.835680365562439,,1.119182825088501,,81,0.716497540473938,,94029
1.611698865890503,,0.9993022084236145,,81,0.6123967170715332,,94039
1.4316191673278809,,0.8439260721206665,,81,0.5876930952072144,,94049
1.6750926971435547,,0.9548929333686829,,81,0.7201997637748718,,94059
1.676156759262085,,1.0785666704177856,,81,0.5975900888442993,,94069
2.0156168937683105,,1.3120648860931396,,81,0.7035520672798157,,94079
1.5573809146881104,,1.028328537940979,,81,0.5290524363517761,,94089
1.784078598022461,,1.1014982461929321,,81,0.6825803518295288,,94099
2.1013691425323486,,1.421097755432129,,81,0.6802714467048645,,94109
1.8018813133239746,,1.2065060138702393,,81,0.5953752398490906,,94119
1.5619492530822754,,0.9557128548622131,,81,0.606236457824707,,94129
2.0004234313964844,,1.2054903507232666,,81,0.7949331998825073,,94139
1.3889498710632324,,0.9059127569198608,,81,0.4830370545387268,,94149
2.1569666862487793,,1.1936161518096924,,81,0.9633504748344421,,94159
1.5085780620574951,,0.9849891066551208,,81,0.5235888957977295,,94169
1.5332293510437012,,0.9850552678108215,,81,0.5481740832328796,,94179
1.494089126586914,,0.9988421201705933,,81,0.4952469766139984,,94189
1.694753885269165,,1.0594819784164429,,81,0.6352719664573669,,94199
1.5924967527389526,,0.9946953654289246,,81,0.5978013873100281,,94209
1.658825397491455,,1.007096767425537,,81,0.6517285704612732,,94219
1.5223439931869507,,0.9895250201225281,,81,0.5328189730644226,,94229
1.687321662902832,,1.0565861463546753,,81,0.6307355165481567,,94239
1.6829557418823242,,1.0287858247756958,,81,0.6541699767112732,,94249
2.243880033493042,,1.2992174625396729,,81,0.9446626305580139,,94259
1.4389288425445557,,0.9907691478729248,,81,0.44815966486930847,,94269
1.5693516731262207,,0.9738177061080933,,81,0.5955339670181274,,94279
1.9331088066101074,,1.167991042137146,,81,0.7651178240776062,,94289
1.685415267944336,,1.1680517196655273,,81,0.5173636078834534,,94299
1.3972280025482178,,0.9172834157943726,,81,0.47994452714920044,,94309
2.0379886627197266,,1.32020902633667,,81,0.7177796959877014,,94319
1.9945387840270996,,1.0898159742355347,,81,0.9047227501869202,,94329
2.0415432453155518,,1.2666473388671875,,81,0.774895966053009,,94339
1.5562360286712646,,1.0109188556671143,,81,0.5453171730041504,,94349
1.6128289699554443,,0.9676474928855896,,81,0.6451815366744995,,94359
2.1405880451202393,,1.1964547634124756,,81,0.9441333413124084,,94369
1.7756874561309814,,1.109748125076294,,81,0.6659393310546875,,94379
1.85933518409729,,1.154244065284729,,81,0.7050910592079163,,94389
1.7520372867584229,,1.131657361984253,,81,0.6203799247741699,,94399
1.7691009044647217,,1.1571727991104126,,81,0.6119281649589539,,94409
1.8638750314712524,,1.1713212728500366,,81,0.6925537586212158,,94419
1.7134613990783691,,1.042084813117981,,81,0.6713765859603882,,94429
1.380302906036377,,0.9166631102561951,,81,0.4636398255825043,,94439
1.7809933423995972,,1.1496343612670898,,81,0.6313589811325073,,94449
1.8532240390777588,,1.1226866245269775,,81,0.7305373549461365,,94459
1.9979572296142578,,1.189857840538025,,81,0.8080993890762329,,94469
1.516068696975708,,0.938399076461792,,81,0.577669620513916,,94479
1.5096561908721924,,0.8456683158874512,,81,0.6639878153800964,,94489
1.4813282489776611,,0.9326906204223633,,81,0.5486376881599426,,94499
2.2181990146636963,,1.429718255996704,,81,0.788480818271637,,94509
1.2431843280792236,,0.7671107053756714,,81,0.476073682308197,,94519
1.3744454383850098,,0.8711567521095276,,81,0.503288745880127,,94529
1.5973435640335083,,0.9364320039749146,,81,0.6609115600585938,,94539
,1.6786394119262695,,1.045060396194458,81,,0.6335789561271667,94545
1.5301662683486938,,0.9604606628417969,,82,0.569705605506897,,94549
1.8631067276000977,,1.1157252788543701,,82,0.7473813891410828,,94559
1.7090191841125488,,1.1623814105987549,,82,0.546637773513794,,94569
1.5742943286895752,,0.9417638778686523,,82,0.6325303912162781,,94579
1.7214423418045044,,0.9561624526977539,,82,0.7652798891067505,,94589
1.4598636627197266,,0.9087182879447937,,82,0.5511454343795776,,94599
1.8015525341033936,,1.2014198303222656,,82,0.6001326441764832,,94609
1.799316167831421,,1.2267959117889404,,82,0.5725201964378357,,94619
1.5833618640899658,,0.9616372585296631,,82,0.6217246055603027,,94629
1.6250782012939453,,1.0963809490203857,,82,0.5286971926689148,,94639
1.5135407447814941,,0.9740586280822754,,82,0.5394821166992188,,94649
1.9685723781585693,,1.1191279888153076,,82,0.8494443297386169,,94659
1.59428870677948,,1.0086023807525635,,82,0.5856863260269165,,94669
1.843583345413208,,1.130468726158142,,82,0.7131146192550659,,94679
1.3674719333648682,,0.8497501611709595,,82,0.5177217721939087,,94689
2.152947187423706,,1.2798271179199219,,82,0.8731200695037842,,94699
1.973149299621582,,1.1965773105621338,,82,0.7765719890594482,,94709
1.5952513217926025,,0.9376201629638672,,82,0.6576310992240906,,94719
1.8853263854980469,,1.1583843231201172,,82,0.7269420623779297,,94729
1.6556130647659302,,1.0580103397369385,,82,0.5976027250289917,,94739
1.5786031484603882,,0.9432015419006348,,82,0.6354016065597534,,94749
1.710852026939392,,1.0316190719604492,,82,0.6792329549789429,,94759
1.776259183883667,,1.135389804840088,,82,0.6408693194389343,,94769
1.4779188632965088,,0.9262655973434448,,82,0.551653265953064,,94779
1.6179814338684082,,1.0126498937606812,,82,0.605331540107727,,94789
1.8152786493301392,,1.0094869136810303,,82,0.8057917356491089,,94799
1.5039441585540771,,0.9833769798278809,,82,0.5205671191215515,,94809
1.6034514904022217,,1.0426371097564697,,82,0.560814380645752,,94819
1.7707372903823853,,1.0590894222259521,,82,0.7116478681564331,,94829
1.8714206218719482,,1.113506555557251,,82,0.757914125919342,,94839
1.5847899913787842,,1.0212082862854004,,82,0.5635817050933838,,94849
1.8378326892852783,,1.1945382356643677,,82,0.6432944536209106,,94859
1.6728003025054932,,1.0992274284362793,,82,0.5735728144645691,,94869
1.7392733097076416,,1.1625475883483887,,82,0.5767256617546082,,94879
1.5457384586334229,,0.9541546702384949,,82,0.591583788394928,,94889
1.73923921585083,,1.112713098526001,,82,0.6265260577201843,,94899
1.8422733545303345,,1.0196832418441772,,82,0.8225901126861572,,94909
1.6597751379013062,,1.0489935874938965,,82,0.6107815504074097,,94919
1.4427025318145752,,0.9538829326629639,,82,0.48881953954696655,,94929
1.4400982856750488,,0.8573423027992249,,82,0.5827559232711792,,94939
1.6417193412780762,,1.0167930126190186,,82,0.6249263286590576,,94949
2.0640575885772705,,1.3072696924209595,,82,0.7567878365516663,,94959
1.751721739768982,,1.1084580421447754,,82,0.6432636976242065,,94969
1.783116102218628,,1.0852766036987305,,82,0.6978395581245422,,94979
1.7492841482162476,,1.0587481260299683,,82,0.6905360221862793,,94989
1.5017638206481934,,0.9467676877975464,,82,0.5549961924552917,,94999
1.664954423904419,,1.0284438133239746,,82,0.6365105509757996,,95009
1.7087066173553467,,1.0339446067810059,,82,0.6747620701789856,,95019
1.6928832530975342,,1.0173537731170654,,82,0.6755295395851135,,95029
1.500778317451477,,1.016176700592041,,82,0.48460158705711365,,95039
1.6140985488891602,,0.9464232921600342,,82,0.6676753163337708,,95049
1.7294517755508423,,1.0094642639160156,,82,0.7199875116348267,,95059
1.8174140453338623,,1.2663800716400146,,82,0.5510340332984924,,95069
1.6316711902618408,,1.0463346242904663,,82,0.5853365063667297,,95079
1.72803795337677,,1.1585819721221924,,82,0.5694559812545776,,95089
1.483546495437622,,0.9175243377685547,,82,0.5660220980644226,,95099
1.7088974714279175,,1.0010746717453003,,82,0.7078227996826172,,95109
1.620940923690796,,0.9648940563201904,,82,0.6560468077659607,,95119
1.6942667961120605,,1.0823464393615723,,82,0.6119203567504883,,95129
1.8355355262756348,,1.0591665506362915,,82,0.776369035243988,,95139
1.7324026823043823,,1.0171220302581787,,82,0.7152806520462036,,95149
1.6461902856826782,,1.028605580329895,,82,0.6175847053527832,,95159
1.5228527784347534,,0.9068988561630249,,82,0.6159539222717285,,95169
1.6082450151443481,,0.9769264459609985,,82,0.6313185691833496,,95179
1.5506479740142822,,0.9741381406784058,,82,0.5765098929405212,,95189
1.6059355735778809,,0.9458056688308716,,82,0.6601298451423645,,95199
1.426856517791748,,0.9113441705703735,,82,0.5155124068260193,,95209
1.621732473373413,,1.0373681783676147,,82,0.5843642354011536,,95219
1.9366888999938965,,1.2339637279510498,,82,0.7027251720428467,,95229
1.745888113975525,,1.058885097503662,,82,0.6870030164718628,,95239
1.5568206310272217,,0.9886492490768433,,82,0.5681714415550232,,95249
1.9941567182540894,,1.2293424606323242,,82,0.7648142576217651,,95259
1.9583208560943604,,1.3098771572113037,,82,0.6484437584877014,,95269
1.4843857288360596,,0.8992396593093872,,82,0.5851461291313171,,95279
1.7544102668762207,,1.0737234354019165,,82,0.6806868314743042,,95289
1.5194993019104004,,0.9746103882789612,,82,0.544888973236084,,95299
1.6114718914031982,,1.0726730823516846,,82,0.5387988686561584,,95309
1.6476190090179443,,1.0414977073669434,,82,0.6061213612556458,,95319
1.6546777486801147,,1.006002426147461,,82,0.6486753225326538,,95329
1.5800894498825073,,1.0532571077346802,,82,0.5268323421478271,,95339
1.9535514116287231,,1.2833999395370483,,82,0.6701514720916748,,95349
1.5545227527618408,,0.9459413290023804,,82,0.6085813641548157,,95359
1.617645502090454,,0.967545747756958,,82,0.6500996947288513,,95369
1.7914936542510986,,1.05989408493042,,82,0.7315995097160339,,95379
1.6294958591461182,,0.9731579422950745,,82,0.6563379168510437,,95389
1.867180347442627,,1.171082615852356,,82,0.6960976719856262,,95399
1.4153032302856445,,0.9146722555160522,,82,0.5006309151649475,,95409
1.7333667278289795,,0.9872642159461975,,82,0.746102511882782,,95419
1.743599534034729,,1.048032522201538,,82,0.6955670118331909,,95429
1.7765586376190186,,1.0339078903198242,,82,0.7426506876945496,,95439
1.670661211013794,,1.0152456760406494,,82,0.6554154753684998,,95449
1.71700918674469,,1.0265718698501587,,82,0.6904373168945312,,95459
1.6890223026275635,,1.0931169986724854,,82,0.5959053039550781,,95469
1.635312795639038,,0.9138142466545105,,82,0.7214984893798828,,95479
1.5729644298553467,,1.0519211292266846,,82,0.5210432410240173,,95489
1.5163822174072266,,0.9200338125228882,,82,0.5963484048843384,,95499
1.6464033126831055,,0.9689720869064331,,82,0.6774312853813171,,95509
1.7016973495483398,,1.0257952213287354,,82,0.6759020686149597,,95519
1.7479668855667114,,1.1065856218338013,,82,0.6413812637329102,,95529
1.692779541015625,,0.9951298236846924,,82,0.6976496577262878,,95539
1.6695020198822021,,1.0214571952819824,,82,0.6480448842048645,,95549
1.686126947402954,,1.0637519359588623,,82,0.6223750710487366,,95559
1.8710768222808838,,1.2174720764160156,,82,0.6536048054695129,,95569
1.5686143636703491,,1.0093073844909668,,82,0.5593069791793823,,95579
1.6905486583709717,,0.9769586324691772,,82,0.7135900259017944,,95589
1.7998614311218262,,1.080348253250122,,82,0.7195131778717041,,95599
1.7062722444534302,,0.9632624983787537,,82,0.7430097460746765,,95609
1.5462619066238403,,0.8933432102203369,,82,0.6529186964035034,,95619
1.5632330179214478,,0.9702938795089722,,82,0.5929391384124756,,95629
1.3662519454956055,,0.8840028047561646,,82,0.4822492003440857,,95639
1.5782747268676758,,1.026474952697754,,82,0.5517997741699219,,95649
1.769223690032959,,1.1226202249526978,,82,0.6466034650802612,,95659
1.5770381689071655,,1.0430735349655151,,82,0.5339646339416504,,95669
1.8393909931182861,,1.111088752746582,,82,0.7283022403717041,,95679
1.7357547283172607,,1.080631971359253,,82,0.6551227569580078,,95689
,1.6716032028198242,,1.0376724004745483,82,,0.6339308619499207,95698
1.676593542098999,,1.0308940410614014,,83,0.6456995010375977,,95699
1.4548749923706055,,0.9813908338546753,,83,0.47348418831825256,,95709
1.6748113632202148,,0.9139876365661621,,83,0.7608237862586975,,95719
1.4924778938293457,,0.9283415079116821,,83,0.5641363263130188,,95729
1.626678705215454,,0.978575587272644,,83,0.6481031775474548,,95739
1.4360079765319824,,0.8867949843406677,,83,0.5492129325866699,,95749
1.79989755153656,,1.1360268592834473,,83,0.6638706922531128,,95759
1.6868715286254883,,1.0253138542175293,,83,0.661557674407959,,95769
1.4575730562210083,,0.9255819916725159,,83,0.5319910645484924,,95779
1.9456475973129272,,1.194106101989746,,83,0.7515414953231812,,95789
1.7927284240722656,,1.0377246141433716,,83,0.755003809928894,,95799
1.9887876510620117,,1.2358183860778809,,83,0.7529693245887756,,95809
2.0735695362091064,,1.2745013236999512,,83,0.7990682721138,,95819
1.5542008876800537,,0.9971098303794861,,83,0.5570911169052124,,95829
1.511279821395874,,0.9224445819854736,,83,0.5888352990150452,,95839
1.9025094509124756,,1.1075654029846191,,83,0.7949439883232117,,95849
1.9097591638565063,,1.262181282043457,,83,0.6475778818130493,,95859
1.9676783084869385,,1.1874237060546875,,83,0.7802546620368958,,95869
2.0739498138427734,,1.2586817741394043,,83,0.8152681589126587,,95879
1.5812294483184814,,0.9273909330368042,,83,0.6538385152816772,,95889
1.6931371688842773,,1.0057036876678467,,83,0.6874335408210754,,95899
2.170466423034668,,1.3562772274017334,,83,0.8141891360282898,,95909
1.5475327968597412,,1.0360304117202759,,83,0.5115023255348206,,95919
1.6743755340576172,,1.0501701831817627,,83,0.6242053508758545,,95929
2.2007949352264404,,1.3195371627807617,,83,0.8812577128410339,,95939
1.9353320598602295,,1.1449494361877441,,83,0.7903826832771301,,95949
1.8217275142669678,,1.057663917541504,,83,0.7640635967254639,,95959
1.576524019241333,,0.9538992047309875,,83,0.6226248741149902,,95969
1.4016307592391968,,0.888080894947052,,83,0.5135498642921448,,95979
1.4879990816116333,,0.875356137752533,,83,0.6126429438591003,,95989
1.7443495988845825,,1.1451687812805176,,83,0.5991808176040649,,95999
1.6490402221679688,,1.0682878494262695,,83,0.580752432346344,,96009
1.7697193622589111,,1.0985140800476074,,83,0.6712053418159485,,96019
1.7845523357391357,,1.1415863037109375,,83,0.6429659724235535,,96029
1.5136098861694336,,0.9056711196899414,,83,0.6079387068748474,,96039
1.6695477962493896,,1.1633950471878052,,83,0.5061526894569397,,96049
1.8986796140670776,,1.1638271808624268,,83,0.7348524332046509,,96059
1.77937650680542,,1.2210149765014648,,83,0.5583615303039551,,96069
1.8940523862838745,,1.1942863464355469,,83,0.6997660398483276,,96079
1.9394023418426514,,1.1287381649017334,,83,0.810664176940918,,96089
1.4114971160888672,,0.9487829804420471,,83,0.46271413564682007,,96099
1.5969476699829102,,0.9321302175521851,,83,0.6648174524307251,,96109
1.5169048309326172,,1.027319312095642,,83,0.4895855784416199,,96119
2.089411735534668,,1.313419222831726,,83,0.7759925723075867,,96129
1.7786200046539307,,1.0273795127868652,,83,0.7512405514717102,,96139
1.4103889465332031,,0.853007435798645,,83,0.5573815703392029,,96149
1.6157286167144775,,0.9157471656799316,,83,0.6999813914299011,,96159
1.4503014087677002,,0.9152806401252747,,83,0.5350208282470703,,96169
1.9794330596923828,,1.228649616241455,,83,0.7507835030555725,,96179
1.6739840507507324,,1.1675090789794922,,83,0.506475031375885,,96189
1.687633991241455,,0.9548232555389404,,83,0.7328107953071594,,96199
1.717787504196167,,1.0730721950531006,,83,0.6447152495384216,,96209
1.7515645027160645,,1.1404290199279785,,83,0.6111355423927307,,96219
1.6460249423980713,,1.0573774576187134,,83,0.5886474847793579,,96229
1.9897205829620361,,1.2178853750228882,,83,0.771835207939148,,96239
1.756511926651001,,1.0136100053787231,,83,0.7429019212722778,,96249
1.6063145399093628,,1.0458751916885376,,83,0.5604393482208252,,96259
1.7460241317749023,,1.023165225982666,,83,0.7228588461875916,,96269
1.7958029508590698,,1.05198335647583,,83,0.7438195943832397,,96279
1.9151036739349365,,1.2132313251495361,,83,0.7018724083900452,,96289
1.6442418098449707,,1.0888400077819824,,83,0.5554018616676331,,96299
1.8011702299118042,,1.0998210906982422,,83,0.701349139213562,,96309
1.6616597175598145,,1.0231701135635376,,83,0.6384896039962769,,96319
2.1384685039520264,,1.2265839576721191,,83,0.9118844866752625,,96329
1.5245108604431152,,0.9553648233413696,,83,0.5691460967063904,,96339
2.003574848175049,,1.276038408279419,,83,0.7275365591049194,,96349
1.483611822128296,,0.937800407409668,,83,0.5458114147186279,,96359
2.296370506286621,,1.530174732208252,,83,0.7661956548690796,,96369
2.0705039501190186,,1.2948858737945557,,83,0.7756181359291077,,96379
1.7761943340301514,,1.135148048400879,,83,0.6410463452339172,,96389
2.136164903640747,,1.2765746116638184,,83,0.8595902323722839,,96399
1.4354918003082275,,0.9298814535140991,,83,0.5056104063987732,,96409
1.8373677730560303,,1.160219430923462,,83,0.6771484017372131,,96419
1.9650485515594482,,1.2218201160430908,,83,0.7432284355163574,,96429
1.698257327079773,,1.0633039474487305,,83,0.6349533796310425,,96439
1.901511549949646,,1.0932036638259888,,83,0.8083078861236572,,96449
1.4681854248046875,,0.9172422885894775,,83,0.5509431958198547,,96459
1.8994076251983643,,1.1634242534637451,,83,0.7359833121299744,,96469
1.5494390726089478,,0.9492056369781494,,83,0.6002334356307983,,96479
1.8268537521362305,,1.0491337776184082,,83,0.777720034122467,,96489
1.615208625793457,,0.9650444388389587,,83,0.6501641869544983,,96499
1.7567521333694458,,1.0817139148712158,,83,0.67503821849823,,96509
1.6422333717346191,,1.0263066291809082,,83,0.6159267425537109,,96519
1.5238447189331055,,0.9748850464820862,,83,0.5489596128463745,,96529
2.207120418548584,,1.200796127319336,,83,1.0063244104385376,,96539
1.6421048641204834,,1.0237746238708496,,83,0.618330180644989,,96549
1.7544724941253662,,1.0912470817565918,,83,0.6632253527641296,,96559
1.655611515045166,,1.0514822006225586,,83,0.6041293144226074,,96569
1.5573617219924927,,0.952020525932312,,83,0.6053411960601807,,96579
1.5270971059799194,,1.0189337730407715,,83,0.508163332939148,,96589
1.7179811000823975,,1.0004029273986816,,83,0.717578113079071,,96599
1.728105068206787,,1.0794090032577515,,83,0.6486961245536804,,96609
1.5162010192871094,,0.9166468381881714,,83,0.5995542407035828,,96619
1.8700711727142334,,1.1765949726104736,,83,0.693476140499115,,96629
1.9151089191436768,,1.1908878087997437,,83,0.7242211699485779,,96639
1.6370792388916016,,1.004173755645752,,83,0.6329054236412048,,96649
1.5669968128204346,,0.9695600867271423,,83,0.5974367260932922,,96659
1.433135747909546,,0.9146755933761597,,83,0.518460214138031,,96669
1.507888913154602,,0.997939944267273,,83,0.5099489688873291,,96679
1.4042272567749023,,0.9017729759216309,,83,0.5024542808532715,,96689
1.7245374917984009,,1.057018756866455,,83,0.6675187349319458,,96699
1.817375659942627,,1.1341800689697266,,83,0.6831955909729004,,96709
1.5235953330993652,,0.972865879535675,,83,0.550729513168335,,96719
1.74131441116333,,1.0612213611602783,,83,0.6800930500030518,,96729
1.490846872329712,,0.8896518349647522,,83,0.6011949777603149,,96739
1.6029274463653564,,0.9830292463302612,,83,0.6198981404304504,,96749
1.60506010055542,,1.04070246219635,,83,0.5643576383590698,,96759
1.7392449378967285,,1.038318395614624,,83,0.7009266018867493,,96769
1.6585333347320557,,1.0505566596984863,,83,0.6079767346382141,,96779
1.5183043479919434,,0.9149707555770874,,83,0.6033336520195007,,96789
1.8144618272781372,,1.0382671356201172,,83,0.77619469165802,,96799
1.6288576126098633,,0.9283910989761353,,83,0.7004665732383728,,96809
1.7782546281814575,,1.1008656024932861,,83,0.6773890256881714,,96819
1.5931220054626465,,0.9385374188423157,,83,0.6545845866203308,,96829
1.5229518413543701,,0.8878182768821716,,83,0.6351335048675537,,96839
1.8430335521697998,,1.0818040370941162,,83,0.7612295150756836,,96849
,1.6800860166549683,,1.0375112295150757,83,,0.6425747871398926,96851
1.5277197360992432,,0.9296219348907471,,84,0.5980978608131409,,96859
1.8857295513153076,,1.2209925651550293,,84,0.6647369861602783,,96869
1.5732693672180176,,0.9251567721366882,,84,0.6481125354766846,,96879
1.6955386400222778,,1.0035851001739502,,84,0.6919535398483276,,96889
1.6999244689941406,,1.0436365604400635,,84,0.6562879681587219,,96899
1.8233155012130737,,1.1365132331848145,,84,0.6868022680282593,,96909
1.8232934474945068,,1.13870108127594,,84,0.6845924258232117,,96919
1.726056456565857,,1.0116968154907227,,84,0.7143596410751343,,96929
1.6421583890914917,,1.0667409896850586,,84,0.5754173994064331,,96939
1.4617316722869873,,0.9498322010040283,,84,0.5118995308876038,,96949
1.6928600072860718,,1.1073940992355347,,84,0.5854659080505371,,96959
1.9986975193023682,,1.222612738609314,,84,0.7760847806930542,,96969
1.536987543106079,,0.9870223999023438,,84,0.5499650835990906,,96979
1.3994300365447998,,0.9119154214859009,,84,0.48751458525657654,,96989
1.7479591369628906,,1.110953450202942,,84,0.6370057463645935,,96999
1.5819592475891113,,0.9553927779197693,,84,0.6265665292739868,,97009
1.6479694843292236,,0.9536809921264648,,84,0.694288432598114,,97019
1.6753603219985962,,0.9538499712944031,,84,0.7215103507041931,,97029
1.6836986541748047,,1.0472841262817383,,84,0.6364145874977112,,97039
1.8125932216644287,,1.0643222332000732,,84,0.7482710480690002,,97049
1.8169043064117432,,1.0596665143966675,,84,0.7572377920150757,,97059
1.689884901046753,,0.966391921043396,,84,0.7234929800033569,,97069
1.5664646625518799,,0.9467946290969849,,84,0.6196700930595398,,97079
1.3692930936813354,,0.930288553237915,,84,0.439004510641098,,97089
1.797132134437561,,0.9658361673355103,,84,0.8312959671020508,,97099
1.5061442852020264,,0.881885290145874,,84,0.6242589354515076,,97109
1.4963773488998413,,0.9317236542701721,,84,0.5646536946296692,,97119
1.5369205474853516,,0.9201837778091431,,84,0.6167367696762085,,97129
1.6545591354370117,,1.0383164882659912,,84,0.6162425875663757,,97139
1.5294206142425537,,0.9316245317459106,,84,0.5977961421012878,,97149
1.4198379516601562,,0.8854130506515503,,84,0.5344249606132507,,97159
1.5491492748260498,,0.9262056350708008,,84,0.6229436993598938,,97169
1.5898865461349487,,0.9401501417160034,,84,0.6497364044189453,,97179
1.5195958614349365,,0.9732653498649597,,84,0.5463305711746216,,97189
1.6636528968811035,,1.0069421529769897,,84,0.656710684299469,,97199
1.6389150619506836,,0.9459226727485657,,84,0.6929923892021179,,97209
1.7553622722625732,,1.1702959537506104,,84,0.5850662589073181,,97219
1.3596899509429932,,0.8891398310661316,,84,0.47055014967918396,,97229
1.5649387836456299,,0.9867138862609863,,84,0.5782248377799988,,97239
1.6789016723632812,,0.9971129894256592,,84,0.6817886233329773,,97249
1.6176413297653198,,0.9718121290206909,,84,0.6458292007446289,,97259
2.0579206943511963,,1.2778961658477783,,84,0.7800245881080627,,97269
1.5953288078308105,,0.9949713349342346,,84,0.6003575325012207,,97279
1.8436437845230103,,1.1708548069000244,,84,0.6727889776229858,,97289
1.5711448192596436,,0.9622174501419067,,84,0.608927309513092,,97299
1.8055040836334229,,1.154386281967163,,84,0.6511178612709045,,97309
1.716928243637085,,0.9654519557952881,,84,0.7514762878417969,,97319
1.5514737367630005,,1.009354591369629,,84,0.5421191453933716,,97329
1.7221331596374512,,1.0839601755142212,,84,0.6381730437278748,,97339
2.114163637161255,,1.253064751625061,,84,0.8610988259315491,,97349
1.4799398183822632,,0.892951488494873,,84,0.5869883298873901,,97359
1.6188392639160156,,0.944713830947876,,84,0.6741254329681396,,97369
1.5783615112304688,,0.9808223247528076,,84,0.5975392460823059,,97379
1.7494258880615234,,1.006589412689209,,84,0.7428364157676697,,97389
1.6658552885055542,,1.056924819946289,,84,0.6089304685592651,,97399
1.3536040782928467,,0.8501414656639099,,84,0.503462553024292,,97409
2.010960102081299,,1.224771499633789,,84,0.7861884832382202,,97419
1.7310277223587036,,1.1001920700073242,,84,0.6308356523513794,,97429
1.719741702079773,,1.1155619621276855,,84,0.6041797399520874,,97439
1.6644282341003418,,1.1283596754074097,,84,0.5360685586929321,,97449
1.8755230903625488,,1.1780955791473389,,84,0.69742751121521,,97459
1.4595720767974854,,0.865540623664856,,84,0.5940315127372742,,97469
1.4848133325576782,,0.919966459274292,,84,0.5648468732833862,,97479
1.7177231311798096,,1.0370702743530273,,84,0.6806527972221375,,97489
2.066812515258789,,1.1340620517730713,,84,0.932750403881073,,97499
1.441602349281311,,0.8922224044799805,,84,0.5493799448013306,,97509
1.6653990745544434,,0.9328169226646423,,84,0.732582151889801,,97519
1.6593692302703857,,1.1174615621566772,,84,0.5419076681137085,,97529
1.600496768951416,,1.0226948261260986,,84,0.5778018832206726,,97539
1.68998122215271,,0.9274662733078003,,84,0.7625149488449097,,97549
1.6026270389556885,,1.0026779174804688,,84,0.599949061870575,,97559
1.6858172416687012,,1.0647432804107666,,84,0.6210739016532898,,97569
1.7987624406814575,,1.0214800834655762,,84,0.7772823572158813,,97579
1.4647462368011475,,0.8922642469406128,,84,0.5724820494651794,,97589
1.9158780574798584,,1.1745437383651733,,84,0.7413343191146851,,97599
1.871304988861084,,1.1198574304580688,,84,0.7514475584030151,,97609
1.5573515892028809,,0.9878990054130554,,84,0.5694525837898254,,97619
1.7781312465667725,,1.0373668670654297,,84,0.740764319896698,,97629
1.8060059547424316,,1.0736244916915894,,84,0.7323814034461975,,97639
1.4811265468597412,,0.9499466419219971,,84,0.5311799049377441,,97649
1.6327810287475586,,1.0221736431121826,,84,0.6106073260307312,,97659
1.9360990524291992,,1.1564631462097168,,84,0.7796359658241272,,97669
1.450045108795166,,0.8858580589294434,,84,0.5641869902610779,,97679
1.870272159576416,,1.0333755016326904,,84,0.8368966579437256,,97689
1.849542498588562,,1.0585861206054688,,84,0.7909563779830933,,97699
1.5823951959609985,,1.0130140781402588,,84,0.5693811178207397,,97709
1.6959408521652222,,1.0728847980499268,,84,0.6230560541152954,,97719
1.4996302127838135,,0.9949026107788086,,84,0.5047275424003601,,97729
1.7402050495147705,,1.0613895654678345,,84,0.678815484046936,,97739
1.4566031694412231,,0.9367972612380981,,84,0.519805908203125,,97749
1.5822439193725586,,1.0008599758148193,,84,0.5813839435577393,,97759
1.6184930801391602,,0.9986739158630371,,84,0.619819164276123,,97769
1.7320530414581299,,1.08439302444458,,84,0.6476600766181946,,97779
1.823592185974121,,1.1209049224853516,,84,0.7026872634887695,,97789
1.5740455389022827,,0.9503946304321289,,84,0.6236509084701538,,97799
1.63201904296875,,1.026200771331787,,84,0.6058182716369629,,97809
1.6825599670410156,,0.9788632392883301,,84,0.7036966681480408,,97819
1.7782399654388428,,1.0774250030517578,,84,0.700814962387085,,97829
1.62623929977417,,1.0408391952514648,,84,0.5854000449180603,,97839
1.3871715068817139,,0.8634544014930725,,84,0.5237171053886414,,97849
2.110726833343506,,1.2321791648864746,,84,0.8785476684570312,,97859
1.6743390560150146,,1.021270513534546,,84,0.6530685424804688,,97869
1.4029752016067505,,0.9125070571899414,,84,0.49046817421913147,,97879
1.6898071765899658,,1.1268690824508667,,84,0.5629380941390991,,97889
1.7100590467453003,,1.0340955257415771,,84,0.6759635210037231,,97899
1.6512469053268433,,0.9920886754989624,,84,0.6591582298278809,,97909
1.7426669597625732,,1.0984078645706177,,84,0.6442591547966003,,97919
1.627779245376587,,0.9357870221138,,84,0.6919921636581421,,97929
1.8617937564849854,,1.1681077480316162,,84,0.6936860680580139,,97939
1.6376316547393799,,1.03579843044281,,84,0.6018332242965698,,97949
1.7388529777526855,,1.1005022525787354,,84,0.6383506655693054,,97959
1.690359115600586,,0.9637081027030945,,84,0.7266510128974915,,97969
1.7119965553283691,,1.0018115043640137,,84,0.7101851105690002,,97979
1.6247551441192627,,0.9988254308700562,,84,0.6259297132492065,,97989
1.660078763961792,,1.0378096103668213,,84,0.6222690939903259,,97999
,1.6551588773727417,,1.0172415971755981,84,,0.637917160987854,98004
1.5750982761383057,,0.9383066892623901,,85,0.6367916464805603,,98009
1.5633180141448975,,1.005234718322754,,85,0.5580833554267883,,98019
1.6146217584609985,,1.0397727489471436,,85,0.574849009513855,,98029
1.4053200483322144,,0.8285561800003052,,85,0.5767638683319092,,98039
1.4690802097320557,,0.9357739686965942,,85,0.5333063006401062,,98049
1.5051109790802002,,0.9179165959358215,,85,0.5871943235397339,,98059
1.2706429958343506,,0.8531230688095093,,85,0.4175199866294861,,98069
1.8124878406524658,,1.1411749124526978,,85,0.6713128685951233,,98079
2.0131592750549316,,1.2355093955993652,,85,0.7776499390602112,,98089
1.6446847915649414,,1.0100101232528687,,85,0.6346747279167175,,98099
1.4591867923736572,,0.8686230778694153,,85,0.5905636548995972,,98109
1.4656405448913574,,0.9052200317382812,,85,0.560420572757721,,98119
1.8589513301849365,,1.179139256477356,,85,0.6798120737075806,,98129
1.4912757873535156,,0.9667993783950806,,85,0.5244764089584351,,98139
1.6902942657470703,,1.0445350408554077,,85,0.6457592248916626,,98149
1.7641572952270508,,1.058163046836853,,85,0.7059942483901978,,98159
2.2252063751220703,,1.3169829845428467,,85,0.9082233905792236,,98169
1.470767855644226,,0.9057891964912415,,85,0.5649786591529846,,98179
1.5408858060836792,,0.9734196662902832,,85,0.567466139793396,,98189
1.6070585250854492,,0.9551792740821838,,85,0.6518791913986206,,98199
1.7910290956497192,,1.0941708087921143,,85,0.696858286857605,,98209
1.5864278078079224,,1.0236225128173828,,85,0.5628052949905396,,98219
1.4542298316955566,,0.8384429812431335,,85,0.6157867908477783,,98229
1.7709627151489258,,1.1448042392730713,,85,0.6261584758758545,,98239
1.8584315776824951,,1.119109869003296,,85,0.739321768283844,,98249
1.51938796043396,,0.9763919115066528,,85,0.5429961085319519,,98259
1.7410553693771362,,1.0694093704223633,,85,0.671645998954773,,98269
2.0841856002807617,,1.2977042198181152,,85,0.7864812612533569,,98279
1.6699552536010742,,1.0216803550720215,,85,0.6482748985290527,,98289
1.805511713027954,,1.1302313804626465,,85,0.6752803325653076,,98299
2.142622470855713,,1.3554266691207886,,85,0.7871957421302795,,98309
1.7160487174987793,,1.0091500282287598,,85,0.7068987488746643,,98319
1.3329384326934814,,0.8401116132736206,,85,0.49282681941986084,,98329
1.352959156036377,,0.8214273452758789,,85,0.5315318703651428,,98339
1.5844557285308838,,0.9631181359291077,,85,0.6213375926017761,,98349
1.5632731914520264,,0.8839308023452759,,85,0.6793423891067505,,98359
1.3689064979553223,,0.8349729776382446,,85,0.5339334607124329,,98369
1.5634393692016602,,0.9985056519508362,,85,0.5649336576461792,,98379
1.4983470439910889,,0.9079782962799072,,85,0.5903687477111816,,98389
1.4340929985046387,,0.8201574087142944,,85,0.613935649394989,,98399
1.8567171096801758,,1.0832271575927734,,85,0.7734900116920471,,98409
1.612897276878357,,1.03750741481781,,85,0.5753898620605469,,98419
1.9182178974151611,,1.1893590688705444,,85,0.7288588881492615,,98429
1.5434719324111938,,0.9256676435470581,,85,0.6178042888641357,,98439
1.7740339040756226,,1.1533958911895752,,85,0.6206380128860474,,98449
1.7016429901123047,,1.071251392364502,,85,0.6303916573524475,,98459
1.820969820022583,,1.0572559833526611,,85,0.7637137770652771,,98469
1.692652702331543,,1.0765388011932373,,85,0.6161138415336609,,98479
1.5050578117370605,,0.928881049156189,,85,0.5761768221855164,,98489
1.5125420093536377,,0.9344097971916199,,85,0.578132152557373,,98499
1.8799771070480347,,1.1510248184204102,,85,0.7289522886276245,,98509
1.435651421546936,,0.9184349775314331,,85,0.5172164440155029,,98519
1.7210928201675415,,1.072363257408142,,85,0.6487295627593994,,98529
1.6984052658081055,,1.1232835054397583,,85,0.5751217007637024,,98539
1.5913766622543335,,0.954870879650116,,85,0.6365057826042175,,98549
1.6138211488723755,,1.0087651014328003,,85,0.6050560474395752,,98559
1.594550609588623,,0.9969481825828552,,85,0.5976024270057678,,98569
1.849430799484253,,1.1266322135925293,,85,0.7227985858917236,,98579
1.8990694284439087,,1.1749799251556396,,85,0.724089503288269,,98589
1.807193398475647,,1.1539795398712158,,85,0.6532138586044312,,98599
1.5029451847076416,,0.8424558639526367,,85,0.6604893207550049,,98609
1.6010680198669434,,1.0008695125579834,,85,0.6001985669136047,,98619
1.7020591497421265,,1.0905559062957764,,85,0.6115032434463501,,98629
1.7031893730163574,,1.1252027750015259,,85,0.5779866576194763,,98639
1.6235074996948242,,1.0218696594238281,,85,0.6016378998756409,,98649
1.619175672531128,,0.986082911491394,,85,0.6330927610397339,,98659
1.7606394290924072,,1.0317045450210571,,85,0.7289349436759949,,98669
1.4483648538589478,,0.9240009784698486,,85,0.5243638753890991,,98679
1.5583319664001465,,0.9845017194747925,,85,0.573830246925354,,98689
1.8056864738464355,,1.1781119108200073,,85,0.627574622631073,,98699
1.5492980480194092,,0.9399177432060242,,85,0.6093802452087402,,98709
1.4883702993392944,,0.9245911836624146,,85,0.5637791156768799,,98719
1.6537692546844482,,0.9210574626922607,,85,0.7327117919921875,,98729
1.6237884759902954,,0.9870421886444092,,85,0.6367462873458862,,98739
1.8014066219329834,,1.2320650815963745,,85,0.5693415999412537,,98749
1.892580270767212,,1.1401078701019287,,85,0.752472460269928,,98759
1.9760091304779053,,1.115548849105835,,85,0.8604602813720703,,98769
1.4688630104064941,,0.8748811483383179,,85,0.5939818620681763,,98779
1.279021978378296,,0.8283082246780396,,85,0.45071372389793396,,98789
1.7873879671096802,,1.076284646987915,,85,0.7111033201217651,,98799
1.8829355239868164,,1.2607994079589844,,85,0.6221360564231873,,98809
1.3298625946044922,,0.8704125881195068,,85,0.45944997668266296,,98819
1.475045919418335,,0.8751519322395325,,85,0.5998939275741577,,98829
1.5802881717681885,,1.0343711376190186,,85,0.5459169745445251,,98839
1.821549892425537,,1.0812255144119263,,85,0.7403243184089661,,98849
1.3682947158813477,,0.7899428009986877,,85,0.5783519148826599,,98859
1.74849534034729,,1.0042511224746704,,85,0.7442442178726196,,98869
1.6396148204803467,,1.010007381439209,,85,0.6296073794364929,,98879
1.5491746664047241,,0.9182255268096924,,85,0.6309491395950317,,98889
1.909148931503296,,1.1196651458740234,,85,0.7894837260246277,,98899
1.4713398218154907,,0.8929752111434937,,85,0.5783646106719971,,98909
1.8686573505401611,,1.2755060195922852,,85,0.5931512713432312,,98919
1.7934796810150146,,1.0849289894104004,,85,0.7085506319999695,,98929
1.4745597839355469,,0.900912880897522,,85,0.5736468434333801,,98939
1.6789729595184326,,1.0205721855163574,,85,0.6584007143974304,,98949
1.7857110500335693,,1.0067174434661865,,85,0.7789936661720276,,98959
1.7077161073684692,,1.0479985475540161,,85,0.6597175598144531,,98969
1.652721881866455,,0.9904704093933105,,85,0.6622514724731445,,98979
1.8832509517669678,,1.0799357891082764,,85,0.8033152222633362,,98989
1.526062250137329,,0.9818089008331299,,85,0.544253408908844,,98999
2.0582847595214844,,1.178231120109558,,85,0.880053699016571,,99009
1.6880431175231934,,1.0032317638397217,,85,0.6848113536834717,,99019
1.730982780456543,,0.9839582443237305,,85,0.7470244765281677,,99029
2.0161523818969727,,1.2367844581604004,,85,0.7793679237365723,,99039
1.3971073627471924,,0.9004018902778625,,85,0.4967055022716522,,99049
1.4399893283843994,,0.8966096639633179,,85,0.5433796644210815,,99059
1.656919240951538,,0.9926352500915527,,85,0.6642839908599854,,99069
1.7772870063781738,,1.038983702659607,,85,0.7383033633232117,,99079
1.722254991531372,,1.0844054222106934,,85,0.6378496289253235,,99089
1.495158314704895,,0.9698246717453003,,85,0.5253336429595947,,99099
1.8560432195663452,,1.1362236738204956,,85,0.7198195457458496,,99109
1.7070636749267578,,0.9936282634735107,,85,0.7134353518486023,,99119
1.366654634475708,,0.7855031490325928,,85,0.58115154504776,,99129
1.4443583488464355,,0.8437366485595703,,85,0.60062175989151,,99139
1.6857795715332031,,1.0683376789093018,,85,0.6174418926239014,,99149
,1.651110053062439,,1.0094196796417236,85,,0.6416903734207153,99157
1.5899407863616943,,0.8016522526741028,,86,0.7882884740829468,,99159
1.4956542253494263,,0.9305652379989624,,86,0.5650889873504639,,99169
1.6923432350158691,,1.1636196374893188,,86,0.5287235379219055,,99179
1.7778456211090088,,1.0230281352996826,,86,0.754817545413971,,99189
1.6573569774627686,,1.0903271436691284,,86,0.5670297741889954,,99199
1.366880178451538,,0.8182141184806824,,86,0.5486661195755005,,99209
1.4962613582611084,,0.9506462812423706,,86,0.5456150770187378,,99219
1.7876216173171997,,1.0636804103851318,,86,0.7239412069320679,,99229
1.5077553987503052,,1.0150365829467773,,86,0.49271878600120544,,99239
1.8339849710464478,,1.0954792499542236,,86,0.7385057210922241,,99249
1.8673336505889893,,1.0874300003051758,,86,0.7799035906791687,,99259
1.8216636180877686,,1.074183464050293,,86,0.7474800944328308,,99269
1.5896562337875366,,0.9814600944519043,,86,0.6081961393356323,,99279
1.929154872894287,,1.2439827919006348,,86,0.6851720213890076,,99289
2.018728733062744,,1.164093255996704,,86,0.8546353578567505,,99299
1.3609387874603271,,0.916630744934082,,86,0.4443080425262451,,99309
1.4417983293533325,,0.8648817539215088,,86,0.5769165754318237,,99319
1.6126874685287476,,1.0648682117462158,,86,0.5478192567825317,,99329
1.7598322629928589,,1.1163151264190674,,86,0.6435171365737915,,99339
1.4720637798309326,,0.8831359148025513,,86,0.5889278054237366,,99349
1.6515414714813232,,1.0490103960037231,,86,0.6025310158729553,,99359
1.7980880737304688,,1.113114833831787,,86,0.6849732995033264,,99369
1.657805323600769,,0.9597792625427246,,86,0.6980260610580444,,99379
1.5546350479125977,,0.932545006275177,,86,0.6220901012420654,,99389
1.5056989192962646,,0.9608689546585083,,86,0.5448299050331116,,99399
1.6132336854934692,,0.9052022695541382,,86,0.708031415939331,,99409
1.6290665864944458,,0.973742663860321,,86,0.6553239226341248,,99419
1.6904289722442627,,1.0589245557785034,,86,0.631504476070404,,99429
1.4130748510360718,,0.8028397560119629,,86,0.6102350950241089,,99439
1.7656676769256592,,1.1170413494110107,,86,0.6486263871192932,,99449
1.3725850582122803,,0.8503244519233704,,86,0.5222606658935547,,99459
1.3576412200927734,,0.7708171606063843,,86,0.5868241190910339,,99469
1.556809663772583,,0.9513342976570129,,86,0.6054753065109253,,99479
1.7066948413848877,,1.0387589931488037,,86,0.6679359078407288,,99489
1.611891508102417,,1.0452172756195068,,86,0.5666742920875549,,99499
1.5276894569396973,,1.0204728841781616,,86,0.5072165131568909,,99509
1.6604835987091064,,1.0503216981887817,,86,0.6101619601249695,,99519
1.6423330307006836,,1.0903210639953613,,86,0.5520119667053223,,99529
1.6024107933044434,,0.8966314792633057,,86,0.7057792544364929,,99539
1.3806588649749756,,0.8790513277053833,,86,0.5016075968742371,,99549
1.7425649166107178,,0.9871517419815063,,86,0.7554131746292114,,99559
1.4867281913757324,,0.952018678188324,,86,0.5347094535827637,,99569
1.7239305973052979,,1.0636982917785645,,86,0.6602322459220886,,99579
1.7685612440109253,,0.9918206334114075,,86,0.7767406105995178,,99589
1.4061806201934814,,0.7752519249916077,,86,0.6309287548065186,,99599
1.4086251258850098,,0.9522629380226135,,86,0.45636218786239624,,99609
1.6645320653915405,,1.0379769802093506,,86,0.6265550851821899,,99619
1.599825143814087,,0.8998786211013794,,86,0.6999464631080627,,99629
1.6482207775115967,,1.0195778608322144,,86,0.6286428570747375,,99639
2.0171477794647217,,1.2404093742370605,,86,0.7767384052276611,,99649
1.6925313472747803,,0.9831444621086121,,86,0.709386944770813,,99659
1.6421676874160767,,1.016708493232727,,86,0.6254591941833496,,99669
1.5800776481628418,,0.9802025556564331,,86,0.5998750925064087,,99679
1.5471124649047852,,0.9722068905830383,,86,0.5749056339263916,,99689
1.46514892578125,,0.8941115140914917,,86,0.5710374712944031,,99699
1.5271494388580322,,0.8305379748344421,,86,0.6966115236282349,,99709
1.8873364925384521,,1.1529978513717651,,86,0.7343385815620422,,99719
1.5288047790527344,,0.8910250663757324,,86,0.6377797722816467,,99729
1.755070686340332,,1.0807714462280273,,86,0.6742992401123047,,99739
1.507798433303833,,0.8783206939697266,,86,0.6294776797294617,,99749
1.9093983173370361,,1.1208863258361816,,86,0.7885120511054993,,99759
1.7375857830047607,,1.0910813808441162,,86,0.6465044617652893,,99769
1.7327497005462646,,1.1030192375183105,,86,0.6297305226325989,,99779
1.7446287870407104,,1.103132724761963,,86,0.6414960622787476,,99789
1.9541380405426025,,1.0704323053359985,,86,0.883705735206604,,99799
1.8037071228027344,,1.1666513681411743,,86,0.6370557546615601,,99809
1.3832287788391113,,0.8836530447006226,,86,0.4995757043361664,,99819
1.6735131740570068,,0.9754523038864136,,86,0.6980608105659485,,99829
1.743442177772522,,0.9975253939628601,,86,0.7459167838096619,,99839
1.7842272520065308,,1.0707968473434448,,86,0.7134304046630859,,99849
1.7167530059814453,,1.0565953254699707,,86,0.6601576805114746,,99859
1.8621532917022705,,1.0709067583084106,,86,0.7912464737892151,,99869
1.6237313747406006,,0.967066764831543,,86,0.6566646695137024,,99879
1.5879894495010376,,0.9810125827789307,,86,0.6069768667221069,,99889
1.878354549407959,,1.025761365890503,,86,0.852593183517456,,99899
1.5709707736968994,,0.9885052442550659,,86,0.5824655294418335,,99909
1.8297343254089355,,0.9962921142578125,,86,0.833442211151123,,99919
1.2690510749816895,,0.7667531967163086,,86,0.5022978782653809,,99929
1.3858145475387573,,0.8157451748847961,,86,0.5700693726539612,,99939
1.6230931282043457,,0.9567722082138062,,86,0.6663209199905396,,99949
1.3951208591461182,,0.8510904908180237,,86,0.5440304279327393,,99959
1.740685224533081,,1.0856339931488037,,86,0.6550511717796326,,99969
1.4331018924713135,,0.8305022716522217,,86,0.6025996208190918,,99979
1.945674180984497,,1.0437201261520386,,86,0.9019540548324585,,99989
1.8718113899230957,,1.014065146446228,,86,0.8577462434768677,,99999
1.6308434009552002,,0.9792221784591675,,86,0.6516211628913879,,100009
1.8925848007202148,,1.0774446725845337,,86,0.8151401877403259,,100019
1.3448847532272339,,0.8567078113555908,,86,0.48817694187164307,,100029
1.8251965045928955,,1.0651626586914062,,86,0.760033905506134,,100039
1.6046454906463623,,0.965468168258667,,86,0.6391772627830505,,100049
1.8250281810760498,,1.0574240684509277,,86,0.7676041126251221,,100059
1.8025031089782715,,0.989607572555542,,86,0.8128955960273743,,100069
1.8251516819000244,,1.121025800704956,,86,0.7041259407997131,,100079
1.6502735614776611,,0.9891267418861389,,86,0.6611467599868774,,100089
1.5006556510925293,,0.8882380127906799,,86,0.6124175786972046,,100099
1.8794710636138916,,1.1302562952041626,,86,0.7492147088050842,,100109
1.4472064971923828,,0.8831597566604614,,86,0.5640467405319214,,100119
1.386436104774475,,0.8869085311889648,,86,0.49952757358551025,,100129
1.568160057067871,,0.9629241228103638,,86,0.6052359938621521,,100139
1.6257520914077759,,0.8713658452033997,,86,0.7543862462043762,,100149
1.5171306133270264,,0.962823748588562,,86,0.5543068647384644,,100159
1.928548812866211,,1.2675158977508545,,86,0.6610328555107117,,100169
1.5522284507751465,,0.9267475605010986,,86,0.6254808306694031,,100179
1.5664247274398804,,1.057375192642212,,86,0.5090495347976685,,100189
1.8846495151519775,,1.272276520729065,,86,0.6123729348182678,,100199
1.563356637954712,,1.004767894744873,,86,0.5585888028144836,,100209
1.667012095451355,,0.9654020071029663,,86,0.7016100883483887,,100219
1.5301532745361328,,0.951000988483429,,86,0.5791523456573486,,100229
1.346165418624878,,0.8702554106712341,,86,0.4759099781513214,,100239
1.4335963726043701,,0.9387063980102539,,86,0.49488991498947144,,100249
1.7950761318206787,,1.0945290327072144,,86,0.7005471587181091,,100259
1.5491745471954346,,0.998989462852478,,86,0.5501850843429565,,100269
1.6847264766693115,,0.9920024871826172,,86,0.6927240490913391,,100279
1.2633445262908936,,0.7682968378067017,,86,0.4950476288795471,,100289
1.5317903757095337,,0.8237581849098206,,86,0.7080321907997131,,100299
1.5741081237792969,,0.9985633492469788,,86,0.5755447745323181,,100309
,1.6317921876907349,,0.9884557127952576,86,,0.6433364152908325,100310
1.6672077178955078,,0.9580750465393066,,87,0.709132730960846,,100319
1.8015949726104736,,1.075610637664795,,87,0.7259843945503235,,100329
1.6318132877349854,,1.0374367237091064,,87,0.5943765044212341,,100339
1.2304085493087769,,0.7726415395736694,,87,0.45776697993278503,,100349
1.756907343864441,,1.0664920806884766,,87,0.6904152631759644,,100359
1.4717252254486084,,0.8933484554290771,,87,0.578376829624176,,100369
1.5253679752349854,,0.9620310068130493,,87,0.563336968421936,,100379
1.8530211448669434,,1.080918312072754,,87,0.7721027731895447,,100389
1.2223834991455078,,0.7815848588943481,,87,0.4407986104488373,,100399
1.9041639566421509,,1.14383864402771,,87,0.7603253126144409,,100409
1.9108657836914062,,1.137359857559204,,87,0.7735059261322021,,100419
1.4031407833099365,,0.8032232522964478,,87,0.599917471408844,,100429
1.4908668994903564,,0.8695029020309448,,87,0.6213639974594116,,100439
1.6611535549163818,,0.9739725589752197,,87,0.6871809959411621,,100449
1.2235050201416016,,0.7588050365447998,,87,0.46470004320144653,,100459
1.633920669555664,,0.9070768356323242,,87,0.7268437743186951,,100469
1.890460729598999,,1.0951262712478638,,87,0.79533451795578,,100479
1.5432469844818115,,0.9249257445335388,,87,0.6183212995529175,,100489
1.708420991897583,,1.0148311853408813,,87,0.6935898661613464,,100499
1.6766223907470703,,1.0062357187271118,,87,0.6703867316246033,,100509
1.697031021118164,,1.0303338766098022,,87,0.6666971445083618,,100519
1.5263314247131348,,0.9859423637390137,,87,0.5403891205787659,,100529
1.6521389484405518,,1.0156266689300537,,87,0.6365123391151428,,100539
1.3587099313735962,,0.7994217872619629,,87,0.5592881441116333,,100549
1.44675612449646,,0.8831632137298584,,87,0.5635928511619568,,100559
1.7273192405700684,,0.9741919040679932,,87,0.7531272768974304,,100569
1.6088712215423584,,1.0609768629074097,,87,0.5478943586349487,,100579
1.6517586708068848,,0.9391278028488159,,87,0.7126308083534241,,100589
1.8022290468215942,,0.9720651507377625,,87,0.8301638960838318,,100599
1.5599933862686157,,0.9784663915634155,,87,0.5815269947052002,,100609
1.5730013847351074,,1.0110292434692383,,87,0.5619721412658691,,100619
1.6664671897888184,,1.0057568550109863,,87,0.6607103943824768,,100629
1.4007790088653564,,0.9370596408843994,,87,0.46371936798095703,,100639
1.6157233715057373,,0.944084644317627,,87,0.6716386675834656,,100649
1.7288731336593628,,1.0133998394012451,,87,0.7154732942581177,,100659
1.5929408073425293,,0.9267139434814453,,87,0.6662269234657288,,100669
1.7759430408477783,,1.0908821821212769,,87,0.6850607991218567,,100679
1.6243138313293457,,1.0209286212921143,,87,0.6033852100372314,,100689
1.676609754562378,,1.000352144241333,,87,0.6762576699256897,,100699
1.6232194900512695,,0.9544979929924011,,87,0.6687215566635132,,100709
1.4513486623764038,,0.8599681854248047,,87,0.5913804769515991,,100719
1.4368557929992676,,0.8716124296188354,,87,0.5652434229850769,,100729
1.7066810131072998,,1.0456417798995972,,87,0.6610391736030579,,100739
1.341395378112793,,0.7152905464172363,,87,0.6261048316955566,,100749
1.6158227920532227,,1.0147435665130615,,87,0.6010792255401611,,100759
1.8882887363433838,,1.0920257568359375,,87,0.7962629199028015,,100769
1.8652883768081665,,1.1381639242172241,,87,0.7271244525909424,,100779
1.5398387908935547,,0.8914628624916077,,87,0.6483759880065918,,100789
1.5075745582580566,,0.9665365219116211,,87,0.5410380959510803,,100799
1.3540562391281128,,0.8253368139266968,,87,0.528719425201416,,100809
1.5106805562973022,,0.908226728439331,,87,0.6024538278579712,,100819
1.3530782461166382,,0.7434599995613098,,87,0.6096182465553284,,100829
1.759237289428711,,0.9798070788383484,,87,0.7794302105903625,,100839
1.8121042251586914,,1.0877512693405151,,87,0.7243528962135315,,100849
1.273328423500061,,0.7732245922088623,,87,0.5001038312911987,,100859
1.481764554977417,,0.9344995617866516,,87,0.5472649931907654,,100869
1.6341967582702637,,0.960457444190979,,87,0.6737393140792847,,100879
1.8887850046157837,,1.0822510719299316,,87,0.806533932685852,,100889
1.5583014488220215,,0.9102003574371338,,87,0.6481010317802429,,100899
2.0099406242370605,,1.2435880899429321,,87,0.7663525342941284,,100909
1.641822338104248,,1.0617008209228516,,87,0.5801215171813965,,100919
1.5440964698791504,,0.954679548740387,,87,0.5894168615341187,,100929
1.773261547088623,,0.9633339643478394,,87,0.8099275231361389,,100939
1.662550926208496,,1.016918659210205,,87,0.6456322073936462,,100949
1.5595916509628296,,0.9075002670288086,,87,0.652091383934021,,100959
1.7993879318237305,,1.123182773590088,,87,0.6762052178382874,,100969
1.8292609453201294,,1.245194911956787,,87,0.5840660333633423,,100979
2.1382265090942383,,1.2431120872497559,,87,0.8951144218444824,,100989
2.204342842102051,,1.3679897785186768,,87,0.8363530039787292,,100999
1.6443684101104736,,0.9099788665771484,,87,0.7343895435333252,,101009
1.9405131340026855,,1.0922250747680664,,87,0.8482881188392639,,101019
1.476957082748413,,0.9215706586837769,,87,0.5553863644599915,,101029
1.4137829542160034,,0.828045129776001,,87,0.5857378244400024,,101039
1.55576491355896,,0.9519321918487549,,87,0.6038327217102051,,101049
1.5053694248199463,,0.9023045897483826,,87,0.603064775466919,,101059
1.5178176164627075,,0.9099562168121338,,87,0.6078613996505737,,101069
1.5724846124649048,,1.0142117738723755,,87,0.5582728385925293,,101079
1.8641481399536133,,0.9805659055709839,,87,0.8835822939872742,,101089
1.6107689142227173,,1.0622873306274414,,87,0.5484815835952759,,101099
1.4797337055206299,,0.8141171932220459,,87,0.6656165719032288,,101109
1.7166597843170166,,0.9906317591667175,,87,0.7260280251502991,,101119
1.7552818059921265,,1.1244237422943115,,87,0.6308580636978149,,101129
1.734476089477539,,0.9081720113754272,,87,0.826304018497467,,101139
1.5444880723953247,,0.9733812808990479,,87,0.5711067914962769,,101149
1.3979177474975586,,0.8052932024002075,,87,0.5926244854927063,,101159
1.826920986175537,,1.0437088012695312,,87,0.7832122445106506,,101169
1.4022300243377686,,0.8602551221847534,,87,0.5419749021530151,,101179
1.17317795753479,,0.7630420923233032,,87,0.4101359248161316,,101189
1.494828462600708,,0.86299729347229,,87,0.6318312287330627,,101199
1.412377953529358,,0.835504412651062,,87,0.5768735408782959,,101209
1.5536012649536133,,0.9119153022766113,,87,0.6416859030723572,,101219
1.722745656967163,,1.0398398637771606,,87,0.6829057335853577,,101229
1.6484360694885254,,0.9775822162628174,,87,0.670853853225708,,101239
1.6013059616088867,,0.9030261039733887,,87,0.6982797980308533,,101249
1.4859893321990967,,0.8850032687187195,,87,0.600986123085022,,101259
1.4324150085449219,,0.9038112163543701,,87,0.5286038517951965,,101269
1.76952064037323,,1.1051204204559326,,87,0.6644002199172974,,101279
1.8553467988967896,,1.162837266921997,,87,0.6925095319747925,,101289
1.4171547889709473,,0.8814138174057007,,87,0.5357409119606018,,101299
1.3592827320098877,,0.8783808946609497,,87,0.4809018671512604,,101309
1.8424503803253174,,1.0895806550979614,,87,0.7528697848320007,,101319
1.4273533821105957,,0.7589672803878784,,87,0.6683861613273621,,101329
1.8099950551986694,,1.07802152633667,,87,0.7319735288619995,,101339
1.76749587059021,,1.042164921760559,,87,0.7253309488296509,,101349
1.2450395822525024,,0.7992457151412964,,87,0.44579389691352844,,101359
1.3406333923339844,,0.8505772352218628,,87,0.4900561273097992,,101369
1.7435636520385742,,1.1148673295974731,,87,0.6286963224411011,,101379
1.513512372970581,,0.9253357648849487,,87,0.5881765484809875,,101389
2.1492855548858643,,1.2415329217910767,,87,0.9077525734901428,,101399
1.4321669340133667,,0.816577672958374,,87,0.6155892610549927,,101409
1.760310411453247,,1.1252671480178833,,87,0.6350433230400085,,101419
1.8618731498718262,,1.0239744186401367,,87,0.8378987312316895,,101429
1.4871251583099365,,0.9663271903991699,,87,0.5207979083061218,,101439
1.372046947479248,,0.8195239901542664,,87,0.5525229573249817,,101449
1.5403697490692139,,0.8984028100967407,,87,0.6419669985771179,,101459
,1.606693983078003,,0.9657946228981018,87,,0.6408993601799011,101463
1.7991715669631958,,1.0700924396514893,,88,0.7290791273117065,,101469
1.681528925895691,,1.096933364868164,,88,0.5845955610275269,,101479
1.4632585048675537,,0.899696409702301,,88,0.5635621547698975,,101489
1.3592497110366821,,0.8273780345916748,,88,0.5318716764450073,,101499
1.44257390499115,,0.8490663766860962,,88,0.5935075283050537,,101509
1.7018567323684692,,0.9764144420623779,,88,0.7254422903060913,,101519
2.00972843170166,,1.1059869527816772,,88,0.9037415385246277,,101529
1.5416189432144165,,1.0115325450897217,,88,0.5300863981246948,,101539
1.4488017559051514,,0.8314405083656311,,88,0.6173612475395203,,101549
1.3232203722000122,,0.8984389305114746,,88,0.4247814118862152,,101559
1.4367051124572754,,0.8439203500747681,,88,0.5927847623825073,,101569
1.6341402530670166,,1.017286777496338,,88,0.6168534159660339,,101579
1.5154709815979004,,0.9174345135688782,,88,0.5980364084243774,,101589
1.5534981489181519,,0.9464401006698608,,88,0.607058048248291,,101599
1.497302532196045,,0.9162957668304443,,88,0.5810067057609558,,101609
2.0533218383789062,,1.18631911277771,,88,0.8670026659965515,,101619
1.3299102783203125,,0.7411295175552368,,88,0.5887808203697205,,101629
1.942520260810852,,1.1369209289550781,,88,0.8055993318557739,,101639
1.4223461151123047,,0.8331186771392822,,88,0.5892273783683777,,101649
1.2846317291259766,,0.8068782091140747,,88,0.47775349020957947,,101659
1.5148121118545532,,0.9553173184394836,,88,0.5594947934150696,,101669
1.6015880107879639,,0.8810747265815735,,88,0.7205132246017456,,101679
1.6012709140777588,,0.9411035776138306,,88,0.660167396068573,,101689
1.6278631687164307,,0.9496396780014038,,88,0.6782235503196716,,101699
1.9325461387634277,,1.1550546884536743,,88,0.7774914503097534,,101709
1.629279375076294,,0.991376519203186,,88,0.6379027962684631,,101719
1.8962132930755615,,1.1365910768508911,,88,0.7596222758293152,,101729
1.6953425407409668,,0.90513014793396,,88,0.7902124524116516,,101739
1.7061755657196045,,0.9915605783462524,,88,0.7146150469779968,,101749
1.6149415969848633,,0.9014017581939697,,88,0.7135397791862488,,101759
1.9811127185821533,,1.1342990398406982,,88,0.8468136191368103,,101769
1.4446914196014404,,0.8927379250526428,,88,0.5519535541534424,,101779
1.5372865200042725,,0.9050877690315247,,88,0.632198691368103,,101789
1.7906475067138672,,1.0635242462158203,,88,0.7271232008934021,,101799
1.3007404804229736,,0.8228552341461182,,88,0.47788530588150024,,101809
1.8463706970214844,,1.165211796760559,,88,0.6811589598655701,,101819
1.45849609375,,0.9510923624038696,,88,0.5074037313461304,,101829
1.729706048965454,,1.0936495065689087,,88,0.6360566020011902,,101839
1.4552878141403198,,0.8030068278312683,,88,0.6522809863090515,,101849
1.3504395484924316,,0.8577690720558167,,88,0.4926704168319702,,101859
1.3173191547393799,,0.7716860175132751,,88,0.5456331968307495,,101869
1.7696633338928223,,1.0328612327575684,,88,0.7368021607398987,,101879
1.7288215160369873,,1.0558650493621826,,88,0.6729565262794495,,101889
1.701808214187622,,0.9929208755493164,,88,0.7088873386383057,,101899
1.8238306045532227,,1.1504775285720825,,88,0.6733530163764954,,101909
1.8584048748016357,,1.1117711067199707,,88,0.7466338276863098,,101919
1.372452974319458,,0.8038297295570374,,88,0.5686233043670654,,101929
1.5626702308654785,,0.8965927958488464,,88,0.6660773754119873,,101939
1.5646321773529053,,0.9500202536582947,,88,0.6146118640899658,,101949
1.5038366317749023,,0.9224643707275391,,88,0.5813723206520081,,101959
1.8690314292907715,,1.0685951709747314,,88,0.8004363179206848,,101969
1.5666069984436035,,0.9394794702529907,,88,0.6271275281906128,,101979
1.6582890748977661,,0.9360494613647461,,88,0.72223961353302,,101989
1.35495924949646,,0.8492504954338074,,88,0.5057088136672974,,101999
1.5028135776519775,,0.9030542373657227,,88,0.5997592806816101,,102009
1.3989102840423584,,0.879381000995636,,88,0.5195293426513672,,102019
1.7068331241607666,,0.9856102466583252,,88,0.7212228775024414,,102029
1.5537234544754028,,1.0183098316192627,,88,0.5354136228561401,,102039
1.4557135105133057,,0.8322560787200928,,88,0.6234574317932129,,102049
1.6072685718536377,,1.008662462234497,,88,0.5986061096191406,,102059
1.4858975410461426,,0.8016926050186157,,88,0.6842049360275269,,102069
1.589667558670044,,0.9472242593765259,,88,0.6424432992935181,,102079
1.5103459358215332,,0.8718384504318237,,88,0.6385075449943542,,102089
1.5399466753005981,,0.9581333994865417,,88,0.5818132758140564,,102099
1.2235733270645142,,0.6875913143157959,,88,0.5359820127487183,,102109
2.1079587936401367,,1.1633002758026123,,88,0.9446585774421692,,102119
1.980721116065979,,1.1883289813995361,,88,0.7923921346664429,,102129
1.6135746240615845,,0.9490644931793213,,88,0.6645101308822632,,102139
1.85426926612854,,1.1414703130722046,,88,0.7127990126609802,,102149
1.5703885555267334,,0.8655091524124146,,88,0.7048793435096741,,102159
1.8091824054718018,,0.9781324863433838,,88,0.8310499787330627,,102169
1.6701666116714478,,0.9158903360366821,,88,0.7542762756347656,,102179
1.3270502090454102,,0.8701992034912109,,88,0.456851065158844,,102189
1.6169185638427734,,0.9328516721725464,,88,0.684066891670227,,102199
1.5243306159973145,,0.8906056880950928,,88,0.6337249279022217,,102209
1.543276309967041,,0.8926699161529541,,88,0.6506063342094421,,102219
1.5774368047714233,,1.0237836837768555,,88,0.5536531209945679,,102229
1.5615774393081665,,0.9337864518165588,,88,0.6277909874916077,,102239
1.3511900901794434,,0.8181852102279663,,88,0.533004879951477,,102249
1.3576606512069702,,0.9036517143249512,,88,0.45400890707969666,,102259
1.889772653579712,,1.1590068340301514,,88,0.7307658791542053,,102269
1.6000382900238037,,0.932090163230896,,88,0.6679481863975525,,102279
1.5626420974731445,,0.9879530668258667,,88,0.5746890902519226,,102289
1.4299530982971191,,0.8290432095527649,,88,0.600909948348999,,102299
2.115083694458008,,1.1528387069702148,,88,0.9622448682785034,,102309
1.3685489892959595,,0.8103954792022705,,88,0.558153510093689,,102319
1.5839446783065796,,0.979767918586731,,88,0.6041767597198486,,102329
1.6248588562011719,,0.9398317933082581,,88,0.6850271224975586,,102339
1.3993191719055176,,0.8444632291793823,,88,0.5548559427261353,,102349
1.5448029041290283,,0.8390772342681885,,88,0.7057256102561951,,102359
1.7064783573150635,,1.004387378692627,,88,0.7020909190177917,,102369
1.4957938194274902,,0.9457294940948486,,88,0.5500643849372864,,102379
1.6976680755615234,,1.0274314880371094,,88,0.6702366471290588,,102389
1.559875726699829,,0.9805907011032104,,88,0.5792849659919739,,102399
1.5915902853012085,,0.852668285369873,,88,0.7389219999313354,,102409
1.551522970199585,,0.8238513469696045,,88,0.7276716828346252,,102419
1.5848181247711182,,0.9521862268447876,,88,0.6326318979263306,,102429
2.2003238201141357,,1.4388477802276611,,88,0.7614760398864746,,102439
1.7272794246673584,,1.0506986379623413,,88,0.6765807271003723,,102449
1.6272945404052734,,1.0513948202133179,,88,0.5758997201919556,,102459
1.6750657558441162,,0.9622138142585754,,88,0.7128520011901855,,102469
1.5520117282867432,,0.9455222487449646,,88,0.6064895391464233,,102479
1.504597783088684,,0.8576312065124512,,88,0.6469665765762329,,102489
1.4179553985595703,,0.8432878851890564,,88,0.5746674537658691,,102499
1.7756586074829102,,0.9895703196525574,,88,0.7860883474349976,,102509
1.5088739395141602,,0.953662097454071,,88,0.5552119016647339,,102519
1.8179703950881958,,1.1197218894958496,,88,0.6982485055923462,,102529
1.3364841938018799,,0.8680747151374817,,88,0.4684094488620758,,102539
1.638861894607544,,1.0345487594604492,,88,0.6043131351470947,,102549
1.2693630456924438,,0.7418588399887085,,88,0.5275042057037354,,102559
1.6027355194091797,,0.9614808559417725,,88,0.641254723072052,,102569
1.5820451974868774,,0.8900132179260254,,88,0.692031979560852,,102579
1.5035690069198608,,0.8204057812690735,,88,0.6831632256507874,,102589
1.9397451877593994,,1.1846333742141724,,88,0.7551118731498718,,102599
1.6600093841552734,,1.08516263961792,,88,0.5748466849327087,,102609
,1.5936033725738525,,0.9478507041931152,88,,0.6457526683807373,102616
1.3786799907684326,,0.8351100087165833,,89,0.5435700416564941,,102619
1.565315842628479,,0.9292718768119812,,89,0.6360439658164978,,102629
1.8542380332946777,,1.1885137557983398,,89,0.6657243371009827,,102639
1.6191242933273315,,1.0103530883789062,,89,0.6087712049484253,,102649
1.5490559339523315,,0.8498961925506592,,89,0.6991597414016724,,102659
1.5359468460083008,,0.9306808114051819,,89,0.6052659749984741,,102669
1.6113200187683105,,1.0670459270477295,,89,0.5442741513252258,,102679
1.4139209985733032,,0.7974631190299988,,89,0.6164578795433044,,102689
1.466587781906128,,0.8850424289703369,,89,0.5815454125404358,,102699
1.6048249006271362,,0.9988942742347717,,89,0.6059306263923645,,102709
1.3633778095245361,,0.789646565914154,,89,0.5737312436103821,,102719
1.2794133424758911,,0.6966736316680908,,89,0.5827397108078003,,102729
1.799774408340454,,1.0582865476608276,,89,0.7414879202842712,,102739
1.3651812076568604,,0.8171698451042175,,89,0.548011302947998,,102749
1.7868684530258179,,1.050972580909729,,89,0.7358958721160889,,102759
1.293823480606079,,0.7311792373657227,,89,0.5626443028450012,,102769
1.316786289215088,,0.7627077102661133,,89,0.5540785789489746,,102779
1.696159839630127,,0.9782087802886963,,89,0.7179509997367859,,102789
1.5850014686584473,,0.9122482538223267,,89,0.6727532744407654,,102799
1.9863014221191406,,1.273855447769165,,89,0.7124460339546204,,102809
1.4908242225646973,,0.8181056380271912,,89,0.6727185845375061,,102819
1.6383860111236572,,0.9938534498214722,,89,0.6445325613021851,,102829
1.7201907634735107,,1.0453788042068481,,89,0.6748120188713074,,102839
1.5500195026397705,,0.9269403219223022,,89,0.6230791807174683,,102849
1.6469247341156006,,0.9859220385551453,,89,0.6610026359558105,,102859
1.6693460941314697,,0.9527943134307861,,89,0.7165517210960388,,102869
1.5878071784973145,,0.9209750890731812,,89,0.6668321490287781,,102879
1.4768977165222168,,0.8843296766281128,,89,0.592568039894104,,102889
1.4209425449371338,,0.8591129779815674,,89,0.5618295073509216,,102899
1.8288838863372803,,1.094590425491333,,89,0.7342934608459473,,102909
1.3106474876403809,,0.8005422353744507,,89,0.5101052522659302,,102919
1.574111819267273,,0.9326515197753906,,89,0.6414602994918823,,102929
1.4578622579574585,,0.9315148591995239,,89,0.5263473987579346,,102939
1.5559170246124268,,0.9126453399658203,,89,0.6432716250419617,,102949
1.3154942989349365,,0.7930645942687988,,89,0.5224297642707825,,102959
1.4285683631896973,,0.9315251111984253,,89,0.4970432221889496,,102969
1.565983533859253,,0.8806822299957275,,89,0.6853013634681702,,102979
1.3509353399276733,,0.7721583247184753,,89,0.578777015209198,,102989
1.6977306604385376,,0.9166621565818787,,89,0.7810685038566589,,102999
1.531602144241333,,0.9448424577713013,,89,0.586759626865387,,103009
1.8218095302581787,,1.085281252861023,,89,0.7365282773971558,,103019
1.6599652767181396,,0.8447127938270569,,89,0.815252423286438,,103029
1.5500106811523438,,0.8112564086914062,,89,0.7387542128562927,,103039
1.9249882698059082,,1.1025787591934204,,89,0.8224095702171326,,103049
1.6185076236724854,,0.8873116374015808,,89,0.7311959862709045,,103059
1.345273494720459,,0.763520359992981,,89,0.5817531943321228,,103069
1.3221280574798584,,0.8011999130249023,,89,0.520928144454956,,103079
1.675791621208191,,0.9752067923545837,,89,0.7005848288536072,,103089
1.383536458015442,,0.8913233280181885,,89,0.49221310019493103,,103099
1.8451097011566162,,1.086546540260315,,89,0.7585631608963013,,103109
2.091902256011963,,1.2068477869033813,,89,0.8850545287132263,,103119
1.4133501052856445,,0.8073546886444092,,89,0.6059953570365906,,103129
1.830857753753662,,1.0588136911392212,,89,0.7720440626144409,,103139
1.4211138486862183,,0.9121608734130859,,89,0.5089529752731323,,103149
1.6650424003601074,,0.9978102445602417,,89,0.667232096195221,,103159
1.503570318222046,,0.8741298913955688,,89,0.6294404864311218,,103169
1.7078369855880737,,0.9739366173744202,,89,0.7339003682136536,,103179
1.5584864616394043,,0.9206560254096985,,89,0.637830376625061,,103189
1.429240345954895,,0.7676568627357483,,89,0.6615834832191467,,103199
1.3636549711227417,,0.777457594871521,,89,0.5861973762512207,,103209
1.4960415363311768,,0.9307434558868408,,89,0.5652980804443359,,103219
2.106146812438965,,1.2025738954544067,,89,0.9035729765892029,,103229
1.6895346641540527,,1.0471965074539185,,89,0.6423380970954895,,103239
1.3299707174301147,,0.7415131330490112,,89,0.5884575843811035,,103249
1.9208180904388428,,1.152942180633545,,89,0.7678759098052979,,103259
1.5372095108032227,,0.8651878833770752,,89,0.6720215678215027,,103269
1.4441263675689697,,0.868902325630188,,89,0.5752240419387817,,103279
1.543189287185669,,0.9254082441329956,,89,0.6177811026573181,,103289
1.6596286296844482,,0.9753531813621521,,89,0.6842755079269409,,103299
1.610404133796692,,0.9730246067047119,,89,0.63737952709198,,103309
1.4401639699935913,,0.8419921398162842,,89,0.5981718301773071,,103319
1.7251689434051514,,0.9586213827133179,,89,0.7665475606918335,,103329
1.6153502464294434,,0.946518063545227,,89,0.6688321828842163,,103339
1.8072922229766846,,1.0110588073730469,,89,0.7962334156036377,,103349
1.640763282775879,,0.96216881275177,,89,0.6785944700241089,,103359
1.8580719232559204,,1.0692943334579468,,89,0.7887775897979736,,103369
1.6126377582550049,,0.937319278717041,,89,0.6753185391426086,,103379
1.987282156944275,,1.0486791133880615,,89,0.9386030435562134,,103389
1.5287418365478516,,0.8505551815032959,,89,0.6781865954399109,,103399
1.3494740724563599,,0.8527637720108032,,89,0.49671033024787903,,103409
1.9220490455627441,,1.1186295747756958,,89,0.8034194111824036,,103419
1.6886646747589111,,1.0637450218200684,,89,0.624919593334198,,103429
1.6169772148132324,,1.0109238624572754,,89,0.6060532927513123,,103439
1.9037623405456543,,1.1873939037322998,,89,0.7163683772087097,,103449
1.4551678895950317,,0.8054174184799194,,89,0.6497504711151123,,103459
1.8875987529754639,,1.0801198482513428,,89,0.8074789643287659,,103469
1.9858579635620117,,1.2458692789077759,,89,0.7399886846542358,,103479
1.4075721502304077,,0.8090906143188477,,89,0.5984815359115601,,103489
1.7392795085906982,,1.0211554765701294,,89,0.7181239724159241,,103499
1.7865055799484253,,1.0291794538497925,,89,0.7573261260986328,,103509
1.7664347887039185,,0.920968770980835,,89,0.8454660177230835,,103519
1.5412850379943848,,1.0050134658813477,,89,0.5362715721130371,,103529
1.6201848983764648,,0.8831661939620972,,89,0.7370187640190125,,103539
1.3171288967132568,,0.8066176176071167,,89,0.5105112791061401,,103549
1.6735132932662964,,0.9661347270011902,,89,0.7073785662651062,,103559
1.6183078289031982,,1.0749592781066895,,89,0.543348491191864,,103569
1.3906159400939941,,0.8331567049026489,,89,0.5574592351913452,,103579
1.7659976482391357,,1.0452027320861816,,89,0.7207948565483093,,103589
1.749871015548706,,1.0956536531448364,,89,0.6542173624038696,,103599
1.0427522659301758,,0.6495504379272461,,89,0.39320188760757446,,103609
1.4966078996658325,,0.9142716526985168,,89,0.5823362469673157,,103619
1.5277366638183594,,0.9033371806144714,,89,0.6243994832038879,,103629
1.6596161127090454,,0.9839605093002319,,89,0.6756556034088135,,103639
1.4494701623916626,,0.8787463903427124,,89,0.5707237720489502,,103649
1.513802409172058,,0.8865114450454712,,89,0.6272909641265869,,103659
1.6452510356903076,,0.9265373349189758,,89,0.718713641166687,,103669
1.737122654914856,,1.0320440530776978,,89,0.7050786018371582,,103679
1.565618634223938,,0.9724939465522766,,89,0.5931246876716614,,103689
1.5732407569885254,,0.930088996887207,,89,0.6431518197059631,,103699
1.8274071216583252,,1.0580207109451294,,89,0.7693864703178406,,103709
1.6723482608795166,,0.9986956119537354,,89,0.6736525893211365,,103719
1.5140841007232666,,1.077304482460022,,89,0.43677958846092224,,103729
1.8890578746795654,,1.134023904800415,,89,0.7550340294837952,,103739
1.685572862625122,,0.9843191504478455,,89,0.7012537121772766,,103749
1.6316189765930176,,0.9391229748725891,,89,0.6924959421157837,,103759
1.4321112632751465,,0.849911093711853,,89,0.5822002291679382,,103769
,1.6020257472991943,,0.9458943605422974,89,,0.656131386756897,103769
1.7149478197097778,,1.0471973419189453,,90,0.6677504777908325,,103779
1.6289918422698975,,0.9098349809646606,,90,0.7191568613052368,,103789
1.5438456535339355,,0.8373028635978699,,90,0.7065428495407104,,103799
1.4156286716461182,,0.8613511323928833,,90,0.5542775988578796,,103809
1.3689192533493042,,0.7678626775741577,,90,0.6010565757751465,,103819
1.47652268409729,,0.9203404188156128,,90,0.556182324886322,,103829
1.5612032413482666,,0.9242731928825378,,90,0.6369300484657288,,103839
1.6071854829788208,,0.9568705558776855,,90,0.6503149271011353,,103849
1.4359350204467773,,0.8185383081436157,,90,0.6173967719078064,,103859
1.6024188995361328,,0.9241468906402588,,90,0.6782720685005188,,103869
1.6273071765899658,,0.9712824821472168,,90,0.656024694442749,,103879
1.4875746965408325,,0.8782192468643188,,90,0.6093554496765137,,103889
1.302606463432312,,0.8188045024871826,,90,0.4838019907474518,,103899
1.3284528255462646,,0.7422314882278442,,90,0.5862212777137756,,103909
1.686766266822815,,1.059189796447754,,90,0.627576470375061,,103919
1.3436360359191895,,0.9112405776977539,,90,0.43239542841911316,,103929
1.6267929077148438,,0.9488662481307983,,90,0.6779267191886902,,103939
1.3956427574157715,,0.8182206153869629,,90,0.5774220824241638,,103949
1.7083532810211182,,0.977218747138977,,90,0.7311345934867859,,103959
1.3841131925582886,,0.8199315071105957,,90,0.5641816854476929,,103969
2.108114242553711,,1.2313499450683594,,90,0.876764178276062,,103979
1.7765157222747803,,1.0161038637161255,,90,0.7604119181632996,,103989
1.5606369972229004,,0.8366954326629639,,90,0.7239415049552917,,103999
1.5105235576629639,,0.8752497434616089,,90,0.635273814201355,,104009
1.3482146263122559,,0.7159976959228516,,90,0.6322169899940491,,104019
1.648626685142517,,0.8548085689544678,,90,0.7938181161880493,,104029
1.7007062435150146,,1.0024726390838623,,90,0.6982336640357971,,104039
1.6635255813598633,,1.0417228937149048,,90,0.6218027472496033,,104049
1.3139379024505615,,0.7772666215896606,,90,0.5366712808609009,,104059
1.3236274719238281,,0.8049073219299316,,90,0.5187202095985413,,104069
1.482985258102417,,0.953782320022583,,90,0.5292029976844788,,104079
1.2205491065979004,,0.6489447951316833,,90,0.5716042518615723,,104089
1.4096240997314453,,0.9032648801803589,,90,0.5063592195510864,,104099
1.722165822982788,,0.9915358424186707,,90,0.7306299805641174,,104109
1.4164645671844482,,0.8876734972000122,,90,0.5287911295890808,,104119
1.4656317234039307,,0.8425602316856384,,90,0.6230714917182922,,104129
1.4552712440490723,,0.8420416116714478,,90,0.6132296919822693,,104139
1.4214749336242676,,0.8293358087539673,,90,0.5921391248703003,,104149
1.3525097370147705,,0.823192298412323,,90,0.5293173789978027,,104159
1.3815752267837524,,0.8082593679428101,,90,0.5733158588409424,,104169
1.7968800067901611,,1.0130126476287842,,90,0.7838672995567322,,104179
1.7615108489990234,,0.9899513721466064,,90,0.771559476852417,,104189
1.2510942220687866,,0.6911625862121582,,90,0.5599316358566284,,104199
1.9587171077728271,,1.156435251235962,,90,0.8022818565368652,,104209
1.5913218259811401,,0.9681172370910645,,90,0.6232045888900757,,104219
1.5389490127563477,,0.9407286047935486,,90,0.5982203483581543,,104229
1.566114902496338,,0.8620021343231201,,90,0.704112708568573,,104239
1.555356502532959,,1.0407391786575317,,90,0.5146173238754272,,104249
1.6646621227264404,,0.9426456689834595,,90,0.7220165133476257,,104259
1.5681062936782837,,0.9073176383972168,,90,0.6607886552810669,,104269
1.7737185955047607,,1.1124104261398315,,90,0.6613081097602844,,104279
1.6856489181518555,,0.9918577075004578,,90,0.6937911510467529,,104289
1.7990453243255615,,1.085679292678833,,90,0.7133660912513733,,104299
1.6245993375778198,,0.978422224521637,,90,0.6461771130561829,,104309
1.6803414821624756,,1.0177799463272095,,90,0.6625615954399109,,104319
1.4168047904968262,,0.8469032645225525,,90,0.5699015855789185,,104329
1.8783676624298096,,1.0763442516326904,,90,0.8020234107971191,,104339
1.4750821590423584,,0.839982807636261,,90,0.6350994110107422,,104349
1.570631980895996,,0.9131056070327759,,90,0.6575263142585754,,104359
1.3893821239471436,,0.9213300347328186,,90,0.46805211901664734,,104369
1.6873257160186768,,1.002906084060669,,90,0.6844196319580078,,104379
1.9428871870040894,,1.0235859155654907,,90,0.9193012714385986,,104389
1.4700515270233154,,0.8207517862319946,,90,0.6492998003959656,,104399
1.6717928647994995,,0.9326189756393433,,90,0.7391738891601562,,104409
1.514304757118225,,0.8700543642044067,,90,0.6442503929138184,,104419
1.637406349182129,,1.0147701501846313,,90,0.6226361393928528,,104429
2.0433034896850586,,1.2931150197982788,,90,0.7501885890960693,,104439
1.4173667430877686,,0.8346022963523865,,90,0.5827643871307373,,104449
1.8480424880981445,,1.0926774740219116,,90,0.7553650140762329,,104459
1.4179203510284424,,0.830392599105835,,90,0.5875277519226074,,104469
1.4959306716918945,,0.8270723223686218,,90,0.6688584089279175,,104479
1.9863712787628174,,1.1395678520202637,,90,0.8468033671379089,,104489
1.6243433952331543,,0.9632178544998169,,90,0.6611256003379822,,104499
1.442833662033081,,0.9042080640792847,,90,0.5386255383491516,,104509
1.8084003925323486,,1.0609683990478516,,90,0.7474320530891418,,104519
1.9009345769882202,,1.0610108375549316,,90,0.8399237394332886,,104529
1.444389820098877,,0.8548970818519592,,90,0.589492678642273,,104539
1.439903974533081,,0.860882043838501,,90,0.5790219306945801,,104549
1.5680179595947266,,0.8932154178619385,,90,0.6748024821281433,,104559
1.4317331314086914,,0.8799431920051575,,90,0.5517899394035339,,104569
1.5816116333007812,,0.8868601322174072,,90,0.694751501083374,,104579
1.7643533945083618,,1.0337073802947998,,90,0.730646014213562,,104589
1.674370288848877,,1.0371497869491577,,90,0.637220561504364,,104599
1.7969624996185303,,0.9707560539245605,,90,0.826206386089325,,104609
1.703960657119751,,0.9582800269126892,,90,0.7456806898117065,,104619
1.4916815757751465,,0.8793312311172485,,90,0.612350344657898,,104629
1.6002273559570312,,0.9900244474411011,,90,0.610202968120575,,104639
1.7340006828308105,,0.9724550247192383,,90,0.7615455985069275,,104649
1.798643708229065,,0.9931615591049194,,90,0.8054821491241455,,104659
1.7634408473968506,,1.0575495958328247,,90,0.7058912515640259,,104669
1.7268040180206299,,0.9855989217758179,,90,0.7412050366401672,,104679
1.5375628471374512,,0.8976634740829468,,90,0.6398993730545044,,104689
2.0434842109680176,,1.0218243598937988,,90,1.0216598510742188,,104699
1.6152225732803345,,0.9403712749481201,,90,0.6748512983322144,,104709
1.517961025238037,,0.8412735462188721,,90,0.6766875386238098,,104719
1.7892639636993408,,1.0598435401916504,,90,0.7294203639030457,,104729
1.674170732498169,,0.9378317594528198,,90,0.7363389730453491,,104739
1.6635856628417969,,0.9673255681991577,,90,0.6962601542472839,,104749
1.3649874925613403,,0.7998634576797485,,90,0.5651240348815918,,104759
1.386460304260254,,0.8030859231948853,,90,0.5833743214607239,,104769
1.6012659072875977,,0.9495040774345398,,90,0.6517618894577026,,104779
1.355327844619751,,0.8195086121559143,,90,0.5358192324638367,,104789
1.2895220518112183,,0.7675890922546387,,90,0.5219329595565796,,104799
1.724602222442627,,1.0623139142990112,,90,0.6622883677482605,,104809
1.44534432888031,,0.8458457589149475,,90,0.5994985699653625,,104819
1.6247732639312744,,0.95726078748703,,90,0.6675124168395996,,104829
1.6061241626739502,,0.9599591493606567,,90,0.6461650133132935,,104839
1.9505465030670166,,1.215361475944519,,90,0.7351850271224976,,104849
1.578829050064087,,0.9959534406661987,,90,0.5828756093978882,,104859
1.6198995113372803,,0.970667839050293,,90,0.6492317318916321,,104869
1.525575876235962,,0.868313193321228,,90,0.6572626233100891,,104879
1.2177537679672241,,0.7261619567871094,,90,0.49159181118011475,,104889
1.5124377012252808,,0.908360481262207,,90,0.6040772199630737,,104899
1.7061491012573242,,0.9877675771713257,,90,0.7183815836906433,,104909
1.7721400260925293,,1.08782160282135,,90,0.684318482875824,,104919
,1.5912822484970093,,0.9364205598831177,90,,0.6548616886138916,104922
1.439745545387268,,0.9124753475189209,,91,0.5272701978683472,,104929
1.892861247062683,,1.0537114143371582,,91,0.8391498327255249,,104939
1.7168359756469727,,0.973150372505188,,91,0.7436856031417847,,104949
1.7940856218338013,,1.0958313941955566,,91,0.6982542276382446,,104959
1.3644582033157349,,0.8021401762962341,,91,0.5623180270195007,,104969
1.4164202213287354,,0.8460214138031006,,91,0.5703988075256348,,104979
1.7286465167999268,,0.9428670406341553,,91,0.7857795357704163,,104989
1.438762903213501,,0.8377240896224976,,91,0.6010388135910034,,104999
2.048017978668213,,1.1897246837615967,,91,0.8582932353019714,,105009
1.628263235092163,,0.8907583355903625,,91,0.7375048995018005,,105019
1.367631435394287,,0.7611522078514099,,91,0.6064792275428772,,105029
2.148360252380371,,1.37125825881958,,91,0.7771020531654358,,105039
1.7579158544540405,,1.066723346710205,,91,0.6911925077438354,,105049
1.4220027923583984,,0.8385512828826904,,91,0.583451509475708,,105059
1.406225323677063,,0.8176150321960449,,91,0.5886102914810181,,105069
1.5049158334732056,,0.9335545301437378,,91,0.5713613033294678,,105079
1.3204889297485352,,0.7675906419754028,,91,0.5528982877731323,,105089
1.3884156942367554,,0.8868119716644287,,91,0.5016037225723267,,105099
1.7911181449890137,,1.070784568786621,,91,0.7203336358070374,,105109
1.3567625284194946,,0.8785899877548218,,91,0.47817251086235046,,105119
1.888592004776001,,1.1099110841751099,,91,0.7786809206008911,,105129
1.6703959703445435,,0.9506663680076599,,91,0.7197296023368835,,105139
1.430282473564148,,0.8966528177261353,,91,0.5336296558380127,,105149
1.324731707572937,,0.7984350919723511,,91,0.5262966156005859,,105159
1.6730151176452637,,0.9964176416397095,,91,0.6765974760055542,,105169
1.5647228956222534,,0.8754454255104065,,91,0.6892774701118469,,105179
1.4602298736572266,,0.8559049963951111,,91,0.6043249368667603,,105189
1.6626732349395752,,0.8897910118103027,,91,0.7728821635246277,,105199
1.598926305770874,,0.9253664016723633,,91,0.6735599040985107,,105209
1.5107944011688232,,0.8515030741691589,,91,0.6592913269996643,,105219
1.5696405172348022,,0.980066180229187,,91,0.5895743370056152,,105229
1.609653115272522,,0.863296627998352,,91,0.7463564872741699,,105239
1.5357635021209717,,0.9983130693435669,,91,0.53745037317276,,105249
1.4431437253952026,,0.8508399724960327,,91,0.5923037528991699,,105259
1.8051910400390625,,1.1388500928878784,,91,0.6663410067558289,,105269
1.5205479860305786,,0.9400011301040649,,91,0.5805468559265137,,105279
1.5086238384246826,,0.8606234788894653,,91,0.6480002999305725,,105289
1.7140767574310303,,1.0018842220306396,,91,0.7121925950050354,,105299
1.6209185123443604,,0.9248472452163696,,91,0.696071207523346,,105309
1.4753777980804443,,0.8409349918365479,,91,0.6344428062438965,,105319
1.1841553449630737,,0.6980749368667603,,91,0.48608043789863586,,105329
1.3594508171081543,,0.7529150247573853,,91,0.6065358519554138,,105339
1.4348043203353882,,0.7466918230056763,,91,0.6881124973297119,,105349
1.5309587717056274,,0.8842563629150391,,91,0.6467024087905884,,105359
1.7823599576950073,,1.1562504768371582,,91,0.6261094808578491,,105369
1.5844779014587402,,0.9541592597961426,,91,0.6303186416625977,,105379
1.478922724723816,,0.8874715566635132,,91,0.5914511680603027,,105389
1.562485933303833,,0.9162265062332153,,91,0.6462594866752625,,105399
1.3155755996704102,,0.7802433967590332,,91,0.535332202911377,,105409
1.4870502948760986,,0.9741818308830261,,91,0.5128684043884277,,105419
1.7032572031021118,,1.053125262260437,,91,0.6501319408416748,,105429
1.7013676166534424,,0.9617322087287903,,91,0.7396353483200073,,105439
1.9727249145507812,,0.9921025633811951,,91,0.9806223511695862,,105449
1.7974913120269775,,1.034273624420166,,91,0.7632176280021667,,105459
1.6972278356552124,,1.0306731462478638,,91,0.6665546894073486,,105469
1.5822645425796509,,0.9851509928703308,,91,0.5971135497093201,,105479
1.779057502746582,,1.0923336744308472,,91,0.6867238283157349,,105489
1.3689680099487305,,0.8403506875038147,,91,0.5286173820495605,,105499
1.499819040298462,,0.8939903974533081,,91,0.6058286428451538,,105509
1.505432367324829,,0.9035950899124146,,91,0.6018372774124146,,105519
1.49137282371521,,0.8594020009040833,,91,0.6319708824157715,,105529
1.6102619171142578,,1.0167442560195923,,91,0.5935176610946655,,105539
1.4778895378112793,,0.8818833231925964,,91,0.5960062742233276,,105549
1.3068857192993164,,0.7491517066955566,,91,0.5577340126037598,,105559
1.7328360080718994,,1.0388989448547363,,91,0.6939371228218079,,105569
1.5948200225830078,,0.9974901080131531,,91,0.5973299741744995,,105579
1.5901713371276855,,0.9604710936546326,,91,0.6297001838684082,,105589
1.7803218364715576,,1.1095726490020752,,91,0.6707491278648376,,105599
1.3947341442108154,,0.8513814210891724,,91,0.5433527827262878,,105609
1.4624857902526855,,0.9517105221748352,,91,0.5107753276824951,,105619
1.617645025253296,,0.9907715320587158,,91,0.6268734931945801,,105629
1.5753624439239502,,0.9521386027336121,,91,0.6232237815856934,,105639
1.6294052600860596,,1.0407590866088867,,91,0.5886462330818176,,105649
1.669816493988037,,1.072408676147461,,91,0.5974078178405762,,105659
1.2150111198425293,,0.702191948890686,,91,0.5128191709518433,,105669
1.7710881233215332,,1.0113720893859863,,91,0.7597159743309021,,105679
1.5139191150665283,,0.8706457614898682,,91,0.6432734131813049,,105689
2.0086801052093506,,1.1387279033660889,,91,0.8699521422386169,,105699
1.6219079494476318,,0.899942934513092,,91,0.7219650745391846,,105709
1.383637547492981,,0.8153958320617676,,91,0.5682417154312134,,105719
1.7692768573760986,,0.9520783424377441,,91,0.8171985149383545,,105729
1.515556812286377,,0.8718559145927429,,91,0.6437009572982788,,105739
1.3792731761932373,,0.8489805459976196,,91,0.5302926898002625,,105749
1.233709454536438,,0.75982266664505,,91,0.47388678789138794,,105759
1.7394993305206299,,1.0487297773361206,,91,0.6907694935798645,,105769
1.591420292854309,,0.9946756362915039,,91,0.5967446565628052,,105779
1.816516637802124,,0.9958189725875854,,91,0.8206977248191833,,105789
1.1752076148986816,,0.7387055158615112,,91,0.4365021586418152,,105799
1.7393724918365479,,1.0089175701141357,,91,0.7304549813270569,,105809
1.7884387969970703,,1.1024844646453857,,91,0.6859543323516846,,105819
1.2709245681762695,,0.7335507869720459,,91,0.5373737812042236,,105829
1.6939259767532349,,1.0526821613311768,,91,0.6412438154220581,,105839
1.525806188583374,,0.9207712411880493,,91,0.6050350069999695,,105849
1.709247350692749,,1.0440094470977783,,91,0.6652379631996155,,105859
1.793576955795288,,1.108842372894287,,91,0.6847345232963562,,105869
1.5541211366653442,,0.9219436645507812,,91,0.632177472114563,,105879
1.437715768814087,,0.9107570648193359,,91,0.5269587635993958,,105889
1.7404422760009766,,1.0340032577514648,,91,0.7064390778541565,,105899
1.7994201183319092,,0.9204128980636597,,91,0.8790071606636047,,105909
1.7624852657318115,,0.9161276817321777,,91,0.8463576436042786,,105919
1.635258674621582,,0.9045814871788025,,91,0.7306771874427795,,105929
1.4297473430633545,,0.8044369220733643,,91,0.625310480594635,,105939
1.6844244003295898,,1.0851237773895264,,91,0.5993006825447083,,105949
1.3461534976959229,,0.8463753461837769,,91,0.499778151512146,,105959
1.5166332721710205,,0.8810961246490479,,91,0.6355370879173279,,105969
1.3668078184127808,,0.8159270882606506,,91,0.5508807301521301,,105979
1.5404196977615356,,0.9401848912239075,,91,0.6002348065376282,,105989
1.6865650415420532,,1.003300428390503,,91,0.6832646131515503,,105999
1.525631308555603,,0.9312130212783813,,91,0.5944182872772217,,106009
1.6375277042388916,,0.9445598125457764,,91,0.69296795129776,,106019
1.3501806259155273,,0.7789851427078247,,91,0.5711954832077026,,106029
1.5919830799102783,,0.8768917918205261,,91,0.715091347694397,,106039
1.9895427227020264,,0.9571675658226013,,91,1.0323752164840698,,106049
1.5888068675994873,,0.930652379989624,,91,0.6581544280052185,,106059
1.7987399101257324,,1.1604089736938477,,91,0.6383309364318848,,106069
,1.5975807905197144,,0.9385715126991272,91,,0.6590092182159424,106075
1.378895878791809,,0.8471497893333435,,92,0.5317460894584656,,106079
1.7325615882873535,,1.0222234725952148,,92,0.7103380560874939,,106089
1.4904885292053223,,0.8578789234161377,,92,0.6326096057891846,,106099
1.687058925628662,,1.00020170211792,,92,0.6868572235107422,,106109
1.7090449333190918,,0.9385586380958557,,92,0.7704863548278809,,106119
1.9166971445083618,,1.2939306497573853,,92,0.6227664947509766,,106129
1.3299057483673096,,0.7646757960319519,,92,0.5652300119400024,,106139
1.521707534790039,,0.8256279230117798,,92,0.6960796117782593,,106149
1.3545701503753662,,0.7352180480957031,,92,0.6193521618843079,,106159
1.6525890827178955,,0.9401517510414124,,92,0.7124372720718384,,106169
1.7962920665740967,,0.9908459186553955,,92,0.8054461479187012,,106179
1.6091610193252563,,0.8843841552734375,,92,0.7247768640518188,,106189
1.3942983150482178,,0.7559020519256592,,92,0.6383963227272034,,106199
1.6509838104248047,,0.9031246304512024,,92,0.7478591799736023,,106209
1.4197397232055664,,0.7783311009407043,,92,0.6414086222648621,,106219
1.3561184406280518,,0.7898969650268555,,92,0.5662214159965515,,106229
1.732086181640625,,0.9960181713104248,,92,0.7360680103302002,,106239
1.644338846206665,,0.9472697377204895,,92,0.6970690488815308,,106249
1.540062427520752,,0.826034665107727,,92,0.7140277028083801,,106259
1.3984403610229492,,0.8581695556640625,,92,0.5402707457542419,,106269
1.3148802518844604,,0.8245790600776672,,92,0.4903012216091156,,106279
1.471703052520752,,0.8415688276290894,,92,0.6301341652870178,,106289
1.3696333169937134,,0.8385872840881348,,92,0.5310460329055786,,106299
1.5599555969238281,,0.8456975817680359,,92,0.7142579555511475,,106309
1.4988691806793213,,0.9111871719360352,,92,0.5876819491386414,,106319
1.7876900434494019,,1.0501645803451538,,92,0.737525463104248,,106329
1.3196567296981812,,0.8008558750152588,,92,0.5188008546829224,,106339
1.6209335327148438,,1.0251586437225342,,92,0.5957749485969543,,106349
1.6047358512878418,,0.9061276316642761,,92,0.6986082792282104,,106359
1.84022855758667,,1.0288113355636597,,92,0.8114172220230103,,106369
1.454840898513794,,0.8440065383911133,,92,0.6108344197273254,,106379
1.4856154918670654,,0.7815146446228027,,92,0.7041008472442627,,106389
2.1256494522094727,,1.2167772054672241,,92,0.9088723063468933,,106399
1.717605471611023,,1.0246155261993408,,92,0.6929899454116821,,106409
1.5716757774353027,,0.9041962623596191,,92,0.6674795150756836,,106419
1.6400916576385498,,1.018462896347046,,92,0.6216287016868591,,106429
1.7635014057159424,,1.011042833328247,,92,0.7524585723876953,,106439
1.6070945262908936,,0.9093149304389954,,92,0.6977795362472534,,106449
1.5273890495300293,,0.8687797784805298,,92,0.6586092114448547,,106459
1.2836389541625977,,0.8037311434745789,,92,0.4799077808856964,,106469
1.4062831401824951,,0.85877525806427,,92,0.5475079417228699,,106479
1.5444748401641846,,0.9037181735038757,,92,0.6407566070556641,,106489
1.6136963367462158,,0.9681325554847717,,92,0.6455638408660889,,106499
1.5891153812408447,,0.9074960947036743,,92,0.6816192269325256,,106509
1.6922781467437744,,0.992164134979248,,92,0.7001140117645264,,106519
1.3962101936340332,,0.8121802806854248,,92,0.5840298533439636,,106529
1.8452887535095215,,1.0543410778045654,,92,0.7909477353096008,,106539
1.8433552980422974,,1.0220301151275635,,92,0.8213251829147339,,106549
1.5000779628753662,,0.8061543703079224,,92,0.6939235329627991,,106559
1.6988548040390015,,0.9772745966911316,,92,0.7215802073478699,,106569
1.3902487754821777,,0.8081035614013672,,92,0.5821452736854553,,106579
1.9240624904632568,,1.121378779411316,,92,0.8026837706565857,,106589
1.5262677669525146,,0.8314234018325806,,92,0.6948444247245789,,106599
1.7499048709869385,,1.1112114191055298,,92,0.6386933922767639,,106609
1.5166869163513184,,0.9392727017402649,,92,0.5774142742156982,,106619
1.8810925483703613,,1.1322649717330933,,92,0.7488276362419128,,106629
1.5122466087341309,,0.9272154569625854,,92,0.5850312113761902,,106639
1.3590478897094727,,0.8109918832778931,,92,0.5480559468269348,,106649
1.5596181154251099,,0.8997968435287476,,92,0.6598212718963623,,106659
1.3991575241088867,,0.7911412119865417,,92,0.6080163717269897,,106669
1.4842853546142578,,0.834945559501648,,92,0.6493397951126099,,106679
1.458031415939331,,0.8752565383911133,,92,0.582774817943573,,106689
1.6515965461730957,,0.9661175608634949,,92,0.685478925704956,,106699
1.4256048202514648,,0.8301552534103394,,92,0.5954495668411255,,106709
1.6168456077575684,,0.923755943775177,,92,0.6930897235870361,,106719
1.5583956241607666,,0.894078254699707,,92,0.6643173098564148,,106729
1.7381970882415771,,0.9825900197029114,,92,0.7556070685386658,,106739
1.5806658267974854,,0.9714069366455078,,92,0.6092588305473328,,106749
1.4177619218826294,,0.8119723200798035,,92,0.6057896018028259,,106759
1.8203874826431274,,1.0427918434143066,,92,0.7775956392288208,,106769
1.34214448928833,,0.753366231918335,,92,0.5887782573699951,,106779
1.9172192811965942,,1.2676711082458496,,92,0.6495481729507446,,106789
1.7859481573104858,,1.0975446701049805,,92,0.6884034872055054,,106799
1.8750869035720825,,1.1424601078033447,,92,0.7326267957687378,,106809
1.6991205215454102,,0.9697891473770142,,92,0.7293313145637512,,106819
1.532970905303955,,0.8087811470031738,,92,0.724189817905426,,106829
1.9029842615127563,,1.0961663722991943,,92,0.806817889213562,,106839
1.4794344902038574,,0.8466949462890625,,92,0.6327396035194397,,106849
1.3625335693359375,,0.818400502204895,,92,0.5441331267356873,,106859
1.6632558107376099,,0.925713300704956,,92,0.7375425100326538,,106869
1.6936051845550537,,0.945743203163147,,92,0.7478620409965515,,106879
1.4709441661834717,,0.838665246963501,,92,0.6322789788246155,,106889
1.7075905799865723,,1.086459755897522,,92,0.6211308836936951,,106899
1.7526062726974487,,1.0235774517059326,,92,0.7290288209915161,,106909
1.466196060180664,,0.7853507995605469,,92,0.6808452606201172,,106919
1.474086046218872,,0.861466646194458,,92,0.6126194000244141,,106929
1.7075755596160889,,0.9369978308677673,,92,0.7705776691436768,,106939
1.4502384662628174,,0.8382060527801514,,92,0.612032413482666,,106949
1.4876383543014526,,0.8607725501060486,,92,0.626865804195404,,106959
1.5343551635742188,,0.9096674919128418,,92,0.6246876120567322,,106969
1.4396377801895142,,0.7690492272377014,,92,0.6705885529518127,,106979
1.554142951965332,,0.8881742358207703,,92,0.665968656539917,,106989
1.7593144178390503,,1.0604658126831055,,92,0.6988486051559448,,106999
1.7031373977661133,,0.9693626761436462,,92,0.733774721622467,,107009
1.6901137828826904,,1.02880859375,,92,0.6613051295280457,,107019
1.621551752090454,,0.9985366463661194,,92,0.6230150461196899,,107029
1.6605228185653687,,0.9423105120658875,,92,0.7182123064994812,,107039
1.6452713012695312,,0.8896865248680115,,92,0.755584716796875,,107049
1.8114166259765625,,1.04557466506958,,92,0.7658420205116272,,107059
1.6438957452774048,,1.0436521768569946,,92,0.6002435684204102,,107069
1.572095274925232,,0.8735909461975098,,92,0.6985043287277222,,107079
1.4598112106323242,,0.8133736252784729,,92,0.6464375853538513,,107089
1.8583258390426636,,1.1581125259399414,,92,0.7002133131027222,,107099
1.8905251026153564,,1.0845788717269897,,92,0.8059462904930115,,107109
1.484937071800232,,0.900159478187561,,92,0.5847775936126709,,107119
1.486612319946289,,0.9243528246879578,,92,0.5622594952583313,,107129
1.3021190166473389,,0.8237513303756714,,92,0.4783676564693451,,107139
1.409492015838623,,0.8648936152458191,,92,0.5445984601974487,,107149
1.9196293354034424,,1.103431224822998,,92,0.8161980509757996,,107159
1.4870448112487793,,0.8337690830230713,,92,0.653275728225708,,107169
1.5093764066696167,,0.9277181625366211,,92,0.5816582441329956,,107179
1.9141486883163452,,1.0774729251861572,,92,0.836675763130188,,107189
1.3945744037628174,,0.9160706996917725,,92,0.47850367426872253,,107199
1.724535346031189,,0.979576587677002,,92,0.744958758354187,,107209
1.410468339920044,,0.8694212436676025,,92,0.5410471558570862,,107219
,1.6102735996246338,,0.9450851678848267,92,,0.6651884913444519,107228
1.4124585390090942,,0.881477415561676,,93,0.5309811234474182,,107229
1.7822299003601074,,1.134730339050293,,93,0.6474996209144592,,107239
1.6226413249969482,,0.9071389436721802,,93,0.7155024409294128,,107249
1.6337904930114746,,0.9734575748443604,,93,0.6603329181671143,,107259
1.744276523590088,,0.9477616548538208,,93,0.7965148687362671,,107269
1.4966683387756348,,0.8559601306915283,,93,0.6407081484794617,,107279
1.3928327560424805,,0.8642385005950928,,93,0.5285942554473877,,107289
1.6894456148147583,,0.9543026089668274,,93,0.7351430058479309,,107299
1.5380184650421143,,0.9101678729057312,,93,0.6278505921363831,,107309
1.6311473846435547,,0.9198139905929565,,93,0.7113333344459534,,107319
1.6615452766418457,,0.9642736911773682,,93,0.6972715258598328,,107329
1.3882817029953003,,0.7939739227294922,,93,0.5943077802658081,,107339
1.237562894821167,,0.707394003868103,,93,0.5301688313484192,,107349
1.6660370826721191,,0.9747768640518188,,93,0.6912602186203003,,107359
1.466171383857727,,0.8155766725540161,,93,0.6505947113037109,,107369
1.7547218799591064,,1.173582911491394,,93,0.5811390280723572,,107379
1.7175679206848145,,0.9621442556381226,,93,0.7554236054420471,,107389
1.567699670791626,,0.7996333837509155,,93,0.7680662274360657,,107399
1.4940202236175537,,0.8600647449493408,,93,0.6339554190635681,,107409
1.254433274269104,,0.777052640914917,,93,0.4773806035518646,,107419
1.4876739978790283,,0.896336555480957,,93,0.5913373827934265,,107429
1.8161351680755615,,1.0168697834014893,,93,0.799265444278717,,107439
1.8926609754562378,,1.2555830478668213,,93,0.6370779275894165,,107449
1.5747135877609253,,0.9478859305381775,,93,0.6268276572227478,,107459
1.6023879051208496,,0.8666808605194092,,93,0.7357069849967957,,107469
1.442368984222412,,0.9269653558731079,,93,0.5154035687446594,,107479
1.6877893209457397,,0.9565359354019165,,93,0.7312533855438232,,107489
1.6291768550872803,,0.8963816165924072,,93,0.732795238494873,,107499
1.8301483392715454,,1.0706615447998047,,93,0.7594867944717407,,107509
1.7415934801101685,,0.9913240075111389,,93,0.7502694725990295,,107519
1.5069715976715088,,0.868258535861969,,93,0.638713002204895,,107529
1.3493099212646484,,0.7726514935493469,,93,0.5766584277153015,,107539
1.4173595905303955,,0.8790866136550903,,93,0.53827303647995,,107549
1.4846525192260742,,0.9477024078369141,,93,0.5369501709938049,,107559
1.4006767272949219,,0.864705502986908,,93,0.5359712839126587,,107569
1.4712425470352173,,0.7847254276275635,,93,0.6865171194076538,,107579
1.6052908897399902,,0.9840774536132812,,93,0.6212134957313538,,107589
1.6006956100463867,,0.9420809745788574,,93,0.6586145758628845,,107599
1.7064557075500488,,0.9567316770553589,,93,0.7497239708900452,,107609
1.4401943683624268,,0.7970184087753296,,93,0.6431760191917419,,107619
1.7013967037200928,,1.025679349899292,,93,0.6757174134254456,,107629
1.6707603931427002,,0.9477304220199585,,93,0.7230300307273865,,107639
1.892354965209961,,1.0911494493484497,,93,0.8012055158615112,,107649
1.5189499855041504,,0.9281570911407471,,93,0.5907928347587585,,107659
1.6589295864105225,,0.9791219830513,,93,0.6798076629638672,,107669
2.039799213409424,,1.1248745918273926,,93,0.9149247407913208,,107679
1.5849777460098267,,0.8880913257598877,,93,0.696886420249939,,107689
1.5751407146453857,,0.9583471417427063,,93,0.6167935132980347,,107699
1.6753859519958496,,0.9678919315338135,,93,0.7074940204620361,,107709
1.6339726448059082,,1.0227614641189575,,93,0.6112111806869507,,107719
2.0174036026000977,,1.303135633468628,,93,0.7142680287361145,,107729
2.1668999195098877,,1.2153253555297852,,93,0.9515746235847473,,107739
1.5006303787231445,,0.8859414458274841,,93,0.6146888732910156,,107749
1.7622629404067993,,1.1564507484436035,,93,0.6058121919631958,,107759
1.3269156217575073,,0.797352135181427,,93,0.5295634865760803,,107769
1.6660048961639404,,1.0333908796310425,,93,0.6326139569282532,,107779
1.5994913578033447,,0.9058444499969482,,93,0.6936469078063965,,107789
1.8876144886016846,,1.1475871801376343,,93,0.7400273680686951,,107799
1.746584177017212,,1.1117502450942993,,93,0.6348338723182678,,107809
1.7761151790618896,,1.0153965950012207,,93,0.760718584060669,,107819
1.6709539890289307,,0.9609121084213257,,93,0.710041880607605,,107829
1.744819164276123,,1.0164462327957153,,93,0.7283728718757629,,107839
1.6031184196472168,,0.9009515047073364,,93,0.7021669149398804,,107849
1.8084003925323486,,0.9706430435180664,,93,0.8377572894096375,,107859
2.0602872371673584,,1.1755249500274658,,93,0.8847622275352478,,107869
1.968761682510376,,1.0551851987838745,,93,0.9135765433311462,,107879
1.2961149215698242,,0.7829464673995972,,93,0.5131685137748718,,107889
1.4617955684661865,,0.8539186120033264,,93,0.6078769564628601,,107899
1.6129138469696045,,0.9625459313392639,,93,0.6503679156303406,,107909
1.4810376167297363,,0.8377741575241089,,93,0.6432633996009827,,107919
1.4866740703582764,,0.8821710348129272,,93,0.6045030355453491,,107929
1.8852131366729736,,1.0772879123687744,,93,0.807925283908844,,107939
1.5410923957824707,,0.8877865672111511,,93,0.6533058881759644,,107949
1.3752868175506592,,0.751105546951294,,93,0.62418133020401,,107959
1.5001341104507446,,0.7757517695426941,,93,0.7243823409080505,,107969
1.4884979724884033,,0.8321655988693237,,93,0.6563324332237244,,107979
1.1659042835235596,,0.6821821928024292,,93,0.4837220311164856,,107989
1.6118202209472656,,0.9517531394958496,,93,0.6600670218467712,,107999
1.293788194656372,,0.7823073863983154,,93,0.5114808082580566,,108009
1.2365374565124512,,0.7275396585464478,,93,0.5089978575706482,,108019
1.7817323207855225,,1.0257986783981323,,93,0.7559337019920349,,108029
1.5748176574707031,,0.895861029624939,,93,0.6789565682411194,,108039
1.6206390857696533,,0.9623446464538574,,93,0.6582944393157959,,108049
2.189250946044922,,1.166765570640564,,93,1.0224854946136475,,108059
1.6184234619140625,,0.958480954170227,,93,0.6599425077438354,,108069
1.333437442779541,,0.8282054662704468,,93,0.5052319765090942,,108079
1.6282546520233154,,1.0494037866592407,,93,0.5788508057594299,,108089
1.6156463623046875,,0.9441284537315369,,93,0.6715179085731506,,108099
1.6015545129776,,0.830877423286438,,93,0.7706770896911621,,108109
1.4433609247207642,,0.8441511392593384,,93,0.5992097854614258,,108119
1.9181333780288696,,1.1116631031036377,,93,0.8064702749252319,,108129
2.1819450855255127,,1.2431166172027588,,93,0.9388285279273987,,108139
1.5698916912078857,,0.8737117052078247,,93,0.696179986000061,,108149
1.387223243713379,,0.9113038182258606,,93,0.4759194254875183,,108159
1.5093722343444824,,0.8735909461975098,,93,0.6357812285423279,,108169
1.6641273498535156,,0.9406208992004395,,93,0.7235064506530762,,108179
1.8035790920257568,,1.0502570867538452,,93,0.7533220052719116,,108189
1.5357823371887207,,0.9148350358009338,,93,0.6209473609924316,,108199
1.7667368650436401,,1.0845383405685425,,93,0.6821985244750977,,108209
1.709744930267334,,1.0326905250549316,,93,0.6770544052124023,,108219
1.4575220346450806,,0.8454858064651489,,93,0.6120362281799316,,108229
1.7104723453521729,,0.938696563243866,,93,0.7717757821083069,,108239
1.7003315687179565,,0.9789671897888184,,93,0.7213643789291382,,108249
1.6763923168182373,,0.9445878267288208,,93,0.7318044304847717,,108259
1.7928110361099243,,1.1679730415344238,,93,0.6248379945755005,,108269
1.6810479164123535,,1.0024137496948242,,93,0.6786342263221741,,108279
1.5347553491592407,,0.912453293800354,,93,0.6223020553588867,,108289
1.4920332431793213,,0.8453807234764099,,93,0.6466525793075562,,108299
1.6099517345428467,,0.9414582848548889,,93,0.6684935092926025,,108309
1.2520482540130615,,0.7309979796409607,,93,0.5210502743721008,,108319
1.7015511989593506,,0.8919618129730225,,93,0.8095893263816833,,108329
1.7114471197128296,,0.9589723944664001,,93,0.7524747252464294,,108339
1.5200899839401245,,0.9124000668525696,,93,0.6076899170875549,,108349
1.607454776763916,,0.9458469748497009,,93,0.6616078019142151,,108359
1.30532968044281,,0.7638177275657654,,93,0.5415119528770447,,108369
1.7658271789550781,,1.0753213167190552,,93,0.690505862236023,,108379
,1.6393359899520874,,0.9577990770339966,93,,0.6815369725227356,108381
1.9647479057312012,,1.0949957370758057,,94,0.8697521686553955,,108389
1.509382963180542,,0.9143916368484497,,94,0.5949912667274475,,108399
1.3272550106048584,,0.7187943458557129,,94,0.6084606647491455,,108409
1.87101149559021,,1.1543323993682861,,94,0.7166791558265686,,108419
1.511781096458435,,0.9610953330993652,,94,0.5506857633590698,,108429
1.70967698097229,,1.0593186616897583,,94,0.6503583192825317,,108439
1.477651596069336,,0.7911525964736938,,94,0.6864990592002869,,108449
1.7827537059783936,,1.0260076522827148,,94,0.7567461133003235,,108459
1.5123305320739746,,0.9212102293968201,,94,0.5911202430725098,,108469
1.699026107788086,,0.9723382592201233,,94,0.7266877889633179,,108479
1.4880297183990479,,0.8491806983947754,,94,0.6388490200042725,,108489
1.6055654287338257,,0.9045670032501221,,94,0.7009984254837036,,108499
1.6614835262298584,,0.9769473671913147,,94,0.6845361590385437,,108509
1.5946098566055298,,0.8830598592758179,,94,0.7115499973297119,,108519
1.496302843093872,,0.7856597900390625,,94,0.7106430530548096,,108529
1.5879745483398438,,0.899893581867218,,94,0.6880809664726257,,108539
1.6935088634490967,,1.019946813583374,,94,0.6735619902610779,,108549
1.469557285308838,,0.8120734095573425,,94,0.6574839353561401,,108559
1.7464220523834229,,0.9560576677322388,,94,0.7903643250465393,,108569
1.6463305950164795,,0.9793698787689209,,94,0.6669607162475586,,108579
1.8353205919265747,,0.9749496579170227,,94,0.860370934009552,,108589
1.6459227800369263,,0.938701868057251,,94,0.7072209119796753,,108599
1.8692541122436523,,1.1154565811157227,,94,0.7537975311279297,,108609
1.4598779678344727,,0.8357540965080261,,94,0.6241239309310913,,108619
1.6440951824188232,,0.8555211424827576,,94,0.7885740995407104,,108629
1.311833381652832,,0.8121826648712158,,94,0.49965065717697144,,108639
1.6314946413040161,,0.9816334247589111,,94,0.649861216545105,,108649
1.6706047058105469,,0.9990044832229614,,94,0.6716002225875854,,108659
1.6628599166870117,,0.9842431545257568,,94,0.6786167025566101,,108669
1.7316269874572754,,1.029717206954956,,94,0.7019097208976746,,108679
1.482925534248352,,0.8430005311965942,,94,0.6399250030517578,,108689
1.8572767972946167,,1.0626461505889893,,94,0.7946306467056274,,108699
1.5611765384674072,,1.0051203966140747,,94,0.5560560822486877,,108709
1.6623361110687256,,0.9259330630302429,,94,0.7364031076431274,,108719
1.8085225820541382,,1.0915961265563965,,94,0.7169264554977417,,108729
1.4033654928207397,,0.7879871129989624,,94,0.6153783798217773,,108739
1.5409162044525146,,0.9155768156051636,,94,0.6253394484519958,,108749
1.8762567043304443,,1.092819094657898,,94,0.7834376096725464,,108759
1.8367891311645508,,1.05128014087677,,94,0.7855089902877808,,108769
1.6862401962280273,,0.9626528024673462,,94,0.7235874533653259,,108779
1.5395461320877075,,0.9008772969245911,,94,0.6386688351631165,,108789
1.763836145401001,,1.0054805278778076,,94,0.7583556771278381,,108799
2.0094492435455322,,1.203658103942871,,94,0.8057911992073059,,108809
1.7329496145248413,,1.0808005332946777,,94,0.6521490812301636,,108819
1.852726697921753,,1.061967372894287,,94,0.7907593250274658,,108829
1.418893575668335,,0.7753923535346985,,94,0.6435012817382812,,108839
1.7284600734710693,,1.0412964820861816,,94,0.6871636509895325,,108849
1.5142371654510498,,0.8623700141906738,,94,0.651867151260376,,108859
1.4552111625671387,,0.8376567959785461,,94,0.6175543665885925,,108869
1.6671438217163086,,0.9655442833900452,,94,0.7015995383262634,,108879
1.6964339017868042,,1.0099352598190308,,94,0.6864986419677734,,108889
1.6297938823699951,,0.9342924356460571,,94,0.6955015063285828,,108899
1.9869080781936646,,1.1283118724822998,,94,0.8585962057113647,,108909
1.7554799318313599,,0.9905910491943359,,94,0.7648888826370239,,108919
1.6300722360610962,,0.9802806973457336,,94,0.6497915387153625,,108929
1.6694159507751465,,0.9696220755577087,,94,0.6997938752174377,,108939
1.4739081859588623,,0.8043025135993958,,94,0.6696056723594666,,108949
2.1118359565734863,,1.44346022605896,,94,0.6683756709098816,,108959
2.062307596206665,,1.1993764638900757,,94,0.8629311323165894,,108969
1.8675721883773804,,1.1098501682281494,,94,0.757722020149231,,108979
1.7242655754089355,,0.7954589128494263,,94,0.9288066029548645,,108989
1.6073694229125977,,0.9520879983901978,,94,0.6552813649177551,,108999
1.529400110244751,,0.7832114100456238,,94,0.7461887001991272,,109009
1.4255993366241455,,0.7882871627807617,,94,0.637312114238739,,109019
1.2714412212371826,,0.6822423934936523,,94,0.5891988277435303,,109029
1.7214505672454834,,1.0284838676452637,,94,0.692966639995575,,109039
2.032099962234497,,1.1322731971740723,,94,0.8998267650604248,,109049
1.2863781452178955,,0.7168134450912476,,94,0.5695646405220032,,109059
1.4974305629730225,,0.8217641115188599,,94,0.6756664514541626,,109069
1.8736276626586914,,1.048469066619873,,94,0.8251586556434631,,109079
1.4642080068588257,,0.7565611600875854,,94,0.7076468467712402,,109089
1.5373246669769287,,0.8707141280174255,,94,0.666610598564148,,109099
2.1430857181549072,,1.2963483333587646,,94,0.8467373251914978,,109109
1.5233665704727173,,0.8847203254699707,,94,0.6386462450027466,,109119
1.742757797241211,,0.9872254133224487,,94,0.755532443523407,,109129
1.7625795602798462,,1.0070621967315674,,94,0.7555173635482788,,109139
1.7506237030029297,,0.9202887415885925,,94,0.8303350210189819,,109149
1.6619913578033447,,0.8414101004600525,,94,0.8205812573432922,,109159
1.4719265699386597,,0.829503059387207,,94,0.6424235105514526,,109169
1.5969064235687256,,0.927875816822052,,94,0.6690305471420288,,109179
1.7258373498916626,,1.0877292156219482,,94,0.6381081342697144,,109189
1.700808048248291,,1.0488463640213013,,94,0.6519617438316345,,109199
1.9045599699020386,,1.0113518238067627,,94,0.8932081460952759,,109209
1.4169087409973145,,0.7889513969421387,,94,0.6279573440551758,,109219
1.5841879844665527,,0.9391456842422485,,94,0.6450423002243042,,109229
1.6550283432006836,,0.8724473714828491,,94,0.7825809121131897,,109239
1.575202226638794,,0.8607555627822876,,94,0.7144466042518616,,109249
1.5850763320922852,,0.8614525198936462,,94,0.7236237525939941,,109259
1.9502906799316406,,1.0850534439086914,,94,0.8652371764183044,,109269
1.5269780158996582,,0.9124529361724854,,94,0.6145251393318176,,109279
1.428897500038147,,0.8770791292190552,,94,0.5518183708190918,,109289
1.874232292175293,,1.1175190210342407,,94,0.7567132115364075,,109299
1.6087429523468018,,0.8411992192268372,,94,0.7675437331199646,,109309
1.5722544193267822,,0.8587089776992798,,94,0.7135453820228577,,109319
1.749769926071167,,0.9746378660202026,,94,0.7751321196556091,,109329
1.8913068771362305,,1.091749668121338,,94,0.7995572686195374,,109339
1.7013063430786133,,0.9304100275039673,,94,0.7708962559700012,,109349
1.685155987739563,,0.9458274841308594,,94,0.7393285036087036,,109359
1.763063669204712,,1.0883874893188477,,94,0.6746761202812195,,109369
1.5563195943832397,,0.8817532062530518,,94,0.674566388130188,,109379
1.5364952087402344,,0.8385971188545227,,94,0.6978981494903564,,109389
2.003000020980835,,1.1712286472320557,,94,0.8317713141441345,,109399
1.9468538761138916,,1.121415138244629,,94,0.8254387378692627,,109409
1.617375135421753,,0.8868473768234253,,94,0.7305278182029724,,109419
1.6310977935791016,,0.9266211986541748,,94,0.704476535320282,,109429
1.7526001930236816,,0.9825631380081177,,94,0.7700369954109192,,109439
2.146994113922119,,1.2156221866607666,,94,0.9313719868659973,,109449
1.8472979068756104,,0.9861300587654114,,94,0.8611679077148438,,109459
1.6983578205108643,,0.924213707447052,,94,0.7741440534591675,,109469
2.029762029647827,,1.1510435342788696,,94,0.8787185549736023,,109479
1.3504202365875244,,0.7957505583763123,,94,0.5546697378158569,,109489
1.442489504814148,,0.7884650826454163,,94,0.6540244221687317,,109499
1.7230526208877563,,0.9444572329521179,,94,0.7785953879356384,,109509
1.5770080089569092,,0.8752210736274719,,94,0.7017869353294373,,109519
1.758665680885315,,0.9616634845733643,,94,0.7970021963119507,,109529
,1.6916077136993408,,0.9632412791252136,94,,0.7283663749694824,109534
1.5216398239135742,,0.7943388223648071,,95,0.7273010611534119,,109539
1.641197681427002,,0.8833930492401123,,95,0.7578045725822449,,109549
1.6965993642807007,,0.886667013168335,,95,0.8099323511123657,,109559
2.1763017177581787,,1.3091166019439697,,95,0.8671851754188538,,109569
1.786730408668518,,1.0352363586425781,,95,0.7514940500259399,,109579
1.7297966480255127,,0.8778111934661865,,95,0.851985514163971,,109589
2.081578254699707,,1.1619858741760254,,95,0.9195923209190369,,109599
1.8877990245819092,,0.9923684597015381,,95,0.8954306244850159,,109609
2.0791797637939453,,1.039759874343872,,95,1.0394198894500732,,109619
1.752594232559204,,0.9102868437767029,,95,0.8423073291778564,,109629
1.4510436058044434,,0.7868281006813049,,95,0.6642155051231384,,109639
1.7309859991073608,,0.8751425743103027,,95,0.8558434247970581,,109649
1.6226332187652588,,0.9022537469863892,,95,0.7203794121742249,,109659
1.632270097732544,,0.9036783576011658,,95,0.7285917401313782,,109669
1.9125075340270996,,1.0628937482833862,,95,0.8496137857437134,,109679
1.971863031387329,,1.143101453781128,,95,0.8287615180015564,,109689
1.860135793685913,,0.9941433668136597,,95,0.8659924864768982,,109699
1.6951009035110474,,0.9471015334129333,,95,0.747999370098114,,109709
1.8598990440368652,,1.0267505645751953,,95,0.8331484198570251,,109719
1.6890909671783447,,0.9484660029411316,,95,0.7406249046325684,,109729
1.5112800598144531,,0.8897814750671387,,95,0.6214985251426697,,109739
1.5588762760162354,,0.8332555890083313,,95,0.725620687007904,,109749
1.7443935871124268,,0.9194867014884949,,95,0.8249068856239319,,109759
1.698704481124878,,0.8522151708602905,,95,0.8464892506599426,,109769
1.6441869735717773,,0.9164694547653198,,95,0.7277174592018127,,109779
1.7473249435424805,,1.0569448471069336,,95,0.6903800964355469,,109789
1.697075605392456,,0.9355607032775879,,95,0.7615148425102234,,109799
1.7373571395874023,,1.0897799730300903,,95,0.6475771069526672,,109809
1.7461676597595215,,0.8817870020866394,,95,0.8643805980682373,,109819
1.7870533466339111,,0.8864572048187256,,95,0.9005962014198303,,109829
1.822622537612915,,0.9881731271743774,,95,0.8344494700431824,,109839
1.8400883674621582,,1.0100314617156982,,95,0.8300568461418152,,109849
1.7148404121398926,,1.0712363719940186,,95,0.6436039805412292,,109859
1.734891414642334,,0.8820215463638306,,95,0.8528699278831482,,109869
1.7164037227630615,,0.8939375281333923,,95,0.8224661946296692,,109879
1.684206247329712,,0.9489380121231079,,95,0.7352681756019592,,109889
1.8982689380645752,,1.0356757640838623,,95,0.8625932335853577,,109899
1.4660725593566895,,0.7825353145599365,,95,0.6835372447967529,,109909
2.1069116592407227,,1.0392324924468994,,95,1.0676790475845337,,109919
1.9771705865859985,,1.161656379699707,,95,0.8155142068862915,,109929
1.4158923625946045,,0.7642017602920532,,95,0.651690661907196,,109939
1.5223376750946045,,0.9435923099517822,,95,0.5787453055381775,,109949
2.2877089977264404,,1.3095265626907349,,95,0.9781823754310608,,109959
1.5300379991531372,,0.9467829465866089,,95,0.5832550525665283,,109969
1.8935874700546265,,1.0921285152435303,,95,0.8014589548110962,,109979
1.489089846611023,,0.8026643991470337,,95,0.6864254474639893,,109989
1.5723145008087158,,0.8519819974899292,,95,0.7203324437141418,,109999
2.0878942012786865,,1.1289334297180176,,95,0.9589607119560242,,110009
1.5214259624481201,,0.8317885398864746,,95,0.6896373629570007,,110019
1.943338394165039,,1.1644761562347412,,95,0.7788621783256531,,110029
1.7383933067321777,,0.9739837646484375,,95,0.7644094824790955,,110039
1.51170015335083,,0.7611409425735474,,95,0.7505591511726379,,110049
2.0854673385620117,,1.0788116455078125,,95,1.0066555738449097,,110059
1.7471144199371338,,0.9556567668914795,,95,0.7914577126502991,,110069
1.9977190494537354,,1.132671594619751,,95,0.8650474548339844,,110079
1.9273399114608765,,1.026412010192871,,95,0.9009279012680054,,110089
1.7514159679412842,,0.9559322595596313,,95,0.7954837679862976,,110099
2.0551095008850098,,1.0629740953445435,,95,0.9921354055404663,,110109
2.1001815795898438,,1.112646460533142,,95,0.9875349998474121,,110119
1.6087119579315186,,0.8360458612442017,,95,0.7726661562919617,,110129
2.064523458480835,,1.2485418319702148,,95,0.8159816265106201,,110139
1.718120813369751,,0.9430934190750122,,95,0.775027334690094,,110149
1.5362751483917236,,0.8559079766273499,,95,0.680367112159729,,110159
1.5610543489456177,,0.9168597459793091,,95,0.6441946029663086,,110169
1.5514111518859863,,0.905898928642273,,95,0.6455122232437134,,110179
1.6862268447875977,,0.9334044456481934,,95,0.7528224587440491,,110189
2.108210325241089,,1.1455061435699463,,95,0.9627041220664978,,110199
1.9812066555023193,,1.0544178485870361,,95,0.926788866519928,,110209
1.4221827983856201,,0.8101474046707153,,95,0.6120354533195496,,110219
1.6873607635498047,,0.9730083346366882,,95,0.7143524885177612,,110229
1.684356927871704,,0.9377323985099792,,95,0.7466245889663696,,110239
1.5794748067855835,,0.8653322458267212,,95,0.7141425609588623,,110249
1.731852650642395,,0.9065181612968445,,95,0.8253344893455505,,110259
1.6270102262496948,,0.8720346689224243,,95,0.7549755573272705,,110269
1.5684292316436768,,0.8742939829826355,,95,0.6941351890563965,,110279
1.8213486671447754,,0.9970285892486572,,95,0.8243201375007629,,110289
1.8244037628173828,,0.8611254692077637,,95,0.9632782340049744,,110299
1.5573418140411377,,0.816758930683136,,95,0.7405828237533569,,110309
1.6944785118103027,,0.8638588190078735,,95,0.8306196928024292,,110319
1.664536714553833,,0.9446910619735718,,95,0.7198456525802612,,110329
1.7810816764831543,,0.978822648525238,,95,0.8022590279579163,,110339
1.6935575008392334,,0.9633950591087341,,95,0.730162501335144,,110349
1.6712977886199951,,0.9832209348678589,,95,0.6880768537521362,,110359
1.8559188842773438,,0.9500101208686829,,95,0.9059087038040161,,110369
1.6105694770812988,,0.8772668242454529,,95,0.733302652835846,,110379
1.5539066791534424,,0.9328448176383972,,95,0.6210618615150452,,110389
1.941046953201294,,1.0254535675048828,,95,0.9155933856964111,,110399
2.041426658630371,,1.1060991287231445,,95,0.935327410697937,,110409
1.9859232902526855,,1.0052008628845215,,95,0.9807224273681641,,110419
1.4839012622833252,,0.8291248083114624,,95,0.6547764539718628,,110429
1.7023327350616455,,0.8806948065757751,,95,0.8216378688812256,,110439
1.4560563564300537,,0.881030797958374,,95,0.5750256180763245,,110449
1.606781244277954,,0.8122048377990723,,95,0.7945764660835266,,110459
1.518951416015625,,0.7976834774017334,,95,0.7212678790092468,,110469
1.7790005207061768,,1.0923209190368652,,95,0.6866795420646667,,110479
2.112239360809326,,1.3031476736068726,,95,0.8090917468070984,,110489
1.4754431247711182,,0.7833560705184937,,95,0.6920870542526245,,110499
1.7034447193145752,,0.9475561380386353,,95,0.7558886408805847,,110509
1.536797046661377,,0.8902737498283386,,95,0.6465233564376831,,110519
1.811277151107788,,1.0278915166854858,,95,0.783385694026947,,110529
1.6482096910476685,,0.9207481145858765,,95,0.727461576461792,,110539
1.9008649587631226,,0.9007449150085449,,95,1.0001200437545776,,110549
1.789705753326416,,0.9459668397903442,,95,0.8437389731407166,,110559
1.871429204940796,,1.0327125787734985,,95,0.8387166857719421,,110569
1.87507963180542,,1.0773988962173462,,95,0.7976807355880737,,110579
1.5188380479812622,,0.7826706171035767,,95,0.7361674308776855,,110589
1.4534915685653687,,0.8561991453170776,,95,0.597292423248291,,110599
1.8689401149749756,,1.0284333229064941,,95,0.8405067324638367,,110609
1.8036381006240845,,0.9430695176124573,,95,0.8605685830116272,,110619
1.7191414833068848,,1.0038570165634155,,95,0.7152844667434692,,110629
2.0973896980285645,,1.1070318222045898,,95,0.9903579354286194,,110639
2.0990357398986816,,1.1866179704666138,,95,0.9124177694320679,,110649
1.7776966094970703,,1.045304298400879,,95,0.7323922514915466,,110659
1.642677903175354,,0.9468419551849365,,95,0.6958359479904175,,110669
1.83920156955719,,0.9459686875343323,,95,0.8932328820228577,,110679
,1.7485541105270386,,0.9622123837471008,95,,0.786341667175293,110687
1.7203640937805176,,1.047022819519043,,96,0.6733413338661194,,110689
1.611847162246704,,0.8622851967811584,,96,0.7495620250701904,,110699
1.8374252319335938,,0.9813888072967529,,96,0.856036365032196,,110709
1.5581223964691162,,0.8558647632598877,,96,0.7022576928138733,,110719
1.7170028686523438,,0.9891088008880615,,96,0.727894127368927,,110729
1.4205795526504517,,0.7591639757156372,,96,0.6614155769348145,,110739
1.8580988645553589,,1.1376984119415283,,96,0.7204004526138306,,110749
1.7866339683532715,,1.0313878059387207,,96,0.755246102809906,,110759
1.6579453945159912,,0.9582012891769409,,96,0.6997441649436951,,110769
1.7455556392669678,,1.0837061405181885,,96,0.6618494391441345,,110779
1.659968376159668,,0.941757082939148,,96,0.7182113528251648,,110789
1.8093616962432861,,1.0202890634536743,,96,0.7890726327896118,,110799
1.638474464416504,,0.8750178813934326,,96,0.7634566426277161,,110809
1.9731223583221436,,0.9676775336265564,,96,1.005444884300232,,110819
1.4738752841949463,,0.7613226175308228,,96,0.7125526070594788,,110829
1.352280855178833,,0.7426475882530212,,96,0.609633207321167,,110839
1.6340150833129883,,0.8232182264328003,,96,0.8107969164848328,,110849
1.3910014629364014,,0.8367322087287903,,96,0.5542693138122559,,110859
2.008187770843506,,1.0217320919036865,,96,0.9864556193351746,,110869
1.8556830883026123,,1.1370153427124023,,96,0.7186678051948547,,110879
1.5134272575378418,,0.8938376307487488,,96,0.6195895671844482,,110889
1.4788694381713867,,0.8303062319755554,,96,0.6485632061958313,,110899
1.9046612977981567,,1.1006720066070557,,96,0.8039892911911011,,110909
1.6961251497268677,,0.9142554998397827,,96,0.781869649887085,,110919
1.63482666015625,,0.8081400394439697,,96,0.8266866207122803,,110929
1.9160667657852173,,1.0073333978652954,,96,0.9087333679199219,,110939
1.7375578880310059,,0.9519723057746887,,96,0.7855855822563171,,110949
1.7418968677520752,,1.0128920078277588,,96,0.7290049195289612,,110959
1.7337757349014282,,0.9971447587013245,,96,0.7366309762001038,,110969
1.6110079288482666,,0.9251351356506348,,96,0.6858727931976318,,110979
1.4194400310516357,,0.7972396612167358,,96,0.6222003698348999,,110989
1.4857749938964844,,0.9020354747772217,,96,0.5837394595146179,,110999
1.5034818649291992,,0.8517828583717346,,96,0.6516990661621094,,111009
1.9476327896118164,,1.0805071592330933,,96,0.8671256899833679,,111019
1.7539045810699463,,0.9670714735984802,,96,0.7868331670761108,,111029
1.7090712785720825,,0.9461038112640381,,96,0.7629674673080444,,111039
1.725333571434021,,0.9022887349128723,,96,0.8230448365211487,,111049
1.859321117401123,,0.977768063545227,,96,0.881553053855896,,111059
1.938421368598938,,1.007751703262329,,96,0.9306696653366089,,111069
1.4641473293304443,,0.8660539388656616,,96,0.5980934500694275,,111079
1.612678050994873,,0.9718506932258606,,96,0.6408274173736572,,111089
1.8349175453186035,,0.9045023918151855,,96,0.9304150938987732,,111099
2.1080472469329834,,1.226020336151123,,96,0.8820268511772156,,111109
1.7669072151184082,,1.024491786956787,,96,0.7424153685569763,,111119
1.4764137268066406,,1.001547932624817,,96,0.47486576437950134,,111129
1.5714623928070068,,0.8586346507072449,,96,0.7128276824951172,,111139
1.8703333139419556,,0.9474536180496216,,96,0.922879695892334,,111149
1.3942841291427612,,0.7293485403060913,,96,0.6649355888366699,,111159
1.8794801235198975,,1.076256513595581,,96,0.8032236695289612,,111169
1.8923794031143188,,1.0265939235687256,,96,0.8657854795455933,,111179
1.8538943529129028,,1.0466465950012207,,96,0.8072477579116821,,111189
1.422706127166748,,0.7698937654495239,,96,0.6528123617172241,,111199
1.3279504776000977,,0.7643243074417114,,96,0.5636261105537415,,111209
2.2207183837890625,,1.1666879653930664,,96,1.054030418395996,,111219
1.86043381690979,,0.9608641862869263,,96,0.8995696902275085,,111229
1.8443691730499268,,0.9662871360778809,,96,0.8780819773674011,,111239
1.6610941886901855,,0.9261322021484375,,96,0.734961986541748,,111249
1.6158370971679688,,0.8654730916023254,,96,0.7503640055656433,,111259
1.7356057167053223,,0.8987900018692017,,96,0.8368157744407654,,111269
1.7650368213653564,,1.1065924167633057,,96,0.658444344997406,,111279
1.5882396697998047,,0.8933761119842529,,96,0.6948635578155518,,111289
1.7733345031738281,,1.0206876993179321,,96,0.752646803855896,,111299
1.8666940927505493,,1.0293364524841309,,96,0.8373576402664185,,111309
1.6504385471343994,,0.9479538202285767,,96,0.7024847269058228,,111319
1.7848126888275146,,0.9985538721084595,,96,0.7862588763237,,111329
1.7997665405273438,,1.0079562664031982,,96,0.7918102145195007,,111339
1.5192221403121948,,0.878991425037384,,96,0.6402307152748108,,111349
2.0766732692718506,,1.183262825012207,,96,0.8934104442596436,,111359
1.7040112018585205,,1.0053825378417969,,96,0.6986286044120789,,111369
1.5609700679779053,,0.8695475459098816,,96,0.6914225220680237,,111379
1.698578119277954,,0.891075611114502,,96,0.8075025081634521,,111389
1.6463617086410522,,0.972094714641571,,96,0.6742669939994812,,111399
2.1980113983154297,,1.2193567752838135,,96,0.9786545634269714,,111409
1.6148185729980469,,0.9533712863922119,,96,0.6614473462104797,,111419
1.5401837825775146,,0.8331546783447266,,96,0.7070290446281433,,111429
1.671994924545288,,0.9146239757537842,,96,0.7573708891868591,,111439
1.6847047805786133,,0.8828359246253967,,96,0.8018688559532166,,111449
1.939521074295044,,1.035660743713379,,96,0.9038602709770203,,111459
1.570051670074463,,0.8021988868713379,,96,0.7678527235984802,,111469
1.5411685705184937,,0.8399739265441895,,96,0.7011946439743042,,111479
1.7058937549591064,,1.0742511749267578,,96,0.6316425204277039,,111489
1.7240800857543945,,0.9156513810157776,,96,0.8084287047386169,,111499
1.7807003259658813,,0.898693323135376,,96,0.8820070028305054,,111509
1.8778578042984009,,0.9828991293907166,,96,0.8949586749076843,,111519
2.20818829536438,,1.1691635847091675,,96,1.0390247106552124,,111529
2.2134764194488525,,1.3123621940612793,,96,0.9011142253875732,,111539
1.5681382417678833,,0.7995056509971619,,96,0.7686325907707214,,111549
1.5905647277832031,,0.8593003749847412,,96,0.7312644124031067,,111559
1.709334373474121,,1.0098930597305298,,96,0.6994413137435913,,111569
1.9277821779251099,,1.0830366611480713,,96,0.8447455167770386,,111579
1.9765441417694092,,1.1050589084625244,,96,0.8714852929115295,,111589
1.5767672061920166,,0.8476674556732178,,96,0.729099690914154,,111599
1.923888921737671,,0.9556797742843628,,96,0.9682092070579529,,111609
1.9426422119140625,,1.0523203611373901,,96,0.8903218507766724,,111619
1.7065505981445312,,0.8995609283447266,,96,0.8069896697998047,,111629
1.6018726825714111,,0.9989336729049683,,96,0.6029389500617981,,111639
1.6757659912109375,,0.959145188331604,,96,0.7166208028793335,,111649
1.5642825365066528,,0.9236265420913696,,96,0.6406559944152832,,111659
1.9759669303894043,,1.131355881690979,,96,0.8446111083030701,,111669
1.9797217845916748,,1.0659695863723755,,96,0.9137521982192993,,111679
1.4531898498535156,,0.8200170993804932,,96,0.6331728100776672,,111689
1.3009620904922485,,0.7830187082290649,,96,0.5179433822631836,,111699
1.6261842250823975,,0.9396237134933472,,96,0.6865605115890503,,111709
1.463886022567749,,0.8013838529586792,,96,0.6625021696090698,,111719
1.9949679374694824,,1.0761423110961914,,96,0.9188256859779358,,111729
1.937060832977295,,1.0598857402801514,,96,0.8771750926971436,,111739
1.5813493728637695,,0.8726387023925781,,96,0.7087106108665466,,111749
1.9544246196746826,,1.0879149436950684,,96,0.8665096759796143,,111759
1.820894479751587,,0.9562708139419556,,96,0.8646236062049866,,111769
1.75542151927948,,0.8717900514602661,,96,0.8836314678192139,,111779
1.5321671962738037,,0.8702539205551147,,96,0.6619133353233337,,111789
1.4913082122802734,,0.9014996290206909,,96,0.5898085236549377,,111799
1.7041130065917969,,0.8983191251754761,,96,0.805793821811676,,111809
1.749706745147705,,1.0099529027938843,,96,0.7397539019584656,,111819
2.0313639640808105,,1.142851710319519,,96,0.8885122537612915,,111829
1.8412662744522095,,0.9119309186935425,,96,0.929335355758667,,111839
,1.7335413694381714,,0.9584115743637085,96,,0.7751297950744629,111840
1.519815444946289,,0.7406026124954224,,97,0.7792127728462219,,111849
1.827824592590332,,1.106407880783081,,97,0.7214166522026062,,111859
2.0152804851531982,,1.037238359451294,,97,0.9780421853065491,,111869
2.284970760345459,,1.210637092590332,,97,1.0743335485458374,,111879
1.6128034591674805,,0.8526010513305664,,97,0.7602024674415588,,111889
1.6729371547698975,,0.8671444654464722,,97,0.8057926893234253,,111899
1.6852588653564453,,0.8975852727890015,,97,0.7876736521720886,,111909
1.813849925994873,,1.0223143100738525,,97,0.7915356755256653,,111919
1.971942663192749,,1.0729296207427979,,97,0.8990130424499512,,111929
1.5042859315872192,,0.8067227602005005,,97,0.6975631713867188,,111939
1.6943516731262207,,0.9413363933563232,,97,0.7530152797698975,,111949
1.6332658529281616,,0.9218493103981018,,97,0.7114165425300598,,111959
1.4371665716171265,,0.7952147722244263,,97,0.6419517993927002,,111969
1.6822174787521362,,0.9866818189620972,,97,0.6955356597900391,,111979
1.9583189487457275,,1.0618722438812256,,97,0.8964466452598572,,111989
1.7777924537658691,,0.9478200078010559,,97,0.8299724459648132,,111999
1.8863530158996582,,0.9955625534057617,,97,0.8907904624938965,,112009
1.6229751110076904,,0.9147214889526367,,97,0.7082535624504089,,112019
1.4039148092269897,,0.7280579805374146,,97,0.6758568286895752,,112029
1.9762885570526123,,0.9642474055290222,,97,1.0120412111282349,,112039
1.799696683883667,,0.8631678819656372,,97,0.9365288615226746,,112049
1.344635248184204,,0.789158821105957,,97,0.5554763674736023,,112059
1.758471965789795,,1.0685245990753174,,97,0.6899474263191223,,112069
1.376288890838623,,0.7945038080215454,,97,0.5817850828170776,,112079
1.598344087600708,,0.9259915351867676,,97,0.6723524928092957,,112089
1.5482714176177979,,0.8052427768707275,,97,0.7430286407470703,,112099
1.7952654361724854,,1.103425145149231,,97,0.6918403506278992,,112109
1.8677220344543457,,1.0059224367141724,,97,0.8617996573448181,,112119
1.7286262512207031,,0.9357497692108154,,97,0.7928764820098877,,112129
1.8123161792755127,,0.9064159393310547,,97,0.905900239944458,,112139
1.6231964826583862,,0.7649562358856201,,97,0.8582402467727661,,112149
1.50917387008667,,0.8466858267784119,,97,0.6624879837036133,,112159
1.5857689380645752,,0.8746719360351562,,97,0.711097002029419,,112169
1.9219481945037842,,1.041017770767212,,97,0.880930483341217,,112179
1.8019652366638184,,0.962944507598877,,97,0.8390207886695862,,112189
2.200500965118408,,1.1393877267837524,,97,1.0611131191253662,,112199
1.4335711002349854,,0.8052975535392761,,97,0.628273606300354,,112209
1.513534665107727,,0.8387479186058044,,97,0.6747867465019226,,112219
1.4308710098266602,,0.8337835669517517,,97,0.5970873832702637,,112229
1.8731058835983276,,0.9872595071792603,,97,0.8858463764190674,,112239
1.7929643392562866,,0.8855133056640625,,97,0.9074510335922241,,112249
1.796161413192749,,1.0723048448562622,,97,0.723856508731842,,112259
1.6394662857055664,,0.8658340573310852,,97,0.7736321687698364,,112269
1.6546854972839355,,0.9622280597686768,,97,0.692457377910614,,112279
1.73794686794281,,1.0397839546203613,,97,0.6981629133224487,,112289
1.8081254959106445,,1.0361589193344116,,97,0.7719665765762329,,112299
1.4268505573272705,,0.7933963537216187,,97,0.6334541440010071,,112309
1.8886802196502686,,1.0733704566955566,,97,0.8153098225593567,,112319
1.6833738088607788,,0.8315958976745605,,97,0.8517779111862183,,112329
1.310766339302063,,0.7685933113098145,,97,0.5421730279922485,,112339
1.8489618301391602,,1.0428067445755005,,97,0.8061550259590149,,112349
1.620711088180542,,0.9681007266044617,,97,0.6526103615760803,,112359
1.464807391166687,,0.8073151707649231,,97,0.6574922204017639,,112369
1.8515735864639282,,1.062814474105835,,97,0.7887591123580933,,112379
1.6069496870040894,,0.8375009298324585,,97,0.7694487571716309,,112389
1.6509132385253906,,0.8777439594268799,,97,0.7731692790985107,,112399
1.9111037254333496,,1.0828866958618164,,97,0.828217089176178,,112409
1.641160249710083,,0.9303286671638489,,97,0.7108315825462341,,112419
2.08575439453125,,1.2293070554733276,,97,0.8564473390579224,,112429
1.949422001838684,,1.043546438217163,,97,0.905875563621521,,112439
1.7699854373931885,,1.0694164037704468,,97,0.7005690336227417,,112449
1.9791556596755981,,1.1437654495239258,,97,0.8353902101516724,,112459
1.8882324695587158,,1.0928192138671875,,97,0.7954133152961731,,112469
1.5432745218276978,,0.851295530796051,,97,0.6919789910316467,,112479
1.60079026222229,,0.901616632938385,,97,0.6991736888885498,,112489
1.8675639629364014,,1.0017024278640747,,97,0.8658615946769714,,112499
1.6467714309692383,,0.9448635578155518,,97,0.7019078135490417,,112509
1.7664467096328735,,0.9375981688499451,,97,0.8288485407829285,,112519
2.2107996940612793,,1.2173123359680176,,97,0.9934874176979065,,112529
1.8254952430725098,,1.1198325157165527,,97,0.7056626677513123,,112539
1.3797565698623657,,0.7349075078964233,,97,0.6448490619659424,,112549
1.794912338256836,,0.9231953620910645,,97,0.8717170357704163,,112559
1.8284296989440918,,1.0198262929916382,,97,0.8086034655570984,,112569
1.9777350425720215,,1.1808350086212158,,97,0.7968999743461609,,112579
2.170236349105835,,1.0836875438690186,,97,1.0865488052368164,,112589
1.529617190361023,,0.8849377632141113,,97,0.6446794271469116,,112599
1.7737715244293213,,0.957191526889801,,97,0.8165799379348755,,112609
1.6051008701324463,,0.8563422560691833,,97,0.7487585544586182,,112619
1.9188951253890991,,1.0021297931671143,,97,0.9167653322219849,,112629
1.8108744621276855,,0.9961210489273071,,97,0.8147534132003784,,112639
1.6012680530548096,,0.9492275714874268,,97,0.6520404815673828,,112649
1.9194941520690918,,0.98729407787323,,97,0.932200014591217,,112659
1.29226553440094,,0.6503822803497314,,97,0.6418832540512085,,112669
1.6414215564727783,,0.876396894454956,,97,0.765024721622467,,112679
1.722301959991455,,0.8931819200515747,,97,0.8291200995445251,,112689
1.8644697666168213,,1.0242421627044678,,97,0.8402276635169983,,112699
1.6129961013793945,,0.9141885042190552,,97,0.6988075971603394,,112709
1.968476414680481,,1.0284041166305542,,97,0.9400722980499268,,112719
1.7708319425582886,,0.9011496305465698,,97,0.8696823120117188,,112729
1.517742395401001,,0.8111239671707153,,97,0.7066183686256409,,112739
1.4050343036651611,,0.7660199403762817,,97,0.6390143036842346,,112749
1.8622987270355225,,1.0010662078857422,,97,0.861232578754425,,112759
1.5765480995178223,,0.8135042190551758,,97,0.7630439400672913,,112769
1.624577283859253,,0.8454407453536987,,97,0.7791364789009094,,112779
1.3416208028793335,,0.7139568328857422,,97,0.6276639699935913,,112789
1.7025113105773926,,0.9452285170555115,,97,0.7572827935218811,,112799
1.7754526138305664,,0.8788636922836304,,97,0.8965889811515808,,112809
1.6620723009109497,,0.9593695402145386,,97,0.7027027606964111,,112819
2.1742687225341797,,1.1601669788360596,,97,1.0141017436981201,,112829
1.7079613208770752,,0.9152376055717468,,97,0.7927237153053284,,112839
1.6324455738067627,,0.8370755314826965,,97,0.7953699827194214,,112849
1.9049984216690063,,1.0711055994033813,,97,0.833892822265625,,112859
1.6841871738433838,,0.9857139587402344,,97,0.6984731554985046,,112869
1.524820327758789,,0.7808327078819275,,97,0.7439875602722168,,112879
1.9423611164093018,,1.0231139659881592,,97,0.9192472100257874,,112889
1.5830841064453125,,0.9096407890319824,,97,0.6734433770179749,,112899
2.044586420059204,,1.1023242473602295,,97,0.9422622323036194,,112909
1.5329461097717285,,0.7840214967727661,,97,0.7489245533943176,,112919
1.4869728088378906,,0.8322816491127014,,97,0.654691219329834,,112929
1.5942744016647339,,0.8711803555488586,,97,0.7230940461158752,,112939
1.7151179313659668,,0.8988637328147888,,97,0.8162542581558228,,112949
1.5303834676742554,,0.9320098757743835,,97,0.5983735918998718,,112959
1.8596887588500977,,0.9647828936576843,,97,0.8949059247970581,,112969
1.7136285305023193,,0.9561539888381958,,97,0.7574746012687683,,112979
1.5547986030578613,,0.838736355304718,,97,0.7160623073577881,,112989
,1.7183390855789185,,0.9506202936172485,97,,0.7677187323570251,112993
1.4773869514465332,,0.7852560877799988,,98,0.6921308636665344,,112999
2.0237209796905518,,1.1918151378631592,,98,0.8319057822227478,,113009
1.5791444778442383,,0.9048033952713013,,98,0.674341082572937,,113019
1.6155006885528564,,0.9936567544937134,,98,0.6218439340591431,,113029
1.566248893737793,,0.8218575716018677,,98,0.7443912625312805,,113039
1.4052096605300903,,0.7065327167510986,,98,0.6986769437789917,,113049
1.6219393014907837,,0.827079176902771,,98,0.7948601245880127,,113059
1.917060136795044,,0.9936801195144653,,98,0.9233800172805786,,113069
1.9243643283843994,,0.9721625447273254,,98,0.9522018432617188,,113079
1.8140082359313965,,1.0178728103637695,,98,0.7961353659629822,,113089
1.7513084411621094,,0.9439737200737,,98,0.8073347806930542,,113099
1.607398271560669,,0.9229415655136108,,98,0.6844567060470581,,113109
1.680372953414917,,1.0560753345489502,,98,0.6242976188659668,,113119
1.6178758144378662,,0.951958179473877,,98,0.6659175753593445,,113129
2.141836166381836,,1.1779316663742065,,98,0.963904619216919,,113139
1.4918173551559448,,0.7695221900939941,,98,0.7222951650619507,,113149
1.702255129814148,,1.060394287109375,,98,0.641860842704773,,113159
1.4074630737304688,,0.7266360521316528,,98,0.6808270215988159,,113169
1.652930736541748,,0.8549457788467407,,98,0.7979849576950073,,113179
1.8011184930801392,,0.8821871280670166,,98,0.9189313650131226,,113189
1.6448132991790771,,0.9030541777610779,,98,0.7417591214179993,,113199
1.7176218032836914,,0.9307350516319275,,98,0.7868867516517639,,113209
1.655977725982666,,0.9396562576293945,,98,0.7163215279579163,,113219
1.9749619960784912,,1.237921118736267,,98,0.7370408773422241,,113229
1.6577484607696533,,0.9520379304885864,,98,0.7057105898857117,,113239
1.697298288345337,,0.8934021592140198,,98,0.8038960695266724,,113249
1.4983081817626953,,0.8382968902587891,,98,0.6600112915039062,,113259
1.5761351585388184,,0.8455229997634888,,98,0.7306122183799744,,113269
2.043257236480713,,1.1821184158325195,,98,0.8611388802528381,,113279
1.5287470817565918,,0.7742395401000977,,98,0.7545076012611389,,113289
1.729569673538208,,0.9266306757926941,,98,0.8029389381408691,,113299
1.9916938543319702,,1.2102309465408325,,98,0.7814629077911377,,113309
1.3973357677459717,,0.7476364374160767,,98,0.6496993899345398,,113319
1.7089964151382446,,0.8627231121063232,,98,0.8462733030319214,,113329
1.4931256771087646,,0.7931373715400696,,98,0.6999883651733398,,113339
1.8154292106628418,,0.9248197078704834,,98,0.8906095623970032,,113349
1.4971494674682617,,0.8201096057891846,,98,0.6770398020744324,,113359
1.5877313613891602,,0.8320773243904114,,98,0.755653977394104,,113369
2.0213258266448975,,1.1735081672668457,,98,0.847817599773407,,113379
1.7388441562652588,,1.02186918258667,,98,0.7169749736785889,,113389
2.074740409851074,,1.0775777101516724,,98,0.9971626996994019,,113399
2.050701141357422,,1.056613802909851,,98,0.9940873384475708,,113409
1.6662408113479614,,0.9063447713851929,,98,0.7598960399627686,,113419
1.9476027488708496,,1.031186819076538,,98,0.9164159893989563,,113429
1.3509701490402222,,0.7475787401199341,,98,0.6033914089202881,,113439
1.97871994972229,,1.1035079956054688,,98,0.8752120137214661,,113449
2.1930065155029297,,1.3601675033569336,,98,0.8328388929367065,,113459
1.4393482208251953,,0.8995457887649536,,98,0.5398024320602417,,113469
1.6226210594177246,,0.8903505802154541,,98,0.7322704195976257,,113479
1.6345596313476562,,0.9533802270889282,,98,0.6811794638633728,,113489
1.859171748161316,,0.9925798177719116,,98,0.8665919303894043,,113499
1.6857092380523682,,0.867414116859436,,98,0.8182951211929321,,113509
1.8269658088684082,,0.9832487106323242,,98,0.843717098236084,,113519
1.9396209716796875,,1.0934417247772217,,98,0.846179187297821,,113529
1.6694300174713135,,0.9124626517295837,,98,0.7569674253463745,,113539
1.7347784042358398,,0.927436113357544,,98,0.8073422312736511,,113549
1.520469307899475,,0.9303430914878845,,98,0.5901262164115906,,113559
1.3926854133605957,,0.754132866859436,,98,0.6385525465011597,,113569
1.468008041381836,,0.8339326977729797,,98,0.634075403213501,,113579
1.606008768081665,,0.7695457935333252,,98,0.8364629149436951,,113589
1.5326306819915771,,0.8271251916885376,,98,0.7055055499076843,,113599
1.3580677509307861,,0.7379001379013062,,98,0.62016761302948,,113609
1.677733302116394,,0.9350554943084717,,98,0.7426778078079224,,113619
1.6592851877212524,,0.8690834045410156,,98,0.7902017831802368,,113629
1.7305282354354858,,0.8197544813156128,,98,0.910773754119873,,113639
2.0450191497802734,,1.0685245990753174,,98,0.976494550704956,,113649
1.9251855611801147,,1.0088785886764526,,98,0.9163069725036621,,113659
1.7968844175338745,,0.9309340715408325,,98,0.865950345993042,,113669
1.7263498306274414,,1.0079317092895508,,98,0.7184181213378906,,113679
1.8619468212127686,,0.9902694821357727,,98,0.8716773986816406,,113689
1.6303961277008057,,0.9313892126083374,,98,0.6990068554878235,,113699
1.9081087112426758,,0.9245984554290771,,98,0.9835102558135986,,113709
1.66911780834198,,1.0194095373153687,,98,0.6497082710266113,,113719
2.2591893672943115,,1.26487398147583,,98,0.9943153262138367,,113729
1.597353458404541,,0.9048939943313599,,98,0.6924595236778259,,113739
1.3695745468139648,,0.7096385955810547,,98,0.6599360108375549,,113749
1.6077566146850586,,0.8127217292785645,,98,0.7950349450111389,,113759
1.7687041759490967,,0.9520689249038696,,98,0.816635251045227,,113769
1.6852632761001587,,0.9137464761734009,,98,0.7715167999267578,,113779
1.6110355854034424,,0.914901852607727,,98,0.6961337327957153,,113789
1.9885828495025635,,1.0266475677490234,,98,0.9619353413581848,,113799
1.3154549598693848,,0.7863729000091553,,98,0.5290820002555847,,113809
1.8445799350738525,,1.0860252380371094,,98,0.7585546374320984,,113819
1.7183074951171875,,0.9531246423721313,,98,0.7651827931404114,,113829
1.7721729278564453,,0.9111095666885376,,98,0.8610633015632629,,113839
1.538492202758789,,0.8935483694076538,,98,0.6449438333511353,,113849
1.9395763874053955,,1.1023499965667725,,98,0.8372264504432678,,113859
1.759581446647644,,0.9731648564338684,,98,0.7864165902137756,,113869
2.0109848976135254,,1.0963082313537598,,98,0.9146766662597656,,113879
1.3212393522262573,,0.7233541011810303,,98,0.597885251045227,,113889
1.5641884803771973,,0.907137393951416,,98,0.6570510864257812,,113899
1.9911589622497559,,1.1058194637298584,,98,0.8853394389152527,,113909
1.601436734199524,,0.9047040343284607,,98,0.6967326998710632,,113919
1.7191286087036133,,0.942541241645813,,98,0.7765873074531555,,113929
1.6617090702056885,,0.9453643560409546,,98,0.7163446545600891,,113939
1.546573519706726,,0.8770128488540649,,98,0.6695606708526611,,113949
1.6430296897888184,,0.8643791079521179,,98,0.7786505222320557,,113959
1.3831796646118164,,0.7786061763763428,,98,0.6045734882354736,,113969
1.527573585510254,,0.8712964057922363,,98,0.6562771201133728,,113979
2.05289626121521,,1.0991202592849731,,98,0.953775942325592,,113989
1.486236810684204,,0.7508959174156189,,98,0.73534095287323,,113999
2.042189598083496,,1.1300190687179565,,98,0.9121705293655396,,114009
1.4261903762817383,,0.8015838265419006,,98,0.6246064901351929,,114019
1.8457387685775757,,1.050754427909851,,98,0.7949843406677246,,114029
2.0228748321533203,,1.0796070098876953,,98,0.9432677030563354,,114039
1.5466892719268799,,0.974662184715271,,98,0.5720270276069641,,114049
2.042243003845215,,1.1782760620117188,,98,0.8639668822288513,,114059
1.6326913833618164,,0.840094804763794,,98,0.7925966382026672,,114069
1.5019006729125977,,0.8122044205665588,,98,0.6896962523460388,,114079
1.6629774570465088,,0.9394348859786987,,98,0.7235426306724548,,114089
1.7562923431396484,,1.1164302825927734,,98,0.6398621201515198,,114099
1.953026294708252,,1.1647487878799438,,98,0.7882775664329529,,114109
1.5448415279388428,,0.77374666929245,,98,0.7710948586463928,,114119
1.91264808177948,,1.0029006004333496,,98,0.9097474813461304,,114129
1.650323748588562,,0.9979445338249207,,98,0.6523792147636414,,114139
,1.7282370328903198,,0.9521717429161072,98,,0.7760652899742126,114146
1.3271336555480957,,0.764126181602478,,99,0.5630075335502625,,114149
1.7221999168395996,,0.9401201009750366,,99,0.7820798754692078,,114159
1.5976998805999756,,0.8581514358520508,,99,0.73954838514328,,114169
1.670048713684082,,0.9117674827575684,,99,0.7582812905311584,,114179
1.9614595174789429,,0.9460294246673584,,99,1.0154300928115845,,114189
1.9689340591430664,,1.1622698307037354,,99,0.806664228439331,,114199
1.9374693632125854,,1.1137292385101318,,99,0.8237401247024536,,114209
2.179922580718994,,1.3183481693267822,,99,0.8615744709968567,,114219
1.8472366333007812,,0.9436377286911011,,99,0.9035989046096802,,114229
1.61750328540802,,0.9816032648086548,,99,0.6359000205993652,,114239
1.6131926774978638,,0.9038345813751221,,99,0.7093580961227417,,114249
1.4723820686340332,,0.7132401466369629,,99,0.7591419816017151,,114259
1.7604293823242188,,1.0036065578460693,,99,0.7568228840827942,,114269
1.772522211074829,,0.8653326630592346,,99,0.9071895480155945,,114279
2.1679491996765137,,1.342312216758728,,99,0.8256371021270752,,114289
1.8071033954620361,,1.021851897239685,,99,0.7852514982223511,,114299
1.7342140674591064,,1.0014474391937256,,99,0.7327666878700256,,114309
1.6201831102371216,,0.8997269868850708,,99,0.7204561233520508,,114319
1.5864168405532837,,0.8476083278656006,,99,0.7388085126876831,,114329
1.7329343557357788,,0.9219031929969788,,99,0.8110311627388,,114339
1.8609262704849243,,1.0121057033538818,,99,0.8488205671310425,,114349
1.5192010402679443,,0.78476482629776,,99,0.7344362735748291,,114359
1.8955483436584473,,1.0317440032958984,,99,0.863804280757904,,114369
1.7287578582763672,,1.0188732147216797,,99,0.7098846435546875,,114379
1.6945981979370117,,0.8847564458847046,,99,0.8098418116569519,,114389
1.6477675437927246,,0.9381600618362427,,99,0.7096074819564819,,114399
1.8569386005401611,,1.1133570671081543,,99,0.7435814738273621,,114409
1.4055217504501343,,0.8122598528862,,99,0.5932618975639343,,114419
1.6575247049331665,,0.7891954183578491,,99,0.8683292865753174,,114429
1.3543577194213867,,0.7963239550590515,,99,0.5580337047576904,,114439
1.8590246438980103,,1.0375850200653076,,99,0.8214396238327026,,114449
1.390373706817627,,0.7620595693588257,,99,0.6283140778541565,,114459
1.7347981929779053,,0.8347721099853516,,99,0.9000261425971985,,114469
1.6972150802612305,,0.9842585325241089,,99,0.7129565477371216,,114479
1.5331251621246338,,0.7062368392944336,,99,0.8268883228302002,,114489
1.61376953125,,0.9142600893974304,,99,0.6995095014572144,,114499
1.6985962390899658,,0.973862886428833,,99,0.7247333526611328,,114509
1.8816542625427246,,0.982865571975708,,99,0.8987887501716614,,114519
1.5502827167510986,,0.9447221755981445,,99,0.6055606007575989,,114529
1.725498080253601,,0.9932636022567749,,99,0.7322344779968262,,114539
1.6490983963012695,,0.8774493932723999,,99,0.7716490030288696,,114549
1.654015302658081,,0.8809507489204407,,99,0.7730645537376404,,114559
1.4558305740356445,,0.840370774269104,,99,0.6154597401618958,,114569
1.7444324493408203,,1.0892707109451294,,99,0.6551617980003357,,114579
1.5350561141967773,,0.859937310218811,,99,0.6751187443733215,,114589
1.820138931274414,,0.9699368476867676,,99,0.8502020835876465,,114599
1.48590087890625,,0.8722313046455383,,99,0.6136696338653564,,114609
1.3499997854232788,,0.719131588935852,,99,0.6308681964874268,,114619
1.6584219932556152,,0.951137363910675,,99,0.7072846293449402,,114629
1.7577545642852783,,0.9066494703292847,,99,0.8511051535606384,,114639
1.9430572986602783,,0.9621720910072327,,99,0.9808851480484009,,114649
1.5413334369659424,,0.8163298964500427,,99,0.7250034809112549,,114659
1.6336047649383545,,0.8002607822418213,,99,0.833344042301178,,114669
1.6845085620880127,,0.9650026559829712,,99,0.7195059061050415,,114679
1.8780581951141357,,1.142135500907898,,99,0.7359227538108826,,114689
1.967479944229126,,1.1063345670700073,,99,0.8611454367637634,,114699
1.9662857055664062,,1.1085914373397827,,99,0.8576942086219788,,114709
1.3324897289276123,,0.7842507362365723,,99,0.5482390522956848,,114719
1.6583311557769775,,0.9106326699256897,,99,0.7476984262466431,,114729
1.7508360147476196,,1.0142853260040283,,99,0.7365506887435913,,114739
1.6190874576568604,,0.9418043494224548,,99,0.6772831678390503,,114749
1.8000977039337158,,1.036177635192871,,99,0.7639200091362,,114759
1.6678194999694824,,0.9754248857498169,,99,0.6923945546150208,,114769
1.5924108028411865,,0.9423266053199768,,99,0.6500842571258545,,114779
1.9656763076782227,,1.0461342334747314,,99,0.9195420145988464,,114789
1.6628937721252441,,0.8405179977416992,,99,0.8223757743835449,,114799
1.8301594257354736,,0.8888486623764038,,99,0.941310703754425,,114809
1.5706055164337158,,0.8442517518997192,,99,0.7263537645339966,,114819
1.250262975692749,,0.7302137017250061,,99,0.5200492143630981,,114829
1.9053723812103271,,1.0379002094268799,,99,0.867472231388092,,114839
1.64581298828125,,0.892838716506958,,99,0.7529742121696472,,114849
1.431570291519165,,0.7765601873397827,,99,0.6550101041793823,,114859
2.1786270141601562,,1.1233763694763184,,99,1.0552505254745483,,114869
1.4834400415420532,,0.8423265814781189,,99,0.6411134600639343,,114879
1.5690290927886963,,0.8740506172180176,,99,0.6949784755706787,,114889
1.6421942710876465,,0.8780369758605957,,99,0.7641573548316956,,114899
1.7568421363830566,,0.8951234221458435,,99,0.8617187142372131,,114909
2.0312819480895996,,1.130791187286377,,99,0.9004907011985779,,114919
1.5822936296463013,,0.8762496113777161,,99,0.7060440182685852,,114929
1.9497710466384888,,1.110120415687561,,99,0.8396506309509277,,114939
1.6281156539916992,,0.8752773404121399,,99,0.7528383135795593,,114949
1.8911055326461792,,1.0637822151184082,,99,0.827323317527771,,114959
1.3240503072738647,,0.6999037861824036,,99,0.6241465210914612,,114969
1.501238465309143,,0.8549311757087708,,99,0.6463072896003723,,114979
2.041322708129883,,1.1342840194702148,,99,0.9070385694503784,,114989
1.6192243099212646,,0.9196662902832031,,99,0.6995579600334167,,114999
1.7021193504333496,,0.9198994636535645,,99,0.7822198271751404,,115009
1.6683388948440552,,0.8488237857818604,,99,0.8195151090621948,,115019
1.8510053157806396,,1.152966022491455,,99,0.6980392336845398,,115029
2.011706829071045,,1.0699567794799805,,99,0.941750168800354,,115039
1.3635315895080566,,0.7807830572128296,,99,0.582748532295227,,115049
1.7223010063171387,,0.8725656867027283,,99,0.8497352600097656,,115059
1.6250414848327637,,0.9511361718177795,,99,0.6739053130149841,,115069
2.3811190128326416,,1.2163777351379395,,99,1.1647412776947021,,115079
1.862053632736206,,1.051955223083496,,99,0.8100984692573547,,115089
1.3460984230041504,,0.8274660110473633,,99,0.5186324119567871,,115099
1.8315225839614868,,0.9739438891410828,,99,0.857578694820404,,115109
2.071258068084717,,1.039660096168518,,99,1.0315979719161987,,115119
1.670410394668579,,0.9402115345001221,,99,0.7301989197731018,,115129
1.8184053897857666,,0.8534151315689087,,99,0.9649903178215027,,115139
1.7565689086914062,,0.9872554540634155,,99,0.7693135142326355,,115149
1.8912303447723389,,1.1289169788360596,,99,0.7623133659362793,,115159
2.098170280456543,,1.1379728317260742,,99,0.9601975679397583,,115169
2.0056183338165283,,1.1686170101165771,,99,0.8370013236999512,,115179
1.7167248725891113,,0.9410545825958252,,99,0.7756702899932861,,115189
2.000061511993408,,1.066650390625,,99,0.9334110617637634,,115199
1.2739818096160889,,0.741311252117157,,99,0.5326705574989319,,115209
2.0129828453063965,,1.1081552505493164,,99,0.9048277139663696,,115219
1.5598104000091553,,0.8149408102035522,,99,0.744869589805603,,115229
1.4785387516021729,,0.8447548747062683,,99,0.6337838172912598,,115239
1.7706694602966309,,0.8953454494476318,,99,0.8753239512443542,,115249
1.6996146440505981,,0.9322530627250671,,99,0.767361581325531,,115259
1.8707420825958252,,1.0677473545074463,,99,0.8029947876930237,,115269
1.685107707977295,,0.9074403643608093,,99,0.7776672840118408,,115279
1.7357892990112305,,0.8521692752838135,,99,0.883620023727417,,115289
1.5572046041488647,,0.9416487216949463,,99,0.6155558824539185,,115299
,1.70895516872406,,0.941394031047821,99,,0.767561137676239,115299
