epoch,step,total_grad_norm,total_weight_norm,train_auc_eval,train_f1_eval,train_loss,train_loss_epoch,train_loss_eval,train_map_eval,val_auc,val_auc_eval,val_f1,val_f1_eval,val_loss,val_loss_eval,val_map,val_map_eval
0,0,,,0.494937539100647,0.01858346536755562,,,0.1009892719500754,0.0149530665948987,,0.4976730942726135,,0.018897362053394318,,0.10041434011584176,,0.01652643270790577
0,9,,,,,0.13928449153900146,,,,,,,,,,,
0,19,,,,,0.0604674331843853,,,,,,,,,,,
0,29,,,,,0.042778804898262024,,,,,,,,,,,
0,39,,,,,0.03705331310629845,,,,,,,,,,,
0,49,,,,,0.027087833732366562,,,,,,,,,,,
0,59,,,,,0.022020211443305016,,,,,,,,,,,
0,69,,,,,0.011370101943612099,,,,,,,,,,,
0,79,,,,,0.008601385168731213,,,,,,,,,,,
0,89,,,,,0.00923123024404049,,,,,,,,,,,
0,99,,,,,0.011452317237854004,,,,,,,,,,,
0,109,,,,,0.01329224556684494,,,,,,,,,,,
0,119,,,,,0.0077729662880301476,,,,,,,,,,,
0,129,,,,,0.003412696998566389,,,,,,,,,,,
0,139,,,,,0.011488043703138828,,,,,,,,,,,
0,149,,,,,0.0073843481950461864,,,,,,,,,,,
0,159,,,,,0.008702542632818222,,,,,,,,,,,
0,169,,,,,0.004427213687449694,,,,,,,,,,,
0,179,,,,,0.00400422653183341,,,,,,,,,,,
0,189,,,,,0.0046283588744699955,,,,,,,,,,,
0,199,,,,,0.0038849010597914457,,,,,,,,,,,
0,209,,,,,0.0033645397052168846,,,,,,,,,,,
0,219,,,,,0.002670266665518284,,,,,,,,,,,
0,229,,,,,0.001519264536909759,,,,,,,,,,,
0,239,,,,,0.0023048357106745243,,,,,,,,,,,
0,249,,,,,0.004410873167216778,,,,,,,,,,,
0,259,,,,,0.0036548783537000418,,,,,,,,,,,
0,269,,,,,0.0007503629312850535,,,,,,,,,,,
0,279,,,,,0.0008841629605740309,,,,,,,,,,,
0,289,,,,,0.0029168506152927876,,,,,,,,,,,
0,299,,,,,0.0039341333322227,,,,,,,,,,,
0,309,,,,,0.0021751068998128176,,,,,,,,,,,
0,319,,,,,0.0016047355020418763,,,,,,,,,,,
0,329,,,,,0.0011416580528020859,,,,,,,,,,,
0,339,,,,,0.0010700825368985534,,,,,,,,,,,
0,349,,,,,0.0023349463008344173,,,,,,,,,,,
0,359,,,,,0.00011194951366633177,,,,,,,,,,,
0,0,0.12635768261511815,76.74161421788874,,,,,,,,,,,,,,
0,368,,,,,,0.010798565112054348,,,,,,,,,,
1,369,,,,,0.00040985544910654426,,,,,,,,,,,
1,379,,,,,0.0012311239261180162,,,,,,,,,,,
1,389,,,,,0.0003559177275747061,,,,,,,,,,,
1,399,,,,,0.0009765058057382703,,,,,,,,,,,
1,409,,,,,0.0004516638000495732,,,,,,,,,,,
1,419,,,,,0.0007597830262966454,,,,,,,,,,,
1,429,,,,,0.0008125734166242182,,,,,,,,,,,
1,439,,,,,0.00017818137712311,,,,,,,,,,,
1,449,,,,,0.0016604920383542776,,,,,,,,,,,
1,459,,,,,0.0009903275640681386,,,,,,,,,,,
1,469,,,,,0.0013988333521410823,,,,,,,,,,,
1,479,,,,,0.00034203333780169487,,,,,,,,,,,
1,489,,,,,0.0,,,,,,,,,,,
1,499,,,,,0.0015718325739726424,,,,,,,,,,,
1,509,,,,,0.001185902045108378,,,,,,,,,,,
1,519,,,,,0.0004298186977393925,,,,,,,,,,,
1,529,,,,,0.0003242380917072296,,,,,,,,,,,
1,539,,,,,0.00042584878974594176,,,,,,,,,,,
1,549,,,,,0.00012619473272934556,,,,,,,,,,,
1,559,,,,,0.0,,,,,,,,,,,
1,569,,,,,0.00048564528697170317,,,,,,,,,,,
1,579,,,,,0.0018022903241217136,,,,,,,,,,,
1,589,,,,,0.00021649047266691923,,,,,,,,,,,
1,599,,,,,0.0002642970357555896,,,,,,,,,,,
1,609,,,,,0.001188197173178196,,,,,,,,,,,
1,619,,,,,0.0,,,,,,,,,,,
1,629,,,,,0.0009535904973745346,,,,,,,,,,,
1,639,,,,,0.00010896093590417877,,,,,,,,,,,
1,649,,,,,0.0,,,,,,,,,,,
1,659,,,,,7.157451909733936e-05,,,,,,,,,,,
1,669,,,,,0.0010763539467006922,,,,,,,,,,,
1,679,,,,,3.130443292320706e-05,,,,,,,,,,,
1,689,,,,,0.0004368426452856511,,,,,,,,,,,
1,699,,,,,0.001477014389820397,,,,,,,,,,,
1,709,,,,,0.0008854063926264644,,,,,,,,,,,
1,719,,,,,0.00017881936219055206,,,,,,,,,,,
1,729,,,,,0.000182133459020406,,,,,,,,,,,
1,1,0.035129748494167855,76.75346042598255,,,,,,,,,,,,,,
1,737,,,,,,0.0006295489729382098,,,,,,,,,,
2,739,,,,,0.000322364125167951,,,,,,,,,,,
2,749,,,,,0.0,,,,,,,,,,,
2,759,,,,,0.0,,,,,,,,,,,
2,769,,,,,0.00048254631110467017,,,,,,,,,,,
2,779,,,,,0.0007152939215302467,,,,,,,,,,,
2,789,,,,,0.0002621430903673172,,,,,,,,,,,
2,799,,,,,0.000749219732824713,,,,,,,,,,,
2,809,,,,,9.478159336140379e-05,,,,,,,,,,,
2,819,,,,,0.0002440704411128536,,,,,,,,,,,
2,829,,,,,0.0004816425498574972,,,,,,,,,,,
2,839,,,,,0.00012403227447066456,,,,,,,,,,,
2,849,,,,,4.240788257448003e-05,,,,,,,,,,,
2,859,,,,,0.0,,,,,,,,,,,
2,869,,,,,0.00023248083016369492,,,,,,,,,,,
2,879,,,,,0.0005116165848448873,,,,,,,,,,,
2,889,,,,,0.0004989212029613554,,,,,,,,,,,
2,899,,,,,0.0,,,,,,,,,,,
2,909,,,,,0.0,,,,,,,,,,,
2,919,,,,,1.632995918043889e-05,,,,,,,,,,,
2,929,,,,,0.0004819287278223783,,,,,,,,,,,
2,939,,,,,0.00016473873984068632,,,,,,,,,,,
2,949,,,,,0.0,,,,,,,,,,,
2,959,,,,,0.0003570066182874143,,,,,,,,,,,
2,969,,,,,0.0,,,,,,,,,,,
2,979,,,,,0.0004981447709724307,,,,,,,,,,,
2,989,,,,,0.000735238310880959,,,,,,,,,,,
2,999,,,,,0.0010374528355896473,,,,,,,,,,,
2,1009,,,,,0.0,,,,,,,,,,,
2,1019,,,,,0.0,,,,,,,,,,,
2,1029,,,,,0.00024705089163035154,,,,,,,,,,,
2,1039,,,,,0.00040550006087869406,,,,,,,,,,,
2,1049,,,,,0.0007674332591705024,,,,,,,,,,,
2,1059,,,,,8.712015551282093e-05,,,,,,,,,,,
2,1069,,,,,0.00032905771513469517,,,,,,,,,,,
2,1079,,,,,0.0,,,,,,,,,,,
2,1089,,,,,0.0,,,,,,,,,,,
2,1099,,,,,0.0,,,,,,,,,,,
2,2,0.017345509205530414,76.76118575802823,,,,,,,,,,,,,,
2,1106,,,,,,0.0002487849851604551,,,,,,,,,,
3,1109,,,,,2.1375714709392923e-07,,,,,,,,,,,
3,1119,,,,,0.0,,,,,,,,,,,
3,1129,,,,,0.0,,,,,,,,,,,
3,1139,,,,,0.0003226474509574473,,,,,,,,,,,
3,1149,,,,,0.0,,,,,,,,,,,
3,1159,,,,,0.00015974290727172047,,,,,,,,,,,
3,1169,,,,,0.0,,,,,,,,,,,
3,1179,,,,,0.0001606489677214995,,,,,,,,,,,
3,1189,,,,,0.0,,,,,,,,,,,
3,1199,,,,,0.0,,,,,,,,,,,
3,1209,,,,,0.0005141672445461154,,,,,,,,,,,
3,1219,,,,,0.0,,,,,,,,,,,
3,1229,,,,,0.00013287909678183496,,,,,,,,,,,
3,1239,,,,,0.0002747903054114431,,,,,,,,,,,
3,1249,,,,,9.127594239544123e-05,,,,,,,,,,,
3,1259,,,,,0.0,,,,,,,,,,,
3,1269,,,,,0.0007726646144874394,,,,,,,,,,,
3,1279,,,,,7.750190707156435e-05,,,,,,,,,,,
3,1289,,,,,0.0,,,,,,,,,,,
3,1299,,,,,0.0,,,,,,,,,,,
3,1309,,,,,1.2426748980942648e-05,,,,,,,,,,,
3,1319,,,,,0.0007221195846796036,,,,,,,,,,,
3,1329,,,,,9.084328485187143e-05,,,,,,,,,,,
3,1339,,,,,0.0,,,,,,,,,,,
3,1349,,,,,0.0003515628632158041,,,,,,,,,,,
3,1359,,,,,0.0,,,,,,,,,,,
3,1369,,,,,7.996268686838448e-05,,,,,,,,,,,
3,1379,,,,,0.0,,,,,,,,,,,
3,1389,,,,,0.0,,,,,,,,,,,
3,1399,,,,,4.866249582846649e-05,,,,,,,,,,,
3,1409,,,,,0.00032205707975663245,,,,,,,,,,,
3,1419,,,,,0.0,,,,,,,,,,,
3,1429,,,,,0.0,,,,,,,,,,,
3,1439,,,,,0.0,,,,,,,,,,,
3,1449,,,,,3.190614370396361e-05,,,,,,,,,,,
3,1459,,,,,0.0,,,,,,,,,,,
3,1469,,,,,5.48116113350261e-05,,,,,,,,,,,
3,3,0.012369623353337746,76.76800817418318,,,,,,,,,,,,,,
3,1475,,,,,,0.000131358508951962,,,,,,,,,,
4,1479,,,,,4.0282979171024635e-05,,,,,,,,,,,
4,1489,,,,,0.0003496930585242808,,,,,,,,,,,
4,1499,,,,,0.000546130002476275,,,,,,,,,,,
4,1509,,,,,0.00013283625594340265,,,,,,,,,,,
4,1519,,,,,0.0,,,,,,,,,,,
4,1529,,,,,0.0001529953588033095,,,,,,,,,,,
4,1539,,,,,1.4491527508653235e-05,,,,,,,,,,,
4,1549,,,,,0.0,,,,,,,,,,,
4,1559,,,,,0.0013571744784712791,,,,,,,,,,,
4,1569,,,,,3.0327215426950715e-05,,,,,,,,,,,
4,1579,,,,,0.0005253273993730545,,,,,,,,,,,
4,1589,,,,,0.0,,,,,,,,,,,
4,1599,,,,,0.0,,,,,,,,,,,
4,1609,,,,,0.0,,,,,,,,,,,
4,1619,,,,,0.0,,,,,,,,,,,
4,1629,,,,,0.0,,,,,,,,,,,
4,1639,,,,,0.0,,,,,,,,,,,
4,1649,,,,,4.3059066229034215e-05,,,,,,,,,,,
4,1659,,,,,0.0008401586674153805,,,,,,,,,,,
4,1669,,,,,0.0,,,,,,,,,,,
4,1679,,,,,2.5410428861505352e-05,,,,,,,,,,,
4,1689,,,,,0.0,,,,,,,,,,,
4,1699,,,,,0.00010382182517787442,,,,,,,,,,,
4,1709,,,,,0.0,,,,,,,,,,,
4,1719,,,,,0.0005390511360019445,,,,,,,,,,,
4,1729,,,,,0.0,,,,,,,,,,,
4,1739,,,,,5.750216587330215e-05,,,,,,,,,,,
4,1749,,,,,0.0,,,,,,,,,,,
4,1759,,,,,0.00037651456659659743,,,,,,,,,,,
4,1769,,,,,0.0,,,,,,,,,,,
4,1779,,,,,0.0,,,,,,,,,,,
4,1789,,,,,3.7025882193120196e-05,,,,,,,,,,,
4,1799,,,,,0.0,,,,,,,,,,,
4,1809,,,,,0.0,,,,,,,,,,,
4,1819,,,,,0.0,,,,,,,,,,,
4,1829,,,,,0.0,,,,,,,,,,,
4,1839,,,,,0.00029560900293290615,,,,,,,,,,,
4,4,0.009015905645751181,76.77381520513224,,,,,,,,,,,,,,
4,1844,,,,,,0.00010462856880621985,,,,,,,,,,
5,1849,,,,,0.0,,,,,,,,,,,
5,1859,,,,,0.0,,,,,,,,,,,
5,1869,,,,,0.0,,,,,,,,,,,
5,1879,,,,,0.0006167013198137283,,,,,,,,,,,
5,1889,,,,,0.0,,,,,,,,,,,
5,1899,,,,,0.0,,,,,,,,,,,
5,1909,,,,,0.0,,,,,,,,,,,
5,1919,,,,,0.0010050529381260276,,,,,,,,,,,
5,1929,,,,,0.00081847287947312,,,,,,,,,,,
5,1939,,,,,0.0003027055354323238,,,,,,,,,,,
5,1949,,,,,0.0,,,,,,,,,,,
5,1959,,,,,3.319509414723143e-05,,,,,,,,,,,
5,1969,,,,,0.0,,,,,,,,,,,
5,1979,,,,,0.0,,,,,,,,,,,
5,1989,,,,,0.0,,,,,,,,,,,
5,1999,,,,,8.609928045189008e-05,,,,,,,,,,,
5,2009,,,,,0.0,,,,,,,,,,,
5,2019,,,,,0.0,,,,,,,,,,,
5,2029,,,,,0.0,,,,,,,,,,,
5,2039,,,,,3.3471733331680298e-06,,,,,,,,,,,
5,2049,,,,,0.0,,,,,,,,,,,
5,2059,,,,,0.0,,,,,,,,,,,
5,2069,,,,,0.0,,,,,,,,,,,
5,2079,,,,,0.0,,,,,,,,,,,
5,2089,,,,,0.0,,,,,,,,,,,
5,2099,,,,,9.461797890253365e-05,,,,,,,,,,,
5,2109,,,,,6.447888881666586e-05,,,,,,,,,,,
5,2119,,,,,0.0,,,,,,,,,,,
5,2129,,,,,3.16340483550448e-05,,,,,,,,,,,
5,2139,,,,,0.00024793422198854387,,,,,,,,,,,
5,2149,,,,,0.0,,,,,,,,,,,
5,2159,,,,,0.0,,,,,,,,,,,
5,2169,,,,,6.215251778485253e-05,,,,,,,,,,,
5,2179,,,,,0.00012052096280967817,,,,,,,,,,,
5,2189,,,,,0.0,,,,,,,,,,,
5,2199,,,,,0.0,,,,,,,,,,,
5,2209,,,,,0.0,,,,,,,,,,,
5,5,0.006103097364934605,76.77881879252179,,,,,,,,,,,,,,
5,2213,,,,,,5.782988591818139e-05,,,,,,,,,,
6,2219,,,,,0.0,,,,,,,,,,,
6,2229,,,,,0.0,,,,,,,,,,,
6,2239,,,,,0.00018436915706843138,,,,,,,,,,,
6,2249,,,,,0.0,,,,,,,,,,,
6,2259,,,,,0.0,,,,,,,,,,,
6,2269,,,,,0.0004611207405105233,,,,,,,,,,,
6,2279,,,,,0.0,,,,,,,,,,,
6,2289,,,,,0.0,,,,,,,,,,,
6,2299,,,,,0.0,,,,,,,,,,,
6,2309,,,,,0.0,,,,,,,,,,,
6,2319,,,,,0.0,,,,,,,,,,,
6,2329,,,,,0.0,,,,,,,,,,,
6,2339,,,,,0.0,,,,,,,,,,,
6,2349,,,,,9.898342250380665e-05,,,,,,,,,,,
6,2359,,,,,0.0,,,,,,,,,,,
6,2369,,,,,0.0,,,,,,,,,,,
6,2379,,,,,0.0,,,,,,,,,,,
6,2389,,,,,0.0,,,,,,,,,,,
6,2399,,,,,0.0,,,,,,,,,,,
6,2409,,,,,0.0,,,,,,,,,,,
6,2419,,,,,0.00015665956016164273,,,,,,,,,,,
6,2429,,,,,0.0,,,,,,,,,,,
6,2439,,,,,0.0,,,,,,,,,,,
6,2449,,,,,0.0,,,,,,,,,,,
6,2459,,,,,0.00015064753824844956,,,,,,,,,,,
6,2469,,,,,0.0,,,,,,,,,,,
6,2479,,,,,0.0,,,,,,,,,,,
6,2489,,,,,0.0005625234334729612,,,,,,,,,,,
6,2499,,,,,0.00021522826864384115,,,,,,,,,,,
6,2509,,,,,0.00018018319678958505,,,,,,,,,,,
6,2519,,,,,0.0,,,,,,,,,,,
6,2529,,,,,0.0,,,,,,,,,,,
6,2539,,,,,0.0,,,,,,,,,,,
6,2549,,,,,0.0,,,,,,,,,,,
6,2559,,,,,0.00015563532360829413,,,,,,,,,,,
6,2569,,,,,0.0,,,,,,,,,,,
6,2579,,,,,0.0,,,,,,,,,,,
6,6,0.005149269128127947,76.7849360535381,,,,,,,,,,,,,,
6,2582,,,,,,5.876780051039532e-05,,,,,,,,,,
7,2589,,,,,0.0,,,,,,,,,,,
7,2599,,,,,0.0,,,,,,,,,,,
7,2609,,,,,8.210696250898764e-05,,,,,,,,,,,
7,2619,,,,,0.0,,,,,,,,,,,
7,2629,,,,,0.0,,,,,,,,,,,
7,2639,,,,,0.0,,,,,,,,,,,
7,2649,,,,,8.55983016663231e-05,,,,,,,,,,,
7,2659,,,,,0.0,,,,,,,,,,,
7,2669,,,,,0.0,,,,,,,,,,,
7,2679,,,,,0.0006271172314882278,,,,,,,,,,,
7,2689,,,,,0.0,,,,,,,,,,,
7,2699,,,,,0.0,,,,,,,,,,,
7,2709,,,,,0.0,,,,,,,,,,,
7,2719,,,,,0.0,,,,,,,,,,,
7,2729,,,,,0.00012961216270923615,,,,,,,,,,,
7,2739,,,,,0.0,,,,,,,,,,,
7,2749,,,,,0.0,,,,,,,,,,,
7,2759,,,,,0.0,,,,,,,,,,,
7,2769,,,,,0.0,,,,,,,,,,,
7,2779,,,,,0.0,,,,,,,,,,,
7,2789,,,,,0.0,,,,,,,,,,,
7,2799,,,,,0.0,,,,,,,,,,,
7,2809,,,,,0.0,,,,,,,,,,,
7,2819,,,,,0.0,,,,,,,,,,,
7,2829,,,,,0.0,,,,,,,,,,,
7,2839,,,,,0.0,,,,,,,,,,,
7,2849,,,,,0.0,,,,,,,,,,,
7,2859,,,,,0.0,,,,,,,,,,,
7,2869,,,,,0.0,,,,,,,,,,,
7,2879,,,,,0.0,,,,,,,,,,,
7,2889,,,,,0.0002564025635365397,,,,,,,,,,,
7,2899,,,,,0.0003254766052123159,,,,,,,,,,,
7,2909,,,,,0.0,,,,,,,,,,,
7,2919,,,,,0.0,,,,,,,,,,,
7,2929,,,,,0.0,,,,,,,,,,,
7,2939,,,,,1.0774508155009244e-05,,,,,,,,,,,
7,2949,,,,,0.0,,,,,,,,,,,
7,7,0.002725307655605174,76.78826934346498,,,,,,,,,,,,,,
7,2951,,,,,,3.097624721704051e-05,,,,,,,,,,
8,2959,,,,,0.0,,,,,,,,,,,
8,2969,,,,,0.0,,,,,,,,,,,
8,2979,,,,,0.0,,,,,,,,,,,
8,2989,,,,,0.0,,,,,,,,,,,
8,2999,,,,,7.138401088013779e-07,,,,,,,,,,,
8,3009,,,,,0.0,,,,,,,,,,,
8,3019,,,,,0.0,,,,,,,,,,,
8,3029,,,,,0.0,,,,,,,,,,,
8,3039,,,,,0.0,,,,,,,,,,,
8,3049,,,,,0.0,,,,,,,,,,,
8,3059,,,,,0.0,,,,,,,,,,,
8,3069,,,,,0.0,,,,,,,,,,,
8,3079,,,,,0.0,,,,,,,,,,,
8,3089,,,,,0.0,,,,,,,,,,,
8,3099,,,,,0.0,,,,,,,,,,,
8,3109,,,,,5.390234218793921e-05,,,,,,,,,,,
8,3119,,,,,0.0,,,,,,,,,,,
8,3129,,,,,0.0,,,,,,,,,,,
8,3139,,,,,1.2801960110664368e-05,,,,,,,,,,,
8,3149,,,,,0.0,,,,,,,,,,,
8,3159,,,,,0.0,,,,,,,,,,,
8,3169,,,,,8.892193363863043e-06,,,,,,,,,,,
8,3179,,,,,0.0,,,,,,,,,,,
8,3189,,,,,0.0,,,,,,,,,,,
8,3199,,,,,0.0,,,,,,,,,,,
8,3209,,,,,0.0,,,,,,,,,,,
8,3219,,,,,0.0,,,,,,,,,,,
8,3229,,,,,0.0,,,,,,,,,,,
8,3239,,,,,0.0,,,,,,,,,,,
8,3249,,,,,8.543588046450168e-05,,,,,,,,,,,
8,3259,,,,,0.00011709496175171807,,,,,,,,,,,
8,3269,,,,,0.0,,,,,,,,,,,
8,3279,,,,,0.0001440696360077709,,,,,,,,,,,
8,3289,,,,,0.00013875729928258806,,,,,,,,,,,
8,3299,,,,,0.0,,,,,,,,,,,
8,3309,,,,,0.0,,,,,,,,,,,
8,3319,,,,,0.0,,,,,,,,,,,
8,8,0.0032696601763480913,76.79303384304595,,,,,,,,,,,,,,
8,3320,,,,,,3.0278319172794e-05,,,,,,,,,,
9,3329,,,,,0.0,,,,,,,,,,,
9,3339,,,,,0.0,,,,,,,,,,,
9,3349,,,,,0.0,,,,,,,,,,,
9,3359,,,,,0.0,,,,,,,,,,,
9,3369,,,,,0.0,,,,,,,,,,,
9,3379,,,,,0.0,,,,,,,,,,,
9,3389,,,,,0.0,,,,,,,,,,,
9,3399,,,,,0.0,,,,,,,,,,,
9,3409,,,,,0.0,,,,,,,,,,,
9,3419,,,,,0.0,,,,,,,,,,,
9,3429,,,,,0.0,,,,,,,,,,,
9,3439,,,,,0.0,,,,,,,,,,,
9,3449,,,,,0.0,,,,,,,,,,,
9,3459,,,,,1.709200478217099e-05,,,,,,,,,,,
9,3469,,,,,0.0,,,,,,,,,,,
9,3479,,,,,0.0,,,,,,,,,,,
9,3489,,,,,0.0,,,,,,,,,,,
9,3499,,,,,0.0,,,,,,,,,,,
9,3509,,,,,0.0,,,,,,,,,,,
9,3519,,,,,0.0,,,,,,,,,,,
9,3529,,,,,0.0005666573415510356,,,,,,,,,,,
9,3539,,,,,0.0,,,,,,,,,,,
9,3549,,,,,0.0,,,,,,,,,,,
9,3559,,,,,0.0,,,,,,,,,,,
9,3569,,,,,0.0,,,,,,,,,,,
9,3579,,,,,0.0,,,,,,,,,,,
9,3589,,,,,0.0,,,,,,,,,,,
9,3599,,,,,0.0,,,,,,,,,,,
9,3609,,,,,0.0,,,,,,,,,,,
9,3619,,,,,7.050015119602904e-05,,,,,,,,,,,
9,3629,,,,,0.0,,,,,,,,,,,
9,3639,,,,,0.0,,,,,,,,,,,
9,3649,,,,,0.0,,,,,,,,,,,
9,3659,,,,,0.0,,,,,,,,,,,
9,3669,,,,,0.0,,,,,,,,,,,
9,3679,,,,,0.0,,,,,,,,,,,
9,3689,,,,,0.0,,,,,,,,,,,
9,9,,,0.6383936405181885,0.019748760387301445,,,2.9038138243256416e-06,0.03086625412106514,,0.6246929168701172,,0.019416550174355507,,1.4605376467967762e-05,,0.03215755149722099
9,3689,,,,,,,,,0.6246929168701172,,0.019416550174355507,,1.4605376236431766e-05,,0.03215755149722099,
9,9,0.0011005463754392903,76.79643763422253,,,,,,,,,,,,,,
9,3689,,,,,,1.783239895303268e-05,,,,,,,,,,
10,3699,,,,,0.0,,,,,,,,,,,
10,3709,,,,,0.0,,,,,,,,,,,
10,3719,,,,,0.0,,,,,,,,,,,
10,3729,,,,,0.0,,,,,,,,,,,
10,3739,,,,,0.0,,,,,,,,,,,
10,3749,,,,,0.0,,,,,,,,,,,
10,3759,,,,,0.0,,,,,,,,,,,
10,3769,,,,,0.0,,,,,,,,,,,
10,3779,,,,,0.0,,,,,,,,,,,
10,3789,,,,,0.0,,,,,,,,,,,
10,3799,,,,,0.0,,,,,,,,,,,
10,3809,,,,,0.0,,,,,,,,,,,
10,3819,,,,,0.0,,,,,,,,,,,
10,3829,,,,,0.0,,,,,,,,,,,
10,3839,,,,,0.0,,,,,,,,,,,
10,3849,,,,,0.0,,,,,,,,,,,
10,3859,,,,,0.0,,,,,,,,,,,
10,3869,,,,,0.0,,,,,,,,,,,
10,3879,,,,,0.0,,,,,,,,,,,
10,3889,,,,,0.0,,,,,,,,,,,
10,3899,,,,,0.0,,,,,,,,,,,
10,3909,,,,,0.0,,,,,,,,,,,
10,3919,,,,,0.0,,,,,,,,,,,
10,3929,,,,,0.0,,,,,,,,,,,
10,3939,,,,,0.0,,,,,,,,,,,
10,3949,,,,,0.0,,,,,,,,,,,
10,3959,,,,,1.8248334527015686e-05,,,,,,,,,,,
10,3969,,,,,0.00023825443349778652,,,,,,,,,,,
10,3979,,,,,0.0002289671392645687,,,,,,,,,,,
10,3989,,,,,0.0,,,,,,,,,,,
10,3999,,,,,0.0,,,,,,,,,,,
10,4009,,,,,0.0,,,,,,,,,,,
10,4019,,,,,0.0,,,,,,,,,,,
10,4029,,,,,0.0,,,,,,,,,,,
10,4039,,,,,0.0,,,,,,,,,,,
10,4049,,,,,0.0,,,,,,,,,,,
10,10,0.0015336130969106569,76.80164135494746,,,,,,,,,,,,,,
10,4058,,,,,,2.700848017411772e-05,,,,,,,,,,
11,4059,,,,,0.0,,,,,,,,,,,
11,4069,,,,,0.0,,,,,,,,,,,
11,4079,,,,,0.0,,,,,,,,,,,
11,4089,,,,,0.0,,,,,,,,,,,
11,4099,,,,,0.0,,,,,,,,,,,
11,4109,,,,,0.0,,,,,,,,,,,
11,4119,,,,,0.0,,,,,,,,,,,
11,4129,,,,,0.0,,,,,,,,,,,
11,4139,,,,,0.0,,,,,,,,,,,
11,4149,,,,,0.0,,,,,,,,,,,
11,4159,,,,,0.0,,,,,,,,,,,
11,4169,,,,,0.0,,,,,,,,,,,
11,4179,,,,,0.0,,,,,,,,,,,
11,4189,,,,,0.0,,,,,,,,,,,
11,4199,,,,,0.0,,,,,,,,,,,
11,4209,,,,,0.0,,,,,,,,,,,
11,4219,,,,,0.0,,,,,,,,,,,
11,4229,,,,,0.00045567311462946236,,,,,,,,,,,
11,4239,,,,,0.0004262167785782367,,,,,,,,,,,
11,4249,,,,,0.0,,,,,,,,,,,
11,4259,,,,,0.0010272819781675935,,,,,,,,,,,
11,4269,,,,,4.709437234851066e-06,,,,,,,,,,,
11,4279,,,,,0.0,,,,,,,,,,,
11,4289,,,,,0.0,,,,,,,,,,,
11,4299,,,,,0.0,,,,,,,,,,,
11,4309,,,,,0.0,,,,,,,,,,,
11,4319,,,,,0.0,,,,,,,,,,,
11,4329,,,,,4.7781541070435196e-05,,,,,,,,,,,
11,4339,,,,,0.0,,,,,,,,,,,
11,4349,,,,,0.0,,,,,,,,,,,
11,4359,,,,,0.0,,,,,,,,,,,
11,4369,,,,,0.0,,,,,,,,,,,
11,4379,,,,,0.0,,,,,,,,,,,
11,4389,,,,,0.0,,,,,,,,,,,
11,4399,,,,,0.0,,,,,,,,,,,
11,4409,,,,,0.0,,,,,,,,,,,
11,4419,,,,,0.0,,,,,,,,,,,
11,11,0.0024119580354750253,76.80823372291253,,,,,,,,,,,,,,
11,4427,,,,,,2.3059128579916432e-05,,,,,,,,,,
12,4429,,,,,0.0,,,,,,,,,,,
12,4439,,,,,0.0,,,,,,,,,,,
12,4449,,,,,0.0,,,,,,,,,,,
12,4459,,,,,0.0,,,,,,,,,,,
12,4469,,,,,9.322680125478655e-05,,,,,,,,,,,
12,4479,,,,,0.0,,,,,,,,,,,
12,4489,,,,,0.0,,,,,,,,,,,
12,4499,,,,,0.0,,,,,,,,,,,
12,4509,,,,,0.0,,,,,,,,,,,
12,4519,,,,,0.0,,,,,,,,,,,
12,4529,,,,,0.0,,,,,,,,,,,
12,4539,,,,,0.0,,,,,,,,,,,
12,4549,,,,,0.0,,,,,,,,,,,
12,4559,,,,,0.0,,,,,,,,,,,
12,4569,,,,,0.0,,,,,,,,,,,
12,4579,,,,,0.0,,,,,,,,,,,
12,4589,,,,,0.0,,,,,,,,,,,
12,4599,,,,,0.0,,,,,,,,,,,
12,4609,,,,,0.0,,,,,,,,,,,
12,4619,,,,,0.0,,,,,,,,,,,
12,4629,,,,,0.0,,,,,,,,,,,
12,4639,,,,,0.0,,,,,,,,,,,
12,4649,,,,,0.0,,,,,,,,,,,
12,4659,,,,,0.0,,,,,,,,,,,
12,4669,,,,,0.0,,,,,,,,,,,
12,4679,,,,,0.0,,,,,,,,,,,
12,4689,,,,,0.0,,,,,,,,,,,
12,4699,,,,,0.0,,,,,,,,,,,
12,4709,,,,,0.0,,,,,,,,,,,
12,4719,,,,,0.0,,,,,,,,,,,
12,4729,,,,,0.0,,,,,,,,,,,
12,4739,,,,,0.00011425770208006725,,,,,,,,,,,
12,4749,,,,,0.0,,,,,,,,,,,
12,4759,,,,,0.0,,,,,,,,,,,
12,4769,,,,,0.0,,,,,,,,,,,
12,4779,,,,,0.0,,,,,,,,,,,
12,4789,,,,,0.0,,,,,,,,,,,
12,12,0.0005934389025226082,76.81459500340637,,,,,,,,,,,,,,
12,4796,,,,,,1.8811002519214526e-05,,,,,,,,,,
13,4799,,,,,0.0,,,,,,,,,,,
13,4809,,,,,0.0,,,,,,,,,,,
13,4819,,,,,0.0,,,,,,,,,,,
13,4829,,,,,0.0,,,,,,,,,,,
13,4839,,,,,0.0,,,,,,,,,,,
13,4849,,,,,0.0,,,,,,,,,,,
13,4859,,,,,0.0,,,,,,,,,,,
13,4869,,,,,0.0,,,,,,,,,,,
13,4879,,,,,0.0,,,,,,,,,,,
13,4889,,,,,0.0,,,,,,,,,,,
13,4899,,,,,0.0,,,,,,,,,,,
13,4909,,,,,0.0,,,,,,,,,,,
13,4919,,,,,0.0,,,,,,,,,,,
13,4929,,,,,0.0,,,,,,,,,,,
13,4939,,,,,0.0,,,,,,,,,,,
13,4949,,,,,0.0,,,,,,,,,,,
13,4959,,,,,0.0,,,,,,,,,,,
13,4969,,,,,0.0,,,,,,,,,,,
13,4979,,,,,0.0,,,,,,,,,,,
13,4989,,,,,0.0,,,,,,,,,,,
13,4999,,,,,0.0,,,,,,,,,,,
13,5009,,,,,0.0,,,,,,,,,,,
13,5019,,,,,0.00044716394040733576,,,,,,,,,,,
13,5029,,,,,0.0,,,,,,,,,,,
13,5039,,,,,0.0,,,,,,,,,,,
13,5049,,,,,0.0,,,,,,,,,,,
13,5059,,,,,0.0,,,,,,,,,,,
13,5069,,,,,0.0,,,,,,,,,,,
13,5079,,,,,0.0,,,,,,,,,,,
13,5089,,,,,9.259439684683457e-05,,,,,,,,,,,
13,5099,,,,,0.0,,,,,,,,,,,
13,5109,,,,,0.0,,,,,,,,,,,
13,5119,,,,,0.0,,,,,,,,,,,
13,5129,,,,,0.0,,,,,,,,,,,
13,5139,,,,,0.0,,,,,,,,,,,
13,5149,,,,,0.0,,,,,,,,,,,
13,5159,,,,,0.0,,,,,,,,,,,
13,13,0.0015197514865258703,76.81966785286549,,,,,,,,,,,,,,
13,5165,,,,,,1.0225467121927068e-05,,,,,,,,,,
14,5169,,,,,0.0,,,,,,,,,,,
14,5179,,,,,0.0,,,,,,,,,,,
14,5189,,,,,0.0,,,,,,,,,,,
14,5199,,,,,0.0,,,,,,,,,,,
14,5209,,,,,0.0,,,,,,,,,,,
14,5219,,,,,0.0,,,,,,,,,,,
14,5229,,,,,0.0,,,,,,,,,,,
14,5239,,,,,0.0,,,,,,,,,,,
14,5249,,,,,0.0,,,,,,,,,,,
14,5259,,,,,0.0,,,,,,,,,,,
14,5269,,,,,0.0,,,,,,,,,,,
14,5279,,,,,0.0,,,,,,,,,,,
14,5289,,,,,0.0,,,,,,,,,,,
14,5299,,,,,0.0,,,,,,,,,,,
14,5309,,,,,0.0,,,,,,,,,,,
14,5319,,,,,0.0,,,,,,,,,,,
14,5329,,,,,0.0,,,,,,,,,,,
14,5339,,,,,9.058006253326312e-05,,,,,,,,,,,
14,5349,,,,,0.0,,,,,,,,,,,
14,5359,,,,,0.0,,,,,,,,,,,
14,5369,,,,,0.0,,,,,,,,,,,
14,5379,,,,,0.0,,,,,,,,,,,
14,5389,,,,,0.0,,,,,,,,,,,
14,5399,,,,,0.00018812455527950078,,,,,,,,,,,
14,5409,,,,,0.0,,,,,,,,,,,
14,5419,,,,,0.0,,,,,,,,,,,
14,5429,,,,,0.0,,,,,,,,,,,
14,5439,,,,,0.0,,,,,,,,,,,
14,5449,,,,,0.0,,,,,,,,,,,
14,5459,,,,,0.0,,,,,,,,,,,
14,5469,,,,,0.0,,,,,,,,,,,
14,5479,,,,,0.0,,,,,,,,,,,
14,5489,,,,,0.0,,,,,,,,,,,
14,5499,,,,,0.0,,,,,,,,,,,
14,5509,,,,,0.0,,,,,,,,,,,
14,5519,,,,,0.0,,,,,,,,,,,
14,5529,,,,,0.0,,,,,,,,,,,
14,14,0.0006453195500021098,76.82305203019335,,,,,,,,,,,,,,
14,5534,,,,,,5.860922101419419e-06,,,,,,,,,,
15,5539,,,,,0.0,,,,,,,,,,,
15,5549,,,,,0.0,,,,,,,,,,,
15,5559,,,,,0.0,,,,,,,,,,,
15,5569,,,,,0.0,,,,,,,,,,,
15,5579,,,,,0.0,,,,,,,,,,,
15,5589,,,,,0.0,,,,,,,,,,,
15,5599,,,,,0.0,,,,,,,,,,,
15,5609,,,,,5.27039919688832e-05,,,,,,,,,,,
15,5619,,,,,0.0,,,,,,,,,,,
15,5629,,,,,0.0,,,,,,,,,,,
15,5639,,,,,0.0,,,,,,,,,,,
15,5649,,,,,2.1084322725073434e-05,,,,,,,,,,,
15,5659,,,,,0.0,,,,,,,,,,,
15,5669,,,,,6.918407598277554e-05,,,,,,,,,,,
15,5679,,,,,0.0,,,,,,,,,,,
15,5689,,,,,0.0,,,,,,,,,,,
15,5699,,,,,0.0,,,,,,,,,,,
15,5709,,,,,0.0,,,,,,,,,,,
15,5719,,,,,0.0,,,,,,,,,,,
15,5729,,,,,0.0,,,,,,,,,,,
15,5739,,,,,0.0,,,,,,,,,,,
15,5749,,,,,0.0,,,,,,,,,,,
15,5759,,,,,0.0,,,,,,,,,,,
15,5769,,,,,0.0,,,,,,,,,,,
15,5779,,,,,0.0,,,,,,,,,,,
15,5789,,,,,0.0,,,,,,,,,,,
15,5799,,,,,0.0,,,,,,,,,,,
15,5809,,,,,0.0,,,,,,,,,,,
15,5819,,,,,0.0,,,,,,,,,,,
15,5829,,,,,0.0,,,,,,,,,,,
15,5839,,,,,0.0,,,,,,,,,,,
15,5849,,,,,0.0,,,,,,,,,,,
15,5859,,,,,0.0,,,,,,,,,,,
15,5869,,,,,0.0,,,,,,,,,,,
15,5879,,,,,0.0,,,,,,,,,,,
15,5889,,,,,0.0,,,,,,,,,,,
15,5899,,,,,0.0,,,,,,,,,,,
15,15,0.0008028634509633548,76.82856868776075,,,,,,,,,,,,,,
15,5903,,,,,,1.0696297067624982e-05,,,,,,,,,,
16,5909,,,,,0.0009577218443155289,,,,,,,,,,,
16,5919,,,,,0.0,,,,,,,,,,,
16,5929,,,,,0.0,,,,,,,,,,,
16,5939,,,,,0.0,,,,,,,,,,,
16,5949,,,,,0.0,,,,,,,,,,,
16,5959,,,,,0.0,,,,,,,,,,,
16,5969,,,,,0.0,,,,,,,,,,,
16,5979,,,,,0.0,,,,,,,,,,,
16,5989,,,,,0.0,,,,,,,,,,,
16,5999,,,,,0.0,,,,,,,,,,,
16,6009,,,,,0.0,,,,,,,,,,,
16,6019,,,,,0.0,,,,,,,,,,,
16,6029,,,,,0.0,,,,,,,,,,,
16,6039,,,,,9.906269406201318e-05,,,,,,,,,,,
16,6049,,,,,0.0,,,,,,,,,,,
16,6059,,,,,0.0,,,,,,,,,,,
16,6069,,,,,0.0,,,,,,,,,,,
16,6079,,,,,0.0,,,,,,,,,,,
16,6089,,,,,0.0,,,,,,,,,,,
16,6099,,,,,0.0,,,,,,,,,,,
16,6109,,,,,0.0,,,,,,,,,,,
16,6119,,,,,0.0,,,,,,,,,,,
16,6129,,,,,2.0871237211395055e-05,,,,,,,,,,,
16,6139,,,,,0.0,,,,,,,,,,,
16,6149,,,,,0.0,,,,,,,,,,,
16,6159,,,,,0.0,,,,,,,,,,,
16,6169,,,,,0.0,,,,,,,,,,,
16,6179,,,,,0.0,,,,,,,,,,,
16,6189,,,,,0.0,,,,,,,,,,,
16,6199,,,,,0.0,,,,,,,,,,,
16,6209,,,,,0.0,,,,,,,,,,,
16,6219,,,,,0.0,,,,,,,,,,,
16,6229,,,,,0.0,,,,,,,,,,,
16,6239,,,,,0.0,,,,,,,,,,,
16,6249,,,,,0.0,,,,,,,,,,,
16,6259,,,,,0.0,,,,,,,,,,,
16,6269,,,,,0.0,,,,,,,,,,,
16,16,0.0008659923456560229,76.83317056242994,,,,,,,,,,,,,,
16,6272,,,,,,7.4498225330899e-06,,,,,,,,,,
17,6279,,,,,0.0,,,,,,,,,,,
17,6289,,,,,0.0,,,,,,,,,,,
17,6299,,,,,0.0,,,,,,,,,,,
17,6309,,,,,0.0,,,,,,,,,,,
17,6319,,,,,0.0,,,,,,,,,,,
17,6329,,,,,0.0,,,,,,,,,,,
17,6339,,,,,0.0,,,,,,,,,,,
17,6349,,,,,0.0,,,,,,,,,,,
17,6359,,,,,0.0,,,,,,,,,,,
17,6369,,,,,0.0,,,,,,,,,,,
17,6379,,,,,0.0,,,,,,,,,,,
17,6389,,,,,0.0,,,,,,,,,,,
17,6399,,,,,0.0,,,,,,,,,,,
17,6409,,,,,0.0,,,,,,,,,,,
17,6419,,,,,0.0,,,,,,,,,,,
17,6429,,,,,0.0,,,,,,,,,,,
17,6439,,,,,0.0,,,,,,,,,,,
17,6449,,,,,0.00015914387768134475,,,,,,,,,,,
17,6459,,,,,0.0,,,,,,,,,,,
17,6469,,,,,0.0,,,,,,,,,,,
17,6479,,,,,0.0,,,,,,,,,,,
17,6489,,,,,0.0,,,,,,,,,,,
17,6499,,,,,0.00023828423582017422,,,,,,,,,,,
17,6509,,,,,0.000438172573922202,,,,,,,,,,,
17,6519,,,,,0.0,,,,,,,,,,,
17,6529,,,,,0.00025487429229542613,,,,,,,,,,,
17,6539,,,,,0.0,,,,,,,,,,,
17,6549,,,,,0.0,,,,,,,,,,,
17,6559,,,,,0.0,,,,,,,,,,,
17,6569,,,,,0.0,,,,,,,,,,,
17,6579,,,,,0.0,,,,,,,,,,,
17,6589,,,,,0.0,,,,,,,,,,,
17,6599,,,,,0.0,,,,,,,,,,,
17,6609,,,,,0.0,,,,,,,,,,,
17,6619,,,,,0.0,,,,,,,,,,,
17,6629,,,,,0.0,,,,,,,,,,,
17,6639,,,,,0.0,,,,,,,,,,,
17,17,0.0018882023629750331,76.84769052962946,,,,,,,,,,,,,,
17,6641,,,,,,1.5249838725139853e-05,,,,,,,,,,
18,6649,,,,,0.0,,,,,,,,,,,
18,6659,,,,,0.0,,,,,,,,,,,
18,6669,,,,,0.0,,,,,,,,,,,
18,6679,,,,,0.0,,,,,,,,,,,
18,6689,,,,,0.0,,,,,,,,,,,
18,6699,,,,,0.0,,,,,,,,,,,
18,6709,,,,,0.0,,,,,,,,,,,
18,6719,,,,,0.0,,,,,,,,,,,
18,6729,,,,,0.0007417617016471922,,,,,,,,,,,
18,6739,,,,,0.0,,,,,,,,,,,
18,6749,,,,,0.0,,,,,,,,,,,
18,6759,,,,,0.0,,,,,,,,,,,
18,6769,,,,,0.0,,,,,,,,,,,
18,6779,,,,,0.0,,,,,,,,,,,
18,6789,,,,,0.0,,,,,,,,,,,
18,6799,,,,,0.0,,,,,,,,,,,
18,6809,,,,,0.0,,,,,,,,,,,
18,6819,,,,,0.0,,,,,,,,,,,
18,6829,,,,,0.0,,,,,,,,,,,
18,6839,,,,,0.0,,,,,,,,,,,
18,6849,,,,,0.0,,,,,,,,,,,
18,6859,,,,,0.0,,,,,,,,,,,
18,6869,,,,,0.0,,,,,,,,,,,
18,6879,,,,,0.0,,,,,,,,,,,
18,6889,,,,,0.0,,,,,,,,,,,
18,6899,,,,,0.0,,,,,,,,,,,
18,6909,,,,,0.0,,,,,,,,,,,
18,6919,,,,,0.0,,,,,,,,,,,
18,6929,,,,,0.0,,,,,,,,,,,
18,6939,,,,,0.0,,,,,,,,,,,
18,6949,,,,,0.0,,,,,,,,,,,
18,6959,,,,,0.0,,,,,,,,,,,
18,6969,,,,,0.0,,,,,,,,,,,
18,6979,,,,,0.0,,,,,,,,,,,
18,6989,,,,,0.0,,,,,,,,,,,
18,6999,,,,,0.0,,,,,,,,,,,
18,7009,,,,,0.0,,,,,,,,,,,
18,18,0.00013297868552225806,76.85445007075509,,,,,,,,,,,,,,
18,7010,,,,,,6.746167400706327e-06,,,,,,,,,,
19,7019,,,,,0.0,,,,,,,,,,,
19,7029,,,,,0.0,,,,,,,,,,,
19,7039,,,,,0.0,,,,,,,,,,,
19,7049,,,,,0.0,,,,,,,,,,,
19,7059,,,,,0.00029229020583443344,,,,,,,,,,,
19,7069,,,,,0.0,,,,,,,,,,,
19,7079,,,,,0.0,,,,,,,,,,,
19,7089,,,,,0.0,,,,,,,,,,,
19,7099,,,,,0.0,,,,,,,,,,,
19,7109,,,,,0.0,,,,,,,,,,,
19,7119,,,,,0.0,,,,,,,,,,,
19,7129,,,,,0.0,,,,,,,,,,,
19,7139,,,,,0.0,,,,,,,,,,,
19,7149,,,,,0.00010332651436328888,,,,,,,,,,,
19,7159,,,,,0.0,,,,,,,,,,,
19,7169,,,,,0.0,,,,,,,,,,,
19,7179,,,,,0.0,,,,,,,,,,,
19,7189,,,,,0.0,,,,,,,,,,,
19,7199,,,,,0.0,,,,,,,,,,,
19,7209,,,,,0.00025072283460758626,,,,,,,,,,,
19,7219,,,,,0.0,,,,,,,,,,,
19,7229,,,,,0.0,,,,,,,,,,,
19,7239,,,,,0.0,,,,,,,,,,,
19,7249,,,,,0.0,,,,,,,,,,,
19,7259,,,,,0.0,,,,,,,,,,,
19,7269,,,,,0.0,,,,,,,,,,,
19,7279,,,,,0.0,,,,,,,,,,,
19,7289,,,,,0.0,,,,,,,,,,,
19,7299,,,,,0.0,,,,,,,,,,,
19,7309,,,,,0.0,,,,,,,,,,,
19,7319,,,,,0.0,,,,,,,,,,,
19,7329,,,,,0.0,,,,,,,,,,,
19,7339,,,,,0.0,,,,,,,,,,,
19,7349,,,,,0.0,,,,,,,,,,,
19,7359,,,,,0.0,,,,,,,,,,,
19,7369,,,,,0.0,,,,,,,,,,,
19,7379,,,,,0.0,,,,,,,,,,,
19,19,,,0.6446373462677002,0.0170659888535738,,,2.0921654285298577e-06,0.03007163666188717,,0.6412042379379272,,0.017563052475452423,,4.7765494955529495e-06,,0.032635852694511414
19,7379,,,,,,,,,0.6412042379379272,,0.017563052475452423,,4.776549758389592e-06,,0.032635852694511414,
19,19,0.0006070882841557945,76.85937063908817,,,,,,,,,,,,,,
19,7379,,,,,,8.071283446042798e-06,,,,,,,,,,
20,7389,,,,,0.0,,,,,,,,,,,
20,7399,,,,,0.0,,,,,,,,,,,
20,7409,,,,,0.0,,,,,,,,,,,
20,7419,,,,,0.0,,,,,,,,,,,
20,7429,,,,,0.0,,,,,,,,,,,
20,7439,,,,,0.0,,,,,,,,,,,
20,7449,,,,,0.0,,,,,,,,,,,
20,7459,,,,,0.0,,,,,,,,,,,
20,7469,,,,,0.0,,,,,,,,,,,
20,7479,,,,,0.0,,,,,,,,,,,
20,7489,,,,,0.0,,,,,,,,,,,
20,7499,,,,,0.0,,,,,,,,,,,
20,7509,,,,,0.0,,,,,,,,,,,
20,7519,,,,,0.0,,,,,,,,,,,
20,7529,,,,,0.0,,,,,,,,,,,
20,7539,,,,,0.0,,,,,,,,,,,
20,7549,,,,,0.0,,,,,,,,,,,
20,7559,,,,,0.0,,,,,,,,,,,
20,7569,,,,,0.0,,,,,,,,,,,
20,7579,,,,,0.0,,,,,,,,,,,
20,7589,,,,,0.0,,,,,,,,,,,
20,7599,,,,,0.0,,,,,,,,,,,
20,7609,,,,,0.0,,,,,,,,,,,
20,7619,,,,,0.0,,,,,,,,,,,
20,7629,,,,,0.0,,,,,,,,,,,
20,7639,,,,,0.0,,,,,,,,,,,
20,7649,,,,,0.0,,,,,,,,,,,
20,7659,,,,,0.0,,,,,,,,,,,
20,7669,,,,,0.0,,,,,,,,,,,
20,7679,,,,,0.0,,,,,,,,,,,
20,7689,,,,,0.0,,,,,,,,,,,
20,7699,,,,,0.00018353261111769825,,,,,,,,,,,
20,7709,,,,,0.0,,,,,,,,,,,
20,7719,,,,,0.0,,,,,,,,,,,
20,7729,,,,,0.0,,,,,,,,,,,
20,7739,,,,,0.0,,,,,,,,,,,
20,20,0.0002302786265510204,76.86464170702422,,,,,,,,,,,,,,
20,7748,,,,,,5.114810392115032e-06,,,,,,,,,,
21,7749,,,,,0.0,,,,,,,,,,,
21,7759,,,,,0.0,,,,,,,,,,,
21,7769,,,,,0.0,,,,,,,,,,,
21,7779,,,,,0.0,,,,,,,,,,,
21,7789,,,,,0.0,,,,,,,,,,,
21,7799,,,,,0.0,,,,,,,,,,,
21,7809,,,,,0.0,,,,,,,,,,,
21,7819,,,,,0.0,,,,,,,,,,,
21,7829,,,,,0.0,,,,,,,,,,,
21,7839,,,,,0.0,,,,,,,,,,,
21,7849,,,,,0.0,,,,,,,,,,,
21,7859,,,,,0.0,,,,,,,,,,,
21,7869,,,,,0.0,,,,,,,,,,,
21,7879,,,,,0.0,,,,,,,,,,,
21,7889,,,,,0.0,,,,,,,,,,,
21,7899,,,,,0.0,,,,,,,,,,,
21,7909,,,,,0.0,,,,,,,,,,,
21,7919,,,,,0.0,,,,,,,,,,,
21,7929,,,,,0.0,,,,,,,,,,,
21,7939,,,,,0.0,,,,,,,,,,,
21,7949,,,,,0.0,,,,,,,,,,,
21,7959,,,,,0.0,,,,,,,,,,,
21,7969,,,,,0.0,,,,,,,,,,,
21,7979,,,,,0.0,,,,,,,,,,,
21,7989,,,,,0.0,,,,,,,,,,,
21,7999,,,,,0.0,,,,,,,,,,,
21,8009,,,,,0.0,,,,,,,,,,,
21,8019,,,,,0.0,,,,,,,,,,,
21,8029,,,,,0.0,,,,,,,,,,,
21,8039,,,,,0.0,,,,,,,,,,,
21,8049,,,,,0.0,,,,,,,,,,,
21,8059,,,,,0.00022093660663813353,,,,,,,,,,,
21,8069,,,,,0.000790976919233799,,,,,,,,,,,
21,8079,,,,,0.0,,,,,,,,,,,
21,8089,,,,,4.132278263568878e-05,,,,,,,,,,,
21,8099,,,,,0.0,,,,,,,,,,,
21,8109,,,,,0.0,,,,,,,,,,,
21,21,0.0006114417407030861,76.87544796273936,,,,,,,,,,,,,,
21,8117,,,,,,7.807834663253743e-06,,,,,,,,,,
22,8119,,,,,0.0,,,,,,,,,,,
22,8129,,,,,0.0,,,,,,,,,,,
22,8139,,,,,0.0,,,,,,,,,,,
22,8149,,,,,0.0,,,,,,,,,,,
22,8159,,,,,0.0,,,,,,,,,,,
22,8169,,,,,0.00011751987040042877,,,,,,,,,,,
22,8179,,,,,0.0,,,,,,,,,,,
22,8189,,,,,0.0,,,,,,,,,,,
22,8199,,,,,0.0,,,,,,,,,,,
22,8209,,,,,0.0,,,,,,,,,,,
22,8219,,,,,0.0,,,,,,,,,,,
22,8229,,,,,0.0,,,,,,,,,,,
22,8239,,,,,0.0,,,,,,,,,,,
22,8249,,,,,0.0,,,,,,,,,,,
22,8259,,,,,0.0,,,,,,,,,,,
22,8269,,,,,0.0,,,,,,,,,,,
22,8279,,,,,0.0,,,,,,,,,,,
22,8289,,,,,0.0,,,,,,,,,,,
22,8299,,,,,0.0,,,,,,,,,,,
22,8309,,,,,0.0,,,,,,,,,,,
22,8319,,,,,0.0,,,,,,,,,,,
22,8329,,,,,0.0,,,,,,,,,,,
22,8339,,,,,0.0,,,,,,,,,,,
22,8349,,,,,0.0,,,,,,,,,,,
22,8359,,,,,0.0,,,,,,,,,,,
22,8369,,,,,0.0,,,,,,,,,,,
22,8379,,,,,0.0,,,,,,,,,,,
22,8389,,,,,0.0,,,,,,,,,,,
22,8399,,,,,0.0,,,,,,,,,,,
22,8409,,,,,0.0,,,,,,,,,,,
22,8419,,,,,0.0,,,,,,,,,,,
22,8429,,,,,0.0,,,,,,,,,,,
22,8439,,,,,0.0,,,,,,,,,,,
22,8449,,,,,0.0,,,,,,,,,,,
22,8459,,,,,0.0,,,,,,,,,,,
22,8469,,,,,0.0,,,,,,,,,,,
22,8479,,,,,0.0,,,,,,,,,,,
22,22,0.0001953632947756357,76.88315290927055,,,,,,,,,,,,,,
22,8486,,,,,,4.983313829143299e-06,,,,,,,,,,
23,8489,,,,,0.0,,,,,,,,,,,
23,8499,,,,,0.0,,,,,,,,,,,
23,8509,,,,,0.0,,,,,,,,,,,
23,8519,,,,,0.0,,,,,,,,,,,
23,8529,,,,,0.00018412090139463544,,,,,,,,,,,
23,8539,,,,,0.0,,,,,,,,,,,
23,8549,,,,,0.0,,,,,,,,,,,
23,8559,,,,,0.0,,,,,,,,,,,
23,8569,,,,,0.0,,,,,,,,,,,
23,8579,,,,,0.0,,,,,,,,,,,
23,8589,,,,,0.0,,,,,,,,,,,
23,8599,,,,,0.0,,,,,,,,,,,
23,8609,,,,,0.0,,,,,,,,,,,
23,8619,,,,,0.0,,,,,,,,,,,
23,8629,,,,,0.0,,,,,,,,,,,
23,8639,,,,,0.0,,,,,,,,,,,
23,8649,,,,,0.0,,,,,,,,,,,
23,8659,,,,,0.0,,,,,,,,,,,
23,8669,,,,,0.0,,,,,,,,,,,
23,8679,,,,,0.0,,,,,,,,,,,
23,8689,,,,,0.0,,,,,,,,,,,
23,8699,,,,,0.0,,,,,,,,,,,
23,8709,,,,,0.0,,,,,,,,,,,
23,8719,,,,,0.0,,,,,,,,,,,
23,8729,,,,,0.0,,,,,,,,,,,
23,8739,,,,,0.0,,,,,,,,,,,
23,8749,,,,,0.0,,,,,,,,,,,
23,8759,,,,,0.0,,,,,,,,,,,
23,8769,,,,,0.0,,,,,,,,,,,
23,8779,,,,,0.0,,,,,,,,,,,
23,8789,,,,,0.0,,,,,,,,,,,
23,8799,,,,,0.0,,,,,,,,,,,
23,8809,,,,,0.0,,,,,,,,,,,
23,8819,,,,,0.0,,,,,,,,,,,
23,8829,,,,,8.229650120483711e-05,,,,,,,,,,,
23,8839,,,,,0.0,,,,,,,,,,,
23,8849,,,,,0.0,,,,,,,,,,,
23,23,0.0006653556754438701,76.90170293628843,,,,,,,,,,,,,,
23,8855,,,,,,8.944636647356674e-06,,,,,,,,,,
24,8859,,,,,0.0,,,,,,,,,,,
24,8869,,,,,0.0,,,,,,,,,,,
24,8879,,,,,0.0,,,,,,,,,,,
24,8889,,,,,0.0,,,,,,,,,,,
24,8899,,,,,0.0,,,,,,,,,,,
24,8909,,,,,0.0,,,,,,,,,,,
24,8919,,,,,0.0,,,,,,,,,,,
24,8929,,,,,0.0,,,,,,,,,,,
24,8939,,,,,0.0,,,,,,,,,,,
24,8949,,,,,0.0,,,,,,,,,,,
24,8959,,,,,0.0,,,,,,,,,,,
24,8969,,,,,0.0,,,,,,,,,,,
24,8979,,,,,0.0,,,,,,,,,,,
24,8989,,,,,0.0,,,,,,,,,,,
24,8999,,,,,0.0,,,,,,,,,,,
24,9009,,,,,0.0,,,,,,,,,,,
24,9019,,,,,0.0,,,,,,,,,,,
24,9029,,,,,0.0,,,,,,,,,,,
24,9039,,,,,0.0,,,,,,,,,,,
24,9049,,,,,0.0,,,,,,,,,,,
24,9059,,,,,0.0,,,,,,,,,,,
24,9069,,,,,0.0,,,,,,,,,,,
24,9079,,,,,0.0,,,,,,,,,,,
24,9089,,,,,0.0,,,,,,,,,,,
24,9099,,,,,0.0,,,,,,,,,,,
24,9109,,,,,0.0,,,,,,,,,,,
24,9119,,,,,0.0,,,,,,,,,,,
24,9129,,,,,0.0,,,,,,,,,,,
24,9139,,,,,0.0,,,,,,,,,,,
24,9149,,,,,0.0,,,,,,,,,,,
24,9159,,,,,0.0,,,,,,,,,,,
24,9169,,,,,0.0,,,,,,,,,,,
24,9179,,,,,0.0,,,,,,,,,,,
24,9189,,,,,0.0,,,,,,,,,,,
24,9199,,,,,0.0,,,,,,,,,,,
24,9209,,,,,0.0,,,,,,,,,,,
24,9219,,,,,0.0,,,,,,,,,,,
24,24,0.0,76.90955464173692,,,,,,,,,,,,,,
24,9224,,,,,,4.71658540845965e-06,,,,,,,,,,
25,9229,,,,,0.0,,,,,,,,,,,
25,9239,,,,,0.0,,,,,,,,,,,
25,9249,,,,,0.0,,,,,,,,,,,
25,9259,,,,,0.0,,,,,,,,,,,
25,9269,,,,,0.0,,,,,,,,,,,
25,9279,,,,,0.0,,,,,,,,,,,
25,9289,,,,,0.0,,,,,,,,,,,
25,9299,,,,,0.0,,,,,,,,,,,
25,9309,,,,,0.0,,,,,,,,,,,
25,9319,,,,,0.0,,,,,,,,,,,
25,9329,,,,,0.0,,,,,,,,,,,
25,9339,,,,,0.0,,,,,,,,,,,
25,9349,,,,,0.0,,,,,,,,,,,
25,9359,,,,,0.0,,,,,,,,,,,
25,9369,,,,,0.0,,,,,,,,,,,
25,9379,,,,,0.0,,,,,,,,,,,
25,9389,,,,,0.0,,,,,,,,,,,
25,9399,,,,,0.0,,,,,,,,,,,
25,9409,,,,,0.0,,,,,,,,,,,
25,9419,,,,,0.0,,,,,,,,,,,
25,9429,,,,,0.0,,,,,,,,,,,
25,9439,,,,,0.0,,,,,,,,,,,
25,9449,,,,,0.0,,,,,,,,,,,
25,9459,,,,,0.0,,,,,,,,,,,
25,9469,,,,,0.0,,,,,,,,,,,
25,9479,,,,,0.0,,,,,,,,,,,
25,9489,,,,,0.0,,,,,,,,,,,
25,9499,,,,,0.0,,,,,,,,,,,
25,9509,,,,,0.0,,,,,,,,,,,
25,9519,,,,,0.0,,,,,,,,,,,
25,9529,,,,,0.0,,,,,,,,,,,
25,9539,,,,,0.0,,,,,,,,,,,
25,9549,,,,,0.0,,,,,,,,,,,
25,9559,,,,,0.0,,,,,,,,,,,
25,9569,,,,,0.0,,,,,,,,,,,
25,9579,,,,,0.0,,,,,,,,,,,
25,9589,,,,,0.0,,,,,,,,,,,
25,25,0.0,76.9140039969765,,,,,,,,,,,,,,
25,9593,,,,,,2.1974849460093537e-06,,,,,,,,,,
26,9599,,,,,0.0,,,,,,,,,,,
26,9609,,,,,0.0,,,,,,,,,,,
26,9619,,,,,0.0,,,,,,,,,,,
26,9629,,,,,0.0,,,,,,,,,,,
26,9639,,,,,0.0,,,,,,,,,,,
26,9649,,,,,0.0,,,,,,,,,,,
26,9659,,,,,0.0,,,,,,,,,,,
26,9669,,,,,0.0,,,,,,,,,,,
26,9679,,,,,0.0,,,,,,,,,,,
26,9689,,,,,0.0,,,,,,,,,,,
26,9699,,,,,0.0,,,,,,,,,,,
26,9709,,,,,0.0,,,,,,,,,,,
26,9719,,,,,0.0,,,,,,,,,,,
26,9729,,,,,0.0,,,,,,,,,,,
26,9739,,,,,0.0,,,,,,,,,,,
26,9749,,,,,0.0,,,,,,,,,,,
26,9759,,,,,0.0,,,,,,,,,,,
26,9769,,,,,0.0,,,,,,,,,,,
26,9779,,,,,0.0,,,,,,,,,,,
26,9789,,,,,0.0,,,,,,,,,,,
26,9799,,,,,0.0,,,,,,,,,,,
26,9809,,,,,0.0,,,,,,,,,,,
26,9819,,,,,0.0,,,,,,,,,,,
26,9829,,,,,0.0,,,,,,,,,,,
26,9839,,,,,0.0,,,,,,,,,,,
26,9849,,,,,0.0,,,,,,,,,,,
26,9859,,,,,0.0,,,,,,,,,,,
26,9869,,,,,0.0,,,,,,,,,,,
26,9879,,,,,0.0,,,,,,,,,,,
26,9889,,,,,0.0,,,,,,,,,,,
26,9899,,,,,0.0,,,,,,,,,,,
26,9909,,,,,0.0,,,,,,,,,,,
26,9919,,,,,0.0,,,,,,,,,,,
26,9929,,,,,0.0,,,,,,,,,,,
26,9939,,,,,0.0,,,,,,,,,,,
26,9949,,,,,0.0,,,,,,,,,,,
26,9959,,,,,0.0,,,,,,,,,,,
26,26,0.0,76.92928407992241,,,,,,,,,,,,,,
26,9962,,,,,,6.6694501583697274e-06,,,,,,,,,,
27,9969,,,,,0.0,,,,,,,,,,,
27,9979,,,,,0.0,,,,,,,,,,,
27,9989,,,,,0.0,,,,,,,,,,,
27,9999,,,,,0.0,,,,,,,,,,,
27,10009,,,,,0.0,,,,,,,,,,,
27,10019,,,,,0.0,,,,,,,,,,,
27,10029,,,,,0.0,,,,,,,,,,,
27,10039,,,,,0.0,,,,,,,,,,,
27,10049,,,,,0.0,,,,,,,,,,,
27,10059,,,,,0.0,,,,,,,,,,,
27,10069,,,,,0.0,,,,,,,,,,,
27,10079,,,,,0.0,,,,,,,,,,,
27,10089,,,,,0.0,,,,,,,,,,,
27,10099,,,,,0.0,,,,,,,,,,,
27,10109,,,,,0.0,,,,,,,,,,,
27,10119,,,,,0.0,,,,,,,,,,,
27,10129,,,,,0.0,,,,,,,,,,,
27,10139,,,,,0.0,,,,,,,,,,,
27,10149,,,,,0.0,,,,,,,,,,,
27,10159,,,,,0.0,,,,,,,,,,,
27,10169,,,,,0.0,,,,,,,,,,,
27,10179,,,,,0.0,,,,,,,,,,,
27,10189,,,,,0.0,,,,,,,,,,,
27,10199,,,,,0.0,,,,,,,,,,,
27,10209,,,,,0.0,,,,,,,,,,,
27,10219,,,,,0.0,,,,,,,,,,,
27,10229,,,,,0.0,,,,,,,,,,,
27,10239,,,,,0.0,,,,,,,,,,,
27,10249,,,,,0.0,,,,,,,,,,,
27,10259,,,,,0.0,,,,,,,,,,,
27,10269,,,,,0.0,,,,,,,,,,,
27,10279,,,,,0.0,,,,,,,,,,,
27,10289,,,,,0.0,,,,,,,,,,,
27,10299,,,,,0.0,,,,,,,,,,,
27,10309,,,,,0.0,,,,,,,,,,,
27,10319,,,,,0.0,,,,,,,,,,,
27,10329,,,,,0.0,,,,,,,,,,,
27,27,0.0,76.93866448560988,,,,,,,,,,,,,,
27,10331,,,,,,2.8601464236999163e-06,,,,,,,,,,
28,10339,,,,,0.0,,,,,,,,,,,
28,10349,,,,,0.0,,,,,,,,,,,
28,10359,,,,,0.0,,,,,,,,,,,
28,10369,,,,,0.0,,,,,,,,,,,
28,10379,,,,,0.0,,,,,,,,,,,
28,10389,,,,,0.0,,,,,,,,,,,
28,10399,,,,,0.0,,,,,,,,,,,
28,10409,,,,,0.0,,,,,,,,,,,
28,10419,,,,,0.0,,,,,,,,,,,
28,10429,,,,,0.0,,,,,,,,,,,
28,10439,,,,,0.0,,,,,,,,,,,
28,10449,,,,,0.0,,,,,,,,,,,
28,10459,,,,,0.0,,,,,,,,,,,
28,10469,,,,,0.0,,,,,,,,,,,
28,10479,,,,,0.0,,,,,,,,,,,
28,10489,,,,,0.0,,,,,,,,,,,
28,10499,,,,,0.0,,,,,,,,,,,
28,10509,,,,,0.0,,,,,,,,,,,
28,10519,,,,,0.0,,,,,,,,,,,
28,10529,,,,,0.0,,,,,,,,,,,
28,10539,,,,,0.0,,,,,,,,,,,
28,10549,,,,,0.0,,,,,,,,,,,
28,10559,,,,,0.0,,,,,,,,,,,
28,10569,,,,,0.0,,,,,,,,,,,
28,10579,,,,,0.0,,,,,,,,,,,
28,10589,,,,,0.0,,,,,,,,,,,
28,10599,,,,,0.0,,,,,,,,,,,
28,10609,,,,,9.750969184096903e-05,,,,,,,,,,,
28,10619,,,,,0.0,,,,,,,,,,,
28,10629,,,,,0.0,,,,,,,,,,,
28,10639,,,,,0.0,,,,,,,,,,,
28,10649,,,,,0.0,,,,,,,,,,,
28,10659,,,,,0.0,,,,,,,,,,,
28,10669,,,,,0.0,,,,,,,,,,,
28,10679,,,,,0.0,,,,,,,,,,,
28,10689,,,,,0.0,,,,,,,,,,,
28,10699,,,,,0.0,,,,,,,,,,,
28,28,0.00022919334511550148,76.95729720038565,,,,,,,,,,,,,,
28,10700,,,,,,5.303426405589562e-06,,,,,,,,,,
29,10709,,,,,0.0,,,,,,,,,,,
29,10719,,,,,0.0,,,,,,,,,,,
29,10729,,,,,0.0,,,,,,,,,,,
29,10739,,,,,0.0,,,,,,,,,,,
29,10749,,,,,0.0,,,,,,,,,,,
29,10759,,,,,0.0,,,,,,,,,,,
29,10769,,,,,0.0,,,,,,,,,,,
29,10779,,,,,0.0,,,,,,,,,,,
29,10789,,,,,0.0,,,,,,,,,,,
29,10799,,,,,0.0,,,,,,,,,,,
29,10809,,,,,0.0,,,,,,,,,,,
29,10819,,,,,6.12831863691099e-05,,,,,,,,,,,
29,10829,,,,,0.0,,,,,,,,,,,
29,10839,,,,,0.0,,,,,,,,,,,
29,10849,,,,,0.0,,,,,,,,,,,
29,10859,,,,,0.0,,,,,,,,,,,
29,10869,,,,,0.0,,,,,,,,,,,
29,10879,,,,,0.0,,,,,,,,,,,
29,10889,,,,,0.0,,,,,,,,,,,
29,10899,,,,,0.0,,,,,,,,,,,
29,10909,,,,,0.0,,,,,,,,,,,
29,10919,,,,,0.0,,,,,,,,,,,
29,10929,,,,,0.0,,,,,,,,,,,
29,10939,,,,,0.0,,,,,,,,,,,
29,10949,,,,,0.0,,,,,,,,,,,
29,10959,,,,,0.0,,,,,,,,,,,
29,10969,,,,,0.0,,,,,,,,,,,
29,10979,,,,,0.0,,,,,,,,,,,
29,10989,,,,,0.0,,,,,,,,,,,
29,10999,,,,,0.0,,,,,,,,,,,
29,11009,,,,,0.0,,,,,,,,,,,
29,11019,,,,,0.0,,,,,,,,,,,
29,11029,,,,,0.0,,,,,,,,,,,
29,11039,,,,,0.0,,,,,,,,,,,
29,11049,,,,,0.0,,,,,,,,,,,
29,11059,,,,,0.0,,,,,,,,,,,
29,11069,,,,,0.0,,,,,,,,,,,
29,29,,,0.619197428226471,0.01708192750811577,,,6.001408133655685e-07,0.02506570890545845,,0.6161636114120483,,0.016688067466020584,,0.0,,0.027659093961119652
29,11069,,,,,,,,,0.6161636114120483,,0.016688067466020584,,0.0,,0.027659093961119652,
29,29,0.0002257563868797237,76.97045978059782,,,,,,,,,,,,,,
29,11069,,,,,,4.490149422053946e-06,,,,,,,,,,
30,11079,,,,,0.0,,,,,,,,,,,
30,11089,,,,,0.0,,,,,,,,,,,
30,11099,,,,,0.0,,,,,,,,,,,
30,11109,,,,,0.0,,,,,,,,,,,
30,11119,,,,,0.0,,,,,,,,,,,
30,11129,,,,,0.0,,,,,,,,,,,
30,11139,,,,,0.0,,,,,,,,,,,
30,11149,,,,,0.0,,,,,,,,,,,
30,11159,,,,,0.0,,,,,,,,,,,
30,11169,,,,,0.0,,,,,,,,,,,
30,11179,,,,,0.0,,,,,,,,,,,
30,11189,,,,,0.0,,,,,,,,,,,
30,11199,,,,,0.0,,,,,,,,,,,
30,11209,,,,,0.0,,,,,,,,,,,
30,11219,,,,,0.0,,,,,,,,,,,
30,11229,,,,,0.0,,,,,,,,,,,
30,11239,,,,,0.0,,,,,,,,,,,
30,11249,,,,,0.0,,,,,,,,,,,
30,11259,,,,,0.0,,,,,,,,,,,
30,11269,,,,,0.0,,,,,,,,,,,
30,11279,,,,,0.0,,,,,,,,,,,
30,11289,,,,,0.0,,,,,,,,,,,
30,11299,,,,,0.0,,,,,,,,,,,
30,11309,,,,,0.0,,,,,,,,,,,
30,11319,,,,,0.0,,,,,,,,,,,
30,11329,,,,,0.0,,,,,,,,,,,
30,11339,,,,,0.0,,,,,,,,,,,
30,11349,,,,,0.0,,,,,,,,,,,
30,11359,,,,,0.0,,,,,,,,,,,
30,11369,,,,,0.0,,,,,,,,,,,
30,11379,,,,,0.0,,,,,,,,,,,
30,11389,,,,,0.0,,,,,,,,,,,
30,11399,,,,,0.0,,,,,,,,,,,
30,11409,,,,,0.0,,,,,,,,,,,
30,11419,,,,,0.0,,,,,,,,,,,
30,11429,,,,,0.0,,,,,,,,,,,
30,30,0.0,76.9735618713807,,,,,,,,,,,,,,
30,11438,,,,,,2.0325303466961486e-06,,,,,,,,,,
31,11439,,,,,0.0,,,,,,,,,,,
31,11449,,,,,0.0,,,,,,,,,,,
31,11459,,,,,0.0,,,,,,,,,,,
31,11469,,,,,0.0,,,,,,,,,,,
31,11479,,,,,0.0,,,,,,,,,,,
31,11489,,,,,0.0,,,,,,,,,,,
31,11499,,,,,0.0,,,,,,,,,,,
31,11509,,,,,0.0,,,,,,,,,,,
31,11519,,,,,0.0,,,,,,,,,,,
31,11529,,,,,0.0,,,,,,,,,,,
31,11539,,,,,0.0,,,,,,,,,,,
31,11549,,,,,0.0,,,,,,,,,,,
31,11559,,,,,0.0,,,,,,,,,,,
31,11569,,,,,0.0001065979158738628,,,,,,,,,,,
31,11579,,,,,0.0,,,,,,,,,,,
31,11589,,,,,0.0,,,,,,,,,,,
31,11599,,,,,0.0,,,,,,,,,,,
31,11609,,,,,0.0,,,,,,,,,,,
31,11619,,,,,0.0,,,,,,,,,,,
31,11629,,,,,0.0,,,,,,,,,,,
31,11639,,,,,0.0,,,,,,,,,,,
31,11649,,,,,0.0,,,,,,,,,,,
31,11659,,,,,0.0,,,,,,,,,,,
31,11669,,,,,0.0,,,,,,,,,,,
31,11679,,,,,0.0,,,,,,,,,,,
31,11689,,,,,0.0,,,,,,,,,,,
31,11699,,,,,0.0,,,,,,,,,,,
31,11709,,,,,0.0,,,,,,,,,,,
31,11719,,,,,0.0,,,,,,,,,,,
31,11729,,,,,0.0,,,,,,,,,,,
31,11739,,,,,0.0,,,,,,,,,,,
31,11749,,,,,0.0,,,,,,,,,,,
31,11759,,,,,0.0,,,,,,,,,,,
31,11769,,,,,0.0,,,,,,,,,,,
31,11779,,,,,0.0,,,,,,,,,,,
31,11789,,,,,0.0,,,,,,,,,,,
31,11799,,,,,0.0,,,,,,,,,,,
31,31,0.00020392688924593782,76.97976763223473,,,,,,,,,,,,,,
31,11807,,,,,,1.7791188611226971e-06,,,,,,,,,,
32,11809,,,,,0.0,,,,,,,,,,,
32,11819,,,,,0.0,,,,,,,,,,,
32,11829,,,,,0.0,,,,,,,,,,,
32,11839,,,,,0.0,,,,,,,,,,,
32,11849,,,,,0.0,,,,,,,,,,,
32,11859,,,,,0.0,,,,,,,,,,,
32,11869,,,,,0.0,,,,,,,,,,,
32,11879,,,,,0.0,,,,,,,,,,,
32,11889,,,,,0.0,,,,,,,,,,,
32,11899,,,,,0.0,,,,,,,,,,,
32,11909,,,,,0.0,,,,,,,,,,,
32,11919,,,,,0.0,,,,,,,,,,,
32,11929,,,,,0.0,,,,,,,,,,,
32,11939,,,,,0.0,,,,,,,,,,,
32,11949,,,,,0.0,,,,,,,,,,,
32,11959,,,,,0.0,,,,,,,,,,,
32,11969,,,,,0.0,,,,,,,,,,,
32,11979,,,,,0.0,,,,,,,,,,,
32,11989,,,,,0.0,,,,,,,,,,,
32,11999,,,,,0.0,,,,,,,,,,,
32,12009,,,,,0.00020456947095226496,,,,,,,,,,,
32,12019,,,,,0.0,,,,,,,,,,,
32,12029,,,,,0.0,,,,,,,,,,,
32,12039,,,,,0.0,,,,,,,,,,,
32,12049,,,,,0.0,,,,,,,,,,,
32,12059,,,,,0.0,,,,,,,,,,,
32,12069,,,,,0.0,,,,,,,,,,,
32,12079,,,,,4.6183242375263944e-05,,,,,,,,,,,
32,12089,,,,,0.0,,,,,,,,,,,
32,12099,,,,,0.0,,,,,,,,,,,
32,12109,,,,,0.0,,,,,,,,,,,
32,12119,,,,,0.0,,,,,,,,,,,
32,12129,,,,,0.0,,,,,,,,,,,
32,12139,,,,,0.0,,,,,,,,,,,
32,12149,,,,,0.0,,,,,,,,,,,
32,12159,,,,,0.0,,,,,,,,,,,
32,12169,,,,,0.0,,,,,,,,,,,
32,32,0.0005775391107224922,77.00888387714406,,,,,,,,,,,,,,
32,12176,,,,,,6.106717592047062e-06,,,,,,,,,,
33,12179,,,,,0.0,,,,,,,,,,,
33,12189,,,,,0.0,,,,,,,,,,,
33,12199,,,,,0.0,,,,,,,,,,,
33,12209,,,,,0.0,,,,,,,,,,,
33,12219,,,,,0.0,,,,,,,,,,,
33,12229,,,,,0.0,,,,,,,,,,,
33,12239,,,,,0.0,,,,,,,,,,,
33,12249,,,,,0.0,,,,,,,,,,,
33,12259,,,,,0.0,,,,,,,,,,,
33,12269,,,,,0.0,,,,,,,,,,,
33,12279,,,,,0.0,,,,,,,,,,,
33,12289,,,,,0.0,,,,,,,,,,,
33,12299,,,,,0.0,,,,,,,,,,,
33,12309,,,,,0.0,,,,,,,,,,,
33,12319,,,,,0.0,,,,,,,,,,,
33,12329,,,,,0.0,,,,,,,,,,,
33,12339,,,,,0.0,,,,,,,,,,,
33,12349,,,,,0.0,,,,,,,,,,,
33,12359,,,,,0.0,,,,,,,,,,,
33,12369,,,,,0.0,,,,,,,,,,,
33,12379,,,,,0.0,,,,,,,,,,,
33,12389,,,,,0.0,,,,,,,,,,,
33,12399,,,,,0.0,,,,,,,,,,,
33,12409,,,,,0.0,,,,,,,,,,,
33,12419,,,,,0.0,,,,,,,,,,,
33,12429,,,,,0.0,,,,,,,,,,,
33,12439,,,,,0.0,,,,,,,,,,,
33,12449,,,,,0.0,,,,,,,,,,,
33,12459,,,,,0.0,,,,,,,,,,,
33,12469,,,,,0.0,,,,,,,,,,,
33,12479,,,,,0.0,,,,,,,,,,,
33,12489,,,,,0.0,,,,,,,,,,,
33,12499,,,,,0.0,,,,,,,,,,,
33,12509,,,,,0.0,,,,,,,,,,,
33,12519,,,,,0.0,,,,,,,,,,,
33,12529,,,,,0.0,,,,,,,,,,,
33,12539,,,,,0.0,,,,,,,,,,,
33,33,0.0,77.01780577680573,,,,,,,,,,,,,,
33,12545,,,,,,1.4332118780657765e-06,,,,,,,,,,
34,12549,,,,,0.0,,,,,,,,,,,
34,12559,,,,,0.0,,,,,,,,,,,
34,12569,,,,,0.0,,,,,,,,,,,
34,12579,,,,,0.0,,,,,,,,,,,
34,12589,,,,,0.0,,,,,,,,,,,
34,12599,,,,,0.0,,,,,,,,,,,
34,12609,,,,,0.0,,,,,,,,,,,
34,12619,,,,,0.0,,,,,,,,,,,
34,12629,,,,,0.0,,,,,,,,,,,
34,12639,,,,,0.0,,,,,,,,,,,
34,12649,,,,,0.0,,,,,,,,,,,
34,12659,,,,,0.0,,,,,,,,,,,
34,12669,,,,,0.0,,,,,,,,,,,
34,12679,,,,,8.351750147994608e-05,,,,,,,,,,,
34,12689,,,,,0.0,,,,,,,,,,,
34,12699,,,,,0.0,,,,,,,,,,,
34,12709,,,,,0.0,,,,,,,,,,,
34,12719,,,,,0.0,,,,,,,,,,,
34,12729,,,,,4.180319592705928e-05,,,,,,,,,,,
34,12739,,,,,0.0,,,,,,,,,,,
34,12749,,,,,0.0,,,,,,,,,,,
34,12759,,,,,0.0,,,,,,,,,,,
34,12769,,,,,0.0,,,,,,,,,,,
34,12779,,,,,0.0,,,,,,,,,,,
34,12789,,,,,0.0,,,,,,,,,,,
34,12799,,,,,0.0,,,,,,,,,,,
34,12809,,,,,0.0,,,,,,,,,,,
34,12819,,,,,0.0,,,,,,,,,,,
34,12829,,,,,0.0,,,,,,,,,,,
34,12839,,,,,0.0,,,,,,,,,,,
34,12849,,,,,0.0,,,,,,,,,,,
34,12859,,,,,0.0,,,,,,,,,,,
34,12869,,,,,0.0,,,,,,,,,,,
34,12879,,,,,0.0,,,,,,,,,,,
34,12889,,,,,0.0,,,,,,,,,,,
34,12899,,,,,0.0,,,,,,,,,,,
34,12909,,,,,0.0,,,,,,,,,,,
34,34,0.00041466042759394,77.04265987059192,,,,,,,,,,,,,,
34,12914,,,,,,5.101786882732995e-06,,,,,,,,,,
35,12919,,,,,0.0,,,,,,,,,,,
35,12929,,,,,0.00016685432638041675,,,,,,,,,,,
35,12939,,,,,0.0,,,,,,,,,,,
35,12949,,,,,4.573471596813761e-05,,,,,,,,,,,
35,12959,,,,,0.0,,,,,,,,,,,
35,12969,,,,,0.0,,,,,,,,,,,
35,12979,,,,,0.0,,,,,,,,,,,
35,12989,,,,,0.0,,,,,,,,,,,
35,12999,,,,,0.0,,,,,,,,,,,
35,13009,,,,,0.0,,,,,,,,,,,
35,13019,,,,,0.0,,,,,,,,,,,
35,13029,,,,,0.0,,,,,,,,,,,
35,13039,,,,,0.0,,,,,,,,,,,
35,13049,,,,,0.0,,,,,,,,,,,
35,13059,,,,,0.0,,,,,,,,,,,
35,13069,,,,,0.0,,,,,,,,,,,
35,13079,,,,,0.0,,,,,,,,,,,
35,13089,,,,,0.0,,,,,,,,,,,
35,13099,,,,,0.0,,,,,,,,,,,
35,13109,,,,,0.0,,,,,,,,,,,
35,13119,,,,,0.0,,,,,,,,,,,
35,13129,,,,,0.0,,,,,,,,,,,
35,13139,,,,,0.0,,,,,,,,,,,
35,13149,,,,,0.0,,,,,,,,,,,
35,13159,,,,,0.0,,,,,,,,,,,
35,13169,,,,,0.0,,,,,,,,,,,
35,13179,,,,,0.0,,,,,,,,,,,
35,13189,,,,,0.0,,,,,,,,,,,
35,13199,,,,,0.0,,,,,,,,,,,
35,13209,,,,,0.0,,,,,,,,,,,
35,13219,,,,,6.898082938278094e-05,,,,,,,,,,,
35,13229,,,,,0.0,,,,,,,,,,,
35,13239,,,,,0.0,,,,,,,,,,,
35,13249,,,,,0.0,,,,,,,,,,,
35,13259,,,,,0.0,,,,,,,,,,,
35,13269,,,,,0.0,,,,,,,,,,,
35,13279,,,,,0.0,,,,,,,,,,,
35,35,0.001020958350441839,77.05540655866379,,,,,,,,,,,,,,
35,13283,,,,,,1.9000203792529646e-06,,,,,,,,,,
36,13289,,,,,0.0,,,,,,,,,,,
36,13299,,,,,0.0,,,,,,,,,,,
36,13309,,,,,0.0,,,,,,,,,,,
36,13319,,,,,0.0,,,,,,,,,,,
36,13329,,,,,0.0,,,,,,,,,,,
36,13339,,,,,0.0,,,,,,,,,,,
36,13349,,,,,0.0,,,,,,,,,,,
36,13359,,,,,0.0,,,,,,,,,,,
36,13369,,,,,0.0,,,,,,,,,,,
36,13379,,,,,0.0,,,,,,,,,,,
36,13389,,,,,0.0,,,,,,,,,,,
36,13399,,,,,0.0,,,,,,,,,,,
36,13409,,,,,0.0,,,,,,,,,,,
36,13419,,,,,0.0,,,,,,,,,,,
36,13429,,,,,0.0,,,,,,,,,,,
36,13439,,,,,0.0,,,,,,,,,,,
36,13449,,,,,0.0,,,,,,,,,,,
36,13459,,,,,0.0,,,,,,,,,,,
36,13469,,,,,0.0,,,,,,,,,,,
36,13479,,,,,0.0,,,,,,,,,,,
36,13489,,,,,0.0,,,,,,,,,,,
36,13499,,,,,0.0,,,,,,,,,,,
36,13509,,,,,0.0,,,,,,,,,,,
36,13519,,,,,0.0,,,,,,,,,,,
36,13529,,,,,0.0,,,,,,,,,,,
36,13539,,,,,0.0,,,,,,,,,,,
36,13549,,,,,0.0,,,,,,,,,,,
36,13559,,,,,0.0,,,,,,,,,,,
36,13569,,,,,0.0,,,,,,,,,,,
36,13579,,,,,0.0,,,,,,,,,,,
36,13589,,,,,0.0,,,,,,,,,,,
36,13599,,,,,0.0,,,,,,,,,,,
36,13609,,,,,0.0,,,,,,,,,,,
36,13619,,,,,0.0,,,,,,,,,,,
36,13629,,,,,0.0,,,,,,,,,,,
36,13639,,,,,0.0,,,,,,,,,,,
36,13649,,,,,0.0,,,,,,,,,,,
36,36,0.0,77.06835627170108,,,,,,,,,,,,,,
36,13652,,,,,,1.160619945039798e-06,,,,,,,,,,
37,13659,,,,,0.0,,,,,,,,,,,
37,13669,,,,,0.0,,,,,,,,,,,
37,13679,,,,,0.0,,,,,,,,,,,
37,13689,,,,,0.0,,,,,,,,,,,
37,13699,,,,,0.0,,,,,,,,,,,
37,13709,,,,,0.0,,,,,,,,,,,
37,13719,,,,,0.0,,,,,,,,,,,
37,13729,,,,,4.301555236452259e-05,,,,,,,,,,,
37,13739,,,,,0.0,,,,,,,,,,,
37,13749,,,,,0.0,,,,,,,,,,,
37,13759,,,,,0.0,,,,,,,,,,,
37,13769,,,,,0.0,,,,,,,,,,,
37,13779,,,,,0.0,,,,,,,,,,,
37,13789,,,,,0.0,,,,,,,,,,,
37,13799,,,,,0.0,,,,,,,,,,,
37,13809,,,,,0.0,,,,,,,,,,,
37,13819,,,,,0.0,,,,,,,,,,,
37,13829,,,,,0.0,,,,,,,,,,,
37,13839,,,,,0.0,,,,,,,,,,,
37,13849,,,,,0.0,,,,,,,,,,,
37,13859,,,,,0.0,,,,,,,,,,,
37,13869,,,,,0.0,,,,,,,,,,,
37,13879,,,,,0.0,,,,,,,,,,,
37,13889,,,,,0.0,,,,,,,,,,,
37,13899,,,,,0.0,,,,,,,,,,,
37,13909,,,,,0.0,,,,,,,,,,,
37,13919,,,,,0.0,,,,,,,,,,,
37,13929,,,,,0.0,,,,,,,,,,,
37,13939,,,,,0.0,,,,,,,,,,,
37,13949,,,,,0.0,,,,,,,,,,,
37,13959,,,,,0.0,,,,,,,,,,,
37,13969,,,,,0.0,,,,,,,,,,,
37,13979,,,,,0.0,,,,,,,,,,,
37,13989,,,,,0.0,,,,,,,,,,,
37,13999,,,,,0.0,,,,,,,,,,,
37,14009,,,,,0.0,,,,,,,,,,,
37,14019,,,,,0.0,,,,,,,,,,,
37,37,0.0001276658439937962,77.07327104574655,,,,,,,,,,,,,,
37,14021,,,,,,1.9699616871093895e-07,,,,,,,,,,
38,14029,,,,,0.0,,,,,,,,,,,
38,14039,,,,,0.0,,,,,,,,,,,
38,14049,,,,,0.0,,,,,,,,,,,
38,14059,,,,,0.0,,,,,,,,,,,
38,14069,,,,,0.0,,,,,,,,,,,
38,14079,,,,,0.0,,,,,,,,,,,
38,14089,,,,,0.0,,,,,,,,,,,
38,14099,,,,,0.0,,,,,,,,,,,
38,14109,,,,,0.0,,,,,,,,,,,
38,14119,,,,,0.0,,,,,,,,,,,
38,14129,,,,,0.0,,,,,,,,,,,
38,14139,,,,,0.0,,,,,,,,,,,
38,14149,,,,,0.0,,,,,,,,,,,
38,14159,,,,,0.0,,,,,,,,,,,
38,14169,,,,,0.0,,,,,,,,,,,
38,14179,,,,,0.0,,,,,,,,,,,
38,14189,,,,,0.0,,,,,,,,,,,
38,14199,,,,,0.0,,,,,,,,,,,
38,14209,,,,,0.0,,,,,,,,,,,
38,14219,,,,,0.0,,,,,,,,,,,
38,14229,,,,,0.0,,,,,,,,,,,
38,14239,,,,,0.0,,,,,,,,,,,
38,14249,,,,,0.0,,,,,,,,,,,
38,14259,,,,,0.0,,,,,,,,,,,
38,14269,,,,,0.0,,,,,,,,,,,
38,14279,,,,,0.0,,,,,,,,,,,
38,14289,,,,,0.0,,,,,,,,,,,
38,14299,,,,,0.0,,,,,,,,,,,
38,14309,,,,,0.0,,,,,,,,,,,
38,14319,,,,,0.0,,,,,,,,,,,
38,14329,,,,,0.0,,,,,,,,,,,
38,14339,,,,,0.0,,,,,,,,,,,
38,14349,,,,,0.0,,,,,,,,,,,
38,14359,,,,,0.0,,,,,,,,,,,
38,14369,,,,,0.0,,,,,,,,,,,
38,14379,,,,,0.0,,,,,,,,,,,
38,14389,,,,,0.0,,,,,,,,,,,
38,38,0.0,77.09237572193601,,,,,,,,,,,,,,
38,14390,,,,,,2.009364379773615e-06,,,,,,,,,,
39,14399,,,,,0.0,,,,,,,,,,,
39,14409,,,,,0.0,,,,,,,,,,,
39,14419,,,,,0.0,,,,,,,,,,,
39,14429,,,,,0.0,,,,,,,,,,,
39,14439,,,,,0.0,,,,,,,,,,,
39,14449,,,,,0.0,,,,,,,,,,,
39,14459,,,,,0.0,,,,,,,,,,,
39,14469,,,,,0.0,,,,,,,,,,,
39,14479,,,,,0.0,,,,,,,,,,,
39,14489,,,,,0.0,,,,,,,,,,,
39,14499,,,,,0.0,,,,,,,,,,,
39,14509,,,,,0.0,,,,,,,,,,,
39,14519,,,,,0.0,,,,,,,,,,,
39,14529,,,,,0.0,,,,,,,,,,,
39,14539,,,,,0.0,,,,,,,,,,,
39,14549,,,,,0.0,,,,,,,,,,,
39,14559,,,,,0.0,,,,,,,,,,,
39,14569,,,,,0.0,,,,,,,,,,,
39,14579,,,,,0.0,,,,,,,,,,,
39,14589,,,,,0.0,,,,,,,,,,,
39,14599,,,,,0.0,,,,,,,,,,,
39,14609,,,,,0.0,,,,,,,,,,,
39,14619,,,,,0.0,,,,,,,,,,,
39,14629,,,,,0.0,,,,,,,,,,,
39,14639,,,,,0.0,,,,,,,,,,,
39,14649,,,,,0.0,,,,,,,,,,,
39,14659,,,,,0.0,,,,,,,,,,,
39,14669,,,,,0.0,,,,,,,,,,,
39,14679,,,,,0.0,,,,,,,,,,,
39,14689,,,,,0.0,,,,,,,,,,,
39,14699,,,,,0.0,,,,,,,,,,,
39,14709,,,,,0.0,,,,,,,,,,,
39,14719,,,,,0.0,,,,,,,,,,,
39,14729,,,,,0.0,,,,,,,,,,,
39,14739,,,,,0.0,,,,,,,,,,,
39,14749,,,,,0.0,,,,,,,,,,,
39,14759,,,,,0.0,,,,,,,,,,,
39,39,,,0.604739248752594,0.015794895589351654,,,0.0,0.02450665459036827,,0.5991009473800659,,0.01587938517332077,,0.0,,0.026444943621754646
39,14759,,,,,,,,,0.5991009473800659,,0.01587938517332077,,0.0,,0.026444943621754646,
39,39,0.0,77.10895337955888,,,,,,,,,,,,,,
39,14759,,,,,,1.330294253421016e-06,,,,,,,,,,
40,14769,,,,,0.0,,,,,,,,,,,
40,14779,,,,,0.0,,,,,,,,,,,
40,14789,,,,,0.0,,,,,,,,,,,
40,14799,,,,,0.0,,,,,,,,,,,
40,14809,,,,,0.0,,,,,,,,,,,
40,14819,,,,,0.0,,,,,,,,,,,
40,14829,,,,,0.0,,,,,,,,,,,
40,14839,,,,,0.0,,,,,,,,,,,
40,14849,,,,,0.0,,,,,,,,,,,
40,14859,,,,,0.0,,,,,,,,,,,
40,14869,,,,,0.0,,,,,,,,,,,
40,14879,,,,,0.0,,,,,,,,,,,
40,14889,,,,,0.0,,,,,,,,,,,
40,14899,,,,,0.0,,,,,,,,,,,
40,14909,,,,,0.0,,,,,,,,,,,
40,14919,,,,,0.0,,,,,,,,,,,
40,14929,,,,,0.0,,,,,,,,,,,
40,14939,,,,,0.0,,,,,,,,,,,
40,14949,,,,,0.0,,,,,,,,,,,
40,14959,,,,,0.0,,,,,,,,,,,
40,14969,,,,,0.0,,,,,,,,,,,
40,14979,,,,,0.0,,,,,,,,,,,
40,14989,,,,,0.0,,,,,,,,,,,
40,14999,,,,,0.0,,,,,,,,,,,
40,15009,,,,,0.0,,,,,,,,,,,
40,15019,,,,,0.0,,,,,,,,,,,
40,15029,,,,,0.0,,,,,,,,,,,
40,15039,,,,,0.0,,,,,,,,,,,
40,15049,,,,,0.0,,,,,,,,,,,
40,15059,,,,,2.4901703000068665e-05,,,,,,,,,,,
40,15069,,,,,0.0,,,,,,,,,,,
40,15079,,,,,0.0,,,,,,,,,,,
40,15089,,,,,0.0,,,,,,,,,,,
40,15099,,,,,0.0,,,,,,,,,,,
40,15109,,,,,0.0,,,,,,,,,,,
40,15119,,,,,0.0,,,,,,,,,,,
40,40,0.0001692260110623314,77.11800510957349,,,,,,,,,,,,,,
40,15128,,,,,,2.0975573988835094e-06,,,,,,,,,,
41,15129,,,,,0.0,,,,,,,,,,,
41,15139,,,,,0.0,,,,,,,,,,,
41,15149,,,,,0.0,,,,,,,,,,,
41,15159,,,,,0.0,,,,,,,,,,,
41,15169,,,,,0.0,,,,,,,,,,,
41,15179,,,,,0.0,,,,,,,,,,,
41,15189,,,,,0.0,,,,,,,,,,,
41,15199,,,,,0.0,,,,,,,,,,,
41,15209,,,,,0.0,,,,,,,,,,,
41,15219,,,,,0.0,,,,,,,,,,,
41,15229,,,,,0.0,,,,,,,,,,,
41,15239,,,,,0.0,,,,,,,,,,,
41,15249,,,,,0.0,,,,,,,,,,,
41,15259,,,,,0.0,,,,,,,,,,,
41,15269,,,,,0.0,,,,,,,,,,,
41,15279,,,,,0.0,,,,,,,,,,,
41,15289,,,,,0.0,,,,,,,,,,,
41,15299,,,,,0.0,,,,,,,,,,,
41,15309,,,,,0.0,,,,,,,,,,,
41,15319,,,,,0.0,,,,,,,,,,,
41,15329,,,,,0.0,,,,,,,,,,,
41,15339,,,,,0.0,,,,,,,,,,,
41,15349,,,,,0.0,,,,,,,,,,,
41,15359,,,,,0.0,,,,,,,,,,,
41,15369,,,,,0.0,,,,,,,,,,,
41,15379,,,,,0.0,,,,,,,,,,,
41,15389,,,,,0.0,,,,,,,,,,,
41,15399,,,,,0.0,,,,,,,,,,,
41,15409,,,,,0.0,,,,,,,,,,,
41,15419,,,,,0.0,,,,,,,,,,,
41,15429,,,,,0.0,,,,,,,,,,,
41,15439,,,,,0.0,,,,,,,,,,,
41,15449,,,,,0.0,,,,,,,,,,,
41,15459,,,,,0.0,,,,,,,,,,,
41,15469,,,,,0.0,,,,,,,,,,,
41,15479,,,,,0.0,,,,,,,,,,,
41,15489,,,,,0.0,,,,,,,,,,,
41,41,0.0,77.12552687886414,,,,,,,,,,,,,,
41,15497,,,,,,1.2828548960897024e-06,,,,,,,,,,
42,15499,,,,,0.0,,,,,,,,,,,
42,15509,,,,,0.0,,,,,,,,,,,
42,15519,,,,,0.0,,,,,,,,,,,
42,15529,,,,,0.0,,,,,,,,,,,
42,15539,,,,,0.0,,,,,,,,,,,
42,15549,,,,,0.0,,,,,,,,,,,
42,15559,,,,,0.0,,,,,,,,,,,
42,15569,,,,,0.0,,,,,,,,,,,
42,15579,,,,,0.0,,,,,,,,,,,
42,15589,,,,,0.0,,,,,,,,,,,
42,15599,,,,,0.0,,,,,,,,,,,
42,15609,,,,,0.0,,,,,,,,,,,
42,15619,,,,,0.0,,,,,,,,,,,
42,15629,,,,,0.0,,,,,,,,,,,
42,15639,,,,,0.0,,,,,,,,,,,
42,15649,,,,,0.0,,,,,,,,,,,
42,15659,,,,,0.0,,,,,,,,,,,
42,15669,,,,,0.0,,,,,,,,,,,
42,15679,,,,,0.0,,,,,,,,,,,
42,15689,,,,,0.0,,,,,,,,,,,
42,15699,,,,,0.0,,,,,,,,,,,
42,15709,,,,,0.0,,,,,,,,,,,
42,15719,,,,,0.0,,,,,,,,,,,
42,15729,,,,,0.0,,,,,,,,,,,
42,15739,,,,,0.0,,,,,,,,,,,
42,15749,,,,,0.0,,,,,,,,,,,
42,15759,,,,,0.0,,,,,,,,,,,
42,15769,,,,,0.0,,,,,,,,,,,
42,15779,,,,,0.0,,,,,,,,,,,
42,15789,,,,,0.0,,,,,,,,,,,
42,15799,,,,,0.0,,,,,,,,,,,
42,15809,,,,,0.0,,,,,,,,,,,
42,15819,,,,,0.0,,,,,,,,,,,
42,15829,,,,,0.0,,,,,,,,,,,
42,15839,,,,,0.0,,,,,,,,,,,
42,15849,,,,,0.0,,,,,,,,,,,
42,15859,,,,,0.0,,,,,,,,,,,
42,42,0.0,77.13251360662018,,,,,,,,,,,,,,
42,15866,,,,,,9.488588830208755e-07,,,,,,,,,,
43,15869,,,,,0.0,,,,,,,,,,,
43,15879,,,,,0.0,,,,,,,,,,,
43,15889,,,,,0.0,,,,,,,,,,,
43,15899,,,,,0.0,,,,,,,,,,,
43,15909,,,,,0.0,,,,,,,,,,,
43,15919,,,,,0.0,,,,,,,,,,,
43,15929,,,,,0.0,,,,,,,,,,,
43,15939,,,,,0.0,,,,,,,,,,,
43,15949,,,,,0.0,,,,,,,,,,,
43,15959,,,,,0.0,,,,,,,,,,,
43,15969,,,,,0.0,,,,,,,,,,,
43,15979,,,,,0.0,,,,,,,,,,,
43,15989,,,,,0.0,,,,,,,,,,,
43,15999,,,,,0.0,,,,,,,,,,,
43,16009,,,,,0.0,,,,,,,,,,,
43,16019,,,,,0.0,,,,,,,,,,,
43,16029,,,,,4.448063555173576e-05,,,,,,,,,,,
43,16039,,,,,0.0,,,,,,,,,,,
43,16049,,,,,0.0,,,,,,,,,,,
43,16059,,,,,0.0,,,,,,,,,,,
43,16069,,,,,0.0,,,,,,,,,,,
43,16079,,,,,0.0,,,,,,,,,,,
43,16089,,,,,0.0,,,,,,,,,,,
43,16099,,,,,0.0,,,,,,,,,,,
43,16109,,,,,0.0,,,,,,,,,,,
43,16119,,,,,0.0,,,,,,,,,,,
43,16129,,,,,0.0,,,,,,,,,,,
43,16139,,,,,0.00014298758469522,,,,,,,,,,,
43,16149,,,,,0.0,,,,,,,,,,,
43,16159,,,,,0.0,,,,,,,,,,,
43,16169,,,,,0.0,,,,,,,,,,,
43,16179,,,,,0.0,,,,,,,,,,,
43,16189,,,,,0.0,,,,,,,,,,,
43,16199,,,,,0.0,,,,,,,,,,,
43,16209,,,,,0.0,,,,,,,,,,,
43,16219,,,,,0.0,,,,,,,,,,,
43,16229,,,,,0.0,,,,,,,,,,,
43,43,0.0002839077661071032,77.17380587309401,,,,,,,,,,,,,,
43,16235,,,,,,1.7811457837524358e-06,,,,,,,,,,
44,16239,,,,,0.0,,,,,,,,,,,
44,16249,,,,,0.0,,,,,,,,,,,
44,16259,,,,,0.0,,,,,,,,,,,
44,16269,,,,,0.0,,,,,,,,,,,
44,16279,,,,,0.0,,,,,,,,,,,
44,16289,,,,,0.0,,,,,,,,,,,
44,16299,,,,,0.0,,,,,,,,,,,
44,16309,,,,,0.0,,,,,,,,,,,
44,16319,,,,,0.0,,,,,,,,,,,
44,16329,,,,,0.0,,,,,,,,,,,
44,16339,,,,,0.0,,,,,,,,,,,
44,16349,,,,,0.0,,,,,,,,,,,
44,16359,,,,,0.0,,,,,,,,,,,
44,16369,,,,,0.0,,,,,,,,,,,
44,16379,,,,,0.0,,,,,,,,,,,
44,16389,,,,,0.0,,,,,,,,,,,
44,16399,,,,,2.935327574959956e-05,,,,,,,,,,,
44,16409,,,,,0.0,,,,,,,,,,,
44,16419,,,,,0.0,,,,,,,,,,,
44,16429,,,,,0.0,,,,,,,,,,,
44,16439,,,,,0.0,,,,,,,,,,,
44,16449,,,,,0.0,,,,,,,,,,,
44,16459,,,,,0.0,,,,,,,,,,,
44,16469,,,,,0.0,,,,,,,,,,,
44,16479,,,,,0.0,,,,,,,,,,,
44,16489,,,,,0.0,,,,,,,,,,,
44,16499,,,,,0.0,,,,,,,,,,,
44,16509,,,,,0.0,,,,,,,,,,,
44,16519,,,,,0.0,,,,,,,,,,,
44,16529,,,,,0.0,,,,,,,,,,,
44,16539,,,,,0.0,,,,,,,,,,,
44,16549,,,,,0.0,,,,,,,,,,,
44,16559,,,,,0.0,,,,,,,,,,,
44,16569,,,,,0.0,,,,,,,,,,,
44,16579,,,,,0.0,,,,,,,,,,,
44,16589,,,,,0.0,,,,,,,,,,,
44,16599,,,,,0.0,,,,,,,,,,,
44,44,0.00035491607499595046,77.19924219591685,,,,,,,,,,,,,,
44,16604,,,,,,1.3592496088676853e-06,,,,,,,,,,
45,16609,,,,,0.0,,,,,,,,,,,
45,16619,,,,,0.0,,,,,,,,,,,
45,16629,,,,,0.0,,,,,,,,,,,
45,16639,,,,,0.0,,,,,,,,,,,
45,16649,,,,,0.0,,,,,,,,,,,
45,16659,,,,,0.0,,,,,,,,,,,
45,16669,,,,,0.0,,,,,,,,,,,
45,16679,,,,,0.0,,,,,,,,,,,
45,16689,,,,,0.0,,,,,,,,,,,
45,16699,,,,,0.0,,,,,,,,,,,
45,16709,,,,,0.0,,,,,,,,,,,
45,16719,,,,,0.0,,,,,,,,,,,
45,16729,,,,,0.0,,,,,,,,,,,
45,16739,,,,,0.0,,,,,,,,,,,
45,16749,,,,,0.0,,,,,,,,,,,
45,16759,,,,,0.0,,,,,,,,,,,
45,16769,,,,,0.0,,,,,,,,,,,
45,16779,,,,,0.0,,,,,,,,,,,
45,16789,,,,,0.0,,,,,,,,,,,
45,16799,,,,,0.0,,,,,,,,,,,
45,16809,,,,,0.0,,,,,,,,,,,
45,16819,,,,,0.0,,,,,,,,,,,
45,16829,,,,,0.0,,,,,,,,,,,
45,16839,,,,,0.0,,,,,,,,,,,
45,16849,,,,,0.0,,,,,,,,,,,
45,16859,,,,,0.0,,,,,,,,,,,
45,16869,,,,,0.0,,,,,,,,,,,
45,16879,,,,,0.0,,,,,,,,,,,
45,16889,,,,,0.0,,,,,,,,,,,
45,16899,,,,,0.0,,,,,,,,,,,
45,16909,,,,,0.0,,,,,,,,,,,
45,16919,,,,,0.0,,,,,,,,,,,
45,16929,,,,,0.0,,,,,,,,,,,
45,16939,,,,,0.0,,,,,,,,,,,
45,16949,,,,,0.0,,,,,,,,,,,
45,16959,,,,,0.0,,,,,,,,,,,
45,16969,,,,,0.0,,,,,,,,,,,
45,45,0.0,77.19924219591685,,,,,,,,,,,,,,
45,16973,,,,,,0.0,,,,,,,,,,
46,16979,,,,,0.0,,,,,,,,,,,
46,16989,,,,,0.0,,,,,,,,,,,
46,16999,,,,,0.0,,,,,,,,,,,
46,17009,,,,,0.0,,,,,,,,,,,
46,17019,,,,,0.0,,,,,,,,,,,
46,17029,,,,,0.00038767134537920356,,,,,,,,,,,
46,17039,,,,,0.0,,,,,,,,,,,
46,17049,,,,,0.0,,,,,,,,,,,
46,17059,,,,,0.0,,,,,,,,,,,
46,17069,,,,,0.0,,,,,,,,,,,
46,17079,,,,,0.0,,,,,,,,,,,
46,17089,,,,,0.0,,,,,,,,,,,
46,17099,,,,,0.0,,,,,,,,,,,
46,17109,,,,,0.0,,,,,,,,,,,
46,17119,,,,,0.0,,,,,,,,,,,
46,17129,,,,,0.0,,,,,,,,,,,
46,17139,,,,,0.0,,,,,,,,,,,
46,17149,,,,,0.0,,,,,,,,,,,
46,17159,,,,,0.0,,,,,,,,,,,
46,17169,,,,,0.0,,,,,,,,,,,
46,17179,,,,,0.0,,,,,,,,,,,
46,17189,,,,,0.0,,,,,,,,,,,
46,17199,,,,,0.0,,,,,,,,,,,
46,17209,,,,,0.0,,,,,,,,,,,
46,17219,,,,,0.0,,,,,,,,,,,
46,17229,,,,,0.0,,,,,,,,,,,
46,17239,,,,,0.0,,,,,,,,,,,
46,17249,,,,,0.0,,,,,,,,,,,
46,17259,,,,,0.0,,,,,,,,,,,
46,17269,,,,,0.0,,,,,,,,,,,
46,17279,,,,,0.0,,,,,,,,,,,
46,17289,,,,,0.0,,,,,,,,,,,
46,17299,,,,,0.0,,,,,,,,,,,
46,17309,,,,,0.0,,,,,,,,,,,
46,17319,,,,,0.0,,,,,,,,,,,
46,17329,,,,,0.0,,,,,,,,,,,
46,17339,,,,,0.0,,,,,,,,,,,
46,46,0.0005113426904135302,77.2212568750397,,,,,,,,,,,,,,
46,17342,,,,,,2.235662350358325e-06,,,,,,,,,,
47,17349,,,,,0.0,,,,,,,,,,,
47,17359,,,,,0.0,,,,,,,,,,,
47,17369,,,,,0.0,,,,,,,,,,,
47,17379,,,,,0.0,,,,,,,,,,,
47,17389,,,,,0.0,,,,,,,,,,,
47,17399,,,,,5.515016528079286e-05,,,,,,,,,,,
47,17409,,,,,0.0,,,,,,,,,,,
47,17419,,,,,0.0,,,,,,,,,,,
47,17429,,,,,0.0,,,,,,,,,,,
47,17439,,,,,0.0,,,,,,,,,,,
47,17449,,,,,0.0,,,,,,,,,,,
47,17459,,,,,0.0,,,,,,,,,,,
47,17469,,,,,0.0,,,,,,,,,,,
47,17479,,,,,0.0,,,,,,,,,,,
47,17489,,,,,0.0,,,,,,,,,,,
47,17499,,,,,0.0,,,,,,,,,,,
47,17509,,,,,0.0,,,,,,,,,,,
47,17519,,,,,0.0,,,,,,,,,,,
47,17529,,,,,0.0,,,,,,,,,,,
47,17539,,,,,0.0,,,,,,,,,,,
47,17549,,,,,0.0,,,,,,,,,,,
47,17559,,,,,0.0,,,,,,,,,,,
47,17569,,,,,0.0,,,,,,,,,,,
47,17579,,,,,0.0,,,,,,,,,,,
47,17589,,,,,0.0,,,,,,,,,,,
47,17599,,,,,0.0,,,,,,,,,,,
47,17609,,,,,0.0,,,,,,,,,,,
47,17619,,,,,0.0,,,,,,,,,,,
47,17629,,,,,0.0,,,,,,,,,,,
47,17639,,,,,0.0,,,,,,,,,,,
47,17649,,,,,0.0,,,,,,,,,,,
47,17659,,,,,0.0,,,,,,,,,,,
47,17669,,,,,0.0,,,,,,,,,,,
47,17679,,,,,0.0,,,,,,,,,,,
47,17689,,,,,0.0,,,,,,,,,,,
47,17699,,,,,0.0,,,,,,,,,,,
47,17709,,,,,0.0,,,,,,,,,,,
47,47,0.0002632224456476628,77.23494183846029,,,,,,,,,,,,,,
47,17711,,,,,,3.4204342114207975e-07,,,,,,,,,,
48,17719,,,,,0.0,,,,,,,,,,,
48,17729,,,,,0.0,,,,,,,,,,,
48,17739,,,,,0.0,,,,,,,,,,,
48,17749,,,,,0.0,,,,,,,,,,,
48,17759,,,,,0.0,,,,,,,,,,,
48,17769,,,,,0.0,,,,,,,,,,,
48,17779,,,,,0.0,,,,,,,,,,,
48,17789,,,,,0.0,,,,,,,,,,,
48,17799,,,,,0.0,,,,,,,,,,,
48,17809,,,,,0.0,,,,,,,,,,,
48,17819,,,,,0.0,,,,,,,,,,,
48,17829,,,,,0.0,,,,,,,,,,,
48,17839,,,,,0.0,,,,,,,,,,,
48,17849,,,,,0.0,,,,,,,,,,,
48,17859,,,,,0.0,,,,,,,,,,,
48,17869,,,,,0.0,,,,,,,,,,,
48,17879,,,,,0.0,,,,,,,,,,,
48,17889,,,,,0.0,,,,,,,,,,,
48,17899,,,,,0.0,,,,,,,,,,,
48,17909,,,,,0.0,,,,,,,,,,,
48,17919,,,,,0.0,,,,,,,,,,,
48,17929,,,,,0.0,,,,,,,,,,,
48,17939,,,,,0.0,,,,,,,,,,,
48,17949,,,,,0.0,,,,,,,,,,,
48,17959,,,,,0.0,,,,,,,,,,,
48,17969,,,,,0.0,,,,,,,,,,,
48,17979,,,,,0.0,,,,,,,,,,,
48,17989,,,,,0.0,,,,,,,,,,,
48,17999,,,,,0.0,,,,,,,,,,,
48,18009,,,,,0.0,,,,,,,,,,,
48,18019,,,,,0.0,,,,,,,,,,,
48,18029,,,,,0.0,,,,,,,,,,,
48,18039,,,,,0.0,,,,,,,,,,,
48,18049,,,,,0.0,,,,,,,,,,,
48,18059,,,,,0.0,,,,,,,,,,,
48,18069,,,,,0.0,,,,,,,,,,,
48,18079,,,,,0.0,,,,,,,,,,,
48,48,0.0,77.26398922414529,,,,,,,,,,,,,,
48,18080,,,,,,3.458784249232849e-06,,,,,,,,,,
49,18089,,,,,0.0,,,,,,,,,,,
49,18099,,,,,0.0,,,,,,,,,,,
49,18109,,,,,0.0,,,,,,,,,,,
49,18119,,,,,0.0,,,,,,,,,,,
49,18129,,,,,0.0,,,,,,,,,,,
49,18139,,,,,0.0,,,,,,,,,,,
49,18149,,,,,0.0,,,,,,,,,,,
49,18159,,,,,0.0,,,,,,,,,,,
49,18169,,,,,0.0,,,,,,,,,,,
49,18179,,,,,0.0,,,,,,,,,,,
49,18189,,,,,0.0,,,,,,,,,,,
49,18199,,,,,0.0,,,,,,,,,,,
49,18209,,,,,0.0,,,,,,,,,,,
49,18219,,,,,0.0,,,,,,,,,,,
49,18229,,,,,0.0,,,,,,,,,,,
49,18239,,,,,0.0,,,,,,,,,,,
49,18249,,,,,0.0,,,,,,,,,,,
49,18259,,,,,0.0,,,,,,,,,,,
49,18269,,,,,0.0,,,,,,,,,,,
49,18279,,,,,0.0,,,,,,,,,,,
49,18289,,,,,0.0,,,,,,,,,,,
49,18299,,,,,0.0,,,,,,,,,,,
49,18309,,,,,0.0,,,,,,,,,,,
49,18319,,,,,0.0,,,,,,,,,,,
49,18329,,,,,0.0,,,,,,,,,,,
49,18339,,,,,0.0,,,,,,,,,,,
49,18349,,,,,0.0,,,,,,,,,,,
49,18359,,,,,0.0,,,,,,,,,,,
49,18369,,,,,0.0,,,,,,,,,,,
49,18379,,,,,0.0,,,,,,,,,,,
49,18389,,,,,0.0,,,,,,,,,,,
49,18399,,,,,0.0,,,,,,,,,,,
49,18409,,,,,0.0,,,,,,,,,,,
49,18419,,,,,0.0,,,,,,,,,,,
49,18429,,,,,0.0,,,,,,,,,,,
49,18439,,,,,0.0,,,,,,,,,,,
49,18449,,,,,0.0,,,,,,,,,,,
49,49,,,0.6033473014831543,0.01540844514966011,,,2.2583328955922358e-08,0.023424934595823288,,0.6027953624725342,,0.01550176553428173,,0.0,,0.02510724402964115
49,18449,,,,,,,,,0.6027953624725342,,0.01550176553428173,,0.0,,0.02510724402964115,
49,49,0.0,77.2874920342425,,,,,,,,,,,,,,
49,18449,,,,,,2.3678012439631857e-06,,,,,,,,,,
50,18459,,,,,0.0,,,,,,,,,,,
50,18469,,,,,0.0,,,,,,,,,,,
50,18479,,,,,0.0,,,,,,,,,,,
50,18489,,,,,0.0,,,,,,,,,,,
50,18499,,,,,0.0,,,,,,,,,,,
50,18509,,,,,0.0,,,,,,,,,,,
50,18519,,,,,0.0,,,,,,,,,,,
50,18529,,,,,0.0,,,,,,,,,,,
50,18539,,,,,0.0,,,,,,,,,,,
50,18549,,,,,0.0,,,,,,,,,,,
50,18559,,,,,0.0,,,,,,,,,,,
50,18569,,,,,0.0,,,,,,,,,,,
50,18579,,,,,0.0,,,,,,,,,,,
50,18589,,,,,0.0,,,,,,,,,,,
50,18599,,,,,0.0,,,,,,,,,,,
50,18609,,,,,0.0,,,,,,,,,,,
50,18619,,,,,0.0,,,,,,,,,,,
50,18629,,,,,0.0,,,,,,,,,,,
50,18639,,,,,0.0,,,,,,,,,,,
50,18649,,,,,0.0,,,,,,,,,,,
50,18659,,,,,0.0,,,,,,,,,,,
50,18669,,,,,0.0,,,,,,,,,,,
50,18679,,,,,0.0,,,,,,,,,,,
50,18689,,,,,0.0,,,,,,,,,,,
50,18699,,,,,0.0,,,,,,,,,,,
50,18709,,,,,0.0,,,,,,,,,,,
50,18719,,,,,0.0,,,,,,,,,,,
50,18729,,,,,0.0,,,,,,,,,,,
50,18739,,,,,0.0,,,,,,,,,,,
50,18749,,,,,0.0,,,,,,,,,,,
50,18759,,,,,0.0,,,,,,,,,,,
50,18769,,,,,0.0,,,,,,,,,,,
50,18779,,,,,0.0,,,,,,,,,,,
50,18789,,,,,0.0,,,,,,,,,,,
50,18799,,,,,0.0,,,,,,,,,,,
50,18809,,,,,0.0,,,,,,,,,,,
50,50,0.0,77.31873882134802,,,,,,,,,,,,,,
50,18818,,,,,,1.2197141359138186e-06,,,,,,,,,,
51,18819,,,,,0.0,,,,,,,,,,,
51,18829,,,,,0.0,,,,,,,,,,,
51,18839,,,,,0.0,,,,,,,,,,,
51,18849,,,,,0.0,,,,,,,,,,,
51,18859,,,,,0.0,,,,,,,,,,,
51,18869,,,,,0.0,,,,,,,,,,,
51,18879,,,,,0.0,,,,,,,,,,,
51,18889,,,,,0.0,,,,,,,,,,,
51,18899,,,,,0.0,,,,,,,,,,,
51,18909,,,,,0.0,,,,,,,,,,,
51,18919,,,,,0.0,,,,,,,,,,,
51,18929,,,,,0.0,,,,,,,,,,,
51,18939,,,,,0.0,,,,,,,,,,,
51,18949,,,,,0.0,,,,,,,,,,,
51,18959,,,,,0.0,,,,,,,,,,,
51,18969,,,,,0.0,,,,,,,,,,,
51,18979,,,,,0.0,,,,,,,,,,,
51,18989,,,,,0.0,,,,,,,,,,,
51,18999,,,,,0.0,,,,,,,,,,,
51,19009,,,,,0.0,,,,,,,,,,,
51,19019,,,,,0.0,,,,,,,,,,,
51,19029,,,,,0.0,,,,,,,,,,,
51,19039,,,,,0.0,,,,,,,,,,,
51,19049,,,,,0.0,,,,,,,,,,,
51,19059,,,,,0.0,,,,,,,,,,,
51,19069,,,,,0.0,,,,,,,,,,,
51,19079,,,,,0.0,,,,,,,,,,,
51,19089,,,,,0.0,,,,,,,,,,,
51,19099,,,,,0.0,,,,,,,,,,,
51,19109,,,,,0.0,,,,,,,,,,,
51,19119,,,,,0.0,,,,,,,,,,,
51,19129,,,,,0.0,,,,,,,,,,,
51,19139,,,,,0.0,,,,,,,,,,,
51,19149,,,,,0.0,,,,,,,,,,,
51,19159,,,,,0.0,,,,,,,,,,,
51,19169,,,,,0.0,,,,,,,,,,,
51,19179,,,,,0.0,,,,,,,,,,,
51,51,0.0,77.34191846304275,,,,,,,,,,,,,,
51,19187,,,,,,1.0005599051510217e-06,,,,,,,,,,
52,19189,,,,,0.0,,,,,,,,,,,
52,19199,,,,,0.0,,,,,,,,,,,
52,19209,,,,,0.0,,,,,,,,,,,
52,19219,,,,,0.0,,,,,,,,,,,
52,19229,,,,,0.0,,,,,,,,,,,
52,19239,,,,,0.0,,,,,,,,,,,
52,19249,,,,,0.0,,,,,,,,,,,
52,19259,,,,,0.0,,,,,,,,,,,
52,19269,,,,,0.0,,,,,,,,,,,
52,19279,,,,,0.0,,,,,,,,,,,
52,19289,,,,,0.0,,,,,,,,,,,
52,19299,,,,,6.269528967095539e-05,,,,,,,,,,,
52,19309,,,,,0.0,,,,,,,,,,,
52,19319,,,,,0.0,,,,,,,,,,,
52,19329,,,,,0.0,,,,,,,,,,,
52,19339,,,,,0.0,,,,,,,,,,,
52,19349,,,,,0.0,,,,,,,,,,,
52,19359,,,,,0.0,,,,,,,,,,,
52,19369,,,,,0.0,,,,,,,,,,,
52,19379,,,,,0.0,,,,,,,,,,,
52,19389,,,,,0.0,,,,,,,,,,,
52,19399,,,,,0.0,,,,,,,,,,,
52,19409,,,,,0.0,,,,,,,,,,,
52,19419,,,,,0.0,,,,,,,,,,,
52,19429,,,,,0.0,,,,,,,,,,,
52,19439,,,,,0.0,,,,,,,,,,,
52,19449,,,,,0.0,,,,,,,,,,,
52,19459,,,,,0.0,,,,,,,,,,,
52,19469,,,,,0.0,,,,,,,,,,,
52,19479,,,,,0.0,,,,,,,,,,,
52,19489,,,,,0.0,,,,,,,,,,,
52,19499,,,,,0.0,,,,,,,,,,,
52,19509,,,,,0.0,,,,,,,,,,,
52,19519,,,,,0.0,,,,,,,,,,,
52,19529,,,,,0.0,,,,,,,,,,,
52,19539,,,,,0.0,,,,,,,,,,,
52,19549,,,,,0.0,,,,,,,,,,,
52,52,0.00039276264584116137,77.3625669310474,,,,,,,,,,,,,,
52,19556,,,,,,1.8961411569762276e-06,,,,,,,,,,
53,19559,,,,,0.0,,,,,,,,,,,
53,19569,,,,,0.0,,,,,,,,,,,
53,19579,,,,,0.0,,,,,,,,,,,
53,19589,,,,,0.0,,,,,,,,,,,
53,19599,,,,,0.0,,,,,,,,,,,
53,19609,,,,,0.0,,,,,,,,,,,
53,19619,,,,,0.0,,,,,,,,,,,
53,19629,,,,,0.0,,,,,,,,,,,
53,19639,,,,,0.0,,,,,,,,,,,
53,19649,,,,,0.0,,,,,,,,,,,
53,19659,,,,,0.0,,,,,,,,,,,
53,19669,,,,,0.0,,,,,,,,,,,
53,19679,,,,,0.0,,,,,,,,,,,
53,19689,,,,,0.0,,,,,,,,,,,
53,19699,,,,,0.0,,,,,,,,,,,
53,19709,,,,,0.0,,,,,,,,,,,
53,19719,,,,,0.0,,,,,,,,,,,
53,19729,,,,,0.0,,,,,,,,,,,
53,19739,,,,,0.0,,,,,,,,,,,
53,19749,,,,,0.0,,,,,,,,,,,
53,19759,,,,,0.0,,,,,,,,,,,
53,19769,,,,,0.0,,,,,,,,,,,
53,19779,,,,,0.0,,,,,,,,,,,
53,19789,,,,,0.0,,,,,,,,,,,
53,19799,,,,,0.0,,,,,,,,,,,
53,19809,,,,,0.0,,,,,,,,,,,
53,19819,,,,,0.0,,,,,,,,,,,
53,19829,,,,,0.0,,,,,,,,,,,
53,19839,,,,,0.0,,,,,,,,,,,
53,19849,,,,,0.0,,,,,,,,,,,
53,19859,,,,,0.0,,,,,,,,,,,
53,19869,,,,,0.0,,,,,,,,,,,
53,19879,,,,,0.0,,,,,,,,,,,
53,19889,,,,,0.0,,,,,,,,,,,
53,19899,,,,,0.0,,,,,,,,,,,
53,19909,,,,,0.0,,,,,,,,,,,
53,19919,,,,,0.0,,,,,,,,,,,
53,53,0.0,77.36734041463566,,,,,,,,,,,,,,
53,19925,,,,,,3.150796032969083e-07,,,,,,,,,,
54,19929,,,,,0.0,,,,,,,,,,,
54,19939,,,,,0.0,,,,,,,,,,,
54,19949,,,,,0.0,,,,,,,,,,,
54,19959,,,,,0.0,,,,,,,,,,,
54,19969,,,,,0.0,,,,,,,,,,,
54,19979,,,,,0.0,,,,,,,,,,,
54,19989,,,,,0.0,,,,,,,,,,,
54,19999,,,,,0.0,,,,,,,,,,,
54,20009,,,,,0.0,,,,,,,,,,,
54,20019,,,,,0.0,,,,,,,,,,,
54,20029,,,,,0.0,,,,,,,,,,,
54,20039,,,,,0.0,,,,,,,,,,,
54,20049,,,,,0.0,,,,,,,,,,,
54,20059,,,,,0.0,,,,,,,,,,,
54,20069,,,,,0.0,,,,,,,,,,,
54,20079,,,,,0.0,,,,,,,,,,,
54,20089,,,,,0.0,,,,,,,,,,,
54,20099,,,,,0.0,,,,,,,,,,,
54,20109,,,,,0.0,,,,,,,,,,,
54,20119,,,,,0.0,,,,,,,,,,,
54,20129,,,,,0.0,,,,,,,,,,,
54,20139,,,,,0.0,,,,,,,,,,,
54,20149,,,,,0.0,,,,,,,,,,,
54,20159,,,,,0.0,,,,,,,,,,,
54,20169,,,,,0.0,,,,,,,,,,,
54,20179,,,,,0.0,,,,,,,,,,,
54,20189,,,,,0.0,,,,,,,,,,,
54,20199,,,,,0.0,,,,,,,,,,,
54,20209,,,,,0.0,,,,,,,,,,,
54,20219,,,,,0.0,,,,,,,,,,,
54,20229,,,,,0.0,,,,,,,,,,,
54,20239,,,,,0.0,,,,,,,,,,,
54,20249,,,,,0.0,,,,,,,,,,,
54,20259,,,,,0.0,,,,,,,,,,,
54,20269,,,,,0.0,,,,,,,,,,,
54,20279,,,,,0.0,,,,,,,,,,,
54,20289,,,,,0.0,,,,,,,,,,,
54,54,0.0,77.37371507782865,,,,,,,,,,,,,,
54,20294,,,,,,6.33537183603039e-07,,,,,,,,,,
55,20299,,,,,0.0,,,,,,,,,,,
55,20309,,,,,0.0,,,,,,,,,,,
55,20319,,,,,0.0,,,,,,,,,,,
55,20329,,,,,0.0,,,,,,,,,,,
55,20339,,,,,0.0,,,,,,,,,,,
55,20349,,,,,0.0,,,,,,,,,,,
55,20359,,,,,0.0,,,,,,,,,,,
55,20369,,,,,0.0,,,,,,,,,,,
55,20379,,,,,0.0,,,,,,,,,,,
55,20389,,,,,0.0,,,,,,,,,,,
55,20399,,,,,0.0,,,,,,,,,,,
55,20409,,,,,0.0,,,,,,,,,,,
55,20419,,,,,0.0,,,,,,,,,,,
55,20429,,,,,0.0,,,,,,,,,,,
55,20439,,,,,0.0,,,,,,,,,,,
55,20449,,,,,0.0,,,,,,,,,,,
55,20459,,,,,0.0,,,,,,,,,,,
55,20469,,,,,0.0,,,,,,,,,,,
55,20479,,,,,0.0,,,,,,,,,,,
55,20489,,,,,0.0,,,,,,,,,,,
55,20499,,,,,0.0,,,,,,,,,,,
55,20509,,,,,0.0,,,,,,,,,,,
55,20519,,,,,0.0,,,,,,,,,,,
55,20529,,,,,0.0,,,,,,,,,,,
55,20539,,,,,0.0,,,,,,,,,,,
55,20549,,,,,0.0,,,,,,,,,,,
55,20559,,,,,0.0,,,,,,,,,,,
55,20569,,,,,0.0,,,,,,,,,,,
55,20579,,,,,0.0,,,,,,,,,,,
55,20589,,,,,0.0,,,,,,,,,,,
55,20599,,,,,0.0,,,,,,,,,,,
55,20609,,,,,0.0,,,,,,,,,,,
55,20619,,,,,0.0,,,,,,,,,,,
55,20629,,,,,0.0,,,,,,,,,,,
55,20639,,,,,0.0,,,,,,,,,,,
55,20649,,,,,0.0,,,,,,,,,,,
55,20659,,,,,0.0,,,,,,,,,,,
55,55,0.0,77.38831506933761,,,,,,,,,,,,,,
55,20663,,,,,,1.3910522511650925e-06,,,,,,,,,,
56,20669,,,,,0.0,,,,,,,,,,,
56,20679,,,,,0.0,,,,,,,,,,,
56,20689,,,,,0.0,,,,,,,,,,,
56,20699,,,,,0.0,,,,,,,,,,,
56,20709,,,,,0.0,,,,,,,,,,,
56,20719,,,,,0.0,,,,,,,,,,,
56,20729,,,,,0.0,,,,,,,,,,,
56,20739,,,,,0.0,,,,,,,,,,,
56,20749,,,,,0.0,,,,,,,,,,,
56,20759,,,,,0.0,,,,,,,,,,,
56,20769,,,,,0.0,,,,,,,,,,,
56,20779,,,,,0.0,,,,,,,,,,,
56,20789,,,,,0.0,,,,,,,,,,,
56,20799,,,,,0.0,,,,,,,,,,,
56,20809,,,,,0.0,,,,,,,,,,,
56,20819,,,,,0.0,,,,,,,,,,,
56,20829,,,,,0.0,,,,,,,,,,,
56,20839,,,,,0.0,,,,,,,,,,,
56,20849,,,,,0.0,,,,,,,,,,,
56,20859,,,,,0.0,,,,,,,,,,,
56,20869,,,,,0.0,,,,,,,,,,,
56,20879,,,,,0.0,,,,,,,,,,,
56,20889,,,,,0.0,,,,,,,,,,,
56,20899,,,,,0.0,,,,,,,,,,,
56,20909,,,,,0.0,,,,,,,,,,,
56,20919,,,,,0.0,,,,,,,,,,,
56,20929,,,,,0.0,,,,,,,,,,,
56,20939,,,,,0.0,,,,,,,,,,,
56,20949,,,,,0.0,,,,,,,,,,,
56,20959,,,,,0.0,,,,,,,,,,,
56,20969,,,,,0.0,,,,,,,,,,,
56,20979,,,,,0.0,,,,,,,,,,,
56,20989,,,,,0.0,,,,,,,,,,,
56,20999,,,,,0.0,,,,,,,,,,,
56,21009,,,,,0.0,,,,,,,,,,,
56,21019,,,,,0.0,,,,,,,,,,,
56,21029,,,,,0.0,,,,,,,,,,,
56,56,0.0,77.39736547555141,,,,,,,,,,,,,,
56,21032,,,,,,1.0494348998690839e-06,,,,,,,,,,
57,21039,,,,,0.0,,,,,,,,,,,
57,21049,,,,,0.0,,,,,,,,,,,
57,21059,,,,,0.0,,,,,,,,,,,
57,21069,,,,,0.0,,,,,,,,,,,
57,21079,,,,,0.0,,,,,,,,,,,
57,21089,,,,,0.0,,,,,,,,,,,
57,21099,,,,,0.0,,,,,,,,,,,
57,21109,,,,,0.0,,,,,,,,,,,
57,21119,,,,,0.0,,,,,,,,,,,
57,21129,,,,,0.0,,,,,,,,,,,
57,21139,,,,,0.0,,,,,,,,,,,
57,21149,,,,,0.0,,,,,,,,,,,
57,21159,,,,,0.0,,,,,,,,,,,
57,21169,,,,,0.0,,,,,,,,,,,
57,21179,,,,,0.0,,,,,,,,,,,
57,21189,,,,,0.0,,,,,,,,,,,
57,21199,,,,,0.0,,,,,,,,,,,
57,21209,,,,,0.0,,,,,,,,,,,
57,21219,,,,,0.0,,,,,,,,,,,
57,21229,,,,,0.0,,,,,,,,,,,
57,21239,,,,,0.0,,,,,,,,,,,
57,21249,,,,,0.0,,,,,,,,,,,
57,21259,,,,,0.0,,,,,,,,,,,
57,21269,,,,,0.0,,,,,,,,,,,
57,21279,,,,,0.0,,,,,,,,,,,
57,21289,,,,,0.0,,,,,,,,,,,
57,21299,,,,,0.0,,,,,,,,,,,
57,21309,,,,,0.0,,,,,,,,,,,
57,21319,,,,,0.0,,,,,,,,,,,
57,21329,,,,,0.0,,,,,,,,,,,
57,21339,,,,,0.0,,,,,,,,,,,
57,21349,,,,,0.0,,,,,,,,,,,
57,21359,,,,,0.0,,,,,,,,,,,
57,21369,,,,,0.0,,,,,,,,,,,
57,21379,,,,,0.0,,,,,,,,,,,
57,21389,,,,,0.0,,,,,,,,,,,
57,21399,,,,,0.0,,,,,,,,,,,
57,57,0.0,77.4157036815712,,,,,,,,,,,,,,
57,21401,,,,,,6.763150395272532e-07,,,,,,,,,,
58,21409,,,,,0.0,,,,,,,,,,,
58,21419,,,,,0.0,,,,,,,,,,,
58,21429,,,,,0.0,,,,,,,,,,,
58,21439,,,,,0.0,,,,,,,,,,,
58,21449,,,,,1.6653462807880715e-05,,,,,,,,,,,
58,21459,,,,,0.0,,,,,,,,,,,
58,21469,,,,,0.0,,,,,,,,,,,
58,21479,,,,,0.0,,,,,,,,,,,
58,21489,,,,,0.0,,,,,,,,,,,
58,21499,,,,,0.0,,,,,,,,,,,
58,21509,,,,,0.0,,,,,,,,,,,
58,21519,,,,,0.0,,,,,,,,,,,
58,21529,,,,,0.0,,,,,,,,,,,
58,21539,,,,,0.0,,,,,,,,,,,
58,21549,,,,,0.0,,,,,,,,,,,
58,21559,,,,,0.0,,,,,,,,,,,
58,21569,,,,,0.0,,,,,,,,,,,
58,21579,,,,,0.0,,,,,,,,,,,
58,21589,,,,,0.0,,,,,,,,,,,
58,21599,,,,,0.0,,,,,,,,,,,
58,21609,,,,,7.491133874282241e-05,,,,,,,,,,,
58,21619,,,,,0.0,,,,,,,,,,,
58,21629,,,,,0.0,,,,,,,,,,,
58,21639,,,,,0.0,,,,,,,,,,,
58,21649,,,,,0.0,,,,,,,,,,,
58,21659,,,,,0.0,,,,,,,,,,,
58,21669,,,,,0.0,,,,,,,,,,,
58,21679,,,,,0.0,,,,,,,,,,,
58,21689,,,,,0.0,,,,,,,,,,,
58,21699,,,,,0.0,,,,,,,,,,,
58,21709,,,,,0.0,,,,,,,,,,,
58,21719,,,,,0.0,,,,,,,,,,,
58,21729,,,,,0.0,,,,,,,,,,,
58,21739,,,,,0.0,,,,,,,,,,,
58,21749,,,,,0.0,,,,,,,,,,,
58,21759,,,,,0.0,,,,,,,,,,,
58,21769,,,,,0.0,,,,,,,,,,,
58,58,0.000709999573158925,77.43289690939126,,,,,,,,,,,,,,
58,21770,,,,,,4.752684787945327e-07,,,,,,,,,,
59,21779,,,,,0.0,,,,,,,,,,,
59,21789,,,,,0.0,,,,,,,,,,,
59,21799,,,,,0.0,,,,,,,,,,,
59,21809,,,,,0.0,,,,,,,,,,,
59,21819,,,,,0.0,,,,,,,,,,,
59,21829,,,,,0.0,,,,,,,,,,,
59,21839,,,,,0.0,,,,,,,,,,,
59,21849,,,,,0.0,,,,,,,,,,,
59,21859,,,,,0.0,,,,,,,,,,,
59,21869,,,,,0.0,,,,,,,,,,,
59,21879,,,,,0.0,,,,,,,,,,,
59,21889,,,,,0.0,,,,,,,,,,,
59,21899,,,,,0.0,,,,,,,,,,,
59,21909,,,,,0.0,,,,,,,,,,,
59,21919,,,,,0.0,,,,,,,,,,,
59,21929,,,,,0.0,,,,,,,,,,,
59,21939,,,,,0.0,,,,,,,,,,,
59,21949,,,,,0.0,,,,,,,,,,,
59,21959,,,,,0.0,,,,,,,,,,,
59,21969,,,,,0.0,,,,,,,,,,,
59,21979,,,,,0.0,,,,,,,,,,,
59,21989,,,,,0.0,,,,,,,,,,,
59,21999,,,,,0.0,,,,,,,,,,,
59,22009,,,,,0.0,,,,,,,,,,,
59,22019,,,,,0.0,,,,,,,,,,,
59,22029,,,,,0.0,,,,,,,,,,,
59,22039,,,,,0.0,,,,,,,,,,,
59,22049,,,,,0.0,,,,,,,,,,,
59,22059,,,,,0.0,,,,,,,,,,,
59,22069,,,,,0.0,,,,,,,,,,,
59,22079,,,,,0.0,,,,,,,,,,,
59,22089,,,,,0.0,,,,,,,,,,,
59,22099,,,,,0.0,,,,,,,,,,,
59,22109,,,,,0.0,,,,,,,,,,,
59,22119,,,,,0.00015989012899808586,,,,,,,,,,,
59,22129,,,,,0.0,,,,,,,,,,,
59,22139,,,,,0.0,,,,,,,,,,,
59,59,,,0.6004474759101868,0.013534320518374443,,,0.0,0.025104541331529617,,0.6006263494491577,,0.013614482246339321,,0.0,,0.0274566188454628
59,22139,,,,,,,,,0.6006263494491577,,0.013614482246339321,,0.0,,0.0274566188454628,
59,59,0.00011758174791624705,77.46059426450958,,,,,,,,,,,,,,
59,22139,,,,,,2.3573950329591753e-06,,,,,,,,,,
60,22149,,,,,0.0,,,,,,,,,,,
60,22159,,,,,0.0,,,,,,,,,,,
60,22169,,,,,0.0,,,,,,,,,,,
60,22179,,,,,0.0,,,,,,,,,,,
60,22189,,,,,0.0,,,,,,,,,,,
60,22199,,,,,0.0,,,,,,,,,,,
60,22209,,,,,0.0,,,,,,,,,,,
60,22219,,,,,0.0,,,,,,,,,,,
60,22229,,,,,0.0,,,,,,,,,,,
60,22239,,,,,0.0,,,,,,,,,,,
60,22249,,,,,0.0,,,,,,,,,,,
60,22259,,,,,0.0,,,,,,,,,,,
60,22269,,,,,0.0,,,,,,,,,,,
60,22279,,,,,0.0,,,,,,,,,,,
60,22289,,,,,0.0,,,,,,,,,,,
60,22299,,,,,0.0,,,,,,,,,,,
60,22309,,,,,0.0,,,,,,,,,,,
60,22319,,,,,0.0,,,,,,,,,,,
60,22329,,,,,0.0,,,,,,,,,,,
60,22339,,,,,0.0,,,,,,,,,,,
60,22349,,,,,0.0,,,,,,,,,,,
60,22359,,,,,0.0,,,,,,,,,,,
60,22369,,,,,0.0,,,,,,,,,,,
60,22379,,,,,0.0,,,,,,,,,,,
60,22389,,,,,0.0,,,,,,,,,,,
60,22399,,,,,0.0,,,,,,,,,,,
60,22409,,,,,0.0,,,,,,,,,,,
60,22419,,,,,0.0,,,,,,,,,,,
60,22429,,,,,0.0,,,,,,,,,,,
60,22439,,,,,0.0,,,,,,,,,,,
60,22449,,,,,0.0,,,,,,,,,,,
60,22459,,,,,0.0,,,,,,,,,,,
60,22469,,,,,0.0,,,,,,,,,,,
60,22479,,,,,0.0,,,,,,,,,,,
60,22489,,,,,0.0,,,,,,,,,,,
60,22499,,,,,0.0,,,,,,,,,,,
60,60,0.0,77.48328306507032,,,,,,,,,,,,,,
60,22508,,,,,,1.451371190341888e-06,,,,,,,,,,
61,22509,,,,,0.0,,,,,,,,,,,
61,22519,,,,,0.0,,,,,,,,,,,
61,22529,,,,,0.0,,,,,,,,,,,
61,22539,,,,,0.0,,,,,,,,,,,
61,22549,,,,,0.0,,,,,,,,,,,
61,22559,,,,,0.0,,,,,,,,,,,
61,22569,,,,,0.0,,,,,,,,,,,
61,22579,,,,,0.0,,,,,,,,,,,
61,22589,,,,,0.0,,,,,,,,,,,
61,22599,,,,,0.0,,,,,,,,,,,
61,22609,,,,,0.0,,,,,,,,,,,
61,22619,,,,,0.0,,,,,,,,,,,
61,22629,,,,,0.0,,,,,,,,,,,
61,22639,,,,,0.0,,,,,,,,,,,
61,22649,,,,,0.0,,,,,,,,,,,
61,22659,,,,,0.0,,,,,,,,,,,
61,22669,,,,,0.0,,,,,,,,,,,
61,22679,,,,,0.0,,,,,,,,,,,
61,22689,,,,,0.0,,,,,,,,,,,
61,22699,,,,,0.0,,,,,,,,,,,
61,22709,,,,,0.0,,,,,,,,,,,
61,22719,,,,,0.0,,,,,,,,,,,
61,22729,,,,,0.0,,,,,,,,,,,
61,22739,,,,,0.0,,,,,,,,,,,
61,22749,,,,,0.0,,,,,,,,,,,
61,22759,,,,,0.0,,,,,,,,,,,
61,22769,,,,,0.0,,,,,,,,,,,
61,22779,,,,,0.0,,,,,,,,,,,
61,22789,,,,,0.0,,,,,,,,,,,
61,22799,,,,,0.0,,,,,,,,,,,
61,22809,,,,,0.0,,,,,,,,,,,
61,22819,,,,,0.0,,,,,,,,,,,
61,22829,,,,,0.0,,,,,,,,,,,
61,22839,,,,,0.0,,,,,,,,,,,
61,22849,,,,,0.0,,,,,,,,,,,
61,22859,,,,,0.0,,,,,,,,,,,
61,22869,,,,,0.0,,,,,,,,,,,
61,61,0.0,77.50390894074437,,,,,,,,,,,,,,
61,22877,,,,,,8.837478731038573e-07,,,,,,,,,,
62,22879,,,,,0.0,,,,,,,,,,,
62,22889,,,,,0.0,,,,,,,,,,,
62,22899,,,,,0.0,,,,,,,,,,,
62,22909,,,,,0.0,,,,,,,,,,,
62,22919,,,,,0.0,,,,,,,,,,,
62,22929,,,,,0.0,,,,,,,,,,,
62,22939,,,,,0.0,,,,,,,,,,,
62,22949,,,,,0.0,,,,,,,,,,,
62,22959,,,,,0.0,,,,,,,,,,,
62,22969,,,,,0.0,,,,,,,,,,,
62,22979,,,,,0.0,,,,,,,,,,,
62,22989,,,,,0.0,,,,,,,,,,,
62,22999,,,,,0.0,,,,,,,,,,,
62,23009,,,,,0.0,,,,,,,,,,,
62,23019,,,,,0.0,,,,,,,,,,,
62,23029,,,,,0.0,,,,,,,,,,,
62,23039,,,,,0.0,,,,,,,,,,,
62,23049,,,,,0.0,,,,,,,,,,,
62,23059,,,,,0.0,,,,,,,,,,,
62,23069,,,,,0.0,,,,,,,,,,,
62,23079,,,,,0.0,,,,,,,,,,,
62,23089,,,,,0.0,,,,,,,,,,,
62,23099,,,,,0.0,,,,,,,,,,,
62,23109,,,,,0.0,,,,,,,,,,,
62,23119,,,,,0.0,,,,,,,,,,,
62,23129,,,,,0.0,,,,,,,,,,,
62,23139,,,,,0.0,,,,,,,,,,,
62,23149,,,,,0.0,,,,,,,,,,,
62,23159,,,,,0.0,,,,,,,,,,,
62,23169,,,,,0.0,,,,,,,,,,,
62,23179,,,,,0.0,,,,,,,,,,,
62,23189,,,,,0.0,,,,,,,,,,,
62,23199,,,,,0.0,,,,,,,,,,,
62,23209,,,,,0.00022920228366274387,,,,,,,,,,,
62,23219,,,,,0.0,,,,,,,,,,,
62,23229,,,,,0.0,,,,,,,,,,,
62,23239,,,,,0.0,,,,,,,,,,,
62,62,0.00046332042004751243,77.53210135354914,,,,,,,,,,,,,,
62,23246,,,,,,1.5364589671662543e-06,,,,,,,,,,
63,23249,,,,,0.0,,,,,,,,,,,
63,23259,,,,,0.0,,,,,,,,,,,
63,23269,,,,,0.0,,,,,,,,,,,
63,23279,,,,,0.0,,,,,,,,,,,
63,23289,,,,,0.0,,,,,,,,,,,
63,23299,,,,,0.0,,,,,,,,,,,
63,23309,,,,,0.0,,,,,,,,,,,
63,23319,,,,,0.0,,,,,,,,,,,
63,23329,,,,,0.0,,,,,,,,,,,
63,23339,,,,,0.0,,,,,,,,,,,
63,23349,,,,,0.0,,,,,,,,,,,
63,23359,,,,,0.0,,,,,,,,,,,
63,23369,,,,,0.0,,,,,,,,,,,
63,23379,,,,,0.0,,,,,,,,,,,
63,23389,,,,,0.0,,,,,,,,,,,
63,23399,,,,,0.0,,,,,,,,,,,
63,23409,,,,,0.0,,,,,,,,,,,
63,23419,,,,,0.0,,,,,,,,,,,
63,23429,,,,,0.0,,,,,,,,,,,
63,23439,,,,,0.0,,,,,,,,,,,
63,23449,,,,,0.0,,,,,,,,,,,
63,23459,,,,,0.0,,,,,,,,,,,
63,23469,,,,,0.0,,,,,,,,,,,
63,23479,,,,,0.0,,,,,,,,,,,
63,23489,,,,,0.0,,,,,,,,,,,
63,23499,,,,,0.0,,,,,,,,,,,
63,23509,,,,,0.0,,,,,,,,,,,
63,23519,,,,,0.0,,,,,,,,,,,
63,23529,,,,,0.0,,,,,,,,,,,
63,23539,,,,,0.0,,,,,,,,,,,
63,23549,,,,,0.0,,,,,,,,,,,
63,23559,,,,,0.0,,,,,,,,,,,
63,23569,,,,,0.0,,,,,,,,,,,
63,23579,,,,,0.0,,,,,,,,,,,
63,23589,,,,,0.0,,,,,,,,,,,
63,23599,,,,,0.0,,,,,,,,,,,
63,23609,,,,,0.0,,,,,,,,,,,
63,63,0.0,77.54822500502428,,,,,,,,,,,,,,
63,23615,,,,,,1.9160206932156143e-07,,,,,,,,,,
64,23619,,,,,0.0,,,,,,,,,,,
64,23629,,,,,0.0,,,,,,,,,,,
64,23639,,,,,0.0,,,,,,,,,,,
64,23649,,,,,0.0,,,,,,,,,,,
64,23659,,,,,0.0,,,,,,,,,,,
64,23669,,,,,0.0,,,,,,,,,,,
64,23679,,,,,0.0,,,,,,,,,,,
64,23689,,,,,0.0,,,,,,,,,,,
64,23699,,,,,0.0,,,,,,,,,,,
64,23709,,,,,0.0,,,,,,,,,,,
64,23719,,,,,0.0,,,,,,,,,,,
64,23729,,,,,0.0,,,,,,,,,,,
64,23739,,,,,0.0,,,,,,,,,,,
64,23749,,,,,0.0,,,,,,,,,,,
64,23759,,,,,0.0,,,,,,,,,,,
64,23769,,,,,0.0,,,,,,,,,,,
64,23779,,,,,0.0,,,,,,,,,,,
64,23789,,,,,0.0,,,,,,,,,,,
64,23799,,,,,0.0,,,,,,,,,,,
64,23809,,,,,0.0,,,,,,,,,,,
64,23819,,,,,0.0,,,,,,,,,,,
64,23829,,,,,0.0,,,,,,,,,,,
64,23839,,,,,0.0,,,,,,,,,,,
64,23849,,,,,0.0,,,,,,,,,,,
64,23859,,,,,0.0,,,,,,,,,,,
64,23869,,,,,0.0,,,,,,,,,,,
64,23879,,,,,0.0,,,,,,,,,,,
64,23889,,,,,0.0,,,,,,,,,,,
64,23899,,,,,0.0,,,,,,,,,,,
64,23909,,,,,0.0,,,,,,,,,,,
64,23919,,,,,0.0,,,,,,,,,,,
64,23929,,,,,3.0515566322719678e-05,,,,,,,,,,,
64,23939,,,,,0.0,,,,,,,,,,,
64,23949,,,,,0.0,,,,,,,,,,,
64,23959,,,,,0.0,,,,,,,,,,,
64,23969,,,,,0.0,,,,,,,,,,,
64,23979,,,,,0.0,,,,,,,,,,,
64,64,0.0004967373009751283,77.55828129751544,,,,,,,,,,,,,,
64,23984,,,,,,1.2294547957480972e-07,,,,,,,,,,
65,23989,,,,,0.0,,,,,,,,,,,
65,23999,,,,,0.0,,,,,,,,,,,
65,24009,,,,,0.0,,,,,,,,,,,
65,24019,,,,,0.0,,,,,,,,,,,
65,24029,,,,,0.0,,,,,,,,,,,
65,24039,,,,,0.0,,,,,,,,,,,
65,24049,,,,,0.0,,,,,,,,,,,
65,24059,,,,,0.0,,,,,,,,,,,
65,24069,,,,,0.0,,,,,,,,,,,
65,24079,,,,,0.0,,,,,,,,,,,
65,24089,,,,,0.0,,,,,,,,,,,
65,24099,,,,,0.0,,,,,,,,,,,
65,24109,,,,,0.0,,,,,,,,,,,
65,24119,,,,,0.0,,,,,,,,,,,
65,24129,,,,,0.0,,,,,,,,,,,
65,24139,,,,,0.0,,,,,,,,,,,
65,24149,,,,,0.0,,,,,,,,,,,
65,24159,,,,,0.0,,,,,,,,,,,
65,24169,,,,,0.0,,,,,,,,,,,
65,24179,,,,,0.0,,,,,,,,,,,
65,24189,,,,,0.0,,,,,,,,,,,
65,24199,,,,,0.0,,,,,,,,,,,
65,24209,,,,,0.0,,,,,,,,,,,
65,24219,,,,,0.0,,,,,,,,,,,
65,24229,,,,,0.0,,,,,,,,,,,
65,24239,,,,,0.0,,,,,,,,,,,
65,24249,,,,,0.0,,,,,,,,,,,
65,24259,,,,,0.0,,,,,,,,,,,
65,24269,,,,,0.0,,,,,,,,,,,
65,24279,,,,,0.0,,,,,,,,,,,
65,24289,,,,,0.0,,,,,,,,,,,
65,24299,,,,,0.0,,,,,,,,,,,
65,24309,,,,,0.0,,,,,,,,,,,
65,24319,,,,,0.0,,,,,,,,,,,
65,24329,,,,,0.0,,,,,,,,,,,
65,24339,,,,,0.0,,,,,,,,,,,
65,24349,,,,,0.0,,,,,,,,,,,
65,65,0.0,77.5772942940638,,,,,,,,,,,,,,
65,24353,,,,,,8.206295660784235e-07,,,,,,,,,,
66,24359,,,,,0.0,,,,,,,,,,,
66,24369,,,,,0.0,,,,,,,,,,,
66,24379,,,,,0.0,,,,,,,,,,,
66,24389,,,,,0.0,,,,,,,,,,,
66,24399,,,,,0.0,,,,,,,,,,,
66,24409,,,,,0.0,,,,,,,,,,,
66,24419,,,,,0.0,,,,,,,,,,,
66,24429,,,,,0.0,,,,,,,,,,,
66,24439,,,,,0.0,,,,,,,,,,,
66,24449,,,,,0.0,,,,,,,,,,,
66,24459,,,,,0.0,,,,,,,,,,,
66,24469,,,,,0.0,,,,,,,,,,,
66,24479,,,,,0.0,,,,,,,,,,,
66,24489,,,,,0.0,,,,,,,,,,,
66,24499,,,,,0.0,,,,,,,,,,,
66,24509,,,,,0.0,,,,,,,,,,,
66,24519,,,,,0.0,,,,,,,,,,,
66,24529,,,,,0.0,,,,,,,,,,,
66,24539,,,,,0.0,,,,,,,,,,,
66,24549,,,,,0.0,,,,,,,,,,,
66,24559,,,,,0.0,,,,,,,,,,,
66,24569,,,,,0.0,,,,,,,,,,,
66,24579,,,,,0.0,,,,,,,,,,,
66,24589,,,,,0.0,,,,,,,,,,,
66,24599,,,,,0.0,,,,,,,,,,,
66,24609,,,,,0.0,,,,,,,,,,,
66,24619,,,,,0.0,,,,,,,,,,,
66,24629,,,,,0.0,,,,,,,,,,,
66,24639,,,,,0.0,,,,,,,,,,,
66,24649,,,,,0.0,,,,,,,,,,,
66,24659,,,,,0.0,,,,,,,,,,,
66,24669,,,,,0.0,,,,,,,,,,,
66,24679,,,,,0.0,,,,,,,,,,,
66,24689,,,,,0.0,,,,,,,,,,,
66,24699,,,,,0.0,,,,,,,,,,,
66,24709,,,,,0.0,,,,,,,,,,,
66,24719,,,,,0.0,,,,,,,,,,,
66,66,0.0,77.60127333388314,,,,,,,,,,,,,,
66,24722,,,,,,1.4165665334076039e-06,,,,,,,,,,
67,24729,,,,,0.0,,,,,,,,,,,
67,24739,,,,,0.0,,,,,,,,,,,
67,24749,,,,,0.0,,,,,,,,,,,
67,24759,,,,,0.0,,,,,,,,,,,
67,24769,,,,,0.0,,,,,,,,,,,
67,24779,,,,,0.0,,,,,,,,,,,
67,24789,,,,,0.0,,,,,,,,,,,
67,24799,,,,,0.0,,,,,,,,,,,
67,24809,,,,,0.0,,,,,,,,,,,
67,24819,,,,,0.0,,,,,,,,,,,
67,24829,,,,,0.0,,,,,,,,,,,
67,24839,,,,,0.0,,,,,,,,,,,
67,24849,,,,,0.0,,,,,,,,,,,
67,24859,,,,,0.0,,,,,,,,,,,
67,24869,,,,,0.0,,,,,,,,,,,
67,24879,,,,,0.0,,,,,,,,,,,
67,24889,,,,,0.0,,,,,,,,,,,
67,24899,,,,,0.0,,,,,,,,,,,
67,24909,,,,,0.0,,,,,,,,,,,
67,24919,,,,,0.0,,,,,,,,,,,
67,24929,,,,,0.0,,,,,,,,,,,
67,24939,,,,,0.0,,,,,,,,,,,
67,24949,,,,,0.0,,,,,,,,,,,
67,24959,,,,,0.0,,,,,,,,,,,
67,24969,,,,,0.0,,,,,,,,,,,
67,24979,,,,,0.0,,,,,,,,,,,
67,24989,,,,,0.0,,,,,,,,,,,
67,24999,,,,,0.0,,,,,,,,,,,
67,25009,,,,,0.0,,,,,,,,,,,
67,25019,,,,,0.0,,,,,,,,,,,
67,25029,,,,,0.0,,,,,,,,,,,
67,25039,,,,,0.0,,,,,,,,,,,
67,25049,,,,,0.0,,,,,,,,,,,
67,25059,,,,,0.0,,,,,,,,,,,
67,25069,,,,,0.0,,,,,,,,,,,
67,25079,,,,,0.00012312925537116826,,,,,,,,,,,
67,25089,,,,,0.0,,,,,,,,,,,
67,67,0.00045543637119378495,77.61342276802154,,,,,,,,,,,,,,
67,25091,,,,,,6.228905249372474e-07,,,,,,,,,,
68,25099,,,,,0.0,,,,,,,,,,,
68,25109,,,,,0.0,,,,,,,,,,,
68,25119,,,,,0.0,,,,,,,,,,,
68,25129,,,,,0.0,,,,,,,,,,,
68,25139,,,,,0.0,,,,,,,,,,,
68,25149,,,,,0.0,,,,,,,,,,,
68,25159,,,,,0.0,,,,,,,,,,,
68,25169,,,,,0.0,,,,,,,,,,,
68,25179,,,,,0.0,,,,,,,,,,,
68,25189,,,,,0.0,,,,,,,,,,,
68,25199,,,,,0.0,,,,,,,,,,,
68,25209,,,,,0.0,,,,,,,,,,,
68,25219,,,,,0.0,,,,,,,,,,,
68,25229,,,,,0.0,,,,,,,,,,,
68,25239,,,,,0.0,,,,,,,,,,,
68,25249,,,,,0.0,,,,,,,,,,,
68,25259,,,,,0.0,,,,,,,,,,,
68,25269,,,,,0.0,,,,,,,,,,,
68,25279,,,,,0.0,,,,,,,,,,,
68,25289,,,,,0.0,,,,,,,,,,,
68,25299,,,,,0.0,,,,,,,,,,,
68,25309,,,,,0.0,,,,,,,,,,,
68,25319,,,,,0.0,,,,,,,,,,,
68,25329,,,,,0.0,,,,,,,,,,,
68,25339,,,,,0.0,,,,,,,,,,,
68,25349,,,,,0.0,,,,,,,,,,,
68,25359,,,,,0.0,,,,,,,,,,,
68,25369,,,,,0.0,,,,,,,,,,,
68,25379,,,,,0.0,,,,,,,,,,,
68,25389,,,,,0.0,,,,,,,,,,,
68,25399,,,,,0.0,,,,,,,,,,,
68,25409,,,,,0.0,,,,,,,,,,,
68,25419,,,,,0.0,,,,,,,,,,,
68,25429,,,,,0.0,,,,,,,,,,,
68,25439,,,,,0.0,,,,,,,,,,,
68,25449,,,,,0.0,,,,,,,,,,,
68,25459,,,,,0.0,,,,,,,,,,,
68,68,0.0,77.62249970018651,,,,,,,,,,,,,,
68,25460,,,,,,2.703173720419727e-07,,,,,,,,,,
69,25469,,,,,0.0,,,,,,,,,,,
69,25479,,,,,0.0,,,,,,,,,,,
69,25489,,,,,0.0,,,,,,,,,,,
69,25499,,,,,0.0,,,,,,,,,,,
69,25509,,,,,0.0,,,,,,,,,,,
69,25519,,,,,0.0,,,,,,,,,,,
69,25529,,,,,0.0,,,,,,,,,,,
69,25539,,,,,0.0,,,,,,,,,,,
69,25549,,,,,0.0,,,,,,,,,,,
69,25559,,,,,0.0,,,,,,,,,,,
69,25569,,,,,0.0,,,,,,,,,,,
69,25579,,,,,0.0,,,,,,,,,,,
69,25589,,,,,0.0,,,,,,,,,,,
69,25599,,,,,0.0,,,,,,,,,,,
69,25609,,,,,0.0,,,,,,,,,,,
69,25619,,,,,0.0,,,,,,,,,,,
69,25629,,,,,0.0,,,,,,,,,,,
69,25639,,,,,0.0,,,,,,,,,,,
69,25649,,,,,0.0,,,,,,,,,,,
69,25659,,,,,0.0,,,,,,,,,,,
69,25669,,,,,0.0,,,,,,,,,,,
69,25679,,,,,0.0,,,,,,,,,,,
69,25689,,,,,0.0,,,,,,,,,,,
69,25699,,,,,0.0,,,,,,,,,,,
69,25709,,,,,0.0,,,,,,,,,,,
69,25719,,,,,0.0,,,,,,,,,,,
69,25729,,,,,0.0,,,,,,,,,,,
69,25739,,,,,0.0,,,,,,,,,,,
69,25749,,,,,0.0,,,,,,,,,,,
69,25759,,,,,0.0,,,,,,,,,,,
69,25769,,,,,0.0,,,,,,,,,,,
69,25779,,,,,0.0,,,,,,,,,,,
69,25789,,,,,0.0,,,,,,,,,,,
69,25799,,,,,0.0,,,,,,,,,,,
69,25809,,,,,0.0,,,,,,,,,,,
69,25819,,,,,0.0,,,,,,,,,,,
69,25829,,,,,0.0,,,,,,,,,,,
69,69,,,0.605247437953949,0.013595505617558956,,,0.0,0.026428023353219032,,0.6057731509208679,,0.013691756874322891,,2.620651154657396e-07,,0.028517792001366615
69,25829,,,,,,,,,0.6057731509208679,,0.013691756874322891,,2.620651287088549e-07,,0.028517792001366615,
69,69,0.0,77.63789978797439,,,,,,,,,,,,,,
69,25829,,,,,,1.0784124242491089e-06,,,,,,,,,,
70,25839,,,,,0.0,,,,,,,,,,,
70,25849,,,,,0.0,,,,,,,,,,,
70,25859,,,,,0.0,,,,,,,,,,,
70,25869,,,,,0.0,,,,,,,,,,,
70,25879,,,,,0.0,,,,,,,,,,,
70,25889,,,,,0.0,,,,,,,,,,,
70,25899,,,,,0.0,,,,,,,,,,,
70,25909,,,,,0.0,,,,,,,,,,,
70,25919,,,,,0.0,,,,,,,,,,,
70,25929,,,,,0.0,,,,,,,,,,,
70,25939,,,,,0.0,,,,,,,,,,,
70,25949,,,,,0.0,,,,,,,,,,,
70,25959,,,,,0.0,,,,,,,,,,,
70,25969,,,,,0.0,,,,,,,,,,,
70,25979,,,,,0.0,,,,,,,,,,,
70,25989,,,,,0.0,,,,,,,,,,,
70,25999,,,,,0.0,,,,,,,,,,,
70,26009,,,,,0.0,,,,,,,,,,,
70,26019,,,,,0.0,,,,,,,,,,,
70,26029,,,,,0.0,,,,,,,,,,,
70,26039,,,,,0.0,,,,,,,,,,,
70,26049,,,,,0.0,,,,,,,,,,,
70,26059,,,,,0.0,,,,,,,,,,,
70,26069,,,,,0.0,,,,,,,,,,,
70,26079,,,,,0.0,,,,,,,,,,,
70,26089,,,,,0.0,,,,,,,,,,,
70,26099,,,,,0.0,,,,,,,,,,,
70,26109,,,,,0.0,,,,,,,,,,,
70,26119,,,,,0.0,,,,,,,,,,,
70,26129,,,,,0.0,,,,,,,,,,,
70,26139,,,,,0.0,,,,,,,,,,,
70,26149,,,,,0.0,,,,,,,,,,,
70,26159,,,,,0.0,,,,,,,,,,,
70,26169,,,,,0.0,,,,,,,,,,,
70,26179,,,,,0.0,,,,,,,,,,,
70,26189,,,,,0.0,,,,,,,,,,,
70,70,0.0,77.66450993270993,,,,,,,,,,,,,,
70,26198,,,,,,1.923397576319985e-06,,,,,,,,,,
71,26199,,,,,0.0,,,,,,,,,,,
71,26209,,,,,0.0,,,,,,,,,,,
71,26219,,,,,0.0,,,,,,,,,,,
71,26229,,,,,0.0,,,,,,,,,,,
71,26239,,,,,0.0,,,,,,,,,,,
71,26249,,,,,0.0,,,,,,,,,,,
71,26259,,,,,0.0,,,,,,,,,,,
71,26269,,,,,0.0,,,,,,,,,,,
71,26279,,,,,0.0,,,,,,,,,,,
71,26289,,,,,0.0,,,,,,,,,,,
71,26299,,,,,0.0,,,,,,,,,,,
71,26309,,,,,0.0,,,,,,,,,,,
71,26319,,,,,0.0,,,,,,,,,,,
71,26329,,,,,0.0,,,,,,,,,,,
71,26339,,,,,0.0,,,,,,,,,,,
71,26349,,,,,0.0,,,,,,,,,,,
71,26359,,,,,0.0,,,,,,,,,,,
71,26369,,,,,0.0,,,,,,,,,,,
71,26379,,,,,0.0,,,,,,,,,,,
71,26389,,,,,0.0,,,,,,,,,,,
71,26399,,,,,0.0,,,,,,,,,,,
71,26409,,,,,0.0,,,,,,,,,,,
71,26419,,,,,0.0,,,,,,,,,,,
71,26429,,,,,0.0,,,,,,,,,,,
71,26439,,,,,0.0,,,,,,,,,,,
71,26449,,,,,0.0,,,,,,,,,,,
71,26459,,,,,0.0,,,,,,,,,,,
71,26469,,,,,0.0,,,,,,,,,,,
71,26479,,,,,0.0,,,,,,,,,,,
71,26489,,,,,0.0,,,,,,,,,,,
71,26499,,,,,0.0,,,,,,,,,,,
71,26509,,,,,0.0,,,,,,,,,,,
71,26519,,,,,0.0,,,,,,,,,,,
71,26529,,,,,0.0,,,,,,,,,,,
71,26539,,,,,0.0,,,,,,,,,,,
71,26549,,,,,0.0,,,,,,,,,,,
71,26559,,,,,0.0,,,,,,,,,,,
71,71,0.0,77.68975772158002,,,,,,,,,,,,,,
71,26567,,,,,,9.987664952859632e-07,,,,,,,,,,
72,26569,,,,,0.0,,,,,,,,,,,
72,26579,,,,,0.0,,,,,,,,,,,
72,26589,,,,,0.0,,,,,,,,,,,
72,26599,,,,,0.0,,,,,,,,,,,
72,26609,,,,,0.0,,,,,,,,,,,
72,26619,,,,,0.0,,,,,,,,,,,
72,26629,,,,,0.0,,,,,,,,,,,
72,26639,,,,,0.0,,,,,,,,,,,
72,26649,,,,,0.0,,,,,,,,,,,
72,26659,,,,,0.0,,,,,,,,,,,
72,26669,,,,,0.0,,,,,,,,,,,
72,26679,,,,,0.0,,,,,,,,,,,
72,26689,,,,,0.0,,,,,,,,,,,
72,26699,,,,,0.0,,,,,,,,,,,
72,26709,,,,,0.0,,,,,,,,,,,
72,26719,,,,,0.0,,,,,,,,,,,
72,26729,,,,,0.0,,,,,,,,,,,
72,26739,,,,,0.0,,,,,,,,,,,
72,26749,,,,,0.0,,,,,,,,,,,
72,26759,,,,,0.0,,,,,,,,,,,
72,26769,,,,,0.0,,,,,,,,,,,
72,26779,,,,,0.0,,,,,,,,,,,
72,26789,,,,,0.0,,,,,,,,,,,
72,26799,,,,,0.0,,,,,,,,,,,
72,26809,,,,,0.0,,,,,,,,,,,
72,26819,,,,,0.0,,,,,,,,,,,
72,26829,,,,,0.0,,,,,,,,,,,
72,26839,,,,,0.0,,,,,,,,,,,
72,26849,,,,,0.0,,,,,,,,,,,
72,26859,,,,,0.0,,,,,,,,,,,
72,26869,,,,,0.0,,,,,,,,,,,
72,26879,,,,,0.0,,,,,,,,,,,
72,26889,,,,,0.0,,,,,,,,,,,
72,26899,,,,,0.0,,,,,,,,,,,
72,26909,,,,,0.0,,,,,,,,,,,
72,26919,,,,,0.0,,,,,,,,,,,
72,26929,,,,,0.0,,,,,,,,,,,
72,72,0.0,77.69628161688476,,,,,,,,,,,,,,
72,26936,,,,,,2.3922703462631034e-07,,,,,,,,,,
73,26939,,,,,0.0,,,,,,,,,,,
73,26949,,,,,0.0,,,,,,,,,,,
73,26959,,,,,0.0,,,,,,,,,,,
73,26969,,,,,0.0,,,,,,,,,,,
73,26979,,,,,0.0,,,,,,,,,,,
73,26989,,,,,0.0,,,,,,,,,,,
73,26999,,,,,0.0,,,,,,,,,,,
73,27009,,,,,0.0,,,,,,,,,,,
73,27019,,,,,0.0,,,,,,,,,,,
73,27029,,,,,0.0,,,,,,,,,,,
73,27039,,,,,0.0,,,,,,,,,,,
73,27049,,,,,0.0,,,,,,,,,,,
73,27059,,,,,0.0,,,,,,,,,,,
73,27069,,,,,0.0,,,,,,,,,,,
73,27079,,,,,0.0,,,,,,,,,,,
73,27089,,,,,0.0,,,,,,,,,,,
73,27099,,,,,0.0,,,,,,,,,,,
73,27109,,,,,0.0,,,,,,,,,,,
73,27119,,,,,0.0,,,,,,,,,,,
73,27129,,,,,0.0,,,,,,,,,,,
73,27139,,,,,0.0,,,,,,,,,,,
73,27149,,,,,0.0,,,,,,,,,,,
73,27159,,,,,0.0,,,,,,,,,,,
73,27169,,,,,0.0,,,,,,,,,,,
73,27179,,,,,0.0,,,,,,,,,,,
73,27189,,,,,0.0,,,,,,,,,,,
73,27199,,,,,0.0,,,,,,,,,,,
73,27209,,,,,0.0,,,,,,,,,,,
73,27219,,,,,0.0,,,,,,,,,,,
73,27229,,,,,0.0,,,,,,,,,,,
73,27239,,,,,0.0,,,,,,,,,,,
73,27249,,,,,0.0,,,,,,,,,,,
73,27259,,,,,0.0,,,,,,,,,,,
73,27269,,,,,0.0,,,,,,,,,,,
73,27279,,,,,0.0,,,,,,,,,,,
73,27289,,,,,0.0,,,,,,,,,,,
73,27299,,,,,0.0,,,,,,,,,,,
73,73,0.0,77.71690990499155,,,,,,,,,,,,,,
73,27305,,,,,,5.835012188981636e-07,,,,,,,,,,
74,27309,,,,,0.0,,,,,,,,,,,
74,27319,,,,,0.0,,,,,,,,,,,
74,27329,,,,,0.0,,,,,,,,,,,
74,27339,,,,,0.0,,,,,,,,,,,
74,27349,,,,,0.0,,,,,,,,,,,
74,27359,,,,,0.0,,,,,,,,,,,
74,27369,,,,,0.0,,,,,,,,,,,
74,27379,,,,,0.0,,,,,,,,,,,
74,27389,,,,,0.0,,,,,,,,,,,
74,27399,,,,,0.0,,,,,,,,,,,
74,27409,,,,,0.0,,,,,,,,,,,
74,27419,,,,,0.0,,,,,,,,,,,
74,27429,,,,,0.0,,,,,,,,,,,
74,27439,,,,,0.0,,,,,,,,,,,
74,27449,,,,,0.0,,,,,,,,,,,
74,27459,,,,,0.0,,,,,,,,,,,
74,27469,,,,,3.3018812246154994e-05,,,,,,,,,,,
74,27479,,,,,0.0,,,,,,,,,,,
74,27489,,,,,0.0,,,,,,,,,,,
74,27499,,,,,0.0,,,,,,,,,,,
74,27509,,,,,0.0,,,,,,,,,,,
74,27519,,,,,0.0,,,,,,,,,,,
74,27529,,,,,0.0,,,,,,,,,,,
74,27539,,,,,0.0,,,,,,,,,,,
74,27549,,,,,0.0,,,,,,,,,,,
74,27559,,,,,0.0,,,,,,,,,,,
74,27569,,,,,0.0,,,,,,,,,,,
74,27579,,,,,0.0,,,,,,,,,,,
74,27589,,,,,0.0,,,,,,,,,,,
74,27599,,,,,0.0,,,,,,,,,,,
74,27609,,,,,0.0,,,,,,,,,,,
74,27619,,,,,0.0,,,,,,,,,,,
74,27629,,,,,0.0,,,,,,,,,,,
74,27639,,,,,0.0,,,,,,,,,,,
74,27649,,,,,0.0,,,,,,,,,,,
74,27659,,,,,0.0,,,,,,,,,,,
74,27669,,,,,0.0,,,,,,,,,,,
74,74,9.141683795960422e-05,77.74269440376528,,,,,,,,,,,,,,
74,27674,,,,,,1.147796410805313e-06,,,,,,,,,,
75,27679,,,,,0.0,,,,,,,,,,,
75,27689,,,,,0.0,,,,,,,,,,,
75,27699,,,,,0.0,,,,,,,,,,,
75,27709,,,,,0.0,,,,,,,,,,,
75,27719,,,,,0.0,,,,,,,,,,,
75,27729,,,,,0.0,,,,,,,,,,,
75,27739,,,,,0.0,,,,,,,,,,,
75,27749,,,,,0.0,,,,,,,,,,,
75,27759,,,,,0.0,,,,,,,,,,,
75,27769,,,,,0.0,,,,,,,,,,,
75,27779,,,,,0.0,,,,,,,,,,,
75,27789,,,,,0.0,,,,,,,,,,,
75,27799,,,,,0.0,,,,,,,,,,,
75,27809,,,,,0.0,,,,,,,,,,,
75,27819,,,,,0.0,,,,,,,,,,,
75,27829,,,,,0.0,,,,,,,,,,,
75,27839,,,,,0.0,,,,,,,,,,,
75,27849,,,,,0.0,,,,,,,,,,,
75,27859,,,,,0.0,,,,,,,,,,,
75,27869,,,,,0.0,,,,,,,,,,,
75,27879,,,,,0.0,,,,,,,,,,,
75,27889,,,,,0.0,,,,,,,,,,,
75,27899,,,,,0.0,,,,,,,,,,,
75,27909,,,,,0.0,,,,,,,,,,,
75,27919,,,,,0.0,,,,,,,,,,,
75,27929,,,,,0.0,,,,,,,,,,,
75,27939,,,,,0.0,,,,,,,,,,,
75,27949,,,,,0.0,,,,,,,,,,,
75,27959,,,,,0.0,,,,,,,,,,,
75,27969,,,,,5.6296510592801496e-05,,,,,,,,,,,
75,27979,,,,,0.0,,,,,,,,,,,
75,27989,,,,,0.0,,,,,,,,,,,
75,27999,,,,,0.0,,,,,,,,,,,
75,28009,,,,,0.0,,,,,,,,,,,
75,28019,,,,,0.0,,,,,,,,,,,
75,28029,,,,,0.0,,,,,,,,,,,
75,28039,,,,,0.0,,,,,,,,,,,
75,75,0.00014518599955434894,77.77114257877953,,,,,,,,,,,,,,
75,28043,,,,,,9.460520686843665e-07,,,,,,,,,,
76,28049,,,,,0.0,,,,,,,,,,,
76,28059,,,,,0.0,,,,,,,,,,,
76,28069,,,,,0.0,,,,,,,,,,,
76,28079,,,,,0.0,,,,,,,,,,,
76,28089,,,,,0.0,,,,,,,,,,,
76,28099,,,,,0.0,,,,,,,,,,,
76,28109,,,,,0.0,,,,,,,,,,,
76,28119,,,,,0.0,,,,,,,,,,,
76,28129,,,,,0.0,,,,,,,,,,,
76,28139,,,,,0.0,,,,,,,,,,,
76,28149,,,,,0.0,,,,,,,,,,,
76,28159,,,,,0.0,,,,,,,,,,,
76,28169,,,,,0.0,,,,,,,,,,,
76,28179,,,,,0.0,,,,,,,,,,,
76,28189,,,,,0.0,,,,,,,,,,,
76,28199,,,,,0.0,,,,,,,,,,,
76,28209,,,,,0.0,,,,,,,,,,,
76,28219,,,,,0.0,,,,,,,,,,,
76,28229,,,,,0.0,,,,,,,,,,,
76,28239,,,,,0.0,,,,,,,,,,,
76,28249,,,,,0.0,,,,,,,,,,,
76,28259,,,,,0.0,,,,,,,,,,,
76,28269,,,,,0.0,,,,,,,,,,,
76,28279,,,,,0.0,,,,,,,,,,,
76,28289,,,,,0.0,,,,,,,,,,,
76,28299,,,,,0.0,,,,,,,,,,,
76,28309,,,,,0.0,,,,,,,,,,,
76,28319,,,,,0.0,,,,,,,,,,,
76,28329,,,,,0.0,,,,,,,,,,,
76,28339,,,,,0.0,,,,,,,,,,,
76,28349,,,,,0.0,,,,,,,,,,,
76,28359,,,,,0.0,,,,,,,,,,,
76,28369,,,,,0.0,,,,,,,,,,,
76,28379,,,,,0.0,,,,,,,,,,,
76,28389,,,,,0.0,,,,,,,,,,,
76,28399,,,,,0.0,,,,,,,,,,,
76,28409,,,,,0.0,,,,,,,,,,,
76,76,0.0,77.78026934926129,,,,,,,,,,,,,,
76,28412,,,,,,1.0672704320313642e-07,,,,,,,,,,
77,28419,,,,,0.0,,,,,,,,,,,
77,28429,,,,,0.0,,,,,,,,,,,
77,28439,,,,,0.0,,,,,,,,,,,
77,28449,,,,,0.0,,,,,,,,,,,
77,28459,,,,,0.0,,,,,,,,,,,
77,28469,,,,,0.0,,,,,,,,,,,
77,28479,,,,,0.0,,,,,,,,,,,
77,28489,,,,,0.0,,,,,,,,,,,
77,28499,,,,,0.0,,,,,,,,,,,
77,28509,,,,,0.0,,,,,,,,,,,
77,28519,,,,,0.0,,,,,,,,,,,
77,28529,,,,,0.0,,,,,,,,,,,
77,28539,,,,,0.0,,,,,,,,,,,
77,28549,,,,,0.0,,,,,,,,,,,
77,28559,,,,,0.0,,,,,,,,,,,
77,28569,,,,,0.0,,,,,,,,,,,
77,28579,,,,,0.0,,,,,,,,,,,
77,28589,,,,,0.0,,,,,,,,,,,
77,28599,,,,,0.0,,,,,,,,,,,
77,28609,,,,,0.0,,,,,,,,,,,
77,28619,,,,,0.0,,,,,,,,,,,
77,28629,,,,,0.0,,,,,,,,,,,
77,28639,,,,,0.0,,,,,,,,,,,
77,28649,,,,,0.0,,,,,,,,,,,
77,28659,,,,,0.0,,,,,,,,,,,
77,28669,,,,,0.0,,,,,,,,,,,
77,28679,,,,,0.0,,,,,,,,,,,
77,28689,,,,,0.0,,,,,,,,,,,
77,28699,,,,,0.0,,,,,,,,,,,
77,28709,,,,,0.0,,,,,,,,,,,
77,28719,,,,,0.0,,,,,,,,,,,
77,28729,,,,,0.0,,,,,,,,,,,
77,28739,,,,,0.0,,,,,,,,,,,
77,28749,,,,,0.0,,,,,,,,,,,
77,28759,,,,,0.0,,,,,,,,,,,
77,28769,,,,,0.0,,,,,,,,,,,
77,28779,,,,,0.0,,,,,,,,,,,
77,77,0.0,77.78413457455262,,,,,,,,,,,,,,
77,28781,,,,,,2.2421421874696534e-07,,,,,,,,,,
78,28789,,,,,0.0,,,,,,,,,,,
78,28799,,,,,0.0,,,,,,,,,,,
78,28809,,,,,0.0,,,,,,,,,,,
78,28819,,,,,0.0,,,,,,,,,,,
78,28829,,,,,0.0,,,,,,,,,,,
78,28839,,,,,0.0,,,,,,,,,,,
78,28849,,,,,0.0,,,,,,,,,,,
78,28859,,,,,0.0,,,,,,,,,,,
78,28869,,,,,0.0,,,,,,,,,,,
78,28879,,,,,0.0,,,,,,,,,,,
78,28889,,,,,0.0,,,,,,,,,,,
78,28899,,,,,0.0,,,,,,,,,,,
78,28909,,,,,0.0,,,,,,,,,,,
78,28919,,,,,0.0,,,,,,,,,,,
78,28929,,,,,0.0,,,,,,,,,,,
78,28939,,,,,0.0,,,,,,,,,,,
78,28949,,,,,0.0,,,,,,,,,,,
78,28959,,,,,0.0,,,,,,,,,,,
78,28969,,,,,0.0,,,,,,,,,,,
78,28979,,,,,0.0,,,,,,,,,,,
78,28989,,,,,0.0,,,,,,,,,,,
78,28999,,,,,0.0,,,,,,,,,,,
78,29009,,,,,0.0,,,,,,,,,,,
78,29019,,,,,0.0,,,,,,,,,,,
78,29029,,,,,0.0,,,,,,,,,,,
78,29039,,,,,0.0,,,,,,,,,,,
78,29049,,,,,0.0,,,,,,,,,,,
78,29059,,,,,0.0,,,,,,,,,,,
78,29069,,,,,0.0,,,,,,,,,,,
78,29079,,,,,0.0,,,,,,,,,,,
78,29089,,,,,0.0,,,,,,,,,,,
78,29099,,,,,0.0,,,,,,,,,,,
78,29109,,,,,0.0,,,,,,,,,,,
78,29119,,,,,0.0,,,,,,,,,,,
78,29129,,,,,1.0120942533831112e-05,,,,,,,,,,,
78,29139,,,,,0.0,,,,,,,,,,,
78,29149,,,,,0.0,,,,,,,,,,,
78,78,0.00038358648572235426,77.81735238262348,,,,,,,,,,,,,,
78,29150,,,,,,5.035998924540763e-07,,,,,,,,,,
79,29159,,,,,0.0,,,,,,,,,,,
79,29169,,,,,0.0,,,,,,,,,,,
79,29179,,,,,0.0,,,,,,,,,,,
79,29189,,,,,0.0,,,,,,,,,,,
79,29199,,,,,0.0,,,,,,,,,,,
79,29209,,,,,0.0,,,,,,,,,,,
79,29219,,,,,0.0,,,,,,,,,,,
79,29229,,,,,0.0,,,,,,,,,,,
79,29239,,,,,0.0,,,,,,,,,,,
79,29249,,,,,0.0,,,,,,,,,,,
79,29259,,,,,0.0,,,,,,,,,,,
79,29269,,,,,0.0,,,,,,,,,,,
79,29279,,,,,0.0,,,,,,,,,,,
79,29289,,,,,0.0,,,,,,,,,,,
79,29299,,,,,0.0,,,,,,,,,,,
79,29309,,,,,0.0,,,,,,,,,,,
79,29319,,,,,0.0,,,,,,,,,,,
79,29329,,,,,0.0,,,,,,,,,,,
79,29339,,,,,0.0,,,,,,,,,,,
79,29349,,,,,0.0,,,,,,,,,,,
79,29359,,,,,0.0,,,,,,,,,,,
79,29369,,,,,0.0,,,,,,,,,,,
79,29379,,,,,0.0,,,,,,,,,,,
79,29389,,,,,0.0,,,,,,,,,,,
79,29399,,,,,0.0,,,,,,,,,,,
79,29409,,,,,0.0,,,,,,,,,,,
79,29419,,,,,0.0,,,,,,,,,,,
79,29429,,,,,0.0,,,,,,,,,,,
79,29439,,,,,0.0,,,,,,,,,,,
79,29449,,,,,0.0,,,,,,,,,,,
79,29459,,,,,0.0,,,,,,,,,,,
79,29469,,,,,0.0,,,,,,,,,,,
79,29479,,,,,0.0,,,,,,,,,,,
79,29489,,,,,0.0,,,,,,,,,,,
79,29499,,,,,0.0,,,,,,,,,,,
79,29509,,,,,0.0,,,,,,,,,,,
79,29519,,,,,0.0,,,,,,,,,,,
79,79,,,0.596972644329071,0.012171891517937183,,,5.6910077478701934e-08,0.023981530219316483,,0.593355119228363,,0.012276523746550083,,0.0,,0.025894099846482277
79,29519,,,,,,,,,0.593355119228363,,0.012276523746550083,,0.0,,0.025894099846482277,
79,79,0.0,77.83953435177563,,,,,,,,,,,,,,
79,29519,,,,,,1.5707981901869061e-06,,,,,,,,,,
80,29529,,,,,0.0,,,,,,,,,,,
80,29539,,,,,0.0,,,,,,,,,,,
80,29549,,,,,0.0,,,,,,,,,,,
80,29559,,,,,0.0,,,,,,,,,,,
80,29569,,,,,0.0,,,,,,,,,,,
80,29579,,,,,0.0,,,,,,,,,,,
80,29589,,,,,0.0,,,,,,,,,,,
80,29599,,,,,0.0,,,,,,,,,,,
80,29609,,,,,0.0,,,,,,,,,,,
80,29619,,,,,0.0,,,,,,,,,,,
80,29629,,,,,0.0,,,,,,,,,,,
80,29639,,,,,0.0,,,,,,,,,,,
80,29649,,,,,0.0,,,,,,,,,,,
80,29659,,,,,0.0,,,,,,,,,,,
80,29669,,,,,0.0,,,,,,,,,,,
80,29679,,,,,0.0,,,,,,,,,,,
80,29689,,,,,0.0,,,,,,,,,,,
80,29699,,,,,0.0,,,,,,,,,,,
80,29709,,,,,0.0,,,,,,,,,,,
80,29719,,,,,0.0,,,,,,,,,,,
80,29729,,,,,0.0,,,,,,,,,,,
80,29739,,,,,0.0,,,,,,,,,,,
80,29749,,,,,0.0,,,,,,,,,,,
80,29759,,,,,0.0,,,,,,,,,,,
80,29769,,,,,0.0,,,,,,,,,,,
80,29779,,,,,0.0,,,,,,,,,,,
80,29789,,,,,0.0,,,,,,,,,,,
80,29799,,,,,0.0,,,,,,,,,,,
80,29809,,,,,0.0,,,,,,,,,,,
80,29819,,,,,0.0,,,,,,,,,,,
80,29829,,,,,0.0,,,,,,,,,,,
80,29839,,,,,0.0,,,,,,,,,,,
80,29849,,,,,0.0,,,,,,,,,,,
80,29859,,,,,6.218768248800188e-05,,,,,,,,,,,
80,29869,,,,,0.0,,,,,,,,,,,
80,29879,,,,,0.0,,,,,,,,,,,
80,80,8.75466737537077e-05,77.85549978907207,,,,,,,,,,,,,,
80,29888,,,,,,9.66345169217675e-07,,,,,,,,,,
81,29889,,,,,0.0,,,,,,,,,,,
81,29899,,,,,0.0,,,,,,,,,,,
81,29909,,,,,0.0,,,,,,,,,,,
81,29919,,,,,0.0,,,,,,,,,,,
81,29929,,,,,0.0,,,,,,,,,,,
81,29939,,,,,0.0,,,,,,,,,,,
81,29949,,,,,0.0,,,,,,,,,,,
81,29959,,,,,0.0,,,,,,,,,,,
81,29969,,,,,0.0,,,,,,,,,,,
81,29979,,,,,0.0,,,,,,,,,,,
81,29989,,,,,0.0,,,,,,,,,,,
81,29999,,,,,0.0,,,,,,,,,,,
81,30009,,,,,0.0,,,,,,,,,,,
81,30019,,,,,0.0,,,,,,,,,,,
81,30029,,,,,0.0,,,,,,,,,,,
81,30039,,,,,0.0,,,,,,,,,,,
81,30049,,,,,0.0,,,,,,,,,,,
81,30059,,,,,0.0,,,,,,,,,,,
81,30069,,,,,0.0,,,,,,,,,,,
81,30079,,,,,0.0,,,,,,,,,,,
81,30089,,,,,0.0,,,,,,,,,,,
81,30099,,,,,0.0,,,,,,,,,,,
81,30109,,,,,0.0,,,,,,,,,,,
81,30119,,,,,0.0,,,,,,,,,,,
81,30129,,,,,0.0,,,,,,,,,,,
81,30139,,,,,0.0,,,,,,,,,,,
81,30149,,,,,0.0,,,,,,,,,,,
81,30159,,,,,0.0,,,,,,,,,,,
81,30169,,,,,0.0,,,,,,,,,,,
81,30179,,,,,0.0,,,,,,,,,,,
81,30189,,,,,0.0,,,,,,,,,,,
81,30199,,,,,0.0,,,,,,,,,,,
81,30209,,,,,0.0,,,,,,,,,,,
81,30219,,,,,0.0,,,,,,,,,,,
81,30229,,,,,0.0,,,,,,,,,,,
81,30239,,,,,0.0,,,,,,,,,,,
81,30249,,,,,0.0,,,,,,,,,,,
81,81,0.0,77.89544453300742,,,,,,,,,,,,,,
81,30257,,,,,,1.9006959064427065e-06,,,,,,,,,,
82,30259,,,,,0.0,,,,,,,,,,,
82,30269,,,,,0.0,,,,,,,,,,,
82,30279,,,,,0.0,,,,,,,,,,,
82,30289,,,,,0.0,,,,,,,,,,,
82,30299,,,,,0.0,,,,,,,,,,,
82,30309,,,,,0.0,,,,,,,,,,,
82,30319,,,,,0.0,,,,,,,,,,,
82,30329,,,,,0.0,,,,,,,,,,,
82,30339,,,,,0.0,,,,,,,,,,,
82,30349,,,,,0.0,,,,,,,,,,,
82,30359,,,,,0.0,,,,,,,,,,,
82,30369,,,,,0.0,,,,,,,,,,,
82,30379,,,,,0.0,,,,,,,,,,,
82,30389,,,,,0.0,,,,,,,,,,,
82,30399,,,,,0.0,,,,,,,,,,,
82,30409,,,,,0.0,,,,,,,,,,,
82,30419,,,,,0.0,,,,,,,,,,,
82,30429,,,,,0.0,,,,,,,,,,,
82,30439,,,,,0.0,,,,,,,,,,,
82,30449,,,,,0.0,,,,,,,,,,,
82,30459,,,,,0.0,,,,,,,,,,,
82,30469,,,,,0.0,,,,,,,,,,,
82,30479,,,,,0.0,,,,,,,,,,,
82,30489,,,,,0.0,,,,,,,,,,,
82,30499,,,,,0.0,,,,,,,,,,,
82,30509,,,,,0.0,,,,,,,,,,,
82,30519,,,,,0.0,,,,,,,,,,,
82,30529,,,,,0.0,,,,,,,,,,,
82,30539,,,,,0.0,,,,,,,,,,,
82,30549,,,,,0.0,,,,,,,,,,,
82,30559,,,,,0.0,,,,,,,,,,,
82,30569,,,,,0.0,,,,,,,,,,,
82,30579,,,,,0.0,,,,,,,,,,,
82,30589,,,,,0.0,,,,,,,,,,,
82,30599,,,,,0.0,,,,,,,,,,,
82,30609,,,,,0.0,,,,,,,,,,,
82,30619,,,,,0.0,,,,,,,,,,,
82,82,0.0,77.92067451027769,,,,,,,,,,,,,,
82,30626,,,,,,1.2926932413392933e-06,,,,,,,,,,
83,30629,,,,,0.0,,,,,,,,,,,
83,30639,,,,,0.0,,,,,,,,,,,
83,30649,,,,,0.0,,,,,,,,,,,
83,30659,,,,,0.0,,,,,,,,,,,
83,30669,,,,,0.0,,,,,,,,,,,
83,30679,,,,,0.0,,,,,,,,,,,
83,30689,,,,,0.0,,,,,,,,,,,
83,30699,,,,,0.0,,,,,,,,,,,
83,30709,,,,,0.0,,,,,,,,,,,
83,30719,,,,,0.0,,,,,,,,,,,
83,30729,,,,,0.0,,,,,,,,,,,
83,30739,,,,,0.0,,,,,,,,,,,
83,30749,,,,,0.0,,,,,,,,,,,
83,30759,,,,,0.0,,,,,,,,,,,
83,30769,,,,,0.0,,,,,,,,,,,
83,30779,,,,,0.0,,,,,,,,,,,
83,30789,,,,,0.0,,,,,,,,,,,
83,30799,,,,,0.0,,,,,,,,,,,
83,30809,,,,,0.0,,,,,,,,,,,
83,30819,,,,,0.0,,,,,,,,,,,
83,30829,,,,,0.0,,,,,,,,,,,
83,30839,,,,,0.0,,,,,,,,,,,
83,30849,,,,,0.0,,,,,,,,,,,
83,30859,,,,,0.0,,,,,,,,,,,
83,30869,,,,,0.0,,,,,,,,,,,
83,30879,,,,,0.0,,,,,,,,,,,
83,30889,,,,,0.0,,,,,,,,,,,
83,30899,,,,,0.0,,,,,,,,,,,
83,30909,,,,,0.0,,,,,,,,,,,
83,30919,,,,,0.0,,,,,,,,,,,
83,30929,,,,,0.0,,,,,,,,,,,
83,30939,,,,,0.0,,,,,,,,,,,
83,30949,,,,,0.0,,,,,,,,,,,
83,30959,,,,,0.0,,,,,,,,,,,
83,30969,,,,,0.0,,,,,,,,,,,
83,30979,,,,,0.0,,,,,,,,,,,
83,30989,,,,,0.0,,,,,,,,,,,
83,83,0.0,77.92569025362941,,,,,,,,,,,,,,
83,30995,,,,,,2.2065106008994917e-07,,,,,,,,,,
84,30999,,,,,0.0,,,,,,,,,,,
84,31009,,,,,0.0,,,,,,,,,,,
84,31019,,,,,0.0,,,,,,,,,,,
84,31029,,,,,0.0,,,,,,,,,,,
84,31039,,,,,0.0,,,,,,,,,,,
84,31049,,,,,0.0,,,,,,,,,,,
84,31059,,,,,0.0,,,,,,,,,,,
84,31069,,,,,0.0,,,,,,,,,,,
84,31079,,,,,0.0,,,,,,,,,,,
84,31089,,,,,0.0,,,,,,,,,,,
84,31099,,,,,0.0,,,,,,,,,,,
84,31109,,,,,0.0,,,,,,,,,,,
84,31119,,,,,0.0,,,,,,,,,,,
84,31129,,,,,0.0,,,,,,,,,,,
84,31139,,,,,0.0,,,,,,,,,,,
84,31149,,,,,0.0,,,,,,,,,,,
84,31159,,,,,3.184683373547159e-05,,,,,,,,,,,
84,31169,,,,,0.0,,,,,,,,,,,
84,31179,,,,,0.0,,,,,,,,,,,
84,31189,,,,,0.0,,,,,,,,,,,
84,31199,,,,,0.0,,,,,,,,,,,
84,31209,,,,,0.0,,,,,,,,,,,
84,31219,,,,,0.0,,,,,,,,,,,
84,31229,,,,,0.0,,,,,,,,,,,
84,31239,,,,,0.0,,,,,,,,,,,
84,31249,,,,,0.0,,,,,,,,,,,
84,31259,,,,,0.0,,,,,,,,,,,
84,31269,,,,,0.0,,,,,,,,,,,
84,31279,,,,,0.0,,,,,,,,,,,
84,31289,,,,,0.0,,,,,,,,,,,
84,31299,,,,,0.0,,,,,,,,,,,
84,31309,,,,,0.0,,,,,,,,,,,
84,31319,,,,,0.0,,,,,,,,,,,
84,31329,,,,,0.0,,,,,,,,,,,
84,31339,,,,,0.0,,,,,,,,,,,
84,31349,,,,,0.0,,,,,,,,,,,
84,31359,,,,,0.0,,,,,,,,,,,
84,84,9.197778422020104e-05,77.95200402394151,,,,,,,,,,,,,,
84,31364,,,,,,3.90340744615969e-07,,,,,,,,,,
85,31369,,,,,0.0,,,,,,,,,,,
85,31379,,,,,0.0,,,,,,,,,,,
85,31389,,,,,0.0,,,,,,,,,,,
85,31399,,,,,0.0,,,,,,,,,,,
85,31409,,,,,0.0,,,,,,,,,,,
85,31419,,,,,0.0,,,,,,,,,,,
85,31429,,,,,0.0,,,,,,,,,,,
85,31439,,,,,0.0,,,,,,,,,,,
85,31449,,,,,0.0,,,,,,,,,,,
85,31459,,,,,0.0,,,,,,,,,,,
85,31469,,,,,0.0,,,,,,,,,,,
85,31479,,,,,0.0,,,,,,,,,,,
85,31489,,,,,0.0,,,,,,,,,,,
85,31499,,,,,0.00021848134929314256,,,,,,,,,,,
85,31509,,,,,0.0,,,,,,,,,,,
85,31519,,,,,0.0,,,,,,,,,,,
85,31529,,,,,0.0,,,,,,,,,,,
85,31539,,,,,0.0,,,,,,,,,,,
85,31549,,,,,0.0,,,,,,,,,,,
85,31559,,,,,0.0,,,,,,,,,,,
85,31569,,,,,0.0,,,,,,,,,,,
85,31579,,,,,0.0,,,,,,,,,,,
85,31589,,,,,0.0,,,,,,,,,,,
85,31599,,,,,0.0,,,,,,,,,,,
85,31609,,,,,0.0,,,,,,,,,,,
85,31619,,,,,0.0,,,,,,,,,,,
85,31629,,,,,0.0,,,,,,,,,,,
85,31639,,,,,0.0,,,,,,,,,,,
85,31649,,,,,0.0,,,,,,,,,,,
85,31659,,,,,0.0,,,,,,,,,,,
85,31669,,,,,0.0,,,,,,,,,,,
85,31679,,,,,0.0,,,,,,,,,,,
85,31689,,,,,0.0,,,,,,,,,,,
85,31699,,,,,0.0,,,,,,,,,,,
85,31709,,,,,0.0,,,,,,,,,,,
85,31719,,,,,0.0,,,,,,,,,,,
85,31729,,,,,0.0,,,,,,,,,,,
85,85,0.0001713094211362997,77.97260625599077,,,,,,,,,,,,,,
85,31733,,,,,,1.1514482594066067e-06,,,,,,,,,,
86,31739,,,,,0.0,,,,,,,,,,,
86,31749,,,,,0.0,,,,,,,,,,,
86,31759,,,,,0.0,,,,,,,,,,,
86,31769,,,,,0.0,,,,,,,,,,,
86,31779,,,,,0.0,,,,,,,,,,,
86,31789,,,,,0.0,,,,,,,,,,,
86,31799,,,,,0.0,,,,,,,,,,,
86,31809,,,,,0.0,,,,,,,,,,,
86,31819,,,,,0.0,,,,,,,,,,,
86,31829,,,,,0.0,,,,,,,,,,,
86,31839,,,,,0.0,,,,,,,,,,,
86,31849,,,,,0.0,,,,,,,,,,,
86,31859,,,,,0.0,,,,,,,,,,,
86,31869,,,,,0.0,,,,,,,,,,,
86,31879,,,,,0.0,,,,,,,,,,,
86,31889,,,,,0.0,,,,,,,,,,,
86,31899,,,,,0.0,,,,,,,,,,,
86,31909,,,,,0.0,,,,,,,,,,,
86,31919,,,,,0.0,,,,,,,,,,,
86,31929,,,,,0.0,,,,,,,,,,,
86,31939,,,,,0.0,,,,,,,,,,,
86,31949,,,,,0.0,,,,,,,,,,,
86,31959,,,,,0.00011089838517364115,,,,,,,,,,,
86,31969,,,,,0.0,,,,,,,,,,,
86,31979,,,,,0.0,,,,,,,,,,,
86,31989,,,,,0.0,,,,,,,,,,,
86,31999,,,,,0.0,,,,,,,,,,,
86,32009,,,,,0.0,,,,,,,,,,,
86,32019,,,,,0.0,,,,,,,,,,,
86,32029,,,,,0.0,,,,,,,,,,,
86,32039,,,,,0.0,,,,,,,,,,,
86,32049,,,,,0.0,,,,,,,,,,,
86,32059,,,,,0.0,,,,,,,,,,,
86,32069,,,,,0.0,,,,,,,,,,,
86,32079,,,,,0.0,,,,,,,,,,,
86,32089,,,,,0.0,,,,,,,,,,,
86,32099,,,,,0.0,,,,,,,,,,,
86,86,0.00018878778371509076,78.00845690650293,,,,,,,,,,,,,,
86,32102,,,,,,1.7211183376275585e-06,,,,,,,,,,
87,32109,,,,,0.0,,,,,,,,,,,
87,32119,,,,,0.0,,,,,,,,,,,
87,32129,,,,,0.0,,,,,,,,,,,
87,32139,,,,,0.0,,,,,,,,,,,
87,32149,,,,,0.0,,,,,,,,,,,
87,32159,,,,,0.0,,,,,,,,,,,
87,32169,,,,,0.0,,,,,,,,,,,
87,32179,,,,,0.0,,,,,,,,,,,
87,32189,,,,,0.0,,,,,,,,,,,
87,32199,,,,,0.0,,,,,,,,,,,
87,32209,,,,,0.0,,,,,,,,,,,
87,32219,,,,,0.0,,,,,,,,,,,
87,32229,,,,,0.0,,,,,,,,,,,
87,32239,,,,,0.0,,,,,,,,,,,
87,32249,,,,,0.0,,,,,,,,,,,
87,32259,,,,,0.0,,,,,,,,,,,
87,32269,,,,,0.0,,,,,,,,,,,
87,32279,,,,,0.0,,,,,,,,,,,
87,32289,,,,,0.0,,,,,,,,,,,
87,32299,,,,,0.0,,,,,,,,,,,
87,32309,,,,,0.0,,,,,,,,,,,
87,32319,,,,,0.0,,,,,,,,,,,
87,32329,,,,,0.0,,,,,,,,,,,
87,32339,,,,,0.0,,,,,,,,,,,
87,32349,,,,,0.0,,,,,,,,,,,
87,32359,,,,,0.0,,,,,,,,,,,
87,32369,,,,,0.0,,,,,,,,,,,
87,32379,,,,,0.0,,,,,,,,,,,
87,32389,,,,,0.0,,,,,,,,,,,
87,32399,,,,,0.0,,,,,,,,,,,
87,32409,,,,,0.0,,,,,,,,,,,
87,32419,,,,,0.0,,,,,,,,,,,
87,32429,,,,,0.0,,,,,,,,,,,
87,32439,,,,,0.0,,,,,,,,,,,
87,32449,,,,,0.0,,,,,,,,,,,
87,32459,,,,,0.0,,,,,,,,,,,
87,32469,,,,,0.0,,,,,,,,,,,
87,87,0.0,78.0255742808075,,,,,,,,,,,,,,
87,32471,,,,,,6.535150305353454e-07,,,,,,,,,,
88,32479,,,,,0.0,,,,,,,,,,,
88,32489,,,,,0.0,,,,,,,,,,,
88,32499,,,,,0.0,,,,,,,,,,,
88,32509,,,,,0.0,,,,,,,,,,,
88,32519,,,,,0.0,,,,,,,,,,,
88,32529,,,,,0.0,,,,,,,,,,,
88,32539,,,,,0.0,,,,,,,,,,,
88,32549,,,,,0.0,,,,,,,,,,,
88,32559,,,,,0.0,,,,,,,,,,,
88,32569,,,,,0.0,,,,,,,,,,,
88,32579,,,,,0.0,,,,,,,,,,,
88,32589,,,,,0.0,,,,,,,,,,,
88,32599,,,,,0.0,,,,,,,,,,,
88,32609,,,,,0.0,,,,,,,,,,,
88,32619,,,,,0.0,,,,,,,,,,,
88,32629,,,,,0.0,,,,,,,,,,,
88,32639,,,,,4.6737564844079316e-05,,,,,,,,,,,
88,32649,,,,,0.0,,,,,,,,,,,
88,32659,,,,,0.0,,,,,,,,,,,
88,32669,,,,,0.0,,,,,,,,,,,
88,32679,,,,,0.0,,,,,,,,,,,
88,32689,,,,,0.0,,,,,,,,,,,
88,32699,,,,,8.622556606496801e-07,,,,,,,,,,,
88,32709,,,,,0.0,,,,,,,,,,,
88,32719,,,,,0.0,,,,,,,,,,,
88,32729,,,,,0.0,,,,,,,,,,,
88,32739,,,,,0.0,,,,,,,,,,,
88,32749,,,,,0.0,,,,,,,,,,,
88,32759,,,,,0.0,,,,,,,,,,,
88,32769,,,,,0.0,,,,,,,,,,,
88,32779,,,,,0.0,,,,,,,,,,,
88,32789,,,,,0.0,,,,,,,,,,,
88,32799,,,,,0.0,,,,,,,,,,,
88,32809,,,,,0.0,,,,,,,,,,,
88,32819,,,,,0.0,,,,,,,,,,,
88,32829,,,,,0.0,,,,,,,,,,,
88,32839,,,,,0.0,,,,,,,,,,,
88,88,0.0004229306081916769,78.0623987061557,,,,,,,,,,,,,,
88,32840,,,,,,8.800718660495477e-07,,,,,,,,,,
89,32849,,,,,0.0,,,,,,,,,,,
89,32859,,,,,0.0,,,,,,,,,,,
89,32869,,,,,0.0,,,,,,,,,,,
89,32879,,,,,0.0,,,,,,,,,,,
89,32889,,,,,0.0,,,,,,,,,,,
89,32899,,,,,0.0,,,,,,,,,,,
89,32909,,,,,0.0,,,,,,,,,,,
89,32919,,,,,0.0,,,,,,,,,,,
89,32929,,,,,0.0,,,,,,,,,,,
89,32939,,,,,0.0,,,,,,,,,,,
89,32949,,,,,0.0,,,,,,,,,,,
89,32959,,,,,0.0,,,,,,,,,,,
89,32969,,,,,0.0,,,,,,,,,,,
89,32979,,,,,0.0,,,,,,,,,,,
89,32989,,,,,0.0,,,,,,,,,,,
89,32999,,,,,0.0,,,,,,,,,,,
89,33009,,,,,0.0,,,,,,,,,,,
89,33019,,,,,0.0,,,,,,,,,,,
89,33029,,,,,0.0,,,,,,,,,,,
89,33039,,,,,0.0,,,,,,,,,,,
89,33049,,,,,0.0,,,,,,,,,,,
89,33059,,,,,0.0,,,,,,,,,,,
89,33069,,,,,0.0,,,,,,,,,,,
89,33079,,,,,0.0,,,,,,,,,,,
89,33089,,,,,0.0,,,,,,,,,,,
89,33099,,,,,0.0,,,,,,,,,,,
89,33109,,,,,0.0,,,,,,,,,,,
89,33119,,,,,0.0,,,,,,,,,,,
89,33129,,,,,0.0,,,,,,,,,,,
89,33139,,,,,0.0,,,,,,,,,,,
89,33149,,,,,0.0,,,,,,,,,,,
89,33159,,,,,0.0,,,,,,,,,,,
89,33169,,,,,0.0,,,,,,,,,,,
89,33179,,,,,0.0,,,,,,,,,,,
89,33189,,,,,0.0,,,,,,,,,,,
89,33199,,,,,0.0,,,,,,,,,,,
89,33209,,,,,0.0,,,,,,,,,,,
89,89,,,0.5886600017547607,0.012010977603495121,,,0.0,0.02575625665485859,,0.5831819176673889,,0.012097393162548542,,0.0,,0.028092553839087486
89,33209,,,,,,,,,0.5831819176673889,,0.012097393162548542,,0.0,,0.028092553839087486,
89,89,0.0,78.08879624460975,,,,,,,,,,,,,,
89,33209,,,,,,1.3482598433256499e-06,,,,,,,,,,
90,33219,,,,,0.0,,,,,,,,,,,
90,33229,,,,,0.0,,,,,,,,,,,
90,33239,,,,,0.0,,,,,,,,,,,
90,33249,,,,,0.0,,,,,,,,,,,
90,33259,,,,,0.0,,,,,,,,,,,
90,33269,,,,,0.0,,,,,,,,,,,
90,33279,,,,,0.0,,,,,,,,,,,
90,33289,,,,,0.0,,,,,,,,,,,
90,33299,,,,,0.0,,,,,,,,,,,
90,33309,,,,,0.0,,,,,,,,,,,
90,33319,,,,,0.0,,,,,,,,,,,
90,33329,,,,,0.0,,,,,,,,,,,
90,33339,,,,,0.0,,,,,,,,,,,
90,33349,,,,,0.0,,,,,,,,,,,
90,33359,,,,,0.0,,,,,,,,,,,
90,33369,,,,,0.0,,,,,,,,,,,
90,33379,,,,,0.0,,,,,,,,,,,
90,33389,,,,,0.0,,,,,,,,,,,
90,33399,,,,,0.0,,,,,,,,,,,
90,33409,,,,,0.0,,,,,,,,,,,
90,33419,,,,,0.0,,,,,,,,,,,
90,33429,,,,,0.0,,,,,,,,,,,
90,33439,,,,,0.0,,,,,,,,,,,
90,33449,,,,,0.0,,,,,,,,,,,
90,33459,,,,,0.0,,,,,,,,,,,
90,33469,,,,,0.0,,,,,,,,,,,
90,33479,,,,,0.0,,,,,,,,,,,
90,33489,,,,,0.0,,,,,,,,,,,
90,33499,,,,,0.0,,,,,,,,,,,
90,33509,,,,,0.0,,,,,,,,,,,
90,33519,,,,,0.0,,,,,,,,,,,
90,33529,,,,,0.0,,,,,,,,,,,
90,33539,,,,,0.0,,,,,,,,,,,
90,33549,,,,,0.0,,,,,,,,,,,
90,33559,,,,,0.0,,,,,,,,,,,
90,33569,,,,,0.0,,,,,,,,,,,
90,90,0.0001568385154542975,78.11665547416166,,,,,,,,,,,,,,
90,33578,,,,,,1.3385825923251105e-06,,,,,,,,,,
91,33579,,,,,0.0,,,,,,,,,,,
91,33589,,,,,0.0,,,,,,,,,,,
91,33599,,,,,0.0,,,,,,,,,,,
91,33609,,,,,0.0,,,,,,,,,,,
91,33619,,,,,0.0,,,,,,,,,,,
91,33629,,,,,0.0,,,,,,,,,,,
91,33639,,,,,0.0,,,,,,,,,,,
91,33649,,,,,0.0,,,,,,,,,,,
91,33659,,,,,0.0,,,,,,,,,,,
91,33669,,,,,0.0,,,,,,,,,,,
91,33679,,,,,0.0,,,,,,,,,,,
91,33689,,,,,0.0,,,,,,,,,,,
91,33699,,,,,0.0,,,,,,,,,,,
91,33709,,,,,0.0,,,,,,,,,,,
91,33719,,,,,0.0,,,,,,,,,,,
91,33729,,,,,0.0,,,,,,,,,,,
91,33739,,,,,0.0,,,,,,,,,,,
91,33749,,,,,0.0,,,,,,,,,,,
91,33759,,,,,0.0,,,,,,,,,,,
91,33769,,,,,0.0,,,,,,,,,,,
91,33779,,,,,0.0,,,,,,,,,,,
91,33789,,,,,0.0,,,,,,,,,,,
91,33799,,,,,0.0,,,,,,,,,,,
91,33809,,,,,0.0,,,,,,,,,,,
91,33819,,,,,0.0,,,,,,,,,,,
91,33829,,,,,0.0,,,,,,,,,,,
91,33839,,,,,0.0,,,,,,,,,,,
91,33849,,,,,0.0,,,,,,,,,,,
91,33859,,,,,0.0,,,,,,,,,,,
91,33869,,,,,0.0,,,,,,,,,,,
91,33879,,,,,0.0,,,,,,,,,,,
91,33889,,,,,0.0,,,,,,,,,,,
91,33899,,,,,0.0,,,,,,,,,,,
91,33909,,,,,0.0,,,,,,,,,,,
91,33919,,,,,0.0,,,,,,,,,,,
91,33929,,,,,0.00019156612688675523,,,,,,,,,,,
91,33939,,,,,0.0,,,,,,,,,,,
91,91,0.00012664875550651562,78.13578344686371,,,,,,,,,,,,,,
91,33947,,,,,,1.4387678675120696e-06,,,,,,,,,,
92,33949,,,,,0.0,,,,,,,,,,,
92,33959,,,,,0.0,,,,,,,,,,,
92,33969,,,,,0.0,,,,,,,,,,,
92,33979,,,,,0.0,,,,,,,,,,,
92,33989,,,,,0.0,,,,,,,,,,,
92,33999,,,,,0.0,,,,,,,,,,,
92,34009,,,,,0.0,,,,,,,,,,,
92,34019,,,,,0.0,,,,,,,,,,,
92,34029,,,,,0.0,,,,,,,,,,,
92,34039,,,,,0.0,,,,,,,,,,,
92,34049,,,,,0.0,,,,,,,,,,,
92,34059,,,,,0.0,,,,,,,,,,,
92,34069,,,,,0.0,,,,,,,,,,,
92,34079,,,,,0.0,,,,,,,,,,,
92,34089,,,,,0.0,,,,,,,,,,,
92,34099,,,,,0.0,,,,,,,,,,,
92,34109,,,,,0.0,,,,,,,,,,,
92,34119,,,,,0.0,,,,,,,,,,,
92,34129,,,,,0.0,,,,,,,,,,,
92,34139,,,,,0.0,,,,,,,,,,,
92,34149,,,,,0.0,,,,,,,,,,,
92,34159,,,,,0.0,,,,,,,,,,,
92,34169,,,,,0.0,,,,,,,,,,,
92,34179,,,,,0.0,,,,,,,,,,,
92,34189,,,,,0.0,,,,,,,,,,,
92,34199,,,,,0.0,,,,,,,,,,,
92,34209,,,,,0.0,,,,,,,,,,,
92,34219,,,,,0.0,,,,,,,,,,,
92,34229,,,,,0.0,,,,,,,,,,,
92,34239,,,,,0.0,,,,,,,,,,,
92,34249,,,,,0.0,,,,,,,,,,,
92,34259,,,,,0.0,,,,,,,,,,,
92,34269,,,,,0.0,,,,,,,,,,,
92,34279,,,,,0.0,,,,,,,,,,,
92,34289,,,,,0.0,,,,,,,,,,,
92,34299,,,,,0.0,,,,,,,,,,,
92,34309,,,,,0.0,,,,,,,,,,,
92,92,0.0,78.14329302690915,,,,,,,,,,,,,,
92,34316,,,,,,3.808413566730451e-07,,,,,,,,,,
93,34319,,,,,0.0,,,,,,,,,,,
93,34329,,,,,0.0,,,,,,,,,,,
93,34339,,,,,0.0,,,,,,,,,,,
93,34349,,,,,0.0,,,,,,,,,,,
93,34359,,,,,0.0,,,,,,,,,,,
93,34369,,,,,0.0,,,,,,,,,,,
93,34379,,,,,0.0,,,,,,,,,,,
93,34389,,,,,0.0,,,,,,,,,,,
93,34399,,,,,0.0,,,,,,,,,,,
93,34409,,,,,0.0,,,,,,,,,,,
93,34419,,,,,0.0,,,,,,,,,,,
93,34429,,,,,0.0,,,,,,,,,,,
93,34439,,,,,0.0,,,,,,,,,,,
93,34449,,,,,0.0,,,,,,,,,,,
93,34459,,,,,0.0,,,,,,,,,,,
93,34469,,,,,0.0,,,,,,,,,,,
93,34479,,,,,0.0,,,,,,,,,,,
93,34489,,,,,0.0,,,,,,,,,,,
93,34499,,,,,0.0,,,,,,,,,,,
93,34509,,,,,0.0,,,,,,,,,,,
93,34519,,,,,0.0,,,,,,,,,,,
93,34529,,,,,0.0,,,,,,,,,,,
93,34539,,,,,0.0,,,,,,,,,,,
93,34549,,,,,0.0,,,,,,,,,,,
93,34559,,,,,0.0,,,,,,,,,,,
93,34569,,,,,0.0,,,,,,,,,,,
93,34579,,,,,0.0,,,,,,,,,,,
93,34589,,,,,0.0,,,,,,,,,,,
93,34599,,,,,0.0,,,,,,,,,,,
93,34609,,,,,0.0,,,,,,,,,,,
93,34619,,,,,0.0,,,,,,,,,,,
93,34629,,,,,0.0,,,,,,,,,,,
93,34639,,,,,0.0,,,,,,,,,,,
93,34649,,,,,0.0,,,,,,,,,,,
93,34659,,,,,0.0,,,,,,,,,,,
93,34669,,,,,0.0,,,,,,,,,,,
93,34679,,,,,0.00012486301420722157,,,,,,,,,,,
93,93,0.0003488980346797668,78.1704087409535,,,,,,,,,,,,,,
93,34685,,,,,,9.919427839122363e-07,,,,,,,,,,
94,34689,,,,,0.0,,,,,,,,,,,
94,34699,,,,,0.0,,,,,,,,,,,
94,34709,,,,,0.0,,,,,,,,,,,
94,34719,,,,,0.0,,,,,,,,,,,
94,34729,,,,,0.0,,,,,,,,,,,
94,34739,,,,,0.0,,,,,,,,,,,
94,34749,,,,,0.0,,,,,,,,,,,
94,34759,,,,,0.0,,,,,,,,,,,
94,34769,,,,,0.0,,,,,,,,,,,
94,34779,,,,,0.0,,,,,,,,,,,
94,34789,,,,,0.0,,,,,,,,,,,
94,34799,,,,,0.0,,,,,,,,,,,
94,34809,,,,,0.0,,,,,,,,,,,
94,34819,,,,,0.0,,,,,,,,,,,
94,34829,,,,,0.0,,,,,,,,,,,
94,34839,,,,,0.0,,,,,,,,,,,
94,34849,,,,,0.0,,,,,,,,,,,
94,34859,,,,,0.0,,,,,,,,,,,
94,34869,,,,,0.0,,,,,,,,,,,
94,34879,,,,,0.0,,,,,,,,,,,
94,34889,,,,,0.0,,,,,,,,,,,
94,34899,,,,,0.0,,,,,,,,,,,
94,34909,,,,,0.0,,,,,,,,,,,
94,34919,,,,,0.0,,,,,,,,,,,
94,34929,,,,,0.0,,,,,,,,,,,
94,34939,,,,,0.0,,,,,,,,,,,
94,34949,,,,,0.0,,,,,,,,,,,
94,34959,,,,,0.0,,,,,,,,,,,
94,34969,,,,,0.0,,,,,,,,,,,
94,34979,,,,,0.0,,,,,,,,,,,
94,34989,,,,,0.0,,,,,,,,,,,
94,34999,,,,,0.0,,,,,,,,,,,
94,35009,,,,,0.0,,,,,,,,,,,
94,35019,,,,,0.0,,,,,,,,,,,
94,35029,,,,,0.0,,,,,,,,,,,
94,35039,,,,,0.0,,,,,,,,,,,
94,35049,,,,,0.0,,,,,,,,,,,
94,94,0.0,78.19001560277951,,,,,,,,,,,,,,
94,35054,,,,,,1.159454882326827e-06,,,,,,,,,,
95,35059,,,,,0.0,,,,,,,,,,,
95,35069,,,,,0.0,,,,,,,,,,,
95,35079,,,,,0.0,,,,,,,,,,,
95,35089,,,,,0.0,,,,,,,,,,,
95,35099,,,,,0.0,,,,,,,,,,,
95,35109,,,,,0.0,,,,,,,,,,,
95,35119,,,,,0.0,,,,,,,,,,,
95,35129,,,,,0.0,,,,,,,,,,,
95,35139,,,,,0.0,,,,,,,,,,,
95,35149,,,,,0.0,,,,,,,,,,,
95,35159,,,,,0.0,,,,,,,,,,,
95,35169,,,,,0.0,,,,,,,,,,,
95,35179,,,,,0.0,,,,,,,,,,,
95,35189,,,,,0.0,,,,,,,,,,,
95,35199,,,,,0.0,,,,,,,,,,,
95,35209,,,,,0.0,,,,,,,,,,,
95,35219,,,,,0.0,,,,,,,,,,,
95,35229,,,,,0.0,,,,,,,,,,,
95,35239,,,,,0.0,,,,,,,,,,,
95,35249,,,,,0.0,,,,,,,,,,,
95,35259,,,,,0.0,,,,,,,,,,,
95,35269,,,,,0.0,,,,,,,,,,,
95,35279,,,,,0.0,,,,,,,,,,,
95,35289,,,,,0.0,,,,,,,,,,,
95,35299,,,,,0.0,,,,,,,,,,,
95,35309,,,,,0.0,,,,,,,,,,,
95,35319,,,,,0.0,,,,,,,,,,,
95,35329,,,,,0.0,,,,,,,,,,,
95,35339,,,,,0.0,,,,,,,,,,,
95,35349,,,,,0.0,,,,,,,,,,,
95,35359,,,,,0.0,,,,,,,,,,,
95,35369,,,,,0.0,,,,,,,,,,,
95,35379,,,,,0.0,,,,,,,,,,,
95,35389,,,,,0.0,,,,,,,,,,,
95,35399,,,,,3.5370139812584966e-06,,,,,,,,,,,
95,35409,,,,,0.0,,,,,,,,,,,
95,35419,,,,,0.0,,,,,,,,,,,
95,95,8.843020344983751e-05,78.20600799902029,,,,,,,,,,,,,,
95,35423,,,,,,3.6880473430755956e-07,,,,,,,,,,
96,35429,,,,,0.0,,,,,,,,,,,
96,35439,,,,,0.0,,,,,,,,,,,
96,35449,,,,,0.0,,,,,,,,,,,
96,35459,,,,,0.0,,,,,,,,,,,
96,35469,,,,,0.0,,,,,,,,,,,
96,35479,,,,,0.0,,,,,,,,,,,
96,35489,,,,,0.0,,,,,,,,,,,
96,35499,,,,,0.0,,,,,,,,,,,
96,35509,,,,,0.0,,,,,,,,,,,
96,35519,,,,,0.0,,,,,,,,,,,
96,35529,,,,,0.0,,,,,,,,,,,
96,35539,,,,,0.0,,,,,,,,,,,
96,35549,,,,,0.0,,,,,,,,,,,
96,35559,,,,,0.0,,,,,,,,,,,
96,35569,,,,,0.0,,,,,,,,,,,
96,35579,,,,,0.0,,,,,,,,,,,
96,35589,,,,,0.0,,,,,,,,,,,
96,35599,,,,,0.0,,,,,,,,,,,
96,35609,,,,,0.0,,,,,,,,,,,
96,35619,,,,,0.0,,,,,,,,,,,
96,35629,,,,,0.0,,,,,,,,,,,
96,35639,,,,,0.0,,,,,,,,,,,
96,35649,,,,,0.0,,,,,,,,,,,
96,35659,,,,,0.0,,,,,,,,,,,
96,35669,,,,,0.0,,,,,,,,,,,
96,35679,,,,,0.0,,,,,,,,,,,
96,35689,,,,,0.0,,,,,,,,,,,
96,35699,,,,,0.0,,,,,,,,,,,
96,35709,,,,,0.0,,,,,,,,,,,
96,35719,,,,,0.0,,,,,,,,,,,
96,35729,,,,,0.0,,,,,,,,,,,
96,35739,,,,,0.0,,,,,,,,,,,
96,35749,,,,,0.0,,,,,,,,,,,
96,35759,,,,,0.0,,,,,,,,,,,
96,35769,,,,,8.998475823318586e-05,,,,,,,,,,,
96,35779,,,,,0.0,,,,,,,,,,,
96,35789,,,,,0.0,,,,,,,,,,,
96,96,0.00012570594022220962,78.23138960052594,,,,,,,,,,,,,,
96,35792,,,,,,9.763003845364437e-07,,,,,,,,,,
97,35799,,,,,0.0,,,,,,,,,,,
97,35809,,,,,0.0,,,,,,,,,,,
97,35819,,,,,0.0,,,,,,,,,,,
97,35829,,,,,0.0,,,,,,,,,,,
97,35839,,,,,0.0,,,,,,,,,,,
97,35849,,,,,0.0,,,,,,,,,,,
97,35859,,,,,0.0,,,,,,,,,,,
97,35869,,,,,0.0,,,,,,,,,,,
97,35879,,,,,0.0,,,,,,,,,,,
97,35889,,,,,0.0,,,,,,,,,,,
97,35899,,,,,0.0,,,,,,,,,,,
97,35909,,,,,0.0,,,,,,,,,,,
97,35919,,,,,0.0,,,,,,,,,,,
97,35929,,,,,0.0,,,,,,,,,,,
97,35939,,,,,0.0,,,,,,,,,,,
97,35949,,,,,0.0,,,,,,,,,,,
97,35959,,,,,0.0,,,,,,,,,,,
97,35969,,,,,0.0,,,,,,,,,,,
97,35979,,,,,0.0,,,,,,,,,,,
97,35989,,,,,0.0,,,,,,,,,,,
97,35999,,,,,0.0,,,,,,,,,,,
97,36009,,,,,0.0,,,,,,,,,,,
97,36019,,,,,0.0,,,,,,,,,,,
97,36029,,,,,0.0,,,,,,,,,,,
97,36039,,,,,0.0,,,,,,,,,,,
97,36049,,,,,0.0,,,,,,,,,,,
97,36059,,,,,0.0,,,,,,,,,,,
97,36069,,,,,0.0,,,,,,,,,,,
97,36079,,,,,0.0,,,,,,,,,,,
97,36089,,,,,0.0,,,,,,,,,,,
97,36099,,,,,0.0,,,,,,,,,,,
97,36109,,,,,0.0,,,,,,,,,,,
97,36119,,,,,0.0,,,,,,,,,,,
97,36129,,,,,0.0,,,,,,,,,,,
97,36139,,,,,1.5264675312209874e-05,,,,,,,,,,,
97,36149,,,,,0.0,,,,,,,,,,,
97,36159,,,,,0.0,,,,,,,,,,,
97,97,0.0003431291291505004,78.27744662880296,,,,,,,,,,,,,,
97,36161,,,,,,1.3416369029073394e-06,,,,,,,,,,
98,36169,,,,,0.0,,,,,,,,,,,
98,36179,,,,,0.0,,,,,,,,,,,
98,36189,,,,,0.0,,,,,,,,,,,
98,36199,,,,,0.0,,,,,,,,,,,
98,36209,,,,,0.0,,,,,,,,,,,
98,36219,,,,,0.0,,,,,,,,,,,
98,36229,,,,,0.0,,,,,,,,,,,
98,36239,,,,,0.0,,,,,,,,,,,
98,36249,,,,,0.0,,,,,,,,,,,
98,36259,,,,,0.0,,,,,,,,,,,
98,36269,,,,,9.308032167609781e-05,,,,,,,,,,,
98,36279,,,,,0.0,,,,,,,,,,,
98,36289,,,,,0.0,,,,,,,,,,,
98,36299,,,,,0.0,,,,,,,,,,,
98,36309,,,,,0.0,,,,,,,,,,,
98,36319,,,,,0.0,,,,,,,,,,,
98,36329,,,,,0.0,,,,,,,,,,,
98,36339,,,,,0.0,,,,,,,,,,,
98,36349,,,,,0.0,,,,,,,,,,,
98,36359,,,,,0.0,,,,,,,,,,,
98,36369,,,,,0.0,,,,,,,,,,,
98,36379,,,,,0.0,,,,,,,,,,,
98,36389,,,,,0.0,,,,,,,,,,,
98,36399,,,,,0.0,,,,,,,,,,,
98,36409,,,,,0.0,,,,,,,,,,,
98,36419,,,,,0.0,,,,,,,,,,,
98,36429,,,,,0.0,,,,,,,,,,,
98,36439,,,,,0.0,,,,,,,,,,,
98,36449,,,,,0.0,,,,,,,,,,,
98,36459,,,,,0.0,,,,,,,,,,,
98,36469,,,,,0.0,,,,,,,,,,,
98,36479,,,,,0.0,,,,,,,,,,,
98,36489,,,,,0.0,,,,,,,,,,,
98,36499,,,,,0.0,,,,,,,,,,,
98,36509,,,,,0.0,,,,,,,,,,,
98,36519,,,,,0.0,,,,,,,,,,,
98,36529,,,,,0.0,,,,,,,,,,,
98,98,7.63443943542432e-05,78.31348699900248,,,,,,,,,,,,,,
98,36530,,,,,,1.276574153052934e-06,,,,,,,,,,
99,36539,,,,,0.0,,,,,,,,,,,
99,36549,,,,,0.0,,,,,,,,,,,
99,36559,,,,,0.0,,,,,,,,,,,
99,36569,,,,,0.0,,,,,,,,,,,
99,36579,,,,,0.0,,,,,,,,,,,
99,36589,,,,,0.0,,,,,,,,,,,
99,36599,,,,,0.0,,,,,,,,,,,
99,36609,,,,,0.0,,,,,,,,,,,
99,36619,,,,,0.0,,,,,,,,,,,
99,36629,,,,,0.0,,,,,,,,,,,
99,36639,,,,,0.0,,,,,,,,,,,
99,36649,,,,,0.0,,,,,,,,,,,
99,36659,,,,,0.0,,,,,,,,,,,
99,36669,,,,,0.0,,,,,,,,,,,
99,36679,,,,,0.0,,,,,,,,,,,
99,36689,,,,,0.0,,,,,,,,,,,
99,36699,,,,,0.0,,,,,,,,,,,
99,36709,,,,,0.0,,,,,,,,,,,
99,36719,,,,,0.0,,,,,,,,,,,
99,36729,,,,,0.0,,,,,,,,,,,
99,36739,,,,,0.0,,,,,,,,,,,
99,36749,,,,,0.0,,,,,,,,,,,
99,36759,,,,,0.0,,,,,,,,,,,
99,36769,,,,,0.0,,,,,,,,,,,
99,36779,,,,,0.0,,,,,,,,,,,
99,36789,,,,,0.0,,,,,,,,,,,
99,36799,,,,,0.0,,,,,,,,,,,
99,36809,,,,,0.0,,,,,,,,,,,
99,36819,,,,,0.0,,,,,,,,,,,
99,36829,,,,,0.0,,,,,,,,,,,
99,36839,,,,,0.0,,,,,,,,,,,
99,36849,,,,,3.1071231205714867e-05,,,,,,,,,,,
99,36859,,,,,0.0,,,,,,,,,,,
99,36869,,,,,0.0,,,,,,,,,,,
99,36879,,,,,0.0,,,,,,,,,,,
99,36889,,,,,0.0,,,,,,,,,,,
99,36899,,,,,0.0,,,,,,,,,,,
99,99,,,0.5644673705101013,0.012395418249070644,,,1.3624605097002115e-08,0.02316596545279026,,0.5634387135505676,,0.012553348205983639,,0.0,,0.025936556980013847
99,36899,,,,,,,,,0.5634387135505676,,0.012553348205983639,,0.0,,0.025936556980013847,
99,99,0.0003591278822772792,78.3230031013917,,,,,,,,,,,,,,
99,36899,,,,,,4.784017733072687e-07,,,,,,,,,,
100,36909,,,,,0.0,,,,,,,,,,,
100,36919,,,,,0.0,,,,,,,,,,,
100,36929,,,,,0.0,,,,,,,,,,,
100,36939,,,,,0.0,,,,,,,,,,,
100,36949,,,,,0.0,,,,,,,,,,,
100,36959,,,,,0.0,,,,,,,,,,,
100,36969,,,,,0.0,,,,,,,,,,,
100,36979,,,,,0.0,,,,,,,,,,,
100,36989,,,,,0.0,,,,,,,,,,,
100,36999,,,,,0.0,,,,,,,,,,,
100,37009,,,,,0.0,,,,,,,,,,,
100,37019,,,,,0.0,,,,,,,,,,,
100,37029,,,,,0.0,,,,,,,,,,,
100,37039,,,,,0.0,,,,,,,,,,,
100,37049,,,,,0.0,,,,,,,,,,,
100,37059,,,,,0.0,,,,,,,,,,,
100,37069,,,,,0.0,,,,,,,,,,,
100,37079,,,,,0.0,,,,,,,,,,,
100,37089,,,,,0.0,,,,,,,,,,,
100,37099,,,,,0.0,,,,,,,,,,,
100,37109,,,,,0.0,,,,,,,,,,,
100,37119,,,,,0.0,,,,,,,,,,,
100,37129,,,,,0.0,,,,,,,,,,,
100,37139,,,,,0.0,,,,,,,,,,,
100,37149,,,,,0.0,,,,,,,,,,,
100,37159,,,,,0.0,,,,,,,,,,,
100,37169,,,,,0.0,,,,,,,,,,,
100,37179,,,,,0.0,,,,,,,,,,,
100,37189,,,,,0.0,,,,,,,,,,,
100,37199,,,,,0.0,,,,,,,,,,,
100,37209,,,,,0.0,,,,,,,,,,,
100,37219,,,,,0.0,,,,,,,,,,,
100,37229,,,,,0.0,,,,,,,,,,,
100,37239,,,,,0.0,,,,,,,,,,,
100,37249,,,,,0.0,,,,,,,,,,,
100,37259,,,,,0.0,,,,,,,,,,,
100,100,0.0,78.34636490617777,,,,,,,,,,,,,,
100,37268,,,,,,8.721562494429236e-07,,,,,,,,,,
101,37269,,,,,0.0,,,,,,,,,,,
101,37279,,,,,0.0,,,,,,,,,,,
101,37289,,,,,0.0,,,,,,,,,,,
101,37299,,,,,0.0,,,,,,,,,,,
101,37309,,,,,0.0,,,,,,,,,,,
101,37319,,,,,0.0,,,,,,,,,,,
101,37329,,,,,0.0,,,,,,,,,,,
101,37339,,,,,0.0,,,,,,,,,,,
101,37349,,,,,0.0,,,,,,,,,,,
101,37359,,,,,0.0,,,,,,,,,,,
101,37369,,,,,0.0,,,,,,,,,,,
101,37379,,,,,0.0,,,,,,,,,,,
101,37389,,,,,0.0,,,,,,,,,,,
101,37399,,,,,0.0,,,,,,,,,,,
101,37409,,,,,0.0,,,,,,,,,,,
101,37419,,,,,0.0,,,,,,,,,,,
101,37429,,,,,0.0,,,,,,,,,,,
101,37439,,,,,0.0,,,,,,,,,,,
101,37449,,,,,0.0,,,,,,,,,,,
101,37459,,,,,0.0,,,,,,,,,,,
101,37469,,,,,0.0,,,,,,,,,,,
101,37479,,,,,5.1023438572883606e-05,,,,,,,,,,,
101,37489,,,,,0.0,,,,,,,,,,,
101,37499,,,,,0.0,,,,,,,,,,,
101,37509,,,,,0.0,,,,,,,,,,,
101,37519,,,,,0.0,,,,,,,,,,,
101,37529,,,,,0.0,,,,,,,,,,,
101,37539,,,,,0.0,,,,,,,,,,,
101,37549,,,,,0.0,,,,,,,,,,,
101,37559,,,,,0.0,,,,,,,,,,,
101,37569,,,,,0.0,,,,,,,,,,,
101,37579,,,,,0.0,,,,,,,,,,,
101,37589,,,,,0.0,,,,,,,,,,,
101,37599,,,,,0.0,,,,,,,,,,,
101,37609,,,,,0.0,,,,,,,,,,,
101,37619,,,,,0.0,,,,,,,,,,,
101,37629,,,,,0.0,,,,,,,,,,,
101,101,0.00033633102982126236,78.37160767940449,,,,,,,,,,,,,,
101,37637,,,,,,8.700947091710987e-07,,,,,,,,,,
102,37639,,,,,0.0,,,,,,,,,,,
102,37649,,,,,0.0,,,,,,,,,,,
102,37659,,,,,0.0,,,,,,,,,,,
102,37669,,,,,0.0,,,,,,,,,,,
102,37679,,,,,0.0,,,,,,,,,,,
102,37689,,,,,0.0,,,,,,,,,,,
102,37699,,,,,0.0,,,,,,,,,,,
102,37709,,,,,0.0,,,,,,,,,,,
102,37719,,,,,0.0,,,,,,,,,,,
102,37729,,,,,0.0,,,,,,,,,,,
102,37739,,,,,0.0,,,,,,,,,,,
102,37749,,,,,0.0,,,,,,,,,,,
102,37759,,,,,0.0,,,,,,,,,,,
102,37769,,,,,0.0,,,,,,,,,,,
102,37779,,,,,0.0,,,,,,,,,,,
102,37789,,,,,0.0,,,,,,,,,,,
102,37799,,,,,0.0,,,,,,,,,,,
102,37809,,,,,0.0,,,,,,,,,,,
102,37819,,,,,0.0,,,,,,,,,,,
102,37829,,,,,0.0,,,,,,,,,,,
102,37839,,,,,0.0,,,,,,,,,,,
102,37849,,,,,0.0,,,,,,,,,,,
102,37859,,,,,0.0,,,,,,,,,,,
102,37869,,,,,0.0,,,,,,,,,,,
102,37879,,,,,0.0,,,,,,,,,,,
102,37889,,,,,0.0,,,,,,,,,,,
102,37899,,,,,0.0,,,,,,,,,,,
102,37909,,,,,0.0,,,,,,,,,,,
102,37919,,,,,0.0,,,,,,,,,,,
102,37929,,,,,0.0,,,,,,,,,,,
102,37939,,,,,0.0,,,,,,,,,,,
102,37949,,,,,0.0,,,,,,,,,,,
102,37959,,,,,0.0,,,,,,,,,,,
102,37969,,,,,0.0,,,,,,,,,,,
102,37979,,,,,0.0,,,,,,,,,,,
102,37989,,,,,0.0,,,,,,,,,,,
102,37999,,,,,0.0,,,,,,,,,,,
102,102,0.0,78.38952143254963,,,,,,,,,,,,,,
102,38006,,,,,,3.2944024042080855e-07,,,,,,,,,,
103,38009,,,,,0.0,,,,,,,,,,,
103,38019,,,,,0.0,,,,,,,,,,,
103,38029,,,,,0.0,,,,,,,,,,,
103,38039,,,,,0.0,,,,,,,,,,,
103,38049,,,,,0.0,,,,,,,,,,,
103,38059,,,,,0.0,,,,,,,,,,,
103,38069,,,,,0.0,,,,,,,,,,,
103,38079,,,,,0.0,,,,,,,,,,,
103,38089,,,,,0.0,,,,,,,,,,,
103,38099,,,,,0.0,,,,,,,,,,,
103,38109,,,,,0.0,,,,,,,,,,,
103,38119,,,,,0.0,,,,,,,,,,,
103,38129,,,,,0.0,,,,,,,,,,,
103,38139,,,,,0.0,,,,,,,,,,,
103,38149,,,,,0.0,,,,,,,,,,,
103,38159,,,,,0.0,,,,,,,,,,,
103,38169,,,,,0.0,,,,,,,,,,,
103,38179,,,,,0.0,,,,,,,,,,,
103,38189,,,,,0.0,,,,,,,,,,,
103,38199,,,,,0.0,,,,,,,,,,,
103,38209,,,,,0.0,,,,,,,,,,,
103,38219,,,,,2.6863737730309367e-05,,,,,,,,,,,
103,38229,,,,,0.0,,,,,,,,,,,
103,38239,,,,,0.0,,,,,,,,,,,
103,38249,,,,,0.0,,,,,,,,,,,
103,38259,,,,,0.0,,,,,,,,,,,
103,38269,,,,,0.0,,,,,,,,,,,
103,38279,,,,,0.0,,,,,,,,,,,
103,38289,,,,,0.0,,,,,,,,,,,
103,38299,,,,,0.0,,,,,,,,,,,
103,38309,,,,,0.0,,,,,,,,,,,
103,38319,,,,,0.0,,,,,,,,,,,
103,38329,,,,,0.0,,,,,,,,,,,
103,38339,,,,,0.0,,,,,,,,,,,
103,38349,,,,,0.0,,,,,,,,,,,
103,38359,,,,,0.0,,,,,,,,,,,
103,38369,,,,,0.0,,,,,,,,,,,
103,103,0.00022416174457891492,78.41552080959369,,,,,,,,,,,,,,
103,38375,,,,,,7.811410682734277e-07,,,,,,,,,,
104,38379,,,,,0.0,,,,,,,,,,,
104,38389,,,,,0.0,,,,,,,,,,,
104,38399,,,,,0.0,,,,,,,,,,,
104,38409,,,,,0.0,,,,,,,,,,,
104,38419,,,,,0.0,,,,,,,,,,,
104,38429,,,,,0.0,,,,,,,,,,,
104,38439,,,,,0.0,,,,,,,,,,,
104,38449,,,,,0.0,,,,,,,,,,,
104,38459,,,,,0.0,,,,,,,,,,,
104,38469,,,,,0.0,,,,,,,,,,,
104,38479,,,,,0.0,,,,,,,,,,,
104,38489,,,,,0.0,,,,,,,,,,,
104,38499,,,,,0.0,,,,,,,,,,,
104,38509,,,,,0.0,,,,,,,,,,,
104,38519,,,,,0.0,,,,,,,,,,,
104,38529,,,,,0.0,,,,,,,,,,,
104,38539,,,,,0.0,,,,,,,,,,,
104,38549,,,,,0.0,,,,,,,,,,,
104,38559,,,,,0.0,,,,,,,,,,,
104,38569,,,,,0.0,,,,,,,,,,,
104,38579,,,,,0.0,,,,,,,,,,,
104,38589,,,,,0.0,,,,,,,,,,,
104,38599,,,,,0.0,,,,,,,,,,,
104,38609,,,,,0.0,,,,,,,,,,,
104,38619,,,,,0.0,,,,,,,,,,,
104,38629,,,,,0.0,,,,,,,,,,,
104,38639,,,,,0.0,,,,,,,,,,,
104,38649,,,,,0.0,,,,,,,,,,,
104,38659,,,,,0.0,,,,,,,,,,,
104,38669,,,,,0.0,,,,,,,,,,,
104,38679,,,,,0.0,,,,,,,,,,,
104,38689,,,,,0.0,,,,,,,,,,,
104,38699,,,,,0.0,,,,,,,,,,,
104,38709,,,,,0.0,,,,,,,,,,,
104,38719,,,,,0.0,,,,,,,,,,,
104,38729,,,,,0.0,,,,,,,,,,,
104,38739,,,,,0.0,,,,,,,,,,,
104,104,0.0,78.43950580781946,,,,,,,,,,,,,,
104,38744,,,,,,7.383456477327854e-07,,,,,,,,,,
105,38749,,,,,0.0,,,,,,,,,,,
105,38759,,,,,0.0,,,,,,,,,,,
105,38769,,,,,0.0,,,,,,,,,,,
105,38779,,,,,0.0,,,,,,,,,,,
105,38789,,,,,0.0,,,,,,,,,,,
105,38799,,,,,0.0,,,,,,,,,,,
105,38809,,,,,0.0,,,,,,,,,,,
105,38819,,,,,0.0,,,,,,,,,,,
105,38829,,,,,0.0,,,,,,,,,,,
105,38839,,,,,0.0,,,,,,,,,,,
105,38849,,,,,0.0,,,,,,,,,,,
105,38859,,,,,0.0,,,,,,,,,,,
105,38869,,,,,0.0,,,,,,,,,,,
105,38879,,,,,0.0,,,,,,,,,,,
105,38889,,,,,0.0,,,,,,,,,,,
105,38899,,,,,0.0,,,,,,,,,,,
105,38909,,,,,0.0,,,,,,,,,,,
105,38919,,,,,0.0,,,,,,,,,,,
105,38929,,,,,0.0,,,,,,,,,,,
105,38939,,,,,0.0,,,,,,,,,,,
105,38949,,,,,0.0,,,,,,,,,,,
105,38959,,,,,0.0,,,,,,,,,,,
105,38969,,,,,0.0,,,,,,,,,,,
105,38979,,,,,0.0,,,,,,,,,,,
105,38989,,,,,0.0,,,,,,,,,,,
105,38999,,,,,0.0,,,,,,,,,,,
105,39009,,,,,0.0,,,,,,,,,,,
105,39019,,,,,0.0,,,,,,,,,,,
105,39029,,,,,0.0,,,,,,,,,,,
105,39039,,,,,0.0,,,,,,,,,,,
105,39049,,,,,0.0,,,,,,,,,,,
105,39059,,,,,0.0,,,,,,,,,,,
105,39069,,,,,0.0,,,,,,,,,,,
105,39079,,,,,0.0,,,,,,,,,,,
105,39089,,,,,0.0,,,,,,,,,,,
105,39099,,,,,0.0,,,,,,,,,,,
105,39109,,,,,0.0,,,,,,,,,,,
105,105,0.0,78.46968199671521,,,,,,,,,,,,,,
105,39113,,,,,,5.282108190840518e-07,,,,,,,,,,
106,39119,,,,,0.0,,,,,,,,,,,
106,39129,,,,,0.0,,,,,,,,,,,
106,39139,,,,,0.0,,,,,,,,,,,
106,39149,,,,,0.0,,,,,,,,,,,
106,39159,,,,,0.0,,,,,,,,,,,
106,39169,,,,,0.0,,,,,,,,,,,
106,39179,,,,,0.0,,,,,,,,,,,
106,39189,,,,,0.0,,,,,,,,,,,
106,39199,,,,,0.0,,,,,,,,,,,
106,39209,,,,,0.0,,,,,,,,,,,
106,39219,,,,,0.0,,,,,,,,,,,
106,39229,,,,,0.0,,,,,,,,,,,
106,39239,,,,,0.0,,,,,,,,,,,
106,39249,,,,,0.0,,,,,,,,,,,
106,39259,,,,,0.0,,,,,,,,,,,
106,39269,,,,,0.0,,,,,,,,,,,
106,39279,,,,,0.0,,,,,,,,,,,
106,39289,,,,,0.0,,,,,,,,,,,
106,39299,,,,,0.0,,,,,,,,,,,
106,39309,,,,,0.0,,,,,,,,,,,
106,39319,,,,,0.0,,,,,,,,,,,
106,39329,,,,,0.0,,,,,,,,,,,
106,39339,,,,,0.0,,,,,,,,,,,
106,39349,,,,,0.0,,,,,,,,,,,
106,39359,,,,,0.0,,,,,,,,,,,
106,39369,,,,,0.0,,,,,,,,,,,
106,39379,,,,,0.0,,,,,,,,,,,
106,39389,,,,,0.0,,,,,,,,,,,
106,39399,,,,,0.0,,,,,,,,,,,
106,39409,,,,,0.0,,,,,,,,,,,
106,39419,,,,,0.0,,,,,,,,,,,
106,39429,,,,,0.0,,,,,,,,,,,
106,39439,,,,,0.0,,,,,,,,,,,
106,39449,,,,,0.0,,,,,,,,,,,
106,39459,,,,,0.0,,,,,,,,,,,
106,39469,,,,,0.0,,,,,,,,,,,
106,39479,,,,,0.0,,,,,,,,,,,
106,106,0.0,78.47527696631633,,,,,,,,,,,,,,
106,39482,,,,,,3.1593972948940063e-07,,,,,,,,,,
107,39489,,,,,0.0,,,,,,,,,,,
107,39499,,,,,0.0,,,,,,,,,,,
107,39509,,,,,0.0,,,,,,,,,,,
107,39519,,,,,0.0,,,,,,,,,,,
107,39529,,,,,0.0,,,,,,,,,,,
107,39539,,,,,0.0,,,,,,,,,,,
107,39549,,,,,0.0,,,,,,,,,,,
107,39559,,,,,0.0,,,,,,,,,,,
107,39569,,,,,0.0,,,,,,,,,,,
107,39579,,,,,0.0,,,,,,,,,,,
107,39589,,,,,0.0,,,,,,,,,,,
107,39599,,,,,0.0,,,,,,,,,,,
107,39609,,,,,0.0,,,,,,,,,,,
107,39619,,,,,0.0,,,,,,,,,,,
107,39629,,,,,0.0,,,,,,,,,,,
107,39639,,,,,0.0,,,,,,,,,,,
107,39649,,,,,0.0,,,,,,,,,,,
107,39659,,,,,0.0,,,,,,,,,,,
107,39669,,,,,0.0,,,,,,,,,,,
107,39679,,,,,0.0,,,,,,,,,,,
107,39689,,,,,0.0,,,,,,,,,,,
107,39699,,,,,0.0,,,,,,,,,,,
107,39709,,,,,0.0,,,,,,,,,,,
107,39719,,,,,0.0,,,,,,,,,,,
107,39729,,,,,0.0,,,,,,,,,,,
107,39739,,,,,0.0,,,,,,,,,,,
107,39749,,,,,0.0,,,,,,,,,,,
107,39759,,,,,0.0,,,,,,,,,,,
107,39769,,,,,0.0,,,,,,,,,,,
107,39779,,,,,0.0,,,,,,,,,,,
107,39789,,,,,0.0,,,,,,,,,,,
107,39799,,,,,0.0,,,,,,,,,,,
107,39809,,,,,0.0,,,,,,,,,,,
107,39819,,,,,0.0,,,,,,,,,,,
107,39829,,,,,0.0,,,,,,,,,,,
107,39839,,,,,0.0,,,,,,,,,,,
107,39849,,,,,0.0,,,,,,,,,,,
107,107,0.0,78.476603158278,,,,,,,,,,,,,,
107,39851,,,,,,1.538290490543659e-07,,,,,,,,,,
108,39859,,,,,0.0,,,,,,,,,,,
108,39869,,,,,0.0,,,,,,,,,,,
108,39879,,,,,0.0,,,,,,,,,,,
108,39889,,,,,0.0,,,,,,,,,,,
108,39899,,,,,0.0,,,,,,,,,,,
108,39909,,,,,0.0,,,,,,,,,,,
108,39919,,,,,0.0,,,,,,,,,,,
108,39929,,,,,0.0,,,,,,,,,,,
108,39939,,,,,0.0,,,,,,,,,,,
108,39949,,,,,0.0,,,,,,,,,,,
108,39959,,,,,0.0,,,,,,,,,,,
108,39969,,,,,0.0,,,,,,,,,,,
108,39979,,,,,0.0,,,,,,,,,,,
108,39989,,,,,0.0,,,,,,,,,,,
108,39999,,,,,0.0,,,,,,,,,,,
108,40009,,,,,0.0,,,,,,,,,,,
108,40019,,,,,0.0,,,,,,,,,,,
108,40029,,,,,0.0,,,,,,,,,,,
108,40039,,,,,0.0,,,,,,,,,,,
108,40049,,,,,0.0,,,,,,,,,,,
108,40059,,,,,0.0,,,,,,,,,,,
108,40069,,,,,0.0,,,,,,,,,,,
108,40079,,,,,0.0,,,,,,,,,,,
108,40089,,,,,0.0,,,,,,,,,,,
108,40099,,,,,0.0,,,,,,,,,,,
108,40109,,,,,0.0,,,,,,,,,,,
108,40119,,,,,0.0,,,,,,,,,,,
108,40129,,,,,0.0,,,,,,,,,,,
108,40139,,,,,0.0,,,,,,,,,,,
108,40149,,,,,0.0,,,,,,,,,,,
108,40159,,,,,0.0,,,,,,,,,,,
108,40169,,,,,0.0,,,,,,,,,,,
108,40179,,,,,0.0,,,,,,,,,,,
108,40189,,,,,0.0,,,,,,,,,,,
108,40199,,,,,0.0,,,,,,,,,,,
108,40209,,,,,0.0,,,,,,,,,,,
108,40219,,,,,0.0,,,,,,,,,,,
108,108,0.0,78.48031435427649,,,,,,,,,,,,,,
108,40220,,,,,,1.742042599062188e-08,,,,,,,,,,
109,40229,,,,,0.0,,,,,,,,,,,
109,40239,,,,,0.0,,,,,,,,,,,
109,40249,,,,,0.0,,,,,,,,,,,
109,40259,,,,,0.0,,,,,,,,,,,
109,40269,,,,,0.0,,,,,,,,,,,
109,40279,,,,,0.0,,,,,,,,,,,
109,40289,,,,,0.0,,,,,,,,,,,
109,40299,,,,,0.0,,,,,,,,,,,
109,40309,,,,,0.0,,,,,,,,,,,
109,40319,,,,,0.0,,,,,,,,,,,
109,40329,,,,,0.0,,,,,,,,,,,
109,40339,,,,,0.0,,,,,,,,,,,
109,40349,,,,,0.0,,,,,,,,,,,
109,40359,,,,,0.0,,,,,,,,,,,
109,40369,,,,,0.0,,,,,,,,,,,
109,40379,,,,,0.0,,,,,,,,,,,
109,40389,,,,,0.0,,,,,,,,,,,
109,40399,,,,,0.0,,,,,,,,,,,
109,40409,,,,,0.0,,,,,,,,,,,
109,40419,,,,,0.0,,,,,,,,,,,
109,40429,,,,,0.0,,,,,,,,,,,
109,40439,,,,,0.0,,,,,,,,,,,
109,40449,,,,,0.0,,,,,,,,,,,
109,40459,,,,,0.0,,,,,,,,,,,
109,40469,,,,,0.0,,,,,,,,,,,
109,40479,,,,,0.0,,,,,,,,,,,
109,40489,,,,,0.0,,,,,,,,,,,
109,40499,,,,,0.0,,,,,,,,,,,
109,40509,,,,,0.0,,,,,,,,,,,
109,40519,,,,,2.9121263651177287e-05,,,,,,,,,,,
109,40529,,,,,0.0,,,,,,,,,,,
109,40539,,,,,0.0,,,,,,,,,,,
109,40549,,,,,0.0,,,,,,,,,,,
109,40559,,,,,0.0,,,,,,,,,,,
109,40569,,,,,0.0,,,,,,,,,,,
109,40579,,,,,0.0,,,,,,,,,,,
109,40589,,,,,0.0,,,,,,,,,,,
109,109,,,0.5808712840080261,0.012033890001475811,,,0.0,0.022489113733172417,,0.583834707736969,,0.01214068103581667,,0.0,,0.02417186088860035
109,40589,,,,,,,,,0.583834707736969,,0.01214068103581667,,0.0,,0.02417186088860035,
109,109,0.000229075000902831,78.50175585188819,,,,,,,,,,,,,,
109,40589,,,,,,4.5241822022035194e-07,,,,,,,,,,
110,40599,,,,,0.0,,,,,,,,,,,
110,40609,,,,,0.0,,,,,,,,,,,
110,40619,,,,,0.0,,,,,,,,,,,
110,40629,,,,,0.0,,,,,,,,,,,
110,40639,,,,,0.0,,,,,,,,,,,
110,40649,,,,,0.0,,,,,,,,,,,
110,40659,,,,,0.0,,,,,,,,,,,
110,40669,,,,,0.0,,,,,,,,,,,
110,40679,,,,,0.0,,,,,,,,,,,
110,40689,,,,,0.0,,,,,,,,,,,
110,40699,,,,,0.0,,,,,,,,,,,
110,40709,,,,,0.0,,,,,,,,,,,
110,40719,,,,,0.0,,,,,,,,,,,
110,40729,,,,,0.0,,,,,,,,,,,
110,40739,,,,,0.0,,,,,,,,,,,
110,40749,,,,,0.0,,,,,,,,,,,
110,40759,,,,,0.0,,,,,,,,,,,
110,40769,,,,,0.0,,,,,,,,,,,
110,40779,,,,,0.0,,,,,,,,,,,
110,40789,,,,,0.0,,,,,,,,,,,
110,40799,,,,,0.0,,,,,,,,,,,
110,40809,,,,,0.0,,,,,,,,,,,
110,40819,,,,,0.0,,,,,,,,,,,
110,40829,,,,,0.0,,,,,,,,,,,
110,40839,,,,,0.0,,,,,,,,,,,
110,40849,,,,,0.0,,,,,,,,,,,
110,40859,,,,,0.0,,,,,,,,,,,
110,40869,,,,,0.0,,,,,,,,,,,
110,40879,,,,,0.0,,,,,,,,,,,
110,40889,,,,,0.0,,,,,,,,,,,
110,40899,,,,,0.0,,,,,,,,,,,
110,40909,,,,,0.0,,,,,,,,,,,
110,40919,,,,,0.0,,,,,,,,,,,
110,40929,,,,,0.0,,,,,,,,,,,
110,40939,,,,,0.0,,,,,,,,,,,
110,40949,,,,,0.0,,,,,,,,,,,
110,110,0.0,78.5388403035772,,,,,,,,,,,,,,
110,40958,,,,,,1.1982508567598416e-06,,,,,,,,,,
111,40959,,,,,0.0,,,,,,,,,,,
111,40969,,,,,0.0,,,,,,,,,,,
111,40979,,,,,0.0,,,,,,,,,,,
111,40989,,,,,0.0,,,,,,,,,,,
111,40999,,,,,0.0,,,,,,,,,,,
111,41009,,,,,0.0,,,,,,,,,,,
111,41019,,,,,0.0,,,,,,,,,,,
111,41029,,,,,0.0,,,,,,,,,,,
111,41039,,,,,0.0,,,,,,,,,,,
111,41049,,,,,0.0,,,,,,,,,,,
111,41059,,,,,0.0,,,,,,,,,,,
111,41069,,,,,0.0,,,,,,,,,,,
111,41079,,,,,0.0,,,,,,,,,,,
111,41089,,,,,0.0,,,,,,,,,,,
111,41099,,,,,0.0,,,,,,,,,,,
111,41109,,,,,0.0,,,,,,,,,,,
111,41119,,,,,0.0,,,,,,,,,,,
111,41129,,,,,0.0,,,,,,,,,,,
111,41139,,,,,0.0,,,,,,,,,,,
111,41149,,,,,0.0,,,,,,,,,,,
111,41159,,,,,0.0,,,,,,,,,,,
111,41169,,,,,0.0,,,,,,,,,,,
111,41179,,,,,0.0,,,,,,,,,,,
111,41189,,,,,0.0,,,,,,,,,,,
111,41199,,,,,0.0,,,,,,,,,,,
111,41209,,,,,0.0,,,,,,,,,,,
111,41219,,,,,0.0,,,,,,,,,,,
111,41229,,,,,0.0,,,,,,,,,,,
111,41239,,,,,0.0,,,,,,,,,,,
111,41249,,,,,0.0,,,,,,,,,,,
111,41259,,,,,0.0,,,,,,,,,,,
111,41269,,,,,0.0,,,,,,,,,,,
111,41279,,,,,0.0,,,,,,,,,,,
111,41289,,,,,0.0,,,,,,,,,,,
111,41299,,,,,0.0,,,,,,,,,,,
111,41309,,,,,0.0,,,,,,,,,,,
111,41319,,,,,0.0,,,,,,,,,,,
111,111,0.0,78.58015029045596,,,,,,,,,,,,,,
111,41327,,,,,,2.710166427277727e-06,,,,,,,,,,
112,41329,,,,,0.0,,,,,,,,,,,
112,41339,,,,,0.0,,,,,,,,,,,
112,41349,,,,,0.0,,,,,,,,,,,
112,41359,,,,,0.0,,,,,,,,,,,
112,41369,,,,,0.0,,,,,,,,,,,
112,41379,,,,,0.0,,,,,,,,,,,
112,41389,,,,,0.0,,,,,,,,,,,
112,41399,,,,,0.0,,,,,,,,,,,
112,41409,,,,,0.0,,,,,,,,,,,
112,41419,,,,,0.0,,,,,,,,,,,
112,41429,,,,,0.0,,,,,,,,,,,
112,41439,,,,,0.0,,,,,,,,,,,
112,41449,,,,,0.0,,,,,,,,,,,
112,41459,,,,,0.0,,,,,,,,,,,
112,41469,,,,,0.0,,,,,,,,,,,
112,41479,,,,,0.0,,,,,,,,,,,
112,41489,,,,,0.0,,,,,,,,,,,
112,41499,,,,,0.0,,,,,,,,,,,
112,41509,,,,,0.0,,,,,,,,,,,
112,41519,,,,,0.0,,,,,,,,,,,
112,41529,,,,,0.0,,,,,,,,,,,
112,41539,,,,,0.0,,,,,,,,,,,
112,41549,,,,,0.0,,,,,,,,,,,
112,41559,,,,,0.0,,,,,,,,,,,
112,41569,,,,,0.0,,,,,,,,,,,
112,41579,,,,,0.0,,,,,,,,,,,
112,41589,,,,,0.0,,,,,,,,,,,
112,41599,,,,,0.0,,,,,,,,,,,
112,41609,,,,,0.0,,,,,,,,,,,
112,41619,,,,,0.0,,,,,,,,,,,
112,41629,,,,,0.0,,,,,,,,,,,
112,41639,,,,,0.0,,,,,,,,,,,
112,41649,,,,,0.0,,,,,,,,,,,
112,41659,,,,,0.0,,,,,,,,,,,
112,41669,,,,,0.00010505102545721456,,,,,,,,,,,
112,41679,,,,,0.0,,,,,,,,,,,
112,41689,,,,,0.0,,,,,,,,,,,
112,112,0.0003122578988591987,78.59332063812498,,,,,,,,,,,,,,
112,41696,,,,,,6.869790354357974e-07,,,,,,,,,,
113,41699,,,,,0.0,,,,,,,,,,,
113,41709,,,,,0.0,,,,,,,,,,,
113,41719,,,,,0.0,,,,,,,,,,,
113,41729,,,,,0.0,,,,,,,,,,,
113,41739,,,,,0.0,,,,,,,,,,,
113,41749,,,,,0.0,,,,,,,,,,,
113,41759,,,,,0.0,,,,,,,,,,,
113,41769,,,,,0.0,,,,,,,,,,,
113,41779,,,,,0.0,,,,,,,,,,,
113,41789,,,,,0.0,,,,,,,,,,,
113,41799,,,,,0.0,,,,,,,,,,,
113,41809,,,,,0.0,,,,,,,,,,,
113,41819,,,,,0.0,,,,,,,,,,,
113,41829,,,,,0.0,,,,,,,,,,,
113,41839,,,,,0.0,,,,,,,,,,,
113,41849,,,,,0.0,,,,,,,,,,,
113,41859,,,,,0.0,,,,,,,,,,,
113,41869,,,,,0.0,,,,,,,,,,,
113,41879,,,,,0.0,,,,,,,,,,,
113,41889,,,,,0.0,,,,,,,,,,,
113,41899,,,,,0.0,,,,,,,,,,,
113,41909,,,,,0.0,,,,,,,,,,,
113,41919,,,,,0.0,,,,,,,,,,,
113,41929,,,,,0.0,,,,,,,,,,,
113,41939,,,,,0.0,,,,,,,,,,,
113,41949,,,,,0.0,,,,,,,,,,,
113,41959,,,,,0.0,,,,,,,,,,,
113,41969,,,,,0.0,,,,,,,,,,,
113,41979,,,,,0.0,,,,,,,,,,,
113,41989,,,,,0.0,,,,,,,,,,,
113,41999,,,,,0.0,,,,,,,,,,,
113,42009,,,,,0.0,,,,,,,,,,,
113,42019,,,,,0.0,,,,,,,,,,,
113,42029,,,,,0.0,,,,,,,,,,,
113,42039,,,,,0.0,,,,,,,,,,,
113,42049,,,,,0.0,,,,,,,,,,,
113,42059,,,,,0.0,,,,,,,,,,,
113,113,0.0,78.61198237124842,,,,,,,,,,,,,,
113,42065,,,,,,4.402867261887877e-07,,,,,,,,,,
114,42069,,,,,0.0,,,,,,,,,,,
114,42079,,,,,0.0,,,,,,,,,,,
114,42089,,,,,0.0,,,,,,,,,,,
114,42099,,,,,0.0,,,,,,,,,,,
114,42109,,,,,0.0,,,,,,,,,,,
114,42119,,,,,0.0,,,,,,,,,,,
114,42129,,,,,0.0,,,,,,,,,,,
114,42139,,,,,0.0,,,,,,,,,,,
114,42149,,,,,0.0,,,,,,,,,,,
114,42159,,,,,0.0,,,,,,,,,,,
114,42169,,,,,0.0,,,,,,,,,,,
114,42179,,,,,0.0,,,,,,,,,,,
114,42189,,,,,0.0,,,,,,,,,,,
114,42199,,,,,0.0,,,,,,,,,,,
114,42209,,,,,0.0,,,,,,,,,,,
114,42219,,,,,0.0,,,,,,,,,,,
114,42229,,,,,0.0,,,,,,,,,,,
114,42239,,,,,0.0,,,,,,,,,,,
114,42249,,,,,0.0,,,,,,,,,,,
114,42259,,,,,0.0,,,,,,,,,,,
114,42269,,,,,0.0,,,,,,,,,,,
114,42279,,,,,0.0,,,,,,,,,,,
114,42289,,,,,0.0,,,,,,,,,,,
114,42299,,,,,0.0,,,,,,,,,,,
114,42309,,,,,0.0,,,,,,,,,,,
114,42319,,,,,0.0,,,,,,,,,,,
114,42329,,,,,0.0,,,,,,,,,,,
114,42339,,,,,0.0,,,,,,,,,,,
114,42349,,,,,0.0,,,,,,,,,,,
114,42359,,,,,0.0,,,,,,,,,,,
114,42369,,,,,0.0,,,,,,,,,,,
114,42379,,,,,0.0,,,,,,,,,,,
114,42389,,,,,0.0,,,,,,,,,,,
114,42399,,,,,0.0,,,,,,,,,,,
114,42409,,,,,0.0,,,,,,,,,,,
114,42419,,,,,0.0,,,,,,,,,,,
114,42429,,,,,0.0,,,,,,,,,,,
114,114,0.0,78.61923256780878,,,,,,,,,,,,,,
114,42434,,,,,,1.9197359790723567e-07,,,,,,,,,,
115,42439,,,,,0.0,,,,,,,,,,,
115,42449,,,,,0.0,,,,,,,,,,,
115,42459,,,,,0.0,,,,,,,,,,,
115,42469,,,,,0.0,,,,,,,,,,,
115,42479,,,,,0.0,,,,,,,,,,,
115,42489,,,,,0.0,,,,,,,,,,,
115,42499,,,,,0.0,,,,,,,,,,,
115,42509,,,,,0.0,,,,,,,,,,,
115,42519,,,,,0.0,,,,,,,,,,,
115,42529,,,,,0.0,,,,,,,,,,,
115,42539,,,,,0.0,,,,,,,,,,,
115,42549,,,,,0.0,,,,,,,,,,,
115,42559,,,,,0.0,,,,,,,,,,,
115,42569,,,,,0.0,,,,,,,,,,,
115,42579,,,,,0.0,,,,,,,,,,,
115,42589,,,,,0.0,,,,,,,,,,,
115,42599,,,,,0.0,,,,,,,,,,,
115,42609,,,,,2.0614637833205052e-05,,,,,,,,,,,
115,42619,,,,,0.0,,,,,,,,,,,
115,42629,,,,,0.0,,,,,,,,,,,
115,42639,,,,,0.0,,,,,,,,,,,
115,42649,,,,,0.0,,,,,,,,,,,
115,42659,,,,,0.0,,,,,,,,,,,
115,42669,,,,,0.0,,,,,,,,,,,
115,42679,,,,,0.0,,,,,,,,,,,
115,42689,,,,,0.0,,,,,,,,,,,
115,42699,,,,,0.0,,,,,,,,,,,
115,42709,,,,,0.0,,,,,,,,,,,
115,42719,,,,,0.0,,,,,,,,,,,
115,42729,,,,,0.0,,,,,,,,,,,
115,42739,,,,,0.0,,,,,,,,,,,
115,42749,,,,,0.0,,,,,,,,,,,
115,42759,,,,,0.0,,,,,,,,,,,
115,42769,,,,,0.0,,,,,,,,,,,
115,42779,,,,,0.0,,,,,,,,,,,
115,42789,,,,,0.0,,,,,,,,,,,
115,42799,,,,,0.0,,,,,,,,,,,
115,115,0.00012465395909296581,78.63974048065273,,,,,,,,,,,,,,
115,42803,,,,,,2.6486853244023223e-07,,,,,,,,,,
116,42809,,,,,0.0,,,,,,,,,,,
116,42819,,,,,0.0,,,,,,,,,,,
116,42829,,,,,0.0,,,,,,,,,,,
116,42839,,,,,0.0,,,,,,,,,,,
116,42849,,,,,0.0,,,,,,,,,,,
116,42859,,,,,0.0,,,,,,,,,,,
116,42869,,,,,0.0,,,,,,,,,,,
116,42879,,,,,0.0,,,,,,,,,,,
116,42889,,,,,0.0,,,,,,,,,,,
116,42899,,,,,0.0,,,,,,,,,,,
116,42909,,,,,0.0,,,,,,,,,,,
116,42919,,,,,0.0,,,,,,,,,,,
116,42929,,,,,0.0,,,,,,,,,,,
116,42939,,,,,0.0,,,,,,,,,,,
116,42949,,,,,0.0,,,,,,,,,,,
116,42959,,,,,0.0,,,,,,,,,,,
116,42969,,,,,0.0,,,,,,,,,,,
116,42979,,,,,0.0,,,,,,,,,,,
116,42989,,,,,0.0,,,,,,,,,,,
116,42999,,,,,0.0,,,,,,,,,,,
116,43009,,,,,0.0,,,,,,,,,,,
116,43019,,,,,0.0,,,,,,,,,,,
116,43029,,,,,0.0,,,,,,,,,,,
116,43039,,,,,0.0,,,,,,,,,,,
116,43049,,,,,0.0,,,,,,,,,,,
116,43059,,,,,0.0,,,,,,,,,,,
116,43069,,,,,0.0,,,,,,,,,,,
116,43079,,,,,0.0,,,,,,,,,,,
116,43089,,,,,0.0,,,,,,,,,,,
116,43099,,,,,0.0,,,,,,,,,,,
116,43109,,,,,0.0,,,,,,,,,,,
116,43119,,,,,0.0,,,,,,,,,,,
116,43129,,,,,0.0,,,,,,,,,,,
116,43139,,,,,0.0,,,,,,,,,,,
116,43149,,,,,0.0,,,,,,,,,,,
116,43159,,,,,0.0,,,,,,,,,,,
116,43169,,,,,0.0,,,,,,,,,,,
116,116,0.0,78.67155573300657,,,,,,,,,,,,,,
116,43172,,,,,,8.348849860340124e-07,,,,,,,,,,
117,43179,,,,,0.0,,,,,,,,,,,
117,43189,,,,,0.0,,,,,,,,,,,
117,43199,,,,,0.0,,,,,,,,,,,
117,43209,,,,,0.0,,,,,,,,,,,
117,43219,,,,,0.0,,,,,,,,,,,
117,43229,,,,,0.0,,,,,,,,,,,
117,43239,,,,,0.0,,,,,,,,,,,
117,43249,,,,,0.0,,,,,,,,,,,
117,43259,,,,,0.0,,,,,,,,,,,
117,43269,,,,,0.0,,,,,,,,,,,
117,43279,,,,,0.0,,,,,,,,,,,
117,43289,,,,,0.0,,,,,,,,,,,
117,43299,,,,,0.0,,,,,,,,,,,
117,43309,,,,,0.0,,,,,,,,,,,
117,43319,,,,,0.0,,,,,,,,,,,
117,43329,,,,,0.0,,,,,,,,,,,
117,43339,,,,,0.0,,,,,,,,,,,
117,43349,,,,,0.0,,,,,,,,,,,
117,43359,,,,,0.0,,,,,,,,,,,
117,43369,,,,,0.0,,,,,,,,,,,
117,43379,,,,,0.0,,,,,,,,,,,
117,43389,,,,,0.0,,,,,,,,,,,
117,43399,,,,,0.0,,,,,,,,,,,
117,43409,,,,,0.0,,,,,,,,,,,
117,43419,,,,,0.0,,,,,,,,,,,
117,43429,,,,,0.0,,,,,,,,,,,
117,43439,,,,,0.0,,,,,,,,,,,
117,43449,,,,,0.0,,,,,,,,,,,
117,43459,,,,,0.0,,,,,,,,,,,
117,43469,,,,,0.0,,,,,,,,,,,
117,43479,,,,,0.0,,,,,,,,,,,
117,43489,,,,,0.0,,,,,,,,,,,
117,43499,,,,,0.0,,,,,,,,,,,
117,43509,,,,,0.0,,,,,,,,,,,
117,43519,,,,,0.0,,,,,,,,,,,
117,43529,,,,,0.0,,,,,,,,,,,
117,43539,,,,,0.0,,,,,,,,,,,
117,117,0.0,78.70147644480173,,,,,,,,,,,,,,
117,43541,,,,,,1.1679657063723425e-06,,,,,,,,,,
118,43549,,,,,0.0,,,,,,,,,,,
118,43559,,,,,0.0,,,,,,,,,,,
118,43569,,,,,0.0,,,,,,,,,,,
118,43579,,,,,0.0,,,,,,,,,,,
118,43589,,,,,0.0,,,,,,,,,,,
118,43599,,,,,0.0,,,,,,,,,,,
118,43609,,,,,0.0,,,,,,,,,,,
118,43619,,,,,0.0,,,,,,,,,,,
118,43629,,,,,0.0,,,,,,,,,,,
118,43639,,,,,0.0,,,,,,,,,,,
118,43649,,,,,0.0,,,,,,,,,,,
118,43659,,,,,0.0,,,,,,,,,,,
118,43669,,,,,0.0,,,,,,,,,,,
118,43679,,,,,0.0,,,,,,,,,,,
118,43689,,,,,0.0,,,,,,,,,,,
118,43699,,,,,0.0,,,,,,,,,,,
118,43709,,,,,2.864651287382003e-05,,,,,,,,,,,
118,43719,,,,,0.0,,,,,,,,,,,
118,43729,,,,,0.0,,,,,,,,,,,
118,43739,,,,,0.0,,,,,,,,,,,
118,43749,,,,,0.0,,,,,,,,,,,
118,43759,,,,,0.0,,,,,,,,,,,
118,43769,,,,,0.0,,,,,,,,,,,
118,43779,,,,,0.0,,,,,,,,,,,
118,43789,,,,,0.0,,,,,,,,,,,
118,43799,,,,,0.0,,,,,,,,,,,
118,43809,,,,,0.0,,,,,,,,,,,
118,43819,,,,,0.0,,,,,,,,,,,
118,43829,,,,,0.0,,,,,,,,,,,
118,43839,,,,,0.0,,,,,,,,,,,
118,43849,,,,,0.0,,,,,,,,,,,
118,43859,,,,,0.0,,,,,,,,,,,
118,43869,,,,,0.0,,,,,,,,,,,
118,43879,,,,,0.0,,,,,,,,,,,
118,43889,,,,,0.0,,,,,,,,,,,
118,43899,,,,,0.0,,,,,,,,,,,
118,43909,,,,,0.0,,,,,,,,,,,
118,118,0.00018320752164599404,78.72643728028862,,,,,,,,,,,,,,
118,43910,,,,,,4.74249446824615e-07,,,,,,,,,,
119,43919,,,,,0.0,,,,,,,,,,,
119,43929,,,,,0.0,,,,,,,,,,,
119,43939,,,,,0.0,,,,,,,,,,,
119,43949,,,,,0.0,,,,,,,,,,,
119,43959,,,,,0.0,,,,,,,,,,,
119,43969,,,,,0.0,,,,,,,,,,,
119,43979,,,,,0.0,,,,,,,,,,,
119,43989,,,,,0.0,,,,,,,,,,,
119,43999,,,,,0.0,,,,,,,,,,,
119,44009,,,,,0.0,,,,,,,,,,,
119,44019,,,,,0.0,,,,,,,,,,,
119,44029,,,,,0.0,,,,,,,,,,,
119,44039,,,,,0.0,,,,,,,,,,,
119,44049,,,,,0.0,,,,,,,,,,,
119,44059,,,,,0.0,,,,,,,,,,,
119,44069,,,,,0.0,,,,,,,,,,,
119,44079,,,,,0.0,,,,,,,,,,,
119,44089,,,,,0.0,,,,,,,,,,,
119,44099,,,,,0.0,,,,,,,,,,,
119,44109,,,,,0.0,,,,,,,,,,,
119,44119,,,,,0.0,,,,,,,,,,,
119,44129,,,,,0.0,,,,,,,,,,,
119,44139,,,,,0.0,,,,,,,,,,,
119,44149,,,,,0.0,,,,,,,,,,,
119,44159,,,,,0.0,,,,,,,,,,,
119,44169,,,,,0.0,,,,,,,,,,,
119,44179,,,,,0.0,,,,,,,,,,,
119,44189,,,,,0.0,,,,,,,,,,,
119,44199,,,,,0.0,,,,,,,,,,,
119,44209,,,,,0.0,,,,,,,,,,,
119,44219,,,,,0.0,,,,,,,,,,,
119,44229,,,,,0.0,,,,,,,,,,,
119,44239,,,,,0.0,,,,,,,,,,,
119,44249,,,,,0.0,,,,,,,,,,,
119,44259,,,,,0.0,,,,,,,,,,,
119,44269,,,,,0.0,,,,,,,,,,,
119,44279,,,,,0.0,,,,,,,,,,,
119,119,,,0.60072261095047,0.011292682029306889,,,0.0,0.023786814883351326,,0.6023975014686584,,0.011383097618818283,,0.0,,0.027681265026330948
119,44279,,,,,,,,,0.6023975014686584,,0.011383097618818283,,0.0,,0.027681265026330948,
119,119,0.0,78.75552973222017,,,,,,,,,,,,,,
119,44279,,,,,,6.417758413590491e-07,,,,,,,,,,
120,44289,,,,,0.0,,,,,,,,,,,
120,44299,,,,,0.0,,,,,,,,,,,
120,44309,,,,,0.0,,,,,,,,,,,
120,44319,,,,,0.0,,,,,,,,,,,
120,44329,,,,,0.0,,,,,,,,,,,
120,44339,,,,,0.0,,,,,,,,,,,
120,44349,,,,,0.0,,,,,,,,,,,
120,44359,,,,,0.0,,,,,,,,,,,
120,44369,,,,,0.0,,,,,,,,,,,
120,44379,,,,,0.0,,,,,,,,,,,
120,44389,,,,,0.0,,,,,,,,,,,
120,44399,,,,,0.0,,,,,,,,,,,
120,44409,,,,,0.0,,,,,,,,,,,
120,44419,,,,,0.0,,,,,,,,,,,
120,44429,,,,,0.0,,,,,,,,,,,
120,44439,,,,,0.0,,,,,,,,,,,
120,44449,,,,,0.0,,,,,,,,,,,
120,44459,,,,,0.0,,,,,,,,,,,
120,44469,,,,,0.0,,,,,,,,,,,
120,44479,,,,,0.0,,,,,,,,,,,
120,44489,,,,,0.0,,,,,,,,,,,
120,44499,,,,,0.0,,,,,,,,,,,
120,44509,,,,,0.0,,,,,,,,,,,
120,44519,,,,,0.0,,,,,,,,,,,
120,44529,,,,,0.0,,,,,,,,,,,
120,44539,,,,,0.0,,,,,,,,,,,
120,44549,,,,,0.0,,,,,,,,,,,
120,44559,,,,,0.0,,,,,,,,,,,
120,44569,,,,,0.0,,,,,,,,,,,
120,44579,,,,,0.0,,,,,,,,,,,
120,44589,,,,,0.0,,,,,,,,,,,
120,44599,,,,,0.0,,,,,,,,,,,
120,44609,,,,,0.0,,,,,,,,,,,
120,44619,,,,,0.0,,,,,,,,,,,
120,44629,,,,,0.0,,,,,,,,,,,
120,44639,,,,,0.0,,,,,,,,,,,
120,120,0.0,78.76763313916778,,,,,,,,,,,,,,
120,44648,,,,,,2.1542534511809208e-07,,,,,,,,,,
121,44649,,,,,0.0,,,,,,,,,,,
121,44659,,,,,0.0,,,,,,,,,,,
121,44669,,,,,0.0,,,,,,,,,,,
121,44679,,,,,0.0,,,,,,,,,,,
121,44689,,,,,0.0,,,,,,,,,,,
121,44699,,,,,0.0,,,,,,,,,,,
121,44709,,,,,0.0,,,,,,,,,,,
121,44719,,,,,0.0,,,,,,,,,,,
121,44729,,,,,0.0,,,,,,,,,,,
121,44739,,,,,0.0,,,,,,,,,,,
121,44749,,,,,0.0,,,,,,,,,,,
121,44759,,,,,0.0,,,,,,,,,,,
121,44769,,,,,0.0,,,,,,,,,,,
121,44779,,,,,0.0,,,,,,,,,,,
121,44789,,,,,0.0,,,,,,,,,,,
121,44799,,,,,0.0,,,,,,,,,,,
121,44809,,,,,0.0,,,,,,,,,,,
121,44819,,,,,0.0,,,,,,,,,,,
121,44829,,,,,0.0,,,,,,,,,,,
121,44839,,,,,0.0,,,,,,,,,,,
121,44849,,,,,0.0,,,,,,,,,,,
121,44859,,,,,0.0,,,,,,,,,,,
121,44869,,,,,0.0,,,,,,,,,,,
121,44879,,,,,0.0,,,,,,,,,,,
121,44889,,,,,0.0,,,,,,,,,,,
121,44899,,,,,0.0,,,,,,,,,,,
121,44909,,,,,0.0,,,,,,,,,,,
121,44919,,,,,0.0,,,,,,,,,,,
121,44929,,,,,0.0,,,,,,,,,,,
121,44939,,,,,0.0,,,,,,,,,,,
121,44949,,,,,0.0,,,,,,,,,,,
121,44959,,,,,0.0,,,,,,,,,,,
121,44969,,,,,0.0,,,,,,,,,,,
121,44979,,,,,0.0,,,,,,,,,,,
121,44989,,,,,0.0,,,,,,,,,,,
121,44999,,,,,0.0,,,,,,,,,,,
121,45009,,,,,0.0,,,,,,,,,,,
121,121,0.0,78.77214591927789,,,,,,,,,,,,,,
121,45017,,,,,,1.7750694780716003e-07,,,,,,,,,,
122,45019,,,,,0.0,,,,,,,,,,,
122,45029,,,,,0.0,,,,,,,,,,,
122,45039,,,,,0.0,,,,,,,,,,,
122,45049,,,,,0.0,,,,,,,,,,,
122,45059,,,,,0.0,,,,,,,,,,,
122,45069,,,,,0.0,,,,,,,,,,,
122,45079,,,,,0.0,,,,,,,,,,,
122,45089,,,,,0.0,,,,,,,,,,,
122,45099,,,,,0.0,,,,,,,,,,,
122,45109,,,,,0.0,,,,,,,,,,,
122,45119,,,,,0.0,,,,,,,,,,,
122,45129,,,,,0.0,,,,,,,,,,,
122,45139,,,,,0.0,,,,,,,,,,,
122,45149,,,,,0.0,,,,,,,,,,,
122,45159,,,,,0.0,,,,,,,,,,,
122,45169,,,,,0.0,,,,,,,,,,,
122,45179,,,,,0.0,,,,,,,,,,,
122,45189,,,,,0.0,,,,,,,,,,,
122,45199,,,,,0.0,,,,,,,,,,,
122,45209,,,,,0.0,,,,,,,,,,,
122,45219,,,,,0.0,,,,,,,,,,,
122,45229,,,,,0.0,,,,,,,,,,,
122,45239,,,,,0.0,,,,,,,,,,,
122,45249,,,,,0.0,,,,,,,,,,,
122,45259,,,,,0.0,,,,,,,,,,,
122,45269,,,,,0.0,,,,,,,,,,,
122,45279,,,,,0.0,,,,,,,,,,,
122,45289,,,,,0.0,,,,,,,,,,,
122,45299,,,,,0.0,,,,,,,,,,,
122,45309,,,,,0.0,,,,,,,,,,,
122,45319,,,,,0.0,,,,,,,,,,,
122,45329,,,,,0.0,,,,,,,,,,,
122,45339,,,,,0.0,,,,,,,,,,,
122,45349,,,,,0.0,,,,,,,,,,,
122,45359,,,,,0.0,,,,,,,,,,,
122,45369,,,,,0.0,,,,,,,,,,,
122,45379,,,,,0.0,,,,,,,,,,,
122,122,0.0,78.79559426029986,,,,,,,,,,,,,,
122,45386,,,,,,7.762257041576959e-07,,,,,,,,,,
123,45389,,,,,0.0,,,,,,,,,,,
123,45399,,,,,0.0,,,,,,,,,,,
123,45409,,,,,0.0,,,,,,,,,,,
123,45419,,,,,0.0,,,,,,,,,,,
123,45429,,,,,0.0,,,,,,,,,,,
123,45439,,,,,0.0,,,,,,,,,,,
123,45449,,,,,0.0,,,,,,,,,,,
123,45459,,,,,0.0,,,,,,,,,,,
123,45469,,,,,0.0,,,,,,,,,,,
123,45479,,,,,0.0,,,,,,,,,,,
123,45489,,,,,0.0,,,,,,,,,,,
123,45499,,,,,0.0,,,,,,,,,,,
123,45509,,,,,0.0,,,,,,,,,,,
123,45519,,,,,0.0,,,,,,,,,,,
123,45529,,,,,1.775957571226172e-05,,,,,,,,,,,
123,45539,,,,,0.0,,,,,,,,,,,
123,45549,,,,,0.0,,,,,,,,,,,
123,45559,,,,,0.0,,,,,,,,,,,
123,45569,,,,,0.0,,,,,,,,,,,
123,45579,,,,,0.0,,,,,,,,,,,
123,45589,,,,,0.0,,,,,,,,,,,
123,45599,,,,,0.0,,,,,,,,,,,
123,45609,,,,,0.0,,,,,,,,,,,
123,45619,,,,,0.0,,,,,,,,,,,
123,45629,,,,,0.0,,,,,,,,,,,
123,45639,,,,,0.0,,,,,,,,,,,
123,45649,,,,,0.0,,,,,,,,,,,
123,45659,,,,,0.0,,,,,,,,,,,
123,45669,,,,,0.0,,,,,,,,,,,
123,45679,,,,,0.0,,,,,,,,,,,
123,45689,,,,,0.0,,,,,,,,,,,
123,45699,,,,,0.0,,,,,,,,,,,
123,45709,,,,,0.0,,,,,,,,,,,
123,45719,,,,,0.0,,,,,,,,,,,
123,45729,,,,,0.0,,,,,,,,,,,
123,45739,,,,,0.0,,,,,,,,,,,
123,45749,,,,,0.0,,,,,,,,,,,
123,123,0.0002959863123849055,78.83208038596158,,,,,,,,,,,,,,
123,45755,,,,,,1.3283439557199017e-06,,,,,,,,,,
124,45759,,,,,0.0,,,,,,,,,,,
124,45769,,,,,0.0,,,,,,,,,,,
124,45779,,,,,0.0,,,,,,,,,,,
124,45789,,,,,0.0,,,,,,,,,,,
124,45799,,,,,0.0,,,,,,,,,,,
124,45809,,,,,0.0,,,,,,,,,,,
124,45819,,,,,0.0,,,,,,,,,,,
124,45829,,,,,0.0,,,,,,,,,,,
124,45839,,,,,0.0,,,,,,,,,,,
124,45849,,,,,0.0,,,,,,,,,,,
124,45859,,,,,0.0,,,,,,,,,,,
124,45869,,,,,0.0,,,,,,,,,,,
124,45879,,,,,0.0,,,,,,,,,,,
124,45889,,,,,0.0,,,,,,,,,,,
124,45899,,,,,0.0,,,,,,,,,,,
124,45909,,,,,0.0,,,,,,,,,,,
124,45919,,,,,0.0,,,,,,,,,,,
124,45929,,,,,0.0,,,,,,,,,,,
124,45939,,,,,0.0,,,,,,,,,,,
124,45949,,,,,0.0,,,,,,,,,,,
124,45959,,,,,0.0,,,,,,,,,,,
124,45969,,,,,0.0,,,,,,,,,,,
124,45979,,,,,0.0,,,,,,,,,,,
124,45989,,,,,0.0,,,,,,,,,,,
124,45999,,,,,0.0,,,,,,,,,,,
124,46009,,,,,0.0,,,,,,,,,,,
124,46019,,,,,0.0,,,,,,,,,,,
124,46029,,,,,0.00015749938029330224,,,,,,,,,,,
124,46039,,,,,0.0,,,,,,,,,,,
124,46049,,,,,0.0,,,,,,,,,,,
124,46059,,,,,0.0,,,,,,,,,,,
124,46069,,,,,0.0,,,,,,,,,,,
124,46079,,,,,0.0,,,,,,,,,,,
124,46089,,,,,0.0,,,,,,,,,,,
124,46099,,,,,0.0,,,,,,,,,,,
124,46109,,,,,0.0,,,,,,,,,,,
124,46119,,,,,0.0,,,,,,,,,,,
124,124,0.0002656695327952178,78.86052500241318,,,,,,,,,,,,,,
124,46124,,,,,,1.1768962622227264e-06,,,,,,,,,,
125,46129,,,,,0.0,,,,,,,,,,,
125,46139,,,,,0.0,,,,,,,,,,,
125,46149,,,,,0.0,,,,,,,,,,,
125,46159,,,,,0.0,,,,,,,,,,,
125,46169,,,,,0.0,,,,,,,,,,,
125,46179,,,,,0.0,,,,,,,,,,,
125,46189,,,,,0.0,,,,,,,,,,,
125,46199,,,,,0.0,,,,,,,,,,,
125,46209,,,,,0.0,,,,,,,,,,,
125,46219,,,,,0.0,,,,,,,,,,,
125,46229,,,,,0.0,,,,,,,,,,,
125,46239,,,,,0.0,,,,,,,,,,,
125,46249,,,,,0.0,,,,,,,,,,,
125,46259,,,,,0.0,,,,,,,,,,,
125,46269,,,,,0.0,,,,,,,,,,,
125,46279,,,,,0.0,,,,,,,,,,,
125,46289,,,,,0.0,,,,,,,,,,,
125,46299,,,,,0.0,,,,,,,,,,,
125,46309,,,,,0.0,,,,,,,,,,,
125,46319,,,,,0.0,,,,,,,,,,,
125,46329,,,,,2.8715057851513848e-05,,,,,,,,,,,
125,46339,,,,,0.0,,,,,,,,,,,
125,46349,,,,,0.0,,,,,,,,,,,
125,46359,,,,,0.0,,,,,,,,,,,
125,46369,,,,,0.0,,,,,,,,,,,
125,46379,,,,,0.0,,,,,,,,,,,
125,46389,,,,,0.0,,,,,,,,,,,
125,46399,,,,,0.0,,,,,,,,,,,
125,46409,,,,,0.0,,,,,,,,,,,
125,46419,,,,,0.0,,,,,,,,,,,
125,46429,,,,,0.0,,,,,,,,,,,
125,46439,,,,,0.0,,,,,,,,,,,
125,46449,,,,,0.0,,,,,,,,,,,
125,46459,,,,,0.0,,,,,,,,,,,
125,46469,,,,,0.0,,,,,,,,,,,
125,46479,,,,,0.0,,,,,,,,,,,
125,46489,,,,,0.0,,,,,,,,,,,
125,125,0.00020712975574406706,78.87760124804785,,,,,,,,,,,,,,
125,46493,,,,,,3.7448091916303383e-07,,,,,,,,,,
126,46499,,,,,0.0,,,,,,,,,,,
126,46509,,,,,0.0,,,,,,,,,,,
126,46519,,,,,0.0,,,,,,,,,,,
126,46529,,,,,0.0,,,,,,,,,,,
126,46539,,,,,0.0,,,,,,,,,,,
126,46549,,,,,0.0,,,,,,,,,,,
126,46559,,,,,0.0,,,,,,,,,,,
126,46569,,,,,0.0,,,,,,,,,,,
126,46579,,,,,0.0,,,,,,,,,,,
126,46589,,,,,0.0,,,,,,,,,,,
126,46599,,,,,0.0,,,,,,,,,,,
126,46609,,,,,0.0,,,,,,,,,,,
126,46619,,,,,0.0,,,,,,,,,,,
126,46629,,,,,0.0,,,,,,,,,,,
126,46639,,,,,0.0,,,,,,,,,,,
126,46649,,,,,0.0,,,,,,,,,,,
126,46659,,,,,0.0,,,,,,,,,,,
126,46669,,,,,0.0,,,,,,,,,,,
126,46679,,,,,0.0,,,,,,,,,,,
126,46689,,,,,0.0,,,,,,,,,,,
126,46699,,,,,0.0,,,,,,,,,,,
126,46709,,,,,0.0,,,,,,,,,,,
126,46719,,,,,0.0,,,,,,,,,,,
126,46729,,,,,1.9749328203033656e-05,,,,,,,,,,,
126,46739,,,,,0.0,,,,,,,,,,,
126,46749,,,,,0.0,,,,,,,,,,,
126,46759,,,,,0.0,,,,,,,,,,,
126,46769,,,,,0.0,,,,,,,,,,,
126,46779,,,,,0.0,,,,,,,,,,,
126,46789,,,,,0.0,,,,,,,,,,,
126,46799,,,,,0.0,,,,,,,,,,,
126,46809,,,,,0.0,,,,,,,,,,,
126,46819,,,,,0.0,,,,,,,,,,,
126,46829,,,,,0.0,,,,,,,,,,,
126,46839,,,,,0.0,,,,,,,,,,,
126,46849,,,,,0.0,,,,,,,,,,,
126,46859,,,,,0.0,,,,,,,,,,,
126,126,6.442340588692337e-05,78.89258743849058,,,,,,,,,,,,,,
126,46862,,,,,,4.3525301407498773e-07,,,,,,,,,,
127,46869,,,,,0.0,,,,,,,,,,,
127,46879,,,,,0.0,,,,,,,,,,,
127,46889,,,,,0.0,,,,,,,,,,,
127,46899,,,,,0.0,,,,,,,,,,,
127,46909,,,,,0.0,,,,,,,,,,,
127,46919,,,,,0.0,,,,,,,,,,,
127,46929,,,,,0.0,,,,,,,,,,,
127,46939,,,,,0.0,,,,,,,,,,,
127,46949,,,,,0.0,,,,,,,,,,,
127,46959,,,,,0.0,,,,,,,,,,,
127,46969,,,,,0.0,,,,,,,,,,,
127,46979,,,,,0.0,,,,,,,,,,,
127,46989,,,,,0.0,,,,,,,,,,,
127,46999,,,,,0.0,,,,,,,,,,,
127,47009,,,,,0.0,,,,,,,,,,,
127,47019,,,,,0.0,,,,,,,,,,,
127,47029,,,,,0.0,,,,,,,,,,,
127,47039,,,,,0.0,,,,,,,,,,,
127,47049,,,,,0.0,,,,,,,,,,,
127,47059,,,,,0.0,,,,,,,,,,,
127,47069,,,,,0.0,,,,,,,,,,,
127,47079,,,,,0.0,,,,,,,,,,,
127,47089,,,,,0.0,,,,,,,,,,,
127,47099,,,,,0.0,,,,,,,,,,,
127,47109,,,,,0.0,,,,,,,,,,,
127,47119,,,,,0.0,,,,,,,,,,,
127,47129,,,,,0.0,,,,,,,,,,,
127,47139,,,,,0.0,,,,,,,,,,,
127,47149,,,,,0.0,,,,,,,,,,,
127,47159,,,,,0.0,,,,,,,,,,,
127,47169,,,,,0.0,,,,,,,,,,,
127,47179,,,,,0.0,,,,,,,,,,,
127,47189,,,,,0.0,,,,,,,,,,,
127,47199,,,,,2.3066028006724082e-05,,,,,,,,,,,
127,47209,,,,,0.0,,,,,,,,,,,
127,47219,,,,,0.0,,,,,,,,,,,
127,47229,,,,,0.0,,,,,,,,,,,
127,127,6.609343635585509e-05,78.91546597595891,,,,,,,,,,,,,,
127,47231,,,,,,5.252754249340796e-07,,,,,,,,,,
128,47239,,,,,0.0,,,,,,,,,,,
128,47249,,,,,0.0,,,,,,,,,,,
128,47259,,,,,0.0,,,,,,,,,,,
128,47269,,,,,0.0,,,,,,,,,,,
128,47279,,,,,0.0,,,,,,,,,,,
128,47289,,,,,0.0,,,,,,,,,,,
128,47299,,,,,0.0,,,,,,,,,,,
128,47309,,,,,0.0,,,,,,,,,,,
128,47319,,,,,0.0,,,,,,,,,,,
128,47329,,,,,0.0,,,,,,,,,,,
128,47339,,,,,0.0,,,,,,,,,,,
128,47349,,,,,0.0,,,,,,,,,,,
128,47359,,,,,0.0,,,,,,,,,,,
128,47369,,,,,0.0,,,,,,,,,,,
128,47379,,,,,0.0,,,,,,,,,,,
128,47389,,,,,0.0,,,,,,,,,,,
128,47399,,,,,0.0,,,,,,,,,,,
128,47409,,,,,0.0,,,,,,,,,,,
128,47419,,,,,0.0,,,,,,,,,,,
128,47429,,,,,0.0,,,,,,,,,,,
128,47439,,,,,0.0,,,,,,,,,,,
128,47449,,,,,0.0,,,,,,,,,,,
128,47459,,,,,0.0,,,,,,,,,,,
128,47469,,,,,0.0,,,,,,,,,,,
128,47479,,,,,0.0,,,,,,,,,,,
128,47489,,,,,0.0,,,,,,,,,,,
128,47499,,,,,0.0,,,,,,,,,,,
128,47509,,,,,0.0,,,,,,,,,,,
128,47519,,,,,0.0,,,,,,,,,,,
128,47529,,,,,0.0,,,,,,,,,,,
128,47539,,,,,0.0,,,,,,,,,,,
128,47549,,,,,0.0,,,,,,,,,,,
128,47559,,,,,0.0,,,,,,,,,,,
128,47569,,,,,0.0,,,,,,,,,,,
128,47579,,,,,0.0,,,,,,,,,,,
128,47589,,,,,0.0,,,,,,,,,,,
128,47599,,,,,0.0,,,,,,,,,,,
128,128,0.0,78.95506575600186,,,,,,,,,,,,,,
128,47600,,,,,,1.8260135448144865e-06,,,,,,,,,,
129,47609,,,,,0.0,,,,,,,,,,,
129,47619,,,,,0.0,,,,,,,,,,,
129,47629,,,,,0.0,,,,,,,,,,,
129,47639,,,,,0.0,,,,,,,,,,,
129,47649,,,,,0.0,,,,,,,,,,,
129,47659,,,,,0.0,,,,,,,,,,,
129,47669,,,,,0.0,,,,,,,,,,,
129,47679,,,,,0.0,,,,,,,,,,,
129,47689,,,,,0.0,,,,,,,,,,,
129,47699,,,,,0.0,,,,,,,,,,,
129,47709,,,,,0.0,,,,,,,,,,,
129,47719,,,,,0.0,,,,,,,,,,,
129,47729,,,,,0.0,,,,,,,,,,,
129,47739,,,,,0.0,,,,,,,,,,,
129,47749,,,,,0.0,,,,,,,,,,,
129,47759,,,,,0.0,,,,,,,,,,,
129,47769,,,,,0.0,,,,,,,,,,,
129,47779,,,,,0.0,,,,,,,,,,,
129,47789,,,,,0.0,,,,,,,,,,,
129,47799,,,,,0.0,,,,,,,,,,,
129,47809,,,,,0.0,,,,,,,,,,,
129,47819,,,,,0.0,,,,,,,,,,,
129,47829,,,,,0.0,,,,,,,,,,,
129,47839,,,,,0.0,,,,,,,,,,,
129,47849,,,,,0.0,,,,,,,,,,,
129,47859,,,,,0.0,,,,,,,,,,,
129,47869,,,,,0.0,,,,,,,,,,,
129,47879,,,,,0.0,,,,,,,,,,,
129,47889,,,,,0.0,,,,,,,,,,,
129,47899,,,,,0.0,,,,,,,,,,,
129,47909,,,,,0.0,,,,,,,,,,,
129,47919,,,,,0.0,,,,,,,,,,,
129,47929,,,,,0.0,,,,,,,,,,,
129,47939,,,,,0.0,,,,,,,,,,,
129,47949,,,,,0.0,,,,,,,,,,,
129,47959,,,,,0.0,,,,,,,,,,,
129,47969,,,,,0.0,,,,,,,,,,,
129,129,,,0.5989063382148743,0.011544207111001015,,,0.0,0.024204416200518608,,0.5957959890365601,,0.01178236585110426,,0.0,,0.025894783437252045
129,47969,,,,,,,,,0.5957959890365601,,0.01178236585110426,,0.0,,0.025894783437252045,
129,129,0.0,78.97739035135857,,,,,,,,,,,,,,
129,47969,,,,,,9.10490825845045e-07,,,,,,,,,,
130,47979,,,,,0.0,,,,,,,,,,,
130,47989,,,,,0.0,,,,,,,,,,,
130,47999,,,,,0.0,,,,,,,,,,,
130,48009,,,,,0.0,,,,,,,,,,,
130,48019,,,,,0.0,,,,,,,,,,,
130,48029,,,,,0.0,,,,,,,,,,,
130,48039,,,,,0.0,,,,,,,,,,,
130,48049,,,,,0.0,,,,,,,,,,,
130,48059,,,,,0.0,,,,,,,,,,,
130,48069,,,,,0.0,,,,,,,,,,,
130,48079,,,,,0.0,,,,,,,,,,,
130,48089,,,,,0.0,,,,,,,,,,,
130,48099,,,,,0.0,,,,,,,,,,,
130,48109,,,,,0.0,,,,,,,,,,,
130,48119,,,,,0.0,,,,,,,,,,,
130,48129,,,,,0.0,,,,,,,,,,,
130,48139,,,,,0.0,,,,,,,,,,,
130,48149,,,,,0.0,,,,,,,,,,,
130,48159,,,,,0.0,,,,,,,,,,,
130,48169,,,,,0.0,,,,,,,,,,,
130,48179,,,,,0.0,,,,,,,,,,,
130,48189,,,,,0.0,,,,,,,,,,,
130,48199,,,,,0.0,,,,,,,,,,,
130,48209,,,,,0.0,,,,,,,,,,,
130,48219,,,,,0.0,,,,,,,,,,,
130,48229,,,,,0.0,,,,,,,,,,,
130,48239,,,,,0.0,,,,,,,,,,,
130,48249,,,,,0.0,,,,,,,,,,,
130,48259,,,,,0.0,,,,,,,,,,,
130,48269,,,,,0.0,,,,,,,,,,,
130,48279,,,,,0.0,,,,,,,,,,,
130,48289,,,,,0.0,,,,,,,,,,,
130,48299,,,,,0.0,,,,,,,,,,,
130,48309,,,,,0.0,,,,,,,,,,,
130,48319,,,,,0.0,,,,,,,,,,,
130,48329,,,,,0.0,,,,,,,,,,,
130,130,0.0,78.9898504875635,,,,,,,,,,,,,,
130,48338,,,,,,4.780928861691791e-07,,,,,,,,,,
131,48339,,,,,0.0,,,,,,,,,,,
131,48349,,,,,0.0,,,,,,,,,,,
131,48359,,,,,0.0,,,,,,,,,,,
131,48369,,,,,0.0,,,,,,,,,,,
131,48379,,,,,0.0,,,,,,,,,,,
131,48389,,,,,0.0,,,,,,,,,,,
131,48399,,,,,0.0,,,,,,,,,,,
131,48409,,,,,0.0,,,,,,,,,,,
131,48419,,,,,0.0,,,,,,,,,,,
131,48429,,,,,0.0,,,,,,,,,,,
131,48439,,,,,0.0,,,,,,,,,,,
131,48449,,,,,0.0,,,,,,,,,,,
131,48459,,,,,0.0,,,,,,,,,,,
131,48469,,,,,0.0,,,,,,,,,,,
131,48479,,,,,0.0,,,,,,,,,,,
131,48489,,,,,0.0,,,,,,,,,,,
131,48499,,,,,0.0,,,,,,,,,,,
131,48509,,,,,0.0,,,,,,,,,,,
131,48519,,,,,0.0,,,,,,,,,,,
131,48529,,,,,0.0,,,,,,,,,,,
131,48539,,,,,0.0,,,,,,,,,,,
131,48549,,,,,0.0,,,,,,,,,,,
131,48559,,,,,0.0,,,,,,,,,,,
131,48569,,,,,0.0,,,,,,,,,,,
131,48579,,,,,0.0,,,,,,,,,,,
131,48589,,,,,0.0,,,,,,,,,,,
131,48599,,,,,0.0,,,,,,,,,,,
131,48609,,,,,0.0,,,,,,,,,,,
131,48619,,,,,0.0,,,,,,,,,,,
131,48629,,,,,0.0,,,,,,,,,,,
131,48639,,,,,0.0,,,,,,,,,,,
131,48649,,,,,0.0,,,,,,,,,,,
131,48659,,,,,0.0,,,,,,,,,,,
131,48669,,,,,0.0,,,,,,,,,,,
131,48679,,,,,0.0,,,,,,,,,,,
131,48689,,,,,0.0,,,,,,,,,,,
131,48699,,,,,0.0,,,,,,,,,,,
131,131,0.0,79.0213385791364,,,,,,,,,,,,,,
131,48707,,,,,,9.506811124992964e-07,,,,,,,,,,
132,48709,,,,,0.0,,,,,,,,,,,
132,48719,,,,,0.0,,,,,,,,,,,
132,48729,,,,,0.0,,,,,,,,,,,
132,48739,,,,,0.0,,,,,,,,,,,
132,48749,,,,,0.0,,,,,,,,,,,
132,48759,,,,,0.0,,,,,,,,,,,
132,48769,,,,,0.0,,,,,,,,,,,
132,48779,,,,,0.0,,,,,,,,,,,
132,48789,,,,,0.0,,,,,,,,,,,
132,48799,,,,,0.0,,,,,,,,,,,
132,48809,,,,,0.0,,,,,,,,,,,
132,48819,,,,,1.734293982735835e-05,,,,,,,,,,,
132,48829,,,,,0.0,,,,,,,,,,,
132,48839,,,,,7.966361590661108e-05,,,,,,,,,,,
132,48849,,,,,0.0,,,,,,,,,,,
132,48859,,,,,0.0,,,,,,,,,,,
132,48869,,,,,0.0,,,,,,,,,,,
132,48879,,,,,0.0,,,,,,,,,,,
132,48889,,,,,0.0,,,,,,,,,,,
132,48899,,,,,0.0,,,,,,,,,,,
132,48909,,,,,0.0,,,,,,,,,,,
132,48919,,,,,0.0,,,,,,,,,,,
132,48929,,,,,0.0,,,,,,,,,,,
132,48939,,,,,0.0,,,,,,,,,,,
132,48949,,,,,0.0,,,,,,,,,,,
132,48959,,,,,0.0,,,,,,,,,,,
132,48969,,,,,0.0,,,,,,,,,,,
132,48979,,,,,0.0,,,,,,,,,,,
132,48989,,,,,0.0,,,,,,,,,,,
132,48999,,,,,0.0,,,,,,,,,,,
132,49009,,,,,0.0,,,,,,,,,,,
132,49019,,,,,0.0,,,,,,,,,,,
132,49029,,,,,0.0,,,,,,,,,,,
132,49039,,,,,0.0,,,,,,,,,,,
132,49049,,,,,0.0,,,,,,,,,,,
132,49059,,,,,0.0,,,,,,,,,,,
132,49069,,,,,0.0,,,,,,,,,,,
132,132,0.00015331387317046988,79.05304967619622,,,,,,,,,,,,,,
132,49076,,,,,,1.522058710179408e-06,,,,,,,,,,
133,49079,,,,,0.0,,,,,,,,,,,
133,49089,,,,,0.0,,,,,,,,,,,
133,49099,,,,,0.0,,,,,,,,,,,
133,49109,,,,,0.0,,,,,,,,,,,
133,49119,,,,,0.0,,,,,,,,,,,
133,49129,,,,,0.0,,,,,,,,,,,
133,49139,,,,,0.0,,,,,,,,,,,
133,49149,,,,,0.0,,,,,,,,,,,
133,49159,,,,,0.0,,,,,,,,,,,
133,49169,,,,,0.0,,,,,,,,,,,
133,49179,,,,,0.0,,,,,,,,,,,
133,49189,,,,,0.0,,,,,,,,,,,
133,49199,,,,,0.0,,,,,,,,,,,
133,49209,,,,,0.0,,,,,,,,,,,
133,49219,,,,,0.0,,,,,,,,,,,
133,49229,,,,,0.0,,,,,,,,,,,
133,49239,,,,,0.0,,,,,,,,,,,
133,49249,,,,,0.0,,,,,,,,,,,
133,49259,,,,,0.0,,,,,,,,,,,
133,49269,,,,,0.0,,,,,,,,,,,
133,49279,,,,,0.0,,,,,,,,,,,
133,49289,,,,,0.0,,,,,,,,,,,
133,49299,,,,,0.0,,,,,,,,,,,
133,49309,,,,,0.0,,,,,,,,,,,
133,49319,,,,,0.0,,,,,,,,,,,
133,49329,,,,,0.0,,,,,,,,,,,
133,49339,,,,,0.0,,,,,,,,,,,
133,49349,,,,,0.0,,,,,,,,,,,
133,49359,,,,,0.0,,,,,,,,,,,
133,49369,,,,,0.0,,,,,,,,,,,
133,49379,,,,,0.0,,,,,,,,,,,
133,49389,,,,,0.0,,,,,,,,,,,
133,49399,,,,,0.0,,,,,,,,,,,
133,49409,,,,,0.0,,,,,,,,,,,
133,49419,,,,,0.0,,,,,,,,,,,
133,49429,,,,,0.0,,,,,,,,,,,
133,49439,,,,,0.0,,,,,,,,,,,
133,133,0.0,79.06454256772948,,,,,,,,,,,,,,
133,49445,,,,,,1.0455849519530602e-07,,,,,,,,,,
134,49449,,,,,0.0,,,,,,,,,,,
134,49459,,,,,0.0,,,,,,,,,,,
134,49469,,,,,0.0,,,,,,,,,,,
134,49479,,,,,0.0,,,,,,,,,,,
134,49489,,,,,0.0,,,,,,,,,,,
134,49499,,,,,0.0,,,,,,,,,,,
134,49509,,,,,0.0,,,,,,,,,,,
134,49519,,,,,0.0,,,,,,,,,,,
134,49529,,,,,0.0,,,,,,,,,,,
134,49539,,,,,0.0,,,,,,,,,,,
134,49549,,,,,0.0,,,,,,,,,,,
134,49559,,,,,0.0,,,,,,,,,,,
134,49569,,,,,0.0,,,,,,,,,,,
134,49579,,,,,0.0,,,,,,,,,,,
134,49589,,,,,0.0,,,,,,,,,,,
134,49599,,,,,0.0,,,,,,,,,,,
134,49609,,,,,0.0,,,,,,,,,,,
134,49619,,,,,0.0,,,,,,,,,,,
134,49629,,,,,0.0,,,,,,,,,,,
134,49639,,,,,0.0,,,,,,,,,,,
134,49649,,,,,0.0,,,,,,,,,,,
134,49659,,,,,0.0,,,,,,,,,,,
134,49669,,,,,0.0,,,,,,,,,,,
134,49679,,,,,0.0,,,,,,,,,,,
134,49689,,,,,0.0,,,,,,,,,,,
134,49699,,,,,0.0,,,,,,,,,,,
134,49709,,,,,9.821280400501564e-06,,,,,,,,,,,
134,49719,,,,,0.0,,,,,,,,,,,
134,49729,,,,,0.0,,,,,,,,,,,
134,49739,,,,,0.0,,,,,,,,,,,
134,49749,,,,,0.0,,,,,,,,,,,
134,49759,,,,,0.0,,,,,,,,,,,
134,49769,,,,,0.0,,,,,,,,,,,
134,49779,,,,,0.0,,,,,,,,,,,
134,49789,,,,,0.0,,,,,,,,,,,
134,49799,,,,,0.0,,,,,,,,,,,
134,49809,,,,,0.0,,,,,,,,,,,
134,134,6.234111786888722e-05,79.07811607922271,,,,,,,,,,,,,,
134,49814,,,,,,1.3537422205445182e-07,,,,,,,,,,
135,49819,,,,,0.0,,,,,,,,,,,
135,49829,,,,,0.0,,,,,,,,,,,
135,49839,,,,,0.0,,,,,,,,,,,
135,49849,,,,,0.0,,,,,,,,,,,
135,49859,,,,,0.0,,,,,,,,,,,
135,49869,,,,,0.0,,,,,,,,,,,
135,49879,,,,,0.0,,,,,,,,,,,
135,49889,,,,,0.0,,,,,,,,,,,
135,49899,,,,,0.0,,,,,,,,,,,
135,49909,,,,,0.0,,,,,,,,,,,
135,49919,,,,,0.0,,,,,,,,,,,
135,49929,,,,,0.0,,,,,,,,,,,
135,49939,,,,,0.0,,,,,,,,,,,
135,49949,,,,,0.0,,,,,,,,,,,
135,49959,,,,,0.0,,,,,,,,,,,
135,49969,,,,,0.0,,,,,,,,,,,
135,49979,,,,,0.0,,,,,,,,,,,
135,49989,,,,,0.0,,,,,,,,,,,
135,49999,,,,,0.0,,,,,,,,,,,
135,50009,,,,,0.0,,,,,,,,,,,
135,50019,,,,,0.0,,,,,,,,,,,
135,50029,,,,,0.0,,,,,,,,,,,
135,50039,,,,,0.0,,,,,,,,,,,
135,50049,,,,,0.0,,,,,,,,,,,
135,50059,,,,,0.0,,,,,,,,,,,
135,50069,,,,,0.0,,,,,,,,,,,
135,50079,,,,,0.0,,,,,,,,,,,
135,50089,,,,,0.0,,,,,,,,,,,
135,50099,,,,,0.0,,,,,,,,,,,
135,50109,,,,,0.0,,,,,,,,,,,
135,50119,,,,,0.0,,,,,,,,,,,
135,50129,,,,,0.0,,,,,,,,,,,
135,50139,,,,,0.0,,,,,,,,,,,
135,50149,,,,,0.0,,,,,,,,,,,
135,50159,,,,,0.0,,,,,,,,,,,
135,50169,,,,,0.0,,,,,,,,,,,
135,50179,,,,,0.0,,,,,,,,,,,
135,135,0.0,79.09650763702679,,,,,,,,,,,,,,
135,50183,,,,,,3.500181833260285e-07,,,,,,,,,,
136,50189,,,,,0.0,,,,,,,,,,,
136,50199,,,,,0.0,,,,,,,,,,,
136,50209,,,,,0.0,,,,,,,,,,,
136,50219,,,,,0.0,,,,,,,,,,,
136,50229,,,,,0.0,,,,,,,,,,,
136,50239,,,,,0.0,,,,,,,,,,,
136,50249,,,,,0.0,,,,,,,,,,,
136,50259,,,,,0.0,,,,,,,,,,,
136,50269,,,,,0.0,,,,,,,,,,,
136,50279,,,,,0.0,,,,,,,,,,,
136,50289,,,,,0.0,,,,,,,,,,,
136,50299,,,,,0.0,,,,,,,,,,,
136,50309,,,,,0.0,,,,,,,,,,,
136,50319,,,,,0.0,,,,,,,,,,,
136,50329,,,,,0.0,,,,,,,,,,,
136,50339,,,,,0.0,,,,,,,,,,,
136,50349,,,,,0.0,,,,,,,,,,,
136,50359,,,,,0.0,,,,,,,,,,,
136,50369,,,,,0.0,,,,,,,,,,,
136,50379,,,,,0.0,,,,,,,,,,,
136,50389,,,,,0.0,,,,,,,,,,,
136,50399,,,,,0.0,,,,,,,,,,,
136,50409,,,,,0.0,,,,,,,,,,,
136,50419,,,,,0.0,,,,,,,,,,,
136,50429,,,,,0.0,,,,,,,,,,,
136,50439,,,,,0.0,,,,,,,,,,,
136,50449,,,,,0.0,,,,,,,,,,,
136,50459,,,,,0.0,,,,,,,,,,,
136,50469,,,,,0.0,,,,,,,,,,,
136,50479,,,,,0.0,,,,,,,,,,,
136,50489,,,,,0.0,,,,,,,,,,,
136,50499,,,,,0.0,,,,,,,,,,,
136,50509,,,,,0.0,,,,,,,,,,,
136,50519,,,,,0.0,,,,,,,,,,,
136,50529,,,,,0.0,,,,,,,,,,,
136,50539,,,,,0.0,,,,,,,,,,,
136,50549,,,,,0.0,,,,,,,,,,,
136,136,0.0,79.1054079308046,,,,,,,,,,,,,,
136,50552,,,,,,1.8330588602566422e-07,,,,,,,,,,
137,50559,,,,,0.0,,,,,,,,,,,
137,50569,,,,,0.0,,,,,,,,,,,
137,50579,,,,,0.0,,,,,,,,,,,
137,50589,,,,,0.0,,,,,,,,,,,
137,50599,,,,,0.0,,,,,,,,,,,
137,50609,,,,,0.0,,,,,,,,,,,
137,50619,,,,,0.0,,,,,,,,,,,
137,50629,,,,,0.0,,,,,,,,,,,
137,50639,,,,,0.0,,,,,,,,,,,
137,50649,,,,,0.0,,,,,,,,,,,
137,50659,,,,,0.0,,,,,,,,,,,
137,50669,,,,,0.0,,,,,,,,,,,
137,50679,,,,,0.0,,,,,,,,,,,
137,50689,,,,,0.0,,,,,,,,,,,
137,50699,,,,,0.0,,,,,,,,,,,
137,50709,,,,,3.448054030741332e-06,,,,,,,,,,,
137,50719,,,,,0.0,,,,,,,,,,,
137,50729,,,,,0.0,,,,,,,,,,,
137,50739,,,,,0.0,,,,,,,,,,,
137,50749,,,,,0.0,,,,,,,,,,,
137,50759,,,,,0.0,,,,,,,,,,,
137,50769,,,,,0.0,,,,,,,,,,,
137,50779,,,,,0.0,,,,,,,,,,,
137,50789,,,,,0.0,,,,,,,,,,,
137,50799,,,,,0.0,,,,,,,,,,,
137,50809,,,,,0.0,,,,,,,,,,,
137,50819,,,,,0.0,,,,,,,,,,,
137,50829,,,,,0.0,,,,,,,,,,,
137,50839,,,,,0.0,,,,,,,,,,,
137,50849,,,,,0.0,,,,,,,,,,,
137,50859,,,,,0.0,,,,,,,,,,,
137,50869,,,,,0.0,,,,,,,,,,,
137,50879,,,,,0.0,,,,,,,,,,,
137,50889,,,,,0.0,,,,,,,,,,,
137,50899,,,,,0.0,,,,,,,,,,,
137,50909,,,,,0.0,,,,,,,,,,,
137,50919,,,,,0.0,,,,,,,,,,,
137,137,0.0001373140671604122,79.1349939033382,,,,,,,,,,,,,,
137,50921,,,,,,8.456337923234969e-07,,,,,,,,,,
138,50929,,,,,0.0,,,,,,,,,,,
138,50939,,,,,0.0,,,,,,,,,,,
138,50949,,,,,0.0,,,,,,,,,,,
138,50959,,,,,0.0,,,,,,,,,,,
138,50969,,,,,0.0,,,,,,,,,,,
138,50979,,,,,0.0,,,,,,,,,,,
138,50989,,,,,0.0,,,,,,,,,,,
138,50999,,,,,0.0,,,,,,,,,,,
138,51009,,,,,0.0,,,,,,,,,,,
138,51019,,,,,0.0,,,,,,,,,,,
138,51029,,,,,0.0,,,,,,,,,,,
138,51039,,,,,0.0,,,,,,,,,,,
138,51049,,,,,0.0,,,,,,,,,,,
138,51059,,,,,0.0,,,,,,,,,,,
138,51069,,,,,0.0,,,,,,,,,,,
138,51079,,,,,0.0,,,,,,,,,,,
138,51089,,,,,0.0,,,,,,,,,,,
138,51099,,,,,0.0,,,,,,,,,,,
138,51109,,,,,0.0,,,,,,,,,,,
138,51119,,,,,0.0,,,,,,,,,,,
138,51129,,,,,0.0,,,,,,,,,,,
138,51139,,,,,0.0,,,,,,,,,,,
138,51149,,,,,0.0,,,,,,,,,,,
138,51159,,,,,0.0,,,,,,,,,,,
138,51169,,,,,0.0,,,,,,,,,,,
138,51179,,,,,0.0,,,,,,,,,,,
138,51189,,,,,0.0,,,,,,,,,,,
138,51199,,,,,0.0,,,,,,,,,,,
138,51209,,,,,0.0,,,,,,,,,,,
138,51219,,,,,0.0,,,,,,,,,,,
138,51229,,,,,0.0,,,,,,,,,,,
138,51239,,,,,0.0,,,,,,,,,,,
138,51249,,,,,0.0,,,,,,,,,,,
138,51259,,,,,0.0,,,,,,,,,,,
138,51269,,,,,0.0,,,,,,,,,,,
138,51279,,,,,0.0,,,,,,,,,,,
138,51289,,,,,0.0,,,,,,,,,,,
138,138,0.0,79.15918488075931,,,,,,,,,,,,,,
138,51290,,,,,,6.527859568450367e-07,,,,,,,,,,
139,51299,,,,,0.0,,,,,,,,,,,
139,51309,,,,,0.0,,,,,,,,,,,
139,51319,,,,,0.0,,,,,,,,,,,
139,51329,,,,,0.0,,,,,,,,,,,
139,51339,,,,,0.0,,,,,,,,,,,
139,51349,,,,,0.0,,,,,,,,,,,
139,51359,,,,,0.0,,,,,,,,,,,
139,51369,,,,,0.0,,,,,,,,,,,
139,51379,,,,,0.0,,,,,,,,,,,
139,51389,,,,,0.0,,,,,,,,,,,
139,51399,,,,,0.0,,,,,,,,,,,
139,51409,,,,,0.0,,,,,,,,,,,
139,51419,,,,,0.0,,,,,,,,,,,
139,51429,,,,,0.0,,,,,,,,,,,
139,51439,,,,,0.0,,,,,,,,,,,
139,51449,,,,,0.0,,,,,,,,,,,
139,51459,,,,,0.0,,,,,,,,,,,
139,51469,,,,,0.0,,,,,,,,,,,
139,51479,,,,,0.0,,,,,,,,,,,
139,51489,,,,,0.0,,,,,,,,,,,
139,51499,,,,,0.0,,,,,,,,,,,
139,51509,,,,,0.0,,,,,,,,,,,
139,51519,,,,,0.0,,,,,,,,,,,
139,51529,,,,,0.0,,,,,,,,,,,
139,51539,,,,,0.0,,,,,,,,,,,
139,51549,,,,,0.0,,,,,,,,,,,
139,51559,,,,,0.0,,,,,,,,,,,
139,51569,,,,,0.0,,,,,,,,,,,
139,51579,,,,,0.0,,,,,,,,,,,
139,51589,,,,,0.0,,,,,,,,,,,
139,51599,,,,,0.0,,,,,,,,,,,
139,51609,,,,,0.0,,,,,,,,,,,
139,51619,,,,,0.0,,,,,,,,,,,
139,51629,,,,,0.0,,,,,,,,,,,
139,51639,,,,,0.0,,,,,,,,,,,
139,51649,,,,,0.0,,,,,,,,,,,
139,51659,,,,,0.0,,,,,,,,,,,
139,139,,,0.5832937955856323,0.010745461098849773,,,0.0,0.02629832923412323,,0.5876674056053162,,0.010838800109922886,,1.2335320580889367e-06,,0.028926707804203033
139,51659,,,,,,,,,0.5876674056053162,,0.010838800109922886,,1.2335320889178547e-06,,0.028926707804203033,
139,139,0.0,79.18068919491456,,,,,,,,,,,,,,
139,51659,,,,,,5.490371108862746e-07,,,,,,,,,,
140,51669,,,,,0.0,,,,,,,,,,,
140,51679,,,,,0.0,,,,,,,,,,,
140,51689,,,,,0.0,,,,,,,,,,,
140,51699,,,,,0.0,,,,,,,,,,,
140,51709,,,,,0.0,,,,,,,,,,,
140,51719,,,,,0.0,,,,,,,,,,,
140,51729,,,,,0.0,,,,,,,,,,,
140,51739,,,,,0.0,,,,,,,,,,,
140,51749,,,,,0.0,,,,,,,,,,,
140,51759,,,,,0.0,,,,,,,,,,,
140,51769,,,,,0.0,,,,,,,,,,,
140,51779,,,,,0.0,,,,,,,,,,,
140,51789,,,,,0.0,,,,,,,,,,,
140,51799,,,,,0.0,,,,,,,,,,,
140,51809,,,,,0.0,,,,,,,,,,,
140,51819,,,,,0.0,,,,,,,,,,,
140,51829,,,,,0.0,,,,,,,,,,,
140,51839,,,,,0.0,,,,,,,,,,,
140,51849,,,,,0.0,,,,,,,,,,,
140,51859,,,,,0.0,,,,,,,,,,,
140,51869,,,,,0.0,,,,,,,,,,,
140,51879,,,,,0.0,,,,,,,,,,,
140,51889,,,,,0.0,,,,,,,,,,,
140,51899,,,,,0.0,,,,,,,,,,,
140,51909,,,,,0.0,,,,,,,,,,,
140,51919,,,,,0.0,,,,,,,,,,,
140,51929,,,,,0.0,,,,,,,,,,,
140,51939,,,,,0.0,,,,,,,,,,,
140,51949,,,,,0.0,,,,,,,,,,,
140,51959,,,,,0.0,,,,,,,,,,,
140,51969,,,,,0.0,,,,,,,,,,,
140,51979,,,,,0.0,,,,,,,,,,,
140,51989,,,,,0.0,,,,,,,,,,,
140,51999,,,,,0.0,,,,,,,,,,,
140,52009,,,,,0.0,,,,,,,,,,,
140,52019,,,,,0.0,,,,,,,,,,,
140,140,0.0,79.20806986232387,,,,,,,,,,,,,,
140,52028,,,,,,7.972739126671513e-07,,,,,,,,,,
141,52029,,,,,0.0,,,,,,,,,,,
141,52039,,,,,0.0,,,,,,,,,,,
141,52049,,,,,0.0,,,,,,,,,,,
141,52059,,,,,0.0,,,,,,,,,,,
141,52069,,,,,0.0,,,,,,,,,,,
141,52079,,,,,0.0,,,,,,,,,,,
141,52089,,,,,0.0,,,,,,,,,,,
141,52099,,,,,0.0,,,,,,,,,,,
141,52109,,,,,0.0,,,,,,,,,,,
141,52119,,,,,0.0,,,,,,,,,,,
141,52129,,,,,0.0,,,,,,,,,,,
141,52139,,,,,0.0,,,,,,,,,,,
141,52149,,,,,0.0,,,,,,,,,,,
141,52159,,,,,0.0,,,,,,,,,,,
141,52169,,,,,0.0,,,,,,,,,,,
141,52179,,,,,0.0,,,,,,,,,,,
141,52189,,,,,0.0,,,,,,,,,,,
141,52199,,,,,0.0,,,,,,,,,,,
141,52209,,,,,0.0,,,,,,,,,,,
141,52219,,,,,0.0,,,,,,,,,,,
141,52229,,,,,6.123110324551817e-06,,,,,,,,,,,
141,52239,,,,,0.0,,,,,,,,,,,
141,52249,,,,,0.0,,,,,,,,,,,
141,52259,,,,,0.0,,,,,,,,,,,
141,52269,,,,,0.0,,,,,,,,,,,
141,52279,,,,,9.159959881799296e-05,,,,,,,,,,,
141,52289,,,,,0.0,,,,,,,,,,,
141,52299,,,,,0.0,,,,,,,,,,,
141,52309,,,,,0.0,,,,,,,,,,,
141,52319,,,,,0.0,,,,,,,,,,,
141,52329,,,,,0.0,,,,,,,,,,,
141,52339,,,,,0.0,,,,,,,,,,,
141,52349,,,,,0.0,,,,,,,,,,,
141,52359,,,,,0.0,,,,,,,,,,,
141,52369,,,,,0.0,,,,,,,,,,,
141,52379,,,,,0.0,,,,,,,,,,,
141,52389,,,,,0.0,,,,,,,,,,,
141,141,0.00017358660161216489,79.22374926761826,,,,,,,,,,,,,,
141,52397,,,,,,4.426775603860733e-07,,,,,,,,,,
142,52399,,,,,0.0,,,,,,,,,,,
142,52409,,,,,0.0,,,,,,,,,,,
142,52419,,,,,0.0,,,,,,,,,,,
142,52429,,,,,0.0,,,,,,,,,,,
142,52439,,,,,0.0,,,,,,,,,,,
142,52449,,,,,0.0,,,,,,,,,,,
142,52459,,,,,0.0,,,,,,,,,,,
142,52469,,,,,0.0,,,,,,,,,,,
142,52479,,,,,0.0,,,,,,,,,,,
142,52489,,,,,0.0,,,,,,,,,,,
142,52499,,,,,0.0,,,,,,,,,,,
142,52509,,,,,0.0,,,,,,,,,,,
142,52519,,,,,0.0,,,,,,,,,,,
142,52529,,,,,0.0,,,,,,,,,,,
142,52539,,,,,0.0,,,,,,,,,,,
142,52549,,,,,0.0,,,,,,,,,,,
142,52559,,,,,0.0,,,,,,,,,,,
142,52569,,,,,0.0,,,,,,,,,,,
142,52579,,,,,0.0,,,,,,,,,,,
142,52589,,,,,0.0,,,,,,,,,,,
142,52599,,,,,0.0,,,,,,,,,,,
142,52609,,,,,0.0,,,,,,,,,,,
142,52619,,,,,0.0,,,,,,,,,,,
142,52629,,,,,0.0,,,,,,,,,,,
142,52639,,,,,0.0,,,,,,,,,,,
142,52649,,,,,0.0,,,,,,,,,,,
142,52659,,,,,0.0,,,,,,,,,,,
142,52669,,,,,0.0,,,,,,,,,,,
142,52679,,,,,0.0,,,,,,,,,,,
142,52689,,,,,0.0,,,,,,,,,,,
142,52699,,,,,0.0,,,,,,,,,,,
142,52709,,,,,0.0,,,,,,,,,,,
142,52719,,,,,0.0,,,,,,,,,,,
142,52729,,,,,0.0,,,,,,,,,,,
142,52739,,,,,0.0,,,,,,,,,,,
142,52749,,,,,0.0,,,,,,,,,,,
142,52759,,,,,0.0,,,,,,,,,,,
142,142,0.0,79.2307788355302,,,,,,,,,,,,,,
142,52766,,,,,,9.567837366830645e-08,,,,,,,,,,
143,52769,,,,,0.0,,,,,,,,,,,
143,52779,,,,,0.0,,,,,,,,,,,
143,52789,,,,,0.0,,,,,,,,,,,
143,52799,,,,,0.0,,,,,,,,,,,
143,52809,,,,,0.0,,,,,,,,,,,
143,52819,,,,,2.2509768314193934e-05,,,,,,,,,,,
143,52829,,,,,0.0,,,,,,,,,,,
143,52839,,,,,0.0,,,,,,,,,,,
143,52849,,,,,0.0,,,,,,,,,,,
143,52859,,,,,0.0,,,,,,,,,,,
143,52869,,,,,0.0,,,,,,,,,,,
143,52879,,,,,0.0,,,,,,,,,,,
143,52889,,,,,0.0,,,,,,,,,,,
143,52899,,,,,0.0,,,,,,,,,,,
143,52909,,,,,0.0,,,,,,,,,,,
143,52919,,,,,0.0,,,,,,,,,,,
143,52929,,,,,0.0,,,,,,,,,,,
143,52939,,,,,0.0,,,,,,,,,,,
143,52949,,,,,0.0,,,,,,,,,,,
143,52959,,,,,0.0,,,,,,,,,,,
143,52969,,,,,0.0,,,,,,,,,,,
143,52979,,,,,0.0,,,,,,,,,,,
143,52989,,,,,0.0,,,,,,,,,,,
143,52999,,,,,0.0,,,,,,,,,,,
143,53009,,,,,0.0,,,,,,,,,,,
143,53019,,,,,0.0,,,,,,,,,,,
143,53029,,,,,0.0,,,,,,,,,,,
143,53039,,,,,0.0,,,,,,,,,,,
143,53049,,,,,0.0,,,,,,,,,,,
143,53059,,,,,0.0,,,,,,,,,,,
143,53069,,,,,0.0,,,,,,,,,,,
143,53079,,,,,0.0,,,,,,,,,,,
143,53089,,,,,0.00016387893992941827,,,,,,,,,,,
143,53099,,,,,0.0,,,,,,,,,,,
143,53109,,,,,0.0,,,,,,,,,,,
143,53119,,,,,0.0,,,,,,,,,,,
143,53129,,,,,0.0,,,,,,,,,,,
143,143,0.0003682125062397982,79.2865621672272,,,,,,,,,,,,,,
143,53135,,,,,,1.535136334496201e-06,,,,,,,,,,
144,53139,,,,,0.0,,,,,,,,,,,
144,53149,,,,,0.0,,,,,,,,,,,
144,53159,,,,,0.0,,,,,,,,,,,
144,53169,,,,,0.0,,,,,,,,,,,
144,53179,,,,,0.0,,,,,,,,,,,
144,53189,,,,,0.0,,,,,,,,,,,
144,53199,,,,,0.0,,,,,,,,,,,
144,53209,,,,,0.0,,,,,,,,,,,
144,53219,,,,,0.0,,,,,,,,,,,
144,53229,,,,,0.0,,,,,,,,,,,
144,53239,,,,,0.0,,,,,,,,,,,
144,53249,,,,,0.0,,,,,,,,,,,
144,53259,,,,,0.0,,,,,,,,,,,
144,53269,,,,,0.0,,,,,,,,,,,
144,53279,,,,,0.0,,,,,,,,,,,
144,53289,,,,,0.0,,,,,,,,,,,
144,53299,,,,,0.0,,,,,,,,,,,
144,53309,,,,,0.0,,,,,,,,,,,
144,53319,,,,,0.0,,,,,,,,,,,
144,53329,,,,,0.0,,,,,,,,,,,
144,53339,,,,,0.0,,,,,,,,,,,
144,53349,,,,,0.0,,,,,,,,,,,
144,53359,,,,,0.0,,,,,,,,,,,
144,53369,,,,,0.0,,,,,,,,,,,
144,53379,,,,,0.0,,,,,,,,,,,
144,53389,,,,,0.0,,,,,,,,,,,
144,53399,,,,,0.0,,,,,,,,,,,
144,53409,,,,,0.0,,,,,,,,,,,
144,53419,,,,,0.0,,,,,,,,,,,
144,53429,,,,,0.0,,,,,,,,,,,
144,53439,,,,,0.0,,,,,,,,,,,
144,53449,,,,,0.0,,,,,,,,,,,
144,53459,,,,,0.0,,,,,,,,,,,
144,53469,,,,,0.0,,,,,,,,,,,
144,53479,,,,,0.0,,,,,,,,,,,
144,53489,,,,,0.0,,,,,,,,,,,
144,53499,,,,,0.0,,,,,,,,,,,
144,144,0.0,79.31069192906037,,,,,,,,,,,,,,
144,53504,,,,,,9.25400854612235e-07,,,,,,,,,,
145,53509,,,,,0.0,,,,,,,,,,,
145,53519,,,,,0.0,,,,,,,,,,,
145,53529,,,,,0.0,,,,,,,,,,,
145,53539,,,,,0.0,,,,,,,,,,,
145,53549,,,,,0.0,,,,,,,,,,,
145,53559,,,,,0.0,,,,,,,,,,,
145,53569,,,,,0.0,,,,,,,,,,,
145,53579,,,,,0.0,,,,,,,,,,,
145,53589,,,,,0.0,,,,,,,,,,,
145,53599,,,,,0.0,,,,,,,,,,,
145,53609,,,,,0.0,,,,,,,,,,,
145,53619,,,,,0.0,,,,,,,,,,,
145,53629,,,,,0.0,,,,,,,,,,,
145,53639,,,,,8.60034633660689e-05,,,,,,,,,,,
145,53649,,,,,0.0,,,,,,,,,,,
145,53659,,,,,0.0,,,,,,,,,,,
145,53669,,,,,0.0,,,,,,,,,,,
145,53679,,,,,0.0,,,,,,,,,,,
145,53689,,,,,0.0,,,,,,,,,,,
145,53699,,,,,0.0,,,,,,,,,,,
145,53709,,,,,0.0,,,,,,,,,,,
145,53719,,,,,0.0,,,,,,,,,,,
145,53729,,,,,0.0,,,,,,,,,,,
145,53739,,,,,0.0,,,,,,,,,,,
145,53749,,,,,0.0,,,,,,,,,,,
145,53759,,,,,0.0,,,,,,,,,,,
145,53769,,,,,0.0,,,,,,,,,,,
145,53779,,,,,0.0,,,,,,,,,,,
145,53789,,,,,0.0,,,,,,,,,,,
145,53799,,,,,0.0,,,,,,,,,,,
145,53809,,,,,0.0,,,,,,,,,,,
145,53819,,,,,0.0,,,,,,,,,,,
145,53829,,,,,0.0,,,,,,,,,,,
145,53839,,,,,0.0,,,,,,,,,,,
145,53849,,,,,0.0,,,,,,,,,,,
145,53859,,,,,0.0,,,,,,,,,,,
145,53869,,,,,0.0,,,,,,,,,,,
145,145,8.954925116575022e-05,79.33590056838618,,,,,,,,,,,,,,
145,53873,,,,,,8.715628041500167e-07,,,,,,,,,,
146,53879,,,,,0.0,,,,,,,,,,,
146,53889,,,,,0.0,,,,,,,,,,,
146,53899,,,,,0.0,,,,,,,,,,,
146,53909,,,,,0.0,,,,,,,,,,,
146,53919,,,,,2.6575848096399568e-05,,,,,,,,,,,
146,53929,,,,,0.0,,,,,,,,,,,
146,53939,,,,,0.0,,,,,,,,,,,
146,53949,,,,,0.0,,,,,,,,,,,
146,53959,,,,,0.0,,,,,,,,,,,
146,53969,,,,,0.0,,,,,,,,,,,
146,53979,,,,,0.0,,,,,,,,,,,
146,53989,,,,,0.0,,,,,,,,,,,
146,53999,,,,,0.0,,,,,,,,,,,
146,54009,,,,,0.0,,,,,,,,,,,
146,54019,,,,,0.0,,,,,,,,,,,
146,54029,,,,,0.0,,,,,,,,,,,
146,54039,,,,,0.0,,,,,,,,,,,
146,54049,,,,,0.0,,,,,,,,,,,
146,54059,,,,,0.0,,,,,,,,,,,
146,54069,,,,,0.0,,,,,,,,,,,
146,54079,,,,,0.0,,,,,,,,,,,
146,54089,,,,,0.0,,,,,,,,,,,
146,54099,,,,,0.0,,,,,,,,,,,
146,54109,,,,,0.0,,,,,,,,,,,
146,54119,,,,,0.0,,,,,,,,,,,
146,54129,,,,,0.0,,,,,,,,,,,
146,54139,,,,,0.0,,,,,,,,,,,
146,54149,,,,,0.0,,,,,,,,,,,
146,54159,,,,,0.0,,,,,,,,,,,
146,54169,,,,,0.0,,,,,,,,,,,
146,54179,,,,,0.0,,,,,,,,,,,
146,54189,,,,,0.0,,,,,,,,,,,
146,54199,,,,,0.0,,,,,,,,,,,
146,54209,,,,,0.0,,,,,,,,,,,
146,54219,,,,,0.0,,,,,,,,,,,
146,54229,,,,,0.0,,,,,,,,,,,
146,54239,,,,,0.0,,,,,,,,,,,
146,146,0.0002413085798497425,79.36600278640178,,,,,,,,,,,,,,
146,54242,,,,,,4.074766764006199e-07,,,,,,,,,,
147,54249,,,,,0.0,,,,,,,,,,,
147,54259,,,,,0.0,,,,,,,,,,,
147,54269,,,,,0.0,,,,,,,,,,,
147,54279,,,,,0.0,,,,,,,,,,,
147,54289,,,,,0.0,,,,,,,,,,,
147,54299,,,,,0.0,,,,,,,,,,,
147,54309,,,,,0.0,,,,,,,,,,,
147,54319,,,,,0.0,,,,,,,,,,,
147,54329,,,,,0.0,,,,,,,,,,,
147,54339,,,,,0.0,,,,,,,,,,,
147,54349,,,,,0.0,,,,,,,,,,,
147,54359,,,,,0.0,,,,,,,,,,,
147,54369,,,,,0.0,,,,,,,,,,,
147,54379,,,,,0.0,,,,,,,,,,,
147,54389,,,,,0.0,,,,,,,,,,,
147,54399,,,,,0.0,,,,,,,,,,,
147,54409,,,,,0.0,,,,,,,,,,,
147,54419,,,,,0.0,,,,,,,,,,,
147,54429,,,,,0.0,,,,,,,,,,,
147,54439,,,,,0.0,,,,,,,,,,,
147,54449,,,,,0.0,,,,,,,,,,,
147,54459,,,,,0.0,,,,,,,,,,,
147,54469,,,,,0.0,,,,,,,,,,,
147,54479,,,,,0.0,,,,,,,,,,,
147,54489,,,,,0.0,,,,,,,,,,,
147,54499,,,,,0.0,,,,,,,,,,,
147,54509,,,,,0.0,,,,,,,,,,,
147,54519,,,,,0.0,,,,,,,,,,,
147,54529,,,,,0.0,,,,,,,,,,,
147,54539,,,,,0.0,,,,,,,,,,,
147,54549,,,,,0.0,,,,,,,,,,,
147,54559,,,,,0.0,,,,,,,,,,,
147,54569,,,,,0.0,,,,,,,,,,,
147,54579,,,,,0.0,,,,,,,,,,,
147,54589,,,,,0.0,,,,,,,,,,,
147,54599,,,,,0.0,,,,,,,,,,,
147,54609,,,,,0.0,,,,,,,,,,,
147,147,0.0,79.36600278640178,,,,,,,,,,,,,,
147,54611,,,,,,0.0,,,,,,,,,,
148,54619,,,,,0.0,,,,,,,,,,,
148,54629,,,,,0.0,,,,,,,,,,,
148,54639,,,,,0.0,,,,,,,,,,,
148,54649,,,,,0.0,,,,,,,,,,,
148,54659,,,,,0.0,,,,,,,,,,,
148,54669,,,,,0.0,,,,,,,,,,,
148,54679,,,,,0.0,,,,,,,,,,,
148,54689,,,,,0.0,,,,,,,,,,,
148,54699,,,,,0.0,,,,,,,,,,,
148,54709,,,,,0.0,,,,,,,,,,,
148,54719,,,,,0.0,,,,,,,,,,,
148,54729,,,,,0.0,,,,,,,,,,,
148,54739,,,,,0.0,,,,,,,,,,,
148,54749,,,,,0.0,,,,,,,,,,,
148,54759,,,,,0.0,,,,,,,,,,,
148,54769,,,,,0.0,,,,,,,,,,,
148,54779,,,,,0.0,,,,,,,,,,,
148,54789,,,,,0.0,,,,,,,,,,,
148,54799,,,,,0.0,,,,,,,,,,,
148,54809,,,,,0.0,,,,,,,,,,,
148,54819,,,,,0.0,,,,,,,,,,,
148,54829,,,,,0.0,,,,,,,,,,,
148,54839,,,,,0.0,,,,,,,,,,,
148,54849,,,,,0.0,,,,,,,,,,,
148,54859,,,,,0.0,,,,,,,,,,,
148,54869,,,,,0.0,,,,,,,,,,,
148,54879,,,,,0.0,,,,,,,,,,,
148,54889,,,,,0.0,,,,,,,,,,,
148,54899,,,,,0.0,,,,,,,,,,,
148,54909,,,,,0.0,,,,,,,,,,,
148,54919,,,,,0.0,,,,,,,,,,,
148,54929,,,,,0.0,,,,,,,,,,,
148,54939,,,,,0.0,,,,,,,,,,,
148,54949,,,,,0.0,,,,,,,,,,,
148,54959,,,,,0.0,,,,,,,,,,,
148,54969,,,,,0.0,,,,,,,,,,,
148,54979,,,,,0.0,,,,,,,,,,,
148,148,0.0,79.38353583509117,,,,,,,,,,,,,,
148,54980,,,,,,8.197293936973438e-07,,,,,,,,,,
149,54989,,,,,0.0,,,,,,,,,,,
149,54999,,,,,0.0,,,,,,,,,,,
149,55009,,,,,0.0,,,,,,,,,,,
149,55019,,,,,0.0,,,,,,,,,,,
149,55029,,,,,0.0,,,,,,,,,,,
149,55039,,,,,0.0,,,,,,,,,,,
149,55049,,,,,0.0,,,,,,,,,,,
149,55059,,,,,0.0,,,,,,,,,,,
149,55069,,,,,0.0,,,,,,,,,,,
149,55079,,,,,0.0,,,,,,,,,,,
149,55089,,,,,0.0,,,,,,,,,,,
149,55099,,,,,0.0,,,,,,,,,,,
149,55109,,,,,0.0,,,,,,,,,,,
149,55119,,,,,0.0,,,,,,,,,,,
149,55129,,,,,0.0,,,,,,,,,,,
149,55139,,,,,0.0,,,,,,,,,,,
149,55149,,,,,0.0,,,,,,,,,,,
149,55159,,,,,0.0,,,,,,,,,,,
149,55169,,,,,0.0,,,,,,,,,,,
149,55179,,,,,0.0,,,,,,,,,,,
149,55189,,,,,0.0,,,,,,,,,,,
149,55199,,,,,0.0,,,,,,,,,,,
149,55209,,,,,0.0,,,,,,,,,,,
149,55219,,,,,0.0,,,,,,,,,,,
149,55229,,,,,0.0,,,,,,,,,,,
149,55239,,,,,0.0,,,,,,,,,,,
149,55249,,,,,0.0,,,,,,,,,,,
149,55259,,,,,0.0,,,,,,,,,,,
149,55269,,,,,0.0,,,,,,,,,,,
149,55279,,,,,0.0,,,,,,,,,,,
149,55289,,,,,0.0,,,,,,,,,,,
149,55299,,,,,0.0,,,,,,,,,,,
149,55309,,,,,0.0,,,,,,,,,,,
149,55319,,,,,0.0,,,,,,,,,,,
149,55329,,,,,0.0,,,,,,,,,,,
149,55339,,,,,0.0,,,,,,,,,,,
149,55349,,,,,0.0,,,,,,,,,,,
149,149,,,0.5892423987388611,0.010939197614789009,,,0.0,0.025089247152209282,,0.5871387720108032,,0.011024784296751022,,0.0,,0.027400242164731026
149,55349,,,,,,,,,0.5871387720108032,,0.011024784296751022,,0.0,,0.027400242164731026,
149,149,0.0,79.38673308747606,,,,,,,,,,,,,,
149,55349,,,,,,4.8467541091667954e-08,,,,,,,,,,
150,55359,,,,,0.0,,,,,,,,,,,
150,55369,,,,,0.0,,,,,,,,,,,
150,55379,,,,,0.0,,,,,,,,,,,
150,55389,,,,,0.0,,,,,,,,,,,
150,55399,,,,,0.0,,,,,,,,,,,
150,55409,,,,,0.0,,,,,,,,,,,
150,55419,,,,,0.0,,,,,,,,,,,
150,55429,,,,,0.0,,,,,,,,,,,
150,55439,,,,,0.0,,,,,,,,,,,
150,55449,,,,,0.0,,,,,,,,,,,
150,55459,,,,,0.0,,,,,,,,,,,
150,55469,,,,,0.0,,,,,,,,,,,
150,55479,,,,,0.0,,,,,,,,,,,
150,55489,,,,,0.0,,,,,,,,,,,
150,55499,,,,,0.0,,,,,,,,,,,
150,55509,,,,,0.0,,,,,,,,,,,
150,55519,,,,,0.0,,,,,,,,,,,
150,55529,,,,,0.0,,,,,,,,,,,
150,55539,,,,,0.0,,,,,,,,,,,
150,55549,,,,,0.0,,,,,,,,,,,
150,55559,,,,,0.0,,,,,,,,,,,
150,55569,,,,,0.0,,,,,,,,,,,
150,55579,,,,,0.0,,,,,,,,,,,
150,55589,,,,,0.0,,,,,,,,,,,
150,55599,,,,,0.0,,,,,,,,,,,
150,55609,,,,,0.0,,,,,,,,,,,
150,55619,,,,,0.0,,,,,,,,,,,
150,55629,,,,,0.0,,,,,,,,,,,
150,55639,,,,,0.0,,,,,,,,,,,
150,55649,,,,,0.0,,,,,,,,,,,
150,55659,,,,,0.0,,,,,,,,,,,
150,55669,,,,,0.0,,,,,,,,,,,
150,55679,,,,,0.0,,,,,,,,,,,
150,55689,,,,,0.0,,,,,,,,,,,
150,55699,,,,,0.0,,,,,,,,,,,
150,55709,,,,,0.0,,,,,,,,,,,
150,150,0.0,79.38673308747606,,,,,,,,,,,,,,
150,55718,,,,,,0.0,,,,,,,,,,
151,55719,,,,,0.0,,,,,,,,,,,
151,55729,,,,,0.0,,,,,,,,,,,
151,55739,,,,,0.0,,,,,,,,,,,
151,55749,,,,,0.0,,,,,,,,,,,
151,55759,,,,,0.0,,,,,,,,,,,
151,55769,,,,,0.0,,,,,,,,,,,
151,55779,,,,,0.0,,,,,,,,,,,
151,55789,,,,,0.0,,,,,,,,,,,
151,55799,,,,,0.0,,,,,,,,,,,
151,55809,,,,,0.0,,,,,,,,,,,
151,55819,,,,,0.0,,,,,,,,,,,
151,55829,,,,,0.0,,,,,,,,,,,
151,55839,,,,,0.0,,,,,,,,,,,
151,55849,,,,,0.0,,,,,,,,,,,
151,55859,,,,,0.0,,,,,,,,,,,
151,55869,,,,,0.0,,,,,,,,,,,
151,55879,,,,,0.0,,,,,,,,,,,
151,55889,,,,,0.0,,,,,,,,,,,
151,55899,,,,,0.0,,,,,,,,,,,
151,55909,,,,,0.0,,,,,,,,,,,
151,55919,,,,,0.0,,,,,,,,,,,
151,55929,,,,,0.0,,,,,,,,,,,
151,55939,,,,,0.0,,,,,,,,,,,
151,55949,,,,,0.0,,,,,,,,,,,
151,55959,,,,,0.0,,,,,,,,,,,
151,55969,,,,,0.0,,,,,,,,,,,
151,55979,,,,,0.0,,,,,,,,,,,
151,55989,,,,,0.0,,,,,,,,,,,
151,55999,,,,,0.0,,,,,,,,,,,
151,56009,,,,,0.0,,,,,,,,,,,
151,56019,,,,,0.0,,,,,,,,,,,
151,56029,,,,,0.0,,,,,,,,,,,
151,56039,,,,,0.0,,,,,,,,,,,
151,56049,,,,,0.0,,,,,,,,,,,
151,56059,,,,,0.0,,,,,,,,,,,
151,56069,,,,,0.0,,,,,,,,,,,
151,56079,,,,,0.0,,,,,,,,,,,
151,151,0.0,79.39066857861607,,,,,,,,,,,,,,
151,56087,,,,,,1.0991988119712914e-07,,,,,,,,,,
152,56089,,,,,0.0,,,,,,,,,,,
152,56099,,,,,0.0,,,,,,,,,,,
152,56109,,,,,0.0,,,,,,,,,,,
152,56119,,,,,0.0,,,,,,,,,,,
152,56129,,,,,0.0,,,,,,,,,,,
152,56139,,,,,0.0,,,,,,,,,,,
152,56149,,,,,0.0,,,,,,,,,,,
152,56159,,,,,0.0,,,,,,,,,,,
152,56169,,,,,0.0,,,,,,,,,,,
152,56179,,,,,0.0,,,,,,,,,,,
152,56189,,,,,0.0,,,,,,,,,,,
152,56199,,,,,0.0,,,,,,,,,,,
152,56209,,,,,0.0,,,,,,,,,,,
152,56219,,,,,0.0,,,,,,,,,,,
152,56229,,,,,0.0,,,,,,,,,,,
152,56239,,,,,0.0,,,,,,,,,,,
152,56249,,,,,0.0,,,,,,,,,,,
152,56259,,,,,0.0,,,,,,,,,,,
152,56269,,,,,0.0,,,,,,,,,,,
152,56279,,,,,0.0,,,,,,,,,,,
152,56289,,,,,0.0,,,,,,,,,,,
152,56299,,,,,0.0,,,,,,,,,,,
152,56309,,,,,0.0,,,,,,,,,,,
152,56319,,,,,0.0,,,,,,,,,,,
152,56329,,,,,0.0,,,,,,,,,,,
152,56339,,,,,0.0,,,,,,,,,,,
152,56349,,,,,0.0,,,,,,,,,,,
152,56359,,,,,0.0,,,,,,,,,,,
152,56369,,,,,0.0,,,,,,,,,,,
152,56379,,,,,0.0,,,,,,,,,,,
152,56389,,,,,0.0,,,,,,,,,,,
152,56399,,,,,0.0,,,,,,,,,,,
152,56409,,,,,1.5853865988901816e-05,,,,,,,,,,,
152,56419,,,,,0.0,,,,,,,,,,,
152,56429,,,,,0.0,,,,,,,,,,,
152,56439,,,,,0.0,,,,,,,,,,,
152,56449,,,,,0.0,,,,,,,,,,,
152,152,6.365700918513355e-05,79.4045301371122,,,,,,,,,,,,,,
152,56456,,,,,,2.036239550307073e-07,,,,,,,,,,
153,56459,,,,,0.0,,,,,,,,,,,
153,56469,,,,,0.0,,,,,,,,,,,
153,56479,,,,,0.0,,,,,,,,,,,
153,56489,,,,,0.0,,,,,,,,,,,
153,56499,,,,,7.719397217442747e-06,,,,,,,,,,,
153,56509,,,,,0.0,,,,,,,,,,,
153,56519,,,,,0.0,,,,,,,,,,,
153,56529,,,,,0.0,,,,,,,,,,,
153,56539,,,,,0.0,,,,,,,,,,,
153,56549,,,,,0.0,,,,,,,,,,,
153,56559,,,,,0.0,,,,,,,,,,,
153,56569,,,,,0.0,,,,,,,,,,,
153,56579,,,,,0.0,,,,,,,,,,,
153,56589,,,,,0.0,,,,,,,,,,,
153,56599,,,,,0.0,,,,,,,,,,,
153,56609,,,,,0.0,,,,,,,,,,,
153,56619,,,,,5.069784674560651e-05,,,,,,,,,,,
153,56629,,,,,0.0,,,,,,,,,,,
153,56639,,,,,0.0,,,,,,,,,,,
153,56649,,,,,0.0,,,,,,,,,,,
153,56659,,,,,0.0,,,,,,,,,,,
153,56669,,,,,0.0,,,,,,,,,,,
153,56679,,,,,0.0,,,,,,,,,,,
153,56689,,,,,0.0,,,,,,,,,,,
153,56699,,,,,0.0,,,,,,,,,,,
153,56709,,,,,0.0,,,,,,,,,,,
153,56719,,,,,0.0,,,,,,,,,,,
153,56729,,,,,0.0,,,,,,,,,,,
153,56739,,,,,0.0,,,,,,,,,,,
153,56749,,,,,0.0,,,,,,,,,,,
153,56759,,,,,0.0,,,,,,,,,,,
153,56769,,,,,0.0,,,,,,,,,,,
153,56779,,,,,0.0,,,,,,,,,,,
153,56789,,,,,0.0,,,,,,,,,,,
153,56799,,,,,0.0,,,,,,,,,,,
153,56809,,,,,0.0,,,,,,,,,,,
153,56819,,,,,0.0,,,,,,,,,,,
153,153,0.00032587822768381276,79.45619990507696,,,,,,,,,,,,,,
153,56825,,,,,,7.685505920562719e-07,,,,,,,,,,
154,56829,,,,,0.0,,,,,,,,,,,
154,56839,,,,,0.0,,,,,,,,,,,
154,56849,,,,,0.0,,,,,,,,,,,
154,56859,,,,,0.0,,,,,,,,,,,
154,56869,,,,,0.0,,,,,,,,,,,
154,56879,,,,,0.0,,,,,,,,,,,
154,56889,,,,,0.0,,,,,,,,,,,
154,56899,,,,,0.0,,,,,,,,,,,
154,56909,,,,,0.0,,,,,,,,,,,
154,56919,,,,,0.0,,,,,,,,,,,
154,56929,,,,,0.0,,,,,,,,,,,
154,56939,,,,,0.0,,,,,,,,,,,
154,56949,,,,,0.0,,,,,,,,,,,
154,56959,,,,,0.0,,,,,,,,,,,
154,56969,,,,,0.0,,,,,,,,,,,
154,56979,,,,,0.0,,,,,,,,,,,
154,56989,,,,,0.0,,,,,,,,,,,
154,56999,,,,,0.0,,,,,,,,,,,
154,57009,,,,,0.0,,,,,,,,,,,
154,57019,,,,,0.0,,,,,,,,,,,
154,57029,,,,,0.0,,,,,,,,,,,
154,57039,,,,,0.0,,,,,,,,,,,
154,57049,,,,,0.0,,,,,,,,,,,
154,57059,,,,,0.0,,,,,,,,,,,
154,57069,,,,,0.0,,,,,,,,,,,
154,57079,,,,,0.0,,,,,,,,,,,
154,57089,,,,,0.00016828111256472766,,,,,,,,,,,
154,57099,,,,,0.0,,,,,,,,,,,
154,57109,,,,,0.0,,,,,,,,,,,
154,57119,,,,,0.0,,,,,,,,,,,
154,57129,,,,,0.0,,,,,,,,,,,
154,57139,,,,,0.0,,,,,,,,,,,
154,57149,,,,,0.0,,,,,,,,,,,
154,57159,,,,,0.0,,,,,,,,,,,
154,57169,,,,,0.0,,,,,,,,,,,
154,57179,,,,,0.0,,,,,,,,,,,
154,57189,,,,,0.0,,,,,,,,,,,
154,154,0.00013250838180212942,79.50258519757476,,,,,,,,,,,,,,
154,57194,,,,,,1.3321304095370579e-06,,,,,,,,,,
155,57199,,,,,0.0,,,,,,,,,,,
155,57209,,,,,0.0,,,,,,,,,,,
155,57219,,,,,0.0,,,,,,,,,,,
155,57229,,,,,0.0,,,,,,,,,,,
155,57239,,,,,0.0,,,,,,,,,,,
155,57249,,,,,0.0,,,,,,,,,,,
155,57259,,,,,0.0,,,,,,,,,,,
155,57269,,,,,0.0,,,,,,,,,,,
155,57279,,,,,0.0,,,,,,,,,,,
155,57289,,,,,0.0,,,,,,,,,,,
155,57299,,,,,0.0,,,,,,,,,,,
155,57309,,,,,1.9518882254487835e-05,,,,,,,,,,,
155,57319,,,,,0.0,,,,,,,,,,,
155,57329,,,,,0.0,,,,,,,,,,,
155,57339,,,,,0.0,,,,,,,,,,,
155,57349,,,,,0.0,,,,,,,,,,,
155,57359,,,,,0.0,,,,,,,,,,,
155,57369,,,,,0.0,,,,,,,,,,,
155,57379,,,,,0.0,,,,,,,,,,,
155,57389,,,,,0.0,,,,,,,,,,,
155,57399,,,,,0.0,,,,,,,,,,,
155,57409,,,,,0.0,,,,,,,,,,,
155,57419,,,,,0.0,,,,,,,,,,,
155,57429,,,,,0.0,,,,,,,,,,,
155,57439,,,,,0.0,,,,,,,,,,,
155,57449,,,,,0.0,,,,,,,,,,,
155,57459,,,,,0.0,,,,,,,,,,,
155,57469,,,,,0.0,,,,,,,,,,,
155,57479,,,,,0.0,,,,,,,,,,,
155,57489,,,,,0.0,,,,,,,,,,,
155,57499,,,,,1.664869523665402e-05,,,,,,,,,,,
155,57509,,,,,0.0,,,,,,,,,,,
155,57519,,,,,3.445275069680065e-05,,,,,,,,,,,
155,57529,,,,,0.0,,,,,,,,,,,
155,57539,,,,,0.0,,,,,,,,,,,
155,57549,,,,,0.0,,,,,,,,,,,
155,57559,,,,,0.0,,,,,,,,,,,
155,155,0.00055016949537765,79.5508899837994,,,,,,,,,,,,,,
155,57563,,,,,,1.1276592886133585e-06,,,,,,,,,,
156,57569,,,,,0.0,,,,,,,,,,,
156,57579,,,,,0.0,,,,,,,,,,,
156,57589,,,,,0.0,,,,,,,,,,,
156,57599,,,,,0.0,,,,,,,,,,,
156,57609,,,,,0.0,,,,,,,,,,,
156,57619,,,,,0.0,,,,,,,,,,,
156,57629,,,,,0.0,,,,,,,,,,,
156,57639,,,,,0.0,,,,,,,,,,,
156,57649,,,,,0.0,,,,,,,,,,,
156,57659,,,,,0.0,,,,,,,,,,,
156,57669,,,,,0.0,,,,,,,,,,,
156,57679,,,,,0.0,,,,,,,,,,,
156,57689,,,,,0.0,,,,,,,,,,,
156,57699,,,,,0.0,,,,,,,,,,,
156,57709,,,,,0.0,,,,,,,,,,,
156,57719,,,,,0.0,,,,,,,,,,,
156,57729,,,,,0.0,,,,,,,,,,,
156,57739,,,,,0.0,,,,,,,,,,,
156,57749,,,,,0.0,,,,,,,,,,,
156,57759,,,,,0.0,,,,,,,,,,,
156,57769,,,,,0.0,,,,,,,,,,,
156,57779,,,,,0.0,,,,,,,,,,,
156,57789,,,,,0.0,,,,,,,,,,,
156,57799,,,,,0.0,,,,,,,,,,,
156,57809,,,,,0.0,,,,,,,,,,,
156,57819,,,,,0.0,,,,,,,,,,,
156,57829,,,,,0.0,,,,,,,,,,,
156,57839,,,,,0.0,,,,,,,,,,,
156,57849,,,,,0.0,,,,,,,,,,,
156,57859,,,,,0.0,,,,,,,,,,,
156,57869,,,,,0.0,,,,,,,,,,,
156,57879,,,,,0.0,,,,,,,,,,,
156,57889,,,,,0.0,,,,,,,,,,,
156,57899,,,,,0.0,,,,,,,,,,,
156,57909,,,,,0.0,,,,,,,,,,,
156,57919,,,,,0.0,,,,,,,,,,,
156,57929,,,,,0.0,,,,,,,,,,,
156,156,0.0,79.55714951870854,,,,,,,,,,,,,,
156,57932,,,,,,1.8058269546372685e-08,,,,,,,,,,
157,57939,,,,,0.0,,,,,,,,,,,
157,57949,,,,,0.0,,,,,,,,,,,
157,57959,,,,,0.0,,,,,,,,,,,
157,57969,,,,,0.0,,,,,,,,,,,
157,57979,,,,,0.0,,,,,,,,,,,
157,57989,,,,,0.0,,,,,,,,,,,
157,57999,,,,,0.0,,,,,,,,,,,
157,58009,,,,,0.0,,,,,,,,,,,
157,58019,,,,,0.0,,,,,,,,,,,
157,58029,,,,,0.0,,,,,,,,,,,
157,58039,,,,,1.2014061212539673e-06,,,,,,,,,,,
157,58049,,,,,0.0,,,,,,,,,,,
157,58059,,,,,0.0,,,,,,,,,,,
157,58069,,,,,0.0,,,,,,,,,,,
157,58079,,,,,0.0,,,,,,,,,,,
157,58089,,,,,0.0,,,,,,,,,,,
157,58099,,,,,0.0,,,,,,,,,,,
157,58109,,,,,0.0,,,,,,,,,,,
157,58119,,,,,0.0,,,,,,,,,,,
157,58129,,,,,0.0,,,,,,,,,,,
157,58139,,,,,0.0,,,,,,,,,,,
157,58149,,,,,0.0,,,,,,,,,,,
157,58159,,,,,0.0,,,,,,,,,,,
157,58169,,,,,0.0,,,,,,,,,,,
157,58179,,,,,0.0,,,,,,,,,,,
157,58189,,,,,0.0,,,,,,,,,,,
157,58199,,,,,0.0,,,,,,,,,,,
157,58209,,,,,0.0,,,,,,,,,,,
157,58219,,,,,0.0,,,,,,,,,,,
157,58229,,,,,0.0,,,,,,,,,,,
157,58239,,,,,0.0,,,,,,,,,,,
157,58249,,,,,0.0,,,,,,,,,,,
157,58259,,,,,0.0,,,,,,,,,,,
157,58269,,,,,0.0,,,,,,,,,,,
157,58279,,,,,0.0,,,,,,,,,,,
157,58289,,,,,0.0,,,,,,,,,,,
157,58299,,,,,0.0,,,,,,,,,,,
157,157,0.00011024096134302049,79.57959346855961,,,,,,,,,,,,,,
157,58301,,,,,,4.523075745055394e-07,,,,,,,,,,
158,58309,,,,,0.0,,,,,,,,,,,
158,58319,,,,,0.0,,,,,,,,,,,
158,58329,,,,,0.0,,,,,,,,,,,
158,58339,,,,,0.0,,,,,,,,,,,
158,58349,,,,,0.0,,,,,,,,,,,
158,58359,,,,,0.0,,,,,,,,,,,
158,58369,,,,,0.0,,,,,,,,,,,
158,58379,,,,,0.0,,,,,,,,,,,
158,58389,,,,,0.0,,,,,,,,,,,
158,58399,,,,,0.0,,,,,,,,,,,
158,58409,,,,,0.0,,,,,,,,,,,
158,58419,,,,,0.0,,,,,,,,,,,
158,58429,,,,,0.0,,,,,,,,,,,
158,58439,,,,,0.0,,,,,,,,,,,
158,58449,,,,,0.0,,,,,,,,,,,
158,58459,,,,,0.0,,,,,,,,,,,
158,58469,,,,,0.0,,,,,,,,,,,
158,58479,,,,,0.0,,,,,,,,,,,
158,58489,,,,,0.0,,,,,,,,,,,
158,58499,,,,,0.0,,,,,,,,,,,
158,58509,,,,,0.0,,,,,,,,,,,
158,58519,,,,,4.242114664521068e-05,,,,,,,,,,,
158,58529,,,,,0.0,,,,,,,,,,,
158,58539,,,,,0.0,,,,,,,,,,,
158,58549,,,,,1.5090182387211826e-05,,,,,,,,,,,
158,58559,,,,,0.0,,,,,,,,,,,
158,58569,,,,,0.0,,,,,,,,,,,
158,58579,,,,,0.0,,,,,,,,,,,
158,58589,,,,,0.0,,,,,,,,,,,
158,58599,,,,,0.0,,,,,,,,,,,
158,58609,,,,,0.0,,,,,,,,,,,
158,58619,,,,,0.0,,,,,,,,,,,
158,58629,,,,,0.0,,,,,,,,,,,
158,58639,,,,,0.0,,,,,,,,,,,
158,58649,,,,,0.0,,,,,,,,,,,
158,58659,,,,,0.0,,,,,,,,,,,
158,58669,,,,,0.0,,,,,,,,,,,
158,158,0.0002855478744761446,79.60187985846572,,,,,,,,,,,,,,
158,58670,,,,,,4.898514021078881e-07,,,,,,,,,,
159,58679,,,,,0.0,,,,,,,,,,,
159,58689,,,,,0.0,,,,,,,,,,,
159,58699,,,,,0.0,,,,,,,,,,,
159,58709,,,,,0.0,,,,,,,,,,,
159,58719,,,,,0.0,,,,,,,,,,,
159,58729,,,,,0.0,,,,,,,,,,,
159,58739,,,,,0.0,,,,,,,,,,,
159,58749,,,,,0.0,,,,,,,,,,,
159,58759,,,,,0.0,,,,,,,,,,,
159,58769,,,,,0.0,,,,,,,,,,,
159,58779,,,,,0.0,,,,,,,,,,,
159,58789,,,,,0.0,,,,,,,,,,,
159,58799,,,,,0.0,,,,,,,,,,,
159,58809,,,,,0.0,,,,,,,,,,,
159,58819,,,,,0.0,,,,,,,,,,,
159,58829,,,,,0.0,,,,,,,,,,,
159,58839,,,,,0.0,,,,,,,,,,,
159,58849,,,,,0.0,,,,,,,,,,,
159,58859,,,,,0.0,,,,,,,,,,,
159,58869,,,,,0.0,,,,,,,,,,,
159,58879,,,,,0.0,,,,,,,,,,,
159,58889,,,,,0.0,,,,,,,,,,,
159,58899,,,,,0.0,,,,,,,,,,,
159,58909,,,,,0.0,,,,,,,,,,,
159,58919,,,,,0.0,,,,,,,,,,,
159,58929,,,,,0.0,,,,,,,,,,,
159,58939,,,,,0.0,,,,,,,,,,,
159,58949,,,,,0.0,,,,,,,,,,,
159,58959,,,,,0.0,,,,,,,,,,,
159,58969,,,,,0.0,,,,,,,,,,,
159,58979,,,,,0.0,,,,,,,,,,,
159,58989,,,,,0.0,,,,,,,,,,,
159,58999,,,,,5.682065966539085e-05,,,,,,,,,,,
159,59009,,,,,0.0,,,,,,,,,,,
159,59019,,,,,0.0,,,,,,,,,,,
159,59029,,,,,0.0,,,,,,,,,,,
159,59039,,,,,0.0,,,,,,,,,,,
159,159,,,0.5962928533554077,0.010966439731419086,,,0.0,0.02685639262199402,,0.5939252972602844,,0.011119024828076363,,1.1435086430978573e-06,,0.028295520693063736
159,59039,,,,,,,,,0.5939252972602844,,0.011119024828076363,,1.1435085980338044e-06,,0.028295520693063736,
159,159,6.417914094904346e-05,79.62056736073774,,,,,,,,,,,,,,
159,59039,,,,,,3.4685220384744753e-07,,,,,,,,,,
160,59049,,,,,0.0,,,,,,,,,,,
160,59059,,,,,0.0,,,,,,,,,,,
160,59069,,,,,0.0,,,,,,,,,,,
160,59079,,,,,0.0,,,,,,,,,,,
160,59089,,,,,0.0,,,,,,,,,,,
160,59099,,,,,0.0,,,,,,,,,,,
160,59109,,,,,0.0,,,,,,,,,,,
160,59119,,,,,0.0,,,,,,,,,,,
160,59129,,,,,0.00011951036140089855,,,,,,,,,,,
160,59139,,,,,0.0,,,,,,,,,,,
160,59149,,,,,0.0,,,,,,,,,,,
160,59159,,,,,0.0,,,,,,,,,,,
160,59169,,,,,0.0,,,,,,,,,,,
160,59179,,,,,0.0,,,,,,,,,,,
160,59189,,,,,0.0,,,,,,,,,,,
160,59199,,,,,0.0,,,,,,,,,,,
160,59209,,,,,0.0,,,,,,,,,,,
160,59219,,,,,0.0,,,,,,,,,,,
160,59229,,,,,0.0,,,,,,,,,,,
160,59239,,,,,0.0,,,,,,,,,,,
160,59249,,,,,0.0,,,,,,,,,,,
160,59259,,,,,0.0,,,,,,,,,,,
160,59269,,,,,0.0,,,,,,,,,,,
160,59279,,,,,0.0,,,,,,,,,,,
160,59289,,,,,0.0,,,,,,,,,,,
160,59299,,,,,0.0,,,,,,,,,,,
160,59309,,,,,0.0,,,,,,,,,,,
160,59319,,,,,0.0,,,,,,,,,,,
160,59329,,,,,0.0,,,,,,,,,,,
160,59339,,,,,0.0,,,,,,,,,,,
160,59349,,,,,0.0,,,,,,,,,,,
160,59359,,,,,0.0,,,,,,,,,,,
160,59369,,,,,0.0,,,,,,,,,,,
160,59379,,,,,0.0,,,,,,,,,,,
160,59389,,,,,0.0,,,,,,,,,,,
160,59399,,,,,0.0,,,,,,,,,,,
160,160,0.00023056583266091178,79.65061002850622,,,,,,,,,,,,,,
160,59408,,,,,,7.660710821255634e-07,,,,,,,,,,
161,59409,,,,,0.0,,,,,,,,,,,
161,59419,,,,,0.0,,,,,,,,,,,
161,59429,,,,,0.0,,,,,,,,,,,
161,59439,,,,,0.0,,,,,,,,,,,
161,59449,,,,,0.0,,,,,,,,,,,
161,59459,,,,,0.0,,,,,,,,,,,
161,59469,,,,,0.0,,,,,,,,,,,
161,59479,,,,,0.0,,,,,,,,,,,
161,59489,,,,,7.346272354880057e-07,,,,,,,,,,,
161,59499,,,,,0.0,,,,,,,,,,,
161,59509,,,,,0.0,,,,,,,,,,,
161,59519,,,,,0.0,,,,,,,,,,,
161,59529,,,,,0.0,,,,,,,,,,,
161,59539,,,,,0.0,,,,,,,,,,,
161,59549,,,,,0.0,,,,,,,,,,,
161,59559,,,,,0.0,,,,,,,,,,,
161,59569,,,,,0.0,,,,,,,,,,,
161,59579,,,,,0.0,,,,,,,,,,,
161,59589,,,,,0.0,,,,,,,,,,,
161,59599,,,,,0.0,,,,,,,,,,,
161,59609,,,,,0.0,,,,,,,,,,,
161,59619,,,,,0.0,,,,,,,,,,,
161,59629,,,,,0.0,,,,,,,,,,,
161,59639,,,,,0.0,,,,,,,,,,,
161,59649,,,,,0.0,,,,,,,,,,,
161,59659,,,,,0.0,,,,,,,,,,,
161,59669,,,,,0.0,,,,,,,,,,,
161,59679,,,,,0.0,,,,,,,,,,,
161,59689,,,,,0.0,,,,,,,,,,,
161,59699,,,,,0.0,,,,,,,,,,,
161,59709,,,,,0.0,,,,,,,,,,,
161,59719,,,,,0.0,,,,,,,,,,,
161,59729,,,,,0.0,,,,,,,,,,,
161,59739,,,,,0.0,,,,,,,,,,,
161,59749,,,,,0.0,,,,,,,,,,,
161,59759,,,,,0.0,,,,,,,,,,,
161,59769,,,,,0.0,,,,,,,,,,,
161,161,5.520611874812301e-05,79.6663402470731,,,,,,,,,,,,,,
161,59777,,,,,,4.893710752185143e-07,,,,,,,,,,
162,59779,,,,,0.0,,,,,,,,,,,
162,59789,,,,,0.0,,,,,,,,,,,
162,59799,,,,,0.0,,,,,,,,,,,
162,59809,,,,,0.0,,,,,,,,,,,
162,59819,,,,,0.0,,,,,,,,,,,
162,59829,,,,,0.0,,,,,,,,,,,
162,59839,,,,,0.0,,,,,,,,,,,
162,59849,,,,,0.0,,,,,,,,,,,
162,59859,,,,,0.0,,,,,,,,,,,
162,59869,,,,,0.0,,,,,,,,,,,
162,59879,,,,,0.0,,,,,,,,,,,
162,59889,,,,,0.0,,,,,,,,,,,
162,59899,,,,,0.0,,,,,,,,,,,
162,59909,,,,,0.0,,,,,,,,,,,
162,59919,,,,,0.0,,,,,,,,,,,
162,59929,,,,,0.0,,,,,,,,,,,
162,59939,,,,,0.0,,,,,,,,,,,
162,59949,,,,,0.0,,,,,,,,,,,
162,59959,,,,,0.0,,,,,,,,,,,
162,59969,,,,,0.0,,,,,,,,,,,
162,59979,,,,,0.0,,,,,,,,,,,
162,59989,,,,,0.0,,,,,,,,,,,
162,59999,,,,,0.0,,,,,,,,,,,
162,60009,,,,,0.0,,,,,,,,,,,
162,60019,,,,,0.0,,,,,,,,,,,
162,60029,,,,,0.0,,,,,,,,,,,
162,60039,,,,,0.0,,,,,,,,,,,
162,60049,,,,,0.0,,,,,,,,,,,
162,60059,,,,,0.0,,,,,,,,,,,
162,60069,,,,,0.0,,,,,,,,,,,
162,60079,,,,,0.0,,,,,,,,,,,
162,60089,,,,,0.0,,,,,,,,,,,
162,60099,,,,,0.0,,,,,,,,,,,
162,60109,,,,,0.0,,,,,,,,,,,
162,60119,,,,,0.0,,,,,,,,,,,
162,60129,,,,,0.0,,,,,,,,,,,
162,60139,,,,,0.0,,,,,,,,,,,
162,162,0.0,79.6688571253036,,,,,,,,,,,,,,
162,60146,,,,,,1.3939995824330254e-07,,,,,,,,,,
163,60149,,,,,0.0,,,,,,,,,,,
163,60159,,,,,0.0,,,,,,,,,,,
163,60169,,,,,0.0,,,,,,,,,,,
163,60179,,,,,0.0,,,,,,,,,,,
163,60189,,,,,0.0,,,,,,,,,,,
163,60199,,,,,0.0,,,,,,,,,,,
163,60209,,,,,0.0,,,,,,,,,,,
163,60219,,,,,0.0,,,,,,,,,,,
163,60229,,,,,0.0,,,,,,,,,,,
163,60239,,,,,0.0,,,,,,,,,,,
163,60249,,,,,0.0,,,,,,,,,,,
163,60259,,,,,0.0,,,,,,,,,,,
163,60269,,,,,0.0,,,,,,,,,,,
163,60279,,,,,0.0,,,,,,,,,,,
163,60289,,,,,0.0,,,,,,,,,,,
163,60299,,,,,0.0,,,,,,,,,,,
163,60309,,,,,0.0,,,,,,,,,,,
163,60319,,,,,0.0,,,,,,,,,,,
163,60329,,,,,0.0,,,,,,,,,,,
163,60339,,,,,0.0,,,,,,,,,,,
163,60349,,,,,0.0,,,,,,,,,,,
163,60359,,,,,0.0,,,,,,,,,,,
163,60369,,,,,0.0,,,,,,,,,,,
163,60379,,,,,0.0,,,,,,,,,,,
163,60389,,,,,0.0,,,,,,,,,,,
163,60399,,,,,0.0,,,,,,,,,,,
163,60409,,,,,0.0,,,,,,,,,,,
163,60419,,,,,0.0,,,,,,,,,,,
163,60429,,,,,0.0,,,,,,,,,,,
163,60439,,,,,0.0,,,,,,,,,,,
163,60449,,,,,0.0,,,,,,,,,,,
163,60459,,,,,0.0,,,,,,,,,,,
163,60469,,,,,0.0,,,,,,,,,,,
163,60479,,,,,0.0,,,,,,,,,,,
163,60489,,,,,0.0,,,,,,,,,,,
163,60499,,,,,0.0,,,,,,,,,,,
163,60509,,,,,0.0,,,,,,,,,,,
163,163,0.0,79.67652363110732,,,,,,,,,,,,,,
163,60515,,,,,,1.2501629953476368e-07,,,,,,,,,,
164,60519,,,,,0.0,,,,,,,,,,,
164,60529,,,,,0.0,,,,,,,,,,,
164,60539,,,,,0.0,,,,,,,,,,,
164,60549,,,,,0.0,,,,,,,,,,,
164,60559,,,,,0.0,,,,,,,,,,,
164,60569,,,,,0.0,,,,,,,,,,,
164,60579,,,,,0.0,,,,,,,,,,,
164,60589,,,,,0.0,,,,,,,,,,,
164,60599,,,,,0.0,,,,,,,,,,,
164,60609,,,,,0.0,,,,,,,,,,,
164,60619,,,,,0.0,,,,,,,,,,,
164,60629,,,,,0.0,,,,,,,,,,,
164,60639,,,,,0.0,,,,,,,,,,,
164,60649,,,,,0.0,,,,,,,,,,,
164,60659,,,,,0.0,,,,,,,,,,,
164,60669,,,,,0.0,,,,,,,,,,,
164,60679,,,,,0.0,,,,,,,,,,,
164,60689,,,,,0.0,,,,,,,,,,,
164,60699,,,,,0.0,,,,,,,,,,,
164,60709,,,,,0.0,,,,,,,,,,,
164,60719,,,,,0.0,,,,,,,,,,,
164,60729,,,,,0.0,,,,,,,,,,,
164,60739,,,,,0.0,,,,,,,,,,,
164,60749,,,,,0.0,,,,,,,,,,,
164,60759,,,,,0.0,,,,,,,,,,,
164,60769,,,,,0.0,,,,,,,,,,,
164,60779,,,,,0.0,,,,,,,,,,,
164,60789,,,,,0.0,,,,,,,,,,,
164,60799,,,,,0.0,,,,,,,,,,,
164,60809,,,,,0.0,,,,,,,,,,,
164,60819,,,,,0.0,,,,,,,,,,,
164,60829,,,,,0.0,,,,,,,,,,,
164,60839,,,,,0.0,,,,,,,,,,,
164,60849,,,,,0.0,,,,,,,,,,,
164,60859,,,,,0.0,,,,,,,,,,,
164,60869,,,,,0.0,,,,,,,,,,,
164,60879,,,,,0.0,,,,,,,,,,,
164,164,0.0,79.70710359204898,,,,,,,,,,,,,,
164,60884,,,,,,8.769351325099706e-07,,,,,,,,,,
165,60889,,,,,0.0,,,,,,,,,,,
165,60899,,,,,0.0,,,,,,,,,,,
165,60909,,,,,0.0,,,,,,,,,,,
165,60919,,,,,0.0,,,,,,,,,,,
165,60929,,,,,0.0,,,,,,,,,,,
165,60939,,,,,0.0,,,,,,,,,,,
165,60949,,,,,0.0,,,,,,,,,,,
165,60959,,,,,0.0,,,,,,,,,,,
165,60969,,,,,3.9466991438530385e-05,,,,,,,,,,,
165,60979,,,,,0.0,,,,,,,,,,,
165,60989,,,,,0.0,,,,,,,,,,,
165,60999,,,,,0.0,,,,,,,,,,,
165,61009,,,,,0.0,,,,,,,,,,,
165,61019,,,,,0.0,,,,,,,,,,,
165,61029,,,,,0.0,,,,,,,,,,,
165,61039,,,,,0.0,,,,,,,,,,,
165,61049,,,,,0.0,,,,,,,,,,,
165,61059,,,,,0.0,,,,,,,,,,,
165,61069,,,,,0.0,,,,,,,,,,,
165,61079,,,,,0.0,,,,,,,,,,,
165,61089,,,,,0.0,,,,,,,,,,,
165,61099,,,,,0.0,,,,,,,,,,,
165,61109,,,,,0.0,,,,,,,,,,,
165,61119,,,,,0.0,,,,,,,,,,,
165,61129,,,,,0.0,,,,,,,,,,,
165,61139,,,,,0.0,,,,,,,,,,,
165,61149,,,,,0.0,,,,,,,,,,,
165,61159,,,,,0.0,,,,,,,,,,,
165,61169,,,,,0.0,,,,,,,,,,,
165,61179,,,,,0.0,,,,,,,,,,,
165,61189,,,,,0.0,,,,,,,,,,,
165,61199,,,,,0.0,,,,,,,,,,,
165,61209,,,,,0.0,,,,,,,,,,,
165,61219,,,,,0.0,,,,,,,,,,,
165,61229,,,,,0.0,,,,,,,,,,,
165,61239,,,,,0.0,,,,,,,,,,,
165,61249,,,,,0.0,,,,,,,,,,,
165,165,0.00023820333843740807,79.72655433357247,,,,,,,,,,,,,,
165,61253,,,,,,3.534076711275702e-07,,,,,,,,,,
166,61259,,,,,0.0,,,,,,,,,,,
166,61269,,,,,0.0,,,,,,,,,,,
166,61279,,,,,0.0,,,,,,,,,,,
166,61289,,,,,0.0,,,,,,,,,,,
166,61299,,,,,0.0,,,,,,,,,,,
166,61309,,,,,0.0,,,,,,,,,,,
166,61319,,,,,0.0,,,,,,,,,,,
166,61329,,,,,0.0,,,,,,,,,,,
166,61339,,,,,0.0,,,,,,,,,,,
166,61349,,,,,0.0,,,,,,,,,,,
166,61359,,,,,0.0,,,,,,,,,,,
166,61369,,,,,5.201503518037498e-05,,,,,,,,,,,
166,61379,,,,,0.0,,,,,,,,,,,
166,61389,,,,,0.0,,,,,,,,,,,
166,61399,,,,,0.0,,,,,,,,,,,
166,61409,,,,,0.0,,,,,,,,,,,
166,61419,,,,,0.0,,,,,,,,,,,
166,61429,,,,,0.0,,,,,,,,,,,
166,61439,,,,,0.0,,,,,,,,,,,
166,61449,,,,,0.0,,,,,,,,,,,
166,61459,,,,,0.0,,,,,,,,,,,
166,61469,,,,,0.0,,,,,,,,,,,
166,61479,,,,,0.0,,,,,,,,,,,
166,61489,,,,,0.0,,,,,,,,,,,
166,61499,,,,,0.0,,,,,,,,,,,
166,61509,,,,,0.0,,,,,,,,,,,
166,61519,,,,,0.0,,,,,,,,,,,
166,61529,,,,,0.0,,,,,,,,,,,
166,61539,,,,,0.0,,,,,,,,,,,
166,61549,,,,,0.0,,,,,,,,,,,
166,61559,,,,,0.0,,,,,,,,,,,
166,61569,,,,,0.0,,,,,,,,,,,
166,61579,,,,,0.0,,,,,,,,,,,
166,61589,,,,,0.0,,,,,,,,,,,
166,61599,,,,,0.0,,,,,,,,,,,
166,61609,,,,,0.0,,,,,,,,,,,
166,61619,,,,,0.0,,,,,,,,,,,
166,166,6.2407972816784e-05,79.7659979694168,,,,,,,,,,,,,,
166,61622,,,,,,1.61813125032495e-06,,,,,,,,,,
167,61629,,,,,0.0,,,,,,,,,,,
167,61639,,,,,0.0,,,,,,,,,,,
167,61649,,,,,0.0,,,,,,,,,,,
167,61659,,,,,0.0,,,,,,,,,,,
167,61669,,,,,0.0,,,,,,,,,,,
167,61679,,,,,0.0,,,,,,,,,,,
167,61689,,,,,0.0,,,,,,,,,,,
167,61699,,,,,0.0,,,,,,,,,,,
167,61709,,,,,0.0,,,,,,,,,,,
167,61719,,,,,0.0,,,,,,,,,,,
167,61729,,,,,0.0,,,,,,,,,,,
167,61739,,,,,0.0,,,,,,,,,,,
167,61749,,,,,0.0,,,,,,,,,,,
167,61759,,,,,0.0,,,,,,,,,,,
167,61769,,,,,0.0,,,,,,,,,,,
167,61779,,,,,0.0,,,,,,,,,,,
167,61789,,,,,0.0,,,,,,,,,,,
167,61799,,,,,0.0,,,,,,,,,,,
167,61809,,,,,0.0,,,,,,,,,,,
167,61819,,,,,0.0,,,,,,,,,,,
167,61829,,,,,0.0,,,,,,,,,,,
167,61839,,,,,0.0,,,,,,,,,,,
167,61849,,,,,0.0,,,,,,,,,,,
167,61859,,,,,0.0,,,,,,,,,,,
167,61869,,,,,0.0,,,,,,,,,,,
167,61879,,,,,0.0,,,,,,,,,,,
167,61889,,,,,0.0,,,,,,,,,,,
167,61899,,,,,0.0,,,,,,,,,,,
167,61909,,,,,0.0,,,,,,,,,,,
167,61919,,,,,0.0,,,,,,,,,,,
167,61929,,,,,0.0,,,,,,,,,,,
167,61939,,,,,0.0,,,,,,,,,,,
167,61949,,,,,0.0,,,,,,,,,,,
167,61959,,,,,0.0,,,,,,,,,,,
167,61969,,,,,0.0,,,,,,,,,,,
167,61979,,,,,0.0,,,,,,,,,,,
167,61989,,,,,0.0,,,,,,,,,,,
167,167,0.0,79.79262651175684,,,,,,,,,,,,,,
167,61991,,,,,,4.2027937752209255e-07,,,,,,,,,,
168,61999,,,,,0.0,,,,,,,,,,,
168,62009,,,,,0.0,,,,,,,,,,,
168,62019,,,,,0.0,,,,,,,,,,,
168,62029,,,,,0.0,,,,,,,,,,,
168,62039,,,,,0.0,,,,,,,,,,,
168,62049,,,,,0.0,,,,,,,,,,,
168,62059,,,,,0.0,,,,,,,,,,,
168,62069,,,,,0.0,,,,,,,,,,,
168,62079,,,,,0.0,,,,,,,,,,,
168,62089,,,,,0.0,,,,,,,,,,,
168,62099,,,,,0.0,,,,,,,,,,,
168,62109,,,,,0.0,,,,,,,,,,,
168,62119,,,,,0.0,,,,,,,,,,,
168,62129,,,,,0.0,,,,,,,,,,,
168,62139,,,,,0.0,,,,,,,,,,,
168,62149,,,,,0.0,,,,,,,,,,,
168,62159,,,,,0.0,,,,,,,,,,,
168,62169,,,,,0.0,,,,,,,,,,,
168,62179,,,,,0.0,,,,,,,,,,,
168,62189,,,,,0.0,,,,,,,,,,,
168,62199,,,,,0.0,,,,,,,,,,,
168,62209,,,,,0.0,,,,,,,,,,,
168,62219,,,,,0.0,,,,,,,,,,,
168,62229,,,,,0.0,,,,,,,,,,,
168,62239,,,,,0.0,,,,,,,,,,,
168,62249,,,,,0.0,,,,,,,,,,,
168,62259,,,,,0.0,,,,,,,,,,,
168,62269,,,,,0.0,,,,,,,,,,,
168,62279,,,,,0.0,,,,,,,,,,,
168,62289,,,,,0.0,,,,,,,,,,,
168,62299,,,,,0.0,,,,,,,,,,,
168,62309,,,,,0.0,,,,,,,,,,,
168,62319,,,,,0.0,,,,,,,,,,,
168,62329,,,,,0.0,,,,,,,,,,,
168,62339,,,,,0.0,,,,,,,,,,,
168,62349,,,,,0.0,,,,,,,,,,,
168,62359,,,,,0.0,,,,,,,,,,,
168,168,0.0,79.82918710316068,,,,,,,,,,,,,,
168,62360,,,,,,4.541889779829944e-07,,,,,,,,,,
169,62369,,,,,0.0,,,,,,,,,,,
169,62379,,,,,0.0,,,,,,,,,,,
169,62389,,,,,0.0,,,,,,,,,,,
169,62399,,,,,0.0,,,,,,,,,,,
169,62409,,,,,0.0,,,,,,,,,,,
169,62419,,,,,0.0,,,,,,,,,,,
169,62429,,,,,0.0,,,,,,,,,,,
169,62439,,,,,0.0,,,,,,,,,,,
169,62449,,,,,0.0,,,,,,,,,,,
169,62459,,,,,0.0,,,,,,,,,,,
169,62469,,,,,0.0,,,,,,,,,,,
169,62479,,,,,0.0,,,,,,,,,,,
169,62489,,,,,0.0,,,,,,,,,,,
169,62499,,,,,0.0,,,,,,,,,,,
169,62509,,,,,0.0,,,,,,,,,,,
169,62519,,,,,0.0,,,,,,,,,,,
169,62529,,,,,0.0,,,,,,,,,,,
169,62539,,,,,0.0,,,,,,,,,,,
169,62549,,,,,0.0,,,,,,,,,,,
169,62559,,,,,0.0,,,,,,,,,,,
169,62569,,,,,0.0,,,,,,,,,,,
169,62579,,,,,0.0,,,,,,,,,,,
169,62589,,,,,0.0,,,,,,,,,,,
169,62599,,,,,0.0,,,,,,,,,,,
169,62609,,,,,7.90807607700117e-05,,,,,,,,,,,
169,62619,,,,,0.0,,,,,,,,,,,
169,62629,,,,,0.0,,,,,,,,,,,
169,62639,,,,,0.0,,,,,,,,,,,
169,62649,,,,,0.0,,,,,,,,,,,
169,62659,,,,,0.0,,,,,,,,,,,
169,62669,,,,,0.0,,,,,,,,,,,
169,62679,,,,,0.0,,,,,,,,,,,
169,62689,,,,,0.0,,,,,,,,,,,
169,62699,,,,,0.0,,,,,,,,,,,
169,62709,,,,,0.0,,,,,,,,,,,
169,62719,,,,,0.0,,,,,,,,,,,
169,62729,,,,,0.0,,,,,,,,,,,
169,169,,,0.5558427572250366,0.011415394023060799,,,1.5109709680785765e-09,0.026616424322128296,,0.5572400093078613,,0.01147270854562521,,1.3568057513734758e-06,,0.030023468658328056
169,62729,,,,,,,,,0.5572400093078613,,0.01147270854562521,,1.3568056829171837e-06,,0.030023468658328056,
169,169,5.487021727304205e-05,79.87723177375334,,,,,,,,,,,,,,
169,62729,,,,,,6.672491394965618e-07,,,,,,,,,,
170,62739,,,,,0.0,,,,,,,,,,,
170,62749,,,,,0.0,,,,,,,,,,,
170,62759,,,,,0.0,,,,,,,,,,,
170,62769,,,,,0.0,,,,,,,,,,,
170,62779,,,,,0.0,,,,,,,,,,,
170,62789,,,,,0.0,,,,,,,,,,,
170,62799,,,,,0.0,,,,,,,,,,,
170,62809,,,,,0.0,,,,,,,,,,,
170,62819,,,,,0.0,,,,,,,,,,,
170,62829,,,,,0.0,,,,,,,,,,,
170,62839,,,,,0.0,,,,,,,,,,,
170,62849,,,,,0.0,,,,,,,,,,,
170,62859,,,,,0.0,,,,,,,,,,,
170,62869,,,,,0.0,,,,,,,,,,,
170,62879,,,,,0.0,,,,,,,,,,,
170,62889,,,,,0.0,,,,,,,,,,,
170,62899,,,,,0.0,,,,,,,,,,,
170,62909,,,,,0.0,,,,,,,,,,,
170,62919,,,,,0.0,,,,,,,,,,,
170,62929,,,,,0.0,,,,,,,,,,,
170,62939,,,,,0.0,,,,,,,,,,,
170,62949,,,,,0.0,,,,,,,,,,,
170,62959,,,,,0.0,,,,,,,,,,,
170,62969,,,,,0.0,,,,,,,,,,,
170,62979,,,,,0.0,,,,,,,,,,,
170,62989,,,,,0.0,,,,,,,,,,,
170,62999,,,,,0.0,,,,,,,,,,,
170,63009,,,,,0.0,,,,,,,,,,,
170,63019,,,,,0.0,,,,,,,,,,,
170,63029,,,,,0.0,,,,,,,,,,,
170,63039,,,,,0.0,,,,,,,,,,,
170,63049,,,,,0.0,,,,,,,,,,,
170,63059,,,,,0.0,,,,,,,,,,,
170,63069,,,,,0.0,,,,,,,,,,,
170,63079,,,,,0.0,,,,,,,,,,,
170,63089,,,,,0.0,,,,,,,,,,,
170,170,0.0,79.9092551405834,,,,,,,,,,,,,,
170,63098,,,,,,5.585247890849132e-07,,,,,,,,,,
171,63099,,,,,0.0,,,,,,,,,,,
171,63109,,,,,0.0,,,,,,,,,,,
171,63119,,,,,0.0,,,,,,,,,,,
171,63129,,,,,0.0,,,,,,,,,,,
171,63139,,,,,0.0,,,,,,,,,,,
171,63149,,,,,0.0,,,,,,,,,,,
171,63159,,,,,0.0,,,,,,,,,,,
171,63169,,,,,0.0,,,,,,,,,,,
171,63179,,,,,0.0,,,,,,,,,,,
171,63189,,,,,0.0,,,,,,,,,,,
171,63199,,,,,0.0,,,,,,,,,,,
171,63209,,,,,0.0,,,,,,,,,,,
171,63219,,,,,0.0,,,,,,,,,,,
171,63229,,,,,0.0,,,,,,,,,,,
171,63239,,,,,0.0,,,,,,,,,,,
171,63249,,,,,0.0,,,,,,,,,,,
171,63259,,,,,0.0,,,,,,,,,,,
171,63269,,,,,0.0,,,,,,,,,,,
171,63279,,,,,0.0,,,,,,,,,,,
171,63289,,,,,0.0,,,,,,,,,,,
171,63299,,,,,0.0,,,,,,,,,,,
171,63309,,,,,0.0,,,,,,,,,,,
171,63319,,,,,0.0,,,,,,,,,,,
171,63329,,,,,0.0,,,,,,,,,,,
171,63339,,,,,0.0,,,,,,,,,,,
171,63349,,,,,0.0,,,,,,,,,,,
171,63359,,,,,0.0,,,,,,,,,,,
171,63369,,,,,0.0,,,,,,,,,,,
171,63379,,,,,0.0,,,,,,,,,,,
171,63389,,,,,0.0,,,,,,,,,,,
171,63399,,,,,0.0,,,,,,,,,,,
171,63409,,,,,0.0,,,,,,,,,,,
171,63419,,,,,0.0,,,,,,,,,,,
171,63429,,,,,0.0,,,,,,,,,,,
171,63439,,,,,0.0,,,,,,,,,,,
171,63449,,,,,0.0,,,,,,,,,,,
171,63459,,,,,0.0,,,,,,,,,,,
171,171,0.0,79.94611066687801,,,,,,,,,,,,,,
171,63467,,,,,,1.6894210830287193e-06,,,,,,,,,,
172,63469,,,,,0.0,,,,,,,,,,,
172,63479,,,,,0.0,,,,,,,,,,,
172,63489,,,,,0.0,,,,,,,,,,,
172,63499,,,,,0.0,,,,,,,,,,,
172,63509,,,,,0.0,,,,,,,,,,,
172,63519,,,,,0.0,,,,,,,,,,,
172,63529,,,,,0.0,,,,,,,,,,,
172,63539,,,,,0.0,,,,,,,,,,,
172,63549,,,,,0.0,,,,,,,,,,,
172,63559,,,,,0.0,,,,,,,,,,,
172,63569,,,,,0.0,,,,,,,,,,,
172,63579,,,,,0.0,,,,,,,,,,,
172,63589,,,,,0.0,,,,,,,,,,,
172,63599,,,,,0.0,,,,,,,,,,,
172,63609,,,,,0.0,,,,,,,,,,,
172,63619,,,,,0.0,,,,,,,,,,,
172,63629,,,,,0.0,,,,,,,,,,,
172,63639,,,,,0.0,,,,,,,,,,,
172,63649,,,,,0.0,,,,,,,,,,,
172,63659,,,,,0.0,,,,,,,,,,,
172,63669,,,,,0.0,,,,,,,,,,,
172,63679,,,,,0.0,,,,,,,,,,,
172,63689,,,,,0.0,,,,,,,,,,,
172,63699,,,,,0.0,,,,,,,,,,,
172,63709,,,,,0.0,,,,,,,,,,,
172,63719,,,,,0.0,,,,,,,,,,,
172,63729,,,,,0.0,,,,,,,,,,,
172,63739,,,,,0.0,,,,,,,,,,,
172,63749,,,,,0.0,,,,,,,,,,,
172,63759,,,,,0.0,,,,,,,,,,,
172,63769,,,,,0.0,,,,,,,,,,,
172,63779,,,,,0.0,,,,,,,,,,,
172,63789,,,,,0.0,,,,,,,,,,,
172,63799,,,,,0.0,,,,,,,,,,,
172,63809,,,,,0.0,,,,,,,,,,,
172,63819,,,,,0.0,,,,,,,,,,,
172,63829,,,,,0.0,,,,,,,,,,,
172,172,0.0,79.9567918869977,,,,,,,,,,,,,,
172,63836,,,,,,2.866001977963606e-07,,,,,,,,,,
173,63839,,,,,0.0,,,,,,,,,,,
173,63849,,,,,0.0,,,,,,,,,,,
173,63859,,,,,0.0,,,,,,,,,,,
173,63869,,,,,0.0,,,,,,,,,,,
173,63879,,,,,0.0,,,,,,,,,,,
173,63889,,,,,0.0,,,,,,,,,,,
173,63899,,,,,0.0,,,,,,,,,,,
173,63909,,,,,0.0,,,,,,,,,,,
173,63919,,,,,0.0,,,,,,,,,,,
173,63929,,,,,0.0,,,,,,,,,,,
173,63939,,,,,0.0,,,,,,,,,,,
173,63949,,,,,0.0,,,,,,,,,,,
173,63959,,,,,0.0,,,,,,,,,,,
173,63969,,,,,0.0,,,,,,,,,,,
173,63979,,,,,0.0,,,,,,,,,,,
173,63989,,,,,0.0,,,,,,,,,,,
173,63999,,,,,0.0,,,,,,,,,,,
173,64009,,,,,0.0,,,,,,,,,,,
173,64019,,,,,0.0,,,,,,,,,,,
173,64029,,,,,0.0,,,,,,,,,,,
173,64039,,,,,0.0,,,,,,,,,,,
173,64049,,,,,0.0,,,,,,,,,,,
173,64059,,,,,0.0,,,,,,,,,,,
173,64069,,,,,0.0,,,,,,,,,,,
173,64079,,,,,0.0,,,,,,,,,,,
173,64089,,,,,0.0,,,,,,,,,,,
173,64099,,,,,0.0,,,,,,,,,,,
173,64109,,,,,0.0,,,,,,,,,,,
173,64119,,,,,0.0,,,,,,,,,,,
173,64129,,,,,0.0,,,,,,,,,,,
173,64139,,,,,0.0,,,,,,,,,,,
173,64149,,,,,0.0,,,,,,,,,,,
173,64159,,,,,0.0,,,,,,,,,,,
173,64169,,,,,0.0,,,,,,,,,,,
173,64179,,,,,0.0,,,,,,,,,,,
173,64189,,,,,0.0,,,,,,,,,,,
173,64199,,,,,0.0,,,,,,,,,,,
173,173,0.0,79.96681074023331,,,,,,,,,,,,,,
173,64205,,,,,,7.811458857531761e-08,,,,,,,,,,
174,64209,,,,,0.0,,,,,,,,,,,
174,64219,,,,,0.0,,,,,,,,,,,
174,64229,,,,,0.0,,,,,,,,,,,
174,64239,,,,,0.0,,,,,,,,,,,
174,64249,,,,,0.0,,,,,,,,,,,
174,64259,,,,,0.0,,,,,,,,,,,
174,64269,,,,,0.0,,,,,,,,,,,
174,64279,,,,,0.0,,,,,,,,,,,
174,64289,,,,,0.0,,,,,,,,,,,
174,64299,,,,,0.0,,,,,,,,,,,
174,64309,,,,,0.0,,,,,,,,,,,
174,64319,,,,,0.0,,,,,,,,,,,
174,64329,,,,,0.0,,,,,,,,,,,
174,64339,,,,,0.0,,,,,,,,,,,
174,64349,,,,,0.0,,,,,,,,,,,
174,64359,,,,,0.0,,,,,,,,,,,
174,64369,,,,,0.0,,,,,,,,,,,
174,64379,,,,,0.0,,,,,,,,,,,
174,64389,,,,,0.0,,,,,,,,,,,
174,64399,,,,,0.0,,,,,,,,,,,
174,64409,,,,,0.0,,,,,,,,,,,
174,64419,,,,,0.0,,,,,,,,,,,
174,64429,,,,,0.0,,,,,,,,,,,
174,64439,,,,,0.0,,,,,,,,,,,
174,64449,,,,,0.0,,,,,,,,,,,
174,64459,,,,,0.0,,,,,,,,,,,
174,64469,,,,,0.0,,,,,,,,,,,
174,64479,,,,,0.0,,,,,,,,,,,
174,64489,,,,,0.0,,,,,,,,,,,
174,64499,,,,,0.0,,,,,,,,,,,
174,64509,,,,,0.0,,,,,,,,,,,
174,64519,,,,,0.0,,,,,,,,,,,
174,64529,,,,,0.0,,,,,,,,,,,
174,64539,,,,,0.0,,,,,,,,,,,
174,64549,,,,,0.0,,,,,,,,,,,
174,64559,,,,,0.0,,,,,,,,,,,
174,64569,,,,,0.0,,,,,,,,,,,
174,174,0.0,79.96862082387345,,,,,,,,,,,,,,
174,64574,,,,,,4.959482069466503e-08,,,,,,,,,,
175,64579,,,,,0.0,,,,,,,,,,,
175,64589,,,,,0.0,,,,,,,,,,,
175,64599,,,,,0.0,,,,,,,,,,,
175,64609,,,,,0.0,,,,,,,,,,,
175,64619,,,,,0.0,,,,,,,,,,,
175,64629,,,,,0.0,,,,,,,,,,,
175,64639,,,,,0.0,,,,,,,,,,,
175,64649,,,,,0.0,,,,,,,,,,,
175,64659,,,,,0.0,,,,,,,,,,,
175,64669,,,,,0.0,,,,,,,,,,,
175,64679,,,,,0.0,,,,,,,,,,,
175,64689,,,,,0.0,,,,,,,,,,,
175,64699,,,,,0.0,,,,,,,,,,,
175,64709,,,,,0.0,,,,,,,,,,,
175,64719,,,,,0.0,,,,,,,,,,,
175,64729,,,,,0.0,,,,,,,,,,,
175,64739,,,,,0.0,,,,,,,,,,,
175,64749,,,,,0.0,,,,,,,,,,,
175,64759,,,,,0.0,,,,,,,,,,,
175,64769,,,,,0.0,,,,,,,,,,,
175,64779,,,,,0.0,,,,,,,,,,,
175,64789,,,,,0.0,,,,,,,,,,,
175,64799,,,,,0.0,,,,,,,,,,,
175,64809,,,,,0.0,,,,,,,,,,,
175,64819,,,,,0.0,,,,,,,,,,,
175,64829,,,,,0.0,,,,,,,,,,,
175,64839,,,,,0.0,,,,,,,,,,,
175,64849,,,,,0.0,,,,,,,,,,,
175,64859,,,,,0.0,,,,,,,,,,,
175,64869,,,,,0.0,,,,,,,,,,,
175,64879,,,,,0.0,,,,,,,,,,,
175,64889,,,,,0.0,,,,,,,,,,,
175,64899,,,,,0.0,,,,,,,,,,,
175,64909,,,,,0.0,,,,,,,,,,,
175,64919,,,,,0.0,,,,,,,,,,,
175,64929,,,,,0.0,,,,,,,,,,,
175,64939,,,,,0.0,,,,,,,,,,,
175,175,0.0,79.97550727555806,,,,,,,,,,,,,,
175,64943,,,,,,1.3499684037299176e-08,,,,,,,,,,
176,64949,,,,,0.0,,,,,,,,,,,
176,64959,,,,,0.0,,,,,,,,,,,
176,64969,,,,,0.0,,,,,,,,,,,
176,64979,,,,,0.0,,,,,,,,,,,
176,64989,,,,,0.0,,,,,,,,,,,
176,64999,,,,,0.0,,,,,,,,,,,
176,65009,,,,,0.0,,,,,,,,,,,
176,65019,,,,,0.0,,,,,,,,,,,
176,65029,,,,,0.0,,,,,,,,,,,
176,65039,,,,,0.0,,,,,,,,,,,
176,65049,,,,,0.0,,,,,,,,,,,
176,65059,,,,,0.0,,,,,,,,,,,
176,65069,,,,,0.0,,,,,,,,,,,
176,65079,,,,,0.0,,,,,,,,,,,
176,65089,,,,,0.0,,,,,,,,,,,
176,65099,,,,,0.0,,,,,,,,,,,
176,65109,,,,,0.0,,,,,,,,,,,
176,65119,,,,,0.0,,,,,,,,,,,
176,65129,,,,,0.0,,,,,,,,,,,
176,65139,,,,,0.0,,,,,,,,,,,
176,65149,,,,,0.0,,,,,,,,,,,
176,65159,,,,,0.0,,,,,,,,,,,
176,65169,,,,,0.0,,,,,,,,,,,
176,65179,,,,,0.0,,,,,,,,,,,
176,65189,,,,,0.0,,,,,,,,,,,
176,65199,,,,,0.0,,,,,,,,,,,
176,65209,,,,,0.0,,,,,,,,,,,
176,65219,,,,,0.0,,,,,,,,,,,
176,65229,,,,,0.0,,,,,,,,,,,
176,65239,,,,,0.0,,,,,,,,,,,
176,65249,,,,,0.0,,,,,,,,,,,
176,65259,,,,,0.0,,,,,,,,,,,
176,65269,,,,,0.0,,,,,,,,,,,
176,65279,,,,,0.0,,,,,,,,,,,
176,65289,,,,,0.0,,,,,,,,,,,
176,65299,,,,,0.0,,,,,,,,,,,
176,65309,,,,,0.0,,,,,,,,,,,
176,176,0.0,79.98711428429658,,,,,,,,,,,,,,
176,65312,,,,,,8.609988100261035e-08,,,,,,,,,,
177,65319,,,,,0.0,,,,,,,,,,,
177,65329,,,,,0.0,,,,,,,,,,,
177,65339,,,,,3.76783305000572e-06,,,,,,,,,,,
177,65349,,,,,0.0,,,,,,,,,,,
177,65359,,,,,0.0,,,,,,,,,,,
177,65369,,,,,0.0,,,,,,,,,,,
177,65379,,,,,0.0,,,,,,,,,,,
177,65389,,,,,0.0,,,,,,,,,,,
177,65399,,,,,0.0,,,,,,,,,,,
177,65409,,,,,0.0,,,,,,,,,,,
177,65419,,,,,0.0,,,,,,,,,,,
177,65429,,,,,0.0,,,,,,,,,,,
177,65439,,,,,0.0,,,,,,,,,,,
177,65449,,,,,0.0,,,,,,,,,,,
177,65459,,,,,0.0,,,,,,,,,,,
177,65469,,,,,0.0,,,,,,,,,,,
177,65479,,,,,0.0,,,,,,,,,,,
177,65489,,,,,0.0,,,,,,,,,,,
177,65499,,,,,0.0,,,,,,,,,,,
177,65509,,,,,0.0,,,,,,,,,,,
177,65519,,,,,0.0,,,,,,,,,,,
177,65529,,,,,0.0,,,,,,,,,,,
177,65539,,,,,0.0,,,,,,,,,,,
177,65549,,,,,0.0,,,,,,,,,,,
177,65559,,,,,0.0,,,,,,,,,,,
177,65569,,,,,0.0,,,,,,,,,,,
177,65579,,,,,0.0,,,,,,,,,,,
177,65589,,,,,0.0,,,,,,,,,,,
177,65599,,,,,0.0,,,,,,,,,,,
177,65609,,,,,0.0,,,,,,,,,,,
177,65619,,,,,0.0,,,,,,,,,,,
177,65629,,,,,0.0,,,,,,,,,,,
177,65639,,,,,0.0,,,,,,,,,,,
177,65649,,,,,0.0,,,,,,,,,,,
177,65659,,,,,0.0,,,,,,,,,,,
177,65669,,,,,0.0,,,,,,,,,,,
177,65679,,,,,0.0,,,,,,,,,,,
177,177,0.0002226997735069144,80.02936656048819,,,,,,,,,,,,,,
177,65681,,,,,,3.8668147794851393e-07,,,,,,,,,,
178,65689,,,,,0.0,,,,,,,,,,,
178,65699,,,,,0.0,,,,,,,,,,,
178,65709,,,,,0.0,,,,,,,,,,,
178,65719,,,,,0.0,,,,,,,,,,,
178,65729,,,,,0.0,,,,,,,,,,,
178,65739,,,,,0.0,,,,,,,,,,,
178,65749,,,,,0.0,,,,,,,,,,,
178,65759,,,,,0.0,,,,,,,,,,,
178,65769,,,,,0.0,,,,,,,,,,,
178,65779,,,,,0.0,,,,,,,,,,,
178,65789,,,,,0.0,,,,,,,,,,,
178,65799,,,,,0.0,,,,,,,,,,,
178,65809,,,,,0.0,,,,,,,,,,,
178,65819,,,,,0.0,,,,,,,,,,,
178,65829,,,,,0.0,,,,,,,,,,,
178,65839,,,,,0.0,,,,,,,,,,,
178,65849,,,,,0.0,,,,,,,,,,,
178,65859,,,,,0.0,,,,,,,,,,,
178,65869,,,,,0.0,,,,,,,,,,,
178,65879,,,,,0.0,,,,,,,,,,,
178,65889,,,,,0.0,,,,,,,,,,,
178,65899,,,,,0.0,,,,,,,,,,,
178,65909,,,,,0.0,,,,,,,,,,,
178,65919,,,,,0.0,,,,,,,,,,,
178,65929,,,,,0.0,,,,,,,,,,,
178,65939,,,,,0.0,,,,,,,,,,,
178,65949,,,,,0.0,,,,,,,,,,,
178,65959,,,,,0.0,,,,,,,,,,,
178,65969,,,,,0.0,,,,,,,,,,,
178,65979,,,,,0.0,,,,,,,,,,,
178,65989,,,,,0.0,,,,,,,,,,,
178,65999,,,,,0.0,,,,,,,,,,,
178,66009,,,,,0.0,,,,,,,,,,,
178,66019,,,,,0.0,,,,,,,,,,,
178,66029,,,,,0.0,,,,,,,,,,,
178,66039,,,,,0.0,,,,,,,,,,,
178,66049,,,,,0.0,,,,,,,,,,,
178,178,0.0,80.04550617987799,,,,,,,,,,,,,,
178,66050,,,,,,6.632246254412166e-07,,,,,,,,,,
179,66059,,,,,0.0,,,,,,,,,,,
179,66069,,,,,0.0,,,,,,,,,,,
179,66079,,,,,0.0,,,,,,,,,,,
179,66089,,,,,5.7863591791829094e-05,,,,,,,,,,,
179,66099,,,,,0.0,,,,,,,,,,,
179,66109,,,,,0.0,,,,,,,,,,,
179,66119,,,,,0.0,,,,,,,,,,,
179,66129,,,,,0.0,,,,,,,,,,,
179,66139,,,,,0.0,,,,,,,,,,,
179,66149,,,,,0.0,,,,,,,,,,,
179,66159,,,,,0.0,,,,,,,,,,,
179,66169,,,,,0.0,,,,,,,,,,,
179,66179,,,,,0.0,,,,,,,,,,,
179,66189,,,,,0.0,,,,,,,,,,,
179,66199,,,,,0.0,,,,,,,,,,,
179,66209,,,,,0.0,,,,,,,,,,,
179,66219,,,,,0.0,,,,,,,,,,,
179,66229,,,,,0.0,,,,,,,,,,,
179,66239,,,,,0.0,,,,,,,,,,,
179,66249,,,,,0.0,,,,,,,,,,,
179,66259,,,,,0.0,,,,,,,,,,,
179,66269,,,,,0.0,,,,,,,,,,,
179,66279,,,,,0.0,,,,,,,,,,,
179,66289,,,,,0.0,,,,,,,,,,,
179,66299,,,,,0.0,,,,,,,,,,,
179,66309,,,,,0.0,,,,,,,,,,,
179,66319,,,,,0.0,,,,,,,,,,,
179,66329,,,,,0.0,,,,,,,,,,,
179,66339,,,,,0.0,,,,,,,,,,,
179,66349,,,,,0.0,,,,,,,,,,,
179,66359,,,,,0.0,,,,,,,,,,,
179,66369,,,,,0.0,,,,,,,,,,,
179,66379,,,,,0.0,,,,,,,,,,,
179,66389,,,,,0.0,,,,,,,,,,,
179,66399,,,,,0.0,,,,,,,,,,,
179,66409,,,,,0.0,,,,,,,,,,,
179,66419,,,,,0.0,,,,,,,,,,,
179,179,,,0.558775782585144,0.010559129528701305,,,1.0751395911233725e-08,0.024789582937955856,,0.5587647557258606,,0.010629519820213318,,8.33892138873304e-07,,0.028275609016418457
179,66419,,,,,,,,,0.5587647557258606,,0.010629519820213318,,8.338921020367707e-07,,0.028275609016418457,
179,179,0.00012325669047618244,80.08585697022772,,,,,,,,,,,,,,
179,66419,,,,,,2.897825481795735e-07,,,,,,,,,,
180,66429,,,,,0.0,,,,,,,,,,,
180,66439,,,,,0.0,,,,,,,,,,,
180,66449,,,,,0.0,,,,,,,,,,,
180,66459,,,,,0.0,,,,,,,,,,,
180,66469,,,,,0.0,,,,,,,,,,,
180,66479,,,,,0.0,,,,,,,,,,,
180,66489,,,,,0.0,,,,,,,,,,,
180,66499,,,,,0.0,,,,,,,,,,,
180,66509,,,,,0.0,,,,,,,,,,,
180,66519,,,,,0.0,,,,,,,,,,,
180,66529,,,,,0.0,,,,,,,,,,,
180,66539,,,,,0.0,,,,,,,,,,,
180,66549,,,,,0.0,,,,,,,,,,,
180,66559,,,,,0.0,,,,,,,,,,,
180,66569,,,,,0.0,,,,,,,,,,,
180,66579,,,,,0.0,,,,,,,,,,,
180,66589,,,,,0.0,,,,,,,,,,,
180,66599,,,,,0.0,,,,,,,,,,,
180,66609,,,,,0.0,,,,,,,,,,,
180,66619,,,,,0.0,,,,,,,,,,,
180,66629,,,,,0.0,,,,,,,,,,,
180,66639,,,,,0.0,,,,,,,,,,,
180,66649,,,,,0.0,,,,,,,,,,,
180,66659,,,,,0.0,,,,,,,,,,,
180,66669,,,,,0.0,,,,,,,,,,,
180,66679,,,,,0.0,,,,,,,,,,,
180,66689,,,,,0.0,,,,,,,,,,,
180,66699,,,,,0.0,,,,,,,,,,,
180,66709,,,,,0.0,,,,,,,,,,,
180,66719,,,,,0.0,,,,,,,,,,,
180,66729,,,,,0.0,,,,,,,,,,,
180,66739,,,,,0.0,,,,,,,,,,,
180,66749,,,,,0.0,,,,,,,,,,,
180,66759,,,,,0.0,,,,,,,,,,,
180,66769,,,,,0.0,,,,,,,,,,,
180,66779,,,,,0.0,,,,,,,,,,,
180,180,0.0,80.11423264134869,,,,,,,,,,,,,,
180,66788,,,,,,4.1349326806994213e-07,,,,,,,,,,
181,66789,,,,,0.0,,,,,,,,,,,
181,66799,,,,,0.0,,,,,,,,,,,
181,66809,,,,,0.0,,,,,,,,,,,
181,66819,,,,,0.0,,,,,,,,,,,
181,66829,,,,,0.0,,,,,,,,,,,
181,66839,,,,,0.0,,,,,,,,,,,
181,66849,,,,,0.0,,,,,,,,,,,
181,66859,,,,,0.0,,,,,,,,,,,
181,66869,,,,,0.0,,,,,,,,,,,
181,66879,,,,,0.0,,,,,,,,,,,
181,66889,,,,,0.0,,,,,,,,,,,
181,66899,,,,,0.0,,,,,,,,,,,
181,66909,,,,,0.0,,,,,,,,,,,
181,66919,,,,,0.0,,,,,,,,,,,
181,66929,,,,,0.0,,,,,,,,,,,
181,66939,,,,,0.0,,,,,,,,,,,
181,66949,,,,,0.0,,,,,,,,,,,
181,66959,,,,,0.0,,,,,,,,,,,
181,66969,,,,,0.0,,,,,,,,,,,
181,66979,,,,,0.0,,,,,,,,,,,
181,66989,,,,,0.0,,,,,,,,,,,
181,66999,,,,,0.0,,,,,,,,,,,
181,67009,,,,,0.0,,,,,,,,,,,
181,67019,,,,,0.0,,,,,,,,,,,
181,67029,,,,,0.0,,,,,,,,,,,
181,67039,,,,,0.0,,,,,,,,,,,
181,67049,,,,,0.0,,,,,,,,,,,
181,67059,,,,,0.0,,,,,,,,,,,
181,67069,,,,,0.0,,,,,,,,,,,
181,67079,,,,,0.0,,,,,,,,,,,
181,67089,,,,,0.0,,,,,,,,,,,
181,67099,,,,,0.0,,,,,,,,,,,
181,67109,,,,,0.0,,,,,,,,,,,
181,67119,,,,,0.0,,,,,,,,,,,
181,67129,,,,,0.0,,,,,,,,,,,
181,67139,,,,,0.0,,,,,,,,,,,
181,67149,,,,,0.0,,,,,,,,,,,
181,181,0.0,80.14385380946662,,,,,,,,,,,,,,
181,67157,,,,,,2.811998456309084e-07,,,,,,,,,,
182,67159,,,,,0.0,,,,,,,,,,,
182,67169,,,,,0.0,,,,,,,,,,,
182,67179,,,,,0.0,,,,,,,,,,,
182,67189,,,,,0.0,,,,,,,,,,,
182,67199,,,,,0.0,,,,,,,,,,,
182,67209,,,,,0.0,,,,,,,,,,,
182,67219,,,,,0.0,,,,,,,,,,,
182,67229,,,,,0.0,,,,,,,,,,,
182,67239,,,,,0.0,,,,,,,,,,,
182,67249,,,,,0.0,,,,,,,,,,,
182,67259,,,,,0.0,,,,,,,,,,,
182,67269,,,,,0.0,,,,,,,,,,,
182,67279,,,,,0.0,,,,,,,,,,,
182,67289,,,,,0.0,,,,,,,,,,,
182,67299,,,,,0.0,,,,,,,,,,,
182,67309,,,,,0.0,,,,,,,,,,,
182,67319,,,,,0.0,,,,,,,,,,,
182,67329,,,,,0.0,,,,,,,,,,,
182,67339,,,,,0.0,,,,,,,,,,,
182,67349,,,,,0.0,,,,,,,,,,,
182,67359,,,,,0.0,,,,,,,,,,,
182,67369,,,,,0.0,,,,,,,,,,,
182,67379,,,,,0.0,,,,,,,,,,,
182,67389,,,,,0.0,,,,,,,,,,,
182,67399,,,,,0.0,,,,,,,,,,,
182,67409,,,,,0.0,,,,,,,,,,,
182,67419,,,,,0.0,,,,,,,,,,,
182,67429,,,,,0.0,,,,,,,,,,,
182,67439,,,,,0.0,,,,,,,,,,,
182,67449,,,,,0.0,,,,,,,,,,,
182,67459,,,,,0.0,,,,,,,,,,,
182,67469,,,,,0.0,,,,,,,,,,,
182,67479,,,,,0.0,,,,,,,,,,,
182,67489,,,,,0.0,,,,,,,,,,,
182,67499,,,,,0.0,,,,,,,,,,,
182,67509,,,,,0.0,,,,,,,,,,,
182,67519,,,,,0.0,,,,,,,,,,,
182,182,0.0,80.198333381581,,,,,,,,,,,,,,
182,67526,,,,,,3.486132698071742e-07,,,,,,,,,,
183,67529,,,,,0.0,,,,,,,,,,,
183,67539,,,,,0.0,,,,,,,,,,,
183,67549,,,,,0.0,,,,,,,,,,,
183,67559,,,,,0.0,,,,,,,,,,,
183,67569,,,,,0.0,,,,,,,,,,,
183,67579,,,,,0.0,,,,,,,,,,,
183,67589,,,,,0.0,,,,,,,,,,,
183,67599,,,,,0.0,,,,,,,,,,,
183,67609,,,,,0.0,,,,,,,,,,,
183,67619,,,,,0.0,,,,,,,,,,,
183,67629,,,,,0.0,,,,,,,,,,,
183,67639,,,,,0.0,,,,,,,,,,,
183,67649,,,,,0.0,,,,,,,,,,,
183,67659,,,,,0.0,,,,,,,,,,,
183,67669,,,,,0.0,,,,,,,,,,,
183,67679,,,,,0.0,,,,,,,,,,,
183,67689,,,,,0.0,,,,,,,,,,,
183,67699,,,,,0.0,,,,,,,,,,,
183,67709,,,,,0.0,,,,,,,,,,,
183,67719,,,,,0.0,,,,,,,,,,,
183,67729,,,,,0.0,,,,,,,,,,,
183,67739,,,,,0.0,,,,,,,,,,,
183,67749,,,,,0.0,,,,,,,,,,,
183,67759,,,,,0.0,,,,,,,,,,,
183,67769,,,,,0.0,,,,,,,,,,,
183,67779,,,,,0.0,,,,,,,,,,,
183,67789,,,,,0.0,,,,,,,,,,,
183,67799,,,,,0.0,,,,,,,,,,,
183,67809,,,,,0.0,,,,,,,,,,,
183,67819,,,,,0.0,,,,,,,,,,,
183,67829,,,,,0.0,,,,,,,,,,,
183,67839,,,,,0.0,,,,,,,,,,,
183,67849,,,,,0.0,,,,,,,,,,,
183,67859,,,,,5.61892966288724e-06,,,,,,,,,,,
183,67869,,,,,0.0,,,,,,,,,,,
183,67879,,,,,0.0,,,,,,,,,,,
183,67889,,,,,0.0,,,,,,,,,,,
183,183,9.852017245806085e-05,80.24168727894254,,,,,,,,,,,,,,
183,67895,,,,,,4.744250929888949e-07,,,,,,,,,,
184,67899,,,,,0.0,,,,,,,,,,,
184,67909,,,,,0.0,,,,,,,,,,,
184,67919,,,,,0.0,,,,,,,,,,,
184,67929,,,,,0.0,,,,,,,,,,,
184,67939,,,,,0.0,,,,,,,,,,,
184,67949,,,,,0.0,,,,,,,,,,,
184,67959,,,,,0.0,,,,,,,,,,,
184,67969,,,,,0.0,,,,,,,,,,,
184,67979,,,,,0.0,,,,,,,,,,,
184,67989,,,,,0.0,,,,,,,,,,,
184,67999,,,,,0.0,,,,,,,,,,,
184,68009,,,,,0.0,,,,,,,,,,,
184,68019,,,,,0.0,,,,,,,,,,,
184,68029,,,,,0.0,,,,,,,,,,,
184,68039,,,,,0.0,,,,,,,,,,,
184,68049,,,,,0.0,,,,,,,,,,,
184,68059,,,,,0.0,,,,,,,,,,,
184,68069,,,,,0.0,,,,,,,,,,,
184,68079,,,,,0.0,,,,,,,,,,,
184,68089,,,,,0.0,,,,,,,,,,,
184,68099,,,,,0.0,,,,,,,,,,,
184,68109,,,,,0.0,,,,,,,,,,,
184,68119,,,,,0.0,,,,,,,,,,,
184,68129,,,,,0.0,,,,,,,,,,,
184,68139,,,,,0.0,,,,,,,,,,,
184,68149,,,,,0.0,,,,,,,,,,,
184,68159,,,,,0.0,,,,,,,,,,,
184,68169,,,,,0.0,,,,,,,,,,,
184,68179,,,,,0.0,,,,,,,,,,,
184,68189,,,,,0.0,,,,,,,,,,,
184,68199,,,,,0.0,,,,,,,,,,,
184,68209,,,,,0.0,,,,,,,,,,,
184,68219,,,,,0.0,,,,,,,,,,,
184,68229,,,,,0.0,,,,,,,,,,,
184,68239,,,,,0.0,,,,,,,,,,,
184,68249,,,,,0.0,,,,,,,,,,,
184,68259,,,,,0.0,,,,,,,,,,,
184,184,0.0,80.25602480665118,,,,,,,,,,,,,,
184,68264,,,,,,2.8931614792782057e-07,,,,,,,,,,
185,68269,,,,,0.0,,,,,,,,,,,
185,68279,,,,,0.0,,,,,,,,,,,
185,68289,,,,,0.0,,,,,,,,,,,
185,68299,,,,,0.0,,,,,,,,,,,
185,68309,,,,,0.0,,,,,,,,,,,
185,68319,,,,,0.0,,,,,,,,,,,
185,68329,,,,,0.0,,,,,,,,,,,
185,68339,,,,,0.0,,,,,,,,,,,
185,68349,,,,,0.0,,,,,,,,,,,
185,68359,,,,,0.0,,,,,,,,,,,
185,68369,,,,,0.0,,,,,,,,,,,
185,68379,,,,,0.0,,,,,,,,,,,
185,68389,,,,,0.0,,,,,,,,,,,
185,68399,,,,,0.0,,,,,,,,,,,
185,68409,,,,,0.0,,,,,,,,,,,
185,68419,,,,,0.0,,,,,,,,,,,
185,68429,,,,,0.0,,,,,,,,,,,
185,68439,,,,,0.0,,,,,,,,,,,
185,68449,,,,,0.0,,,,,,,,,,,
185,68459,,,,,0.0,,,,,,,,,,,
185,68469,,,,,0.0,,,,,,,,,,,
185,68479,,,,,0.0,,,,,,,,,,,
185,68489,,,,,0.0,,,,,,,,,,,
185,68499,,,,,0.0,,,,,,,,,,,
185,68509,,,,,0.0,,,,,,,,,,,
185,68519,,,,,0.0,,,,,,,,,,,
185,68529,,,,,0.0,,,,,,,,,,,
185,68539,,,,,0.0,,,,,,,,,,,
185,68549,,,,,0.0,,,,,,,,,,,
185,68559,,,,,0.0,,,,,,,,,,,
185,68569,,,,,0.0,,,,,,,,,,,
185,68579,,,,,0.0,,,,,,,,,,,
185,68589,,,,,0.0,,,,,,,,,,,
185,68599,,,,,0.0,,,,,,,,,,,
185,68609,,,,,0.0,,,,,,,,,,,
185,68619,,,,,0.0,,,,,,,,,,,
185,68629,,,,,0.0,,,,,,,,,,,
185,185,0.0,80.28043799537473,,,,,,,,,,,,,,
185,68633,,,,,,5.526367772290541e-07,,,,,,,,,,
186,68639,,,,,0.0,,,,,,,,,,,
186,68649,,,,,0.0,,,,,,,,,,,
186,68659,,,,,0.0,,,,,,,,,,,
186,68669,,,,,0.0,,,,,,,,,,,
186,68679,,,,,4.0637701204104815e-06,,,,,,,,,,,
186,68689,,,,,0.0,,,,,,,,,,,
186,68699,,,,,0.0,,,,,,,,,,,
186,68709,,,,,0.0,,,,,,,,,,,
186,68719,,,,,0.0,,,,,,,,,,,
186,68729,,,,,0.0,,,,,,,,,,,
186,68739,,,,,0.0,,,,,,,,,,,
186,68749,,,,,2.7645006412058137e-05,,,,,,,,,,,
186,68759,,,,,0.0,,,,,,,,,,,
186,68769,,,,,0.0,,,,,,,,,,,
186,68779,,,,,0.0,,,,,,,,,,,
186,68789,,,,,0.0,,,,,,,,,,,
186,68799,,,,,0.0,,,,,,,,,,,
186,68809,,,,,0.0,,,,,,,,,,,
186,68819,,,,,0.0,,,,,,,,,,,
186,68829,,,,,0.0,,,,,,,,,,,
186,68839,,,,,0.0,,,,,,,,,,,
186,68849,,,,,0.0,,,,,,,,,,,
186,68859,,,,,0.0,,,,,,,,,,,
186,68869,,,,,0.0,,,,,,,,,,,
186,68879,,,,,0.0,,,,,,,,,,,
186,68889,,,,,0.0,,,,,,,,,,,
186,68899,,,,,0.0,,,,,,,,,,,
186,68909,,,,,0.0,,,,,,,,,,,
186,68919,,,,,0.0,,,,,,,,,,,
186,68929,,,,,0.0,,,,,,,,,,,
186,68939,,,,,0.0,,,,,,,,,,,
186,68949,,,,,0.0,,,,,,,,,,,
186,68959,,,,,0.0,,,,,,,,,,,
186,68969,,,,,0.0,,,,,,,,,,,
186,68979,,,,,0.0,,,,,,,,,,,
186,68989,,,,,0.0,,,,,,,,,,,
186,68999,,,,,0.0,,,,,,,,,,,
186,186,0.0001104861014546321,80.29936016835525,,,,,,,,,,,,,,
186,69002,,,,,,1.5582192247620696e-07,,,,,,,,,,
187,69009,,,,,0.0,,,,,,,,,,,
187,69019,,,,,0.0,,,,,,,,,,,
187,69029,,,,,0.0,,,,,,,,,,,
187,69039,,,,,0.0,,,,,,,,,,,
187,69049,,,,,0.0,,,,,,,,,,,
187,69059,,,,,1.3322457562026102e-05,,,,,,,,,,,
187,69069,,,,,0.0,,,,,,,,,,,
187,69079,,,,,0.0,,,,,,,,,,,
187,69089,,,,,0.0,,,,,,,,,,,
187,69099,,,,,0.0,,,,,,,,,,,
187,69109,,,,,0.0,,,,,,,,,,,
187,69119,,,,,0.0,,,,,,,,,,,
187,69129,,,,,0.0,,,,,,,,,,,
187,69139,,,,,0.0,,,,,,,,,,,
187,69149,,,,,0.0,,,,,,,,,,,
187,69159,,,,,0.0,,,,,,,,,,,
187,69169,,,,,0.0,,,,,,,,,,,
187,69179,,,,,0.0,,,,,,,,,,,
187,69189,,,,,0.0,,,,,,,,,,,
187,69199,,,,,0.0,,,,,,,,,,,
187,69209,,,,,0.0,,,,,,,,,,,
187,69219,,,,,0.0,,,,,,,,,,,
187,69229,,,,,0.0,,,,,,,,,,,
187,69239,,,,,0.0,,,,,,,,,,,
187,69249,,,,,0.0,,,,,,,,,,,
187,69259,,,,,0.0,,,,,,,,,,,
187,69269,,,,,0.0,,,,,,,,,,,
187,69279,,,,,0.0,,,,,,,,,,,
187,69289,,,,,0.0,,,,,,,,,,,
187,69299,,,,,0.0,,,,,,,,,,,
187,69309,,,,,0.0,,,,,,,,,,,
187,69319,,,,,0.0,,,,,,,,,,,
187,69329,,,,,0.0,,,,,,,,,,,
187,69339,,,,,0.0,,,,,,,,,,,
187,69349,,,,,0.0,,,,,,,,,,,
187,69359,,,,,0.0,,,,,,,,,,,
187,69369,,,,,0.0,,,,,,,,,,,
187,187,0.0001452971370803138,80.3319908297261,,,,,,,,,,,,,,
187,69371,,,,,,4.483161717416806e-07,,,,,,,,,,
188,69379,,,,,0.0,,,,,,,,,,,
188,69389,,,,,0.0,,,,,,,,,,,
188,69399,,,,,0.0,,,,,,,,,,,
188,69409,,,,,0.0,,,,,,,,,,,
188,69419,,,,,0.0,,,,,,,,,,,
188,69429,,,,,0.0,,,,,,,,,,,
188,69439,,,,,0.0,,,,,,,,,,,
188,69449,,,,,0.0,,,,,,,,,,,
188,69459,,,,,0.0,,,,,,,,,,,
188,69469,,,,,0.0,,,,,,,,,,,
188,69479,,,,,0.0,,,,,,,,,,,
188,69489,,,,,0.0,,,,,,,,,,,
188,69499,,,,,0.0,,,,,,,,,,,
188,69509,,,,,0.0,,,,,,,,,,,
188,69519,,,,,0.0,,,,,,,,,,,
188,69529,,,,,0.0,,,,,,,,,,,
188,69539,,,,,0.0,,,,,,,,,,,
188,69549,,,,,0.0,,,,,,,,,,,
188,69559,,,,,0.0,,,,,,,,,,,
188,69569,,,,,0.0,,,,,,,,,,,
188,69579,,,,,0.0,,,,,,,,,,,
188,69589,,,,,0.0,,,,,,,,,,,
188,69599,,,,,0.0,,,,,,,,,,,
188,69609,,,,,0.0,,,,,,,,,,,
188,69619,,,,,0.0,,,,,,,,,,,
188,69629,,,,,0.0,,,,,,,,,,,
188,69639,,,,,0.0,,,,,,,,,,,
188,69649,,,,,0.0,,,,,,,,,,,
188,69659,,,,,0.0,,,,,,,,,,,
188,69669,,,,,0.0,,,,,,,,,,,
188,69679,,,,,0.0,,,,,,,,,,,
188,69689,,,,,0.0,,,,,,,,,,,
188,69699,,,,,0.0,,,,,,,,,,,
188,69709,,,,,0.0,,,,,,,,,,,
188,69719,,,,,0.0,,,,,,,,,,,
188,69729,,,,,0.0,,,,,,,,,,,
188,69739,,,,,0.0,,,,,,,,,,,
188,188,0.0,80.36112098547609,,,,,,,,,,,,,,
188,69740,,,,,,2.7960896886725095e-07,,,,,,,,,,
189,69749,,,,,0.0,,,,,,,,,,,
189,69759,,,,,0.0,,,,,,,,,,,
189,69769,,,,,0.0,,,,,,,,,,,
189,69779,,,,,0.0,,,,,,,,,,,
189,69789,,,,,0.0,,,,,,,,,,,
189,69799,,,,,0.0,,,,,,,,,,,
189,69809,,,,,0.0,,,,,,,,,,,
189,69819,,,,,0.0,,,,,,,,,,,
189,69829,,,,,0.0,,,,,,,,,,,
189,69839,,,,,0.0,,,,,,,,,,,
189,69849,,,,,0.0,,,,,,,,,,,
189,69859,,,,,0.0,,,,,,,,,,,
189,69869,,,,,0.0,,,,,,,,,,,
189,69879,,,,,0.0,,,,,,,,,,,
189,69889,,,,,0.0,,,,,,,,,,,
189,69899,,,,,0.0,,,,,,,,,,,
189,69909,,,,,0.0,,,,,,,,,,,
189,69919,,,,,0.0,,,,,,,,,,,
189,69929,,,,,0.0,,,,,,,,,,,
189,69939,,,,,1.243077167600859e-05,,,,,,,,,,,
189,69949,,,,,0.0,,,,,,,,,,,
189,69959,,,,,0.0,,,,,,,,,,,
189,69969,,,,,0.0,,,,,,,,,,,
189,69979,,,,,0.0,,,,,,,,,,,
189,69989,,,,,0.0,,,,,,,,,,,
189,69999,,,,,1.2957825674675405e-05,,,,,,,,,,,
189,70009,,,,,0.0,,,,,,,,,,,
189,70019,,,,,0.0,,,,,,,,,,,
189,70029,,,,,0.0,,,,,,,,,,,
189,70039,,,,,0.0,,,,,,,,,,,
189,70049,,,,,0.0,,,,,,,,,,,
189,70059,,,,,0.0,,,,,,,,,,,
189,70069,,,,,0.0,,,,,,,,,,,
189,70079,,,,,0.0,,,,,,,,,,,
189,70089,,,,,0.0,,,,,,,,,,,
189,70099,,,,,0.0,,,,,,,,,,,
189,70109,,,,,0.0,,,,,,,,,,,
189,189,,,0.571657657623291,0.010240515694022179,,,4.4100065755332825e-08,0.02429838478565216,,0.5722687244415283,,0.01032636221498251,,1.4819690048122792e-07,,0.027006667107343674
189,70109,,,,,,,,,0.5722687244415283,,0.01032636221498251,,1.4819690363765403e-07,,0.027006667107343674,
189,189,0.00020183089563548636,80.3850994921192,,,,,,,,,,,,,,
189,70109,,,,,,2.3964014417288126e-07,,,,,,,,,,
190,70119,,,,,0.0,,,,,,,,,,,
190,70129,,,,,0.0,,,,,,,,,,,
190,70139,,,,,0.0,,,,,,,,,,,
190,70149,,,,,0.0,,,,,,,,,,,
190,70159,,,,,0.0,,,,,,,,,,,
190,70169,,,,,0.0,,,,,,,,,,,
190,70179,,,,,0.0,,,,,,,,,,,
190,70189,,,,,0.0,,,,,,,,,,,
190,70199,,,,,0.0,,,,,,,,,,,
190,70209,,,,,0.0,,,,,,,,,,,
190,70219,,,,,0.0,,,,,,,,,,,
190,70229,,,,,0.0,,,,,,,,,,,
190,70239,,,,,0.0,,,,,,,,,,,
190,70249,,,,,0.0,,,,,,,,,,,
190,70259,,,,,0.0,,,,,,,,,,,
190,70269,,,,,0.0,,,,,,,,,,,
190,70279,,,,,0.0,,,,,,,,,,,
190,70289,,,,,0.0,,,,,,,,,,,
190,70299,,,,,0.0,,,,,,,,,,,
190,70309,,,,,0.0,,,,,,,,,,,
190,70319,,,,,0.0,,,,,,,,,,,
190,70329,,,,,0.0,,,,,,,,,,,
190,70339,,,,,0.0,,,,,,,,,,,
190,70349,,,,,0.0,,,,,,,,,,,
190,70359,,,,,0.0,,,,,,,,,,,
190,70369,,,,,0.0,,,,,,,,,,,
190,70379,,,,,0.0,,,,,,,,,,,
190,70389,,,,,0.0,,,,,,,,,,,
190,70399,,,,,0.0,,,,,,,,,,,
190,70409,,,,,0.0,,,,,,,,,,,
190,70419,,,,,0.0,,,,,,,,,,,
190,70429,,,,,0.0,,,,,,,,,,,
190,70439,,,,,0.0,,,,,,,,,,,
190,70449,,,,,0.0,,,,,,,,,,,
190,70459,,,,,0.0,,,,,,,,,,,
190,70469,,,,,0.0,,,,,,,,,,,
190,190,0.0,80.3970813987156,,,,,,,,,,,,,,
190,70478,,,,,,2.2785792452850728e-07,,,,,,,,,,
191,70479,,,,,0.0,,,,,,,,,,,
191,70489,,,,,0.0,,,,,,,,,,,
191,70499,,,,,0.0,,,,,,,,,,,
191,70509,,,,,0.0,,,,,,,,,,,
191,70519,,,,,0.0,,,,,,,,,,,
191,70529,,,,,0.0,,,,,,,,,,,
191,70539,,,,,0.0,,,,,,,,,,,
191,70549,,,,,0.0,,,,,,,,,,,
191,70559,,,,,0.0,,,,,,,,,,,
191,70569,,,,,0.0,,,,,,,,,,,
191,70579,,,,,0.0,,,,,,,,,,,
191,70589,,,,,0.0,,,,,,,,,,,
191,70599,,,,,0.0,,,,,,,,,,,
191,70609,,,,,0.0,,,,,,,,,,,
191,70619,,,,,0.0,,,,,,,,,,,
191,70629,,,,,0.0,,,,,,,,,,,
191,70639,,,,,3.887340426445007e-06,,,,,,,,,,,
191,70649,,,,,0.0,,,,,,,,,,,
191,70659,,,,,0.0,,,,,,,,,,,
191,70669,,,,,0.0,,,,,,,,,,,
191,70679,,,,,0.0,,,,,,,,,,,
191,70689,,,,,0.0,,,,,,,,,,,
191,70699,,,,,0.0,,,,,,,,,,,
191,70709,,,,,0.0,,,,,,,,,,,
191,70719,,,,,0.0,,,,,,,,,,,
191,70729,,,,,0.0,,,,,,,,,,,
191,70739,,,,,0.0,,,,,,,,,,,
191,70749,,,,,0.0,,,,,,,,,,,
191,70759,,,,,0.0,,,,,,,,,,,
191,70769,,,,,0.0,,,,,,,,,,,
191,70779,,,,,0.0,,,,,,,,,,,
191,70789,,,,,0.0,,,,,,,,,,,
191,70799,,,,,0.0,,,,,,,,,,,
191,70809,,,,,0.0,,,,,,,,,,,
191,70819,,,,,0.0,,,,,,,,,,,
191,70829,,,,,0.0,,,,,,,,,,,
191,70839,,,,,0.0,,,,,,,,,,,
191,191,0.00010999368666903735,80.40894457572108,,,,,,,,,,,,,,
191,70847,,,,,,1.429681617537426e-07,,,,,,,,,,
192,70849,,,,,0.0,,,,,,,,,,,
192,70859,,,,,0.0,,,,,,,,,,,
192,70869,,,,,0.0,,,,,,,,,,,
192,70879,,,,,0.0,,,,,,,,,,,
192,70889,,,,,0.0,,,,,,,,,,,
192,70899,,,,,0.0,,,,,,,,,,,
192,70909,,,,,0.0,,,,,,,,,,,
192,70919,,,,,0.0,,,,,,,,,,,
192,70929,,,,,0.0,,,,,,,,,,,
192,70939,,,,,0.0,,,,,,,,,,,
192,70949,,,,,0.0,,,,,,,,,,,
192,70959,,,,,1.4438405742112081e-05,,,,,,,,,,,
192,70969,,,,,0.0,,,,,,,,,,,
192,70979,,,,,0.0,,,,,,,,,,,
192,70989,,,,,0.0,,,,,,,,,,,
192,70999,,,,,0.0,,,,,,,,,,,
192,71009,,,,,0.0,,,,,,,,,,,
192,71019,,,,,0.0,,,,,,,,,,,
192,71029,,,,,0.0,,,,,,,,,,,
192,71039,,,,,0.0,,,,,,,,,,,
192,71049,,,,,0.0,,,,,,,,,,,
192,71059,,,,,0.0,,,,,,,,,,,
192,71069,,,,,0.0,,,,,,,,,,,
192,71079,,,,,0.0,,,,,,,,,,,
192,71089,,,,,0.0,,,,,,,,,,,
192,71099,,,,,0.0,,,,,,,,,,,
192,71109,,,,,0.0,,,,,,,,,,,
192,71119,,,,,0.0,,,,,,,,,,,
192,71129,,,,,0.0,,,,,,,,,,,
192,71139,,,,,0.0,,,,,,,,,,,
192,71149,,,,,0.0,,,,,,,,,,,
192,71159,,,,,0.0,,,,,,,,,,,
192,71169,,,,,0.0,,,,,,,,,,,
192,71179,,,,,0.0,,,,,,,,,,,
192,71189,,,,,0.0,,,,,,,,,,,
192,71199,,,,,0.0,,,,,,,,,,,
192,71209,,,,,0.0,,,,,,,,,,,
192,192,0.00021188949612991316,80.41991141307261,,,,,,,,,,,,,,
192,71216,,,,,,2.2134764776637894e-07,,,,,,,,,,
193,71219,,,,,0.0,,,,,,,,,,,
193,71229,,,,,0.0,,,,,,,,,,,
193,71239,,,,,0.0,,,,,,,,,,,
193,71249,,,,,0.0,,,,,,,,,,,
193,71259,,,,,0.0,,,,,,,,,,,
193,71269,,,,,0.0,,,,,,,,,,,
193,71279,,,,,0.0,,,,,,,,,,,
193,71289,,,,,0.0,,,,,,,,,,,
193,71299,,,,,0.0,,,,,,,,,,,
193,71309,,,,,0.0,,,,,,,,,,,
193,71319,,,,,0.0,,,,,,,,,,,
193,71329,,,,,0.0,,,,,,,,,,,
193,71339,,,,,0.0,,,,,,,,,,,
193,71349,,,,,0.0,,,,,,,,,,,
193,71359,,,,,0.0,,,,,,,,,,,
193,71369,,,,,0.0,,,,,,,,,,,
193,71379,,,,,0.0,,,,,,,,,,,
193,71389,,,,,0.0,,,,,,,,,,,
193,71399,,,,,0.0,,,,,,,,,,,
193,71409,,,,,0.0,,,,,,,,,,,
193,71419,,,,,0.0,,,,,,,,,,,
193,71429,,,,,0.0,,,,,,,,,,,
193,71439,,,,,0.0,,,,,,,,,,,
193,71449,,,,,0.0,,,,,,,,,,,
193,71459,,,,,0.0,,,,,,,,,,,
193,71469,,,,,0.0,,,,,,,,,,,
193,71479,,,,,0.0,,,,,,,,,,,
193,71489,,,,,0.0,,,,,,,,,,,
193,71499,,,,,0.0,,,,,,,,,,,
193,71509,,,,,0.0,,,,,,,,,,,
193,71519,,,,,0.0,,,,,,,,,,,
193,71529,,,,,1.6098096239147708e-05,,,,,,,,,,,
193,71539,,,,,0.0,,,,,,,,,,,
193,71549,,,,,0.0,,,,,,,,,,,
193,71559,,,,,0.0,,,,,,,,,,,
193,71569,,,,,0.0,,,,,,,,,,,
193,71579,,,,,0.0,,,,,,,,,,,
193,193,5.481898145572819e-05,80.44214653591963,,,,,,,,,,,,,,
193,71585,,,,,,3.872777369906544e-07,,,,,,,,,,
194,71589,,,,,0.0,,,,,,,,,,,
194,71599,,,,,0.0,,,,,,,,,,,
194,71609,,,,,0.0,,,,,,,,,,,
194,71619,,,,,0.0,,,,,,,,,,,
194,71629,,,,,0.0,,,,,,,,,,,
194,71639,,,,,0.0,,,,,,,,,,,
194,71649,,,,,0.0,,,,,,,,,,,
194,71659,,,,,0.0,,,,,,,,,,,
194,71669,,,,,0.0,,,,,,,,,,,
194,71679,,,,,0.0,,,,,,,,,,,
194,71689,,,,,0.0,,,,,,,,,,,
194,71699,,,,,0.0,,,,,,,,,,,
194,71709,,,,,0.0,,,,,,,,,,,
194,71719,,,,,0.0,,,,,,,,,,,
194,71729,,,,,0.0,,,,,,,,,,,
194,71739,,,,,0.0,,,,,,,,,,,
194,71749,,,,,0.0,,,,,,,,,,,
194,71759,,,,,0.0,,,,,,,,,,,
194,71769,,,,,0.0,,,,,,,,,,,
194,71779,,,,,0.0,,,,,,,,,,,
194,71789,,,,,0.0,,,,,,,,,,,
194,71799,,,,,0.0,,,,,,,,,,,
194,71809,,,,,0.0,,,,,,,,,,,
194,71819,,,,,0.0,,,,,,,,,,,
194,71829,,,,,0.0,,,,,,,,,,,
194,71839,,,,,0.0,,,,,,,,,,,
194,71849,,,,,0.0,,,,,,,,,,,
194,71859,,,,,0.0,,,,,,,,,,,
194,71869,,,,,0.0,,,,,,,,,,,
194,71879,,,,,0.0,,,,,,,,,,,
194,71889,,,,,0.0,,,,,,,,,,,
194,71899,,,,,0.0,,,,,,,,,,,
194,71909,,,,,0.0,,,,,,,,,,,
194,71919,,,,,0.0,,,,,,,,,,,
194,71929,,,,,0.0,,,,,,,,,,,
194,71939,,,,,0.0,,,,,,,,,,,
194,71949,,,,,0.0,,,,,,,,,,,
194,194,0.0,80.45709054121767,,,,,,,,,,,,,,
194,71954,,,,,,2.0085836638372712e-07,,,,,,,,,,
195,71959,,,,,0.0,,,,,,,,,,,
195,71969,,,,,0.0,,,,,,,,,,,
195,71979,,,,,0.0,,,,,,,,,,,
195,71989,,,,,0.0,,,,,,,,,,,
195,71999,,,,,0.0,,,,,,,,,,,
195,72009,,,,,0.0,,,,,,,,,,,
195,72019,,,,,0.0,,,,,,,,,,,
195,72029,,,,,0.0,,,,,,,,,,,
195,72039,,,,,0.0,,,,,,,,,,,
195,72049,,,,,0.0,,,,,,,,,,,
195,72059,,,,,0.0,,,,,,,,,,,
195,72069,,,,,0.0,,,,,,,,,,,
195,72079,,,,,0.0,,,,,,,,,,,
195,72089,,,,,0.0,,,,,,,,,,,
195,72099,,,,,0.0,,,,,,,,,,,
195,72109,,,,,0.0,,,,,,,,,,,
195,72119,,,,,0.0,,,,,,,,,,,
195,72129,,,,,0.0,,,,,,,,,,,
195,72139,,,,,0.0,,,,,,,,,,,
195,72149,,,,,0.0,,,,,,,,,,,
195,72159,,,,,0.0,,,,,,,,,,,
195,72169,,,,,0.0,,,,,,,,,,,
195,72179,,,,,0.0,,,,,,,,,,,
195,72189,,,,,0.0,,,,,,,,,,,
195,72199,,,,,0.0,,,,,,,,,,,
195,72209,,,,,0.0,,,,,,,,,,,
195,72219,,,,,0.0,,,,,,,,,,,
195,72229,,,,,0.0,,,,,,,,,,,
195,72239,,,,,0.0,,,,,,,,,,,
195,72249,,,,,0.0,,,,,,,,,,,
195,72259,,,,,0.0,,,,,,,,,,,
195,72269,,,,,0.0,,,,,,,,,,,
195,72279,,,,,0.0,,,,,,,,,,,
195,72289,,,,,0.0,,,,,,,,,,,
195,72299,,,,,0.0,,,,,,,,,,,
195,72309,,,,,0.0,,,,,,,,,,,
195,72319,,,,,0.0,,,,,,,,,,,
195,195,0.0,80.48170043934522,,,,,,,,,,,,,,
195,72323,,,,,,2.5051596708181023e-07,,,,,,,,,,
196,72329,,,,,0.0,,,,,,,,,,,
196,72339,,,,,0.0,,,,,,,,,,,
196,72349,,,,,0.0,,,,,,,,,,,
196,72359,,,,,0.0,,,,,,,,,,,
196,72369,,,,,0.0,,,,,,,,,,,
196,72379,,,,,0.0,,,,,,,,,,,
196,72389,,,,,0.0,,,,,,,,,,,
196,72399,,,,,0.0,,,,,,,,,,,
196,72409,,,,,0.0,,,,,,,,,,,
196,72419,,,,,0.0,,,,,,,,,,,
196,72429,,,,,0.0,,,,,,,,,,,
196,72439,,,,,0.0,,,,,,,,,,,
196,72449,,,,,0.0,,,,,,,,,,,
196,72459,,,,,0.0,,,,,,,,,,,
196,72469,,,,,0.0,,,,,,,,,,,
196,72479,,,,,0.0,,,,,,,,,,,
196,72489,,,,,0.0,,,,,,,,,,,
196,72499,,,,,0.0,,,,,,,,,,,
196,72509,,,,,0.0,,,,,,,,,,,
196,72519,,,,,8.239395538112149e-05,,,,,,,,,,,
196,72529,,,,,0.0,,,,,,,,,,,
196,72539,,,,,0.0,,,,,,,,,,,
196,72549,,,,,0.0,,,,,,,,,,,
196,72559,,,,,0.0,,,,,,,,,,,
196,72569,,,,,0.0,,,,,,,,,,,
196,72579,,,,,0.0,,,,,,,,,,,
196,72589,,,,,0.0,,,,,,,,,,,
196,72599,,,,,0.0,,,,,,,,,,,
196,72609,,,,,0.0,,,,,,,,,,,
196,72619,,,,,0.0,,,,,,,,,,,
196,72629,,,,,0.0,,,,,,,,,,,
196,72639,,,,,0.0,,,,,,,,,,,
196,72649,,,,,0.0,,,,,,,,,,,
196,72659,,,,,0.0,,,,,,,,,,,
196,72669,,,,,0.0,,,,,,,,,,,
196,72679,,,,,0.0,,,,,,,,,,,
196,72689,,,,,0.0,,,,,,,,,,,
196,196,0.0002012968127560479,80.50385586832951,,,,,,,,,,,,,,
196,72692,,,,,,4.871599230682477e-07,,,,,,,,,,
197,72699,,,,,0.0,,,,,,,,,,,
197,72709,,,,,0.0,,,,,,,,,,,
197,72719,,,,,0.0,,,,,,,,,,,
197,72729,,,,,0.0,,,,,,,,,,,
197,72739,,,,,0.0,,,,,,,,,,,
197,72749,,,,,0.0,,,,,,,,,,,
197,72759,,,,,0.0,,,,,,,,,,,
197,72769,,,,,0.0,,,,,,,,,,,
197,72779,,,,,0.0,,,,,,,,,,,
197,72789,,,,,0.0,,,,,,,,,,,
197,72799,,,,,0.0,,,,,,,,,,,
197,72809,,,,,0.0,,,,,,,,,,,
197,72819,,,,,0.0,,,,,,,,,,,
197,72829,,,,,0.0,,,,,,,,,,,
197,72839,,,,,0.0,,,,,,,,,,,
197,72849,,,,,0.0,,,,,,,,,,,
197,72859,,,,,0.0,,,,,,,,,,,
197,72869,,,,,0.0,,,,,,,,,,,
197,72879,,,,,0.0,,,,,,,,,,,
197,72889,,,,,0.0,,,,,,,,,,,
197,72899,,,,,0.0,,,,,,,,,,,
197,72909,,,,,0.0,,,,,,,,,,,
197,72919,,,,,0.0,,,,,,,,,,,
197,72929,,,,,0.0,,,,,,,,,,,
197,72939,,,,,0.0,,,,,,,,,,,
197,72949,,,,,0.0,,,,,,,,,,,
197,72959,,,,,0.0,,,,,,,,,,,
197,72969,,,,,0.0,,,,,,,,,,,
197,72979,,,,,0.0,,,,,,,,,,,
197,72989,,,,,0.0,,,,,,,,,,,
197,72999,,,,,0.0,,,,,,,,,,,
197,73009,,,,,0.0,,,,,,,,,,,
197,73019,,,,,0.0,,,,,,,,,,,
197,73029,,,,,0.0,,,,,,,,,,,
197,73039,,,,,0.0,,,,,,,,,,,
197,73049,,,,,0.0,,,,,,,,,,,
197,73059,,,,,0.0,,,,,,,,,,,
197,197,0.0,80.54944047533404,,,,,,,,,,,,,,
197,73061,,,,,,9.483209737481957e-07,,,,,,,,,,
198,73069,,,,,0.0,,,,,,,,,,,
198,73079,,,,,0.0,,,,,,,,,,,
198,73089,,,,,0.0,,,,,,,,,,,
198,73099,,,,,0.0,,,,,,,,,,,
198,73109,,,,,0.0,,,,,,,,,,,
198,73119,,,,,0.0,,,,,,,,,,,
198,73129,,,,,0.0,,,,,,,,,,,
198,73139,,,,,0.0,,,,,,,,,,,
198,73149,,,,,6.022788511472754e-05,,,,,,,,,,,
198,73159,,,,,0.0,,,,,,,,,,,
198,73169,,,,,0.0,,,,,,,,,,,
198,73179,,,,,0.0,,,,,,,,,,,
198,73189,,,,,0.0,,,,,,,,,,,
198,73199,,,,,0.0,,,,,,,,,,,
198,73209,,,,,0.0,,,,,,,,,,,
198,73219,,,,,0.0,,,,,,,,,,,
198,73229,,,,,0.0,,,,,,,,,,,
198,73239,,,,,0.0,,,,,,,,,,,
198,73249,,,,,0.0,,,,,,,,,,,
198,73259,,,,,0.0,,,,,,,,,,,
198,73269,,,,,0.0,,,,,,,,,,,
198,73279,,,,,0.0,,,,,,,,,,,
198,73289,,,,,0.0,,,,,,,,,,,
198,73299,,,,,0.0,,,,,,,,,,,
198,73309,,,,,0.0,,,,,,,,,,,
198,73319,,,,,0.0,,,,,,,,,,,
198,73329,,,,,0.0,,,,,,,,,,,
198,73339,,,,,0.0,,,,,,,,,,,
198,73349,,,,,0.0,,,,,,,,,,,
198,73359,,,,,0.0,,,,,,,,,,,
198,73369,,,,,0.0,,,,,,,,,,,
198,73379,,,,,0.0,,,,,,,,,,,
198,73389,,,,,0.0,,,,,,,,,,,
198,73399,,,,,0.0,,,,,,,,,,,
198,73409,,,,,0.0,,,,,,,,,,,
198,73419,,,,,0.0,,,,,,,,,,,
198,73429,,,,,0.0,,,,,,,,,,,
198,198,8.464570840595383e-05,80.61858886274105,,,,,,,,,,,,,,
198,73430,,,,,,1.350142838418833e-06,,,,,,,,,,
199,73439,,,,,0.0,,,,,,,,,,,
199,73449,,,,,0.0,,,,,,,,,,,
199,73459,,,,,0.0,,,,,,,,,,,
199,73469,,,,,0.0,,,,,,,,,,,
199,73479,,,,,0.0,,,,,,,,,,,
199,73489,,,,,0.0,,,,,,,,,,,
199,73499,,,,,0.0,,,,,,,,,,,
199,73509,,,,,0.0,,,,,,,,,,,
199,73519,,,,,0.0,,,,,,,,,,,
199,73529,,,,,0.0,,,,,,,,,,,
199,73539,,,,,0.0,,,,,,,,,,,
199,73549,,,,,0.0,,,,,,,,,,,
199,73559,,,,,0.0,,,,,,,,,,,
199,73569,,,,,0.0,,,,,,,,,,,
199,73579,,,,,0.00010188676242250949,,,,,,,,,,,
199,73589,,,,,0.0,,,,,,,,,,,
199,73599,,,,,0.0,,,,,,,,,,,
199,73609,,,,,0.0,,,,,,,,,,,
199,73619,,,,,0.0,,,,,,,,,,,
199,73629,,,,,0.0,,,,,,,,,,,
199,73639,,,,,0.0,,,,,,,,,,,
199,73649,,,,,0.0,,,,,,,,,,,
199,73659,,,,,0.0,,,,,,,,,,,
199,73669,,,,,0.0,,,,,,,,,,,
199,73679,,,,,0.0,,,,,,,,,,,
199,73689,,,,,0.0,,,,,,,,,,,
199,73699,,,,,0.0,,,,,,,,,,,
199,73709,,,,,0.0,,,,,,,,,,,
199,73719,,,,,0.0,,,,,,,,,,,
199,73729,,,,,0.0,,,,,,,,,,,
199,73739,,,,,0.0,,,,,,,,,,,
199,73749,,,,,0.0,,,,,,,,,,,
199,73759,,,,,0.0,,,,,,,,,,,
199,73769,,,,,0.0,,,,,,,,,,,
199,73779,,,,,0.0,,,,,,,,,,,
199,73789,,,,,0.0,,,,,,,,,,,
199,73799,,,,,0.0,,,,,,,,,,,
199,199,,,0.5613033771514893,0.009977204725146294,,,2.3039549989672038e-07,0.023929284885525703,,0.5650373101234436,,0.010057620704174042,,4.994180367171605e-07,,0.02647123858332634
199,73799,,,,,,,,,0.5650373101234436,,0.010057620704174042,,4.994180358153244e-07,,0.02647123858332634,
199,199,4.726664727868257e-05,80.64624478690722,,,,,,,,,,,,,,
199,73799,,,,,,5.568882670559105e-07,,,,,,,,,,
