epoch,step,total_grad_norm,total_weight_norm,train_auc_eval,train_f1_eval,train_loss,train_loss_epoch,train_loss_eval,train_map_eval,val_auc,val_auc_eval,val_f1,val_f1_eval,val_loss,val_loss_eval,val_map,val_map_eval
0,0,,,0.500095009803772,0.01430165022611618,,,0.6935652728455866,0.014138287864625454,,0.4939180016517639,,0.014582290314137936,,0.6935610728604453,,0.01435774378478527
0,9,,,,,0.7177644371986389,,,,,,,,,,,
0,19,,,,,0.7514057159423828,,,,,,,,,,,
0,29,,,,,0.7495256662368774,,,,,,,,,,,
0,39,,,,,0.7460622787475586,,,,,,,,,,,
0,49,,,,,0.7451104521751404,,,,,,,,,,,
0,59,,,,,0.7409798502922058,,,,,,,,,,,
0,69,,,,,0.7385687232017517,,,,,,,,,,,
0,79,,,,,0.7325817346572876,,,,,,,,,,,
0,89,,,,,0.7328256368637085,,,,,,,,,,,
0,99,,,,,0.7296227812767029,,,,,,,,,,,
0,109,,,,,0.7269026041030884,,,,,,,,,,,
0,119,,,,,0.7228615880012512,,,,,,,,,,,
0,129,,,,,0.7196105718612671,,,,,,,,,,,
0,139,,,,,0.7175127267837524,,,,,,,,,,,
0,149,,,,,0.7134953141212463,,,,,,,,,,,
0,159,,,,,0.7126544713973999,,,,,,,,,,,
0,169,,,,,0.7061675190925598,,,,,,,,,,,
0,179,,,,,0.7026982307434082,,,,,,,,,,,
0,189,,,,,0.6983758807182312,,,,,,,,,,,
0,199,,,,,0.6975964903831482,,,,,,,,,,,
0,209,,,,,0.6916565299034119,,,,,,,,,,,
0,219,,,,,0.6871438026428223,,,,,,,,,,,
0,229,,,,,0.6826137900352478,,,,,,,,,,,
0,239,,,,,0.6784912943840027,,,,,,,,,,,
0,249,,,,,0.6737805604934692,,,,,,,,,,,
0,259,,,,,0.6673218011856079,,,,,,,,,,,
0,269,,,,,0.6626172661781311,,,,,,,,,,,
0,279,,,,,0.6593621969223022,,,,,,,,,,,
0,0,0.49999995691308813,97.63717545248808,,,,,,,,,,,,,,
0,282,,,,,,0.710216760635376,,,,,,,,,,
1,289,,,,,0.6527310609817505,,,,,,,,,,,
1,299,,,,,0.647397518157959,,,,,,,,,,,
1,309,,,,,0.6413095593452454,,,,,,,,,,,
1,319,,,,,0.6372849345207214,,,,,,,,,,,
1,329,,,,,0.632315993309021,,,,,,,,,,,
1,339,,,,,0.6273817420005798,,,,,,,,,,,
1,349,,,,,0.6235783100128174,,,,,,,,,,,
1,359,,,,,0.6178616285324097,,,,,,,,,,,
1,369,,,,,0.6157547831535339,,,,,,,,,,,
1,379,,,,,0.6108577251434326,,,,,,,,,,,
1,389,,,,,0.6063734292984009,,,,,,,,,,,
1,399,,,,,0.6026807427406311,,,,,,,,,,,
1,409,,,,,0.5988764762878418,,,,,,,,,,,
1,419,,,,,0.5937070846557617,,,,,,,,,,,
1,429,,,,,0.58777916431427,,,,,,,,,,,
1,439,,,,,0.5856024026870728,,,,,,,,,,,
1,449,,,,,0.5818188786506653,,,,,,,,,,,
1,459,,,,,0.5805156826972961,,,,,,,,,,,
1,469,,,,,0.5764606595039368,,,,,,,,,,,
1,479,,,,,0.5725196599960327,,,,,,,,,,,
1,489,,,,,0.5690776705741882,,,,,,,,,,,
1,499,,,,,0.562755286693573,,,,,,,,,,,
1,509,,,,,0.5618105530738831,,,,,,,,,,,
1,519,,,,,0.5578083992004395,,,,,,,,,,,
1,529,,,,,0.5570767521858215,,,,,,,,,,,
1,539,,,,,0.5519603490829468,,,,,,,,,,,
1,549,,,,,0.54717618227005,,,,,,,,,,,
1,559,,,,,0.5431638956069946,,,,,,,,,,,
1,1,0.4999998334617691,96.63542900955875,,,,,,,,,,,,,,
1,565,,,,,,0.5922218561172485,,,,,,,,,,
2,569,,,,,0.5391727685928345,,,,,,,,,,,
2,579,,,,,0.5387120842933655,,,,,,,,,,,
2,589,,,,,0.5334472060203552,,,,,,,,,,,
2,599,,,,,0.5327688455581665,,,,,,,,,,,
2,609,,,,,0.5291840434074402,,,,,,,,,,,
2,619,,,,,0.5251971483230591,,,,,,,,,,,
2,629,,,,,0.5179887413978577,,,,,,,,,,,
2,639,,,,,0.5186126828193665,,,,,,,,,,,
2,649,,,,,0.5148089528083801,,,,,,,,,,,
2,659,,,,,0.5115034580230713,,,,,,,,,,,
2,669,,,,,0.5101609230041504,,,,,,,,,,,
2,679,,,,,0.5080175399780273,,,,,,,,,,,
2,689,,,,,0.5031805038452148,,,,,,,,,,,
2,699,,,,,0.49989691376686096,,,,,,,,,,,
2,709,,,,,0.49564841389656067,,,,,,,,,,,
2,719,,,,,0.49498215317726135,,,,,,,,,,,
2,729,,,,,0.4894069731235504,,,,,,,,,,,
2,739,,,,,0.48520931601524353,,,,,,,,,,,
2,749,,,,,0.4836101830005646,,,,,,,,,,,
2,759,,,,,0.4796070158481598,,,,,,,,,,,
2,769,,,,,0.476226270198822,,,,,,,,,,,
2,779,,,,,0.4751928448677063,,,,,,,,,,,
2,789,,,,,0.47060155868530273,,,,,,,,,,,
2,799,,,,,0.4693582355976105,,,,,,,,,,,
2,809,,,,,0.46808895468711853,,,,,,,,,,,
2,819,,,,,0.46390223503112793,,,,,,,,,,,
2,829,,,,,0.46060696244239807,,,,,,,,,,,
2,839,,,,,0.4548596441745758,,,,,,,,,,,
2,2,0.4999997194801273,95.7426721555644,,,,,,,,,,,,,,
2,848,,,,,,0.4968472421169281,,,,,,,,,,
3,849,,,,,0.454378217458725,,,,,,,,,,,
3,859,,,,,0.45578593015670776,,,,,,,,,,,
3,869,,,,,0.45078837871551514,,,,,,,,,,,
3,879,,,,,0.4436648190021515,,,,,,,,,,,
3,889,,,,,0.4469614028930664,,,,,,,,,,,
3,899,,,,,0.4398360848426819,,,,,,,,,,,
3,909,,,,,0.44038495421409607,,,,,,,,,,,
3,919,,,,,0.4375695288181305,,,,,,,,,,,
3,929,,,,,0.4361547827720642,,,,,,,,,,,
3,939,,,,,0.429656445980072,,,,,,,,,,,
3,949,,,,,0.4270531237125397,,,,,,,,,,,
3,959,,,,,0.42552658915519714,,,,,,,,,,,
3,969,,,,,0.4208318293094635,,,,,,,,,,,
3,979,,,,,0.42136502265930176,,,,,,,,,,,
3,989,,,,,0.4198535084724426,,,,,,,,,,,
3,999,,,,,0.41424447298049927,,,,,,,,,,,
3,1009,,,,,0.41266894340515137,,,,,,,,,,,
3,1019,,,,,0.405929297208786,,,,,,,,,,,
3,1029,,,,,0.4056398868560791,,,,,,,,,,,
3,1039,,,,,0.4029150903224945,,,,,,,,,,,
3,1049,,,,,0.40111830830574036,,,,,,,,,,,
3,1059,,,,,0.3996550440788269,,,,,,,,,,,
3,1069,,,,,0.39785078167915344,,,,,,,,,,,
3,1079,,,,,0.3923538029193878,,,,,,,,,,,
3,1089,,,,,0.39055725932121277,,,,,,,,,,,
3,1099,,,,,0.3884364366531372,,,,,,,,,,,
3,1109,,,,,0.3837631344795227,,,,,,,,,,,
3,1119,,,,,0.3860933482646942,,,,,,,,,,,
3,1129,,,,,0.3806723654270172,,,,,,,,,,,
3,3,0.4999995746338626,94.93145801094472,,,,,,,,,,,,,,
3,1131,,,,,,0.41648295521736145,,,,,,,,,,
4,1139,,,,,0.37866050004959106,,,,,,,,,,,
4,1149,,,,,0.37525486946105957,,,,,,,,,,,
4,1159,,,,,0.37479618191719055,,,,,,,,,,,
4,1169,,,,,0.3707039952278137,,,,,,,,,,,
4,1179,,,,,0.37090790271759033,,,,,,,,,,,
4,1189,,,,,0.3696635663509369,,,,,,,,,,,
4,1199,,,,,0.36529541015625,,,,,,,,,,,
4,1209,,,,,0.36336132884025574,,,,,,,,,,,
4,1219,,,,,0.35901308059692383,,,,,,,,,,,
4,1229,,,,,0.35632914304733276,,,,,,,,,,,
4,1239,,,,,0.3549051284790039,,,,,,,,,,,
4,1249,,,,,0.35223081707954407,,,,,,,,,,,
4,1259,,,,,0.3466458022594452,,,,,,,,,,,
4,1269,,,,,0.3482767939567566,,,,,,,,,,,
4,1279,,,,,0.3470483124256134,,,,,,,,,,,
4,1289,,,,,0.3427780270576477,,,,,,,,,,,
4,1299,,,,,0.3409430682659149,,,,,,,,,,,
4,1309,,,,,0.3401905596256256,,,,,,,,,,,
4,1319,,,,,0.33691689372062683,,,,,,,,,,,
4,1329,,,,,0.3370427191257477,,,,,,,,,,,
4,1339,,,,,0.33351683616638184,,,,,,,,,,,
4,1349,,,,,0.330049604177475,,,,,,,,,,,
4,1359,,,,,0.3278442919254303,,,,,,,,,,,
4,1369,,,,,0.32506728172302246,,,,,,,,,,,
4,1379,,,,,0.323932409286499,,,,,,,,,,,
4,1389,,,,,0.3211973309516907,,,,,,,,,,,
4,1399,,,,,0.3179999887943268,,,,,,,,,,,
4,1409,,,,,0.3171062171459198,,,,,,,,,,,
4,4,0.4999993935879672,94.18280814985738,,,,,,,,,,,,,,
4,1414,,,,,,0.3460845649242401,,,,,,,,,,
5,1419,,,,,0.31514477729797363,,,,,,,,,,,
5,1429,,,,,0.31248095631599426,,,,,,,,,,,
5,1439,,,,,0.3135230243206024,,,,,,,,,,,
5,1449,,,,,0.31058430671691895,,,,,,,,,,,
5,1459,,,,,0.30932459235191345,,,,,,,,,,,
5,1469,,,,,0.30353835225105286,,,,,,,,,,,
5,1479,,,,,0.30398720502853394,,,,,,,,,,,
5,1489,,,,,0.30412498116493225,,,,,,,,,,,
5,1499,,,,,0.299940288066864,,,,,,,,,,,
5,1509,,,,,0.2982706129550934,,,,,,,,,,,
5,1519,,,,,0.30549389123916626,,,,,,,,,,,
5,1529,,,,,0.2996886670589447,,,,,,,,,,,
5,1539,,,,,0.2966074049472809,,,,,,,,,,,
5,1549,,,,,0.29464223980903625,,,,,,,,,,,
5,1559,,,,,0.29334717988967896,,,,,,,,,,,
5,1569,,,,,0.29075995087623596,,,,,,,,,,,
5,1579,,,,,0.29340043663978577,,,,,,,,,,,
5,1589,,,,,0.28736165165901184,,,,,,,,,,,
5,1599,,,,,0.28774842619895935,,,,,,,,,,,
5,1609,,,,,0.2856070101261139,,,,,,,,,,,
5,1619,,,,,0.28265178203582764,,,,,,,,,,,
5,1629,,,,,0.2802202105522156,,,,,,,,,,,
5,1639,,,,,0.2777206003665924,,,,,,,,,,,
5,1649,,,,,0.2776210904121399,,,,,,,,,,,
5,1659,,,,,0.2750486731529236,,,,,,,,,,,
5,1669,,,,,0.27774012088775635,,,,,,,,,,,
5,1679,,,,,0.2747245132923126,,,,,,,,,,,
5,1689,,,,,0.2713928520679474,,,,,,,,,,,
5,5,0.4873061372611691,93.4708677051786,,,,,,,,,,,,,,
5,1697,,,,,,0.2927088141441345,,,,,,,,,,
6,1699,,,,,0.26382485032081604,,,,,,,,,,,
6,1709,,,,,0.2682121992111206,,,,,,,,,,,
6,1719,,,,,0.2649292051792145,,,,,,,,,,,
6,1729,,,,,0.26337605714797974,,,,,,,,,,,
6,1739,,,,,0.2627510726451874,,,,,,,,,,,
6,1749,,,,,0.2641724646091461,,,,,,,,,,,
6,1759,,,,,0.25600293278694153,,,,,,,,,,,
6,1769,,,,,0.255461722612381,,,,,,,,,,,
6,1779,,,,,0.2565392851829529,,,,,,,,,,,
6,1789,,,,,0.25665488839149475,,,,,,,,,,,
6,1799,,,,,0.25211232900619507,,,,,,,,,,,
6,1809,,,,,0.2560489773750305,,,,,,,,,,,
6,1819,,,,,0.24981170892715454,,,,,,,,,,,
6,1829,,,,,0.24700121581554413,,,,,,,,,,,
6,1839,,,,,0.24868912994861603,,,,,,,,,,,
6,1849,,,,,0.24509833753108978,,,,,,,,,,,
6,1859,,,,,0.2431047260761261,,,,,,,,,,,
6,1869,,,,,0.24229486286640167,,,,,,,,,,,
6,1879,,,,,0.2397528439760208,,,,,,,,,,,
6,1889,,,,,0.23747733235359192,,,,,,,,,,,
6,1899,,,,,0.23562784492969513,,,,,,,,,,,
6,1909,,,,,0.2362072914838791,,,,,,,,,,,
6,1919,,,,,0.23276381194591522,,,,,,,,,,,
6,1929,,,,,0.22990074753761292,,,,,,,,,,,
6,1939,,,,,0.23598124086856842,,,,,,,,,,,
6,1949,,,,,0.2324276864528656,,,,,,,,,,,
6,1959,,,,,0.22514833509922028,,,,,,,,,,,
6,1969,,,,,0.22517690062522888,,,,,,,,,,,
6,1979,,,,,0.22707965970039368,,,,,,,,,,,
6,6,0.43101714701365657,92.80320879688495,,,,,,,,,,,,,,
6,1980,,,,,,0.24666404724121094,,,,,,,,,,
7,1989,,,,,0.22425995767116547,,,,,,,,,,,
7,1999,,,,,0.22338978946208954,,,,,,,,,,,
7,2009,,,,,0.22198709845542908,,,,,,,,,,,
7,2019,,,,,0.22240880131721497,,,,,,,,,,,
7,2029,,,,,0.2222643941640854,,,,,,,,,,,
7,2039,,,,,0.21947772800922394,,,,,,,,,,,
7,2049,,,,,0.21938788890838623,,,,,,,,,,,
7,2059,,,,,0.21353383362293243,,,,,,,,,,,
7,2069,,,,,0.21713586151599884,,,,,,,,,,,
7,2079,,,,,0.21411167085170746,,,,,,,,,,,
7,2089,,,,,0.21470773220062256,,,,,,,,,,,
7,2099,,,,,0.21430449187755585,,,,,,,,,,,
7,2109,,,,,0.21076764166355133,,,,,,,,,,,
7,2119,,,,,0.21221193671226501,,,,,,,,,,,
7,2129,,,,,0.21086671948432922,,,,,,,,,,,
7,2139,,,,,0.20548442006111145,,,,,,,,,,,
7,2149,,,,,0.2075360268354416,,,,,,,,,,,
7,2159,,,,,0.21023429930210114,,,,,,,,,,,
7,2169,,,,,0.20528912544250488,,,,,,,,,,,
7,2179,,,,,0.2026711255311966,,,,,,,,,,,
7,2189,,,,,0.1995234489440918,,,,,,,,,,,
7,2199,,,,,0.20371489226818085,,,,,,,,,,,
7,2209,,,,,0.19956186413764954,,,,,,,,,,,
7,2219,,,,,0.19903607666492462,,,,,,,,,,,
7,2229,,,,,0.1968693733215332,,,,,,,,,,,
7,2239,,,,,0.1981526017189026,,,,,,,,,,,
7,2249,,,,,0.1982966512441635,,,,,,,,,,,
7,2259,,,,,0.19672563672065735,,,,,,,,,,,
7,7,0.33485241083817635,92.16410960372706,,,,,,,,,,,,,,
7,2263,,,,,,0.2098402976989746,,,,,,,,,,
8,2269,,,,,0.19728867709636688,,,,,,,,,,,
8,2279,,,,,0.193148672580719,,,,,,,,,,,
8,2289,,,,,0.1926889568567276,,,,,,,,,,,
8,2299,,,,,0.19396454095840454,,,,,,,,,,,
8,2309,,,,,0.19131463766098022,,,,,,,,,,,
8,2319,,,,,0.1921958178281784,,,,,,,,,,,
8,2329,,,,,0.19139628112316132,,,,,,,,,,,
8,2339,,,,,0.18891838192939758,,,,,,,,,,,
8,2349,,,,,0.1897546350955963,,,,,,,,,,,
8,2359,,,,,0.18908607959747314,,,,,,,,,,,
8,2369,,,,,0.1841111034154892,,,,,,,,,,,
8,2379,,,,,0.18861140310764313,,,,,,,,,,,
8,2389,,,,,0.1831407994031906,,,,,,,,,,,
8,2399,,,,,0.18516793847084045,,,,,,,,,,,
8,2409,,,,,0.18262113630771637,,,,,,,,,,,
8,2419,,,,,0.18583014607429504,,,,,,,,,,,
8,2429,,,,,0.17989401519298553,,,,,,,,,,,
8,2439,,,,,0.1789855659008026,,,,,,,,,,,
8,2449,,,,,0.18430541455745697,,,,,,,,,,,
8,2459,,,,,0.17709553241729736,,,,,,,,,,,
8,2469,,,,,0.17862559854984283,,,,,,,,,,,
8,2479,,,,,0.17625056207180023,,,,,,,,,,,
8,2489,,,,,0.17826060950756073,,,,,,,,,,,
8,2499,,,,,0.17803610861301422,,,,,,,,,,,
8,2509,,,,,0.17618899047374725,,,,,,,,,,,
8,2519,,,,,0.17481787502765656,,,,,,,,,,,
8,2529,,,,,0.1768871694803238,,,,,,,,,,,
8,2539,,,,,0.17277149856090546,,,,,,,,,,,
8,8,0.26779298536554885,91.54648719198391,,,,,,,,,,,,,,
8,2546,,,,,,0.1835043728351593,,,,,,,,,,
9,2549,,,,,0.16806833446025848,,,,,,,,,,,
9,2559,,,,,0.17065536975860596,,,,,,,,,,,
9,2569,,,,,0.17553982138633728,,,,,,,,,,,
9,2579,,,,,0.17252081632614136,,,,,,,,,,,
9,2589,,,,,0.17052404582500458,,,,,,,,,,,
9,2599,,,,,0.16974227130413055,,,,,,,,,,,
9,2609,,,,,0.16918891668319702,,,,,,,,,,,
9,2619,,,,,0.17027197778224945,,,,,,,,,,,
9,2629,,,,,0.1659548580646515,,,,,,,,,,,
9,2639,,,,,0.166636660695076,,,,,,,,,,,
9,2649,,,,,0.16437727212905884,,,,,,,,,,,
9,2659,,,,,0.16780246794223785,,,,,,,,,,,
9,2669,,,,,0.164515420794487,,,,,,,,,,,
9,2679,,,,,0.1641857773065567,,,,,,,,,,,
9,2689,,,,,0.1607690155506134,,,,,,,,,,,
9,2699,,,,,0.15874992311000824,,,,,,,,,,,
9,2709,,,,,0.158457949757576,,,,,,,,,,,
9,2719,,,,,0.15928082168102264,,,,,,,,,,,
9,2729,,,,,0.16307730972766876,,,,,,,,,,,
9,2739,,,,,0.16266217827796936,,,,,,,,,,,
9,2749,,,,,0.1615392118692398,,,,,,,,,,,
9,2759,,,,,0.15769074857234955,,,,,,,,,,,
9,2769,,,,,0.16105912625789642,,,,,,,,,,,
9,2779,,,,,0.15410129725933075,,,,,,,,,,,
9,2789,,,,,0.1537909209728241,,,,,,,,,,,
9,2799,,,,,0.15667816996574402,,,,,,,,,,,
9,2809,,,,,0.15719223022460938,,,,,,,,,,,
9,2819,,,,,0.152260422706604,,,,,,,,,,,
9,2829,,,,,0.15254926681518555,,,,,,,,,,,
9,9,,,0.4999735951423645,0.0,,,0.26504917952880885,0.014122464694082737,,0.493350625038147,,0.0,,0.26515170205764627,,0.014316368848085403
9,2829,,,,,,,,,0.493350625038147,,0.0,,0.265151709318161,,0.014316368848085403,
9,9,0.23946234922195828,90.94881536814925,,,,,,,,,,,,,,
9,2829,,,,,,0.16329890489578247,,,,,,,,,,
10,2839,,,,,0.1544305682182312,,,,,,,,,,,
10,2849,,,,,0.15451762080192566,,,,,,,,,,,
10,2859,,,,,0.15127138793468475,,,,,,,,,,,
10,2869,,,,,0.152347132563591,,,,,,,,,,,
10,2879,,,,,0.15027281641960144,,,,,,,,,,,
10,2889,,,,,0.15645980834960938,,,,,,,,,,,
10,2899,,,,,0.14828802645206451,,,,,,,,,,,
10,2909,,,,,0.14839142560958862,,,,,,,,,,,
10,2919,,,,,0.1508239209651947,,,,,,,,,,,
10,2929,,,,,0.1520048975944519,,,,,,,,,,,
10,2939,,,,,0.14884203672409058,,,,,,,,,,,
10,2949,,,,,0.14972315728664398,,,,,,,,,,,
10,2959,,,,,0.14986735582351685,,,,,,,,,,,
10,2969,,,,,0.14411506056785583,,,,,,,,,,,
10,2979,,,,,0.14805090427398682,,,,,,,,,,,
10,2989,,,,,0.14636941254138947,,,,,,,,,,,
10,2999,,,,,0.14832158386707306,,,,,,,,,,,
10,3009,,,,,0.14399510622024536,,,,,,,,,,,
10,3019,,,,,0.14608034491539001,,,,,,,,,,,
10,3029,,,,,0.1438218206167221,,,,,,,,,,,
10,3039,,,,,0.14454679191112518,,,,,,,,,,,
10,3049,,,,,0.14225329458713531,,,,,,,,,,,
10,3059,,,,,0.14341266453266144,,,,,,,,,,,
10,3069,,,,,0.14409533143043518,,,,,,,,,,,
10,3079,,,,,0.1397678107023239,,,,,,,,,,,
10,3089,,,,,0.13869532942771912,,,,,,,,,,,
10,3099,,,,,0.13935142755508423,,,,,,,,,,,
10,3109,,,,,0.13868136703968048,,,,,,,,,,,
10,10,0.18464546052994396,90.36720625240002,,,,,,,,,,,,,,
10,3112,,,,,,0.1470843404531479,,,,,,,,,,
11,3119,,,,,0.13961578905582428,,,,,,,,,,,
11,3129,,,,,0.1414056271314621,,,,,,,,,,,
11,3139,,,,,0.14265452325344086,,,,,,,,,,,
11,3149,,,,,0.13784560561180115,,,,,,,,,,,
11,3159,,,,,0.1393294632434845,,,,,,,,,,,
11,3169,,,,,0.13520404696464539,,,,,,,,,,,
11,3179,,,,,0.13619612157344818,,,,,,,,,,,
11,3189,,,,,0.13682128489017487,,,,,,,,,,,
11,3199,,,,,0.136006161570549,,,,,,,,,,,
11,3209,,,,,0.13322822749614716,,,,,,,,,,,
11,3219,,,,,0.13414981961250305,,,,,,,,,,,
11,3229,,,,,0.13621211051940918,,,,,,,,,,,
11,3239,,,,,0.1341068297624588,,,,,,,,,,,
11,3249,,,,,0.13397248089313507,,,,,,,,,,,
11,3259,,,,,0.1337580531835556,,,,,,,,,,,
11,3269,,,,,0.13078200817108154,,,,,,,,,,,
11,3279,,,,,0.13079364597797394,,,,,,,,,,,
11,3289,,,,,0.13208100199699402,,,,,,,,,,,
11,3299,,,,,0.1330888867378235,,,,,,,,,,,
11,3309,,,,,0.13516393303871155,,,,,,,,,,,
11,3319,,,,,0.1348758190870285,,,,,,,,,,,
11,3329,,,,,0.1316380798816681,,,,,,,,,,,
11,3339,,,,,0.12829479575157166,,,,,,,,,,,
11,3349,,,,,0.13272610306739807,,,,,,,,,,,
11,3359,,,,,0.12873628735542297,,,,,,,,,,,
11,3369,,,,,0.1275455802679062,,,,,,,,,,,
11,3379,,,,,0.12949062883853912,,,,,,,,,,,
11,3389,,,,,0.12692691385746002,,,,,,,,,,,
11,11,0.17845461964593545,89.80084442297382,,,,,,,,,,,,,,
11,3395,,,,,,0.13393566012382507,,,,,,,,,,
12,3399,,,,,0.1273692399263382,,,,,,,,,,,
12,3409,,,,,0.12889167666435242,,,,,,,,,,,
12,3419,,,,,0.12700606882572174,,,,,,,,,,,
12,3429,,,,,0.12695008516311646,,,,,,,,,,,
12,3439,,,,,0.12557192146778107,,,,,,,,,,,
12,3449,,,,,0.12828657031059265,,,,,,,,,,,
12,3459,,,,,0.1224084198474884,,,,,,,,,,,
12,3469,,,,,0.12386935949325562,,,,,,,,,,,
12,3479,,,,,0.12456876784563065,,,,,,,,,,,
12,3489,,,,,0.12450485676527023,,,,,,,,,,,
12,3499,,,,,0.12506131827831268,,,,,,,,,,,
12,3509,,,,,0.12325591593980789,,,,,,,,,,,
12,3519,,,,,0.1246650367975235,,,,,,,,,,,
12,3529,,,,,0.12251502275466919,,,,,,,,,,,
12,3539,,,,,0.12336596101522446,,,,,,,,,,,
12,3549,,,,,0.12676593661308289,,,,,,,,,,,
12,3559,,,,,0.12361166626214981,,,,,,,,,,,
12,3569,,,,,0.11864489316940308,,,,,,,,,,,
12,3579,,,,,0.12231210619211197,,,,,,,,,,,
12,3589,,,,,0.12107319384813309,,,,,,,,,,,
12,3599,,,,,0.11651787161827087,,,,,,,,,,,
12,3609,,,,,0.11962694674730301,,,,,,,,,,,
12,3619,,,,,0.11904565989971161,,,,,,,,,,,
12,3629,,,,,0.12052548676729202,,,,,,,,,,,
12,3639,,,,,0.11822783946990967,,,,,,,,,,,
12,3649,,,,,0.11729230731725693,,,,,,,,,,,
12,3659,,,,,0.11772938817739487,,,,,,,,,,,
12,3669,,,,,0.11829961836338043,,,,,,,,,,,
12,12,0.15410133066629655,89.24687530733368,,,,,,,,,,,,,,
12,3678,,,,,,0.12273867428302765,,,,,,,,,,
13,3679,,,,,0.11680001020431519,,,,,,,,,,,
13,3689,,,,,0.1180015355348587,,,,,,,,,,,
13,3699,,,,,0.11683876812458038,,,,,,,,,,,
13,3709,,,,,0.11788666993379593,,,,,,,,,,,
13,3719,,,,,0.11784140020608902,,,,,,,,,,,
13,3729,,,,,0.11692121624946594,,,,,,,,,,,
13,3739,,,,,0.1164737269282341,,,,,,,,,,,
13,3749,,,,,0.11207280308008194,,,,,,,,,,,
13,3759,,,,,0.11715400218963623,,,,,,,,,,,
13,3769,,,,,0.11322399973869324,,,,,,,,,,,
13,3779,,,,,0.11415515094995499,,,,,,,,,,,
13,3789,,,,,0.11298544704914093,,,,,,,,,,,
13,3799,,,,,0.11456602811813354,,,,,,,,,,,
13,3809,,,,,0.11351499706506729,,,,,,,,,,,
13,3819,,,,,0.1117931604385376,,,,,,,,,,,
13,3829,,,,,0.11415473371744156,,,,,,,,,,,
13,3839,,,,,0.11051245033740997,,,,,,,,,,,
13,3849,,,,,0.11583058536052704,,,,,,,,,,,
13,3859,,,,,0.11088761687278748,,,,,,,,,,,
13,3869,,,,,0.10908915847539902,,,,,,,,,,,
13,3879,,,,,0.11073466390371323,,,,,,,,,,,
13,3889,,,,,0.11132245510816574,,,,,,,,,,,
13,3899,,,,,0.11053247004747391,,,,,,,,,,,
13,3909,,,,,0.112950898706913,,,,,,,,,,,
13,3919,,,,,0.11068452894687653,,,,,,,,,,,
13,3929,,,,,0.11173579096794128,,,,,,,,,,,
13,3939,,,,,0.10753253102302551,,,,,,,,,,,
13,3949,,,,,0.11028628796339035,,,,,,,,,,,
13,3959,,,,,0.1104758009314537,,,,,,,,,,,
13,13,0.14560881189864838,88.70429183866204,,,,,,,,,,,,,,
13,3961,,,,,,0.11352485418319702,,,,,,,,,,
14,3969,,,,,0.11298315227031708,,,,,,,,,,,
14,3979,,,,,0.10799606889486313,,,,,,,,,,,
14,3989,,,,,0.11180581897497177,,,,,,,,,,,
14,3999,,,,,0.10700800269842148,,,,,,,,,,,
14,4009,,,,,0.10833090543746948,,,,,,,,,,,
14,4019,,,,,0.10841616243124008,,,,,,,,,,,
14,4029,,,,,0.10957499593496323,,,,,,,,,,,
14,4039,,,,,0.11288691312074661,,,,,,,,,,,
14,4049,,,,,0.10582152754068375,,,,,,,,,,,
14,4059,,,,,0.10611279308795929,,,,,,,,,,,
14,4069,,,,,0.10970345139503479,,,,,,,,,,,
14,4079,,,,,0.10430269688367844,,,,,,,,,,,
14,4089,,,,,0.10496483743190765,,,,,,,,,,,
14,4099,,,,,0.11001505702733994,,,,,,,,,,,
14,4109,,,,,0.10492689907550812,,,,,,,,,,,
14,4119,,,,,0.10415680706501007,,,,,,,,,,,
14,4129,,,,,0.10589760541915894,,,,,,,,,,,
14,4139,,,,,0.10439708083868027,,,,,,,,,,,
14,4149,,,,,0.1004696786403656,,,,,,,,,,,
14,4159,,,,,0.10676989704370499,,,,,,,,,,,
14,4169,,,,,0.10444103926420212,,,,,,,,,,,
14,4179,,,,,0.10693548619747162,,,,,,,,,,,
14,4189,,,,,0.10115284472703934,,,,,,,,,,,
14,4199,,,,,0.10304556787014008,,,,,,,,,,,
14,4209,,,,,0.1032150611281395,,,,,,,,,,,
14,4219,,,,,0.09992711991071701,,,,,,,,,,,
14,4229,,,,,0.10245060920715332,,,,,,,,,,,
14,4239,,,,,0.10188925266265869,,,,,,,,,,,
14,14,0.1330247009505414,88.1725256508722,,,,,,,,,,,,,,
14,4244,,,,,,0.1056455671787262,,,,,,,,,,
15,4249,,,,,0.10025098919868469,,,,,,,,,,,
15,4259,,,,,0.10237377882003784,,,,,,,,,,,
15,4269,,,,,0.10342802107334137,,,,,,,,,,,
15,4279,,,,,0.10166890919208527,,,,,,,,,,,
15,4289,,,,,0.10163865983486176,,,,,,,,,,,
15,4299,,,,,0.10098390281200409,,,,,,,,,,,
15,4309,,,,,0.09894903004169464,,,,,,,,,,,
15,4319,,,,,0.09894366562366486,,,,,,,,,,,
15,4329,,,,,0.09999476373195648,,,,,,,,,,,
15,4339,,,,,0.1022581234574318,,,,,,,,,,,
15,4349,,,,,0.10323913395404816,,,,,,,,,,,
15,4359,,,,,0.09833432734012604,,,,,,,,,,,
15,4369,,,,,0.10196588188409805,,,,,,,,,,,
15,4379,,,,,0.09595351666212082,,,,,,,,,,,
15,4389,,,,,0.09970208257436752,,,,,,,,,,,
15,4399,,,,,0.09842351824045181,,,,,,,,,,,
15,4409,,,,,0.09885762631893158,,,,,,,,,,,
15,4419,,,,,0.0974244698882103,,,,,,,,,,,
15,4429,,,,,0.09841708838939667,,,,,,,,,,,
15,4439,,,,,0.09710212051868439,,,,,,,,,,,
15,4449,,,,,0.09837548434734344,,,,,,,,,,,
15,4459,,,,,0.09486915916204453,,,,,,,,,,,
15,4469,,,,,0.09480483084917068,,,,,,,,,,,
15,4479,,,,,0.0946531817317009,,,,,,,,,,,
15,4489,,,,,0.09849376231431961,,,,,,,,,,,
15,4499,,,,,0.09685235470533371,,,,,,,,,,,
15,4509,,,,,0.09442859888076782,,,,,,,,,,,
15,4519,,,,,0.0987706258893013,,,,,,,,,,,
15,15,0.13413077416405247,87.64980438740322,,,,,,,,,,,,,,
15,4527,,,,,,0.09899270534515381,,,,,,,,,,
16,4529,,,,,0.09515201300382614,,,,,,,,,,,
16,4539,,,,,0.09482229501008987,,,,,,,,,,,
16,4549,,,,,0.09595976024866104,,,,,,,,,,,
16,4559,,,,,0.09564551711082458,,,,,,,,,,,
16,4569,,,,,0.09537766128778458,,,,,,,,,,,
16,4579,,,,,0.09407196938991547,,,,,,,,,,,
16,4589,,,,,0.09279581159353256,,,,,,,,,,,
16,4599,,,,,0.09454236179590225,,,,,,,,,,,
16,4609,,,,,0.09530572593212128,,,,,,,,,,,
16,4619,,,,,0.08913132548332214,,,,,,,,,,,
16,4629,,,,,0.09213431179523468,,,,,,,,,,,
16,4639,,,,,0.0951373279094696,,,,,,,,,,,
16,4649,,,,,0.09568643569946289,,,,,,,,,,,
16,4659,,,,,0.09622488915920258,,,,,,,,,,,
16,4669,,,,,0.09312175214290619,,,,,,,,,,,
16,4679,,,,,0.09063027799129486,,,,,,,,,,,
16,4689,,,,,0.09493080526590347,,,,,,,,,,,
16,4699,,,,,0.09255844354629517,,,,,,,,,,,
16,4709,,,,,0.09060017019510269,,,,,,,,,,,
16,4719,,,,,0.09266463667154312,,,,,,,,,,,
16,4729,,,,,0.09108126163482666,,,,,,,,,,,
16,4739,,,,,0.0907917320728302,,,,,,,,,,,
16,4749,,,,,0.0886455774307251,,,,,,,,,,,
16,4759,,,,,0.09189529716968536,,,,,,,,,,,
16,4769,,,,,0.09547971189022064,,,,,,,,,,,
16,4779,,,,,0.09699355810880661,,,,,,,,,,,
16,4789,,,,,0.08958768099546432,,,,,,,,,,,
16,4799,,,,,0.09062918275594711,,,,,,,,,,,
16,4809,,,,,0.0918404757976532,,,,,,,,,,,
16,16,0.1332993828443216,87.13488228293954,,,,,,,,,,,,,,
16,4810,,,,,,0.09323415160179138,,,,,,,,,,
17,4819,,,,,0.08942015469074249,,,,,,,,,,,
17,4829,,,,,0.08866719156503677,,,,,,,,,,,
17,4839,,,,,0.09396830946207047,,,,,,,,,,,
17,4849,,,,,0.0879346951842308,,,,,,,,,,,
17,4859,,,,,0.08859921991825104,,,,,,,,,,,
17,4869,,,,,0.08724882453680038,,,,,,,,,,,
17,4879,,,,,0.08840518444776535,,,,,,,,,,,
17,4889,,,,,0.09198447316884995,,,,,,,,,,,
17,4899,,,,,0.08696199953556061,,,,,,,,,,,
17,4909,,,,,0.08686037361621857,,,,,,,,,,,
17,4919,,,,,0.08628784865140915,,,,,,,,,,,
17,4929,,,,,0.08534378558397293,,,,,,,,,,,
17,4939,,,,,0.08863237500190735,,,,,,,,,,,
17,4949,,,,,0.08911629766225815,,,,,,,,,,,
17,4959,,,,,0.0853927955031395,,,,,,,,,,,
17,4969,,,,,0.08876603841781616,,,,,,,,,,,
17,4979,,,,,0.08766907453536987,,,,,,,,,,,
17,4989,,,,,0.08751650154590607,,,,,,,,,,,
17,4999,,,,,0.08877384662628174,,,,,,,,,,,
17,5009,,,,,0.09093108028173447,,,,,,,,,,,
17,5019,,,,,0.0890900045633316,,,,,,,,,,,
17,5029,,,,,0.08637920767068863,,,,,,,,,,,
17,5039,,,,,0.08786957710981369,,,,,,,,,,,
17,5049,,,,,0.09060481935739517,,,,,,,,,,,
17,5059,,,,,0.08600853383541107,,,,,,,,,,,
17,5069,,,,,0.0856507197022438,,,,,,,,,,,
17,5079,,,,,0.08462126553058624,,,,,,,,,,,
17,5089,,,,,0.08449646830558777,,,,,,,,,,,
17,17,0.10982587159138536,86.62816594235461,,,,,,,,,,,,,,
17,5093,,,,,,0.08832155168056488,,,,,,,,,,
18,5099,,,,,0.08491095900535583,,,,,,,,,,,
18,5109,,,,,0.08457893878221512,,,,,,,,,,,
18,5119,,,,,0.08735650777816772,,,,,,,,,,,
18,5129,,,,,0.08809266239404678,,,,,,,,,,,
18,5139,,,,,0.08692320436239243,,,,,,,,,,,
18,5149,,,,,0.08755004405975342,,,,,,,,,,,
18,5159,,,,,0.08594939857721329,,,,,,,,,,,
18,5169,,,,,0.08721785992383957,,,,,,,,,,,
18,5179,,,,,0.08531126379966736,,,,,,,,,,,
18,5189,,,,,0.08278590440750122,,,,,,,,,,,
18,5199,,,,,0.08206535130739212,,,,,,,,,,,
18,5209,,,,,0.08233072608709335,,,,,,,,,,,
18,5219,,,,,0.0831480324268341,,,,,,,,,,,
18,5229,,,,,0.07890097796916962,,,,,,,,,,,
18,5239,,,,,0.0866677314043045,,,,,,,,,,,
18,5249,,,,,0.08982649445533752,,,,,,,,,,,
18,5259,,,,,0.0832836925983429,,,,,,,,,,,
18,5269,,,,,0.08081862330436707,,,,,,,,,,,
18,5279,,,,,0.08733243495225906,,,,,,,,,,,
18,5289,,,,,0.0822022408246994,,,,,,,,,,,
18,5299,,,,,0.08472776412963867,,,,,,,,,,,
18,5309,,,,,0.0837053433060646,,,,,,,,,,,
18,5319,,,,,0.08166278153657913,,,,,,,,,,,
18,5329,,,,,0.08373638987541199,,,,,,,,,,,
18,5339,,,,,0.08262575417757034,,,,,,,,,,,
18,5349,,,,,0.08355061709880829,,,,,,,,,,,
18,5359,,,,,0.0814075842499733,,,,,,,,,,,
18,5369,,,,,0.08352254331111908,,,,,,,,,,,
18,18,0.12043118392184442,86.12962353546368,,,,,,,,,,,,,,
18,5376,,,,,,0.08393555134534836,,,,,,,,,,
19,5379,,,,,0.08165235072374344,,,,,,,,,,,
19,5389,,,,,0.08038300275802612,,,,,,,,,,,
19,5399,,,,,0.08450519293546677,,,,,,,,,,,
19,5409,,,,,0.08507554978132248,,,,,,,,,,,
19,5419,,,,,0.08151014149188995,,,,,,,,,,,
19,5429,,,,,0.08404973149299622,,,,,,,,,,,
19,5439,,,,,0.0810886099934578,,,,,,,,,,,
19,5449,,,,,0.08064048737287521,,,,,,,,,,,
19,5459,,,,,0.08238925784826279,,,,,,,,,,,
19,5469,,,,,0.07957053929567337,,,,,,,,,,,
19,5479,,,,,0.07962333410978317,,,,,,,,,,,
19,5489,,,,,0.08094752579927444,,,,,,,,,,,
19,5499,,,,,0.07935211807489395,,,,,,,,,,,
19,5509,,,,,0.08079054951667786,,,,,,,,,,,
19,5519,,,,,0.07947367429733276,,,,,,,,,,,
19,5529,,,,,0.07919822633266449,,,,,,,,,,,
19,5539,,,,,0.08135152608156204,,,,,,,,,,,
19,5549,,,,,0.08227033168077469,,,,,,,,,,,
19,5559,,,,,0.08158551156520844,,,,,,,,,,,
19,5569,,,,,0.07906357944011688,,,,,,,,,,,
19,5579,,,,,0.08205629140138626,,,,,,,,,,,
19,5589,,,,,0.08251001685857773,,,,,,,,,,,
19,5599,,,,,0.08368870615959167,,,,,,,,,,,
19,5609,,,,,0.07660400867462158,,,,,,,,,,,
19,5619,,,,,0.0799044519662857,,,,,,,,,,,
19,5629,,,,,0.07982281595468521,,,,,,,,,,,
19,5639,,,,,0.07901305705308914,,,,,,,,,,,
19,5649,,,,,0.07634495943784714,,,,,,,,,,,
19,5659,,,,,0.07867612689733505,,,,,,,,,,,
19,19,,,0.5000337958335876,0.0,,,0.08062012273419587,0.014145663939416409,,0.4974120557308197,,0.0,,0.08081797712805625,,0.014578756876289845
19,5659,,,,,,,,,0.4974120557308197,,0.0,,0.08081799000501633,,0.014578756876289845,
19,19,0.10879850711334474,85.6400114620812,,,,,,,,,,,,,,
19,5659,,,,,,0.08037444949150085,,,,,,,,,,
20,5669,,,,,0.07658430933952332,,,,,,,,,,,
20,5679,,,,,0.07535528391599655,,,,,,,,,,,
20,5689,,,,,0.08089885115623474,,,,,,,,,,,
20,5699,,,,,0.0782315656542778,,,,,,,,,,,
20,5709,,,,,0.07659546285867691,,,,,,,,,,,
20,5719,,,,,0.08013852685689926,,,,,,,,,,,
20,5729,,,,,0.07685459405183792,,,,,,,,,,,
20,5739,,,,,0.07805291563272476,,,,,,,,,,,
20,5749,,,,,0.08186425268650055,,,,,,,,,,,
20,5759,,,,,0.07688935101032257,,,,,,,,,,,
20,5769,,,,,0.07678886502981186,,,,,,,,,,,
20,5779,,,,,0.07540779560804367,,,,,,,,,,,
20,5789,,,,,0.07757839560508728,,,,,,,,,,,
20,5799,,,,,0.07802531123161316,,,,,,,,,,,
20,5809,,,,,0.07416636496782303,,,,,,,,,,,
20,5819,,,,,0.07959461212158203,,,,,,,,,,,
20,5829,,,,,0.07699095457792282,,,,,,,,,,,
20,5839,,,,,0.07544063776731491,,,,,,,,,,,
20,5849,,,,,0.07412702590227127,,,,,,,,,,,
20,5859,,,,,0.07504061609506607,,,,,,,,,,,
20,5869,,,,,0.07551375776529312,,,,,,,,,,,
20,5879,,,,,0.07496502995491028,,,,,,,,,,,
20,5889,,,,,0.07718978822231293,,,,,,,,,,,
20,5899,,,,,0.0783630833029747,,,,,,,,,,,
20,5909,,,,,0.0727519616484642,,,,,,,,,,,
20,5919,,,,,0.0735667496919632,,,,,,,,,,,
20,5929,,,,,0.07118936628103256,,,,,,,,,,,
20,5939,,,,,0.07529295235872269,,,,,,,,,,,
20,20,0.10550872412308332,85.15740756296913,,,,,,,,,,,,,,
20,5942,,,,,,0.0771174430847168,,,,,,,,,,
21,5949,,,,,0.07573012262582779,,,,,,,,,,,
21,5959,,,,,0.07392702996730804,,,,,,,,,,,
21,5969,,,,,0.07637402415275574,,,,,,,,,,,
21,5979,,,,,0.07008922100067139,,,,,,,,,,,
21,5989,,,,,0.07325306534767151,,,,,,,,,,,
21,5999,,,,,0.07969488203525543,,,,,,,,,,,
21,6009,,,,,0.0727531760931015,,,,,,,,,,,
21,6019,,,,,0.07371573895215988,,,,,,,,,,,
21,6029,,,,,0.07788302004337311,,,,,,,,,,,
21,6039,,,,,0.07429873943328857,,,,,,,,,,,
21,6049,,,,,0.07544215023517609,,,,,,,,,,,
21,6059,,,,,0.07251416891813278,,,,,,,,,,,
21,6069,,,,,0.07657677680253983,,,,,,,,,,,
21,6079,,,,,0.07524548470973969,,,,,,,,,,,
21,6089,,,,,0.07054081559181213,,,,,,,,,,,
21,6099,,,,,0.07653620839118958,,,,,,,,,,,
21,6109,,,,,0.0758734717965126,,,,,,,,,,,
21,6119,,,,,0.07658394426107407,,,,,,,,,,,
21,6129,,,,,0.07250474393367767,,,,,,,,,,,
21,6139,,,,,0.07129120826721191,,,,,,,,,,,
21,6149,,,,,0.07281383126974106,,,,,,,,,,,
21,6159,,,,,0.07306718826293945,,,,,,,,,,,
21,6169,,,,,0.06985105574131012,,,,,,,,,,,
21,6179,,,,,0.07304628938436508,,,,,,,,,,,
21,6189,,,,,0.07371582835912704,,,,,,,,,,,
21,6199,,,,,0.07165718078613281,,,,,,,,,,,
21,6209,,,,,0.07654881477355957,,,,,,,,,,,
21,6219,,,,,0.07032409310340881,,,,,,,,,,,
21,21,0.10837723904400867,84.68128855977855,,,,,,,,,,,,,,
21,6225,,,,,,0.07437297701835632,,,,,,,,,,
22,6229,,,,,0.07311320304870605,,,,,,,,,,,
22,6239,,,,,0.07264122366905212,,,,,,,,,,,
22,6249,,,,,0.06998825818300247,,,,,,,,,,,
22,6259,,,,,0.074008509516716,,,,,,,,,,,
22,6269,,,,,0.06994771212339401,,,,,,,,,,,
22,6279,,,,,0.0707499235868454,,,,,,,,,,,
22,6289,,,,,0.07035594433546066,,,,,,,,,,,
22,6299,,,,,0.07564444094896317,,,,,,,,,,,
22,6309,,,,,0.07288656383752823,,,,,,,,,,,
22,6319,,,,,0.069491907954216,,,,,,,,,,,
22,6329,,,,,0.06938380002975464,,,,,,,,,,,
22,6339,,,,,0.069358691573143,,,,,,,,,,,
22,6349,,,,,0.07236330211162567,,,,,,,,,,,
22,6359,,,,,0.07099536061286926,,,,,,,,,,,
22,6369,,,,,0.07373343408107758,,,,,,,,,,,
22,6379,,,,,0.07402162998914719,,,,,,,,,,,
22,6389,,,,,0.07040385901927948,,,,,,,,,,,
22,6399,,,,,0.07263480871915817,,,,,,,,,,,
22,6409,,,,,0.0760728120803833,,,,,,,,,,,
22,6419,,,,,0.07061897963285446,,,,,,,,,,,
22,6429,,,,,0.0704156830906868,,,,,,,,,,,
22,6439,,,,,0.0695977509021759,,,,,,,,,,,
22,6449,,,,,0.07125899195671082,,,,,,,,,,,
22,6459,,,,,0.07131586968898773,,,,,,,,,,,
22,6469,,,,,0.07002323120832443,,,,,,,,,,,
22,6479,,,,,0.0677853599190712,,,,,,,,,,,
22,6489,,,,,0.06943029165267944,,,,,,,,,,,
22,6499,,,,,0.07042006403207779,,,,,,,,,,,
22,22,0.10212557928671145,84.20940319752039,,,,,,,,,,,,,,
22,6508,,,,,,0.07205501198768616,,,,,,,,,,
23,6509,,,,,0.07206838577985764,,,,,,,,,,,
23,6519,,,,,0.07112938910722733,,,,,,,,,,,
23,6529,,,,,0.07148642092943192,,,,,,,,,,,
23,6539,,,,,0.07176931947469711,,,,,,,,,,,
23,6549,,,,,0.07107117772102356,,,,,,,,,,,
23,6559,,,,,0.06950095295906067,,,,,,,,,,,
23,6569,,,,,0.07216107100248337,,,,,,,,,,,
23,6579,,,,,0.07096347212791443,,,,,,,,,,,
23,6589,,,,,0.07137127220630646,,,,,,,,,,,
23,6599,,,,,0.07048487663269043,,,,,,,,,,,
23,6609,,,,,0.0709533616900444,,,,,,,,,,,
23,6619,,,,,0.06981359422206879,,,,,,,,,,,
23,6629,,,,,0.07244323194026947,,,,,,,,,,,
23,6639,,,,,0.06905531883239746,,,,,,,,,,,
23,6649,,,,,0.06923922896385193,,,,,,,,,,,
23,6659,,,,,0.07054014503955841,,,,,,,,,,,
23,6669,,,,,0.068965844810009,,,,,,,,,,,
23,6679,,,,,0.06888768076896667,,,,,,,,,,,
23,6689,,,,,0.06995660066604614,,,,,,,,,,,
23,6699,,,,,0.07178251445293427,,,,,,,,,,,
23,6709,,,,,0.06843774020671844,,,,,,,,,,,
23,6719,,,,,0.0680249035358429,,,,,,,,,,,
23,6729,,,,,0.0695025622844696,,,,,,,,,,,
23,6739,,,,,0.07080593705177307,,,,,,,,,,,
23,6749,,,,,0.06937367469072342,,,,,,,,,,,
23,6759,,,,,0.07086585462093353,,,,,,,,,,,
23,6769,,,,,0.07283615320920944,,,,,,,,,,,
23,6779,,,,,0.066951222717762,,,,,,,,,,,
23,6789,,,,,0.07291194051504135,,,,,,,,,,,
23,23,0.10432906110128322,83.74491469856682,,,,,,,,,,,,,,
23,6791,,,,,,0.06997811049222946,,,,,,,,,,
24,6799,,,,,0.06828904896974564,,,,,,,,,,,
24,6809,,,,,0.07162367552518845,,,,,,,,,,,
24,6819,,,,,0.06766113638877869,,,,,,,,,,,
24,6829,,,,,0.06942165642976761,,,,,,,,,,,
24,6839,,,,,0.0678362175822258,,,,,,,,,,,
24,6849,,,,,0.069142185151577,,,,,,,,,,,
24,6859,,,,,0.06749947369098663,,,,,,,,,,,
24,6869,,,,,0.0666445791721344,,,,,,,,,,,
24,6879,,,,,0.06896687299013138,,,,,,,,,,,
24,6889,,,,,0.06896024942398071,,,,,,,,,,,
24,6899,,,,,0.06640172004699707,,,,,,,,,,,
24,6909,,,,,0.06755830347537994,,,,,,,,,,,
24,6919,,,,,0.06880350410938263,,,,,,,,,,,
24,6929,,,,,0.06759337335824966,,,,,,,,,,,
24,6939,,,,,0.06821995228528976,,,,,,,,,,,
24,6949,,,,,0.065097376704216,,,,,,,,,,,
24,6959,,,,,0.07103918492794037,,,,,,,,,,,
24,6969,,,,,0.06818734109401703,,,,,,,,,,,
24,6979,,,,,0.06992510706186295,,,,,,,,,,,
24,6989,,,,,0.06550271809101105,,,,,,,,,,,
24,6999,,,,,0.06696723401546478,,,,,,,,,,,
24,7009,,,,,0.06637835502624512,,,,,,,,,,,
24,7019,,,,,0.06741654872894287,,,,,,,,,,,
24,7029,,,,,0.06781214475631714,,,,,,,,,,,
24,7039,,,,,0.06454397737979889,,,,,,,,,,,
24,7049,,,,,0.06694023311138153,,,,,,,,,,,
24,7059,,,,,0.06546707451343536,,,,,,,,,,,
24,7069,,,,,0.06712231040000916,,,,,,,,,,,
24,24,0.08715336210801712,83.28573832665865,,,,,,,,,,,,,,
24,7074,,,,,,0.06818089634180069,,,,,,,,,,
25,7079,,,,,0.06681666523218155,,,,,,,,,,,
25,7089,,,,,0.06395059823989868,,,,,,,,,,,
25,7099,,,,,0.06757734715938568,,,,,,,,,,,
25,7109,,,,,0.0690055713057518,,,,,,,,,,,
25,7119,,,,,0.06869392096996307,,,,,,,,,,,
25,7129,,,,,0.06667784601449966,,,,,,,,,,,
25,7139,,,,,0.066336490213871,,,,,,,,,,,
25,7149,,,,,0.06806359440088272,,,,,,,,,,,
25,7159,,,,,0.06508038192987442,,,,,,,,,,,
25,7169,,,,,0.06898225843906403,,,,,,,,,,,
25,7179,,,,,0.06364433467388153,,,,,,,,,,,
25,7189,,,,,0.06684400886297226,,,,,,,,,,,
25,7199,,,,,0.06764491647481918,,,,,,,,,,,
25,7209,,,,,0.0642383024096489,,,,,,,,,,,
25,7219,,,,,0.06669821590185165,,,,,,,,,,,
25,7229,,,,,0.06465288996696472,,,,,,,,,,,
25,7239,,,,,0.06490921229124069,,,,,,,,,,,
25,7249,,,,,0.06487458944320679,,,,,,,,,,,
25,7259,,,,,0.06766267120838165,,,,,,,,,,,
25,7269,,,,,0.06479333341121674,,,,,,,,,,,
25,7279,,,,,0.06809110939502716,,,,,,,,,,,
25,7289,,,,,0.06798102706670761,,,,,,,,,,,
25,7299,,,,,0.06982988864183426,,,,,,,,,,,
25,7309,,,,,0.06506719440221786,,,,,,,,,,,
25,7319,,,,,0.06594344228506088,,,,,,,,,,,
25,7329,,,,,0.06465990096330643,,,,,,,,,,,
25,7339,,,,,0.06578829884529114,,,,,,,,,,,
25,7349,,,,,0.06933745741844177,,,,,,,,,,,
25,25,0.08514524877424533,82.83587525455344,,,,,,,,,,,,,,
25,7357,,,,,,0.06662603467702866,,,,,,,,,,
26,7359,,,,,0.0651044026017189,,,,,,,,,,,
26,7369,,,,,0.06603079289197922,,,,,,,,,,,
26,7379,,,,,0.06452500820159912,,,,,,,,,,,
26,7389,,,,,0.06225758045911789,,,,,,,,,,,
26,7399,,,,,0.06893045455217361,,,,,,,,,,,
26,7409,,,,,0.0653306394815445,,,,,,,,,,,
26,7419,,,,,0.06518187373876572,,,,,,,,,,,
26,7429,,,,,0.06479321420192719,,,,,,,,,,,
26,7439,,,,,0.0679846927523613,,,,,,,,,,,
26,7449,,,,,0.06309226155281067,,,,,,,,,,,
26,7459,,,,,0.06362605094909668,,,,,,,,,,,
26,7469,,,,,0.06339292228221893,,,,,,,,,,,
26,7479,,,,,0.06551087647676468,,,,,,,,,,,
26,7489,,,,,0.06741935014724731,,,,,,,,,,,
26,7499,,,,,0.06248626485466957,,,,,,,,,,,
26,7509,,,,,0.06922944635152817,,,,,,,,,,,
26,7519,,,,,0.06309287995100021,,,,,,,,,,,
26,7529,,,,,0.06397303193807602,,,,,,,,,,,
26,7539,,,,,0.0663011372089386,,,,,,,,,,,
26,7549,,,,,0.06247036159038544,,,,,,,,,,,
26,7559,,,,,0.06237185001373291,,,,,,,,,,,
26,7569,,,,,0.0649305209517479,,,,,,,,,,,
26,7579,,,,,0.06853359937667847,,,,,,,,,,,
26,7589,,,,,0.06249323487281799,,,,,,,,,,,
26,7599,,,,,0.06465653330087662,,,,,,,,,,,
26,7609,,,,,0.06592690199613571,,,,,,,,,,,
26,7619,,,,,0.06378012895584106,,,,,,,,,,,
26,7629,,,,,0.06346235424280167,,,,,,,,,,,
26,7639,,,,,0.06269638240337372,,,,,,,,,,,
26,26,0.07857363695280045,82.39299768118649,,,,,,,,,,,,,,
26,7640,,,,,,0.06530396640300751,,,,,,,,,,
27,7649,,,,,0.06851596385240555,,,,,,,,,,,
27,7659,,,,,0.06498277187347412,,,,,,,,,,,
27,7669,,,,,0.06463407725095749,,,,,,,,,,,
27,7679,,,,,0.06225932389497757,,,,,,,,,,,
27,7689,,,,,0.06398061662912369,,,,,,,,,,,
27,7699,,,,,0.06780002266168594,,,,,,,,,,,
27,7709,,,,,0.06597816199064255,,,,,,,,,,,
27,7719,,,,,0.0642552375793457,,,,,,,,,,,
27,7729,,,,,0.06388755887746811,,,,,,,,,,,
27,7739,,,,,0.06672991812229156,,,,,,,,,,,
27,7749,,,,,0.06375694274902344,,,,,,,,,,,
27,7759,,,,,0.06277953833341599,,,,,,,,,,,
27,7769,,,,,0.060897693037986755,,,,,,,,,,,
27,7779,,,,,0.06381084769964218,,,,,,,,,,,
27,7789,,,,,0.06629340350627899,,,,,,,,,,,
27,7799,,,,,0.0641004890203476,,,,,,,,,,,
27,7809,,,,,0.07044027745723724,,,,,,,,,,,
27,7819,,,,,0.0635223388671875,,,,,,,,,,,
27,7829,,,,,0.06263896077871323,,,,,,,,,,,
27,7839,,,,,0.0676824152469635,,,,,,,,,,,
27,7849,,,,,0.0630687028169632,,,,,,,,,,,
27,7859,,,,,0.06595064699649811,,,,,,,,,,,
27,7869,,,,,0.06314771622419357,,,,,,,,,,,
27,7879,,,,,0.060899730771780014,,,,,,,,,,,
27,7889,,,,,0.06422696262598038,,,,,,,,,,,
27,7899,,,,,0.06278951466083527,,,,,,,,,,,
27,7909,,,,,0.06267813593149185,,,,,,,,,,,
27,7919,,,,,0.0633360967040062,,,,,,,,,,,
27,27,0.08669900114864997,81.95882283771039,,,,,,,,,,,,,,
27,7923,,,,,,0.06423654407262802,,,,,,,,,,
28,7929,,,,,0.06582143902778625,,,,,,,,,,,
28,7939,,,,,0.06404978036880493,,,,,,,,,,,
28,7949,,,,,0.0608539916574955,,,,,,,,,,,
28,7959,,,,,0.06221672147512436,,,,,,,,,,,
28,7969,,,,,0.06192383915185928,,,,,,,,,,,
28,7979,,,,,0.06507239490747452,,,,,,,,,,,
28,7989,,,,,0.06479645520448685,,,,,,,,,,,
28,7999,,,,,0.06353370100259781,,,,,,,,,,,
28,8009,,,,,0.06165352463722229,,,,,,,,,,,
28,8019,,,,,0.06905487179756165,,,,,,,,,,,
28,8029,,,,,0.06385158002376556,,,,,,,,,,,
28,8039,,,,,0.060693010687828064,,,,,,,,,,,
28,8049,,,,,0.06546679884195328,,,,,,,,,,,
28,8059,,,,,0.06286320835351944,,,,,,,,,,,
28,8069,,,,,0.06379140168428421,,,,,,,,,,,
28,8079,,,,,0.06322169303894043,,,,,,,,,,,
28,8089,,,,,0.06432187557220459,,,,,,,,,,,
28,8099,,,,,0.06394799798727036,,,,,,,,,,,
28,8109,,,,,0.06485746055841446,,,,,,,,,,,
28,8119,,,,,0.06299249082803726,,,,,,,,,,,
28,8129,,,,,0.06472441554069519,,,,,,,,,,,
28,8139,,,,,0.06129797175526619,,,,,,,,,,,
28,8149,,,,,0.06377148628234863,,,,,,,,,,,
28,8159,,,,,0.06686098873615265,,,,,,,,,,,
28,8169,,,,,0.06097349151968956,,,,,,,,,,,
28,8179,,,,,0.0634552463889122,,,,,,,,,,,
28,8189,,,,,0.06472410261631012,,,,,,,,,,,
28,8199,,,,,0.058379821479320526,,,,,,,,,,,
28,28,0.08602738264580714,81.53476379569629,,,,,,,,,,,,,,
28,8206,,,,,,0.06322434544563293,,,,,,,,,,
29,8209,,,,,0.06301503628492355,,,,,,,,,,,
29,8219,,,,,0.06039047613739967,,,,,,,,,,,
29,8229,,,,,0.06129031255841255,,,,,,,,,,,
29,8239,,,,,0.0641905665397644,,,,,,,,,,,
29,8249,,,,,0.061989933252334595,,,,,,,,,,,
29,8259,,,,,0.06111128255724907,,,,,,,,,,,
29,8269,,,,,0.06370311975479126,,,,,,,,,,,
29,8279,,,,,0.0673985481262207,,,,,,,,,,,
29,8289,,,,,0.06634555757045746,,,,,,,,,,,
29,8299,,,,,0.06747306883335114,,,,,,,,,,,
29,8309,,,,,0.06368465721607208,,,,,,,,,,,
29,8319,,,,,0.06348354369401932,,,,,,,,,,,
29,8329,,,,,0.06417317688465118,,,,,,,,,,,
29,8339,,,,,0.061577342450618744,,,,,,,,,,,
29,8349,,,,,0.0586451031267643,,,,,,,,,,,
29,8359,,,,,0.0577043816447258,,,,,,,,,,,
29,8369,,,,,0.06205229461193085,,,,,,,,,,,
29,8379,,,,,0.061532847583293915,,,,,,,,,,,
29,8389,,,,,0.060616135597229004,,,,,,,,,,,
29,8399,,,,,0.06348367035388947,,,,,,,,,,,
29,8409,,,,,0.06395218521356583,,,,,,,,,,,
29,8419,,,,,0.062372006475925446,,,,,,,,,,,
29,8429,,,,,0.0633653923869133,,,,,,,,,,,
29,8439,,,,,0.0637824684381485,,,,,,,,,,,
29,8449,,,,,0.06436891853809357,,,,,,,,,,,
29,8459,,,,,0.06094131991267204,,,,,,,,,,,
29,8469,,,,,0.0653257668018341,,,,,,,,,,,
29,8479,,,,,0.062334831804037094,,,,,,,,,,,
29,8489,,,,,0.0634896531701088,,,,,,,,,,,
29,29,,,0.499989777803421,0.0,,,0.07387699349436838,0.01414512749761343,,0.49750274419784546,,0.0,,0.07415384108352722,,0.014655498787760735
29,8489,,,,,,,,,0.49750274419784546,,0.0,,0.0741538405418396,,0.014655498787760735,
29,29,0.08165173875075206,81.12132791834843,,,,,,,,,,,,,,
29,8489,,,,,,0.06236691400408745,,,,,,,,,,
30,8499,,,,,0.05958295613527298,,,,,,,,,,,
30,8509,,,,,0.05966257303953171,,,,,,,,,,,
30,8519,,,,,0.06441481411457062,,,,,,,,,,,
30,8529,,,,,0.06178894639015198,,,,,,,,,,,
30,8539,,,,,0.0637713372707367,,,,,,,,,,,
30,8549,,,,,0.061320580542087555,,,,,,,,,,,
30,8559,,,,,0.06383054703474045,,,,,,,,,,,
30,8569,,,,,0.05963153392076492,,,,,,,,,,,
30,8579,,,,,0.060066815465688705,,,,,,,,,,,
30,8589,,,,,0.0598861426115036,,,,,,,,,,,
30,8599,,,,,0.06121515855193138,,,,,,,,,,,
30,8609,,,,,0.05906885862350464,,,,,,,,,,,
30,8619,,,,,0.06474406272172928,,,,,,,,,,,
30,8629,,,,,0.05743652209639549,,,,,,,,,,,
30,8639,,,,,0.05756495147943497,,,,,,,,,,,
30,8649,,,,,0.06195615604519844,,,,,,,,,,,
30,8659,,,,,0.06611476093530655,,,,,,,,,,,
30,8669,,,,,0.061261191964149475,,,,,,,,,,,
30,8679,,,,,0.06159323453903198,,,,,,,,,,,
30,8689,,,,,0.06388220936059952,,,,,,,,,,,
30,8699,,,,,0.06540299206972122,,,,,,,,,,,
30,8709,,,,,0.06373465061187744,,,,,,,,,,,
30,8719,,,,,0.061030346900224686,,,,,,,,,,,
30,8729,,,,,0.06074398010969162,,,,,,,,,,,
30,8739,,,,,0.06263640522956848,,,,,,,,,,,
30,8749,,,,,0.06176930293440819,,,,,,,,,,,
30,8759,,,,,0.05872592702507973,,,,,,,,,,,
30,8769,,,,,0.06032281368970871,,,,,,,,,,,
30,30,0.08658225921103642,80.71818673440231,,,,,,,,,,,,,,
30,8772,,,,,,0.061675943434238434,,,,,,,,,,
31,8779,,,,,0.06135046109557152,,,,,,,,,,,
31,8789,,,,,0.06358353048563004,,,,,,,,,,,
31,8799,,,,,0.06073310226202011,,,,,,,,,,,
31,8809,,,,,0.058382268995046616,,,,,,,,,,,
31,8819,,,,,0.06286624819040298,,,,,,,,,,,
31,8829,,,,,0.06386856734752655,,,,,,,,,,,
31,8839,,,,,0.06159389019012451,,,,,,,,,,,
31,8849,,,,,0.06077612191438675,,,,,,,,,,,
31,8859,,,,,0.05846177786588669,,,,,,,,,,,
31,8869,,,,,0.06099791079759598,,,,,,,,,,,
31,8879,,,,,0.06092565879225731,,,,,,,,,,,
31,8889,,,,,0.06112753227353096,,,,,,,,,,,
31,8899,,,,,0.05902354419231415,,,,,,,,,,,
31,8909,,,,,0.061878349632024765,,,,,,,,,,,
31,8919,,,,,0.05998854711651802,,,,,,,,,,,
31,8929,,,,,0.05949103832244873,,,,,,,,,,,
31,8939,,,,,0.06394714117050171,,,,,,,,,,,
31,8949,,,,,0.061388663947582245,,,,,,,,,,,
31,8959,,,,,0.06413393467664719,,,,,,,,,,,
31,8969,,,,,0.06203121319413185,,,,,,,,,,,
31,8979,,,,,0.06016606464982033,,,,,,,,,,,
31,8989,,,,,0.06266765296459198,,,,,,,,,,,
31,8999,,,,,0.06165975332260132,,,,,,,,,,,
31,9009,,,,,0.060573071241378784,,,,,,,,,,,
31,9019,,,,,0.06110842898488045,,,,,,,,,,,
31,9029,,,,,0.059681832790374756,,,,,,,,,,,
31,9039,,,,,0.06247783079743385,,,,,,,,,,,
31,9049,,,,,0.06269142031669617,,,,,,,,,,,
31,31,0.09138260162040944,80.32630292777236,,,,,,,,,,,,,,
31,9055,,,,,,0.06106754392385483,,,,,,,,,,
32,9059,,,,,0.06191430613398552,,,,,,,,,,,
32,9069,,,,,0.06521891802549362,,,,,,,,,,,
32,9079,,,,,0.05774061754345894,,,,,,,,,,,
32,9089,,,,,0.0629829540848732,,,,,,,,,,,
32,9099,,,,,0.06112058088183403,,,,,,,,,,,
32,9109,,,,,0.05936716869473457,,,,,,,,,,,
32,9119,,,,,0.05757395550608635,,,,,,,,,,,
32,9129,,,,,0.05593372508883476,,,,,,,,,,,
32,9139,,,,,0.0640522763133049,,,,,,,,,,,
32,9149,,,,,0.060142990201711655,,,,,,,,,,,
32,9159,,,,,0.05709199234843254,,,,,,,,,,,
32,9169,,,,,0.06311844289302826,,,,,,,,,,,
32,9179,,,,,0.05750688910484314,,,,,,,,,,,
32,9189,,,,,0.06672932952642441,,,,,,,,,,,
32,9199,,,,,0.06083796173334122,,,,,,,,,,,
32,9209,,,,,0.061897680163383484,,,,,,,,,,,
32,9219,,,,,0.06075026094913483,,,,,,,,,,,
32,9229,,,,,0.06272641569375992,,,,,,,,,,,
32,9239,,,,,0.06241673603653908,,,,,,,,,,,
32,9249,,,,,0.06184960901737213,,,,,,,,,,,
32,9259,,,,,0.060419823974370956,,,,,,,,,,,
32,9269,,,,,0.05864899605512619,,,,,,,,,,,
32,9279,,,,,0.05885513126850128,,,,,,,,,,,
32,9289,,,,,0.060274142771959305,,,,,,,,,,,
32,9299,,,,,0.06109147146344185,,,,,,,,,,,
32,9309,,,,,0.061690304428339005,,,,,,,,,,,
32,9319,,,,,0.060241520404815674,,,,,,,,,,,
32,9329,,,,,0.05783730372786522,,,,,,,,,,,
32,32,0.08654543151667449,79.94802821014822,,,,,,,,,,,,,,
32,9338,,,,,,0.06051352992653847,,,,,,,,,,
33,9339,,,,,0.059251122176647186,,,,,,,,,,,
33,9349,,,,,0.05977323278784752,,,,,,,,,,,
33,9359,,,,,0.061560019850730896,,,,,,,,,,,
33,9369,,,,,0.061018042266368866,,,,,,,,,,,
33,9379,,,,,0.0630064457654953,,,,,,,,,,,
33,9389,,,,,0.05910227447748184,,,,,,,,,,,
33,9399,,,,,0.06013315171003342,,,,,,,,,,,
33,9409,,,,,0.05993913486599922,,,,,,,,,,,
33,9419,,,,,0.06180938705801964,,,,,,,,,,,
33,9429,,,,,0.06442093104124069,,,,,,,,,,,
33,9439,,,,,0.060722716152668,,,,,,,,,,,
33,9449,,,,,0.061774350702762604,,,,,,,,,,,
33,9459,,,,,0.06057083606719971,,,,,,,,,,,
33,9469,,,,,0.05900207906961441,,,,,,,,,,,
33,9479,,,,,0.060234103351831436,,,,,,,,,,,
33,9489,,,,,0.06229875236749649,,,,,,,,,,,
33,9499,,,,,0.05949188023805618,,,,,,,,,,,
33,9509,,,,,0.05899468809366226,,,,,,,,,,,
33,9519,,,,,0.06103440374135971,,,,,,,,,,,
33,9529,,,,,0.05918458104133606,,,,,,,,,,,
33,9539,,,,,0.06245828792452812,,,,,,,,,,,
33,9549,,,,,0.05996280536055565,,,,,,,,,,,
33,9559,,,,,0.061678994446992874,,,,,,,,,,,
33,9569,,,,,0.05897701904177666,,,,,,,,,,,
33,9579,,,,,0.06024835631251335,,,,,,,,,,,
33,9589,,,,,0.0597892701625824,,,,,,,,,,,
33,9599,,,,,0.06065862253308296,,,,,,,,,,,
33,9609,,,,,0.059146929532289505,,,,,,,,,,,
33,9619,,,,,0.05908766761422157,,,,,,,,,,,
33,33,0.0861173130791564,79.57906850168912,,,,,,,,,,,,,,
33,9621,,,,,,0.06004870682954788,,,,,,,,,,
34,9629,,,,,0.0592997744679451,,,,,,,,,,,
34,9639,,,,,0.05880643054842949,,,,,,,,,,,
34,9649,,,,,0.06051226705312729,,,,,,,,,,,
34,9659,,,,,0.059705112129449844,,,,,,,,,,,
34,9669,,,,,0.056093357503414154,,,,,,,,,,,
34,9679,,,,,0.06128630042076111,,,,,,,,,,,
34,9689,,,,,0.058204978704452515,,,,,,,,,,,
34,9699,,,,,0.05823293328285217,,,,,,,,,,,
34,9709,,,,,0.05915013328194618,,,,,,,,,,,
34,9719,,,,,0.06188630312681198,,,,,,,,,,,
34,9729,,,,,0.05507194623351097,,,,,,,,,,,
34,9739,,,,,0.059487249702215195,,,,,,,,,,,
34,9749,,,,,0.05719956010580063,,,,,,,,,,,
34,9759,,,,,0.06226101517677307,,,,,,,,,,,
34,9769,,,,,0.060217637568712234,,,,,,,,,,,
34,9779,,,,,0.06021813303232193,,,,,,,,,,,
34,9789,,,,,0.054950322955846786,,,,,,,,,,,
34,9799,,,,,0.06277746707201004,,,,,,,,,,,
34,9809,,,,,0.05911150947213173,,,,,,,,,,,
34,9819,,,,,0.05747609585523605,,,,,,,,,,,
34,9829,,,,,0.06385994702577591,,,,,,,,,,,
34,9839,,,,,0.06193753331899643,,,,,,,,,,,
34,9849,,,,,0.05912110581994057,,,,,,,,,,,
34,9859,,,,,0.06366237998008728,,,,,,,,,,,
34,9869,,,,,0.05848930403590202,,,,,,,,,,,
34,9879,,,,,0.05919885262846947,,,,,,,,,,,
34,9889,,,,,0.06444083154201508,,,,,,,,,,,
34,9899,,,,,0.05906520411372185,,,,,,,,,,,
34,34,0.07349327231594566,79.21835904688656,,,,,,,,,,,,,,
34,9904,,,,,,0.05968746542930603,,,,,,,,,,
35,9909,,,,,0.061222679913043976,,,,,,,,,,,
35,9919,,,,,0.057226426899433136,,,,,,,,,,,
35,9929,,,,,0.05911727249622345,,,,,,,,,,,
35,9939,,,,,0.06409454345703125,,,,,,,,,,,
35,9949,,,,,0.05613984912633896,,,,,,,,,,,
35,9959,,,,,0.061450738459825516,,,,,,,,,,,
35,9969,,,,,0.053861264139413834,,,,,,,,,,,
35,9979,,,,,0.05765172094106674,,,,,,,,,,,
35,9989,,,,,0.05780836194753647,,,,,,,,,,,
35,9999,,,,,0.06215721368789673,,,,,,,,,,,
35,10009,,,,,0.05868912860751152,,,,,,,,,,,
35,10019,,,,,0.05870804935693741,,,,,,,,,,,
35,10029,,,,,0.05662484094500542,,,,,,,,,,,
35,10039,,,,,0.057826317846775055,,,,,,,,,,,
35,10049,,,,,0.059094883501529694,,,,,,,,,,,
35,10059,,,,,0.058479905128479004,,,,,,,,,,,
35,10069,,,,,0.057319894433021545,,,,,,,,,,,
35,10079,,,,,0.0613655261695385,,,,,,,,,,,
35,10089,,,,,0.05776253342628479,,,,,,,,,,,
35,10099,,,,,0.05921467766165733,,,,,,,,,,,
35,10109,,,,,0.05900314822793007,,,,,,,,,,,
35,10119,,,,,0.060076914727687836,,,,,,,,,,,
35,10129,,,,,0.06074506789445877,,,,,,,,,,,
35,10139,,,,,0.06150848791003227,,,,,,,,,,,
35,10149,,,,,0.058695971965789795,,,,,,,,,,,
35,10159,,,,,0.06099869683384895,,,,,,,,,,,
35,10169,,,,,0.057933591306209564,,,,,,,,,,,
35,10179,,,,,0.05641358345746994,,,,,,,,,,,
35,35,0.07909763128405,78.86780332698649,,,,,,,,,,,,,,
35,10187,,,,,,0.059344928711652756,,,,,,,,,,
36,10189,,,,,0.054352276027202606,,,,,,,,,,,
36,10199,,,,,0.06015513837337494,,,,,,,,,,,
36,10209,,,,,0.0592520609498024,,,,,,,,,,,
36,10219,,,,,0.05585495010018349,,,,,,,,,,,
36,10229,,,,,0.06039222329854965,,,,,,,,,,,
36,10239,,,,,0.058317881077528,,,,,,,,,,,
36,10249,,,,,0.059202514588832855,,,,,,,,,,,
36,10259,,,,,0.057012155652046204,,,,,,,,,,,
36,10269,,,,,0.05988050252199173,,,,,,,,,,,
36,10279,,,,,0.06167398393154144,,,,,,,,,,,
36,10289,,,,,0.056976523250341415,,,,,,,,,,,
36,10299,,,,,0.06395877152681351,,,,,,,,,,,
36,10309,,,,,0.05458050221204758,,,,,,,,,,,
36,10319,,,,,0.05869206413626671,,,,,,,,,,,
36,10329,,,,,0.05426078289747238,,,,,,,,,,,
36,10339,,,,,0.05882956460118294,,,,,,,,,,,
36,10349,,,,,0.058854296803474426,,,,,,,,,,,
36,10359,,,,,0.05491768568754196,,,,,,,,,,,
36,10369,,,,,0.05694368854165077,,,,,,,,,,,
36,10379,,,,,0.05821426957845688,,,,,,,,,,,
36,10389,,,,,0.05769442021846771,,,,,,,,,,,
36,10399,,,,,0.059349510818719864,,,,,,,,,,,
36,10409,,,,,0.057511791586875916,,,,,,,,,,,
36,10419,,,,,0.06120848283171654,,,,,,,,,,,
36,10429,,,,,0.06046226620674133,,,,,,,,,,,
36,10439,,,,,0.05742447450757027,,,,,,,,,,,
36,10449,,,,,0.059200167655944824,,,,,,,,,,,
36,10459,,,,,0.057479556649923325,,,,,,,,,,,
36,10469,,,,,0.06034407764673233,,,,,,,,,,,
36,36,0.09638104508100799,78.52842986157108,,,,,,,,,,,,,,
36,10470,,,,,,0.05911731719970703,,,,,,,,,,
37,10479,,,,,0.05783858522772789,,,,,,,,,,,
37,10489,,,,,0.06278566271066666,,,,,,,,,,,
37,10499,,,,,0.0588618628680706,,,,,,,,,,,
37,10509,,,,,0.05644473806023598,,,,,,,,,,,
37,10519,,,,,0.05821744725108147,,,,,,,,,,,
37,10529,,,,,0.05923616141080856,,,,,,,,,,,
37,10539,,,,,0.05792379751801491,,,,,,,,,,,
37,10549,,,,,0.058482687920331955,,,,,,,,,,,
37,10559,,,,,0.06080339848995209,,,,,,,,,,,
37,10569,,,,,0.05996711179614067,,,,,,,,,,,
37,10579,,,,,0.05943410471081734,,,,,,,,,,,
37,10589,,,,,0.059512145817279816,,,,,,,,,,,
37,10599,,,,,0.06045089662075043,,,,,,,,,,,
37,10609,,,,,0.05940555781126022,,,,,,,,,,,
37,10619,,,,,0.059440527111291885,,,,,,,,,,,
37,10629,,,,,0.057314682751894,,,,,,,,,,,
37,10639,,,,,0.05942507088184357,,,,,,,,,,,
37,10649,,,,,0.05676276609301567,,,,,,,,,,,
37,10659,,,,,0.058123599737882614,,,,,,,,,,,
37,10669,,,,,0.06012413278222084,,,,,,,,,,,
37,10679,,,,,0.058771416544914246,,,,,,,,,,,
37,10689,,,,,0.05518197640776634,,,,,,,,,,,
37,10699,,,,,0.058496031910181046,,,,,,,,,,,
37,10709,,,,,0.05797145888209343,,,,,,,,,,,
37,10719,,,,,0.05836997553706169,,,,,,,,,,,
37,10729,,,,,0.0617956817150116,,,,,,,,,,,
37,10739,,,,,0.06421411037445068,,,,,,,,,,,
37,10749,,,,,0.061120353639125824,,,,,,,,,,,
37,37,0.08075441388908065,78.20085796007774,,,,,,,,,,,,,,
37,10753,,,,,,0.05886813998222351,,,,,,,,,,
38,10759,,,,,0.057362839579582214,,,,,,,,,,,
38,10769,,,,,0.05777870863676071,,,,,,,,,,,
38,10779,,,,,0.060645103454589844,,,,,,,,,,,
38,10789,,,,,0.056962791830301285,,,,,,,,,,,
38,10799,,,,,0.05869836360216141,,,,,,,,,,,
38,10809,,,,,0.0599433034658432,,,,,,,,,,,
38,10819,,,,,0.05711180344223976,,,,,,,,,,,
38,10829,,,,,0.05890318378806114,,,,,,,,,,,
38,10839,,,,,0.05995882302522659,,,,,,,,,,,
38,10849,,,,,0.057095371186733246,,,,,,,,,,,
38,10859,,,,,0.057830557227134705,,,,,,,,,,,
38,10869,,,,,0.060360386967659,,,,,,,,,,,
38,10879,,,,,0.058834001421928406,,,,,,,,,,,
38,10889,,,,,0.055401016026735306,,,,,,,,,,,
38,10899,,,,,0.05634186789393425,,,,,,,,,,,
38,10909,,,,,0.05543985962867737,,,,,,,,,,,
38,10919,,,,,0.05909539759159088,,,,,,,,,,,
38,10929,,,,,0.05819490924477577,,,,,,,,,,,
38,10939,,,,,0.05628921836614609,,,,,,,,,,,
38,10949,,,,,0.06253466755151749,,,,,,,,,,,
38,10959,,,,,0.05577535182237625,,,,,,,,,,,
38,10969,,,,,0.05925179272890091,,,,,,,,,,,
38,10979,,,,,0.05941509082913399,,,,,,,,,,,
38,10989,,,,,0.06235671788454056,,,,,,,,,,,
38,10999,,,,,0.05729901045560837,,,,,,,,,,,
38,11009,,,,,0.05638667941093445,,,,,,,,,,,
38,11019,,,,,0.05815047398209572,,,,,,,,,,,
38,11029,,,,,0.06050490587949753,,,,,,,,,,,
38,38,0.07210058710493503,77.88276843150713,,,,,,,,,,,,,,
38,11036,,,,,,0.05869974195957184,,,,,,,,,,
39,11039,,,,,0.05820056051015854,,,,,,,,,,,
39,11049,,,,,0.05553945153951645,,,,,,,,,,,
39,11059,,,,,0.06105922535061836,,,,,,,,,,,
39,11069,,,,,0.0560525506734848,,,,,,,,,,,
39,11079,,,,,0.059934861958026886,,,,,,,,,,,
39,11089,,,,,0.059857383370399475,,,,,,,,,,,
39,11099,,,,,0.0600249245762825,,,,,,,,,,,
39,11109,,,,,0.055420152842998505,,,,,,,,,,,
39,11119,,,,,0.061445776373147964,,,,,,,,,,,
39,11129,,,,,0.058019790798425674,,,,,,,,,,,
39,11139,,,,,0.05924313887953758,,,,,,,,,,,
39,11149,,,,,0.05673116445541382,,,,,,,,,,,
39,11159,,,,,0.06015704944729805,,,,,,,,,,,
39,11169,,,,,0.06015068665146828,,,,,,,,,,,
39,11179,,,,,0.055093005299568176,,,,,,,,,,,
39,11189,,,,,0.05245206132531166,,,,,,,,,,,
39,11199,,,,,0.05545690655708313,,,,,,,,,,,
39,11209,,,,,0.060073234140872955,,,,,,,,,,,
39,11219,,,,,0.05822954699397087,,,,,,,,,,,
39,11229,,,,,0.061214860528707504,,,,,,,,,,,
39,11239,,,,,0.05823652818799019,,,,,,,,,,,
39,11249,,,,,0.05882762372493744,,,,,,,,,,,
39,11259,,,,,0.05750986933708191,,,,,,,,,,,
39,11269,,,,,0.06080629676580429,,,,,,,,,,,
39,11279,,,,,0.06362789124250412,,,,,,,,,,,
39,11289,,,,,0.05652709677815437,,,,,,,,,,,
39,11299,,,,,0.057268187403678894,,,,,,,,,,,
39,11309,,,,,0.057354461401700974,,,,,,,,,,,
39,11319,,,,,0.05740397050976753,,,,,,,,,,,
39,39,,,0.4998965859413147,0.0,,,0.0664659328943529,0.014138923957943916,,0.49644744396209717,,0.0,,0.06673020342060802,,0.014490175992250443
39,11319,,,,,,,,,0.49644744396209717,,0.0,,0.06673020124435425,,0.014490175992250443,
39,39,0.08203224330154857,77.57387890132617,,,,,,,,,,,,,,
39,11319,,,,,,0.05849089100956917,,,,,,,,,,
40,11329,,,,,0.05870572477579117,,,,,,,,,,,
40,11339,,,,,0.059007223695516586,,,,,,,,,,,
40,11349,,,,,0.05968640744686127,,,,,,,,,,,
40,11359,,,,,0.053186070173978806,,,,,,,,,,,
40,11369,,,,,0.053330015391111374,,,,,,,,,,,
40,11379,,,,,0.05514178425073624,,,,,,,,,,,
40,11389,,,,,0.05849308893084526,,,,,,,,,,,
40,11399,,,,,0.05895784869790077,,,,,,,,,,,
40,11409,,,,,0.05772272124886513,,,,,,,,,,,
40,11419,,,,,0.059949010610580444,,,,,,,,,,,
40,11429,,,,,0.05678926408290863,,,,,,,,,,,
40,11439,,,,,0.05515533313155174,,,,,,,,,,,
40,11449,,,,,0.05435458943247795,,,,,,,,,,,
40,11459,,,,,0.059375107288360596,,,,,,,,,,,
40,11469,,,,,0.06051555648446083,,,,,,,,,,,
40,11479,,,,,0.06028945744037628,,,,,,,,,,,
40,11489,,,,,0.05600378289818764,,,,,,,,,,,
40,11499,,,,,0.058192379772663116,,,,,,,,,,,
40,11509,,,,,0.05886249989271164,,,,,,,,,,,
40,11519,,,,,0.05887117236852646,,,,,,,,,,,
40,11529,,,,,0.055479858070611954,,,,,,,,,,,
40,11539,,,,,0.057185277342796326,,,,,,,,,,,
40,11549,,,,,0.05964508652687073,,,,,,,,,,,
40,11559,,,,,0.055954985320568085,,,,,,,,,,,
40,11569,,,,,0.055994100868701935,,,,,,,,,,,
40,11579,,,,,0.05660324543714523,,,,,,,,,,,
40,11589,,,,,0.055361419916152954,,,,,,,,,,,
40,11599,,,,,0.0574372373521328,,,,,,,,,,,
40,40,0.07748115510665363,77.27234761223873,,,,,,,,,,,,,,
40,11602,,,,,,0.058342721313238144,,,,,,,,,,
41,11609,,,,,0.05892402306199074,,,,,,,,,,,
41,11619,,,,,0.061618149280548096,,,,,,,,,,,
41,11629,,,,,0.056899912655353546,,,,,,,,,,,
41,11639,,,,,0.05877571925520897,,,,,,,,,,,
41,11649,,,,,0.059819579124450684,,,,,,,,,,,
41,11659,,,,,0.06184231862425804,,,,,,,,,,,
41,11669,,,,,0.060747046023607254,,,,,,,,,,,
41,11679,,,,,0.05829238146543503,,,,,,,,,,,
41,11689,,,,,0.060406945645809174,,,,,,,,,,,
41,11699,,,,,0.058238375931978226,,,,,,,,,,,
41,11709,,,,,0.05965068191289902,,,,,,,,,,,
41,11719,,,,,0.060605790466070175,,,,,,,,,,,
41,11729,,,,,0.05595332011580467,,,,,,,,,,,
41,11739,,,,,0.05487316846847534,,,,,,,,,,,
41,11749,,,,,0.05737834423780441,,,,,,,,,,,
41,11759,,,,,0.05499350279569626,,,,,,,,,,,
41,11769,,,,,0.05720221996307373,,,,,,,,,,,
41,11779,,,,,0.05910882353782654,,,,,,,,,,,
41,11789,,,,,0.05990448594093323,,,,,,,,,,,
41,11799,,,,,0.055572509765625,,,,,,,,,,,
41,11809,,,,,0.05774352699518204,,,,,,,,,,,
41,11819,,,,,0.05618368461728096,,,,,,,,,,,
41,11829,,,,,0.05969681218266487,,,,,,,,,,,
41,11839,,,,,0.055396053940057755,,,,,,,,,,,
41,11849,,,,,0.0548861138522625,,,,,,,,,,,
41,11859,,,,,0.058509569615125656,,,,,,,,,,,
41,11869,,,,,0.05734970420598984,,,,,,,,,,,
41,11879,,,,,0.05278342217206955,,,,,,,,,,,
41,41,0.07887528051119543,76.97873250625231,,,,,,,,,,,,,,
41,11885,,,,,,0.05823869630694389,,,,,,,,,,
42,11889,,,,,0.05916240066289902,,,,,,,,,,,
42,11899,,,,,0.06292377412319183,,,,,,,,,,,
42,11909,,,,,0.05965859070420265,,,,,,,,,,,
42,11919,,,,,0.06278546899557114,,,,,,,,,,,
42,11929,,,,,0.058091167360544205,,,,,,,,,,,
42,11939,,,,,0.05389738455414772,,,,,,,,,,,
42,11949,,,,,0.06044286489486694,,,,,,,,,,,
42,11959,,,,,0.055590201169252396,,,,,,,,,,,
42,11969,,,,,0.05740034207701683,,,,,,,,,,,
42,11979,,,,,0.05952325463294983,,,,,,,,,,,
42,11989,,,,,0.05547472834587097,,,,,,,,,,,
42,11999,,,,,0.06059936434030533,,,,,,,,,,,
42,12009,,,,,0.06162243336439133,,,,,,,,,,,
42,12019,,,,,0.05621238425374031,,,,,,,,,,,
42,12029,,,,,0.06317102164030075,,,,,,,,,,,
42,12039,,,,,0.05661396309733391,,,,,,,,,,,
42,12049,,,,,0.05599682405591011,,,,,,,,,,,
42,12059,,,,,0.055662963539361954,,,,,,,,,,,
42,12069,,,,,0.06060539558529854,,,,,,,,,,,
42,12079,,,,,0.06218582019209862,,,,,,,,,,,
42,12089,,,,,0.05825964733958244,,,,,,,,,,,
42,12099,,,,,0.0577213317155838,,,,,,,,,,,
42,12109,,,,,0.058167070150375366,,,,,,,,,,,
42,12119,,,,,0.05647939816117287,,,,,,,,,,,
42,12129,,,,,0.059575341641902924,,,,,,,,,,,
42,12139,,,,,0.06014504283666611,,,,,,,,,,,
42,12149,,,,,0.05657899007201195,,,,,,,,,,,
42,12159,,,,,0.05580146238207817,,,,,,,,,,,
42,42,0.07100681310736856,76.69382438665176,,,,,,,,,,,,,,
42,12168,,,,,,0.058154571801424026,,,,,,,,,,
43,12169,,,,,0.056424595415592194,,,,,,,,,,,
43,12179,,,,,0.05944349244236946,,,,,,,,,,,
43,12189,,,,,0.05871884524822235,,,,,,,,,,,
43,12199,,,,,0.05715424567461014,,,,,,,,,,,
43,12209,,,,,0.058401428163051605,,,,,,,,,,,
43,12219,,,,,0.05829235538840294,,,,,,,,,,,
43,12229,,,,,0.0560809001326561,,,,,,,,,,,
43,12239,,,,,0.05741024762392044,,,,,,,,,,,
43,12249,,,,,0.061250071972608566,,,,,,,,,,,
43,12259,,,,,0.061535947024822235,,,,,,,,,,,
43,12269,,,,,0.05812714621424675,,,,,,,,,,,
43,12279,,,,,0.05822549760341644,,,,,,,,,,,
43,12289,,,,,0.0586337186396122,,,,,,,,,,,
43,12299,,,,,0.05708416551351547,,,,,,,,,,,
43,12309,,,,,0.05937463045120239,,,,,,,,,,,
43,12319,,,,,0.058499932289123535,,,,,,,,,,,
43,12329,,,,,0.05305921658873558,,,,,,,,,,,
43,12339,,,,,0.0583869069814682,,,,,,,,,,,
43,12349,,,,,0.055414117872714996,,,,,,,,,,,
43,12359,,,,,0.060838475823402405,,,,,,,,,,,
43,12369,,,,,0.056725937873125076,,,,,,,,,,,
43,12379,,,,,0.06017349660396576,,,,,,,,,,,
43,12389,,,,,0.05645368993282318,,,,,,,,,,,
43,12399,,,,,0.06121271848678589,,,,,,,,,,,
43,12409,,,,,0.05578915774822235,,,,,,,,,,,
43,12419,,,,,0.05670054629445076,,,,,,,,,,,
43,12429,,,,,0.0573967881500721,,,,,,,,,,,
43,12439,,,,,0.0562504306435585,,,,,,,,,,,
43,12449,,,,,0.06074115261435509,,,,,,,,,,,
43,43,0.08667690946880441,76.4174620077216,,,,,,,,,,,,,,
43,12451,,,,,,0.05806736275553703,,,,,,,,,,
44,12459,,,,,0.05779717117547989,,,,,,,,,,,
44,12469,,,,,0.055265288800001144,,,,,,,,,,,
44,12479,,,,,0.055871665477752686,,,,,,,,,,,
44,12489,,,,,0.05695447325706482,,,,,,,,,,,
44,12499,,,,,0.05734305456280708,,,,,,,,,,,
44,12509,,,,,0.06002255156636238,,,,,,,,,,,
44,12519,,,,,0.057535458356142044,,,,,,,,,,,
44,12529,,,,,0.05869065970182419,,,,,,,,,,,
44,12539,,,,,0.05886685103178024,,,,,,,,,,,
44,12549,,,,,0.06150021031498909,,,,,,,,,,,
44,12559,,,,,0.05977938696742058,,,,,,,,,,,
44,12569,,,,,0.06192350760102272,,,,,,,,,,,
44,12579,,,,,0.0540599599480629,,,,,,,,,,,
44,12589,,,,,0.05889368802309036,,,,,,,,,,,
44,12599,,,,,0.0567019097507,,,,,,,,,,,
44,12609,,,,,0.06050417944788933,,,,,,,,,,,
44,12619,,,,,0.055096667259931564,,,,,,,,,,,
44,12629,,,,,0.05969653278589249,,,,,,,,,,,
44,12639,,,,,0.05607626214623451,,,,,,,,,,,
44,12649,,,,,0.0586237795650959,,,,,,,,,,,
44,12659,,,,,0.05684418976306915,,,,,,,,,,,
44,12669,,,,,0.054959215223789215,,,,,,,,,,,
44,12679,,,,,0.0571475587785244,,,,,,,,,,,
44,12689,,,,,0.05677270516753197,,,,,,,,,,,
44,12699,,,,,0.05608697235584259,,,,,,,,,,,
44,12709,,,,,0.06035085394978523,,,,,,,,,,,
44,12719,,,,,0.055642466992139816,,,,,,,,,,,
44,12729,,,,,0.06170135363936424,,,,,,,,,,,
44,44,0.07028090996479605,76.15084017610351,,,,,,,,,,,,,,
44,12734,,,,,,0.05800515413284302,,,,,,,,,,
45,12739,,,,,0.056319888681173325,,,,,,,,,,,
45,12749,,,,,0.05555460602045059,,,,,,,,,,,
45,12759,,,,,0.05740709602832794,,,,,,,,,,,
45,12769,,,,,0.05757524445652962,,,,,,,,,,,
45,12779,,,,,0.0529666505753994,,,,,,,,,,,
45,12789,,,,,0.055469006299972534,,,,,,,,,,,
45,12799,,,,,0.06095924973487854,,,,,,,,,,,
45,12809,,,,,0.055651579052209854,,,,,,,,,,,
45,12819,,,,,0.059780705720186234,,,,,,,,,,,
45,12829,,,,,0.05875782296061516,,,,,,,,,,,
45,12839,,,,,0.05928238481283188,,,,,,,,,,,
45,12849,,,,,0.05752691626548767,,,,,,,,,,,
45,12859,,,,,0.05605556443333626,,,,,,,,,,,
45,12869,,,,,0.05577966943383217,,,,,,,,,,,
45,12879,,,,,0.05845845863223076,,,,,,,,,,,
45,12889,,,,,0.056959252804517746,,,,,,,,,,,
45,12899,,,,,0.058609385043382645,,,,,,,,,,,
45,12909,,,,,0.05459535866975784,,,,,,,,,,,
45,12919,,,,,0.06024109944701195,,,,,,,,,,,
45,12929,,,,,0.05939497426152229,,,,,,,,,,,
45,12939,,,,,0.059244729578495026,,,,,,,,,,,
45,12949,,,,,0.05664587765932083,,,,,,,,,,,
45,12959,,,,,0.053080003708601,,,,,,,,,,,
45,12969,,,,,0.053393833339214325,,,,,,,,,,,
45,12979,,,,,0.057814404368400574,,,,,,,,,,,
45,12989,,,,,0.061508551239967346,,,,,,,,,,,
45,12999,,,,,0.05796787515282631,,,,,,,,,,,
45,13009,,,,,0.05874592810869217,,,,,,,,,,,
45,45,0.07764389928453988,75.88997855184871,,,,,,,,,,,,,,
45,13017,,,,,,0.0579768642783165,,,,,,,,,,
46,13019,,,,,0.058192092925310135,,,,,,,,,,,
46,13029,,,,,0.054389163851737976,,,,,,,,,,,
46,13039,,,,,0.05825411155819893,,,,,,,,,,,
46,13049,,,,,0.05413028597831726,,,,,,,,,,,
46,13059,,,,,0.05422148481011391,,,,,,,,,,,
46,13069,,,,,0.05590284243226051,,,,,,,,,,,
46,13079,,,,,0.058809276670217514,,,,,,,,,,,
46,13089,,,,,0.05785004049539566,,,,,,,,,,,
46,13099,,,,,0.05655451491475105,,,,,,,,,,,
46,13109,,,,,0.057290103286504745,,,,,,,,,,,
46,13119,,,,,0.0568355992436409,,,,,,,,,,,
46,13129,,,,,0.05926559865474701,,,,,,,,,,,
46,13139,,,,,0.05451667308807373,,,,,,,,,,,
46,13149,,,,,0.05804166570305824,,,,,,,,,,,
46,13159,,,,,0.05930562689900398,,,,,,,,,,,
46,13169,,,,,0.05540557578206062,,,,,,,,,,,
46,13179,,,,,0.061165597289800644,,,,,,,,,,,
46,13189,,,,,0.05583546683192253,,,,,,,,,,,
46,13199,,,,,0.060091644525527954,,,,,,,,,,,
46,13209,,,,,0.056093767285346985,,,,,,,,,,,
46,13219,,,,,0.05808083340525627,,,,,,,,,,,
46,13229,,,,,0.057243455201387405,,,,,,,,,,,
46,13239,,,,,0.05468052253127098,,,,,,,,,,,
46,13249,,,,,0.05398143082857132,,,,,,,,,,,
46,13259,,,,,0.0584348626434803,,,,,,,,,,,
46,13269,,,,,0.05676564946770668,,,,,,,,,,,
46,13279,,,,,0.05591602623462677,,,,,,,,,,,
46,13289,,,,,0.058173056691884995,,,,,,,,,,,
46,13299,,,,,0.0573374442756176,,,,,,,,,,,
46,46,0.07821048734310364,75.63721673825495,,,,,,,,,,,,,,
46,13300,,,,,,0.0578976571559906,,,,,,,,,,
47,13309,,,,,0.057481199502944946,,,,,,,,,,,
47,13319,,,,,0.05556761473417282,,,,,,,,,,,
47,13329,,,,,0.05966629460453987,,,,,,,,,,,
47,13339,,,,,0.05467305704951286,,,,,,,,,,,
47,13349,,,,,0.056929148733615875,,,,,,,,,,,
47,13359,,,,,0.05537017807364464,,,,,,,,,,,
47,13369,,,,,0.05853724107146263,,,,,,,,,,,
47,13379,,,,,0.058596543967723846,,,,,,,,,,,
47,13389,,,,,0.05566401407122612,,,,,,,,,,,
47,13399,,,,,0.0597696378827095,,,,,,,,,,,
47,13409,,,,,0.05833909660577774,,,,,,,,,,,
47,13419,,,,,0.05442674458026886,,,,,,,,,,,
47,13429,,,,,0.058511339128017426,,,,,,,,,,,
47,13439,,,,,0.05569702759385109,,,,,,,,,,,
47,13449,,,,,0.05556289106607437,,,,,,,,,,,
47,13459,,,,,0.055903613567352295,,,,,,,,,,,
47,13469,,,,,0.05948286131024361,,,,,,,,,,,
47,13479,,,,,0.056828778237104416,,,,,,,,,,,
47,13489,,,,,0.057457342743873596,,,,,,,,,,,
47,13499,,,,,0.05557812377810478,,,,,,,,,,,
47,13509,,,,,0.05673292651772499,,,,,,,,,,,
47,13519,,,,,0.05764404311776161,,,,,,,,,,,
47,13529,,,,,0.05224233865737915,,,,,,,,,,,
47,13539,,,,,0.060029588639736176,,,,,,,,,,,
47,13549,,,,,0.05967321619391441,,,,,,,,,,,
47,13559,,,,,0.055697374045848846,,,,,,,,,,,
47,13569,,,,,0.05484738200902939,,,,,,,,,,,
47,13579,,,,,0.05440479516983032,,,,,,,,,,,
47,47,0.07698994441557264,75.39471970102639,,,,,,,,,,,,,,
47,13583,,,,,,0.057853907346725464,,,,,,,,,,
48,13589,,,,,0.0620267316699028,,,,,,,,,,,
48,13599,,,,,0.05620397627353668,,,,,,,,,,,
48,13609,,,,,0.05635513737797737,,,,,,,,,,,
48,13619,,,,,0.056597448885440826,,,,,,,,,,,
48,13629,,,,,0.0547722764313221,,,,,,,,,,,
48,13639,,,,,0.055290549993515015,,,,,,,,,,,
48,13649,,,,,0.05201096087694168,,,,,,,,,,,
48,13659,,,,,0.05920198932290077,,,,,,,,,,,
48,13669,,,,,0.056783635169267654,,,,,,,,,,,
48,13679,,,,,0.0601930096745491,,,,,,,,,,,
48,13689,,,,,0.058438561856746674,,,,,,,,,,,
48,13699,,,,,0.0565444678068161,,,,,,,,,,,
48,13709,,,,,0.05757537856698036,,,,,,,,,,,
48,13719,,,,,0.06125323846936226,,,,,,,,,,,
48,13729,,,,,0.05937013402581215,,,,,,,,,,,
48,13739,,,,,0.053893283009529114,,,,,,,,,,,
48,13749,,,,,0.05699579417705536,,,,,,,,,,,
48,13759,,,,,0.05673028528690338,,,,,,,,,,,
48,13769,,,,,0.06177673116326332,,,,,,,,,,,
48,13779,,,,,0.05880069360136986,,,,,,,,,,,
48,13789,,,,,0.05944912135601044,,,,,,,,,,,
48,13799,,,,,0.057471007108688354,,,,,,,,,,,
48,13809,,,,,0.06053980439901352,,,,,,,,,,,
48,13819,,,,,0.054799191653728485,,,,,,,,,,,
48,13829,,,,,0.055532798171043396,,,,,,,,,,,
48,13839,,,,,0.056576475501060486,,,,,,,,,,,
48,13849,,,,,0.0562298558652401,,,,,,,,,,,
48,13859,,,,,0.06040117144584656,,,,,,,,,,,
48,48,0.07194489287538743,75.15853424042245,,,,,,,,,,,,,,
48,13866,,,,,,0.05782786011695862,,,,,,,,,,
49,13869,,,,,0.05669761076569557,,,,,,,,,,,
49,13879,,,,,0.056381694972515106,,,,,,,,,,,
49,13889,,,,,0.057783085852861404,,,,,,,,,,,
49,13899,,,,,0.056185681372880936,,,,,,,,,,,
49,13909,,,,,0.05391709506511688,,,,,,,,,,,
49,13919,,,,,0.05571800842881203,,,,,,,,,,,
49,13929,,,,,0.054109491407871246,,,,,,,,,,,
49,13939,,,,,0.05628648027777672,,,,,,,,,,,
49,13949,,,,,0.05932645872235298,,,,,,,,,,,
49,13959,,,,,0.056430064141750336,,,,,,,,,,,
49,13969,,,,,0.05548173561692238,,,,,,,,,,,
49,13979,,,,,0.05830609053373337,,,,,,,,,,,
49,13989,,,,,0.05496089905500412,,,,,,,,,,,
49,13999,,,,,0.05858481302857399,,,,,,,,,,,
49,14009,,,,,0.054423026740550995,,,,,,,,,,,
49,14019,,,,,0.06049776449799538,,,,,,,,,,,
49,14029,,,,,0.051847558468580246,,,,,,,,,,,
49,14039,,,,,0.060248758643865585,,,,,,,,,,,
49,14049,,,,,0.05678194388747215,,,,,,,,,,,
49,14059,,,,,0.05779511481523514,,,,,,,,,,,
49,14069,,,,,0.05716472491621971,,,,,,,,,,,
49,14079,,,,,0.060103222727775574,,,,,,,,,,,
49,14089,,,,,0.05794310197234154,,,,,,,,,,,
49,14099,,,,,0.061519455164670944,,,,,,,,,,,
49,14109,,,,,0.05443410947918892,,,,,,,,,,,
49,14119,,,,,0.054893944412469864,,,,,,,,,,,
49,14129,,,,,0.06155252084136009,,,,,,,,,,,
49,14139,,,,,0.05778370052576065,,,,,,,,,,,
49,14149,,,,,0.06175612658262253,,,,,,,,,,,
49,49,,,0.4999726116657257,0.0,,,0.05862576377193274,0.014146819710731506,,0.49483150243759155,,0.0,,0.05900804666631228,,0.014428623951971531
49,14149,,,,,,,,,0.49483150243759155,,0.0,,0.05900804325938225,,0.014428623951971531,
49,49,0.08059431781059656,74.92872682317449,,,,,,,,,,,,,,
49,14149,,,,,,0.05781160667538643,,,,,,,,,,
50,14159,,,,,0.061185043305158615,,,,,,,,,,,
50,14169,,,,,0.05422545596957207,,,,,,,,,,,
50,14179,,,,,0.05813942849636078,,,,,,,,,,,
50,14189,,,,,0.05649103224277496,,,,,,,,,,,
50,14199,,,,,0.05763248726725578,,,,,,,,,,,
50,14209,,,,,0.057746898382902145,,,,,,,,,,,
50,14219,,,,,0.058088451623916626,,,,,,,,,,,
50,14229,,,,,0.05885719507932663,,,,,,,,,,,
50,14239,,,,,0.05516822263598442,,,,,,,,,,,
50,14249,,,,,0.0582670159637928,,,,,,,,,,,
50,14259,,,,,0.06085088476538658,,,,,,,,,,,
50,14269,,,,,0.05647676810622215,,,,,,,,,,,
50,14279,,,,,0.0588659904897213,,,,,,,,,,,
50,14289,,,,,0.05837631598114967,,,,,,,,,,,
50,14299,,,,,0.05796489119529724,,,,,,,,,,,
50,14309,,,,,0.05751846730709076,,,,,,,,,,,
50,14319,,,,,0.059644680470228195,,,,,,,,,,,
50,14329,,,,,0.057239677757024765,,,,,,,,,,,
50,14339,,,,,0.05447930097579956,,,,,,,,,,,
50,14349,,,,,0.058539822697639465,,,,,,,,,,,
50,14359,,,,,0.057009030133485794,,,,,,,,,,,
50,14369,,,,,0.05702149495482445,,,,,,,,,,,
50,14379,,,,,0.0562918521463871,,,,,,,,,,,
50,14389,,,,,0.058688268065452576,,,,,,,,,,,
50,14399,,,,,0.05702638998627663,,,,,,,,,,,
50,14409,,,,,0.0582243949174881,,,,,,,,,,,
50,14419,,,,,0.059723302721977234,,,,,,,,,,,
50,14429,,,,,0.055453866720199585,,,,,,,,,,,
50,50,0.0746120757702137,74.70289362717925,,,,,,,,,,,,,,
50,14432,,,,,,0.05772381275892258,,,,,,,,,,
51,14439,,,,,0.05584878847002983,,,,,,,,,,,
51,14449,,,,,0.05624442175030708,,,,,,,,,,,
51,14459,,,,,0.05863432586193085,,,,,,,,,,,
51,14469,,,,,0.05921325460076332,,,,,,,,,,,
51,14479,,,,,0.05761877819895744,,,,,,,,,,,
51,14489,,,,,0.059101708233356476,,,,,,,,,,,
51,14499,,,,,0.056396570056676865,,,,,,,,,,,
51,14509,,,,,0.05865254998207092,,,,,,,,,,,
51,14519,,,,,0.057477060705423355,,,,,,,,,,,
51,14529,,,,,0.05619223415851593,,,,,,,,,,,
51,14539,,,,,0.05863610655069351,,,,,,,,,,,
51,14549,,,,,0.059020012617111206,,,,,,,,,,,
51,14559,,,,,0.05498989671468735,,,,,,,,,,,
51,14569,,,,,0.05947217717766762,,,,,,,,,,,
51,14579,,,,,0.0543295219540596,,,,,,,,,,,
51,14589,,,,,0.05651867017149925,,,,,,,,,,,
51,14599,,,,,0.05405165255069733,,,,,,,,,,,
51,14609,,,,,0.054710112512111664,,,,,,,,,,,
51,14619,,,,,0.059362247586250305,,,,,,,,,,,
51,14629,,,,,0.05994390696287155,,,,,,,,,,,
51,14639,,,,,0.05802006646990776,,,,,,,,,,,
51,14649,,,,,0.059963878244161606,,,,,,,,,,,
51,14659,,,,,0.053719040006399155,,,,,,,,,,,
51,14669,,,,,0.05802770331501961,,,,,,,,,,,
51,14679,,,,,0.058603283017873764,,,,,,,,,,,
51,14689,,,,,0.0596536360681057,,,,,,,,,,,
51,14699,,,,,0.056700993329286575,,,,,,,,,,,
51,14709,,,,,0.0562339648604393,,,,,,,,,,,
51,51,0.07528354791286315,74.48389168492606,,,,,,,,,,,,,,
51,14715,,,,,,0.05773654580116272,,,,,,,,,,
52,14719,,,,,0.05840109661221504,,,,,,,,,,,
52,14729,,,,,0.05572941154241562,,,,,,,,,,,
52,14739,,,,,0.0587804839015007,,,,,,,,,,,
52,14749,,,,,0.055925384163856506,,,,,,,,,,,
52,14759,,,,,0.055082060396671295,,,,,,,,,,,
52,14769,,,,,0.057062603533267975,,,,,,,,,,,
52,14779,,,,,0.062020134180784225,,,,,,,,,,,
52,14789,,,,,0.05888605862855911,,,,,,,,,,,
52,14799,,,,,0.05666263401508331,,,,,,,,,,,
52,14809,,,,,0.05852976441383362,,,,,,,,,,,
52,14819,,,,,0.05684896185994148,,,,,,,,,,,
52,14829,,,,,0.06137361750006676,,,,,,,,,,,
52,14839,,,,,0.06035887449979782,,,,,,,,,,,
52,14849,,,,,0.057741690427064896,,,,,,,,,,,
52,14859,,,,,0.05719725042581558,,,,,,,,,,,
52,14869,,,,,0.06130535900592804,,,,,,,,,,,
52,14879,,,,,0.05446486547589302,,,,,,,,,,,
52,14889,,,,,0.055190324783325195,,,,,,,,,,,
52,14899,,,,,0.05776457488536835,,,,,,,,,,,
52,14909,,,,,0.055869847536087036,,,,,,,,,,,
52,14919,,,,,0.05883762240409851,,,,,,,,,,,
52,14929,,,,,0.06060308218002319,,,,,,,,,,,
52,14939,,,,,0.05806855484843254,,,,,,,,,,,
52,14949,,,,,0.05205908790230751,,,,,,,,,,,
52,14959,,,,,0.05924386903643608,,,,,,,,,,,
52,14969,,,,,0.058324430137872696,,,,,,,,,,,
52,14979,,,,,0.06040756776928902,,,,,,,,,,,
52,14989,,,,,0.06007247045636177,,,,,,,,,,,
52,52,0.07924339251096874,74.26861678503518,,,,,,,,,,,,,,
52,14998,,,,,,0.0577210932970047,,,,,,,,,,
53,14999,,,,,0.058486081659793854,,,,,,,,,,,
53,15009,,,,,0.057698216289281845,,,,,,,,,,,
53,15019,,,,,0.06345696747303009,,,,,,,,,,,
53,15029,,,,,0.06240777298808098,,,,,,,,,,,
53,15039,,,,,0.05947668477892876,,,,,,,,,,,
53,15049,,,,,0.058748938143253326,,,,,,,,,,,
53,15059,,,,,0.05778772383928299,,,,,,,,,,,
53,15069,,,,,0.05552918463945389,,,,,,,,,,,
53,15079,,,,,0.057896342128515244,,,,,,,,,,,
53,15089,,,,,0.05760995298624039,,,,,,,,,,,
53,15099,,,,,0.05570001155138016,,,,,,,,,,,
53,15109,,,,,0.06093573942780495,,,,,,,,,,,
53,15119,,,,,0.0574197843670845,,,,,,,,,,,
53,15129,,,,,0.0558541864156723,,,,,,,,,,,
53,15139,,,,,0.05502178892493248,,,,,,,,,,,
53,15149,,,,,0.05980292707681656,,,,,,,,,,,
53,15159,,,,,0.0550532229244709,,,,,,,,,,,
53,15169,,,,,0.05609973147511482,,,,,,,,,,,
53,15179,,,,,0.05674544349312782,,,,,,,,,,,
53,15189,,,,,0.055335454642772675,,,,,,,,,,,
53,15199,,,,,0.060758017003536224,,,,,,,,,,,
53,15209,,,,,0.05819731205701828,,,,,,,,,,,
53,15219,,,,,0.056264422833919525,,,,,,,,,,,
53,15229,,,,,0.060358334332704544,,,,,,,,,,,
53,15239,,,,,0.06096108257770538,,,,,,,,,,,
53,15249,,,,,0.05650530755519867,,,,,,,,,,,
53,15259,,,,,0.05772661045193672,,,,,,,,,,,
53,15269,,,,,0.060013968497514725,,,,,,,,,,,
53,15279,,,,,0.059831224381923676,,,,,,,,,,,
53,53,0.07556169997760386,74.05829256858172,,,,,,,,,,,,,,
53,15281,,,,,,0.05768076330423355,,,,,,,,,,
54,15289,,,,,0.054380863904953,,,,,,,,,,,
54,15299,,,,,0.056085605174303055,,,,,,,,,,,
54,15309,,,,,0.05732524394989014,,,,,,,,,,,
54,15319,,,,,0.06290936470031738,,,,,,,,,,,
54,15329,,,,,0.06172953173518181,,,,,,,,,,,
54,15339,,,,,0.0587298646569252,,,,,,,,,,,
54,15349,,,,,0.05968426540493965,,,,,,,,,,,
54,15359,,,,,0.05393489822745323,,,,,,,,,,,
54,15369,,,,,0.055788278579711914,,,,,,,,,,,
54,15379,,,,,0.06176992505788803,,,,,,,,,,,
54,15389,,,,,0.057074468582868576,,,,,,,,,,,
54,15399,,,,,0.060043588280677795,,,,,,,,,,,
54,15409,,,,,0.05562050640583038,,,,,,,,,,,
54,15419,,,,,0.05571034923195839,,,,,,,,,,,
54,15429,,,,,0.05217299610376358,,,,,,,,,,,
54,15439,,,,,0.05902346596121788,,,,,,,,,,,
54,15449,,,,,0.05934219807386398,,,,,,,,,,,
54,15459,,,,,0.05645795911550522,,,,,,,,,,,
54,15469,,,,,0.05627139285206795,,,,,,,,,,,
54,15479,,,,,0.05867718905210495,,,,,,,,,,,
54,15489,,,,,0.06162651255726814,,,,,,,,,,,
54,15499,,,,,0.05660928785800934,,,,,,,,,,,
54,15509,,,,,0.05587305128574371,,,,,,,,,,,
54,15519,,,,,0.05883515998721123,,,,,,,,,,,
54,15529,,,,,0.056662414222955704,,,,,,,,,,,
54,15539,,,,,0.05806031450629234,,,,,,,,,,,
54,15549,,,,,0.06231313198804855,,,,,,,,,,,
54,15559,,,,,0.055250220000743866,,,,,,,,,,,
54,54,0.07673208697354492,73.85176744600632,,,,,,,,,,,,,,
54,15564,,,,,,0.05771034583449364,,,,,,,,,,
55,15569,,,,,0.05690571665763855,,,,,,,,,,,
55,15579,,,,,0.05461578071117401,,,,,,,,,,,
55,15589,,,,,0.05872724577784538,,,,,,,,,,,
55,15599,,,,,0.06418626010417938,,,,,,,,,,,
55,15609,,,,,0.055769290775060654,,,,,,,,,,,
55,15619,,,,,0.0555998869240284,,,,,,,,,,,
55,15629,,,,,0.05711155757308006,,,,,,,,,,,
55,15639,,,,,0.05971425026655197,,,,,,,,,,,
55,15649,,,,,0.05723801255226135,,,,,,,,,,,
55,15659,,,,,0.05266352370381355,,,,,,,,,,,
55,15669,,,,,0.054601676762104034,,,,,,,,,,,
55,15679,,,,,0.05547409504652023,,,,,,,,,,,
55,15689,,,,,0.05464266240596771,,,,,,,,,,,
55,15699,,,,,0.05823218822479248,,,,,,,,,,,
55,15709,,,,,0.05587555468082428,,,,,,,,,,,
55,15719,,,,,0.060173217207193375,,,,,,,,,,,
55,15729,,,,,0.057034630328416824,,,,,,,,,,,
55,15739,,,,,0.0542670339345932,,,,,,,,,,,
55,15749,,,,,0.06014468893408775,,,,,,,,,,,
55,15759,,,,,0.057562246918678284,,,,,,,,,,,
55,15769,,,,,0.058020398020744324,,,,,,,,,,,
55,15779,,,,,0.05886184424161911,,,,,,,,,,,
55,15789,,,,,0.05632570758461952,,,,,,,,,,,
55,15799,,,,,0.054406311362981796,,,,,,,,,,,
55,15809,,,,,0.05917883291840553,,,,,,,,,,,
55,15819,,,,,0.05625203624367714,,,,,,,,,,,
55,15829,,,,,0.05981240049004555,,,,,,,,,,,
55,15839,,,,,0.0575377531349659,,,,,,,,,,,
55,55,0.07691656648055362,73.64679916844062,,,,,,,,,,,,,,
55,15847,,,,,,0.05766386538743973,,,,,,,,,,
56,15849,,,,,0.05799683555960655,,,,,,,,,,,
56,15859,,,,,0.05555373430252075,,,,,,,,,,,
56,15869,,,,,0.05951022729277611,,,,,,,,,,,
56,15879,,,,,0.054849084466695786,,,,,,,,,,,
56,15889,,,,,0.0574757419526577,,,,,,,,,,,
56,15899,,,,,0.060374949127435684,,,,,,,,,,,
56,15909,,,,,0.05709148943424225,,,,,,,,,,,
56,15919,,,,,0.05501877889037132,,,,,,,,,,,
56,15929,,,,,0.05568397790193558,,,,,,,,,,,
56,15939,,,,,0.059601884335279465,,,,,,,,,,,
56,15949,,,,,0.05704761669039726,,,,,,,,,,,
56,15959,,,,,0.0568045899271965,,,,,,,,,,,
56,15969,,,,,0.05857009068131447,,,,,,,,,,,
56,15979,,,,,0.05936567857861519,,,,,,,,,,,
56,15989,,,,,0.05729938670992851,,,,,,,,,,,
56,15999,,,,,0.05579616129398346,,,,,,,,,,,
56,16009,,,,,0.05447014048695564,,,,,,,,,,,
56,16019,,,,,0.05396640673279762,,,,,,,,,,,
56,16029,,,,,0.06014498695731163,,,,,,,,,,,
56,16039,,,,,0.06050653010606766,,,,,,,,,,,
56,16049,,,,,0.06293247640132904,,,,,,,,,,,
56,16059,,,,,0.056694395840168,,,,,,,,,,,
56,16069,,,,,0.060155920684337616,,,,,,,,,,,
56,16079,,,,,0.05598190054297447,,,,,,,,,,,
56,16089,,,,,0.05781208351254463,,,,,,,,,,,
56,16099,,,,,0.058788519352674484,,,,,,,,,,,
56,16109,,,,,0.055602818727493286,,,,,,,,,,,
56,16119,,,,,0.058186791837215424,,,,,,,,,,,
56,16129,,,,,0.05657769739627838,,,,,,,,,,,
56,56,0.07855620977434138,73.4466003036757,,,,,,,,,,,,,,
56,16130,,,,,,0.05770251527428627,,,,,,,,,,
57,16139,,,,,0.05461680889129639,,,,,,,,,,,
57,16149,,,,,0.05913824960589409,,,,,,,,,,,
57,16159,,,,,0.0566379688680172,,,,,,,,,,,
57,16169,,,,,0.05926201120018959,,,,,,,,,,,
57,16179,,,,,0.059407372027635574,,,,,,,,,,,
57,16189,,,,,0.055337097495794296,,,,,,,,,,,
57,16199,,,,,0.05735589563846588,,,,,,,,,,,
57,16209,,,,,0.056959543377161026,,,,,,,,,,,
57,16219,,,,,0.05971921980381012,,,,,,,,,,,
57,16229,,,,,0.0572330504655838,,,,,,,,,,,
57,16239,,,,,0.06232745200395584,,,,,,,,,,,
57,16249,,,,,0.05701151117682457,,,,,,,,,,,
57,16259,,,,,0.060275766998529434,,,,,,,,,,,
57,16269,,,,,0.05777963623404503,,,,,,,,,,,
57,16279,,,,,0.057082340121269226,,,,,,,,,,,
57,16289,,,,,0.05548731982707977,,,,,,,,,,,
57,16299,,,,,0.061270810663700104,,,,,,,,,,,
57,16309,,,,,0.0585034042596817,,,,,,,,,,,
57,16319,,,,,0.05695946514606476,,,,,,,,,,,
57,16329,,,,,0.062254153192043304,,,,,,,,,,,
57,16339,,,,,0.05414482206106186,,,,,,,,,,,
57,16349,,,,,0.06080693379044533,,,,,,,,,,,
57,16359,,,,,0.05391176789999008,,,,,,,,,,,
57,16369,,,,,0.05791155993938446,,,,,,,,,,,
57,16379,,,,,0.06127350777387619,,,,,,,,,,,
57,16389,,,,,0.05480092018842697,,,,,,,,,,,
57,16399,,,,,0.05789904668927193,,,,,,,,,,,
57,16409,,,,,0.05547682195901871,,,,,,,,,,,
57,57,0.0682504349343695,73.25110360323866,,,,,,,,,,,,,,
57,16413,,,,,,0.057670410722494125,,,,,,,,,,
58,16419,,,,,0.05775546655058861,,,,,,,,,,,
58,16429,,,,,0.059339262545108795,,,,,,,,,,,
58,16439,,,,,0.0540415495634079,,,,,,,,,,,
58,16449,,,,,0.0581727996468544,,,,,,,,,,,
58,16459,,,,,0.05895281210541725,,,,,,,,,,,
58,16469,,,,,0.05538340285420418,,,,,,,,,,,
58,16479,,,,,0.054432958364486694,,,,,,,,,,,
58,16489,,,,,0.05938299372792244,,,,,,,,,,,
58,16499,,,,,0.05645027384161949,,,,,,,,,,,
58,16509,,,,,0.061007071286439896,,,,,,,,,,,
58,16519,,,,,0.057767126709222794,,,,,,,,,,,
58,16529,,,,,0.054888974875211716,,,,,,,,,,,
58,16539,,,,,0.05829162895679474,,,,,,,,,,,
58,16549,,,,,0.058317795395851135,,,,,,,,,,,
58,16559,,,,,0.05857810005545616,,,,,,,,,,,
58,16569,,,,,0.058108072727918625,,,,,,,,,,,
58,16579,,,,,0.0547146275639534,,,,,,,,,,,
58,16589,,,,,0.05958987772464752,,,,,,,,,,,
58,16599,,,,,0.057742539793252945,,,,,,,,,,,
58,16609,,,,,0.057488180696964264,,,,,,,,,,,
58,16619,,,,,0.055203039199113846,,,,,,,,,,,
58,16629,,,,,0.055948447436094284,,,,,,,,,,,
58,16639,,,,,0.055760130286216736,,,,,,,,,,,
58,16649,,,,,0.05879891291260719,,,,,,,,,,,
58,16659,,,,,0.05599246546626091,,,,,,,,,,,
58,16669,,,,,0.053792569786310196,,,,,,,,,,,
58,16679,,,,,0.05929495766758919,,,,,,,,,,,
58,16689,,,,,0.058975640684366226,,,,,,,,,,,
58,58,0.08791753626979615,73.05926461019335,,,,,,,,,,,,,,
58,16696,,,,,,0.0576334111392498,,,,,,,,,,
59,16699,,,,,0.0564141720533371,,,,,,,,,,,
59,16709,,,,,0.05638648569583893,,,,,,,,,,,
59,16719,,,,,0.05721376836299896,,,,,,,,,,,
59,16729,,,,,0.06298081576824188,,,,,,,,,,,
59,16739,,,,,0.058469004929065704,,,,,,,,,,,
59,16749,,,,,0.061166051775217056,,,,,,,,,,,
59,16759,,,,,0.053360458463430405,,,,,,,,,,,
59,16769,,,,,0.05670679733157158,,,,,,,,,,,
59,16779,,,,,0.056666795164346695,,,,,,,,,,,
59,16789,,,,,0.0612388551235199,,,,,,,,,,,
59,16799,,,,,0.05612753704190254,,,,,,,,,,,
59,16809,,,,,0.058417826890945435,,,,,,,,,,,
59,16819,,,,,0.05525709688663483,,,,,,,,,,,
59,16829,,,,,0.05670662224292755,,,,,,,,,,,
59,16839,,,,,0.05823918431997299,,,,,,,,,,,
59,16849,,,,,0.057295091450214386,,,,,,,,,,,
59,16859,,,,,0.05801573395729065,,,,,,,,,,,
59,16869,,,,,0.06091148033738136,,,,,,,,,,,
59,16879,,,,,0.0555516816675663,,,,,,,,,,,
59,16889,,,,,0.055314354598522186,,,,,,,,,,,
59,16899,,,,,0.056880101561546326,,,,,,,,,,,
59,16909,,,,,0.058508578687906265,,,,,,,,,,,
59,16919,,,,,0.05547873303294182,,,,,,,,,,,
59,16929,,,,,0.058751486241817474,,,,,,,,,,,
59,16939,,,,,0.06005129963159561,,,,,,,,,,,
59,16949,,,,,0.05820048600435257,,,,,,,,,,,
59,16959,,,,,0.06058759614825249,,,,,,,,,,,
59,16969,,,,,0.05765147507190704,,,,,,,,,,,
59,16979,,,,,0.058084484189748764,,,,,,,,,,,
59,59,,,0.5000125169754028,0.0,,,0.06008011803379471,0.014118953607976437,,0.4938569664955139,,0.0,,0.06036797148289577,,0.014249227941036224
59,16979,,,,,,,,,0.4938569664955139,,0.0,,0.06036796420812607,,0.014249227941036224,
59,59,0.08957776958503269,72.8699924606552,,,,,,,,,,,,,,
59,16979,,,,,,0.05762152373790741,,,,,,,,,,
60,16989,,,,,0.055469363927841187,,,,,,,,,,,
60,16999,,,,,0.0536300465464592,,,,,,,,,,,
60,17009,,,,,0.05899501219391823,,,,,,,,,,,
60,17019,,,,,0.06286606937646866,,,,,,,,,,,
60,17029,,,,,0.06071668490767479,,,,,,,,,,,
60,17039,,,,,0.05874854698777199,,,,,,,,,,,
60,17049,,,,,0.0541408434510231,,,,,,,,,,,
60,17059,,,,,0.05840156599879265,,,,,,,,,,,
60,17069,,,,,0.060107916593551636,,,,,,,,,,,
60,17079,,,,,0.05384211242198944,,,,,,,,,,,
60,17089,,,,,0.057037223130464554,,,,,,,,,,,
60,17099,,,,,0.0574047714471817,,,,,,,,,,,
60,17109,,,,,0.062227994203567505,,,,,,,,,,,
60,17119,,,,,0.0573771707713604,,,,,,,,,,,
60,17129,,,,,0.05411568284034729,,,,,,,,,,,
60,17139,,,,,0.058687057346105576,,,,,,,,,,,
60,17149,,,,,0.05809424817562103,,,,,,,,,,,
60,17159,,,,,0.056429699063301086,,,,,,,,,,,
60,17169,,,,,0.05723907798528671,,,,,,,,,,,
60,17179,,,,,0.056349899619817734,,,,,,,,,,,
60,17189,,,,,0.05815790966153145,,,,,,,,,,,
60,17199,,,,,0.0571577362716198,,,,,,,,,,,
60,17209,,,,,0.05581451207399368,,,,,,,,,,,
60,17219,,,,,0.05605410784482956,,,,,,,,,,,
60,17229,,,,,0.05568328872323036,,,,,,,,,,,
60,17239,,,,,0.05499788746237755,,,,,,,,,,,
60,17249,,,,,0.060825951397418976,,,,,,,,,,,
60,17259,,,,,0.052965208888053894,,,,,,,,,,,
60,60,0.09129207503929825,72.6837395690586,,,,,,,,,,,,,,
60,17262,,,,,,0.05767100304365158,,,,,,,,,,
61,17269,,,,,0.05525565147399902,,,,,,,,,,,
61,17279,,,,,0.05652808025479317,,,,,,,,,,,
61,17289,,,,,0.05642680451273918,,,,,,,,,,,
61,17299,,,,,0.056392211467027664,,,,,,,,,,,
61,17309,,,,,0.0593426376581192,,,,,,,,,,,
61,17319,,,,,0.05654149129986763,,,,,,,,,,,
61,17329,,,,,0.05884077772498131,,,,,,,,,,,
61,17339,,,,,0.05143725499510765,,,,,,,,,,,
61,17349,,,,,0.05869201570749283,,,,,,,,,,,
61,17359,,,,,0.0586242601275444,,,,,,,,,,,
61,17369,,,,,0.057449448853731155,,,,,,,,,,,
61,17379,,,,,0.0591333843767643,,,,,,,,,,,
61,17389,,,,,0.05893232300877571,,,,,,,,,,,
61,17399,,,,,0.058138396590948105,,,,,,,,,,,
61,17409,,,,,0.05862857401371002,,,,,,,,,,,
61,17419,,,,,0.05758053436875343,,,,,,,,,,,
61,17429,,,,,0.05620412901043892,,,,,,,,,,,
61,17439,,,,,0.05924898386001587,,,,,,,,,,,
61,17449,,,,,0.057483233511447906,,,,,,,,,,,
61,17459,,,,,0.05786426365375519,,,,,,,,,,,
61,17469,,,,,0.057863231748342514,,,,,,,,,,,
61,17479,,,,,0.06006980314850807,,,,,,,,,,,
61,17489,,,,,0.05769758298993111,,,,,,,,,,,
61,17499,,,,,0.05734048783779144,,,,,,,,,,,
61,17509,,,,,0.05718386545777321,,,,,,,,,,,
61,17519,,,,,0.057822927832603455,,,,,,,,,,,
61,17529,,,,,0.0570853017270565,,,,,,,,,,,
61,17539,,,,,0.05824887380003929,,,,,,,,,,,
61,61,0.08372213885121649,72.49892932705508,,,,,,,,,,,,,,
61,17545,,,,,,0.05763271823525429,,,,,,,,,,
62,17549,,,,,0.05558884143829346,,,,,,,,,,,
62,17559,,,,,0.05782957002520561,,,,,,,,,,,
62,17569,,,,,0.05766548961400986,,,,,,,,,,,
62,17579,,,,,0.05507093295454979,,,,,,,,,,,
62,17589,,,,,0.058247845619916916,,,,,,,,,,,
62,17599,,,,,0.06115042045712471,,,,,,,,,,,
62,17609,,,,,0.05155192315578461,,,,,,,,,,,
62,17619,,,,,0.05738694965839386,,,,,,,,,,,
62,17629,,,,,0.058302946388721466,,,,,,,,,,,
62,17639,,,,,0.05901258438825607,,,,,,,,,,,
62,17649,,,,,0.0609750971198082,,,,,,,,,,,
62,17659,,,,,0.05877162888646126,,,,,,,,,,,
62,17669,,,,,0.05655449256300926,,,,,,,,,,,
62,17679,,,,,0.05842693895101547,,,,,,,,,,,
62,17689,,,,,0.05597026273608208,,,,,,,,,,,
62,17699,,,,,0.05897130072116852,,,,,,,,,,,
62,17709,,,,,0.05531716346740723,,,,,,,,,,,
62,17719,,,,,0.061064377427101135,,,,,,,,,,,
62,17729,,,,,0.05695606395602226,,,,,,,,,,,
62,17739,,,,,0.05646616593003273,,,,,,,,,,,
62,17749,,,,,0.052571456879377365,,,,,,,,,,,
62,17759,,,,,0.057104021310806274,,,,,,,,,,,
62,17769,,,,,0.06211370602250099,,,,,,,,,,,
62,17779,,,,,0.05918310582637787,,,,,,,,,,,
62,17789,,,,,0.057183414697647095,,,,,,,,,,,
62,17799,,,,,0.05646606162190437,,,,,,,,,,,
62,17809,,,,,0.05732016637921333,,,,,,,,,,,
62,17819,,,,,0.060308508574962616,,,,,,,,,,,
62,62,0.08719802691994023,72.31513494549985,,,,,,,,,,,,,,
62,17828,,,,,,0.05757627263665199,,,,,,,,,,
63,17829,,,,,0.05339723825454712,,,,,,,,,,,
63,17839,,,,,0.05729007348418236,,,,,,,,,,,
63,17849,,,,,0.057001590728759766,,,,,,,,,,,
63,17859,,,,,0.06033270061016083,,,,,,,,,,,
63,17869,,,,,0.055145181715488434,,,,,,,,,,,
63,17879,,,,,0.0550672709941864,,,,,,,,,,,
63,17889,,,,,0.05848386138677597,,,,,,,,,,,
63,17899,,,,,0.05466437712311745,,,,,,,,,,,
63,17909,,,,,0.05474820360541344,,,,,,,,,,,
63,17919,,,,,0.054789572954177856,,,,,,,,,,,
63,17929,,,,,0.057656846940517426,,,,,,,,,,,
63,17939,,,,,0.057655613869428635,,,,,,,,,,,
63,17949,,,,,0.054882049560546875,,,,,,,,,,,
63,17959,,,,,0.05544392392039299,,,,,,,,,,,
63,17969,,,,,0.05359940230846405,,,,,,,,,,,
63,17979,,,,,0.05857732892036438,,,,,,,,,,,
63,17989,,,,,0.059049881994724274,,,,,,,,,,,
63,17999,,,,,0.05991631746292114,,,,,,,,,,,
63,18009,,,,,0.05944184958934784,,,,,,,,,,,
63,18019,,,,,0.056778404861688614,,,,,,,,,,,
63,18029,,,,,0.059570085257291794,,,,,,,,,,,
63,18039,,,,,0.05732494965195656,,,,,,,,,,,
63,18049,,,,,0.05562245845794678,,,,,,,,,,,
63,18059,,,,,0.056596655398607254,,,,,,,,,,,
63,18069,,,,,0.05881310999393463,,,,,,,,,,,
63,18079,,,,,0.057388950139284134,,,,,,,,,,,
63,18089,,,,,0.05840928852558136,,,,,,,,,,,
63,18099,,,,,0.053948674350976944,,,,,,,,,,,
63,18109,,,,,0.054948437958955765,,,,,,,,,,,
63,63,0.07667916586157601,72.13317723595789,,,,,,,,,,,,,,
63,18111,,,,,,0.057599324733018875,,,,,,,,,,
64,18119,,,,,0.05803559347987175,,,,,,,,,,,
64,18129,,,,,0.05696456879377365,,,,,,,,,,,
64,18139,,,,,0.06306485831737518,,,,,,,,,,,
64,18149,,,,,0.056622911244630814,,,,,,,,,,,
64,18159,,,,,0.05968255549669266,,,,,,,,,,,
64,18169,,,,,0.054867204278707504,,,,,,,,,,,
64,18179,,,,,0.0558108389377594,,,,,,,,,,,
64,18189,,,,,0.06390757858753204,,,,,,,,,,,
64,18199,,,,,0.056455038487911224,,,,,,,,,,,
64,18209,,,,,0.055205538868904114,,,,,,,,,,,
64,18219,,,,,0.05455324053764343,,,,,,,,,,,
64,18229,,,,,0.05375008285045624,,,,,,,,,,,
64,18239,,,,,0.05407381430268288,,,,,,,,,,,
64,18249,,,,,0.0536736436188221,,,,,,,,,,,
64,18259,,,,,0.057275742292404175,,,,,,,,,,,
64,18269,,,,,0.05679888650774956,,,,,,,,,,,
64,18279,,,,,0.06019532307982445,,,,,,,,,,,
64,18289,,,,,0.058103714138269424,,,,,,,,,,,
64,18299,,,,,0.055908799171447754,,,,,,,,,,,
64,18309,,,,,0.05769384652376175,,,,,,,,,,,
64,18319,,,,,0.062319934368133545,,,,,,,,,,,
64,18329,,,,,0.05508527532219887,,,,,,,,,,,
64,18339,,,,,0.058066193014383316,,,,,,,,,,,
64,18349,,,,,0.056074921041727066,,,,,,,,,,,
64,18359,,,,,0.05481437221169472,,,,,,,,,,,
64,18369,,,,,0.06123848259449005,,,,,,,,,,,
64,18379,,,,,0.05905032902956009,,,,,,,,,,,
64,18389,,,,,0.05671650171279907,,,,,,,,,,,
64,64,0.07471811815875527,71.95353930145417,,,,,,,,,,,,,,
64,18394,,,,,,0.05757385119795799,,,,,,,,,,
65,18399,,,,,0.05603334680199623,,,,,,,,,,,
65,18409,,,,,0.05933653563261032,,,,,,,,,,,
65,18419,,,,,0.05893183499574661,,,,,,,,,,,
65,18429,,,,,0.061183128505945206,,,,,,,,,,,
65,18439,,,,,0.05666317790746689,,,,,,,,,,,
65,18449,,,,,0.05333781614899635,,,,,,,,,,,
65,18459,,,,,0.05552414432168007,,,,,,,,,,,
65,18469,,,,,0.05649919435381889,,,,,,,,,,,
65,18479,,,,,0.05800115689635277,,,,,,,,,,,
65,18489,,,,,0.05900389701128006,,,,,,,,,,,
65,18499,,,,,0.06267561763525009,,,,,,,,,,,
65,18509,,,,,0.05603121221065521,,,,,,,,,,,
65,18519,,,,,0.0583898164331913,,,,,,,,,,,
65,18529,,,,,0.055224400013685226,,,,,,,,,,,
65,18539,,,,,0.053928814828395844,,,,,,,,,,,
65,18549,,,,,0.060077834874391556,,,,,,,,,,,
65,18559,,,,,0.059283722192049026,,,,,,,,,,,
65,18569,,,,,0.05770669877529144,,,,,,,,,,,
65,18579,,,,,0.057600948959589005,,,,,,,,,,,
65,18589,,,,,0.05837874487042427,,,,,,,,,,,
65,18599,,,,,0.05966613441705704,,,,,,,,,,,
65,18609,,,,,0.05921689420938492,,,,,,,,,,,
65,18619,,,,,0.05598042905330658,,,,,,,,,,,
65,18629,,,,,0.05676071718335152,,,,,,,,,,,
65,18639,,,,,0.05656836926937103,,,,,,,,,,,
65,18649,,,,,0.055759869515895844,,,,,,,,,,,
65,18659,,,,,0.05644272267818451,,,,,,,,,,,
65,18669,,,,,0.05662575364112854,,,,,,,,,,,
65,65,0.08259388770242927,71.77782486674901,,,,,,,,,,,,,,
65,18677,,,,,,0.05758719518780708,,,,,,,,,,
66,18679,,,,,0.056066785007715225,,,,,,,,,,,
66,18689,,,,,0.058567386120557785,,,,,,,,,,,
66,18699,,,,,0.061278630048036575,,,,,,,,,,,
66,18709,,,,,0.05807003006339073,,,,,,,,,,,
66,18719,,,,,0.0538221038877964,,,,,,,,,,,
66,18729,,,,,0.05653555691242218,,,,,,,,,,,
66,18739,,,,,0.0606730580329895,,,,,,,,,,,
66,18749,,,,,0.059291839599609375,,,,,,,,,,,
66,18759,,,,,0.057361193001270294,,,,,,,,,,,
66,18769,,,,,0.05788356810808182,,,,,,,,,,,
66,18779,,,,,0.06072172522544861,,,,,,,,,,,
66,18789,,,,,0.05815401300787926,,,,,,,,,,,
66,18799,,,,,0.056339818984270096,,,,,,,,,,,
66,18809,,,,,0.058999814093112946,,,,,,,,,,,
66,18819,,,,,0.05260767787694931,,,,,,,,,,,
66,18829,,,,,0.058099646121263504,,,,,,,,,,,
66,18839,,,,,0.05817084759473801,,,,,,,,,,,
66,18849,,,,,0.05472094565629959,,,,,,,,,,,
66,18859,,,,,0.05952892825007439,,,,,,,,,,,
66,18869,,,,,0.054651256650686264,,,,,,,,,,,
66,18879,,,,,0.057929739356040955,,,,,,,,,,,
66,18889,,,,,0.060092486441135406,,,,,,,,,,,
66,18899,,,,,0.05648558959364891,,,,,,,,,,,
66,18909,,,,,0.054091665893793106,,,,,,,,,,,
66,18919,,,,,0.05729321762919426,,,,,,,,,,,
66,18929,,,,,0.055629368871450424,,,,,,,,,,,
66,18939,,,,,0.057230979204177856,,,,,,,,,,,
66,18949,,,,,0.05850731581449509,,,,,,,,,,,
66,18959,,,,,0.057990122586488724,,,,,,,,,,,
66,66,0.07665237474227832,71.60399130615261,,,,,,,,,,,,,,
66,18960,,,,,,0.05761301890015602,,,,,,,,,,
67,18969,,,,,0.058439549058675766,,,,,,,,,,,
67,18979,,,,,0.055040452629327774,,,,,,,,,,,
67,18989,,,,,0.05720172077417374,,,,,,,,,,,
67,18999,,,,,0.055247753858566284,,,,,,,,,,,
67,19009,,,,,0.060497332364320755,,,,,,,,,,,
67,19019,,,,,0.05374586209654808,,,,,,,,,,,
67,19029,,,,,0.05848855897784233,,,,,,,,,,,
67,19039,,,,,0.0541834831237793,,,,,,,,,,,
67,19049,,,,,0.056632690131664276,,,,,,,,,,,
67,19059,,,,,0.0558432973921299,,,,,,,,,,,
67,19069,,,,,0.054788827896118164,,,,,,,,,,,
67,19079,,,,,0.05702827498316765,,,,,,,,,,,
67,19089,,,,,0.0582682341337204,,,,,,,,,,,
67,19099,,,,,0.058247167617082596,,,,,,,,,,,
67,19109,,,,,0.059139691293239594,,,,,,,,,,,
67,19119,,,,,0.05686285346746445,,,,,,,,,,,
67,19129,,,,,0.058235302567481995,,,,,,,,,,,
67,19139,,,,,0.05758654698729515,,,,,,,,,,,
67,19149,,,,,0.06214333325624466,,,,,,,,,,,
67,19159,,,,,0.056457553058862686,,,,,,,,,,,
67,19169,,,,,0.060886479914188385,,,,,,,,,,,
67,19179,,,,,0.05604849010705948,,,,,,,,,,,
67,19189,,,,,0.05810437351465225,,,,,,,,,,,
67,19199,,,,,0.05806397646665573,,,,,,,,,,,
67,19209,,,,,0.060408324003219604,,,,,,,,,,,
67,19219,,,,,0.05601569637656212,,,,,,,,,,,
67,19229,,,,,0.058313999325037,,,,,,,,,,,
67,19239,,,,,0.05969703197479248,,,,,,,,,,,
67,67,0.068240821756552,71.43427977822088,,,,,,,,,,,,,,
67,19243,,,,,,0.05756330117583275,,,,,,,,,,
68,19249,,,,,0.056006163358688354,,,,,,,,,,,
68,19259,,,,,0.060211777687072754,,,,,,,,,,,
68,19269,,,,,0.05742068216204643,,,,,,,,,,,
68,19279,,,,,0.056301604956388474,,,,,,,,,,,
68,19289,,,,,0.05636678263545036,,,,,,,,,,,
68,19299,,,,,0.061081547290086746,,,,,,,,,,,
68,19309,,,,,0.05547541379928589,,,,,,,,,,,
68,19319,,,,,0.05993685871362686,,,,,,,,,,,
68,19329,,,,,0.059455327689647675,,,,,,,,,,,
68,19339,,,,,0.05726849287748337,,,,,,,,,,,
68,19349,,,,,0.05749928951263428,,,,,,,,,,,
68,19359,,,,,0.058599088340997696,,,,,,,,,,,
68,19369,,,,,0.053591690957546234,,,,,,,,,,,
68,19379,,,,,0.058987755328416824,,,,,,,,,,,
68,19389,,,,,0.058551449328660965,,,,,,,,,,,
68,19399,,,,,0.05547872930765152,,,,,,,,,,,
68,19409,,,,,0.06007128208875656,,,,,,,,,,,
68,19419,,,,,0.055868394672870636,,,,,,,,,,,
68,19429,,,,,0.057289671152830124,,,,,,,,,,,
68,19439,,,,,0.057565122842788696,,,,,,,,,,,
68,19449,,,,,0.05702516809105873,,,,,,,,,,,
68,19459,,,,,0.06073424965143204,,,,,,,,,,,
68,19469,,,,,0.05734885111451149,,,,,,,,,,,
68,19479,,,,,0.05886130407452583,,,,,,,,,,,
68,19489,,,,,0.05944977328181267,,,,,,,,,,,
68,19499,,,,,0.056865960359573364,,,,,,,,,,,
68,19509,,,,,0.059991080313920975,,,,,,,,,,,
68,19519,,,,,0.0559554323554039,,,,,,,,,,,
68,68,0.07142070298212526,71.26610845772191,,,,,,,,,,,,,,
68,19526,,,,,,0.05759182944893837,,,,,,,,,,
69,19529,,,,,0.06256499886512756,,,,,,,,,,,
69,19539,,,,,0.056497521698474884,,,,,,,,,,,
69,19549,,,,,0.061492808163166046,,,,,,,,,,,
69,19559,,,,,0.057015564292669296,,,,,,,,,,,
69,19569,,,,,0.06222378462553024,,,,,,,,,,,
69,19579,,,,,0.05808929353952408,,,,,,,,,,,
69,19589,,,,,0.05419480428099632,,,,,,,,,,,
69,19599,,,,,0.054318834096193314,,,,,,,,,,,
69,19609,,,,,0.05445892736315727,,,,,,,,,,,
69,19619,,,,,0.05710215866565704,,,,,,,,,,,
69,19629,,,,,0.0570853017270565,,,,,,,,,,,
69,19639,,,,,0.05781643092632294,,,,,,,,,,,
69,19649,,,,,0.061972424387931824,,,,,,,,,,,
69,19659,,,,,0.05752316862344742,,,,,,,,,,,
69,19669,,,,,0.058867063373327255,,,,,,,,,,,
69,19679,,,,,0.05720655247569084,,,,,,,,,,,
69,19689,,,,,0.057943783700466156,,,,,,,,,,,
69,19699,,,,,0.05957106873393059,,,,,,,,,,,
69,19709,,,,,0.05865610018372536,,,,,,,,,,,
69,19719,,,,,0.060420867055654526,,,,,,,,,,,
69,19729,,,,,0.053860440850257874,,,,,,,,,,,
69,19739,,,,,0.05834165960550308,,,,,,,,,,,
69,19749,,,,,0.05776327848434448,,,,,,,,,,,
69,19759,,,,,0.06007067859172821,,,,,,,,,,,
69,19769,,,,,0.05595624819397926,,,,,,,,,,,
69,19779,,,,,0.058580297976732254,,,,,,,,,,,
69,19789,,,,,0.05728635564446449,,,,,,,,,,,
69,19799,,,,,0.05696294456720352,,,,,,,,,,,
69,19809,,,,,0.05723510682582855,,,,,,,,,,,
69,69,,,0.49991968274116516,0.0,,,0.060713022963152466,0.014132816344499588,,0.4935418665409088,,0.0,,0.061035445439914356,,0.014361190609633923
69,19809,,,,,,,,,0.4935418665409088,,0.0,,0.06103544682264328,,0.014361190609633923,
69,69,0.08552715641579543,71.10007006454934,,,,,,,,,,,,,,
69,19809,,,,,,0.05757301673293114,,,,,,,,,,
70,19819,,,,,0.05195067077875137,,,,,,,,,,,
70,19829,,,,,0.05764421075582504,,,,,,,,,,,
70,19839,,,,,0.05513777211308479,,,,,,,,,,,
70,19849,,,,,0.05601620301604271,,,,,,,,,,,
70,19859,,,,,0.05745472386479378,,,,,,,,,,,
70,19869,,,,,0.05380925163626671,,,,,,,,,,,
70,19879,,,,,0.05473557114601135,,,,,,,,,,,
70,19889,,,,,0.05600445345044136,,,,,,,,,,,
70,19899,,,,,0.056787870824337006,,,,,,,,,,,
70,19909,,,,,0.056324511766433716,,,,,,,,,,,
70,19919,,,,,0.059746935963630676,,,,,,,,,,,
70,19929,,,,,0.05738450959324837,,,,,,,,,,,
70,19939,,,,,0.054994333535432816,,,,,,,,,,,
70,19949,,,,,0.057235635817050934,,,,,,,,,,,
70,19959,,,,,0.05802018940448761,,,,,,,,,,,
70,19969,,,,,0.05865537002682686,,,,,,,,,,,
70,19979,,,,,0.05658750981092453,,,,,,,,,,,
70,19989,,,,,0.05614882707595825,,,,,,,,,,,
70,19999,,,,,0.058342888951301575,,,,,,,,,,,
70,20009,,,,,0.058839697390794754,,,,,,,,,,,
70,20019,,,,,0.059548698365688324,,,,,,,,,,,
70,20029,,,,,0.05578266456723213,,,,,,,,,,,
70,20039,,,,,0.055916428565979004,,,,,,,,,,,
70,20049,,,,,0.05757889896631241,,,,,,,,,,,
70,20059,,,,,0.057294812053442,,,,,,,,,,,
70,20069,,,,,0.05862414464354515,,,,,,,,,,,
70,20079,,,,,0.057776615023612976,,,,,,,,,,,
70,20089,,,,,0.05730721354484558,,,,,,,,,,,
70,70,0.076322632351603,70.93653824921458,,,,,,,,,,,,,,
70,20092,,,,,,0.057562388479709625,,,,,,,,,,
71,20099,,,,,0.057107310742139816,,,,,,,,,,,
71,20109,,,,,0.060204263776540756,,,,,,,,,,,
71,20119,,,,,0.06040080264210701,,,,,,,,,,,
71,20129,,,,,0.05598392337560654,,,,,,,,,,,
71,20139,,,,,0.05661657452583313,,,,,,,,,,,
71,20149,,,,,0.06537366658449173,,,,,,,,,,,
71,20159,,,,,0.05500226467847824,,,,,,,,,,,
71,20169,,,,,0.05890826880931854,,,,,,,,,,,
71,20179,,,,,0.05806822329759598,,,,,,,,,,,
71,20189,,,,,0.05902302637696266,,,,,,,,,,,
71,20199,,,,,0.057559698820114136,,,,,,,,,,,
71,20209,,,,,0.06160634756088257,,,,,,,,,,,
71,20219,,,,,0.055786192417144775,,,,,,,,,,,
71,20229,,,,,0.05759591981768608,,,,,,,,,,,
71,20239,,,,,0.05895141512155533,,,,,,,,,,,
71,20249,,,,,0.058627642691135406,,,,,,,,,,,
71,20259,,,,,0.05945378169417381,,,,,,,,,,,
71,20269,,,,,0.05949043855071068,,,,,,,,,,,
71,20279,,,,,0.055993761867284775,,,,,,,,,,,
71,20289,,,,,0.05947230011224747,,,,,,,,,,,
71,20299,,,,,0.05631430447101593,,,,,,,,,,,
71,20309,,,,,0.054999034851789474,,,,,,,,,,,
71,20319,,,,,0.055921636521816254,,,,,,,,,,,
71,20329,,,,,0.0568770170211792,,,,,,,,,,,
71,20339,,,,,0.05694257840514183,,,,,,,,,,,
71,20349,,,,,0.05715782940387726,,,,,,,,,,,
71,20359,,,,,0.055644381791353226,,,,,,,,,,,
71,20369,,,,,0.061165161430835724,,,,,,,,,,,
71,71,0.07029587070577704,70.7748111332001,,,,,,,,,,,,,,
71,20375,,,,,,0.057577624917030334,,,,,,,,,,
72,20379,,,,,0.056261856108903885,,,,,,,,,,,
72,20389,,,,,0.05965711548924446,,,,,,,,,,,
72,20399,,,,,0.05824635922908783,,,,,,,,,,,
72,20409,,,,,0.058224231004714966,,,,,,,,,,,
72,20419,,,,,0.0641065165400505,,,,,,,,,,,
72,20429,,,,,0.056739941239356995,,,,,,,,,,,
72,20439,,,,,0.058004699647426605,,,,,,,,,,,
72,20449,,,,,0.05949210748076439,,,,,,,,,,,
72,20459,,,,,0.05728580057621002,,,,,,,,,,,
72,20469,,,,,0.059322357177734375,,,,,,,,,,,
72,20479,,,,,0.05914768576622009,,,,,,,,,,,
72,20489,,,,,0.0582512803375721,,,,,,,,,,,
72,20499,,,,,0.057566821575164795,,,,,,,,,,,
72,20509,,,,,0.060364920645952225,,,,,,,,,,,
72,20519,,,,,0.05310787260532379,,,,,,,,,,,
72,20529,,,,,0.05901739373803139,,,,,,,,,,,
72,20539,,,,,0.0571991391479969,,,,,,,,,,,
72,20549,,,,,0.05307420343160629,,,,,,,,,,,
72,20559,,,,,0.058858197182416916,,,,,,,,,,,
72,20569,,,,,0.056401364505290985,,,,,,,,,,,
72,20579,,,,,0.05580431967973709,,,,,,,,,,,
72,20589,,,,,0.06011893227696419,,,,,,,,,,,
72,20599,,,,,0.05776221305131912,,,,,,,,,,,
72,20609,,,,,0.06171094998717308,,,,,,,,,,,
72,20619,,,,,0.05726528912782669,,,,,,,,,,,
72,20629,,,,,0.05655169486999512,,,,,,,,,,,
72,20639,,,,,0.06100202351808548,,,,,,,,,,,
72,20649,,,,,0.05379723384976387,,,,,,,,,,,
72,72,0.07611480402287646,70.61308139420413,,,,,,,,,,,,,,
72,20658,,,,,,0.057599641382694244,,,,,,,,,,
73,20659,,,,,0.060622021555900574,,,,,,,,,,,
73,20669,,,,,0.05536830797791481,,,,,,,,,,,
73,20679,,,,,0.05612877756357193,,,,,,,,,,,
73,20689,,,,,0.0539376325905323,,,,,,,,,,,
73,20699,,,,,0.06043646112084389,,,,,,,,,,,
73,20709,,,,,0.05950428172945976,,,,,,,,,,,
73,20719,,,,,0.05878480151295662,,,,,,,,,,,
73,20729,,,,,0.06113767623901367,,,,,,,,,,,
73,20739,,,,,0.05826512351632118,,,,,,,,,,,
73,20749,,,,,0.05846801772713661,,,,,,,,,,,
73,20759,,,,,0.05820481851696968,,,,,,,,,,,
73,20769,,,,,0.05650491639971733,,,,,,,,,,,
73,20779,,,,,0.05526817589998245,,,,,,,,,,,
73,20789,,,,,0.05474913865327835,,,,,,,,,,,
73,20799,,,,,0.05455862730741501,,,,,,,,,,,
73,20809,,,,,0.05324358865618706,,,,,,,,,,,
73,20819,,,,,0.05320561304688454,,,,,,,,,,,
73,20829,,,,,0.05857926607131958,,,,,,,,,,,
73,20839,,,,,0.059792667627334595,,,,,,,,,,,
73,20849,,,,,0.05636681988835335,,,,,,,,,,,
73,20859,,,,,0.05770795792341232,,,,,,,,,,,
73,20869,,,,,0.055446404963731766,,,,,,,,,,,
73,20879,,,,,0.05777638405561447,,,,,,,,,,,
73,20889,,,,,0.05753934010863304,,,,,,,,,,,
73,20899,,,,,0.05649252608418465,,,,,,,,,,,
73,20909,,,,,0.05845792219042778,,,,,,,,,,,
73,20919,,,,,0.05732645094394684,,,,,,,,,,,
73,20929,,,,,0.05842543765902519,,,,,,,,,,,
73,20939,,,,,0.054653599858284,,,,,,,,,,,
73,73,0.07226066951332073,70.45360423656167,,,,,,,,,,,,,,
73,20941,,,,,,0.057592812925577164,,,,,,,,,,
74,20949,,,,,0.053765036165714264,,,,,,,,,,,
74,20959,,,,,0.05769552290439606,,,,,,,,,,,
74,20969,,,,,0.056293077766895294,,,,,,,,,,,
74,20979,,,,,0.05676524341106415,,,,,,,,,,,
74,20989,,,,,0.05816484987735748,,,,,,,,,,,
74,20999,,,,,0.060941167175769806,,,,,,,,,,,
74,21009,,,,,0.058989934623241425,,,,,,,,,,,
74,21019,,,,,0.05682341009378433,,,,,,,,,,,
74,21029,,,,,0.061924487352371216,,,,,,,,,,,
74,21039,,,,,0.05938594788312912,,,,,,,,,,,
74,21049,,,,,0.055547405034303665,,,,,,,,,,,
74,21059,,,,,0.063128262758255,,,,,,,,,,,
74,21069,,,,,0.0600975938141346,,,,,,,,,,,
74,21079,,,,,0.05682658031582832,,,,,,,,,,,
74,21089,,,,,0.05718288570642471,,,,,,,,,,,
74,21099,,,,,0.05743619054555893,,,,,,,,,,,
74,21109,,,,,0.05447699874639511,,,,,,,,,,,
74,21119,,,,,0.059333041310310364,,,,,,,,,,,
74,21129,,,,,0.05969589576125145,,,,,,,,,,,
74,21139,,,,,0.05598325654864311,,,,,,,,,,,
74,21149,,,,,0.05912709981203079,,,,,,,,,,,
74,21159,,,,,0.05764956399798393,,,,,,,,,,,
74,21169,,,,,0.05915672332048416,,,,,,,,,,,
74,21179,,,,,0.06060246378183365,,,,,,,,,,,
74,21189,,,,,0.055677060037851334,,,,,,,,,,,
74,21199,,,,,0.05383680388331413,,,,,,,,,,,
74,21209,,,,,0.0586327388882637,,,,,,,,,,,
74,21219,,,,,0.057794347405433655,,,,,,,,,,,
74,74,0.08357345947569293,70.29509929785165,,,,,,,,,,,,,,
74,21224,,,,,,0.057575128972530365,,,,,,,,,,
75,21229,,,,,0.05617716535925865,,,,,,,,,,,
75,21239,,,,,0.05626680701971054,,,,,,,,,,,
75,21249,,,,,0.05644175410270691,,,,,,,,,,,
75,21259,,,,,0.05799518898129463,,,,,,,,,,,
75,21269,,,,,0.057375580072402954,,,,,,,,,,,
75,21279,,,,,0.05685883015394211,,,,,,,,,,,
75,21289,,,,,0.06146020442247391,,,,,,,,,,,
75,21299,,,,,0.05538342893123627,,,,,,,,,,,
75,21309,,,,,0.055534251034259796,,,,,,,,,,,
75,21319,,,,,0.05815867334604263,,,,,,,,,,,
75,21329,,,,,0.05830065906047821,,,,,,,,,,,
75,21339,,,,,0.0584765188395977,,,,,,,,,,,
75,21349,,,,,0.057976823300123215,,,,,,,,,,,
75,21359,,,,,0.05698716267943382,,,,,,,,,,,
75,21369,,,,,0.05678801238536835,,,,,,,,,,,
75,21379,,,,,0.05614392086863518,,,,,,,,,,,
75,21389,,,,,0.05373222380876541,,,,,,,,,,,
75,21399,,,,,0.0572395995259285,,,,,,,,,,,
75,21409,,,,,0.055469464510679245,,,,,,,,,,,
75,21419,,,,,0.061232615262269974,,,,,,,,,,,
75,21429,,,,,0.058215707540512085,,,,,,,,,,,
75,21439,,,,,0.057838406413793564,,,,,,,,,,,
75,21449,,,,,0.06154002621769905,,,,,,,,,,,
75,21459,,,,,0.055567990988492966,,,,,,,,,,,
75,21469,,,,,0.05531127005815506,,,,,,,,,,,
75,21479,,,,,0.0568290650844574,,,,,,,,,,,
75,21489,,,,,0.056328460574150085,,,,,,,,,,,
75,21499,,,,,0.057549431920051575,,,,,,,,,,,
75,75,0.07294180917742496,70.13794670715946,,,,,,,,,,,,,,
75,21507,,,,,,0.0575534962117672,,,,,,,,,,
76,21509,,,,,0.05646904185414314,,,,,,,,,,,
76,21519,,,,,0.05906928703188896,,,,,,,,,,,
76,21529,,,,,0.05686276778578758,,,,,,,,,,,
76,21539,,,,,0.05669627711176872,,,,,,,,,,,
76,21549,,,,,0.0593072846531868,,,,,,,,,,,
76,21559,,,,,0.05887662246823311,,,,,,,,,,,
76,21569,,,,,0.05773674324154854,,,,,,,,,,,
76,21579,,,,,0.05534607917070389,,,,,,,,,,,
76,21589,,,,,0.060383543372154236,,,,,,,,,,,
76,21599,,,,,0.05680832266807556,,,,,,,,,,,
76,21609,,,,,0.05848248675465584,,,,,,,,,,,
76,21619,,,,,0.057512443512678146,,,,,,,,,,,
76,21629,,,,,0.058058105409145355,,,,,,,,,,,
76,21639,,,,,0.06113876774907112,,,,,,,,,,,
76,21649,,,,,0.06074972823262215,,,,,,,,,,,
76,21659,,,,,0.058165233582258224,,,,,,,,,,,
76,21669,,,,,0.05827833712100983,,,,,,,,,,,
76,21679,,,,,0.06056705117225647,,,,,,,,,,,
76,21689,,,,,0.06049912050366402,,,,,,,,,,,
76,21699,,,,,0.05748312175273895,,,,,,,,,,,
76,21709,,,,,0.05834010988473892,,,,,,,,,,,
76,21719,,,,,0.05748359113931656,,,,,,,,,,,
76,21729,,,,,0.0560571625828743,,,,,,,,,,,
76,21739,,,,,0.05276438593864441,,,,,,,,,,,
76,21749,,,,,0.056375183165073395,,,,,,,,,,,
76,21759,,,,,0.0600777268409729,,,,,,,,,,,
76,21769,,,,,0.0630582645535469,,,,,,,,,,,
76,21779,,,,,0.05739391967654228,,,,,,,,,,,
76,21789,,,,,0.05465284362435341,,,,,,,,,,,
76,76,0.07671686861912859,69.98101729815205,,,,,,,,,,,,,,
76,21790,,,,,,0.05755208060145378,,,,,,,,,,
77,21799,,,,,0.05511392652988434,,,,,,,,,,,
77,21809,,,,,0.06034532189369202,,,,,,,,,,,
77,21819,,,,,0.05970160290598869,,,,,,,,,,,
77,21829,,,,,0.05790645629167557,,,,,,,,,,,
77,21839,,,,,0.06364037841558456,,,,,,,,,,,
77,21849,,,,,0.05698029696941376,,,,,,,,,,,
77,21859,,,,,0.055749572813510895,,,,,,,,,,,
77,21869,,,,,0.058816537261009216,,,,,,,,,,,
77,21879,,,,,0.05872609093785286,,,,,,,,,,,
77,21889,,,,,0.05892239883542061,,,,,,,,,,,
77,21899,,,,,0.055853404104709625,,,,,,,,,,,
77,21909,,,,,0.0613386332988739,,,,,,,,,,,
77,21919,,,,,0.05816032737493515,,,,,,,,,,,
77,21929,,,,,0.05815006047487259,,,,,,,,,,,
77,21939,,,,,0.05728965252637863,,,,,,,,,,,
77,21949,,,,,0.05745895951986313,,,,,,,,,,,
77,21959,,,,,0.054404135793447495,,,,,,,,,,,
77,21969,,,,,0.058159247040748596,,,,,,,,,,,
77,21979,,,,,0.060355931520462036,,,,,,,,,,,
77,21989,,,,,0.05867479741573334,,,,,,,,,,,
77,21999,,,,,0.055721886456012726,,,,,,,,,,,
77,22009,,,,,0.05681954324245453,,,,,,,,,,,
77,22019,,,,,0.05741548910737038,,,,,,,,,,,
77,22029,,,,,0.056602928787469864,,,,,,,,,,,
77,22039,,,,,0.05644635483622551,,,,,,,,,,,
77,22049,,,,,0.05722234398126602,,,,,,,,,,,
77,22059,,,,,0.05711965262889862,,,,,,,,,,,
77,22069,,,,,0.05761897936463356,,,,,,,,,,,
77,77,0.07567374023569974,69.82517792309334,,,,,,,,,,,,,,
77,22073,,,,,,0.05756755918264389,,,,,,,,,,
78,22079,,,,,0.05992036685347557,,,,,,,,,,,
78,22089,,,,,0.06028233468532562,,,,,,,,,,,
78,22099,,,,,0.05640494078397751,,,,,,,,,,,
78,22109,,,,,0.059106700122356415,,,,,,,,,,,
78,22119,,,,,0.05342269316315651,,,,,,,,,,,
78,22129,,,,,0.055796243250370026,,,,,,,,,,,
78,22139,,,,,0.05638522654771805,,,,,,,,,,,
78,22149,,,,,0.05859282240271568,,,,,,,,,,,
78,22159,,,,,0.05754338204860687,,,,,,,,,,,
78,22169,,,,,0.057613175362348557,,,,,,,,,,,
78,22179,,,,,0.05944018438458443,,,,,,,,,,,
78,22189,,,,,0.05699983984231949,,,,,,,,,,,
78,22199,,,,,0.05478823184967041,,,,,,,,,,,
78,22209,,,,,0.055852215737104416,,,,,,,,,,,
78,22219,,,,,0.05958675220608711,,,,,,,,,,,
78,22229,,,,,0.05880473554134369,,,,,,,,,,,
78,22239,,,,,0.054776910692453384,,,,,,,,,,,
78,22249,,,,,0.0609392449259758,,,,,,,,,,,
78,22259,,,,,0.06200585886836052,,,,,,,,,,,
78,22269,,,,,0.05652966350317001,,,,,,,,,,,
78,22279,,,,,0.05762728303670883,,,,,,,,,,,
78,22289,,,,,0.058226291090250015,,,,,,,,,,,
78,22299,,,,,0.05809018388390541,,,,,,,,,,,
78,22309,,,,,0.05685070529580116,,,,,,,,,,,
78,22319,,,,,0.053769126534461975,,,,,,,,,,,
78,22329,,,,,0.05534938722848892,,,,,,,,,,,
78,22339,,,,,0.062141504138708115,,,,,,,,,,,
78,22349,,,,,0.057826656848192215,,,,,,,,,,,
78,78,0.07030940539559152,69.6706469500664,,,,,,,,,,,,,,
78,22356,,,,,,0.05757584050297737,,,,,,,,,,
79,22359,,,,,0.05875518172979355,,,,,,,,,,,
79,22369,,,,,0.058025650680065155,,,,,,,,,,,
79,22379,,,,,0.05737368017435074,,,,,,,,,,,
79,22389,,,,,0.05580389127135277,,,,,,,,,,,
79,22399,,,,,0.059323277324438095,,,,,,,,,,,
79,22409,,,,,0.05566823482513428,,,,,,,,,,,
79,22419,,,,,0.055424150079488754,,,,,,,,,,,
79,22429,,,,,0.05576709285378456,,,,,,,,,,,
79,22439,,,,,0.05501994490623474,,,,,,,,,,,
79,22449,,,,,0.059466924518346786,,,,,,,,,,,
79,22459,,,,,0.0561666376888752,,,,,,,,,,,
79,22469,,,,,0.05605855584144592,,,,,,,,,,,
79,22479,,,,,0.06105134263634682,,,,,,,,,,,
79,22489,,,,,0.0548778660595417,,,,,,,,,,,
79,22499,,,,,0.05636545270681381,,,,,,,,,,,
79,22509,,,,,0.05903155356645584,,,,,,,,,,,
79,22519,,,,,0.056761279702186584,,,,,,,,,,,
79,22529,,,,,0.061273131519556046,,,,,,,,,,,
79,22539,,,,,0.05988922715187073,,,,,,,,,,,
79,22549,,,,,0.05720938742160797,,,,,,,,,,,
79,22559,,,,,0.053835656493902206,,,,,,,,,,,
79,22569,,,,,0.05591995269060135,,,,,,,,,,,
79,22579,,,,,0.05303722992539406,,,,,,,,,,,
79,22589,,,,,0.059237174689769745,,,,,,,,,,,
79,22599,,,,,0.05742920935153961,,,,,,,,,,,
79,22609,,,,,0.05593428760766983,,,,,,,,,,,
79,22619,,,,,0.05229000002145767,,,,,,,,,,,
79,22629,,,,,0.05930579826235771,,,,,,,,,,,
79,22639,,,,,0.05447058007121086,,,,,,,,,,,
79,79,,,0.5000886917114258,0.0,,,0.05743450760144363,0.014146915636956692,,0.49865394830703735,,0.0,,0.057864995312173755,,0.014642664231359959
79,22639,,,,,,,,,0.49865394830703735,,0.0,,0.057864993810653687,,0.014642664231359959,
79,79,0.06947654702775245,69.51699700106163,,,,,,,,,,,,,,
79,22639,,,,,,0.05754827335476875,,,,,,,,,,
80,22649,,,,,0.05905555188655853,,,,,,,,,,,
80,22659,,,,,0.059515733271837234,,,,,,,,,,,
80,22669,,,,,0.05578908696770668,,,,,,,,,,,
80,22679,,,,,0.056523460894823074,,,,,,,,,,,
80,22689,,,,,0.056679461151361465,,,,,,,,,,,
80,22699,,,,,0.06230030953884125,,,,,,,,,,,
80,22709,,,,,0.052337341010570526,,,,,,,,,,,
80,22719,,,,,0.058070749044418335,,,,,,,,,,,
80,22729,,,,,0.0577896349132061,,,,,,,,,,,
80,22739,,,,,0.06048716977238655,,,,,,,,,,,
80,22749,,,,,0.05502936244010925,,,,,,,,,,,
80,22759,,,,,0.05648757144808769,,,,,,,,,,,
80,22769,,,,,0.05730656161904335,,,,,,,,,,,
80,22779,,,,,0.05584782734513283,,,,,,,,,,,
80,22789,,,,,0.055544525384902954,,,,,,,,,,,
80,22799,,,,,0.05598077178001404,,,,,,,,,,,
80,22809,,,,,0.06025867909193039,,,,,,,,,,,
80,22819,,,,,0.06068824231624603,,,,,,,,,,,
80,22829,,,,,0.05357235670089722,,,,,,,,,,,
80,22839,,,,,0.05706122890114784,,,,,,,,,,,
80,22849,,,,,0.056904904544353485,,,,,,,,,,,
80,22859,,,,,0.056910399347543716,,,,,,,,,,,
80,22869,,,,,0.057597093284130096,,,,,,,,,,,
80,22879,,,,,0.05497857555747032,,,,,,,,,,,
80,22889,,,,,0.05453157052397728,,,,,,,,,,,
80,22899,,,,,0.059279587119817734,,,,,,,,,,,
80,22909,,,,,0.05660112202167511,,,,,,,,,,,
80,22919,,,,,0.05446841940283775,,,,,,,,,,,
80,80,0.06624933727471924,69.36379068647001,,,,,,,,,,,,,,
80,22922,,,,,,0.05757719278335571,,,,,,,,,,
81,22929,,,,,0.06136992201209068,,,,,,,,,,,
81,22939,,,,,0.055983416736125946,,,,,,,,,,,
81,22949,,,,,0.05666219815611839,,,,,,,,,,,
81,22959,,,,,0.06066088005900383,,,,,,,,,,,
81,22969,,,,,0.05582781881093979,,,,,,,,,,,
81,22979,,,,,0.05522381514310837,,,,,,,,,,,
81,22989,,,,,0.058230239897966385,,,,,,,,,,,
81,22999,,,,,0.05939668416976929,,,,,,,,,,,
81,23009,,,,,0.05931095406413078,,,,,,,,,,,
81,23019,,,,,0.05912155658006668,,,,,,,,,,,
81,23029,,,,,0.057214006781578064,,,,,,,,,,,
81,23039,,,,,0.060537926852703094,,,,,,,,,,,
81,23049,,,,,0.05832364410161972,,,,,,,,,,,
81,23059,,,,,0.05941116809844971,,,,,,,,,,,
81,23069,,,,,0.05927256867289543,,,,,,,,,,,
81,23079,,,,,0.0586787573993206,,,,,,,,,,,
81,23089,,,,,0.05490719899535179,,,,,,,,,,,
81,23099,,,,,0.05381978675723076,,,,,,,,,,,
81,23109,,,,,0.05587704852223396,,,,,,,,,,,
81,23119,,,,,0.05628021061420441,,,,,,,,,,,
81,23129,,,,,0.05786580592393875,,,,,,,,,,,
81,23139,,,,,0.06033116206526756,,,,,,,,,,,
81,23149,,,,,0.05803586170077324,,,,,,,,,,,
81,23159,,,,,0.06005936115980148,,,,,,,,,,,
81,23169,,,,,0.054792456328868866,,,,,,,,,,,
81,23179,,,,,0.05469648167490959,,,,,,,,,,,
81,23189,,,,,0.05863143131136894,,,,,,,,,,,
81,23199,,,,,0.05914149060845375,,,,,,,,,,,
81,81,0.06257996267143735,69.21210658302121,,,,,,,,,,,,,,
81,23205,,,,,,0.05755043774843216,,,,,,,,,,
82,23209,,,,,0.06092236191034317,,,,,,,,,,,
82,23219,,,,,0.05353119969367981,,,,,,,,,,,
82,23229,,,,,0.055059853941202164,,,,,,,,,,,
82,23239,,,,,0.05789733678102493,,,,,,,,,,,
82,23249,,,,,0.057075999677181244,,,,,,,,,,,
82,23259,,,,,0.054952267557382584,,,,,,,,,,,
82,23269,,,,,0.05628177523612976,,,,,,,,,,,
82,23279,,,,,0.05563771724700928,,,,,,,,,,,
82,23289,,,,,0.0629473403096199,,,,,,,,,,,
82,23299,,,,,0.0553487166762352,,,,,,,,,,,
82,23309,,,,,0.05625656619668007,,,,,,,,,,,
82,23319,,,,,0.06120389327406883,,,,,,,,,,,
82,23329,,,,,0.05579438805580139,,,,,,,,,,,
82,23339,,,,,0.061648398637771606,,,,,,,,,,,
82,23349,,,,,0.058069486171007156,,,,,,,,,,,
82,23359,,,,,0.05759194865822792,,,,,,,,,,,
82,23369,,,,,0.05672666057944298,,,,,,,,,,,
82,23379,,,,,0.059542980045080185,,,,,,,,,,,
82,23389,,,,,0.0566067136824131,,,,,,,,,,,
82,23399,,,,,0.05568920820951462,,,,,,,,,,,
82,23409,,,,,0.05897045135498047,,,,,,,,,,,
82,23419,,,,,0.05823240056633949,,,,,,,,,,,
82,23429,,,,,0.059068284928798676,,,,,,,,,,,
82,23439,,,,,0.05517227575182915,,,,,,,,,,,
82,23449,,,,,0.06206682696938515,,,,,,,,,,,
82,23459,,,,,0.05952048301696777,,,,,,,,,,,
82,23469,,,,,0.0576372891664505,,,,,,,,,,,
82,23479,,,,,0.056583017110824585,,,,,,,,,,,
82,82,0.06090292100881051,69.06028926900413,,,,,,,,,,,,,,
82,23488,,,,,,0.05753743276000023,,,,,,,,,,
83,23489,,,,,0.06398721784353256,,,,,,,,,,,
83,23499,,,,,0.05829410254955292,,,,,,,,,,,
83,23509,,,,,0.05702356994152069,,,,,,,,,,,
83,23519,,,,,0.05737686529755592,,,,,,,,,,,
83,23529,,,,,0.05645355209708214,,,,,,,,,,,
83,23539,,,,,0.05666319280862808,,,,,,,,,,,
83,23549,,,,,0.056891269981861115,,,,,,,,,,,
83,23559,,,,,0.05623611807823181,,,,,,,,,,,
83,23569,,,,,0.05975991114974022,,,,,,,,,,,
83,23579,,,,,0.054969433695077896,,,,,,,,,,,
83,23589,,,,,0.06056063622236252,,,,,,,,,,,
83,23599,,,,,0.05533081665635109,,,,,,,,,,,
83,23609,,,,,0.05600760504603386,,,,,,,,,,,
83,23619,,,,,0.052450451999902725,,,,,,,,,,,
83,23629,,,,,0.055840879678726196,,,,,,,,,,,
83,23639,,,,,0.059385593980550766,,,,,,,,,,,
83,23649,,,,,0.05774442479014397,,,,,,,,,,,
83,23659,,,,,0.05667070299386978,,,,,,,,,,,
83,23669,,,,,0.05501818284392357,,,,,,,,,,,
83,23679,,,,,0.058131344616413116,,,,,,,,,,,
83,23689,,,,,0.05998522788286209,,,,,,,,,,,
83,23699,,,,,0.05409760773181915,,,,,,,,,,,
83,23709,,,,,0.05555441603064537,,,,,,,,,,,
83,23719,,,,,0.05545975640416145,,,,,,,,,,,
83,23729,,,,,0.05524354800581932,,,,,,,,,,,
83,23739,,,,,0.053958386182785034,,,,,,,,,,,
83,23749,,,,,0.06157034635543823,,,,,,,,,,,
83,23759,,,,,0.05513262003660202,,,,,,,,,,,
83,23769,,,,,0.06041112542152405,,,,,,,,,,,
83,83,0.06769695746321767,68.90720948773857,,,,,,,,,,,,,,
83,23771,,,,,,0.05754248425364494,,,,,,,,,,
84,23779,,,,,0.05779337137937546,,,,,,,,,,,
84,23789,,,,,0.06065010651946068,,,,,,,,,,,
84,23799,,,,,0.056179478764534,,,,,,,,,,,
84,23809,,,,,0.060165636241436005,,,,,,,,,,,
84,23819,,,,,0.054715801030397415,,,,,,,,,,,
84,23829,,,,,0.05744714289903641,,,,,,,,,,,
84,23839,,,,,0.05782492458820343,,,,,,,,,,,
84,23849,,,,,0.06135324388742447,,,,,,,,,,,
84,23859,,,,,0.060195647180080414,,,,,,,,,,,
84,23869,,,,,0.05619474872946739,,,,,,,,,,,
84,23879,,,,,0.05757337063550949,,,,,,,,,,,
84,23889,,,,,0.05970839783549309,,,,,,,,,,,
84,23899,,,,,0.05793416500091553,,,,,,,,,,,
84,23909,,,,,0.0560433454811573,,,,,,,,,,,
84,23919,,,,,0.056152623146772385,,,,,,,,,,,
84,23929,,,,,0.05990074947476387,,,,,,,,,,,
84,23939,,,,,0.06098061427474022,,,,,,,,,,,
84,23949,,,,,0.05592566356062889,,,,,,,,,,,
84,23959,,,,,0.056401465088129044,,,,,,,,,,,
84,23969,,,,,0.05910712853074074,,,,,,,,,,,
84,23979,,,,,0.05707547441124916,,,,,,,,,,,
84,23989,,,,,0.05913054570555687,,,,,,,,,,,
84,23999,,,,,0.05615849420428276,,,,,,,,,,,
84,24009,,,,,0.0585748627781868,,,,,,,,,,,
84,24019,,,,,0.0562942735850811,,,,,,,,,,,
84,24029,,,,,0.055731773376464844,,,,,,,,,,,
84,24039,,,,,0.057606082409620285,,,,,,,,,,,
84,24049,,,,,0.05512978509068489,,,,,,,,,,,
84,84,0.06426782191822564,68.75558507984101,,,,,,,,,,,,,,
84,24054,,,,,,0.05757550522685051,,,,,,,,,,
85,24059,,,,,0.05607881397008896,,,,,,,,,,,
85,24069,,,,,0.057011038064956665,,,,,,,,,,,
85,24079,,,,,0.06034422293305397,,,,,,,,,,,
85,24089,,,,,0.05438867211341858,,,,,,,,,,,
85,24099,,,,,0.056058891117572784,,,,,,,,,,,
85,24109,,,,,0.05940147489309311,,,,,,,,,,,
85,24119,,,,,0.05603539198637009,,,,,,,,,,,
85,24129,,,,,0.05752120912075043,,,,,,,,,,,
85,24139,,,,,0.05741668492555618,,,,,,,,,,,
85,24149,,,,,0.058570653200149536,,,,,,,,,,,
85,24159,,,,,0.05685892328619957,,,,,,,,,,,
85,24169,,,,,0.05823314189910889,,,,,,,,,,,
85,24179,,,,,0.05677239969372749,,,,,,,,,,,
85,24189,,,,,0.05799948424100876,,,,,,,,,,,
85,24199,,,,,0.0571136400103569,,,,,,,,,,,
85,24209,,,,,0.052809275686740875,,,,,,,,,,,
85,24219,,,,,0.05847983434796333,,,,,,,,,,,
85,24229,,,,,0.05740427225828171,,,,,,,,,,,
85,24239,,,,,0.055176492780447006,,,,,,,,,,,
85,24249,,,,,0.0587104856967926,,,,,,,,,,,
85,24259,,,,,0.05816683918237686,,,,,,,,,,,
85,24269,,,,,0.05785573646426201,,,,,,,,,,,
85,24279,,,,,0.05728708207607269,,,,,,,,,,,
85,24289,,,,,0.05981070548295975,,,,,,,,,,,
85,24299,,,,,0.059474505484104156,,,,,,,,,,,
85,24309,,,,,0.05835411325097084,,,,,,,,,,,
85,24319,,,,,0.05642994865775108,,,,,,,,,,,
85,24329,,,,,0.059199705719947815,,,,,,,,,,,
85,85,0.061768319549003345,68.60531498395066,,,,,,,,,,,,,,
85,24337,,,,,,0.057542357593774796,,,,,,,,,,
86,24339,,,,,0.06067532300949097,,,,,,,,,,,
86,24349,,,,,0.056727416813373566,,,,,,,,,,,
86,24359,,,,,0.06037803739309311,,,,,,,,,,,
86,24369,,,,,0.060272764414548874,,,,,,,,,,,
86,24379,,,,,0.05448051542043686,,,,,,,,,,,
86,24389,,,,,0.05714227259159088,,,,,,,,,,,
86,24399,,,,,0.055220864713191986,,,,,,,,,,,
86,24409,,,,,0.05891735851764679,,,,,,,,,,,
86,24419,,,,,0.061243101954460144,,,,,,,,,,,
86,24429,,,,,0.05939285829663277,,,,,,,,,,,
86,24439,,,,,0.056268688291311264,,,,,,,,,,,
86,24449,,,,,0.05529234558343887,,,,,,,,,,,
86,24459,,,,,0.05850731208920479,,,,,,,,,,,
86,24469,,,,,0.0573066771030426,,,,,,,,,,,
86,24479,,,,,0.058015234768390656,,,,,,,,,,,
86,24489,,,,,0.05738601088523865,,,,,,,,,,,
86,24499,,,,,0.05379734933376312,,,,,,,,,,,
86,24509,,,,,0.05755577236413956,,,,,,,,,,,
86,24519,,,,,0.05682283639907837,,,,,,,,,,,
86,24529,,,,,0.05468381196260452,,,,,,,,,,,
86,24539,,,,,0.05753633379936218,,,,,,,,,,,
86,24549,,,,,0.05542905256152153,,,,,,,,,,,
86,24559,,,,,0.05648671090602875,,,,,,,,,,,
86,24569,,,,,0.059097275137901306,,,,,,,,,,,
86,24579,,,,,0.06278035044670105,,,,,,,,,,,
86,24589,,,,,0.05933590978384018,,,,,,,,,,,
86,24599,,,,,0.05817154422402382,,,,,,,,,,,
86,24609,,,,,0.059057384729385376,,,,,,,,,,,
86,24619,,,,,0.05729470029473305,,,,,,,,,,,
86,86,0.06361577677150194,68.45528788684625,,,,,,,,,,,,,,
86,24620,,,,,,0.05752217397093773,,,,,,,,,,
87,24629,,,,,0.059184182435274124,,,,,,,,,,,
87,24639,,,,,0.056737255305051804,,,,,,,,,,,
87,24649,,,,,0.05780265852808952,,,,,,,,,,,
87,24659,,,,,0.05514774098992348,,,,,,,,,,,
87,24669,,,,,0.05828043073415756,,,,,,,,,,,
87,24679,,,,,0.058634813874959946,,,,,,,,,,,
87,24689,,,,,0.05435958132147789,,,,,,,,,,,
87,24699,,,,,0.055737413465976715,,,,,,,,,,,
87,24709,,,,,0.059029046446084976,,,,,,,,,,,
87,24719,,,,,0.06084496155381203,,,,,,,,,,,
87,24729,,,,,0.05970858782529831,,,,,,,,,,,
87,24739,,,,,0.05919519066810608,,,,,,,,,,,
87,24749,,,,,0.05548105388879776,,,,,,,,,,,
87,24759,,,,,0.057625968009233475,,,,,,,,,,,
87,24769,,,,,0.052548907697200775,,,,,,,,,,,
87,24779,,,,,0.056105099618434906,,,,,,,,,,,
87,24789,,,,,0.057441964745521545,,,,,,,,,,,
87,24799,,,,,0.05897391214966774,,,,,,,,,,,
87,24809,,,,,0.06113310530781746,,,,,,,,,,,
87,24819,,,,,0.05446207895874977,,,,,,,,,,,
87,24829,,,,,0.05587206780910492,,,,,,,,,,,
87,24839,,,,,0.05391555652022362,,,,,,,,,,,
87,24849,,,,,0.05382983386516571,,,,,,,,,,,
87,24859,,,,,0.05570783093571663,,,,,,,,,,,
87,24869,,,,,0.057126305997371674,,,,,,,,,,,
87,24879,,,,,0.05889669060707092,,,,,,,,,,,
87,24889,,,,,0.05536133795976639,,,,,,,,,,,
87,24899,,,,,0.05931323021650314,,,,,,,,,,,
87,87,0.06899283939385772,68.30664772495031,,,,,,,,,,,,,,
87,24903,,,,,,0.05752838775515556,,,,,,,,,,
88,24909,,,,,0.056649841368198395,,,,,,,,,,,
88,24919,,,,,0.05795135349035263,,,,,,,,,,,
88,24929,,,,,0.057421185076236725,,,,,,,,,,,
88,24939,,,,,0.05962330847978592,,,,,,,,,,,
88,24949,,,,,0.06235598027706146,,,,,,,,,,,
88,24959,,,,,0.058360740542411804,,,,,,,,,,,
88,24969,,,,,0.05407658591866493,,,,,,,,,,,
88,24979,,,,,0.05740399658679962,,,,,,,,,,,
88,24989,,,,,0.056178007274866104,,,,,,,,,,,
88,24999,,,,,0.05661291256546974,,,,,,,,,,,
88,25009,,,,,0.05994263291358948,,,,,,,,,,,
88,25019,,,,,0.0591852031648159,,,,,,,,,,,
88,25029,,,,,0.05919951573014259,,,,,,,,,,,
88,25039,,,,,0.05518949404358864,,,,,,,,,,,
88,25049,,,,,0.05622098967432976,,,,,,,,,,,
88,25059,,,,,0.05918334797024727,,,,,,,,,,,
88,25069,,,,,0.05739682540297508,,,,,,,,,,,
88,25079,,,,,0.05984056740999222,,,,,,,,,,,
88,25089,,,,,0.05465805530548096,,,,,,,,,,,
88,25099,,,,,0.05747931823134422,,,,,,,,,,,
88,25109,,,,,0.057722415775060654,,,,,,,,,,,
88,25119,,,,,0.059793490916490555,,,,,,,,,,,
88,25129,,,,,0.056169088929891586,,,,,,,,,,,
88,25139,,,,,0.05590004846453667,,,,,,,,,,,
88,25149,,,,,0.05573539808392525,,,,,,,,,,,
88,25159,,,,,0.05928783863782883,,,,,,,,,,,
88,25169,,,,,0.05709938704967499,,,,,,,,,,,
88,25179,,,,,0.05570913106203079,,,,,,,,,,,
88,88,0.06905015247040946,68.15966313978169,,,,,,,,,,,,,,
88,25186,,,,,,0.05756086856126785,,,,,,,,,,
89,25189,,,,,0.05431288853287697,,,,,,,,,,,
89,25199,,,,,0.05902182310819626,,,,,,,,,,,
89,25209,,,,,0.05565069615840912,,,,,,,,,,,
89,25219,,,,,0.05474656820297241,,,,,,,,,,,
89,25229,,,,,0.05455538630485535,,,,,,,,,,,
89,25239,,,,,0.0565929189324379,,,,,,,,,,,
89,25249,,,,,0.056993331760168076,,,,,,,,,,,
89,25259,,,,,0.05612443760037422,,,,,,,,,,,
89,25269,,,,,0.056074999272823334,,,,,,,,,,,
89,25279,,,,,0.055308640003204346,,,,,,,,,,,
89,25289,,,,,0.05620257556438446,,,,,,,,,,,
89,25299,,,,,0.05354209616780281,,,,,,,,,,,
89,25309,,,,,0.05906655639410019,,,,,,,,,,,
89,25319,,,,,0.05553724244236946,,,,,,,,,,,
89,25329,,,,,0.05498743802309036,,,,,,,,,,,
89,25339,,,,,0.06255385279655457,,,,,,,,,,,
89,25349,,,,,0.05772526562213898,,,,,,,,,,,
89,25359,,,,,0.05593519285321236,,,,,,,,,,,
89,25369,,,,,0.05616633594036102,,,,,,,,,,,
89,25379,,,,,0.05947517603635788,,,,,,,,,,,
89,25389,,,,,0.06030069291591644,,,,,,,,,,,
89,25399,,,,,0.05791778489947319,,,,,,,,,,,
89,25409,,,,,0.05780654028058052,,,,,,,,,,,
89,25419,,,,,0.055530846118927,,,,,,,,,,,
89,25429,,,,,0.0632922425866127,,,,,,,,,,,
89,25439,,,,,0.0552235022187233,,,,,,,,,,,
89,25449,,,,,0.05421709641814232,,,,,,,,,,,
89,25459,,,,,0.05725101754069328,,,,,,,,,,,
89,25469,,,,,0.058202292770147324,,,,,,,,,,,
89,89,,,0.49990981817245483,0.0,,,0.05825558513888732,0.014124361798167229,,0.49116599559783936,,0.0,,0.05856548635080001,,0.014234630391001701
89,25469,,,,,,,,,0.49116599559783936,,0.0,,0.05856548994779587,,0.014234630391001701,
89,89,0.06776981963852548,68.01418362683843,,,,,,,,,,,,,,
89,25469,,,,,,0.05751042813062668,,,,,,,,,,
90,25479,,,,,0.05377103015780449,,,,,,,,,,,
90,25489,,,,,0.053210582584142685,,,,,,,,,,,
90,25499,,,,,0.05802997946739197,,,,,,,,,,,
90,25509,,,,,0.05921231582760811,,,,,,,,,,,
90,25519,,,,,0.054175473749637604,,,,,,,,,,,
90,25529,,,,,0.061063431203365326,,,,,,,,,,,
90,25539,,,,,0.05602288618683815,,,,,,,,,,,
90,25549,,,,,0.057707879692316055,,,,,,,,,,,
90,25559,,,,,0.056899674236774445,,,,,,,,,,,
90,25569,,,,,0.05934211239218712,,,,,,,,,,,
90,25579,,,,,0.05783698707818985,,,,,,,,,,,
90,25589,,,,,0.05553315207362175,,,,,,,,,,,
90,25599,,,,,0.05799821764230728,,,,,,,,,,,
90,25609,,,,,0.058418240398168564,,,,,,,,,,,
90,25619,,,,,0.057293619960546494,,,,,,,,,,,
90,25629,,,,,0.05656304955482483,,,,,,,,,,,
90,25639,,,,,0.058043088763952255,,,,,,,,,,,
90,25649,,,,,0.05553164705634117,,,,,,,,,,,
90,25659,,,,,0.0587976910173893,,,,,,,,,,,
90,25669,,,,,0.058516427874565125,,,,,,,,,,,
90,25679,,,,,0.06351416558027267,,,,,,,,,,,
90,25689,,,,,0.05674402788281441,,,,,,,,,,,
90,25699,,,,,0.05583292618393898,,,,,,,,,,,
90,25709,,,,,0.0584593191742897,,,,,,,,,,,
90,25719,,,,,0.05854618549346924,,,,,,,,,,,
90,25729,,,,,0.059398502111434937,,,,,,,,,,,
90,25739,,,,,0.05623684078454971,,,,,,,,,,,
90,25749,,,,,0.05709969252347946,,,,,,,,,,,
90,90,0.075107264874098,67.86951952908417,,,,,,,,,,,,,,
90,25752,,,,,,0.057529788464307785,,,,,,,,,,
91,25759,,,,,0.05864300951361656,,,,,,,,,,,
91,25769,,,,,0.057086031883955,,,,,,,,,,,
91,25779,,,,,0.056309331208467484,,,,,,,,,,,
91,25789,,,,,0.05620167776942253,,,,,,,,,,,
91,25799,,,,,0.05797065421938896,,,,,,,,,,,
91,25809,,,,,0.06011839583516121,,,,,,,,,,,
91,25819,,,,,0.05636635050177574,,,,,,,,,,,
91,25829,,,,,0.05549950525164604,,,,,,,,,,,
91,25839,,,,,0.05781953036785126,,,,,,,,,,,
91,25849,,,,,0.06033889576792717,,,,,,,,,,,
91,25859,,,,,0.059789709746837616,,,,,,,,,,,
91,25869,,,,,0.06074509769678116,,,,,,,,,,,
91,25879,,,,,0.06210716441273689,,,,,,,,,,,
91,25889,,,,,0.05661685764789581,,,,,,,,,,,
91,25899,,,,,0.05908724665641785,,,,,,,,,,,
91,25909,,,,,0.058703918009996414,,,,,,,,,,,
91,25919,,,,,0.061553049832582474,,,,,,,,,,,
91,25929,,,,,0.05899906903505325,,,,,,,,,,,
91,25939,,,,,0.059092894196510315,,,,,,,,,,,
91,25949,,,,,0.05908481404185295,,,,,,,,,,,
91,25959,,,,,0.057738229632377625,,,,,,,,,,,
91,25969,,,,,0.061520639806985855,,,,,,,,,,,
91,25979,,,,,0.0560418926179409,,,,,,,,,,,
91,25989,,,,,0.05750722438097,,,,,,,,,,,
91,25999,,,,,0.058386027812957764,,,,,,,,,,,
91,26009,,,,,0.061270397156476974,,,,,,,,,,,
91,26019,,,,,0.05405057966709137,,,,,,,,,,,
91,26029,,,,,0.05973910912871361,,,,,,,,,,,
91,91,0.07335776763515801,67.72555807161673,,,,,,,,,,,,,,
91,26035,,,,,,0.05750325694680214,,,,,,,,,,
92,26039,,,,,0.05455685779452324,,,,,,,,,,,
92,26049,,,,,0.053682006895542145,,,,,,,,,,,
92,26059,,,,,0.05655386671423912,,,,,,,,,,,
92,26069,,,,,0.05234624445438385,,,,,,,,,,,
92,26079,,,,,0.05770287290215492,,,,,,,,,,,
92,26089,,,,,0.054127708077430725,,,,,,,,,,,
92,26099,,,,,0.05938210338354111,,,,,,,,,,,
92,26109,,,,,0.055409446358680725,,,,,,,,,,,
92,26119,,,,,0.05657244101166725,,,,,,,,,,,
92,26129,,,,,0.05765959247946739,,,,,,,,,,,
92,26139,,,,,0.059823211282491684,,,,,,,,,,,
92,26149,,,,,0.059714000672101974,,,,,,,,,,,
92,26159,,,,,0.061114609241485596,,,,,,,,,,,
92,26169,,,,,0.05716622248291969,,,,,,,,,,,
92,26179,,,,,0.0568794421851635,,,,,,,,,,,
92,26189,,,,,0.05700119584798813,,,,,,,,,,,
92,26199,,,,,0.060664378106594086,,,,,,,,,,,
92,26209,,,,,0.05769051983952522,,,,,,,,,,,
92,26219,,,,,0.06267817318439484,,,,,,,,,,,
92,26229,,,,,0.05749673768877983,,,,,,,,,,,
92,26239,,,,,0.05821095407009125,,,,,,,,,,,
92,26249,,,,,0.05898573622107506,,,,,,,,,,,
92,26259,,,,,0.05454738810658455,,,,,,,,,,,
92,26269,,,,,0.0601973682641983,,,,,,,,,,,
92,26279,,,,,0.0582164041697979,,,,,,,,,,,
92,26289,,,,,0.053974296897649765,,,,,,,,,,,
92,26299,,,,,0.05657200887799263,,,,,,,,,,,
92,26309,,,,,0.06400461494922638,,,,,,,,,,,
92,92,0.07259126615268205,67.58227331654055,,,,,,,,,,,,,,
92,26318,,,,,,0.05750379338860512,,,,,,,,,,
93,26319,,,,,0.05761011317372322,,,,,,,,,,,
93,26329,,,,,0.056496329605579376,,,,,,,,,,,
93,26339,,,,,0.058114346116781235,,,,,,,,,,,
93,26349,,,,,0.05686839297413826,,,,,,,,,,,
93,26359,,,,,0.05740143358707428,,,,,,,,,,,
93,26369,,,,,0.057235077023506165,,,,,,,,,,,
93,26379,,,,,0.0553874745965004,,,,,,,,,,,
93,26389,,,,,0.05491374433040619,,,,,,,,,,,
93,26399,,,,,0.06034114956855774,,,,,,,,,,,
93,26409,,,,,0.06001639366149902,,,,,,,,,,,
93,26419,,,,,0.05959883704781532,,,,,,,,,,,
93,26429,,,,,0.05614904686808586,,,,,,,,,,,
93,26439,,,,,0.0560864619910717,,,,,,,,,,,
93,26449,,,,,0.05610954016447067,,,,,,,,,,,
93,26459,,,,,0.05641196668148041,,,,,,,,,,,
93,26469,,,,,0.06070627272129059,,,,,,,,,,,
93,26479,,,,,0.053622350096702576,,,,,,,,,,,
93,26489,,,,,0.05236022174358368,,,,,,,,,,,
93,26499,,,,,0.05994473770260811,,,,,,,,,,,
93,26509,,,,,0.058858055621385574,,,,,,,,,,,
93,26519,,,,,0.06049608439207077,,,,,,,,,,,
93,26529,,,,,0.060019366443157196,,,,,,,,,,,
93,26539,,,,,0.059924621134996414,,,,,,,,,,,
93,26549,,,,,0.06133918836712837,,,,,,,,,,,
93,26559,,,,,0.05675148963928223,,,,,,,,,,,
93,26569,,,,,0.05734621360898018,,,,,,,,,,,
93,26579,,,,,0.059205517172813416,,,,,,,,,,,
93,26589,,,,,0.05570436269044876,,,,,,,,,,,
93,26599,,,,,0.057082079350948334,,,,,,,,,,,
93,93,0.06601776141560704,67.43946522331505,,,,,,,,,,,,,,
93,26601,,,,,,0.057531584054231644,,,,,,,,,,
94,26609,,,,,0.05824949964880943,,,,,,,,,,,
94,26619,,,,,0.057170696556568146,,,,,,,,,,,
94,26629,,,,,0.059177085757255554,,,,,,,,,,,
94,26639,,,,,0.055958837270736694,,,,,,,,,,,
94,26649,,,,,0.05709498003125191,,,,,,,,,,,
94,26659,,,,,0.0552326962351799,,,,,,,,,,,
94,26669,,,,,0.06235099956393242,,,,,,,,,,,
94,26679,,,,,0.0590207502245903,,,,,,,,,,,
94,26689,,,,,0.0587637796998024,,,,,,,,,,,
94,26699,,,,,0.057559411972761154,,,,,,,,,,,
94,26709,,,,,0.05526383966207504,,,,,,,,,,,
94,26719,,,,,0.057440612465143204,,,,,,,,,,,
94,26729,,,,,0.05747475475072861,,,,,,,,,,,
94,26739,,,,,0.06301041692495346,,,,,,,,,,,
94,26749,,,,,0.059828855097293854,,,,,,,,,,,
94,26759,,,,,0.0568016842007637,,,,,,,,,,,
94,26769,,,,,0.06068063899874687,,,,,,,,,,,
94,26779,,,,,0.057374414056539536,,,,,,,,,,,
94,26789,,,,,0.05486953631043434,,,,,,,,,,,
94,26799,,,,,0.05770140141248703,,,,,,,,,,,
94,26809,,,,,0.05490771308541298,,,,,,,,,,,
94,26819,,,,,0.058193981647491455,,,,,,,,,,,
94,26829,,,,,0.058043308556079865,,,,,,,,,,,
94,26839,,,,,0.05822225287556648,,,,,,,,,,,
94,26849,,,,,0.058343902230262756,,,,,,,,,,,
94,26859,,,,,0.05554790049791336,,,,,,,,,,,
94,26869,,,,,0.05642925947904587,,,,,,,,,,,
94,26879,,,,,0.05955281853675842,,,,,,,,,,,
94,94,0.06847002871394424,67.29628756391433,,,,,,,,,,,,,,
94,26884,,,,,,0.05752420797944069,,,,,,,,,,
95,26889,,,,,0.06009984016418457,,,,,,,,,,,
95,26899,,,,,0.05813317745923996,,,,,,,,,,,
95,26909,,,,,0.055736083537340164,,,,,,,,,,,
95,26919,,,,,0.0598762072622776,,,,,,,,,,,
95,26929,,,,,0.05596118047833443,,,,,,,,,,,
95,26939,,,,,0.056486740708351135,,,,,,,,,,,
95,26949,,,,,0.061293747276067734,,,,,,,,,,,
95,26959,,,,,0.057093746960163116,,,,,,,,,,,
95,26969,,,,,0.05819132551550865,,,,,,,,,,,
95,26979,,,,,0.054203953593969345,,,,,,,,,,,
95,26989,,,,,0.05679747089743614,,,,,,,,,,,
95,26999,,,,,0.05918315425515175,,,,,,,,,,,
95,27009,,,,,0.05628793686628342,,,,,,,,,,,
95,27019,,,,,0.0598197802901268,,,,,,,,,,,
95,27029,,,,,0.0563773438334465,,,,,,,,,,,
95,27039,,,,,0.057453256100416183,,,,,,,,,,,
95,27049,,,,,0.05775081738829613,,,,,,,,,,,
95,27059,,,,,0.057529088109731674,,,,,,,,,,,
95,27069,,,,,0.059339433908462524,,,,,,,,,,,
95,27079,,,,,0.06117839366197586,,,,,,,,,,,
95,27089,,,,,0.05715132877230644,,,,,,,,,,,
95,27099,,,,,0.05715272203087807,,,,,,,,,,,
95,27109,,,,,0.059259384870529175,,,,,,,,,,,
95,27119,,,,,0.05610724166035652,,,,,,,,,,,
95,27129,,,,,0.056312188506126404,,,,,,,,,,,
95,27139,,,,,0.055808983743190765,,,,,,,,,,,
95,27149,,,,,0.05444243177771568,,,,,,,,,,,
95,27159,,,,,0.06139535829424858,,,,,,,,,,,
95,95,0.06020371822720407,67.15635355177673,,,,,,,,,,,,,,
95,27167,,,,,,0.057502631098032,,,,,,,,,,
96,27169,,,,,0.05402308702468872,,,,,,,,,,,
96,27179,,,,,0.05750424787402153,,,,,,,,,,,
96,27189,,,,,0.055681370198726654,,,,,,,,,,,
96,27199,,,,,0.05825433135032654,,,,,,,,,,,
96,27209,,,,,0.05454688519239426,,,,,,,,,,,
96,27219,,,,,0.05579228326678276,,,,,,,,,,,
96,27229,,,,,0.060917846858501434,,,,,,,,,,,
96,27239,,,,,0.0570492185652256,,,,,,,,,,,
96,27249,,,,,0.05844973027706146,,,,,,,,,,,
96,27259,,,,,0.05462092161178589,,,,,,,,,,,
96,27269,,,,,0.05723369121551514,,,,,,,,,,,
96,27279,,,,,0.0548819825053215,,,,,,,,,,,
96,27289,,,,,0.054551489651203156,,,,,,,,,,,
96,27299,,,,,0.056873440742492676,,,,,,,,,,,
96,27309,,,,,0.060444723814725876,,,,,,,,,,,
96,27319,,,,,0.05608007684350014,,,,,,,,,,,
96,27329,,,,,0.058601487427949905,,,,,,,,,,,
96,27339,,,,,0.06079120934009552,,,,,,,,,,,
96,27349,,,,,0.05773891508579254,,,,,,,,,,,
96,27359,,,,,0.06049445644021034,,,,,,,,,,,
96,27369,,,,,0.061937108635902405,,,,,,,,,,,
96,27379,,,,,0.05644092708826065,,,,,,,,,,,
96,27389,,,,,0.06266002357006073,,,,,,,,,,,
96,27399,,,,,0.05639803409576416,,,,,,,,,,,
96,27409,,,,,0.05735233798623085,,,,,,,,,,,
96,27419,,,,,0.06107142195105553,,,,,,,,,,,
96,27429,,,,,0.05398028343915939,,,,,,,,,,,
96,27439,,,,,0.05841359868645668,,,,,,,,,,,
96,27449,,,,,0.05579976737499237,,,,,,,,,,,
96,96,0.06102978854797635,67.01755642307914,,,,,,,,,,,,,,
96,27450,,,,,,0.05751967057585716,,,,,,,,,,
97,27459,,,,,0.05524379760026932,,,,,,,,,,,
97,27469,,,,,0.05534456670284271,,,,,,,,,,,
97,27479,,,,,0.05766509845852852,,,,,,,,,,,
97,27489,,,,,0.054430700838565826,,,,,,,,,,,
97,27499,,,,,0.05587966740131378,,,,,,,,,,,
97,27509,,,,,0.05789883807301521,,,,,,,,,,,
97,27519,,,,,0.05598023533821106,,,,,,,,,,,
97,27529,,,,,0.05541803315281868,,,,,,,,,,,
97,27539,,,,,0.05688651651144028,,,,,,,,,,,
97,27549,,,,,0.058604735881090164,,,,,,,,,,,
97,27559,,,,,0.06236175820231438,,,,,,,,,,,
97,27569,,,,,0.05650131776928902,,,,,,,,,,,
97,27579,,,,,0.06040680408477783,,,,,,,,,,,
97,27589,,,,,0.05901558697223663,,,,,,,,,,,
97,27599,,,,,0.05968954786658287,,,,,,,,,,,
97,27609,,,,,0.05751712992787361,,,,,,,,,,,
97,27619,,,,,0.056617364287376404,,,,,,,,,,,
97,27629,,,,,0.062144335359334946,,,,,,,,,,,
97,27639,,,,,0.058879297226667404,,,,,,,,,,,
97,27649,,,,,0.05486373230814934,,,,,,,,,,,
97,27659,,,,,0.05547277629375458,,,,,,,,,,,
97,27669,,,,,0.05957869067788124,,,,,,,,,,,
97,27679,,,,,0.05772005394101143,,,,,,,,,,,
97,27689,,,,,0.052928172051906586,,,,,,,,,,,
97,27699,,,,,0.05917138606309891,,,,,,,,,,,
97,27709,,,,,0.0590440034866333,,,,,,,,,,,
97,27719,,,,,0.05699029937386513,,,,,,,,,,,
97,27729,,,,,0.058624520897865295,,,,,,,,,,,
97,97,0.06346774279930642,66.87877253075298,,,,,,,,,,,,,,
97,27733,,,,,,0.057509370148181915,,,,,,,,,,
98,27739,,,,,0.057386767119169235,,,,,,,,,,,
98,27749,,,,,0.05857843905687332,,,,,,,,,,,
98,27759,,,,,0.055476464331150055,,,,,,,,,,,
98,27769,,,,,0.05641400068998337,,,,,,,,,,,
98,27779,,,,,0.05683315172791481,,,,,,,,,,,
98,27789,,,,,0.055108487606048584,,,,,,,,,,,
98,27799,,,,,0.06133409962058067,,,,,,,,,,,
98,27809,,,,,0.055770616978406906,,,,,,,,,,,
98,27819,,,,,0.05859418958425522,,,,,,,,,,,
98,27829,,,,,0.05738769471645355,,,,,,,,,,,
98,27839,,,,,0.06286168098449707,,,,,,,,,,,
98,27849,,,,,0.05611792579293251,,,,,,,,,,,
98,27859,,,,,0.056676071137189865,,,,,,,,,,,
98,27869,,,,,0.05794457718729973,,,,,,,,,,,
98,27879,,,,,0.05436797812581062,,,,,,,,,,,
98,27889,,,,,0.05985511466860771,,,,,,,,,,,
98,27899,,,,,0.0597069077193737,,,,,,,,,,,
98,27909,,,,,0.05811677128076553,,,,,,,,,,,
98,27919,,,,,0.05924225226044655,,,,,,,,,,,
98,27929,,,,,0.056637365370988846,,,,,,,,,,,
98,27939,,,,,0.05639857053756714,,,,,,,,,,,
98,27949,,,,,0.060384444892406464,,,,,,,,,,,
98,27959,,,,,0.05501115694642067,,,,,,,,,,,
98,27969,,,,,0.054945360869169235,,,,,,,,,,,
98,27979,,,,,0.05659513920545578,,,,,,,,,,,
98,27989,,,,,0.057747021317481995,,,,,,,,,,,
98,27999,,,,,0.05361854285001755,,,,,,,,,,,
98,28009,,,,,0.055134862661361694,,,,,,,,,,,
98,98,0.06199297777549632,66.73980386357667,,,,,,,,,,,,,,
98,28016,,,,,,0.057530276477336884,,,,,,,,,,
99,28019,,,,,0.05844629928469658,,,,,,,,,,,
99,28029,,,,,0.05961906537413597,,,,,,,,,,,
99,28039,,,,,0.058439549058675766,,,,,,,,,,,
99,28049,,,,,0.0551179014146328,,,,,,,,,,,
99,28059,,,,,0.059084702283144,,,,,,,,,,,
99,28069,,,,,0.056864701211452484,,,,,,,,,,,
99,28079,,,,,0.05761166661977768,,,,,,,,,,,
99,28089,,,,,0.056300047785043716,,,,,,,,,,,
99,28099,,,,,0.05763942003250122,,,,,,,,,,,
99,28109,,,,,0.06172913685441017,,,,,,,,,,,
99,28119,,,,,0.05847860127687454,,,,,,,,,,,
99,28129,,,,,0.05626576393842697,,,,,,,,,,,
99,28139,,,,,0.05507611110806465,,,,,,,,,,,
99,28149,,,,,0.057327963411808014,,,,,,,,,,,
99,28159,,,,,0.060081176459789276,,,,,,,,,,,
99,28169,,,,,0.06184673309326172,,,,,,,,,,,
99,28179,,,,,0.05382281541824341,,,,,,,,,,,
99,28189,,,,,0.06094629317522049,,,,,,,,,,,
99,28199,,,,,0.058972571045160294,,,,,,,,,,,
99,28209,,,,,0.057982683181762695,,,,,,,,,,,
99,28219,,,,,0.06319975852966309,,,,,,,,,,,
99,28229,,,,,0.056312840431928635,,,,,,,,,,,
99,28239,,,,,0.05566147342324257,,,,,,,,,,,
99,28249,,,,,0.05838559567928314,,,,,,,,,,,
99,28259,,,,,0.059164341539144516,,,,,,,,,,,
99,28269,,,,,0.06226232647895813,,,,,,,,,,,
99,28279,,,,,0.05938141793012619,,,,,,,,,,,
99,28289,,,,,0.054906249046325684,,,,,,,,,,,
99,28299,,,,,0.05698191374540329,,,,,,,,,,,
99,99,,,0.5000677704811096,0.0,,,0.057252886284652284,0.014129741117358208,,0.49263548851013184,,0.0,,0.05770377343881647,,0.01424337737262249
99,28299,,,,,,,,,0.49263548851013184,,0.0,,0.05770377069711685,,0.01424337737262249,
99,99,0.06321143761998532,66.60180518872605,,,,,,,,,,,,,,
99,28299,,,,,,0.05750025063753128,,,,,,,,,,
100,28309,,,,,0.06195225566625595,,,,,,,,,,,
100,28319,,,,,0.05644901096820831,,,,,,,,,,,
100,28329,,,,,0.05804939940571785,,,,,,,,,,,
100,28339,,,,,0.06154059246182442,,,,,,,,,,,
100,28349,,,,,0.055870383977890015,,,,,,,,,,,
100,28359,,,,,0.0605606846511364,,,,,,,,,,,
100,28369,,,,,0.05659565329551697,,,,,,,,,,,
100,28379,,,,,0.059875402599573135,,,,,,,,,,,
100,28389,,,,,0.055082157254219055,,,,,,,,,,,
100,28399,,,,,0.05677571892738342,,,,,,,,,,,
100,28409,,,,,0.055447839200496674,,,,,,,,,,,
100,28419,,,,,0.05715295299887657,,,,,,,,,,,
100,28429,,,,,0.05528051778674126,,,,,,,,,,,
100,28439,,,,,0.05849692225456238,,,,,,,,,,,
100,28449,,,,,0.05785193294286728,,,,,,,,,,,
100,28459,,,,,0.05751927196979523,,,,,,,,,,,
100,28469,,,,,0.05960170179605484,,,,,,,,,,,
100,28479,,,,,0.05890350043773651,,,,,,,,,,,
100,28489,,,,,0.05580605939030647,,,,,,,,,,,
100,28499,,,,,0.056200236082077026,,,,,,,,,,,
100,28509,,,,,0.05387990549206734,,,,,,,,,,,
100,28519,,,,,0.057943932712078094,,,,,,,,,,,
100,28529,,,,,0.05720599368214607,,,,,,,,,,,
100,28539,,,,,0.05724358558654785,,,,,,,,,,,
100,28549,,,,,0.057943303138017654,,,,,,,,,,,
100,28559,,,,,0.062168341130018234,,,,,,,,,,,
100,28569,,,,,0.05962749943137169,,,,,,,,,,,
100,28579,,,,,0.05425524339079857,,,,,,,,,,,
100,100,0.055320070183296544,66.46362798047555,,,,,,,,,,,,,,
100,28582,,,,,,0.05751463398337364,,,,,,,,,,
101,28589,,,,,0.05587393790483475,,,,,,,,,,,
101,28599,,,,,0.05789731815457344,,,,,,,,,,,
101,28609,,,,,0.05773036926984787,,,,,,,,,,,
101,28619,,,,,0.05959872156381607,,,,,,,,,,,
101,28629,,,,,0.05325910076498985,,,,,,,,,,,
101,28639,,,,,0.054679956287145615,,,,,,,,,,,
101,28649,,,,,0.05841747298836708,,,,,,,,,,,
101,28659,,,,,0.05304949730634689,,,,,,,,,,,
101,28669,,,,,0.05342235043644905,,,,,,,,,,,
101,28679,,,,,0.05937407165765762,,,,,,,,,,,
101,28689,,,,,0.060854721814394,,,,,,,,,,,
101,28699,,,,,0.054922137409448624,,,,,,,,,,,
101,28709,,,,,0.05999485403299332,,,,,,,,,,,
101,28719,,,,,0.057663097977638245,,,,,,,,,,,
101,28729,,,,,0.05756426975131035,,,,,,,,,,,
101,28739,,,,,0.05862119048833847,,,,,,,,,,,
101,28749,,,,,0.055540721863508224,,,,,,,,,,,
101,28759,,,,,0.057645175606012344,,,,,,,,,,,
101,28769,,,,,0.05311388894915581,,,,,,,,,,,
101,28779,,,,,0.057539939880371094,,,,,,,,,,,
101,28789,,,,,0.05887654423713684,,,,,,,,,,,
101,28799,,,,,0.05583173781633377,,,,,,,,,,,
101,28809,,,,,0.05785362422466278,,,,,,,,,,,
101,28819,,,,,0.05825616419315338,,,,,,,,,,,
101,28829,,,,,0.060359954833984375,,,,,,,,,,,
101,28839,,,,,0.06203104555606842,,,,,,,,,,,
101,28849,,,,,0.056377142667770386,,,,,,,,,,,
101,28859,,,,,0.05866776406764984,,,,,,,,,,,
101,101,0.06156998189739755,66.32742410093118,,,,,,,,,,,,,,
101,28865,,,,,,0.05751609429717064,,,,,,,,,,
102,28869,,,,,0.056597739458084106,,,,,,,,,,,
102,28879,,,,,0.060492608696222305,,,,,,,,,,,
102,28889,,,,,0.05816258490085602,,,,,,,,,,,
102,28899,,,,,0.05822569504380226,,,,,,,,,,,
102,28909,,,,,0.05876011773943901,,,,,,,,,,,
102,28919,,,,,0.05932663381099701,,,,,,,,,,,
102,28929,,,,,0.05726800486445427,,,,,,,,,,,
102,28939,,,,,0.059253159910440445,,,,,,,,,,,
102,28949,,,,,0.06120762601494789,,,,,,,,,,,
102,28959,,,,,0.05565280467271805,,,,,,,,,,,
102,28969,,,,,0.05328803509473801,,,,,,,,,,,
102,28979,,,,,0.06045019254088402,,,,,,,,,,,
102,28989,,,,,0.05998365953564644,,,,,,,,,,,
102,28999,,,,,0.053809862583875656,,,,,,,,,,,
102,29009,,,,,0.05676360800862312,,,,,,,,,,,
102,29019,,,,,0.05807756260037422,,,,,,,,,,,
102,29029,,,,,0.05864197388291359,,,,,,,,,,,
102,29039,,,,,0.05556574463844299,,,,,,,,,,,
102,29049,,,,,0.05779620260000229,,,,,,,,,,,
102,29059,,,,,0.05487231910228729,,,,,,,,,,,
102,29069,,,,,0.054734695702791214,,,,,,,,,,,
102,29079,,,,,0.06346303224563599,,,,,,,,,,,
102,29089,,,,,0.05760723724961281,,,,,,,,,,,
102,29099,,,,,0.056752391159534454,,,,,,,,,,,
102,29109,,,,,0.05892326682806015,,,,,,,,,,,
102,29119,,,,,0.05522980913519859,,,,,,,,,,,
102,29129,,,,,0.05505003035068512,,,,,,,,,,,
102,29139,,,,,0.0515344962477684,,,,,,,,,,,
102,102,0.056662677398635564,66.19020765333731,,,,,,,,,,,,,,
102,29148,,,,,,0.05751035735011101,,,,,,,,,,
103,29149,,,,,0.056034233421087265,,,,,,,,,,,
103,29159,,,,,0.058876413851976395,,,,,,,,,,,
103,29169,,,,,0.0576646588742733,,,,,,,,,,,
103,29179,,,,,0.056693173944950104,,,,,,,,,,,
103,29189,,,,,0.06206265836954117,,,,,,,,,,,
103,29199,,,,,0.06023234874010086,,,,,,,,,,,
103,29209,,,,,0.05750858783721924,,,,,,,,,,,
103,29219,,,,,0.05783422663807869,,,,,,,,,,,
103,29229,,,,,0.057737741619348526,,,,,,,,,,,
103,29239,,,,,0.06031911447644234,,,,,,,,,,,
103,29249,,,,,0.05949999392032623,,,,,,,,,,,
103,29259,,,,,0.0554208979010582,,,,,,,,,,,
103,29269,,,,,0.058384452015161514,,,,,,,,,,,
103,29279,,,,,0.05739987641572952,,,,,,,,,,,
103,29289,,,,,0.05934553220868111,,,,,,,,,,,
103,29299,,,,,0.054976120591163635,,,,,,,,,,,
103,29309,,,,,0.05767915025353432,,,,,,,,,,,
103,29319,,,,,0.057743802666664124,,,,,,,,,,,
103,29329,,,,,0.057475924491882324,,,,,,,,,,,
103,29339,,,,,0.06074690446257591,,,,,,,,,,,
103,29349,,,,,0.05890373885631561,,,,,,,,,,,
103,29359,,,,,0.0578538253903389,,,,,,,,,,,
103,29369,,,,,0.05642995983362198,,,,,,,,,,,
103,29379,,,,,0.05487828329205513,,,,,,,,,,,
103,29389,,,,,0.05827226862311363,,,,,,,,,,,
103,29399,,,,,0.057731933891773224,,,,,,,,,,,
103,29409,,,,,0.058538950979709625,,,,,,,,,,,
103,29419,,,,,0.0567091666162014,,,,,,,,,,,
103,29429,,,,,0.06031554937362671,,,,,,,,,,,
103,103,0.055440662460736444,66.05233189156223,,,,,,,,,,,,,,
103,29431,,,,,,0.05749141797423363,,,,,,,,,,
104,29439,,,,,0.05888517200946808,,,,,,,,,,,
104,29449,,,,,0.05652964860200882,,,,,,,,,,,
104,29459,,,,,0.05268370360136032,,,,,,,,,,,
104,29469,,,,,0.05934083089232445,,,,,,,,,,,
104,29479,,,,,0.056702982634305954,,,,,,,,,,,
104,29489,,,,,0.057353824377059937,,,,,,,,,,,
104,29499,,,,,0.05727127566933632,,,,,,,,,,,
104,29509,,,,,0.05643908679485321,,,,,,,,,,,
104,29519,,,,,0.05484846606850624,,,,,,,,,,,
104,29529,,,,,0.05821279063820839,,,,,,,,,,,
104,29539,,,,,0.05390128493309021,,,,,,,,,,,
104,29549,,,,,0.0563507117331028,,,,,,,,,,,
104,29559,,,,,0.06117956340312958,,,,,,,,,,,
104,29569,,,,,0.05907014012336731,,,,,,,,,,,
104,29579,,,,,0.05647736042737961,,,,,,,,,,,
104,29589,,,,,0.05529778450727463,,,,,,,,,,,
104,29599,,,,,0.05570336803793907,,,,,,,,,,,
104,29609,,,,,0.05735022574663162,,,,,,,,,,,
104,29619,,,,,0.05610189214348793,,,,,,,,,,,
104,29629,,,,,0.062363170087337494,,,,,,,,,,,
104,29639,,,,,0.05606646463274956,,,,,,,,,,,
104,29649,,,,,0.0576300285756588,,,,,,,,,,,
104,29659,,,,,0.05765508860349655,,,,,,,,,,,
104,29669,,,,,0.05830024182796478,,,,,,,,,,,
104,29679,,,,,0.05855121836066246,,,,,,,,,,,
104,29689,,,,,0.05697314813733101,,,,,,,,,,,
104,29699,,,,,0.058465149253606796,,,,,,,,,,,
104,29709,,,,,0.05590716376900673,,,,,,,,,,,
104,104,0.06212238661941021,65.91613382278335,,,,,,,,,,,,,,
104,29714,,,,,,0.05752503126859665,,,,,,,,,,
105,29719,,,,,0.0549774095416069,,,,,,,,,,,
105,29729,,,,,0.05763819441199303,,,,,,,,,,,
105,29739,,,,,0.05369593948125839,,,,,,,,,,,
105,29749,,,,,0.05927809327840805,,,,,,,,,,,
105,29759,,,,,0.05757404491305351,,,,,,,,,,,
105,29769,,,,,0.05795985087752342,,,,,,,,,,,
105,29779,,,,,0.0589577853679657,,,,,,,,,,,
105,29789,,,,,0.055487681180238724,,,,,,,,,,,
105,29799,,,,,0.05808599665760994,,,,,,,,,,,
105,29809,,,,,0.05912043899297714,,,,,,,,,,,
105,29819,,,,,0.05788521096110344,,,,,,,,,,,
105,29829,,,,,0.05421367660164833,,,,,,,,,,,
105,29839,,,,,0.059918273240327835,,,,,,,,,,,
105,29849,,,,,0.05831214413046837,,,,,,,,,,,
105,29859,,,,,0.055394578725099564,,,,,,,,,,,
105,29869,,,,,0.05744357779622078,,,,,,,,,,,
105,29879,,,,,0.055375732481479645,,,,,,,,,,,
105,29889,,,,,0.05712082237005234,,,,,,,,,,,
105,29899,,,,,0.05758511275053024,,,,,,,,,,,
105,29909,,,,,0.05651436746120453,,,,,,,,,,,
105,29919,,,,,0.060037046670913696,,,,,,,,,,,
105,29929,,,,,0.05444743484258652,,,,,,,,,,,
105,29939,,,,,0.05849120393395424,,,,,,,,,,,
105,29949,,,,,0.05329250171780586,,,,,,,,,,,
105,29959,,,,,0.057693883776664734,,,,,,,,,,,
105,29969,,,,,0.05255455896258354,,,,,,,,,,,
105,29979,,,,,0.06403960287570953,,,,,,,,,,,
105,29989,,,,,0.06064055114984512,,,,,,,,,,,
105,105,0.05569606997600695,65.78096220416137,,,,,,,,,,,,,,
105,29997,,,,,,0.05749467387795448,,,,,,,,,,
106,29999,,,,,0.05958033353090286,,,,,,,,,,,
106,30009,,,,,0.058055050671100616,,,,,,,,,,,
106,30019,,,,,0.0572625957429409,,,,,,,,,,,
106,30029,,,,,0.0582449696958065,,,,,,,,,,,
106,30039,,,,,0.05655820295214653,,,,,,,,,,,
106,30049,,,,,0.057750340551137924,,,,,,,,,,,
106,30059,,,,,0.05810052901506424,,,,,,,,,,,
106,30069,,,,,0.05737233906984329,,,,,,,,,,,
106,30079,,,,,0.05864390730857849,,,,,,,,,,,
106,30089,,,,,0.057249389588832855,,,,,,,,,,,
106,30099,,,,,0.059360191226005554,,,,,,,,,,,
106,30109,,,,,0.057309288531541824,,,,,,,,,,,
106,30119,,,,,0.05921007692813873,,,,,,,,,,,
106,30129,,,,,0.059916697442531586,,,,,,,,,,,
106,30139,,,,,0.05893892049789429,,,,,,,,,,,
106,30149,,,,,0.0574428029358387,,,,,,,,,,,
106,30159,,,,,0.052760832011699677,,,,,,,,,,,
106,30169,,,,,0.06261475384235382,,,,,,,,,,,
106,30179,,,,,0.05458186939358711,,,,,,,,,,,
106,30189,,,,,0.055892955511808395,,,,,,,,,,,
106,30199,,,,,0.057419467717409134,,,,,,,,,,,
106,30209,,,,,0.05890074372291565,,,,,,,,,,,
106,30219,,,,,0.05395114794373512,,,,,,,,,,,
106,30229,,,,,0.05472845211625099,,,,,,,,,,,
106,30239,,,,,0.05649632588028908,,,,,,,,,,,
106,30249,,,,,0.05616042762994766,,,,,,,,,,,
106,30259,,,,,0.056534543633461,,,,,,,,,,,
106,30269,,,,,0.05655263364315033,,,,,,,,,,,
106,30279,,,,,0.05474446713924408,,,,,,,,,,,
106,106,0.06070115665769883,65.64644146558533,,,,,,,,,,,,,,
106,30280,,,,,,0.05750780552625656,,,,,,,,,,
107,30289,,,,,0.06195709854364395,,,,,,,,,,,
107,30299,,,,,0.058321285992860794,,,,,,,,,,,
107,30309,,,,,0.05513399466872215,,,,,,,,,,,
107,30319,,,,,0.057611092925071716,,,,,,,,,,,
107,30329,,,,,0.05622286722064018,,,,,,,,,,,
107,30339,,,,,0.05568251758813858,,,,,,,,,,,
107,30349,,,,,0.058026596903800964,,,,,,,,,,,
107,30359,,,,,0.056020114570856094,,,,,,,,,,,
107,30369,,,,,0.06047897785902023,,,,,,,,,,,
107,30379,,,,,0.06053880602121353,,,,,,,,,,,
107,30389,,,,,0.05793798714876175,,,,,,,,,,,
107,30399,,,,,0.06097341328859329,,,,,,,,,,,
107,30409,,,,,0.0600506030023098,,,,,,,,,,,
107,30419,,,,,0.05765454098582268,,,,,,,,,,,
107,30429,,,,,0.055319614708423615,,,,,,,,,,,
107,30439,,,,,0.0591544434428215,,,,,,,,,,,
107,30449,,,,,0.054679080843925476,,,,,,,,,,,
107,30459,,,,,0.05918445810675621,,,,,,,,,,,
107,30469,,,,,0.05770501121878624,,,,,,,,,,,
107,30479,,,,,0.06164490804076195,,,,,,,,,,,
107,30489,,,,,0.053498875349760056,,,,,,,,,,,
107,30499,,,,,0.06089236959815025,,,,,,,,,,,
107,30509,,,,,0.05621008947491646,,,,,,,,,,,
107,30519,,,,,0.0591290146112442,,,,,,,,,,,
107,30529,,,,,0.054777659475803375,,,,,,,,,,,
107,30539,,,,,0.05533551424741745,,,,,,,,,,,
107,30549,,,,,0.058612607419490814,,,,,,,,,,,
107,30559,,,,,0.05591980367898941,,,,,,,,,,,
107,107,0.061943286695736725,65.5135483887245,,,,,,,,,,,,,,
107,30563,,,,,,0.057495974004268646,,,,,,,,,,
108,30569,,,,,0.059864532202482224,,,,,,,,,,,
108,30579,,,,,0.055338095873594284,,,,,,,,,,,
108,30589,,,,,0.05602296069264412,,,,,,,,,,,
108,30599,,,,,0.059553567320108414,,,,,,,,,,,
108,30609,,,,,0.06048208475112915,,,,,,,,,,,
108,30619,,,,,0.05595254898071289,,,,,,,,,,,
108,30629,,,,,0.06166940927505493,,,,,,,,,,,
108,30639,,,,,0.05649683624505997,,,,,,,,,,,
108,30649,,,,,0.05578634515404701,,,,,,,,,,,
108,30659,,,,,0.05834820494055748,,,,,,,,,,,
108,30669,,,,,0.054903965443372726,,,,,,,,,,,
108,30679,,,,,0.05831979215145111,,,,,,,,,,,
108,30689,,,,,0.05767819657921791,,,,,,,,,,,
108,30699,,,,,0.05668084695935249,,,,,,,,,,,
108,30709,,,,,0.058047886937856674,,,,,,,,,,,
108,30719,,,,,0.0548381470143795,,,,,,,,,,,
108,30729,,,,,0.05619306489825249,,,,,,,,,,,
108,30739,,,,,0.055909428745508194,,,,,,,,,,,
108,30749,,,,,0.05839761346578598,,,,,,,,,,,
108,30759,,,,,0.05671712011098862,,,,,,,,,,,
108,30769,,,,,0.059552572667598724,,,,,,,,,,,
108,30779,,,,,0.05831022933125496,,,,,,,,,,,
108,30789,,,,,0.054426390677690506,,,,,,,,,,,
108,30799,,,,,0.05648832768201828,,,,,,,,,,,
108,30809,,,,,0.053685106337070465,,,,,,,,,,,
108,30819,,,,,0.05786095932126045,,,,,,,,,,,
108,30829,,,,,0.05512355640530586,,,,,,,,,,,
108,30839,,,,,0.05783561244606972,,,,,,,,,,,
108,108,0.052954038765785,65.38060192698384,,,,,,,,,,,,,,
108,30846,,,,,,0.05745920166373253,,,,,,,,,,
109,30849,,,,,0.05512459576129913,,,,,,,,,,,
109,30859,,,,,0.05880889296531677,,,,,,,,,,,
109,30869,,,,,0.05579514056444168,,,,,,,,,,,
109,30879,,,,,0.05857319012284279,,,,,,,,,,,
109,30889,,,,,0.061417050659656525,,,,,,,,,,,
109,30899,,,,,0.05828046798706055,,,,,,,,,,,
109,30909,,,,,0.05852215364575386,,,,,,,,,,,
109,30919,,,,,0.05692214146256447,,,,,,,,,,,
109,30929,,,,,0.06049646437168121,,,,,,,,,,,
109,30939,,,,,0.0579555407166481,,,,,,,,,,,
109,30949,,,,,0.058373209089040756,,,,,,,,,,,
109,30959,,,,,0.06410583853721619,,,,,,,,,,,
109,30969,,,,,0.05925391614437103,,,,,,,,,,,
109,30979,,,,,0.0566256083548069,,,,,,,,,,,
109,30989,,,,,0.05680900067090988,,,,,,,,,,,
109,30999,,,,,0.057428617030382156,,,,,,,,,,,
109,31009,,,,,0.05846685543656349,,,,,,,,,,,
109,31019,,,,,0.05621657148003578,,,,,,,,,,,
109,31029,,,,,0.05862950161099434,,,,,,,,,,,
109,31039,,,,,0.06222962960600853,,,,,,,,,,,
109,31049,,,,,0.055038828402757645,,,,,,,,,,,
109,31059,,,,,0.05862296000123024,,,,,,,,,,,
109,31069,,,,,0.06137889251112938,,,,,,,,,,,
109,31079,,,,,0.057325463742017746,,,,,,,,,,,
109,31089,,,,,0.05637167766690254,,,,,,,,,,,
109,31099,,,,,0.057617101818323135,,,,,,,,,,,
109,31109,,,,,0.0553629994392395,,,,,,,,,,,
109,31119,,,,,0.055006299167871475,,,,,,,,,,,
109,31129,,,,,0.05646336451172829,,,,,,,,,,,
109,109,,,0.5001188516616821,0.0,,,0.05879937873494532,0.01414224598556757,,0.4928744435310364,,0.0,,0.059288062378574084,,0.014323174953460693
109,31129,,,,,,,,,0.4928744435310364,,0.0,,0.059288058429956436,,0.014323174953460693,
109,109,0.05906566419335617,65.24868107266826,,,,,,,,,,,,,,
109,31129,,,,,,0.05747026577591896,,,,,,,,,,
110,31139,,,,,0.060396116226911545,,,,,,,,,,,
110,31149,,,,,0.057396359741687775,,,,,,,,,,,
110,31159,,,,,0.055896490812301636,,,,,,,,,,,
110,31169,,,,,0.05279525741934776,,,,,,,,,,,
110,31179,,,,,0.05756757780909538,,,,,,,,,,,
110,31189,,,,,0.05360634624958038,,,,,,,,,,,
110,31199,,,,,0.05548135191202164,,,,,,,,,,,
110,31209,,,,,0.05442960187792778,,,,,,,,,,,
110,31219,,,,,0.05781193822622299,,,,,,,,,,,
110,31229,,,,,0.056422337889671326,,,,,,,,,,,
110,31239,,,,,0.0574517548084259,,,,,,,,,,,
110,31249,,,,,0.056001242250204086,,,,,,,,,,,
110,31259,,,,,0.0543881319463253,,,,,,,,,,,
110,31269,,,,,0.059897471219301224,,,,,,,,,,,
110,31279,,,,,0.057606566697359085,,,,,,,,,,,
110,31289,,,,,0.05948715656995773,,,,,,,,,,,
110,31299,,,,,0.05976339057087898,,,,,,,,,,,
110,31309,,,,,0.05563119798898697,,,,,,,,,,,
110,31319,,,,,0.06277648359537125,,,,,,,,,,,
110,31329,,,,,0.0558585450053215,,,,,,,,,,,
110,31339,,,,,0.057792358100414276,,,,,,,,,,,
110,31349,,,,,0.05710417404770851,,,,,,,,,,,
110,31359,,,,,0.05723467841744423,,,,,,,,,,,
110,31369,,,,,0.057336606085300446,,,,,,,,,,,
110,31379,,,,,0.05251926928758621,,,,,,,,,,,
110,31389,,,,,0.05213844031095505,,,,,,,,,,,
110,31399,,,,,0.05772699415683746,,,,,,,,,,,
110,31409,,,,,0.05720970779657364,,,,,,,,,,,
110,110,0.053412401700303536,65.116110561774,,,,,,,,,,,,,,
110,31412,,,,,,0.05745712295174599,,,,,,,,,,
111,31419,,,,,0.05311080813407898,,,,,,,,,,,
111,31429,,,,,0.05843660607933998,,,,,,,,,,,
111,31439,,,,,0.05975743383169174,,,,,,,,,,,
111,31449,,,,,0.0549931675195694,,,,,,,,,,,
111,31459,,,,,0.054694872349500656,,,,,,,,,,,
111,31469,,,,,0.05247581750154495,,,,,,,,,,,
111,31479,,,,,0.055974021553993225,,,,,,,,,,,
111,31489,,,,,0.056380920112133026,,,,,,,,,,,
111,31499,,,,,0.060346972197294235,,,,,,,,,,,
111,31509,,,,,0.06487413495779037,,,,,,,,,,,
111,31519,,,,,0.06088682636618614,,,,,,,,,,,
111,31529,,,,,0.05867428332567215,,,,,,,,,,,
111,31539,,,,,0.056360211223363876,,,,,,,,,,,
111,31549,,,,,0.05987601727247238,,,,,,,,,,,
111,31559,,,,,0.060755062848329544,,,,,,,,,,,
111,31569,,,,,0.05749518424272537,,,,,,,,,,,
111,31579,,,,,0.05827074497938156,,,,,,,,,,,
111,31589,,,,,0.062297213822603226,,,,,,,,,,,
111,31599,,,,,0.059826578944921494,,,,,,,,,,,
111,31609,,,,,0.058777499943971634,,,,,,,,,,,
111,31619,,,,,0.05674224719405174,,,,,,,,,,,
111,31629,,,,,0.056141287088394165,,,,,,,,,,,
111,31639,,,,,0.061123739928007126,,,,,,,,,,,
111,31649,,,,,0.059995390474796295,,,,,,,,,,,
111,31659,,,,,0.05594034865498543,,,,,,,,,,,
111,31669,,,,,0.05664265155792236,,,,,,,,,,,
111,31679,,,,,0.056213267147541046,,,,,,,,,,,
111,31689,,,,,0.05773425102233887,,,,,,,,,,,
111,111,0.0529276903034816,64.9845528060582,,,,,,,,,,,,,,
111,31695,,,,,,0.05748741701245308,,,,,,,,,,
112,31699,,,,,0.0573803149163723,,,,,,,,,,,
112,31709,,,,,0.056621771305799484,,,,,,,,,,,
112,31719,,,,,0.06028458848595619,,,,,,,,,,,
112,31729,,,,,0.05682089552283287,,,,,,,,,,,
112,31739,,,,,0.0582691989839077,,,,,,,,,,,
112,31749,,,,,0.05569174513220787,,,,,,,,,,,
112,31759,,,,,0.06133978068828583,,,,,,,,,,,
112,31769,,,,,0.056686174124479294,,,,,,,,,,,
112,31779,,,,,0.05135801434516907,,,,,,,,,,,
112,31789,,,,,0.056347209960222244,,,,,,,,,,,
112,31799,,,,,0.05671452358365059,,,,,,,,,,,
112,31809,,,,,0.0563020296394825,,,,,,,,,,,
112,31819,,,,,0.05705833435058594,,,,,,,,,,,
112,31829,,,,,0.05201055109500885,,,,,,,,,,,
112,31839,,,,,0.05698135867714882,,,,,,,,,,,
112,31849,,,,,0.05974816158413887,,,,,,,,,,,
112,31859,,,,,0.06122957542538643,,,,,,,,,,,
112,31869,,,,,0.057690538465976715,,,,,,,,,,,
112,31879,,,,,0.06057968735694885,,,,,,,,,,,
112,31889,,,,,0.0545116551220417,,,,,,,,,,,
112,31899,,,,,0.053355783224105835,,,,,,,,,,,
112,31909,,,,,0.060106076300144196,,,,,,,,,,,
112,31919,,,,,0.0546443834900856,,,,,,,,,,,
112,31929,,,,,0.06157274171710014,,,,,,,,,,,
112,31939,,,,,0.05665102228522301,,,,,,,,,,,
112,31949,,,,,0.05665060132741928,,,,,,,,,,,
112,31959,,,,,0.055174510926008224,,,,,,,,,,,
112,31969,,,,,0.056668296456336975,,,,,,,,,,,
112,112,0.05122627986316347,64.85451895315245,,,,,,,,,,,,,,
112,31978,,,,,,0.05747337266802788,,,,,,,,,,
113,31979,,,,,0.06323780864477158,,,,,,,,,,,
113,31989,,,,,0.053122665733098984,,,,,,,,,,,
113,31999,,,,,0.058349162340164185,,,,,,,,,,,
113,32009,,,,,0.06103260815143585,,,,,,,,,,,
113,32019,,,,,0.05775837227702141,,,,,,,,,,,
113,32029,,,,,0.05864769220352173,,,,,,,,,,,
113,32039,,,,,0.06164192780852318,,,,,,,,,,,
113,32049,,,,,0.061235178261995316,,,,,,,,,,,
113,32059,,,,,0.06058578938245773,,,,,,,,,,,
113,32069,,,,,0.05869505554437637,,,,,,,,,,,
113,32079,,,,,0.05735689401626587,,,,,,,,,,,
113,32089,,,,,0.056481920182704926,,,,,,,,,,,
113,32099,,,,,0.05638724938035011,,,,,,,,,,,
113,32109,,,,,0.057814378291368484,,,,,,,,,,,
113,32119,,,,,0.057413067668676376,,,,,,,,,,,
113,32129,,,,,0.058801859617233276,,,,,,,,,,,
113,32139,,,,,0.05776083841919899,,,,,,,,,,,
113,32149,,,,,0.05879205837845802,,,,,,,,,,,
113,32159,,,,,0.05915474519133568,,,,,,,,,,,
113,32169,,,,,0.0538918673992157,,,,,,,,,,,
113,32179,,,,,0.057648010551929474,,,,,,,,,,,
113,32189,,,,,0.0600789412856102,,,,,,,,,,,
113,32199,,,,,0.05705416202545166,,,,,,,,,,,
113,32209,,,,,0.05763513222336769,,,,,,,,,,,
113,32219,,,,,0.05571774020791054,,,,,,,,,,,
113,32229,,,,,0.05586669221520424,,,,,,,,,,,
113,32239,,,,,0.05362199619412422,,,,,,,,,,,
113,32249,,,,,0.057860203087329865,,,,,,,,,,,
113,32259,,,,,0.05322560295462608,,,,,,,,,,,
113,113,0.05619465605363031,64.72496146399095,,,,,,,,,,,,,,
113,32261,,,,,,0.0574689581990242,,,,,,,,,,
114,32269,,,,,0.06201072409749031,,,,,,,,,,,
114,32279,,,,,0.06127232685685158,,,,,,,,,,,
114,32289,,,,,0.058500997722148895,,,,,,,,,,,
114,32299,,,,,0.06042981520295143,,,,,,,,,,,
114,32309,,,,,0.05571319907903671,,,,,,,,,,,
114,32319,,,,,0.05691056326031685,,,,,,,,,,,
114,32329,,,,,0.061192870140075684,,,,,,,,,,,
114,32339,,,,,0.06038464233279228,,,,,,,,,,,
114,32349,,,,,0.05717603117227554,,,,,,,,,,,
114,32359,,,,,0.058779820799827576,,,,,,,,,,,
114,32369,,,,,0.05999646335840225,,,,,,,,,,,
114,32379,,,,,0.05821773037314415,,,,,,,,,,,
114,32389,,,,,0.05882247909903526,,,,,,,,,,,
114,32399,,,,,0.05937603488564491,,,,,,,,,,,
114,32409,,,,,0.06043481454253197,,,,,,,,,,,
114,32419,,,,,0.059800729155540466,,,,,,,,,,,
114,32429,,,,,0.05834004282951355,,,,,,,,,,,
114,32439,,,,,0.05519058182835579,,,,,,,,,,,
114,32449,,,,,0.0575304850935936,,,,,,,,,,,
114,32459,,,,,0.058251794427633286,,,,,,,,,,,
114,32469,,,,,0.05866651609539986,,,,,,,,,,,
114,32479,,,,,0.057618383318185806,,,,,,,,,,,
114,32489,,,,,0.05790049955248833,,,,,,,,,,,
114,32499,,,,,0.05705149844288826,,,,,,,,,,,
114,32509,,,,,0.059575486928224564,,,,,,,,,,,
114,32519,,,,,0.05793016031384468,,,,,,,,,,,
114,32529,,,,,0.056464243680238724,,,,,,,,,,,
114,32539,,,,,0.058401964604854584,,,,,,,,,,,
114,114,0.056308677872311,64.5953707499221,,,,,,,,,,,,,,
114,32544,,,,,,0.05748055502772331,,,,,,,,,,
115,32549,,,,,0.05688805505633354,,,,,,,,,,,
115,32559,,,,,0.06062952056527138,,,,,,,,,,,
115,32569,,,,,0.054486434906721115,,,,,,,,,,,
115,32579,,,,,0.05663644149899483,,,,,,,,,,,
115,32589,,,,,0.061118315905332565,,,,,,,,,,,
115,32599,,,,,0.06059056147933006,,,,,,,,,,,
115,32609,,,,,0.05700016766786575,,,,,,,,,,,
115,32619,,,,,0.05749811977148056,,,,,,,,,,,
115,32629,,,,,0.05538497120141983,,,,,,,,,,,
115,32639,,,,,0.05704446882009506,,,,,,,,,,,
115,32649,,,,,0.0564752072095871,,,,,,,,,,,
115,32659,,,,,0.05746107175946236,,,,,,,,,,,
115,32669,,,,,0.05504570156335831,,,,,,,,,,,
115,32679,,,,,0.062245938926935196,,,,,,,,,,,
115,32689,,,,,0.05606246367096901,,,,,,,,,,,
115,32699,,,,,0.055557187646627426,,,,,,,,,,,
115,32709,,,,,0.0615369975566864,,,,,,,,,,,
115,32719,,,,,0.05518589913845062,,,,,,,,,,,
115,32729,,,,,0.056258898228406906,,,,,,,,,,,
115,32739,,,,,0.05435943603515625,,,,,,,,,,,
115,32749,,,,,0.05848478898406029,,,,,,,,,,,
115,32759,,,,,0.061647042632102966,,,,,,,,,,,
115,32769,,,,,0.058975912630558014,,,,,,,,,,,
115,32779,,,,,0.056049298495054245,,,,,,,,,,,
115,32789,,,,,0.05889052525162697,,,,,,,,,,,
115,32799,,,,,0.057230278849601746,,,,,,,,,,,
115,32809,,,,,0.060235630720853806,,,,,,,,,,,
115,32819,,,,,0.056718405336141586,,,,,,,,,,,
115,115,0.052120911759694855,64.46792528951758,,,,,,,,,,,,,,
115,32827,,,,,,0.057467784732580185,,,,,,,,,,
116,32829,,,,,0.05482238531112671,,,,,,,,,,,
116,32839,,,,,0.05539487674832344,,,,,,,,,,,
116,32849,,,,,0.059773094952106476,,,,,,,,,,,
116,32859,,,,,0.05851385369896889,,,,,,,,,,,
116,32869,,,,,0.06151474639773369,,,,,,,,,,,
116,32879,,,,,0.05918815732002258,,,,,,,,,,,
116,32889,,,,,0.058253079652786255,,,,,,,,,,,
116,32899,,,,,0.056993890553712845,,,,,,,,,,,
116,32909,,,,,0.05460160970687866,,,,,,,,,,,
116,32919,,,,,0.05502676963806152,,,,,,,,,,,
116,32929,,,,,0.05820780619978905,,,,,,,,,,,
116,32939,,,,,0.05398586392402649,,,,,,,,,,,
116,32949,,,,,0.06293583661317825,,,,,,,,,,,
116,32959,,,,,0.05809929221868515,,,,,,,,,,,
116,32969,,,,,0.06197322905063629,,,,,,,,,,,
116,32979,,,,,0.055353738367557526,,,,,,,,,,,
116,32989,,,,,0.05869309976696968,,,,,,,,,,,
116,32999,,,,,0.0568636953830719,,,,,,,,,,,
116,33009,,,,,0.05662115290760994,,,,,,,,,,,
116,33019,,,,,0.05754617601633072,,,,,,,,,,,
116,33029,,,,,0.05688007175922394,,,,,,,,,,,
116,33039,,,,,0.05580655485391617,,,,,,,,,,,
116,33049,,,,,0.05627083778381348,,,,,,,,,,,
116,33059,,,,,0.05768051743507385,,,,,,,,,,,
116,33069,,,,,0.05673425272107124,,,,,,,,,,,
116,33079,,,,,0.05566196143627167,,,,,,,,,,,
116,33089,,,,,0.06316761672496796,,,,,,,,,,,
116,33099,,,,,0.05514061078429222,,,,,,,,,,,
116,33109,,,,,0.0583953857421875,,,,,,,,,,,
116,116,0.05966552314731512,64.3412883902498,,,,,,,,,,,,,,
116,33110,,,,,,0.05751734599471092,,,,,,,,,,
117,33119,,,,,0.05456402525305748,,,,,,,,,,,
117,33129,,,,,0.06033507362008095,,,,,,,,,,,
117,33139,,,,,0.05589693412184715,,,,,,,,,,,
117,33149,,,,,0.05565689131617546,,,,,,,,,,,
117,33159,,,,,0.05938814580440521,,,,,,,,,,,
117,33169,,,,,0.056659337133169174,,,,,,,,,,,
117,33179,,,,,0.05542510747909546,,,,,,,,,,,
117,33189,,,,,0.05630556493997574,,,,,,,,,,,
117,33199,,,,,0.057042185217142105,,,,,,,,,,,
117,33209,,,,,0.0578049011528492,,,,,,,,,,,
117,33219,,,,,0.05770333111286163,,,,,,,,,,,
117,33229,,,,,0.057421714067459106,,,,,,,,,,,
117,33239,,,,,0.05787597596645355,,,,,,,,,,,
117,33249,,,,,0.06037609651684761,,,,,,,,,,,
117,33259,,,,,0.0537533201277256,,,,,,,,,,,
117,33269,,,,,0.05993036925792694,,,,,,,,,,,
117,33279,,,,,0.057443566620349884,,,,,,,,,,,
117,33289,,,,,0.057151779532432556,,,,,,,,,,,
117,33299,,,,,0.056760430335998535,,,,,,,,,,,
117,33309,,,,,0.06027789041399956,,,,,,,,,,,
117,33319,,,,,0.055617086589336395,,,,,,,,,,,
117,33329,,,,,0.06482560932636261,,,,,,,,,,,
117,33339,,,,,0.05495088919997215,,,,,,,,,,,
117,33349,,,,,0.058339256793260574,,,,,,,,,,,
117,33359,,,,,0.05751197412610054,,,,,,,,,,,
117,33369,,,,,0.052402563393116,,,,,,,,,,,
117,33379,,,,,0.05560722574591637,,,,,,,,,,,
117,33389,,,,,0.05590303987264633,,,,,,,,,,,
117,117,0.052363903149134056,64.21558862229678,,,,,,,,,,,,,,
117,33393,,,,,,0.05745692923665047,,,,,,,,,,
118,33399,,,,,0.059098657220602036,,,,,,,,,,,
118,33409,,,,,0.055801257491111755,,,,,,,,,,,
118,33419,,,,,0.056830234825611115,,,,,,,,,,,
118,33429,,,,,0.0534529909491539,,,,,,,,,,,
118,33439,,,,,0.055229343473911285,,,,,,,,,,,
118,33449,,,,,0.05747903883457184,,,,,,,,,,,
118,33459,,,,,0.056158874183893204,,,,,,,,,,,
118,33469,,,,,0.058366335928440094,,,,,,,,,,,
118,33479,,,,,0.05746728554368019,,,,,,,,,,,
118,33489,,,,,0.05760851874947548,,,,,,,,,,,
118,33499,,,,,0.05619816854596138,,,,,,,,,,,
118,33509,,,,,0.05615607649087906,,,,,,,,,,,
118,33519,,,,,0.058477722108364105,,,,,,,,,,,
118,33529,,,,,0.05477282404899597,,,,,,,,,,,
118,33539,,,,,0.05825810879468918,,,,,,,,,,,
118,33549,,,,,0.058169394731521606,,,,,,,,,,,
118,33559,,,,,0.05528081953525543,,,,,,,,,,,
118,33569,,,,,0.05897802114486694,,,,,,,,,,,
118,33579,,,,,0.057798776775598526,,,,,,,,,,,
118,33589,,,,,0.06149248406291008,,,,,,,,,,,
118,33599,,,,,0.05721307173371315,,,,,,,,,,,
118,33609,,,,,0.05681765079498291,,,,,,,,,,,
118,33619,,,,,0.05586927384138107,,,,,,,,,,,
118,33629,,,,,0.057510752230882645,,,,,,,,,,,
118,33639,,,,,0.05522628128528595,,,,,,,,,,,
118,33649,,,,,0.05771578103303909,,,,,,,,,,,
118,33659,,,,,0.06152087077498436,,,,,,,,,,,
118,33669,,,,,0.052707456052303314,,,,,,,,,,,
118,118,0.05285202832885,64.08841170050795,,,,,,,,,,,,,,
118,33676,,,,,,0.05748581141233444,,,,,,,,,,
119,33679,,,,,0.05500653386116028,,,,,,,,,,,
119,33689,,,,,0.057137418538331985,,,,,,,,,,,
119,33699,,,,,0.05665602907538414,,,,,,,,,,,
119,33709,,,,,0.05779454857110977,,,,,,,,,,,
119,33719,,,,,0.05768245831131935,,,,,,,,,,,
119,33729,,,,,0.05800926312804222,,,,,,,,,,,
119,33739,,,,,0.05913084000349045,,,,,,,,,,,
119,33749,,,,,0.059164129197597504,,,,,,,,,,,
119,33759,,,,,0.06066561117768288,,,,,,,,,,,
119,33769,,,,,0.05583137646317482,,,,,,,,,,,
119,33779,,,,,0.05863512307405472,,,,,,,,,,,
119,33789,,,,,0.055636215955019,,,,,,,,,,,
119,33799,,,,,0.05992479249835014,,,,,,,,,,,
119,33809,,,,,0.058335863053798676,,,,,,,,,,,
119,33819,,,,,0.05717649310827255,,,,,,,,,,,
119,33829,,,,,0.06040722504258156,,,,,,,,,,,
119,33839,,,,,0.05674511566758156,,,,,,,,,,,
119,33849,,,,,0.05266162008047104,,,,,,,,,,,
119,33859,,,,,0.05672772228717804,,,,,,,,,,,
119,33869,,,,,0.05829138681292534,,,,,,,,,,,
119,33879,,,,,0.06216638162732124,,,,,,,,,,,
119,33889,,,,,0.05803893879055977,,,,,,,,,,,
119,33899,,,,,0.05892861261963844,,,,,,,,,,,
119,33909,,,,,0.05945534631609917,,,,,,,,,,,
119,33919,,,,,0.057770028710365295,,,,,,,,,,,
119,33929,,,,,0.0612722709774971,,,,,,,,,,,
119,33939,,,,,0.05908473953604698,,,,,,,,,,,
119,33949,,,,,0.05839139223098755,,,,,,,,,,,
119,33959,,,,,0.058402594178915024,,,,,,,,,,,
119,119,,,0.49991574883461,0.0,,,0.05778539562525266,0.01412266306579113,,0.4921008050441742,,0.0,,0.0582546159026346,,0.014192500151693821
119,33959,,,,,,,,,0.4921008050441742,,0.0,,0.05825461819767952,,0.014192500151693821,
119,119,0.05262473979467468,63.961277451739406,,,,,,,,,,,,,,
119,33959,,,,,,0.05747320130467415,,,,,,,,,,
120,33969,,,,,0.060219042003154755,,,,,,,,,,,
120,33979,,,,,0.05646514892578125,,,,,,,,,,,
120,33989,,,,,0.05461060628294945,,,,,,,,,,,
120,33999,,,,,0.05995101109147072,,,,,,,,,,,
120,34009,,,,,0.06111506372690201,,,,,,,,,,,
120,34019,,,,,0.056501299142837524,,,,,,,,,,,
120,34029,,,,,0.05662614479660988,,,,,,,,,,,
120,34039,,,,,0.062120817601680756,,,,,,,,,,,
120,34049,,,,,0.060614269226789474,,,,,,,,,,,
120,34059,,,,,0.059155285358428955,,,,,,,,,,,
120,34069,,,,,0.0601067990064621,,,,,,,,,,,
120,34079,,,,,0.05949844792485237,,,,,,,,,,,
120,34089,,,,,0.051529355347156525,,,,,,,,,,,
120,34099,,,,,0.05500438064336777,,,,,,,,,,,
120,34109,,,,,0.05456575006246567,,,,,,,,,,,
120,34119,,,,,0.058495860546827316,,,,,,,,,,,
120,34129,,,,,0.05972348526120186,,,,,,,,,,,
120,34139,,,,,0.05536022037267685,,,,,,,,,,,
120,34149,,,,,0.05340037867426872,,,,,,,,,,,
120,34159,,,,,0.052808474749326706,,,,,,,,,,,
120,34169,,,,,0.058028582483530045,,,,,,,,,,,
120,34179,,,,,0.05326109379529953,,,,,,,,,,,
120,34189,,,,,0.06015293300151825,,,,,,,,,,,
120,34199,,,,,0.058852892369031906,,,,,,,,,,,
120,34209,,,,,0.05728936567902565,,,,,,,,,,,
120,34219,,,,,0.057159826159477234,,,,,,,,,,,
120,34229,,,,,0.05865773186087608,,,,,,,,,,,
120,34239,,,,,0.05422168970108032,,,,,,,,,,,
120,120,0.05199416083647335,63.83541338543735,,,,,,,,,,,,,,
120,34242,,,,,,0.057453662157058716,,,,,,,,,,
121,34249,,,,,0.054906927049160004,,,,,,,,,,,
121,34259,,,,,0.05873896926641464,,,,,,,,,,,
121,34269,,,,,0.059725940227508545,,,,,,,,,,,
121,34279,,,,,0.05885787680745125,,,,,,,,,,,
121,34289,,,,,0.05953545495867729,,,,,,,,,,,
121,34299,,,,,0.05767899006605148,,,,,,,,,,,
121,34309,,,,,0.05384603142738342,,,,,,,,,,,
121,34319,,,,,0.05922432616353035,,,,,,,,,,,
121,34329,,,,,0.05781437084078789,,,,,,,,,,,
121,34339,,,,,0.05870039388537407,,,,,,,,,,,
121,34349,,,,,0.05956851691007614,,,,,,,,,,,
121,34359,,,,,0.05710606649518013,,,,,,,,,,,
121,34369,,,,,0.05389443039894104,,,,,,,,,,,
121,34379,,,,,0.057402268052101135,,,,,,,,,,,
121,34389,,,,,0.05737867206335068,,,,,,,,,,,
121,34399,,,,,0.05847388878464699,,,,,,,,,,,
121,34409,,,,,0.05404825881123543,,,,,,,,,,,
121,34419,,,,,0.05709681287407875,,,,,,,,,,,
121,34429,,,,,0.0606759749352932,,,,,,,,,,,
121,34439,,,,,0.05525920167565346,,,,,,,,,,,
121,34449,,,,,0.05786066874861717,,,,,,,,,,,
121,34459,,,,,0.05966033786535263,,,,,,,,,,,
121,34469,,,,,0.05802280083298683,,,,,,,,,,,
121,34479,,,,,0.05298710986971855,,,,,,,,,,,
121,34489,,,,,0.05659336969256401,,,,,,,,,,,
121,34499,,,,,0.0571269765496254,,,,,,,,,,,
121,34509,,,,,0.05665206164121628,,,,,,,,,,,
121,34519,,,,,0.0591866560280323,,,,,,,,,,,
121,121,0.05280231279112456,63.71137144698259,,,,,,,,,,,,,,
121,34525,,,,,,0.0574311763048172,,,,,,,,,,
122,34529,,,,,0.058712732046842575,,,,,,,,,,,
122,34539,,,,,0.05752074345946312,,,,,,,,,,,
122,34549,,,,,0.05933534353971481,,,,,,,,,,,
122,34559,,,,,0.05880480632185936,,,,,,,,,,,
122,34569,,,,,0.057092662900686264,,,,,,,,,,,
122,34579,,,,,0.05772237479686737,,,,,,,,,,,
122,34589,,,,,0.057603318244218826,,,,,,,,,,,
122,34599,,,,,0.05448819324374199,,,,,,,,,,,
122,34609,,,,,0.057760655879974365,,,,,,,,,,,
122,34619,,,,,0.05735567584633827,,,,,,,,,,,
122,34629,,,,,0.05770035833120346,,,,,,,,,,,
122,34639,,,,,0.05899769067764282,,,,,,,,,,,
122,34649,,,,,0.05351139232516289,,,,,,,,,,,
122,34659,,,,,0.06075408682227135,,,,,,,,,,,
122,34669,,,,,0.054922521114349365,,,,,,,,,,,
122,34679,,,,,0.06277961283922195,,,,,,,,,,,
122,34689,,,,,0.057100534439086914,,,,,,,,,,,
122,34699,,,,,0.05490899458527565,,,,,,,,,,,
122,34709,,,,,0.057883910834789276,,,,,,,,,,,
122,34719,,,,,0.05746255815029144,,,,,,,,,,,
122,34729,,,,,0.057413727045059204,,,,,,,,,,,
122,34739,,,,,0.05715474858880043,,,,,,,,,,,
122,34749,,,,,0.05594218149781227,,,,,,,,,,,
122,34759,,,,,0.058275144547224045,,,,,,,,,,,
122,34769,,,,,0.05725393071770668,,,,,,,,,,,
122,34779,,,,,0.05539410188794136,,,,,,,,,,,
122,34789,,,,,0.05768049135804176,,,,,,,,,,,
122,34799,,,,,0.0630478709936142,,,,,,,,,,,
122,122,0.04497673355909647,63.5884851636206,,,,,,,,,,,,,,
122,34808,,,,,,0.05749338120222092,,,,,,,,,,
123,34809,,,,,0.05795910954475403,,,,,,,,,,,
123,34819,,,,,0.06016276776790619,,,,,,,,,,,
123,34829,,,,,0.05764080584049225,,,,,,,,,,,
123,34839,,,,,0.05618581548333168,,,,,,,,,,,
123,34849,,,,,0.05699579790234566,,,,,,,,,,,
123,34859,,,,,0.05992664024233818,,,,,,,,,,,
123,34869,,,,,0.05982609838247299,,,,,,,,,,,
123,34879,,,,,0.057698264718055725,,,,,,,,,,,
123,34889,,,,,0.05979805812239647,,,,,,,,,,,
123,34899,,,,,0.05889992043375969,,,,,,,,,,,
123,34909,,,,,0.05908586457371712,,,,,,,,,,,
123,34919,,,,,0.054178979247808456,,,,,,,,,,,
123,34929,,,,,0.05853649228811264,,,,,,,,,,,
123,34939,,,,,0.060708846896886826,,,,,,,,,,,
123,34949,,,,,0.05738472938537598,,,,,,,,,,,
123,34959,,,,,0.05706816166639328,,,,,,,,,,,
123,34969,,,,,0.05799498036503792,,,,,,,,,,,
123,34979,,,,,0.05466035008430481,,,,,,,,,,,
123,34989,,,,,0.05991021543741226,,,,,,,,,,,
123,34999,,,,,0.06222479045391083,,,,,,,,,,,
123,35009,,,,,0.05663170665502548,,,,,,,,,,,
123,35019,,,,,0.05701638013124466,,,,,,,,,,,
123,35029,,,,,0.05737112835049629,,,,,,,,,,,
123,35039,,,,,0.05800129100680351,,,,,,,,,,,
123,35049,,,,,0.060460031032562256,,,,,,,,,,,
123,35059,,,,,0.05882008373737335,,,,,,,,,,,
123,35069,,,,,0.059266746044158936,,,,,,,,,,,
123,35079,,,,,0.05598808452486992,,,,,,,,,,,
123,35089,,,,,0.05840282514691353,,,,,,,,,,,
123,123,0.05135394586889966,63.46561497648398,,,,,,,,,,,,,,
123,35091,,,,,,0.05748305842280388,,,,,,,,,,
124,35099,,,,,0.054371610283851624,,,,,,,,,,,
124,35109,,,,,0.0591500960290432,,,,,,,,,,,
124,35119,,,,,0.057223863899707794,,,,,,,,,,,
124,35129,,,,,0.0540284663438797,,,,,,,,,,,
124,35139,,,,,0.05777909234166145,,,,,,,,,,,
124,35149,,,,,0.06074896082282066,,,,,,,,,,,
124,35159,,,,,0.05675622448325157,,,,,,,,,,,
124,35169,,,,,0.05733275040984154,,,,,,,,,,,
124,35179,,,,,0.054985690861940384,,,,,,,,,,,
124,35189,,,,,0.05934080109000206,,,,,,,,,,,
124,35199,,,,,0.05684489756822586,,,,,,,,,,,
124,35209,,,,,0.057626232504844666,,,,,,,,,,,
124,35219,,,,,0.05911855399608612,,,,,,,,,,,
124,35229,,,,,0.053684741258621216,,,,,,,,,,,
124,35239,,,,,0.055108293890953064,,,,,,,,,,,
124,35249,,,,,0.05498766899108887,,,,,,,,,,,
124,35259,,,,,0.059708382934331894,,,,,,,,,,,
124,35269,,,,,0.05900564417243004,,,,,,,,,,,
124,35279,,,,,0.05260646343231201,,,,,,,,,,,
124,35289,,,,,0.057253800332546234,,,,,,,,,,,
124,35299,,,,,0.05943677946925163,,,,,,,,,,,
124,35309,,,,,0.05602084845304489,,,,,,,,,,,
124,35319,,,,,0.06034324690699577,,,,,,,,,,,
124,35329,,,,,0.05463536083698273,,,,,,,,,,,
124,35339,,,,,0.061897262930870056,,,,,,,,,,,
124,35349,,,,,0.05848182365298271,,,,,,,,,,,
124,35359,,,,,0.05822320282459259,,,,,,,,,,,
124,35369,,,,,0.05888532102108002,,,,,,,,,,,
124,124,0.04967300807851344,63.344465707055654,,,,,,,,,,,,,,
124,35374,,,,,,0.05746310204267502,,,,,,,,,,
125,35379,,,,,0.05071282386779785,,,,,,,,,,,
125,35389,,,,,0.053547997027635574,,,,,,,,,,,
125,35399,,,,,0.05759669095277786,,,,,,,,,,,
125,35409,,,,,0.05625678598880768,,,,,,,,,,,
125,35419,,,,,0.059695109724998474,,,,,,,,,,,
125,35429,,,,,0.05643294379115105,,,,,,,,,,,
125,35439,,,,,0.06017632409930229,,,,,,,,,,,
125,35449,,,,,0.05502790957689285,,,,,,,,,,,
125,35459,,,,,0.056601159274578094,,,,,,,,,,,
125,35469,,,,,0.0570564940571785,,,,,,,,,,,
125,35479,,,,,0.05445518717169762,,,,,,,,,,,
125,35489,,,,,0.0562199205160141,,,,,,,,,,,
125,35499,,,,,0.06215279549360275,,,,,,,,,,,
125,35509,,,,,0.05455425754189491,,,,,,,,,,,
125,35519,,,,,0.05736696720123291,,,,,,,,,,,
125,35529,,,,,0.060029227286577225,,,,,,,,,,,
125,35539,,,,,0.05835063382983208,,,,,,,,,,,
125,35549,,,,,0.055306173861026764,,,,,,,,,,,
125,35559,,,,,0.055082645267248154,,,,,,,,,,,
125,35569,,,,,0.059840232133865356,,,,,,,,,,,
125,35579,,,,,0.054840195924043655,,,,,,,,,,,
125,35589,,,,,0.057286277413368225,,,,,,,,,,,
125,35599,,,,,0.054414477199316025,,,,,,,,,,,
125,35609,,,,,0.06248551979660988,,,,,,,,,,,
125,35619,,,,,0.057309336960315704,,,,,,,,,,,
125,35629,,,,,0.0530092716217041,,,,,,,,,,,
125,35639,,,,,0.056737884879112244,,,,,,,,,,,
125,35649,,,,,0.05638807266950607,,,,,,,,,,,
125,125,0.05172044526890808,63.222955864952155,,,,,,,,,,,,,,
125,35657,,,,,,0.0574498251080513,,,,,,,,,,
126,35659,,,,,0.05655953288078308,,,,,,,,,,,
126,35669,,,,,0.060507096350193024,,,,,,,,,,,
126,35679,,,,,0.06053897365927696,,,,,,,,,,,
126,35689,,,,,0.057327885180711746,,,,,,,,,,,
126,35699,,,,,0.05571476370096207,,,,,,,,,,,
126,35709,,,,,0.054649267345666885,,,,,,,,,,,
126,35719,,,,,0.053052984178066254,,,,,,,,,,,
126,35729,,,,,0.05558185279369354,,,,,,,,,,,
126,35739,,,,,0.060127612203359604,,,,,,,,,,,
126,35749,,,,,0.05554192513227463,,,,,,,,,,,
126,35759,,,,,0.05573578178882599,,,,,,,,,,,
126,35769,,,,,0.057756200432777405,,,,,,,,,,,
126,35779,,,,,0.054183706641197205,,,,,,,,,,,
126,35789,,,,,0.05658057704567909,,,,,,,,,,,
126,35799,,,,,0.05631608888506889,,,,,,,,,,,
126,35809,,,,,0.06080085411667824,,,,,,,,,,,
126,35819,,,,,0.056870654225349426,,,,,,,,,,,
126,35829,,,,,0.062129367142915726,,,,,,,,,,,
126,35839,,,,,0.05775872617959976,,,,,,,,,,,
126,35849,,,,,0.05837138369679451,,,,,,,,,,,
126,35859,,,,,0.05416092276573181,,,,,,,,,,,
126,35869,,,,,0.05543801560997963,,,,,,,,,,,
126,35879,,,,,0.056823428720235825,,,,,,,,,,,
126,35889,,,,,0.05653589963912964,,,,,,,,,,,
126,35899,,,,,0.05364241823554039,,,,,,,,,,,
126,35909,,,,,0.05268589407205582,,,,,,,,,,,
126,35919,,,,,0.05768651142716408,,,,,,,,,,,
126,35929,,,,,0.05830162391066551,,,,,,,,,,,
126,35939,,,,,0.06273249536752701,,,,,,,,,,,
126,126,0.0560558960568638,63.103041297572815,,,,,,,,,,,,,,
126,35940,,,,,,0.057447854429483414,,,,,,,,,,
127,35949,,,,,0.0612180158495903,,,,,,,,,,,
127,35959,,,,,0.052711404860019684,,,,,,,,,,,
127,35969,,,,,0.058587804436683655,,,,,,,,,,,
127,35979,,,,,0.05972570180892944,,,,,,,,,,,
127,35989,,,,,0.05694842338562012,,,,,,,,,,,
127,35999,,,,,0.06012482941150665,,,,,,,,,,,
127,36009,,,,,0.055154331028461456,,,,,,,,,,,
127,36019,,,,,0.05428984388709068,,,,,,,,,,,
127,36029,,,,,0.05746801570057869,,,,,,,,,,,
127,36039,,,,,0.05621854215860367,,,,,,,,,,,
127,36049,,,,,0.058166325092315674,,,,,,,,,,,
127,36059,,,,,0.05413157865405083,,,,,,,,,,,
127,36069,,,,,0.055541135370731354,,,,,,,,,,,
127,36079,,,,,0.05761761963367462,,,,,,,,,,,
127,36089,,,,,0.05818454548716545,,,,,,,,,,,
127,36099,,,,,0.057208701968193054,,,,,,,,,,,
127,36109,,,,,0.05726778507232666,,,,,,,,,,,
127,36119,,,,,0.05634548142552376,,,,,,,,,,,
127,36129,,,,,0.054143596440553665,,,,,,,,,,,
127,36139,,,,,0.06027015298604965,,,,,,,,,,,
127,36149,,,,,0.059202007949352264,,,,,,,,,,,
127,36159,,,,,0.06133011355996132,,,,,,,,,,,
127,36169,,,,,0.054290771484375,,,,,,,,,,,
127,36179,,,,,0.05853992700576782,,,,,,,,,,,
127,36189,,,,,0.057042479515075684,,,,,,,,,,,
127,36199,,,,,0.057710710912942886,,,,,,,,,,,
127,36209,,,,,0.05980046093463898,,,,,,,,,,,
127,36219,,,,,0.06051429733633995,,,,,,,,,,,
127,127,0.046250491217896,62.98191798379294,,,,,,,,,,,,,,
127,36223,,,,,,0.057462915778160095,,,,,,,,,,
128,36229,,,,,0.05690481886267662,,,,,,,,,,,
128,36239,,,,,0.05855008214712143,,,,,,,,,,,
128,36249,,,,,0.058592308312654495,,,,,,,,,,,
128,36259,,,,,0.05423977971076965,,,,,,,,,,,
128,36269,,,,,0.056065745651721954,,,,,,,,,,,
128,36279,,,,,0.057516373693943024,,,,,,,,,,,
128,36289,,,,,0.0580173023045063,,,,,,,,,,,
128,36299,,,,,0.056674081832170486,,,,,,,,,,,
128,36309,,,,,0.05757167935371399,,,,,,,,,,,
128,36319,,,,,0.05510133504867554,,,,,,,,,,,
128,36329,,,,,0.05807413160800934,,,,,,,,,,,
128,36339,,,,,0.05721360445022583,,,,,,,,,,,
128,36349,,,,,0.059461936354637146,,,,,,,,,,,
128,36359,,,,,0.05747808516025543,,,,,,,,,,,
128,36369,,,,,0.05206947401165962,,,,,,,,,,,
128,36379,,,,,0.05980025604367256,,,,,,,,,,,
128,36389,,,,,0.05816149711608887,,,,,,,,,,,
128,36399,,,,,0.056723058223724365,,,,,,,,,,,
128,36409,,,,,0.057537999004125595,,,,,,,,,,,
128,36419,,,,,0.057026129215955734,,,,,,,,,,,
128,36429,,,,,0.05858129262924194,,,,,,,,,,,
128,36439,,,,,0.05705077946186066,,,,,,,,,,,
128,36449,,,,,0.05572877824306488,,,,,,,,,,,
128,36459,,,,,0.060308605432510376,,,,,,,,,,,
128,36469,,,,,0.05457564443349838,,,,,,,,,,,
128,36479,,,,,0.05424133315682411,,,,,,,,,,,
128,36489,,,,,0.05604588985443115,,,,,,,,,,,
128,36499,,,,,0.060233891010284424,,,,,,,,,,,
128,128,0.0501220856392536,62.86142263583133,,,,,,,,,,,,,,
128,36506,,,,,,0.057473860681056976,,,,,,,,,,
129,36509,,,,,0.06135387346148491,,,,,,,,,,,
129,36519,,,,,0.059780869632959366,,,,,,,,,,,
129,36529,,,,,0.05348159000277519,,,,,,,,,,,
129,36539,,,,,0.0569978728890419,,,,,,,,,,,
129,36549,,,,,0.05936481058597565,,,,,,,,,,,
129,36559,,,,,0.056586552411317825,,,,,,,,,,,
129,36569,,,,,0.05314336344599724,,,,,,,,,,,
129,36579,,,,,0.06071551889181137,,,,,,,,,,,
129,36589,,,,,0.05750475823879242,,,,,,,,,,,
129,36599,,,,,0.05711499601602554,,,,,,,,,,,
129,36609,,,,,0.060128360986709595,,,,,,,,,,,
129,36619,,,,,0.05655597895383835,,,,,,,,,,,
129,36629,,,,,0.057188596576452255,,,,,,,,,,,
129,36639,,,,,0.06060244143009186,,,,,,,,,,,
129,36649,,,,,0.053698088973760605,,,,,,,,,,,
129,36659,,,,,0.05367545038461685,,,,,,,,,,,
129,36669,,,,,0.05821670964360237,,,,,,,,,,,
129,36679,,,,,0.05816105753183365,,,,,,,,,,,
129,36689,,,,,0.05817476660013199,,,,,,,,,,,
129,36699,,,,,0.0577126070857048,,,,,,,,,,,
129,36709,,,,,0.052747130393981934,,,,,,,,,,,
129,36719,,,,,0.05338212847709656,,,,,,,,,,,
129,36729,,,,,0.05960599333047867,,,,,,,,,,,
129,36739,,,,,0.059819284826517105,,,,,,,,,,,
129,36749,,,,,0.05536619573831558,,,,,,,,,,,
129,36759,,,,,0.05924214795231819,,,,,,,,,,,
129,36769,,,,,0.05662301927804947,,,,,,,,,,,
129,36779,,,,,0.054788656532764435,,,,,,,,,,,
129,36789,,,,,0.05594619736075401,,,,,,,,,,,
129,129,,,0.5002578496932983,0.0,,,0.05720152530864061,0.014131907373666763,,0.49175703525543213,,0.0,,0.05762998186222905,,0.014191960915923119
129,36789,,,,,,,,,0.49175703525543213,,0.0,,0.05762998387217522,,0.014191960915923119,
129,129,0.05022130273532617,62.74107933433283,,,,,,,,,,,,,,
129,36789,,,,,,0.05743657052516937,,,,,,,,,,
130,36799,,,,,0.06119950860738754,,,,,,,,,,,
130,36809,,,,,0.05883185938000679,,,,,,,,,,,
130,36819,,,,,0.05955430865287781,,,,,,,,,,,
130,36829,,,,,0.05817960575222969,,,,,,,,,,,
130,36839,,,,,0.06072884425520897,,,,,,,,,,,
130,36849,,,,,0.0578191764652729,,,,,,,,,,,
130,36859,,,,,0.05621592327952385,,,,,,,,,,,
130,36869,,,,,0.054245349019765854,,,,,,,,,,,
130,36879,,,,,0.06111179664731026,,,,,,,,,,,
130,36889,,,,,0.05363544076681137,,,,,,,,,,,
130,36899,,,,,0.060142144560813904,,,,,,,,,,,
130,36909,,,,,0.06016334146261215,,,,,,,,,,,
130,36919,,,,,0.05748828500509262,,,,,,,,,,,
130,36929,,,,,0.056692637503147125,,,,,,,,,,,
130,36939,,,,,0.05734703317284584,,,,,,,,,,,
130,36949,,,,,0.05502203106880188,,,,,,,,,,,
130,36959,,,,,0.05653393268585205,,,,,,,,,,,
130,36969,,,,,0.05700169503688812,,,,,,,,,,,
130,36979,,,,,0.058076195418834686,,,,,,,,,,,
130,36989,,,,,0.06059687212109566,,,,,,,,,,,
130,36999,,,,,0.057118210941553116,,,,,,,,,,,
130,37009,,,,,0.058418918401002884,,,,,,,,,,,
130,37019,,,,,0.05980983003973961,,,,,,,,,,,
130,37029,,,,,0.05598783865571022,,,,,,,,,,,
130,37039,,,,,0.06175081059336662,,,,,,,,,,,
130,37049,,,,,0.05312272906303406,,,,,,,,,,,
130,37059,,,,,0.058335043489933014,,,,,,,,,,,
130,37069,,,,,0.05574266240000725,,,,,,,,,,,
130,130,0.04188348063145197,62.62034062625477,,,,,,,,,,,,,,
130,37072,,,,,,0.05746006220579147,,,,,,,,,,
131,37079,,,,,0.05667758733034134,,,,,,,,,,,
131,37089,,,,,0.058431364595890045,,,,,,,,,,,
131,37099,,,,,0.05846313387155533,,,,,,,,,,,
131,37109,,,,,0.05917314440011978,,,,,,,,,,,
131,37119,,,,,0.05611036717891693,,,,,,,,,,,
131,37129,,,,,0.054986461997032166,,,,,,,,,,,
131,37139,,,,,0.06159180775284767,,,,,,,,,,,
131,37149,,,,,0.055072229355573654,,,,,,,,,,,
131,37159,,,,,0.055654898285865784,,,,,,,,,,,
131,37169,,,,,0.05621755123138428,,,,,,,,,,,
131,37179,,,,,0.057771697640419006,,,,,,,,,,,
131,37189,,,,,0.05614346265792847,,,,,,,,,,,
131,37199,,,,,0.056288670748472214,,,,,,,,,,,
131,37209,,,,,0.06047677621245384,,,,,,,,,,,
131,37219,,,,,0.05520327016711235,,,,,,,,,,,
131,37229,,,,,0.05611259490251541,,,,,,,,,,,
131,37239,,,,,0.05884142965078354,,,,,,,,,,,
131,37249,,,,,0.0540541373193264,,,,,,,,,,,
131,37259,,,,,0.06112537160515785,,,,,,,,,,,
131,37269,,,,,0.057086337357759476,,,,,,,,,,,
131,37279,,,,,0.05528514087200165,,,,,,,,,,,
131,37289,,,,,0.057462938129901886,,,,,,,,,,,
131,37299,,,,,0.0601082444190979,,,,,,,,,,,
131,37309,,,,,0.05579761788249016,,,,,,,,,,,
131,37319,,,,,0.05803630128502846,,,,,,,,,,,
131,37329,,,,,0.05225423350930214,,,,,,,,,,,
131,37339,,,,,0.055661194026470184,,,,,,,,,,,
131,37349,,,,,0.05285488814115524,,,,,,,,,,,
131,131,0.055093286135630685,62.49989191558534,,,,,,,,,,,,,,
131,37355,,,,,,0.05744483321905136,,,,,,,,,,
132,37359,,,,,0.055695660412311554,,,,,,,,,,,
132,37369,,,,,0.05858558043837547,,,,,,,,,,,
132,37379,,,,,0.05455157905817032,,,,,,,,,,,
132,37389,,,,,0.0564742311835289,,,,,,,,,,,
132,37399,,,,,0.06162819638848305,,,,,,,,,,,
132,37409,,,,,0.05696582421660423,,,,,,,,,,,
132,37419,,,,,0.05852052569389343,,,,,,,,,,,
132,37429,,,,,0.05873873084783554,,,,,,,,,,,
132,37439,,,,,0.05792488902807236,,,,,,,,,,,
132,37449,,,,,0.058331262320280075,,,,,,,,,,,
132,37459,,,,,0.058849748224020004,,,,,,,,,,,
132,37469,,,,,0.05485861003398895,,,,,,,,,,,
132,37479,,,,,0.05471813678741455,,,,,,,,,,,
132,37489,,,,,0.05552222207188606,,,,,,,,,,,
132,37499,,,,,0.057679660618305206,,,,,,,,,,,
132,37509,,,,,0.05817149952054024,,,,,,,,,,,
132,37519,,,,,0.05788178741931915,,,,,,,,,,,
132,37529,,,,,0.05954428017139435,,,,,,,,,,,
132,37539,,,,,0.05724461376667023,,,,,,,,,,,
132,37549,,,,,0.059818413108587265,,,,,,,,,,,
132,37559,,,,,0.05967618152499199,,,,,,,,,,,
132,37569,,,,,0.0586223267018795,,,,,,,,,,,
132,37579,,,,,0.05905957520008087,,,,,,,,,,,
132,37589,,,,,0.05537046864628792,,,,,,,,,,,
132,37599,,,,,0.056892748922109604,,,,,,,,,,,
132,37609,,,,,0.06261841952800751,,,,,,,,,,,
132,37619,,,,,0.05520245060324669,,,,,,,,,,,
132,37629,,,,,0.05498255416750908,,,,,,,,,,,
132,132,0.04359287969911591,62.38070438900325,,,,,,,,,,,,,,
132,37638,,,,,,0.05747980251908302,,,,,,,,,,
133,37639,,,,,0.0600716732442379,,,,,,,,,,,
133,37649,,,,,0.058230217546224594,,,,,,,,,,,
133,37659,,,,,0.0567355714738369,,,,,,,,,,,
133,37669,,,,,0.060862571001052856,,,,,,,,,,,
133,37679,,,,,0.05792472884058952,,,,,,,,,,,
133,37689,,,,,0.05757914111018181,,,,,,,,,,,
133,37699,,,,,0.06139238178730011,,,,,,,,,,,
133,37709,,,,,0.060628216713666916,,,,,,,,,,,
133,37719,,,,,0.05747499316930771,,,,,,,,,,,
133,37729,,,,,0.06265763938426971,,,,,,,,,,,
133,37739,,,,,0.05477897822856903,,,,,,,,,,,
133,37749,,,,,0.058718759566545486,,,,,,,,,,,
133,37759,,,,,0.060612279921770096,,,,,,,,,,,
133,37769,,,,,0.05668138340115547,,,,,,,,,,,
133,37779,,,,,0.057477012276649475,,,,,,,,,,,
133,37789,,,,,0.05798114463686943,,,,,,,,,,,
133,37799,,,,,0.055014416575431824,,,,,,,,,,,
133,37809,,,,,0.05459069833159447,,,,,,,,,,,
133,37819,,,,,0.05456998199224472,,,,,,,,,,,
133,37829,,,,,0.05437551066279411,,,,,,,,,,,
133,37839,,,,,0.056465182453393936,,,,,,,,,,,
133,37849,,,,,0.05778339132666588,,,,,,,,,,,
133,37859,,,,,0.05826936662197113,,,,,,,,,,,
133,37869,,,,,0.05961638689041138,,,,,,,,,,,
133,37879,,,,,0.057388585060834885,,,,,,,,,,,
133,37889,,,,,0.05510394275188446,,,,,,,,,,,
133,37899,,,,,0.056503940373659134,,,,,,,,,,,
133,37909,,,,,0.05717416852712631,,,,,,,,,,,
133,37919,,,,,0.056730858981609344,,,,,,,,,,,
133,133,0.046913266465127564,62.26225188200921,,,,,,,,,,,,,,
133,37921,,,,,,0.05743224918842316,,,,,,,,,,
134,37929,,,,,0.05988553166389465,,,,,,,,,,,
134,37939,,,,,0.06014574319124222,,,,,,,,,,,
134,37949,,,,,0.05795001611113548,,,,,,,,,,,
134,37959,,,,,0.056121811270713806,,,,,,,,,,,
134,37969,,,,,0.06031765416264534,,,,,,,,,,,
134,37979,,,,,0.06199200451374054,,,,,,,,,,,
134,37989,,,,,0.05941011756658554,,,,,,,,,,,
134,37999,,,,,0.05453084409236908,,,,,,,,,,,
134,38009,,,,,0.0570840984582901,,,,,,,,,,,
134,38019,,,,,0.057057060301303864,,,,,,,,,,,
134,38029,,,,,0.058954015374183655,,,,,,,,,,,
134,38039,,,,,0.06183871254324913,,,,,,,,,,,
134,38049,,,,,0.05491378530859947,,,,,,,,,,,
134,38059,,,,,0.059041380882263184,,,,,,,,,,,
134,38069,,,,,0.05838268995285034,,,,,,,,,,,
134,38079,,,,,0.05461918190121651,,,,,,,,,,,
134,38089,,,,,0.05559205263853073,,,,,,,,,,,
134,38099,,,,,0.05925345793366432,,,,,,,,,,,
134,38109,,,,,0.054831311106681824,,,,,,,,,,,
134,38119,,,,,0.06323965638875961,,,,,,,,,,,
134,38129,,,,,0.0578315369784832,,,,,,,,,,,
134,38139,,,,,0.05453357473015785,,,,,,,,,,,
134,38149,,,,,0.05562154948711395,,,,,,,,,,,
134,38159,,,,,0.05760025605559349,,,,,,,,,,,
134,38169,,,,,0.05774376168847084,,,,,,,,,,,
134,38179,,,,,0.056997284293174744,,,,,,,,,,,
134,38189,,,,,0.057979825884103775,,,,,,,,,,,
134,38199,,,,,0.060318078845739365,,,,,,,,,,,
134,134,0.049200914488901924,62.142826748939356,,,,,,,,,,,,,,
134,38204,,,,,,0.0574454702436924,,,,,,,,,,
135,38209,,,,,0.059696078300476074,,,,,,,,,,,
135,38219,,,,,0.056441131979227066,,,,,,,,,,,
135,38229,,,,,0.05509429797530174,,,,,,,,,,,
135,38239,,,,,0.05525201931595802,,,,,,,,,,,
135,38249,,,,,0.05545583367347717,,,,,,,,,,,
135,38259,,,,,0.05416983366012573,,,,,,,,,,,
135,38269,,,,,0.05679565295577049,,,,,,,,,,,
135,38279,,,,,0.057130832225084305,,,,,,,,,,,
135,38289,,,,,0.05781639739871025,,,,,,,,,,,
135,38299,,,,,0.05958528816699982,,,,,,,,,,,
135,38309,,,,,0.05698080360889435,,,,,,,,,,,
135,38319,,,,,0.054138097912073135,,,,,,,,,,,
135,38329,,,,,0.058270279318094254,,,,,,,,,,,
135,38339,,,,,0.05810507759451866,,,,,,,,,,,
135,38349,,,,,0.05887067690491676,,,,,,,,,,,
135,38359,,,,,0.05595846846699715,,,,,,,,,,,
135,38369,,,,,0.056719064712524414,,,,,,,,,,,
135,38379,,,,,0.058386728167533875,,,,,,,,,,,
135,38389,,,,,0.05940563976764679,,,,,,,,,,,
135,38399,,,,,0.05579626187682152,,,,,,,,,,,
135,38409,,,,,0.05636672303080559,,,,,,,,,,,
135,38419,,,,,0.057934049516916275,,,,,,,,,,,
135,38429,,,,,0.05697895959019661,,,,,,,,,,,
135,38439,,,,,0.056213315576314926,,,,,,,,,,,
135,38449,,,,,0.05659810081124306,,,,,,,,,,,
135,38459,,,,,0.05520295351743698,,,,,,,,,,,
135,38469,,,,,0.05734274908900261,,,,,,,,,,,
135,38479,,,,,0.05456060543656349,,,,,,,,,,,
135,135,0.045557571024501184,62.02449375111935,,,,,,,,,,,,,,
135,38487,,,,,,0.057484086602926254,,,,,,,,,,
136,38489,,,,,0.056756943464279175,,,,,,,,,,,
136,38499,,,,,0.05699510499835014,,,,,,,,,,,
136,38509,,,,,0.05109000578522682,,,,,,,,,,,
136,38519,,,,,0.057573605328798294,,,,,,,,,,,
136,38529,,,,,0.05605890974402428,,,,,,,,,,,
136,38539,,,,,0.05843407288193703,,,,,,,,,,,
136,38549,,,,,0.052707117050886154,,,,,,,,,,,
136,38559,,,,,0.05653117969632149,,,,,,,,,,,
136,38569,,,,,0.057980798184871674,,,,,,,,,,,
136,38579,,,,,0.05175625905394554,,,,,,,,,,,
136,38589,,,,,0.06030501425266266,,,,,,,,,,,
136,38599,,,,,0.057238418608903885,,,,,,,,,,,
136,38609,,,,,0.057960204780101776,,,,,,,,,,,
136,38619,,,,,0.06074110046029091,,,,,,,,,,,
136,38629,,,,,0.05408112704753876,,,,,,,,,,,
136,38639,,,,,0.05251628905534744,,,,,,,,,,,
136,38649,,,,,0.05464661866426468,,,,,,,,,,,
136,38659,,,,,0.055472806096076965,,,,,,,,,,,
136,38669,,,,,0.052428435534238815,,,,,,,,,,,
136,38679,,,,,0.05543257296085358,,,,,,,,,,,
136,38689,,,,,0.057803209871053696,,,,,,,,,,,
136,38699,,,,,0.06128851696848869,,,,,,,,,,,
136,38709,,,,,0.05909048765897751,,,,,,,,,,,
136,38719,,,,,0.05560634657740593,,,,,,,,,,,
136,38729,,,,,0.05656082183122635,,,,,,,,,,,
136,38739,,,,,0.05640131235122681,,,,,,,,,,,
136,38749,,,,,0.05747806280851364,,,,,,,,,,,
136,38759,,,,,0.060389645397663116,,,,,,,,,,,
136,38769,,,,,0.058223385363817215,,,,,,,,,,,
136,136,0.04467312623448478,61.907052571872306,,,,,,,,,,,,,,
136,38770,,,,,,0.05746590346097946,,,,,,,,,,
137,38779,,,,,0.05772680416703224,,,,,,,,,,,
137,38789,,,,,0.05752277746796608,,,,,,,,,,,
137,38799,,,,,0.05430274084210396,,,,,,,,,,,
137,38809,,,,,0.05369793623685837,,,,,,,,,,,
137,38819,,,,,0.05610734596848488,,,,,,,,,,,
137,38829,,,,,0.05856133997440338,,,,,,,,,,,
137,38839,,,,,0.05584598705172539,,,,,,,,,,,
137,38849,,,,,0.05561234429478645,,,,,,,,,,,
137,38859,,,,,0.0601472333073616,,,,,,,,,,,
137,38869,,,,,0.058892715722322464,,,,,,,,,,,
137,38879,,,,,0.06304402649402618,,,,,,,,,,,
137,38889,,,,,0.06214282661676407,,,,,,,,,,,
137,38899,,,,,0.05690760537981987,,,,,,,,,,,
137,38909,,,,,0.056770291179418564,,,,,,,,,,,
137,38919,,,,,0.056222107261419296,,,,,,,,,,,
137,38929,,,,,0.055511947721242905,,,,,,,,,,,
137,38939,,,,,0.06061211973428726,,,,,,,,,,,
137,38949,,,,,0.056704968214035034,,,,,,,,,,,
137,38959,,,,,0.05839088559150696,,,,,,,,,,,
137,38969,,,,,0.05924170836806297,,,,,,,,,,,
137,38979,,,,,0.06001767888665199,,,,,,,,,,,
137,38989,,,,,0.05497228726744652,,,,,,,,,,,
137,38999,,,,,0.058218859136104584,,,,,,,,,,,
137,39009,,,,,0.053303323686122894,,,,,,,,,,,
137,39019,,,,,0.05522741377353668,,,,,,,,,,,
137,39029,,,,,0.05772322416305542,,,,,,,,,,,
137,39039,,,,,0.05923013761639595,,,,,,,,,,,
137,39049,,,,,0.05753229930996895,,,,,,,,,,,
137,137,0.048253724310985215,61.789508190087865,,,,,,,,,,,,,,
137,39053,,,,,,0.05744132399559021,,,,,,,,,,
138,39059,,,,,0.055555589497089386,,,,,,,,,,,
138,39069,,,,,0.05562397465109825,,,,,,,,,,,
138,39079,,,,,0.05796215683221817,,,,,,,,,,,
138,39089,,,,,0.06004069745540619,,,,,,,,,,,
138,39099,,,,,0.05857560783624649,,,,,,,,,,,
138,39109,,,,,0.056541088968515396,,,,,,,,,,,
138,39119,,,,,0.055880796164274216,,,,,,,,,,,
138,39129,,,,,0.058143503963947296,,,,,,,,,,,
138,39139,,,,,0.057767510414123535,,,,,,,,,,,
138,39149,,,,,0.05901733785867691,,,,,,,,,,,
138,39159,,,,,0.0548858679831028,,,,,,,,,,,
138,39169,,,,,0.05655750632286072,,,,,,,,,,,
138,39179,,,,,0.05925184115767479,,,,,,,,,,,
138,39189,,,,,0.05582031235098839,,,,,,,,,,,
138,39199,,,,,0.05761987343430519,,,,,,,,,,,
138,39209,,,,,0.05717615783214569,,,,,,,,,,,
138,39219,,,,,0.0540522076189518,,,,,,,,,,,
138,39229,,,,,0.05568017438054085,,,,,,,,,,,
138,39239,,,,,0.057768553495407104,,,,,,,,,,,
138,39249,,,,,0.05707280710339546,,,,,,,,,,,
138,39259,,,,,0.05609837546944618,,,,,,,,,,,
138,39269,,,,,0.05640619993209839,,,,,,,,,,,
138,39279,,,,,0.05233394727110863,,,,,,,,,,,
138,39289,,,,,0.05283399671316147,,,,,,,,,,,
138,39299,,,,,0.054507721215486526,,,,,,,,,,,
138,39309,,,,,0.059648141264915466,,,,,,,,,,,
138,39319,,,,,0.05328294634819031,,,,,,,,,,,
138,39329,,,,,0.05278555303812027,,,,,,,,,,,
138,138,0.058626801488511245,61.67294637329655,,,,,,,,,,,,,,
138,39336,,,,,,0.05746614560484886,,,,,,,,,,
139,39339,,,,,0.061328988522291183,,,,,,,,,,,
139,39349,,,,,0.05839480459690094,,,,,,,,,,,
139,39359,,,,,0.05510646104812622,,,,,,,,,,,
139,39369,,,,,0.0571293942630291,,,,,,,,,,,
139,39379,,,,,0.05703521519899368,,,,,,,,,,,
139,39389,,,,,0.0555267333984375,,,,,,,,,,,
139,39399,,,,,0.0604286715388298,,,,,,,,,,,
139,39409,,,,,0.059263937175273895,,,,,,,,,,,
139,39419,,,,,0.05672512203454971,,,,,,,,,,,
139,39429,,,,,0.05630209669470787,,,,,,,,,,,
139,39439,,,,,0.05757179856300354,,,,,,,,,,,
139,39449,,,,,0.058756761252880096,,,,,,,,,,,
139,39459,,,,,0.05767393484711647,,,,,,,,,,,
139,39469,,,,,0.05583754926919937,,,,,,,,,,,
139,39479,,,,,0.06056365743279457,,,,,,,,,,,
139,39489,,,,,0.05495729297399521,,,,,,,,,,,
139,39499,,,,,0.05624261498451233,,,,,,,,,,,
139,39509,,,,,0.052750974893569946,,,,,,,,,,,
139,39519,,,,,0.05697191134095192,,,,,,,,,,,
139,39529,,,,,0.05314604192972183,,,,,,,,,,,
139,39539,,,,,0.055087339133024216,,,,,,,,,,,
139,39549,,,,,0.05536164343357086,,,,,,,,,,,
139,39559,,,,,0.05870547890663147,,,,,,,,,,,
139,39569,,,,,0.05908800661563873,,,,,,,,,,,
139,39579,,,,,0.05730645731091499,,,,,,,,,,,
139,39589,,,,,0.05768334120512009,,,,,,,,,,,
139,39599,,,,,0.0551617294549942,,,,,,,,,,,
139,39609,,,,,0.055328503251075745,,,,,,,,,,,
139,39619,,,,,0.057171884924173355,,,,,,,,,,,
139,139,,,0.500058650970459,0.0,,,0.057079168441847315,0.01414350513368845,,0.49492353200912476,,0.0,,0.05747681364360056,,0.014437941834330559
139,39619,,,,,,,,,0.49492353200912476,,0.0,,0.05747680738568306,,0.014437941834330559,
139,139,0.0426614553418952,61.556266377957364,,,,,,,,,,,,,,
139,39619,,,,,,0.05745166912674904,,,,,,,,,,
140,39629,,,,,0.061168789863586426,,,,,,,,,,,
140,39639,,,,,0.057011235505342484,,,,,,,,,,,
140,39649,,,,,0.055754486471414566,,,,,,,,,,,
140,39659,,,,,0.05489778891205788,,,,,,,,,,,
140,39669,,,,,0.05590323358774185,,,,,,,,,,,
140,39679,,,,,0.0573815293610096,,,,,,,,,,,
140,39689,,,,,0.058425094932317734,,,,,,,,,,,
140,39699,,,,,0.05537427216768265,,,,,,,,,,,
140,39709,,,,,0.05748322606086731,,,,,,,,,,,
140,39719,,,,,0.058815475553274155,,,,,,,,,,,
140,39729,,,,,0.05539656803011894,,,,,,,,,,,
140,39739,,,,,0.05756710097193718,,,,,,,,,,,
140,39749,,,,,0.059884898364543915,,,,,,,,,,,
140,39759,,,,,0.056564535945653915,,,,,,,,,,,
140,39769,,,,,0.059300780296325684,,,,,,,,,,,
140,39779,,,,,0.05739714205265045,,,,,,,,,,,
140,39789,,,,,0.05633025988936424,,,,,,,,,,,
140,39799,,,,,0.06346998363733292,,,,,,,,,,,
140,39809,,,,,0.05794909968972206,,,,,,,,,,,
140,39819,,,,,0.06112946569919586,,,,,,,,,,,
140,39829,,,,,0.05875200778245926,,,,,,,,,,,
140,39839,,,,,0.05461331829428673,,,,,,,,,,,
140,39849,,,,,0.06215295195579529,,,,,,,,,,,
140,39859,,,,,0.055570513010025024,,,,,,,,,,,
140,39869,,,,,0.059118106961250305,,,,,,,,,,,
140,39879,,,,,0.060426682233810425,,,,,,,,,,,
140,39889,,,,,0.05581943318247795,,,,,,,,,,,
140,39899,,,,,0.056894492357969284,,,,,,,,,,,
140,140,0.04271808868602899,61.440651554993835,,,,,,,,,,,,,,
140,39902,,,,,,0.05743631720542908,,,,,,,,,,
141,39909,,,,,0.05301578342914581,,,,,,,,,,,
141,39919,,,,,0.057768069207668304,,,,,,,,,,,
141,39929,,,,,0.05800124257802963,,,,,,,,,,,
141,39939,,,,,0.05703892558813095,,,,,,,,,,,
141,39949,,,,,0.06300715357065201,,,,,,,,,,,
141,39959,,,,,0.05736938863992691,,,,,,,,,,,
141,39969,,,,,0.05953839421272278,,,,,,,,,,,
141,39979,,,,,0.05865763872861862,,,,,,,,,,,
141,39989,,,,,0.0537705197930336,,,,,,,,,,,
141,39999,,,,,0.06052462011575699,,,,,,,,,,,
141,40009,,,,,0.05997683107852936,,,,,,,,,,,
141,40019,,,,,0.05757686495780945,,,,,,,,,,,
141,40029,,,,,0.0565374493598938,,,,,,,,,,,
141,40039,,,,,0.055134378373622894,,,,,,,,,,,
141,40049,,,,,0.05550575256347656,,,,,,,,,,,
141,40059,,,,,0.05532063543796539,,,,,,,,,,,
141,40069,,,,,0.05979546904563904,,,,,,,,,,,
141,40079,,,,,0.059831615537405014,,,,,,,,,,,
141,40089,,,,,0.05755026638507843,,,,,,,,,,,
141,40099,,,,,0.05965271592140198,,,,,,,,,,,
141,40109,,,,,0.05710703134536743,,,,,,,,,,,
141,40119,,,,,0.05885760486125946,,,,,,,,,,,
141,40129,,,,,0.05758747458457947,,,,,,,,,,,
141,40139,,,,,0.05741921067237854,,,,,,,,,,,
141,40149,,,,,0.061371032148599625,,,,,,,,,,,
141,40159,,,,,0.056597787886857986,,,,,,,,,,,
141,40169,,,,,0.05576908588409424,,,,,,,,,,,
141,40179,,,,,0.05831551551818848,,,,,,,,,,,
141,141,0.046854192022599425,61.32561687048523,,,,,,,,,,,,,,
141,40185,,,,,,0.057424839586019516,,,,,,,,,,
142,40189,,,,,0.05745095759630203,,,,,,,,,,,
142,40199,,,,,0.05475931242108345,,,,,,,,,,,
142,40209,,,,,0.05737585946917534,,,,,,,,,,,
142,40219,,,,,0.055921200662851334,,,,,,,,,,,
142,40229,,,,,0.059600017964839935,,,,,,,,,,,
142,40239,,,,,0.05853492394089699,,,,,,,,,,,
142,40249,,,,,0.059950292110443115,,,,,,,,,,,
142,40259,,,,,0.05715905502438545,,,,,,,,,,,
142,40269,,,,,0.05774952098727226,,,,,,,,,,,
142,40279,,,,,0.05538143962621689,,,,,,,,,,,
142,40289,,,,,0.05585453286767006,,,,,,,,,,,
142,40299,,,,,0.06113066151738167,,,,,,,,,,,
142,40309,,,,,0.056025829166173935,,,,,,,,,,,
142,40319,,,,,0.06133996322751045,,,,,,,,,,,
142,40329,,,,,0.055399034172296524,,,,,,,,,,,
142,40339,,,,,0.05695239081978798,,,,,,,,,,,
142,40349,,,,,0.055416040122509,,,,,,,,,,,
142,40359,,,,,0.05635032802820206,,,,,,,,,,,
142,40369,,,,,0.05588676035404205,,,,,,,,,,,
142,40379,,,,,0.05672648176550865,,,,,,,,,,,
142,40389,,,,,0.05976307764649391,,,,,,,,,,,
142,40399,,,,,0.05234087258577347,,,,,,,,,,,
142,40409,,,,,0.055039938539266586,,,,,,,,,,,
142,40419,,,,,0.05592462792992592,,,,,,,,,,,
142,40429,,,,,0.05943259596824646,,,,,,,,,,,
142,40439,,,,,0.05797431617975235,,,,,,,,,,,
142,40449,,,,,0.05687737837433815,,,,,,,,,,,
142,40459,,,,,0.05721212178468704,,,,,,,,,,,
142,142,0.04185341008879468,61.209932591073894,,,,,,,,,,,,,,
142,40468,,,,,,0.057411354035139084,,,,,,,,,,
143,40469,,,,,0.0602186881005764,,,,,,,,,,,
143,40479,,,,,0.05319065600633621,,,,,,,,,,,
143,40489,,,,,0.053914159536361694,,,,,,,,,,,
143,40499,,,,,0.05550043284893036,,,,,,,,,,,
143,40509,,,,,0.054911814630031586,,,,,,,,,,,
143,40519,,,,,0.05974496901035309,,,,,,,,,,,
143,40529,,,,,0.05872685834765434,,,,,,,,,,,
143,40539,,,,,0.056032150983810425,,,,,,,,,,,
143,40549,,,,,0.058568522334098816,,,,,,,,,,,
143,40559,,,,,0.056047506630420685,,,,,,,,,,,
143,40569,,,,,0.05648241937160492,,,,,,,,,,,
143,40579,,,,,0.05846631899476051,,,,,,,,,,,
143,40589,,,,,0.05881376937031746,,,,,,,,,,,
143,40599,,,,,0.0583345890045166,,,,,,,,,,,
143,40609,,,,,0.053660690784454346,,,,,,,,,,,
143,40619,,,,,0.05368713289499283,,,,,,,,,,,
143,40629,,,,,0.058113452047109604,,,,,,,,,,,
143,40639,,,,,0.057550981640815735,,,,,,,,,,,
143,40649,,,,,0.05877325311303139,,,,,,,,,,,
143,40659,,,,,0.0605817474424839,,,,,,,,,,,
143,40669,,,,,0.05775453522801399,,,,,,,,,,,
143,40679,,,,,0.05941448733210564,,,,,,,,,,,
143,40689,,,,,0.059291571378707886,,,,,,,,,,,
143,40699,,,,,0.06339140981435776,,,,,,,,,,,
143,40709,,,,,0.057051610201597214,,,,,,,,,,,
143,40719,,,,,0.05681890621781349,,,,,,,,,,,
143,40729,,,,,0.05600256100296974,,,,,,,,,,,
143,40739,,,,,0.05519662797451019,,,,,,,,,,,
143,40749,,,,,0.05813710764050484,,,,,,,,,,,
143,143,0.04112554794425411,61.09527719822168,,,,,,,,,,,,,,
143,40751,,,,,,0.05742381885647774,,,,,,,,,,
144,40759,,,,,0.05958221107721329,,,,,,,,,,,
144,40769,,,,,0.0562090203166008,,,,,,,,,,,
144,40779,,,,,0.060083866119384766,,,,,,,,,,,
144,40789,,,,,0.05822380259633064,,,,,,,,,,,
144,40799,,,,,0.05524035543203354,,,,,,,,,,,
144,40809,,,,,0.05714189261198044,,,,,,,,,,,
144,40819,,,,,0.05409640446305275,,,,,,,,,,,
144,40829,,,,,0.057674847543239594,,,,,,,,,,,
144,40839,,,,,0.05461592227220535,,,,,,,,,,,
144,40849,,,,,0.055911242961883545,,,,,,,,,,,
144,40859,,,,,0.05400419235229492,,,,,,,,,,,
144,40869,,,,,0.054590288549661636,,,,,,,,,,,
144,40879,,,,,0.05637236684560776,,,,,,,,,,,
144,40889,,,,,0.05355846509337425,,,,,,,,,,,
144,40899,,,,,0.056262169033288956,,,,,,,,,,,
144,40909,,,,,0.056590646505355835,,,,,,,,,,,
144,40919,,,,,0.05656957998871803,,,,,,,,,,,
144,40929,,,,,0.06167541816830635,,,,,,,,,,,
144,40939,,,,,0.055585507303476334,,,,,,,,,,,
144,40949,,,,,0.05878489837050438,,,,,,,,,,,
144,40959,,,,,0.05535653978586197,,,,,,,,,,,
144,40969,,,,,0.05667411908507347,,,,,,,,,,,
144,40979,,,,,0.056649547070264816,,,,,,,,,,,
144,40989,,,,,0.05858847498893738,,,,,,,,,,,
144,40999,,,,,0.059109948575496674,,,,,,,,,,,
144,41009,,,,,0.056581199169158936,,,,,,,,,,,
144,41019,,,,,0.06041327491402626,,,,,,,,,,,
144,41029,,,,,0.06041966378688812,,,,,,,,,,,
144,144,0.038402290136505444,60.978743889179995,,,,,,,,,,,,,,
144,41034,,,,,,0.05741584673523903,,,,,,,,,,
145,41039,,,,,0.05547482892870903,,,,,,,,,,,
145,41049,,,,,0.05919637158513069,,,,,,,,,,,
145,41059,,,,,0.05647525563836098,,,,,,,,,,,
145,41069,,,,,0.06062529236078262,,,,,,,,,,,
145,41079,,,,,0.05898946523666382,,,,,,,,,,,
145,41089,,,,,0.059424057602882385,,,,,,,,,,,
145,41099,,,,,0.05593615397810936,,,,,,,,,,,
145,41109,,,,,0.05986729636788368,,,,,,,,,,,
145,41119,,,,,0.0589371919631958,,,,,,,,,,,
145,41129,,,,,0.05803406983613968,,,,,,,,,,,
145,41139,,,,,0.05600795894861221,,,,,,,,,,,
145,41149,,,,,0.05805915221571922,,,,,,,,,,,
145,41159,,,,,0.05982248857617378,,,,,,,,,,,
145,41169,,,,,0.05820535868406296,,,,,,,,,,,
145,41179,,,,,0.0571415014564991,,,,,,,,,,,
145,41189,,,,,0.06136114522814751,,,,,,,,,,,
145,41199,,,,,0.0596482940018177,,,,,,,,,,,
145,41209,,,,,0.0635538324713707,,,,,,,,,,,
145,41219,,,,,0.056999411433935165,,,,,,,,,,,
145,41229,,,,,0.05458107590675354,,,,,,,,,,,
145,41239,,,,,0.056607116013765335,,,,,,,,,,,
145,41249,,,,,0.05528239160776138,,,,,,,,,,,
145,41259,,,,,0.0550449937582016,,,,,,,,,,,
145,41269,,,,,0.054325900971889496,,,,,,,,,,,
145,41279,,,,,0.05592520534992218,,,,,,,,,,,
145,41289,,,,,0.06437133252620697,,,,,,,,,,,
145,41299,,,,,0.058381736278533936,,,,,,,,,,,
145,41309,,,,,0.05507788434624672,,,,,,,,,,,
145,145,0.04439806411644242,60.86417350411137,,,,,,,,,,,,,,
145,41317,,,,,,0.05742776766419411,,,,,,,,,,
146,41319,,,,,0.05579385161399841,,,,,,,,,,,
146,41329,,,,,0.058001477271318436,,,,,,,,,,,
146,41339,,,,,0.05668773129582405,,,,,,,,,,,
146,41349,,,,,0.05876313894987106,,,,,,,,,,,
146,41359,,,,,0.05955638363957405,,,,,,,,,,,
146,41369,,,,,0.05556430667638779,,,,,,,,,,,
146,41379,,,,,0.055686309933662415,,,,,,,,,,,
146,41389,,,,,0.054515451192855835,,,,,,,,,,,
146,41399,,,,,0.055685192346572876,,,,,,,,,,,
146,41409,,,,,0.059049319475889206,,,,,,,,,,,
146,41419,,,,,0.059059835970401764,,,,,,,,,,,
146,41429,,,,,0.06033423915505409,,,,,,,,,,,
146,41439,,,,,0.06095004826784134,,,,,,,,,,,
146,41449,,,,,0.057000841945409775,,,,,,,,,,,
146,41459,,,,,0.0602901466190815,,,,,,,,,,,
146,41469,,,,,0.057739660143852234,,,,,,,,,,,
146,41479,,,,,0.05903664231300354,,,,,,,,,,,
146,41489,,,,,0.055090997368097305,,,,,,,,,,,
146,41499,,,,,0.05557822063565254,,,,,,,,,,,
146,41509,,,,,0.05424046516418457,,,,,,,,,,,
146,41519,,,,,0.05646776035428047,,,,,,,,,,,
146,41529,,,,,0.05895623564720154,,,,,,,,,,,
146,41539,,,,,0.05557150021195412,,,,,,,,,,,
146,41549,,,,,0.0575421005487442,,,,,,,,,,,
146,41559,,,,,0.055509861558675766,,,,,,,,,,,
146,41569,,,,,0.05756210908293724,,,,,,,,,,,
146,41579,,,,,0.056684765964746475,,,,,,,,,,,
146,41589,,,,,0.056157298386096954,,,,,,,,,,,
146,41599,,,,,0.05764750763773918,,,,,,,,,,,
146,146,0.04643119550250821,60.75017213128601,,,,,,,,,,,,,,
146,41600,,,,,,0.05740581825375557,,,,,,,,,,
147,41609,,,,,0.055379752069711685,,,,,,,,,,,
147,41619,,,,,0.05515703558921814,,,,,,,,,,,
147,41629,,,,,0.06086299940943718,,,,,,,,,,,
147,41639,,,,,0.055728476494550705,,,,,,,,,,,
147,41649,,,,,0.055262546986341476,,,,,,,,,,,
147,41659,,,,,0.05639606714248657,,,,,,,,,,,
147,41669,,,,,0.0570189505815506,,,,,,,,,,,
147,41679,,,,,0.05755753815174103,,,,,,,,,,,
147,41689,,,,,0.056609414517879486,,,,,,,,,,,
147,41699,,,,,0.055311352014541626,,,,,,,,,,,
147,41709,,,,,0.06176350638270378,,,,,,,,,,,
147,41719,,,,,0.053768057376146317,,,,,,,,,,,
147,41729,,,,,0.06011064350605011,,,,,,,,,,,
147,41739,,,,,0.057701267302036285,,,,,,,,,,,
147,41749,,,,,0.057299595326185226,,,,,,,,,,,
147,41759,,,,,0.05946039780974388,,,,,,,,,,,
147,41769,,,,,0.06123535707592964,,,,,,,,,,,
147,41779,,,,,0.0579754002392292,,,,,,,,,,,
147,41789,,,,,0.05405197665095329,,,,,,,,,,,
147,41799,,,,,0.058299265801906586,,,,,,,,,,,
147,41809,,,,,0.056804582476615906,,,,,,,,,,,
147,41819,,,,,0.05719519034028053,,,,,,,,,,,
147,41829,,,,,0.05976976081728935,,,,,,,,,,,
147,41839,,,,,0.05745203047990799,,,,,,,,,,,
147,41849,,,,,0.058112118393182755,,,,,,,,,,,
147,41859,,,,,0.05604168400168419,,,,,,,,,,,
147,41869,,,,,0.05773674324154854,,,,,,,,,,,
147,41879,,,,,0.05765694007277489,,,,,,,,,,,
147,147,0.041453617199784874,60.636872967992026,,,,,,,,,,,,,,
147,41883,,,,,,0.057409580796957016,,,,,,,,,,
148,41889,,,,,0.057275205850601196,,,,,,,,,,,
148,41899,,,,,0.05562100559473038,,,,,,,,,,,
148,41909,,,,,0.056809812784194946,,,,,,,,,,,
148,41919,,,,,0.05562508478760719,,,,,,,,,,,
148,41929,,,,,0.06114897131919861,,,,,,,,,,,
148,41939,,,,,0.05819122865796089,,,,,,,,,,,
148,41949,,,,,0.05861685797572136,,,,,,,,,,,
148,41959,,,,,0.059655822813510895,,,,,,,,,,,
148,41969,,,,,0.052611254155635834,,,,,,,,,,,
148,41979,,,,,0.05469689890742302,,,,,,,,,,,
148,41989,,,,,0.06049530953168869,,,,,,,,,,,
148,41999,,,,,0.05668998882174492,,,,,,,,,,,
148,42009,,,,,0.055866360664367676,,,,,,,,,,,
148,42019,,,,,0.05700645595788956,,,,,,,,,,,
148,42029,,,,,0.05792589485645294,,,,,,,,,,,
148,42039,,,,,0.05917633697390556,,,,,,,,,,,
148,42049,,,,,0.062023233622312546,,,,,,,,,,,
148,42059,,,,,0.05711987242102623,,,,,,,,,,,
148,42069,,,,,0.057652488350868225,,,,,,,,,,,
148,42079,,,,,0.05599769204854965,,,,,,,,,,,
148,42089,,,,,0.05755734071135521,,,,,,,,,,,
148,42099,,,,,0.05881485342979431,,,,,,,,,,,
148,42109,,,,,0.05835941061377525,,,,,,,,,,,
148,42119,,,,,0.05737701430916786,,,,,,,,,,,
148,42129,,,,,0.05899721011519432,,,,,,,,,,,
148,42139,,,,,0.058863937854766846,,,,,,,,,,,
148,42149,,,,,0.056698739528656006,,,,,,,,,,,
148,42159,,,,,0.05434783920645714,,,,,,,,,,,
148,148,0.051136186734674696,60.52428593526634,,,,,,,,,,,,,,
148,42166,,,,,,0.05740804970264435,,,,,,,,,,
149,42169,,,,,0.05766790732741356,,,,,,,,,,,
149,42179,,,,,0.057748179882764816,,,,,,,,,,,
149,42189,,,,,0.058308932930231094,,,,,,,,,,,
149,42199,,,,,0.06073758378624916,,,,,,,,,,,
149,42209,,,,,0.057747192680835724,,,,,,,,,,,
149,42219,,,,,0.05512861907482147,,,,,,,,,,,
149,42229,,,,,0.05648072436451912,,,,,,,,,,,
149,42239,,,,,0.05449889972805977,,,,,,,,,,,
149,42249,,,,,0.05513888970017433,,,,,,,,,,,
149,42259,,,,,0.060505930334329605,,,,,,,,,,,
149,42269,,,,,0.0585629865527153,,,,,,,,,,,
149,42279,,,,,0.055617284029722214,,,,,,,,,,,
149,42289,,,,,0.05606670305132866,,,,,,,,,,,
149,42299,,,,,0.052559178322553635,,,,,,,,,,,
149,42309,,,,,0.05935616418719292,,,,,,,,,,,
149,42319,,,,,0.06250739842653275,,,,,,,,,,,
149,42329,,,,,0.05737503618001938,,,,,,,,,,,
149,42339,,,,,0.05361592769622803,,,,,,,,,,,
149,42349,,,,,0.056204650551080704,,,,,,,,,,,
149,42359,,,,,0.05913456901907921,,,,,,,,,,,
149,42369,,,,,0.05727148801088333,,,,,,,,,,,
149,42379,,,,,0.058125656098127365,,,,,,,,,,,
149,42389,,,,,0.06250342726707458,,,,,,,,,,,
149,42399,,,,,0.06002127379179001,,,,,,,,,,,
149,42409,,,,,0.05733866989612579,,,,,,,,,,,
149,42419,,,,,0.058292221277952194,,,,,,,,,,,
149,42429,,,,,0.0561596117913723,,,,,,,,,,,
149,42439,,,,,0.0577479787170887,,,,,,,,,,,
149,42449,,,,,0.058142516762018204,,,,,,,,,,,
149,149,,,0.4999246597290039,0.0,,,0.05760495561623218,0.014116904698312283,,0.4916423559188843,,0.0,,0.05794520100711712,,0.014163617976009846
149,42449,,,,,,,,,0.4916423559188843,,0.0,,0.05794519931077957,,0.014163617976009846,
149,149,0.04138656344495659,60.411919774776635,,,,,,,,,,,,,,
149,42449,,,,,,0.05742097273468971,,,,,,,,,,
150,42459,,,,,0.05976162105798721,,,,,,,,,,,
150,42469,,,,,0.05630801245570183,,,,,,,,,,,
150,42479,,,,,0.0564512200653553,,,,,,,,,,,
150,42489,,,,,0.05456915870308876,,,,,,,,,,,
150,42499,,,,,0.058315377682447433,,,,,,,,,,,
150,42509,,,,,0.05540574714541435,,,,,,,,,,,
150,42519,,,,,0.0573691688477993,,,,,,,,,,,
150,42529,,,,,0.054920896887779236,,,,,,,,,,,
150,42539,,,,,0.058154840022325516,,,,,,,,,,,
150,42549,,,,,0.054527878761291504,,,,,,,,,,,
150,42559,,,,,0.06157520413398743,,,,,,,,,,,
150,42569,,,,,0.05726620927453041,,,,,,,,,,,
150,42579,,,,,0.05345857888460159,,,,,,,,,,,
150,42589,,,,,0.05651900917291641,,,,,,,,,,,
150,42599,,,,,0.05995412543416023,,,,,,,,,,,
150,42609,,,,,0.05640912801027298,,,,,,,,,,,
150,42619,,,,,0.05893351882696152,,,,,,,,,,,
150,42629,,,,,0.05879200994968414,,,,,,,,,,,
150,42639,,,,,0.061131346970796585,,,,,,,,,,,
150,42649,,,,,0.059576403349637985,,,,,,,,,,,
150,42659,,,,,0.05821318179368973,,,,,,,,,,,
150,42669,,,,,0.06082640960812569,,,,,,,,,,,
150,42679,,,,,0.05984277278184891,,,,,,,,,,,
150,42689,,,,,0.056323032826185226,,,,,,,,,,,
150,42699,,,,,0.05932430177927017,,,,,,,,,,,
150,42709,,,,,0.055231887847185135,,,,,,,,,,,
150,42719,,,,,0.05587082356214523,,,,,,,,,,,
150,42729,,,,,0.05705694481730461,,,,,,,,,,,
150,150,0.04879051826071926,60.30022168713734,,,,,,,,,,,,,,
150,42732,,,,,,0.057405341416597366,,,,,,,,,,
151,42739,,,,,0.056581418961286545,,,,,,,,,,,
151,42749,,,,,0.05845486745238304,,,,,,,,,,,
151,42759,,,,,0.05709407851099968,,,,,,,,,,,
151,42769,,,,,0.05831744149327278,,,,,,,,,,,
151,42779,,,,,0.05759374424815178,,,,,,,,,,,
151,42789,,,,,0.060975492000579834,,,,,,,,,,,
151,42799,,,,,0.058325186371803284,,,,,,,,,,,
151,42809,,,,,0.0584297850728035,,,,,,,,,,,
151,42819,,,,,0.058372583240270615,,,,,,,,,,,
151,42829,,,,,0.05467286333441734,,,,,,,,,,,
151,42839,,,,,0.057316526770591736,,,,,,,,,,,
151,42849,,,,,0.05861944332718849,,,,,,,,,,,
151,42859,,,,,0.0613526850938797,,,,,,,,,,,
151,42869,,,,,0.05831647664308548,,,,,,,,,,,
151,42879,,,,,0.060680050402879715,,,,,,,,,,,
151,42889,,,,,0.056804150342941284,,,,,,,,,,,
151,42899,,,,,0.05067069083452225,,,,,,,,,,,
151,42909,,,,,0.05567854642868042,,,,,,,,,,,
151,42919,,,,,0.054764971137046814,,,,,,,,,,,
151,42929,,,,,0.05562329664826393,,,,,,,,,,,
151,42939,,,,,0.05627375468611717,,,,,,,,,,,
151,42949,,,,,0.05612131953239441,,,,,,,,,,,
151,42959,,,,,0.0612761564552784,,,,,,,,,,,
151,42969,,,,,0.055457308888435364,,,,,,,,,,,
151,42979,,,,,0.05663179233670235,,,,,,,,,,,
151,42989,,,,,0.05752423033118248,,,,,,,,,,,
151,42999,,,,,0.058638107031583786,,,,,,,,,,,
151,43009,,,,,0.05726165696978569,,,,,,,,,,,
151,151,0.0388286128003607,60.18892499125233,,,,,,,,,,,,,,
151,43015,,,,,,0.05744132027029991,,,,,,,,,,
152,43019,,,,,0.05738890916109085,,,,,,,,,,,
152,43029,,,,,0.05444410815834999,,,,,,,,,,,
152,43039,,,,,0.05513565614819527,,,,,,,,,,,
152,43049,,,,,0.060887668281793594,,,,,,,,,,,
152,43059,,,,,0.06507273763418198,,,,,,,,,,,
152,43069,,,,,0.05837739259004593,,,,,,,,,,,
152,43079,,,,,0.05994227156043053,,,,,,,,,,,
152,43089,,,,,0.052722543478012085,,,,,,,,,,,
152,43099,,,,,0.05601554363965988,,,,,,,,,,,
152,43109,,,,,0.06098124384880066,,,,,,,,,,,
152,43119,,,,,0.05725245177745819,,,,,,,,,,,
152,43129,,,,,0.061523277312517166,,,,,,,,,,,
152,43139,,,,,0.05798890069127083,,,,,,,,,,,
152,43149,,,,,0.056274302303791046,,,,,,,,,,,
152,43159,,,,,0.05635463818907738,,,,,,,,,,,
152,43169,,,,,0.05220907926559448,,,,,,,,,,,
152,43179,,,,,0.058492742478847504,,,,,,,,,,,
152,43189,,,,,0.053653784096241,,,,,,,,,,,
152,43199,,,,,0.0559183694422245,,,,,,,,,,,
152,43209,,,,,0.05879592150449753,,,,,,,,,,,
152,43219,,,,,0.057415612041950226,,,,,,,,,,,
152,43229,,,,,0.05824914574623108,,,,,,,,,,,
152,43239,,,,,0.05734334513545036,,,,,,,,,,,
152,43249,,,,,0.058365002274513245,,,,,,,,,,,
152,43259,,,,,0.05589590221643448,,,,,,,,,,,
152,43269,,,,,0.06022368744015694,,,,,,,,,,,
152,43279,,,,,0.05517641454935074,,,,,,,,,,,
152,43289,,,,,0.05864836275577545,,,,,,,,,,,
152,152,0.03878552985000432,60.07719669563523,,,,,,,,,,,,,,
152,43298,,,,,,0.05740467831492424,,,,,,,,,,
153,43299,,,,,0.058948107063770294,,,,,,,,,,,
153,43309,,,,,0.058210764080286026,,,,,,,,,,,
153,43319,,,,,0.05847413092851639,,,,,,,,,,,
153,43329,,,,,0.05701279267668724,,,,,,,,,,,
153,43339,,,,,0.057536184787750244,,,,,,,,,,,
153,43349,,,,,0.05837217718362808,,,,,,,,,,,
153,43359,,,,,0.05386633798480034,,,,,,,,,,,
153,43369,,,,,0.054800938814878464,,,,,,,,,,,
153,43379,,,,,0.055853817611932755,,,,,,,,,,,
153,43389,,,,,0.05706259608268738,,,,,,,,,,,
153,43399,,,,,0.061839133501052856,,,,,,,,,,,
153,43409,,,,,0.05911789461970329,,,,,,,,,,,
153,43419,,,,,0.057527270168066025,,,,,,,,,,,
153,43429,,,,,0.056068118661642075,,,,,,,,,,,
153,43439,,,,,0.05862905830144882,,,,,,,,,,,
153,43449,,,,,0.05384187027812004,,,,,,,,,,,
153,43459,,,,,0.05538725480437279,,,,,,,,,,,
153,43469,,,,,0.055430326610803604,,,,,,,,,,,
153,43479,,,,,0.056918591260910034,,,,,,,,,,,
153,43489,,,,,0.060186926275491714,,,,,,,,,,,
153,43499,,,,,0.05719714239239693,,,,,,,,,,,
153,43509,,,,,0.060217808932065964,,,,,,,,,,,
153,43519,,,,,0.05704788491129875,,,,,,,,,,,
153,43529,,,,,0.05891218036413193,,,,,,,,,,,
153,43539,,,,,0.059932298958301544,,,,,,,,,,,
153,43549,,,,,0.05809715390205383,,,,,,,,,,,
153,43559,,,,,0.05878223106265068,,,,,,,,,,,
153,43569,,,,,0.05792565643787384,,,,,,,,,,,
153,43579,,,,,0.05478804185986519,,,,,,,,,,,
153,153,0.03566358794181464,59.965416738949735,,,,,,,,,,,,,,
153,43581,,,,,,0.05744275823235512,,,,,,,,,,
154,43589,,,,,0.05707988142967224,,,,,,,,,,,
154,43599,,,,,0.058874938637018204,,,,,,,,,,,
154,43609,,,,,0.05406900495290756,,,,,,,,,,,
154,43619,,,,,0.0556061752140522,,,,,,,,,,,
154,43629,,,,,0.05638154223561287,,,,,,,,,,,
154,43639,,,,,0.05596541613340378,,,,,,,,,,,
154,43649,,,,,0.0554824098944664,,,,,,,,,,,
154,43659,,,,,0.05376969650387764,,,,,,,,,,,
154,43669,,,,,0.05667876452207565,,,,,,,,,,,
154,43679,,,,,0.06375282257795334,,,,,,,,,,,
154,43689,,,,,0.056745342910289764,,,,,,,,,,,
154,43699,,,,,0.05572350323200226,,,,,,,,,,,
154,43709,,,,,0.05956218019127846,,,,,,,,,,,
154,43719,,,,,0.05507485195994377,,,,,,,,,,,
154,43729,,,,,0.05858774855732918,,,,,,,,,,,
154,43739,,,,,0.058737095445394516,,,,,,,,,,,
154,43749,,,,,0.05752498656511307,,,,,,,,,,,
154,43759,,,,,0.05666158348321915,,,,,,,,,,,
154,43769,,,,,0.05810227990150452,,,,,,,,,,,
154,43779,,,,,0.05462132394313812,,,,,,,,,,,
154,43789,,,,,0.054759103804826736,,,,,,,,,,,
154,43799,,,,,0.05744047835469246,,,,,,,,,,,
154,43809,,,,,0.05469070374965668,,,,,,,,,,,
154,43819,,,,,0.060436975210905075,,,,,,,,,,,
154,43829,,,,,0.05547536537051201,,,,,,,,,,,
154,43839,,,,,0.05594134330749512,,,,,,,,,,,
154,43849,,,,,0.058737706393003464,,,,,,,,,,,
154,43859,,,,,0.056556541472673416,,,,,,,,,,,
154,154,0.04623710355422847,59.854708244153656,,,,,,,,,,,,,,
154,43864,,,,,,0.05740566924214363,,,,,,,,,,
155,43869,,,,,0.054225433617830276,,,,,,,,,,,
155,43879,,,,,0.05522612854838371,,,,,,,,,,,
155,43889,,,,,0.058053940534591675,,,,,,,,,,,
155,43899,,,,,0.056515686213970184,,,,,,,,,,,
155,43909,,,,,0.05862211063504219,,,,,,,,,,,
155,43919,,,,,0.05599236488342285,,,,,,,,,,,
155,43929,,,,,0.06084854528307915,,,,,,,,,,,
155,43939,,,,,0.053958959877491,,,,,,,,,,,
155,43949,,,,,0.059331852942705154,,,,,,,,,,,
155,43959,,,,,0.059306468814611435,,,,,,,,,,,
155,43969,,,,,0.05713620409369469,,,,,,,,,,,
155,43979,,,,,0.055968839675188065,,,,,,,,,,,
155,43989,,,,,0.059179238975048065,,,,,,,,,,,
155,43999,,,,,0.05748777836561203,,,,,,,,,,,
155,44009,,,,,0.05762919783592224,,,,,,,,,,,
155,44019,,,,,0.061191245913505554,,,,,,,,,,,
155,44029,,,,,0.0597749724984169,,,,,,,,,,,
155,44039,,,,,0.05606435239315033,,,,,,,,,,,
155,44049,,,,,0.05745550990104675,,,,,,,,,,,
155,44059,,,,,0.058884140104055405,,,,,,,,,,,
155,44069,,,,,0.053613994270563126,,,,,,,,,,,
155,44079,,,,,0.053998105227947235,,,,,,,,,,,
155,44089,,,,,0.05340057238936424,,,,,,,,,,,
155,44099,,,,,0.05832751840353012,,,,,,,,,,,
155,44109,,,,,0.0564144104719162,,,,,,,,,,,
155,44119,,,,,0.05965758487582207,,,,,,,,,,,
155,44129,,,,,0.05958802253007889,,,,,,,,,,,
155,44139,,,,,0.059459030628204346,,,,,,,,,,,
155,155,0.040769483101046174,59.74438193184933,,,,,,,,,,,,,,
155,44147,,,,,,0.05741577595472336,,,,,,,,,,
156,44149,,,,,0.05802306905388832,,,,,,,,,,,
156,44159,,,,,0.06038924306631088,,,,,,,,,,,
156,44169,,,,,0.05697276443243027,,,,,,,,,,,
156,44179,,,,,0.05798902362585068,,,,,,,,,,,
156,44189,,,,,0.05939415097236633,,,,,,,,,,,
156,44199,,,,,0.059871457517147064,,,,,,,,,,,
156,44209,,,,,0.05915915220975876,,,,,,,,,,,
156,44219,,,,,0.05655898153781891,,,,,,,,,,,
156,44229,,,,,0.05587606132030487,,,,,,,,,,,
156,44239,,,,,0.05856862664222717,,,,,,,,,,,
156,44249,,,,,0.053403496742248535,,,,,,,,,,,
156,44259,,,,,0.05557817965745926,,,,,,,,,,,
156,44269,,,,,0.05668359249830246,,,,,,,,,,,
156,44279,,,,,0.0558093786239624,,,,,,,,,,,
156,44289,,,,,0.05653567984700203,,,,,,,,,,,
156,44299,,,,,0.05649524927139282,,,,,,,,,,,
156,44309,,,,,0.05525756627321243,,,,,,,,,,,
156,44319,,,,,0.05563380569219589,,,,,,,,,,,
156,44329,,,,,0.0577923022210598,,,,,,,,,,,
156,44339,,,,,0.06008565425872803,,,,,,,,,,,
156,44349,,,,,0.05810052901506424,,,,,,,,,,,
156,44359,,,,,0.06026322394609451,,,,,,,,,,,
156,44369,,,,,0.05729864910244942,,,,,,,,,,,
156,44379,,,,,0.05472386255860329,,,,,,,,,,,
156,44389,,,,,0.0549907460808754,,,,,,,,,,,
156,44399,,,,,0.05887071415781975,,,,,,,,,,,
156,44409,,,,,0.05994429066777229,,,,,,,,,,,
156,44419,,,,,0.058907993137836456,,,,,,,,,,,
156,44429,,,,,0.06021491438150406,,,,,,,,,,,
156,156,0.03813624545121082,59.63368582225465,,,,,,,,,,,,,,
156,44430,,,,,,0.057414960116147995,,,,,,,,,,
157,44439,,,,,0.05200764164328575,,,,,,,,,,,
157,44449,,,,,0.05945045128464699,,,,,,,,,,,
157,44459,,,,,0.057515330612659454,,,,,,,,,,,
157,44469,,,,,0.05678056553006172,,,,,,,,,,,
157,44479,,,,,0.05781525745987892,,,,,,,,,,,
157,44489,,,,,0.056915342807769775,,,,,,,,,,,
157,44499,,,,,0.054649289697408676,,,,,,,,,,,
157,44509,,,,,0.055074986070394516,,,,,,,,,,,
157,44519,,,,,0.05510822683572769,,,,,,,,,,,
157,44529,,,,,0.05996084585785866,,,,,,,,,,,
157,44539,,,,,0.059568021446466446,,,,,,,,,,,
157,44549,,,,,0.0545683354139328,,,,,,,,,,,
157,44559,,,,,0.056102823466062546,,,,,,,,,,,
157,44569,,,,,0.05501024052500725,,,,,,,,,,,
157,44579,,,,,0.05846286937594414,,,,,,,,,,,
157,44589,,,,,0.06095888093113899,,,,,,,,,,,
157,44599,,,,,0.058954473584890366,,,,,,,,,,,
157,44609,,,,,0.05899600684642792,,,,,,,,,,,
157,44619,,,,,0.0561431385576725,,,,,,,,,,,
157,44629,,,,,0.058417197316884995,,,,,,,,,,,
157,44639,,,,,0.0564616397023201,,,,,,,,,,,
157,44649,,,,,0.0564621277153492,,,,,,,,,,,
157,44659,,,,,0.05820193886756897,,,,,,,,,,,
157,44669,,,,,0.06093192100524902,,,,,,,,,,,
157,44679,,,,,0.05874751880764961,,,,,,,,,,,
157,44689,,,,,0.05652455985546112,,,,,,,,,,,
157,44699,,,,,0.05687394738197327,,,,,,,,,,,
157,44709,,,,,0.058494798839092255,,,,,,,,,,,
157,157,0.04276324620572389,59.52374570030435,,,,,,,,,,,,,,
157,44713,,,,,,0.05741800367832184,,,,,,,,,,
158,44719,,,,,0.05878903716802597,,,,,,,,,,,
158,44729,,,,,0.05557199567556381,,,,,,,,,,,
158,44739,,,,,0.05599385127425194,,,,,,,,,,,
158,44749,,,,,0.056558262556791306,,,,,,,,,,,
158,44759,,,,,0.060825224965810776,,,,,,,,,,,
158,44769,,,,,0.05635256692767143,,,,,,,,,,,
158,44779,,,,,0.05766995623707771,,,,,,,,,,,
158,44789,,,,,0.05970662832260132,,,,,,,,,,,
158,44799,,,,,0.05447018891572952,,,,,,,,,,,
158,44809,,,,,0.057788342237472534,,,,,,,,,,,
158,44819,,,,,0.05287104845046997,,,,,,,,,,,
158,44829,,,,,0.05832304432988167,,,,,,,,,,,
158,44839,,,,,0.056202854961156845,,,,,,,,,,,
158,44849,,,,,0.055827829986810684,,,,,,,,,,,
158,44859,,,,,0.05907370522618294,,,,,,,,,,,
158,44869,,,,,0.058748118579387665,,,,,,,,,,,
158,44879,,,,,0.05734538286924362,,,,,,,,,,,
158,44889,,,,,0.05773716792464256,,,,,,,,,,,
158,44899,,,,,0.05696059390902519,,,,,,,,,,,
158,44909,,,,,0.05648387223482132,,,,,,,,,,,
158,44919,,,,,0.059398483484983444,,,,,,,,,,,
158,44929,,,,,0.061627116054296494,,,,,,,,,,,
158,44939,,,,,0.05540170893073082,,,,,,,,,,,
158,44949,,,,,0.0518469363451004,,,,,,,,,,,
158,44959,,,,,0.06098809838294983,,,,,,,,,,,
158,44969,,,,,0.057532958686351776,,,,,,,,,,,
158,44979,,,,,0.056677963584661484,,,,,,,,,,,
158,44989,,,,,0.05793412774801254,,,,,,,,,,,
158,158,0.038453346626703314,59.41401645962046,,,,,,,,,,,,,,
158,44996,,,,,,0.057411372661590576,,,,,,,,,,
159,44999,,,,,0.05706149712204933,,,,,,,,,,,
159,45009,,,,,0.054488833993673325,,,,,,,,,,,
159,45019,,,,,0.05780402198433876,,,,,,,,,,,
159,45029,,,,,0.05127797648310661,,,,,,,,,,,
159,45039,,,,,0.05952681228518486,,,,,,,,,,,
159,45049,,,,,0.05841819941997528,,,,,,,,,,,
159,45059,,,,,0.055863961577415466,,,,,,,,,,,
159,45069,,,,,0.06086631491780281,,,,,,,,,,,
159,45079,,,,,0.057342130690813065,,,,,,,,,,,
159,45089,,,,,0.05989642068743706,,,,,,,,,,,
159,45099,,,,,0.05676862597465515,,,,,,,,,,,
159,45109,,,,,0.05839115008711815,,,,,,,,,,,
159,45119,,,,,0.056922610849142075,,,,,,,,,,,
159,45129,,,,,0.05652276426553726,,,,,,,,,,,
159,45139,,,,,0.056994784623384476,,,,,,,,,,,
159,45149,,,,,0.05689730867743492,,,,,,,,,,,
159,45159,,,,,0.05800715088844299,,,,,,,,,,,
159,45169,,,,,0.057855285704135895,,,,,,,,,,,
159,45179,,,,,0.05401527136564255,,,,,,,,,,,
159,45189,,,,,0.057522375136613846,,,,,,,,,,,
159,45199,,,,,0.05490434914827347,,,,,,,,,,,
159,45209,,,,,0.057528555393218994,,,,,,,,,,,
159,45219,,,,,0.05816901847720146,,,,,,,,,,,
159,45229,,,,,0.06084628030657768,,,,,,,,,,,
159,45239,,,,,0.05542944371700287,,,,,,,,,,,
159,45249,,,,,0.05774831399321556,,,,,,,,,,,
159,45259,,,,,0.056878671050071716,,,,,,,,,,,
159,45269,,,,,0.061820413917303085,,,,,,,,,,,
159,45279,,,,,0.05471444129943848,,,,,,,,,,,
159,159,,,0.4999425411224365,0.0,,,0.0573314538187249,0.014133702963590622,,0.4960692822933197,,0.0,,0.05768689249490141,,0.014559290371835232
159,45279,,,,,,,,,0.4960692822933197,,0.0,,0.057686883956193924,,0.014559290371835232,
159,159,0.03523448648218246,59.30357354790744,,,,,,,,,,,,,,
159,45279,,,,,,0.05742688477039337,,,,,,,,,,
160,45289,,,,,0.05371304973959923,,,,,,,,,,,
160,45299,,,,,0.05772882699966431,,,,,,,,,,,
160,45309,,,,,0.05786178261041641,,,,,,,,,,,
160,45319,,,,,0.058979906141757965,,,,,,,,,,,
160,45329,,,,,0.059361375868320465,,,,,,,,,,,
160,45339,,,,,0.05774341896176338,,,,,,,,,,,
160,45349,,,,,0.05628156661987305,,,,,,,,,,,
160,45359,,,,,0.0564630851149559,,,,,,,,,,,
160,45369,,,,,0.057220738381147385,,,,,,,,,,,
160,45379,,,,,0.0612972266972065,,,,,,,,,,,
160,45389,,,,,0.05668635293841362,,,,,,,,,,,
160,45399,,,,,0.05914244055747986,,,,,,,,,,,
160,45409,,,,,0.0575786717236042,,,,,,,,,,,
160,45419,,,,,0.05861404165625572,,,,,,,,,,,
160,45429,,,,,0.05847924202680588,,,,,,,,,,,
160,45439,,,,,0.05765781179070473,,,,,,,,,,,
160,45449,,,,,0.056699320673942566,,,,,,,,,,,
160,45459,,,,,0.05734127759933472,,,,,,,,,,,
160,45469,,,,,0.05624118447303772,,,,,,,,,,,
160,45479,,,,,0.05109281465411186,,,,,,,,,,,
160,45489,,,,,0.05889340117573738,,,,,,,,,,,
160,45499,,,,,0.05939466506242752,,,,,,,,,,,
160,45509,,,,,0.059082768857479095,,,,,,,,,,,
160,45519,,,,,0.06281299889087677,,,,,,,,,,,
160,45529,,,,,0.05164511501789093,,,,,,,,,,,
160,45539,,,,,0.056021109223365784,,,,,,,,,,,
160,45549,,,,,0.05527258291840553,,,,,,,,,,,
160,45559,,,,,0.05807214975357056,,,,,,,,,,,
160,160,0.04076451502948755,59.19397371916151,,,,,,,,,,,,,,
160,45562,,,,,,0.057428911328315735,,,,,,,,,,
161,45569,,,,,0.05608101561665535,,,,,,,,,,,
161,45579,,,,,0.052578940987586975,,,,,,,,,,,
161,45589,,,,,0.056833792477846146,,,,,,,,,,,
161,45599,,,,,0.05547742173075676,,,,,,,,,,,
161,45609,,,,,0.05428976193070412,,,,,,,,,,,
161,45619,,,,,0.05700894445180893,,,,,,,,,,,
161,45629,,,,,0.05254612863063812,,,,,,,,,,,
161,45639,,,,,0.056977324187755585,,,,,,,,,,,
161,45649,,,,,0.06037222594022751,,,,,,,,,,,
161,45659,,,,,0.05323231592774391,,,,,,,,,,,
161,45669,,,,,0.05586431920528412,,,,,,,,,,,
161,45679,,,,,0.059823937714099884,,,,,,,,,,,
161,45689,,,,,0.058110009878873825,,,,,,,,,,,
161,45699,,,,,0.056830063462257385,,,,,,,,,,,
161,45709,,,,,0.0545719712972641,,,,,,,,,,,
161,45719,,,,,0.058233823627233505,,,,,,,,,,,
161,45729,,,,,0.05971085652709007,,,,,,,,,,,
161,45739,,,,,0.05823109671473503,,,,,,,,,,,
161,45749,,,,,0.06121630594134331,,,,,,,,,,,
161,45759,,,,,0.05390452593564987,,,,,,,,,,,
161,45769,,,,,0.05453704670071602,,,,,,,,,,,
161,45779,,,,,0.06195654720067978,,,,,,,,,,,
161,45789,,,,,0.05876874923706055,,,,,,,,,,,
161,45799,,,,,0.05907708406448364,,,,,,,,,,,
161,45809,,,,,0.05907096341252327,,,,,,,,,,,
161,45819,,,,,0.05982717126607895,,,,,,,,,,,
161,45829,,,,,0.05765616148710251,,,,,,,,,,,
161,45839,,,,,0.05472404509782791,,,,,,,,,,,
161,161,0.0407044912469245,59.08510057164896,,,,,,,,,,,,,,
161,45845,,,,,,0.05737810581922531,,,,,,,,,,
162,45849,,,,,0.057945944368839264,,,,,,,,,,,
162,45859,,,,,0.054069798439741135,,,,,,,,,,,
162,45869,,,,,0.06086193770170212,,,,,,,,,,,
162,45879,,,,,0.05574443191289902,,,,,,,,,,,
162,45889,,,,,0.05493982881307602,,,,,,,,,,,
162,45899,,,,,0.057847678661346436,,,,,,,,,,,
162,45909,,,,,0.05920989811420441,,,,,,,,,,,
162,45919,,,,,0.056714437901973724,,,,,,,,,,,
162,45929,,,,,0.0582733154296875,,,,,,,,,,,
162,45939,,,,,0.054677609354257584,,,,,,,,,,,
162,45949,,,,,0.05708644166588783,,,,,,,,,,,
162,45959,,,,,0.05752691626548767,,,,,,,,,,,
162,45969,,,,,0.057753775268793106,,,,,,,,,,,
162,45979,,,,,0.05944804474711418,,,,,,,,,,,
162,45989,,,,,0.054678674787282944,,,,,,,,,,,
162,45999,,,,,0.056910354644060135,,,,,,,,,,,
162,46009,,,,,0.05769456550478935,,,,,,,,,,,
162,46019,,,,,0.05860178545117378,,,,,,,,,,,
162,46029,,,,,0.05919564515352249,,,,,,,,,,,
162,46039,,,,,0.05659861862659454,,,,,,,,,,,
162,46049,,,,,0.058335717767477036,,,,,,,,,,,
162,46059,,,,,0.057213082909584045,,,,,,,,,,,
162,46069,,,,,0.05727258324623108,,,,,,,,,,,
162,46079,,,,,0.05967066437005997,,,,,,,,,,,
162,46089,,,,,0.05460655316710472,,,,,,,,,,,
162,46099,,,,,0.056467991322278976,,,,,,,,,,,
162,46109,,,,,0.058774154633283615,,,,,,,,,,,
162,46119,,,,,0.058368198573589325,,,,,,,,,,,
162,162,0.04112760438942575,58.97720867973424,,,,,,,,,,,,,,
162,46128,,,,,,0.05738437920808792,,,,,,,,,,
163,46129,,,,,0.05775020644068718,,,,,,,,,,,
163,46139,,,,,0.061799436807632446,,,,,,,,,,,
163,46149,,,,,0.059581901878118515,,,,,,,,,,,
163,46159,,,,,0.05362686142325401,,,,,,,,,,,
163,46169,,,,,0.05449628829956055,,,,,,,,,,,
163,46179,,,,,0.05592348054051399,,,,,,,,,,,
163,46189,,,,,0.057181064039468765,,,,,,,,,,,
163,46199,,,,,0.05601596087217331,,,,,,,,,,,
163,46209,,,,,0.05985080450773239,,,,,,,,,,,
163,46219,,,,,0.05843660235404968,,,,,,,,,,,
163,46229,,,,,0.053831957280635834,,,,,,,,,,,
163,46239,,,,,0.06057692691683769,,,,,,,,,,,
163,46249,,,,,0.05377224460244179,,,,,,,,,,,
163,46259,,,,,0.058584973216056824,,,,,,,,,,,
163,46269,,,,,0.05594136193394661,,,,,,,,,,,
163,46279,,,,,0.05612128600478172,,,,,,,,,,,
163,46289,,,,,0.054805487394332886,,,,,,,,,,,
163,46299,,,,,0.0579243078827858,,,,,,,,,,,
163,46309,,,,,0.05958030745387077,,,,,,,,,,,
163,46319,,,,,0.056810349225997925,,,,,,,,,,,
163,46329,,,,,0.05603259801864624,,,,,,,,,,,
163,46339,,,,,0.0596681609749794,,,,,,,,,,,
163,46349,,,,,0.05902251601219177,,,,,,,,,,,
163,46359,,,,,0.057062193751335144,,,,,,,,,,,
163,46369,,,,,0.05519917979836464,,,,,,,,,,,
163,46379,,,,,0.05599088594317436,,,,,,,,,,,
163,46389,,,,,0.05353706702589989,,,,,,,,,,,
163,46399,,,,,0.056225597858428955,,,,,,,,,,,
163,46409,,,,,0.0592203214764595,,,,,,,,,,,
163,163,0.04190226115754838,58.86861499926678,,,,,,,,,,,,,,
163,46411,,,,,,0.05739987641572952,,,,,,,,,,
164,46419,,,,,0.05600155517458916,,,,,,,,,,,
164,46429,,,,,0.060316599905490875,,,,,,,,,,,
164,46439,,,,,0.06156349182128906,,,,,,,,,,,
164,46449,,,,,0.058552514761686325,,,,,,,,,,,
164,46459,,,,,0.0598432831466198,,,,,,,,,,,
164,46469,,,,,0.05606856569647789,,,,,,,,,,,
164,46479,,,,,0.05569407716393471,,,,,,,,,,,
164,46489,,,,,0.05814272165298462,,,,,,,,,,,
164,46499,,,,,0.05964134261012077,,,,,,,,,,,
164,46509,,,,,0.05590568110346794,,,,,,,,,,,
164,46519,,,,,0.055652957409620285,,,,,,,,,,,
164,46529,,,,,0.056924350559711456,,,,,,,,,,,
164,46539,,,,,0.05247921124100685,,,,,,,,,,,
164,46549,,,,,0.060010045766830444,,,,,,,,,,,
164,46559,,,,,0.05665963515639305,,,,,,,,,,,
164,46569,,,,,0.055049389600753784,,,,,,,,,,,
164,46579,,,,,0.0553009994328022,,,,,,,,,,,
164,46589,,,,,0.055203892290592194,,,,,,,,,,,
164,46599,,,,,0.053339891135692596,,,,,,,,,,,
164,46609,,,,,0.057164158672094345,,,,,,,,,,,
164,46619,,,,,0.060957640409469604,,,,,,,,,,,
164,46629,,,,,0.057020626962184906,,,,,,,,,,,
164,46639,,,,,0.05611478164792061,,,,,,,,,,,
164,46649,,,,,0.056164514273405075,,,,,,,,,,,
164,46659,,,,,0.05692676827311516,,,,,,,,,,,
164,46669,,,,,0.056474097073078156,,,,,,,,,,,
164,46679,,,,,0.05640809237957001,,,,,,,,,,,
164,46689,,,,,0.056363169103860855,,,,,,,,,,,
164,164,0.035700187074198766,58.76182606304991,,,,,,,,,,,,,,
164,46694,,,,,,0.057443104684352875,,,,,,,,,,
165,46699,,,,,0.060019608587026596,,,,,,,,,,,
165,46709,,,,,0.06265611201524734,,,,,,,,,,,
165,46719,,,,,0.055614255368709564,,,,,,,,,,,
165,46729,,,,,0.055135149508714676,,,,,,,,,,,
165,46739,,,,,0.05863669887185097,,,,,,,,,,,
165,46749,,,,,0.05318558216094971,,,,,,,,,,,
165,46759,,,,,0.05681752786040306,,,,,,,,,,,
165,46769,,,,,0.05644328519701958,,,,,,,,,,,
165,46779,,,,,0.05851846933364868,,,,,,,,,,,
165,46789,,,,,0.05569395795464516,,,,,,,,,,,
165,46799,,,,,0.0574377067387104,,,,,,,,,,,
165,46809,,,,,0.05814984068274498,,,,,,,,,,,
165,46819,,,,,0.061493370682001114,,,,,,,,,,,
165,46829,,,,,0.05791940912604332,,,,,,,,,,,
165,46839,,,,,0.06407947838306427,,,,,,,,,,,
165,46849,,,,,0.05866027623414993,,,,,,,,,,,
165,46859,,,,,0.05758168175816536,,,,,,,,,,,
165,46869,,,,,0.05538616701960564,,,,,,,,,,,
165,46879,,,,,0.054689884185791016,,,,,,,,,,,
165,46889,,,,,0.05803930386900902,,,,,,,,,,,
165,46899,,,,,0.05641176179051399,,,,,,,,,,,
165,46909,,,,,0.055975399911403656,,,,,,,,,,,
165,46919,,,,,0.057855430990457535,,,,,,,,,,,
165,46929,,,,,0.05443361774086952,,,,,,,,,,,
165,46939,,,,,0.05734461545944214,,,,,,,,,,,
165,46949,,,,,0.059125546365976334,,,,,,,,,,,
165,46959,,,,,0.05650917813181877,,,,,,,,,,,
165,46969,,,,,0.055058933794498444,,,,,,,,,,,
165,165,0.03398303209609257,58.65551320079483,,,,,,,,,,,,,,
165,46977,,,,,,0.057409197092056274,,,,,,,,,,
166,46979,,,,,0.059047143906354904,,,,,,,,,,,
166,46989,,,,,0.0587499625980854,,,,,,,,,,,
166,46999,,,,,0.057255957275629044,,,,,,,,,,,
166,47009,,,,,0.05633774772286415,,,,,,,,,,,
166,47019,,,,,0.05940816551446915,,,,,,,,,,,
166,47029,,,,,0.05669597536325455,,,,,,,,,,,
166,47039,,,,,0.05882953852415085,,,,,,,,,,,
166,47049,,,,,0.0599207878112793,,,,,,,,,,,
166,47059,,,,,0.054158806800842285,,,,,,,,,,,
166,47069,,,,,0.05526337772607803,,,,,,,,,,,
166,47079,,,,,0.05535106733441353,,,,,,,,,,,
166,47089,,,,,0.05860941484570503,,,,,,,,,,,
166,47099,,,,,0.05782139673829079,,,,,,,,,,,
166,47109,,,,,0.059969354420900345,,,,,,,,,,,
166,47119,,,,,0.05607299506664276,,,,,,,,,,,
166,47129,,,,,0.06226373091340065,,,,,,,,,,,
166,47139,,,,,0.0563918761909008,,,,,,,,,,,
166,47149,,,,,0.05987648665904999,,,,,,,,,,,
166,47159,,,,,0.056315574795007706,,,,,,,,,,,
166,47169,,,,,0.05443461611866951,,,,,,,,,,,
166,47179,,,,,0.05783342570066452,,,,,,,,,,,
166,47189,,,,,0.056092698127031326,,,,,,,,,,,
166,47199,,,,,0.05547981336712837,,,,,,,,,,,
166,47209,,,,,0.058113280683755875,,,,,,,,,,,
166,47219,,,,,0.055073607712984085,,,,,,,,,,,
166,47229,,,,,0.05962902680039406,,,,,,,,,,,
166,47239,,,,,0.0574353002011776,,,,,,,,,,,
166,47249,,,,,0.05971517041325569,,,,,,,,,,,
166,47259,,,,,0.05524621903896332,,,,,,,,,,,
166,166,0.03969890970605768,58.549670222411784,,,,,,,,,,,,,,
166,47260,,,,,,0.05743635818362236,,,,,,,,,,
167,47269,,,,,0.05673297122120857,,,,,,,,,,,
167,47279,,,,,0.05555971711874008,,,,,,,,,,,
167,47289,,,,,0.056278832256793976,,,,,,,,,,,
167,47299,,,,,0.05980750545859337,,,,,,,,,,,
167,47309,,,,,0.05505450442433357,,,,,,,,,,,
167,47319,,,,,0.06236283853650093,,,,,,,,,,,
167,47329,,,,,0.05898899957537651,,,,,,,,,,,
167,47339,,,,,0.055806878954172134,,,,,,,,,,,
167,47349,,,,,0.05856258422136307,,,,,,,,,,,
167,47359,,,,,0.05656960979104042,,,,,,,,,,,
167,47369,,,,,0.06133051589131355,,,,,,,,,,,
167,47379,,,,,0.05874191224575043,,,,,,,,,,,
167,47389,,,,,0.05683567374944687,,,,,,,,,,,
167,47399,,,,,0.05595990642905235,,,,,,,,,,,
167,47409,,,,,0.05729000270366669,,,,,,,,,,,
167,47419,,,,,0.05628649890422821,,,,,,,,,,,
167,47429,,,,,0.05806699022650719,,,,,,,,,,,
167,47439,,,,,0.055711906403303146,,,,,,,,,,,
167,47449,,,,,0.06131558120250702,,,,,,,,,,,
167,47459,,,,,0.05332955718040466,,,,,,,,,,,
167,47469,,,,,0.05714339390397072,,,,,,,,,,,
167,47479,,,,,0.058160241693258286,,,,,,,,,,,
167,47489,,,,,0.053223975002765656,,,,,,,,,,,
167,47499,,,,,0.055619530379772186,,,,,,,,,,,
167,47509,,,,,0.06014867499470711,,,,,,,,,,,
167,47519,,,,,0.056349582970142365,,,,,,,,,,,
167,47529,,,,,0.06134731322526932,,,,,,,,,,,
167,47539,,,,,0.0632014200091362,,,,,,,,,,,
167,167,0.03520599518009265,58.443152807882996,,,,,,,,,,,,,,
167,47543,,,,,,0.0574253648519516,,,,,,,,,,
168,47549,,,,,0.05756928399205208,,,,,,,,,,,
168,47559,,,,,0.06005198135972023,,,,,,,,,,,
168,47569,,,,,0.05286727100610733,,,,,,,,,,,
168,47579,,,,,0.05531124025583267,,,,,,,,,,,
168,47589,,,,,0.05351303517818451,,,,,,,,,,,
168,47599,,,,,0.05584770441055298,,,,,,,,,,,
168,47609,,,,,0.05418926849961281,,,,,,,,,,,
168,47619,,,,,0.056515373289585114,,,,,,,,,,,
168,47629,,,,,0.05443868413567543,,,,,,,,,,,
168,47639,,,,,0.058697838336229324,,,,,,,,,,,
168,47649,,,,,0.0567941814661026,,,,,,,,,,,
168,47659,,,,,0.0594150610268116,,,,,,,,,,,
168,47669,,,,,0.06183256581425667,,,,,,,,,,,
168,47679,,,,,0.05699406564235687,,,,,,,,,,,
168,47689,,,,,0.05647021904587746,,,,,,,,,,,
168,47699,,,,,0.06231629475951195,,,,,,,,,,,
168,47709,,,,,0.05820898339152336,,,,,,,,,,,
168,47719,,,,,0.06043912097811699,,,,,,,,,,,
168,47729,,,,,0.05627782270312309,,,,,,,,,,,
168,47739,,,,,0.05488428846001625,,,,,,,,,,,
168,47749,,,,,0.05772162228822708,,,,,,,,,,,
168,47759,,,,,0.058471549302339554,,,,,,,,,,,
168,47769,,,,,0.05568482354283333,,,,,,,,,,,
168,47779,,,,,0.05950917676091194,,,,,,,,,,,
168,47789,,,,,0.060129210352897644,,,,,,,,,,,
168,47799,,,,,0.05753791332244873,,,,,,,,,,,
168,47809,,,,,0.05635562539100647,,,,,,,,,,,
168,47819,,,,,0.05688614398241043,,,,,,,,,,,
168,168,0.03890878657786174,58.33914230319445,,,,,,,,,,,,,,
168,47826,,,,,,0.05741560459136963,,,,,,,,,,
169,47829,,,,,0.05882369354367256,,,,,,,,,,,
169,47839,,,,,0.05745146423578262,,,,,,,,,,,
169,47849,,,,,0.05837387591600418,,,,,,,,,,,
169,47859,,,,,0.05787720903754234,,,,,,,,,,,
169,47869,,,,,0.057668089866638184,,,,,,,,,,,
169,47879,,,,,0.05858750641345978,,,,,,,,,,,
169,47889,,,,,0.06001722440123558,,,,,,,,,,,
169,47899,,,,,0.05615772679448128,,,,,,,,,,,
169,47909,,,,,0.0563545748591423,,,,,,,,,,,
169,47919,,,,,0.05397774651646614,,,,,,,,,,,
169,47929,,,,,0.055123649537563324,,,,,,,,,,,
169,47939,,,,,0.05546978488564491,,,,,,,,,,,
169,47949,,,,,0.05923459306359291,,,,,,,,,,,
169,47959,,,,,0.056672338396310806,,,,,,,,,,,
169,47969,,,,,0.0565316267311573,,,,,,,,,,,
169,47979,,,,,0.05663321912288666,,,,,,,,,,,
169,47989,,,,,0.0592934675514698,,,,,,,,,,,
169,47999,,,,,0.05515078455209732,,,,,,,,,,,
169,48009,,,,,0.0571020133793354,,,,,,,,,,,
169,48019,,,,,0.05869438499212265,,,,,,,,,,,
169,48029,,,,,0.05628321319818497,,,,,,,,,,,
169,48039,,,,,0.05912783741950989,,,,,,,,,,,
169,48049,,,,,0.05606849119067192,,,,,,,,,,,
169,48059,,,,,0.05666279047727585,,,,,,,,,,,
169,48069,,,,,0.05638836696743965,,,,,,,,,,,
169,48079,,,,,0.0561799593269825,,,,,,,,,,,
169,48089,,,,,0.05990777537226677,,,,,,,,,,,
169,48099,,,,,0.058831240981817245,,,,,,,,,,,
169,48109,,,,,0.05784021317958832,,,,,,,,,,,
169,169,,,0.5000676512718201,0.0,,,0.0571323944365277,0.014136802405118942,,0.492855966091156,,0.0,,0.057497371411027044,,0.014278640039265156
169,48109,,,,,,,,,0.492855966091156,,0.0,,0.05749737098813057,,0.014278640039265156,
169,169,0.030480117566087414,58.23405023390682,,,,,,,,,,,,,,
169,48109,,,,,,0.057405050843954086,,,,,,,,,,
170,48119,,,,,0.05547706037759781,,,,,,,,,,,
170,48129,,,,,0.057616326957941055,,,,,,,,,,,
170,48139,,,,,0.05777544900774956,,,,,,,,,,,
170,48149,,,,,0.05745692551136017,,,,,,,,,,,
170,48159,,,,,0.05590495467185974,,,,,,,,,,,
170,48169,,,,,0.05788251757621765,,,,,,,,,,,
170,48179,,,,,0.06154352426528931,,,,,,,,,,,
170,48189,,,,,0.05642178654670715,,,,,,,,,,,
170,48199,,,,,0.057931676506996155,,,,,,,,,,,
170,48209,,,,,0.05452216789126396,,,,,,,,,,,
170,48219,,,,,0.06165746971964836,,,,,,,,,,,
170,48229,,,,,0.05412629246711731,,,,,,,,,,,
170,48239,,,,,0.053271811455488205,,,,,,,,,,,
170,48249,,,,,0.05475187301635742,,,,,,,,,,,
170,48259,,,,,0.056564029306173325,,,,,,,,,,,
170,48269,,,,,0.059344224631786346,,,,,,,,,,,
170,48279,,,,,0.055227335542440414,,,,,,,,,,,
170,48289,,,,,0.05572258308529854,,,,,,,,,,,
170,48299,,,,,0.05537573620676994,,,,,,,,,,,
170,48309,,,,,0.059158459305763245,,,,,,,,,,,
170,48319,,,,,0.05538984388113022,,,,,,,,,,,
170,48329,,,,,0.05908942595124245,,,,,,,,,,,
170,48339,,,,,0.05768048018217087,,,,,,,,,,,
170,48349,,,,,0.05726093426346779,,,,,,,,,,,
170,48359,,,,,0.05380262807011604,,,,,,,,,,,
170,48369,,,,,0.056540850549936295,,,,,,,,,,,
170,48379,,,,,0.06019655615091324,,,,,,,,,,,
170,48389,,,,,0.060470983386039734,,,,,,,,,,,
170,170,0.03268315658233628,58.12904558836912,,,,,,,,,,,,,,
170,48392,,,,,,0.057424046099185944,,,,,,,,,,
171,48399,,,,,0.05888243392109871,,,,,,,,,,,
171,48409,,,,,0.05757253244519234,,,,,,,,,,,
171,48419,,,,,0.053820494562387466,,,,,,,,,,,
171,48429,,,,,0.05485445261001587,,,,,,,,,,,
171,48439,,,,,0.05887123942375183,,,,,,,,,,,
171,48449,,,,,0.056024059653282166,,,,,,,,,,,
171,48459,,,,,0.05750054866075516,,,,,,,,,,,
171,48469,,,,,0.05652106925845146,,,,,,,,,,,
171,48479,,,,,0.056847937405109406,,,,,,,,,,,
171,48489,,,,,0.05731877312064171,,,,,,,,,,,
171,48499,,,,,0.06032565236091614,,,,,,,,,,,
171,48509,,,,,0.05516799911856651,,,,,,,,,,,
171,48519,,,,,0.056744955480098724,,,,,,,,,,,
171,48529,,,,,0.05996810644865036,,,,,,,,,,,
171,48539,,,,,0.05783141776919365,,,,,,,,,,,
171,48549,,,,,0.0556497648358345,,,,,,,,,,,
171,48559,,,,,0.05721811205148697,,,,,,,,,,,
171,48569,,,,,0.05883042886853218,,,,,,,,,,,
171,48579,,,,,0.05695057287812233,,,,,,,,,,,
171,48589,,,,,0.056738998740911484,,,,,,,,,,,
171,48599,,,,,0.05918997526168823,,,,,,,,,,,
171,48609,,,,,0.06256411969661713,,,,,,,,,,,
171,48619,,,,,0.05681471899151802,,,,,,,,,,,
171,48629,,,,,0.05815955623984337,,,,,,,,,,,
171,48639,,,,,0.060897521674633026,,,,,,,,,,,
171,48649,,,,,0.05941946804523468,,,,,,,,,,,
171,48659,,,,,0.06153910979628563,,,,,,,,,,,
171,48669,,,,,0.057130515575408936,,,,,,,,,,,
171,171,0.0361434322491589,58.02333704473019,,,,,,,,,,,,,,
171,48675,,,,,,0.057430535554885864,,,,,,,,,,
172,48679,,,,,0.05723990499973297,,,,,,,,,,,
172,48689,,,,,0.06061018630862236,,,,,,,,,,,
172,48699,,,,,0.05705014988780022,,,,,,,,,,,
172,48709,,,,,0.0590742826461792,,,,,,,,,,,
172,48719,,,,,0.057486820966005325,,,,,,,,,,,
172,48729,,,,,0.05887654796242714,,,,,,,,,,,
172,48739,,,,,0.06016203388571739,,,,,,,,,,,
172,48749,,,,,0.05476606264710426,,,,,,,,,,,
172,48759,,,,,0.0589582622051239,,,,,,,,,,,
172,48769,,,,,0.05445137619972229,,,,,,,,,,,
172,48779,,,,,0.053293026983737946,,,,,,,,,,,
172,48789,,,,,0.06088436022400856,,,,,,,,,,,
172,48799,,,,,0.05371205136179924,,,,,,,,,,,
172,48809,,,,,0.0534057654440403,,,,,,,,,,,
172,48819,,,,,0.05929868668317795,,,,,,,,,,,
172,48829,,,,,0.06371196359395981,,,,,,,,,,,
172,48839,,,,,0.057534292340278625,,,,,,,,,,,
172,48849,,,,,0.05681075155735016,,,,,,,,,,,
172,48859,,,,,0.05976931005716324,,,,,,,,,,,
172,48869,,,,,0.054112255573272705,,,,,,,,,,,
172,48879,,,,,0.06101608648896217,,,,,,,,,,,
172,48889,,,,,0.05691997706890106,,,,,,,,,,,
172,48899,,,,,0.0566905215382576,,,,,,,,,,,
172,48909,,,,,0.05797722563147545,,,,,,,,,,,
172,48919,,,,,0.05900883674621582,,,,,,,,,,,
172,48929,,,,,0.059361137449741364,,,,,,,,,,,
172,48939,,,,,0.05659526214003563,,,,,,,,,,,
172,48949,,,,,0.057885631918907166,,,,,,,,,,,
172,172,0.03553759626828367,57.919327206552744,,,,,,,,,,,,,,
172,48958,,,,,,0.05740997940301895,,,,,,,,,,
173,48959,,,,,0.05943002924323082,,,,,,,,,,,
173,48969,,,,,0.0563465878367424,,,,,,,,,,,
173,48979,,,,,0.055191051214933395,,,,,,,,,,,
173,48989,,,,,0.05976998060941696,,,,,,,,,,,
173,48999,,,,,0.05622246116399765,,,,,,,,,,,
173,49009,,,,,0.05963408201932907,,,,,,,,,,,
173,49019,,,,,0.059550341218709946,,,,,,,,,,,
173,49029,,,,,0.05645992234349251,,,,,,,,,,,
173,49039,,,,,0.057400524616241455,,,,,,,,,,,
173,49049,,,,,0.055383410304784775,,,,,,,,,,,
173,49059,,,,,0.06116636097431183,,,,,,,,,,,
173,49069,,,,,0.056564316153526306,,,,,,,,,,,
173,49079,,,,,0.05596412345767021,,,,,,,,,,,
173,49089,,,,,0.05511929839849472,,,,,,,,,,,
173,49099,,,,,0.05491327866911888,,,,,,,,,,,
173,49109,,,,,0.05159430578351021,,,,,,,,,,,
173,49119,,,,,0.05670831725001335,,,,,,,,,,,
173,49129,,,,,0.05248356983065605,,,,,,,,,,,
173,49139,,,,,0.054545555263757706,,,,,,,,,,,
173,49149,,,,,0.059344444423913956,,,,,,,,,,,
173,49159,,,,,0.058545999228954315,,,,,,,,,,,
173,49169,,,,,0.05830107256770134,,,,,,,,,,,
173,49179,,,,,0.055211327970027924,,,,,,,,,,,
173,49189,,,,,0.05733920633792877,,,,,,,,,,,
173,49199,,,,,0.057731933891773224,,,,,,,,,,,
173,49209,,,,,0.0580567866563797,,,,,,,,,,,
173,49219,,,,,0.05720015615224838,,,,,,,,,,,
173,49229,,,,,0.054723069071769714,,,,,,,,,,,
173,49239,,,,,0.05837603658437729,,,,,,,,,,,
173,173,0.03771082470615164,57.81640739610021,,,,,,,,,,,,,,
173,49241,,,,,,0.05740576982498169,,,,,,,,,,
174,49249,,,,,0.05717025697231293,,,,,,,,,,,
174,49259,,,,,0.05833524093031883,,,,,,,,,,,
174,49269,,,,,0.05633458122611046,,,,,,,,,,,
174,49279,,,,,0.061386559158563614,,,,,,,,,,,
174,49289,,,,,0.061099790036678314,,,,,,,,,,,
174,49299,,,,,0.05472620576620102,,,,,,,,,,,
174,49309,,,,,0.05674869194626808,,,,,,,,,,,
174,49319,,,,,0.057442039251327515,,,,,,,,,,,
174,49329,,,,,0.05932920426130295,,,,,,,,,,,
174,49339,,,,,0.05783378705382347,,,,,,,,,,,
174,49349,,,,,0.05462208017706871,,,,,,,,,,,
174,49359,,,,,0.05765395238995552,,,,,,,,,,,
174,49369,,,,,0.05851085111498833,,,,,,,,,,,
174,49379,,,,,0.05523233488202095,,,,,,,,,,,
174,49389,,,,,0.056490637362003326,,,,,,,,,,,
174,49399,,,,,0.057127103209495544,,,,,,,,,,,
174,49409,,,,,0.0567881278693676,,,,,,,,,,,
174,49419,,,,,0.05747850239276886,,,,,,,,,,,
174,49429,,,,,0.058504778891801834,,,,,,,,,,,
174,49439,,,,,0.056111447513103485,,,,,,,,,,,
174,49449,,,,,0.05824732407927513,,,,,,,,,,,
174,49459,,,,,0.05749290809035301,,,,,,,,,,,
174,49469,,,,,0.057003203779459,,,,,,,,,,,
174,49479,,,,,0.05552857369184494,,,,,,,,,,,
174,49489,,,,,0.0600317046046257,,,,,,,,,,,
174,49499,,,,,0.058733776211738586,,,,,,,,,,,
174,49509,,,,,0.0544130839407444,,,,,,,,,,,
174,49519,,,,,0.05815666541457176,,,,,,,,,,,
174,174,0.03739788534392901,57.71269460410866,,,,,,,,,,,,,,
174,49524,,,,,,0.0574173666536808,,,,,,,,,,
175,49529,,,,,0.058368511497974396,,,,,,,,,,,
175,49539,,,,,0.05316467210650444,,,,,,,,,,,
175,49549,,,,,0.05680466070771217,,,,,,,,,,,
175,49559,,,,,0.052092112600803375,,,,,,,,,,,
175,49569,,,,,0.062454916536808014,,,,,,,,,,,
175,49579,,,,,0.05769701302051544,,,,,,,,,,,
175,49589,,,,,0.05578922480344772,,,,,,,,,,,
175,49599,,,,,0.05481148511171341,,,,,,,,,,,
175,49609,,,,,0.05473572760820389,,,,,,,,,,,
175,49619,,,,,0.05852416902780533,,,,,,,,,,,
175,49629,,,,,0.057670872658491135,,,,,,,,,,,
175,49639,,,,,0.05775114521384239,,,,,,,,,,,
175,49649,,,,,0.05398578941822052,,,,,,,,,,,
175,49659,,,,,0.05842394754290581,,,,,,,,,,,
175,49669,,,,,0.05801353603601456,,,,,,,,,,,
175,49679,,,,,0.058415330946445465,,,,,,,,,,,
175,49689,,,,,0.054810889065265656,,,,,,,,,,,
175,49699,,,,,0.0578538253903389,,,,,,,,,,,
175,49709,,,,,0.05408457666635513,,,,,,,,,,,
175,49719,,,,,0.0560033917427063,,,,,,,,,,,
175,49729,,,,,0.05478760972619057,,,,,,,,,,,
175,49739,,,,,0.0587538480758667,,,,,,,,,,,
175,49749,,,,,0.060068223625421524,,,,,,,,,,,
175,49759,,,,,0.0599089041352272,,,,,,,,,,,
175,49769,,,,,0.05616668611764908,,,,,,,,,,,
175,49779,,,,,0.06133309006690979,,,,,,,,,,,
175,49789,,,,,0.0577055886387825,,,,,,,,,,,
175,49799,,,,,0.05629703402519226,,,,,,,,,,,
175,175,0.038349135390585924,57.60947607546264,,,,,,,,,,,,,,
175,49807,,,,,,0.05738939344882965,,,,,,,,,,
176,49809,,,,,0.05934092402458191,,,,,,,,,,,
176,49819,,,,,0.057793039828538895,,,,,,,,,,,
176,49829,,,,,0.05787185579538345,,,,,,,,,,,
176,49839,,,,,0.059475790709257126,,,,,,,,,,,
176,49849,,,,,0.05637331306934357,,,,,,,,,,,
176,49859,,,,,0.05660635977983475,,,,,,,,,,,
176,49869,,,,,0.05565124377608299,,,,,,,,,,,
176,49879,,,,,0.054239120334386826,,,,,,,,,,,
176,49889,,,,,0.05493035912513733,,,,,,,,,,,
176,49899,,,,,0.05719532445073128,,,,,,,,,,,
176,49909,,,,,0.059678222984075546,,,,,,,,,,,
176,49919,,,,,0.05735073238611221,,,,,,,,,,,
176,49929,,,,,0.05914096534252167,,,,,,,,,,,
176,49939,,,,,0.05749012902379036,,,,,,,,,,,
176,49949,,,,,0.054821521043777466,,,,,,,,,,,
176,49959,,,,,0.06277593970298767,,,,,,,,,,,
176,49969,,,,,0.05706433579325676,,,,,,,,,,,
176,49979,,,,,0.06289832293987274,,,,,,,,,,,
176,49989,,,,,0.058712437748909,,,,,,,,,,,
176,49999,,,,,0.05915931239724159,,,,,,,,,,,
176,50009,,,,,0.05713827908039093,,,,,,,,,,,
176,50019,,,,,0.05250807851552963,,,,,,,,,,,
176,50029,,,,,0.054805777966976166,,,,,,,,,,,
176,50039,,,,,0.05964255332946777,,,,,,,,,,,
176,50049,,,,,0.05465352535247803,,,,,,,,,,,
176,50059,,,,,0.059529539197683334,,,,,,,,,,,
176,50069,,,,,0.05596437305212021,,,,,,,,,,,
176,50079,,,,,0.05999315157532692,,,,,,,,,,,
176,50089,,,,,0.06255131959915161,,,,,,,,,,,
176,176,0.036086529777396834,57.506941357415,,,,,,,,,,,,,,
176,50090,,,,,,0.057403646409511566,,,,,,,,,,
177,50099,,,,,0.05882718786597252,,,,,,,,,,,
177,50109,,,,,0.057395946234464645,,,,,,,,,,,
177,50119,,,,,0.05870781093835831,,,,,,,,,,,
177,50129,,,,,0.058008451014757156,,,,,,,,,,,
177,50139,,,,,0.05686051398515701,,,,,,,,,,,
177,50149,,,,,0.05602991208434105,,,,,,,,,,,
177,50159,,,,,0.05568617954850197,,,,,,,,,,,
177,50169,,,,,0.05372742936015129,,,,,,,,,,,
177,50179,,,,,0.05686436593532562,,,,,,,,,,,
177,50189,,,,,0.05912533402442932,,,,,,,,,,,
177,50199,,,,,0.056155022233724594,,,,,,,,,,,
177,50209,,,,,0.05503786355257034,,,,,,,,,,,
177,50219,,,,,0.05907469242811203,,,,,,,,,,,
177,50229,,,,,0.052988652139902115,,,,,,,,,,,
177,50239,,,,,0.05443462356925011,,,,,,,,,,,
177,50249,,,,,0.0562288798391819,,,,,,,,,,,
177,50259,,,,,0.059030931442976,,,,,,,,,,,
177,50269,,,,,0.05467202141880989,,,,,,,,,,,
177,50279,,,,,0.057122644037008286,,,,,,,,,,,
177,50289,,,,,0.05970190837979317,,,,,,,,,,,
177,50299,,,,,0.05931565910577774,,,,,,,,,,,
177,50309,,,,,0.05913162603974342,,,,,,,,,,,
177,50319,,,,,0.056511253118515015,,,,,,,,,,,
177,50329,,,,,0.056433383375406265,,,,,,,,,,,
177,50339,,,,,0.058527830988168716,,,,,,,,,,,
177,50349,,,,,0.057011764496564865,,,,,,,,,,,
177,50359,,,,,0.0572899654507637,,,,,,,,,,,
177,50369,,,,,0.05743033438920975,,,,,,,,,,,
177,177,0.03297378152753051,57.40407480017162,,,,,,,,,,,,,,
177,50373,,,,,,0.057362042367458344,,,,,,,,,,
178,50379,,,,,0.05670444294810295,,,,,,,,,,,
178,50389,,,,,0.05823250487446785,,,,,,,,,,,
178,50399,,,,,0.06165029853582382,,,,,,,,,,,
178,50409,,,,,0.05601800978183746,,,,,,,,,,,
178,50419,,,,,0.05664004385471344,,,,,,,,,,,
178,50429,,,,,0.0572647824883461,,,,,,,,,,,
178,50439,,,,,0.058765899389982224,,,,,,,,,,,
178,50449,,,,,0.055144116282463074,,,,,,,,,,,
178,50459,,,,,0.05576757714152336,,,,,,,,,,,
178,50469,,,,,0.05349094048142433,,,,,,,,,,,
178,50479,,,,,0.056418053805828094,,,,,,,,,,,
178,50489,,,,,0.06038682535290718,,,,,,,,,,,
178,50499,,,,,0.055545873939991,,,,,,,,,,,
178,50509,,,,,0.054836925119161606,,,,,,,,,,,
178,50519,,,,,0.05666550248861313,,,,,,,,,,,
178,50529,,,,,0.058102115988731384,,,,,,,,,,,
178,50539,,,,,0.060151487588882446,,,,,,,,,,,
178,50549,,,,,0.05771021544933319,,,,,,,,,,,
178,50559,,,,,0.058577023446559906,,,,,,,,,,,
178,50569,,,,,0.058105215430259705,,,,,,,,,,,
178,50579,,,,,0.06010373309254646,,,,,,,,,,,
178,50589,,,,,0.055497460067272186,,,,,,,,,,,
178,50599,,,,,0.056442465633153915,,,,,,,,,,,
178,50609,,,,,0.055465489625930786,,,,,,,,,,,
178,50619,,,,,0.0583137683570385,,,,,,,,,,,
178,50629,,,,,0.058604978024959564,,,,,,,,,,,
178,50639,,,,,0.05913425236940384,,,,,,,,,,,
178,50649,,,,,0.05540738254785538,,,,,,,,,,,
178,178,0.03210718495691564,57.301156824046984,,,,,,,,,,,,,,
178,50656,,,,,,0.05737006291747093,,,,,,,,,,
179,50659,,,,,0.05628536269068718,,,,,,,,,,,
179,50669,,,,,0.05819164216518402,,,,,,,,,,,
179,50679,,,,,0.05805196240544319,,,,,,,,,,,
179,50689,,,,,0.06139539182186127,,,,,,,,,,,
179,50699,,,,,0.058385901153087616,,,,,,,,,,,
179,50709,,,,,0.05702674388885498,,,,,,,,,,,
179,50719,,,,,0.05934302881360054,,,,,,,,,,,
179,50729,,,,,0.0584193579852581,,,,,,,,,,,
179,50739,,,,,0.057742904871702194,,,,,,,,,,,
179,50749,,,,,0.05431707575917244,,,,,,,,,,,
179,50759,,,,,0.059965427964925766,,,,,,,,,,,
179,50769,,,,,0.05638612061738968,,,,,,,,,,,
179,50779,,,,,0.058892637491226196,,,,,,,,,,,
179,50789,,,,,0.05763044208288193,,,,,,,,,,,
179,50799,,,,,0.06096649169921875,,,,,,,,,,,
179,50809,,,,,0.05832785367965698,,,,,,,,,,,
179,50819,,,,,0.058455418795347214,,,,,,,,,,,
179,50829,,,,,0.05713586136698723,,,,,,,,,,,
179,50839,,,,,0.060915686190128326,,,,,,,,,,,
179,50849,,,,,0.05943649634718895,,,,,,,,,,,
179,50859,,,,,0.05462450906634331,,,,,,,,,,,
179,50869,,,,,0.058525439351797104,,,,,,,,,,,
179,50879,,,,,0.05834546312689781,,,,,,,,,,,
179,50889,,,,,0.0584891214966774,,,,,,,,,,,
179,50899,,,,,0.0596376396715641,,,,,,,,,,,
179,50909,,,,,0.060560986399650574,,,,,,,,,,,
179,50919,,,,,0.05742015317082405,,,,,,,,,,,
179,50929,,,,,0.059247471392154694,,,,,,,,,,,
179,50939,,,,,0.06020181626081467,,,,,,,,,,,
179,179,,,0.4998297691345215,0.0,,,0.05715678750803334,0.014133025892078876,,0.4980897307395935,,0.0,,0.05758100849747354,,0.014625818468630314
179,50939,,,,,,,,,0.4980897307395935,,0.0,,0.057581014931201935,,0.014625818468630314,
179,179,0.0328350432791158,57.198259614575,,,,,,,,,,,,,,
179,50939,,,,,,0.057409390807151794,,,,,,,,,,
180,50949,,,,,0.05844137445092201,,,,,,,,,,,
180,50959,,,,,0.05943727120757103,,,,,,,,,,,
180,50969,,,,,0.057050418108701706,,,,,,,,,,,
180,50979,,,,,0.05818558111786842,,,,,,,,,,,
180,50989,,,,,0.053894542157649994,,,,,,,,,,,
180,50999,,,,,0.057571861892938614,,,,,,,,,,,
180,51009,,,,,0.05984050780534744,,,,,,,,,,,
180,51019,,,,,0.05647069588303566,,,,,,,,,,,
180,51029,,,,,0.058600280433893204,,,,,,,,,,,
180,51039,,,,,0.05392563343048096,,,,,,,,,,,
180,51049,,,,,0.05974585562944412,,,,,,,,,,,
180,51059,,,,,0.05833587422966957,,,,,,,,,,,
180,51069,,,,,0.05660855397582054,,,,,,,,,,,
180,51079,,,,,0.055498912930488586,,,,,,,,,,,
180,51089,,,,,0.05640881136059761,,,,,,,,,,,
180,51099,,,,,0.055058859288692474,,,,,,,,,,,
180,51109,,,,,0.05796198546886444,,,,,,,,,,,
180,51119,,,,,0.056460656225681305,,,,,,,,,,,
180,51129,,,,,0.05619136989116669,,,,,,,,,,,
180,51139,,,,,0.057809922844171524,,,,,,,,,,,
180,51149,,,,,0.05629366263747215,,,,,,,,,,,
180,51159,,,,,0.05514013394713402,,,,,,,,,,,
180,51169,,,,,0.05510859191417694,,,,,,,,,,,
180,51179,,,,,0.05908608064055443,,,,,,,,,,,
180,51189,,,,,0.054445959627628326,,,,,,,,,,,
180,51199,,,,,0.056304093450307846,,,,,,,,,,,
180,51209,,,,,0.05457405745983124,,,,,,,,,,,
180,51219,,,,,0.06138007715344429,,,,,,,,,,,
180,180,0.03406859810542486,57.096501522323,,,,,,,,,,,,,,
180,51222,,,,,,0.05741553753614426,,,,,,,,,,
181,51229,,,,,0.060220036655664444,,,,,,,,,,,
181,51239,,,,,0.057045843452215195,,,,,,,,,,,
181,51249,,,,,0.057047776877880096,,,,,,,,,,,
181,51259,,,,,0.058064743876457214,,,,,,,,,,,
181,51269,,,,,0.05753278732299805,,,,,,,,,,,
181,51279,,,,,0.055440500378608704,,,,,,,,,,,
181,51289,,,,,0.05728890374302864,,,,,,,,,,,
181,51299,,,,,0.05802011117339134,,,,,,,,,,,
181,51309,,,,,0.05834903568029404,,,,,,,,,,,
181,51319,,,,,0.05487741529941559,,,,,,,,,,,
181,51329,,,,,0.054835692048072815,,,,,,,,,,,
181,51339,,,,,0.06139199063181877,,,,,,,,,,,
181,51349,,,,,0.05777496099472046,,,,,,,,,,,
181,51359,,,,,0.06046042963862419,,,,,,,,,,,
181,51369,,,,,0.05945807322859764,,,,,,,,,,,
181,51379,,,,,0.05518835410475731,,,,,,,,,,,
181,51389,,,,,0.056150492280721664,,,,,,,,,,,
181,51399,,,,,0.057714805006980896,,,,,,,,,,,
181,51409,,,,,0.05451648309826851,,,,,,,,,,,
181,51419,,,,,0.05946905538439751,,,,,,,,,,,
181,51429,,,,,0.05717574432492256,,,,,,,,,,,
181,51439,,,,,0.05345175787806511,,,,,,,,,,,
181,51449,,,,,0.05582993105053902,,,,,,,,,,,
181,51459,,,,,0.06320396065711975,,,,,,,,,,,
181,51469,,,,,0.05671391636133194,,,,,,,,,,,
181,51479,,,,,0.056816112250089645,,,,,,,,,,,
181,51489,,,,,0.05862045660614967,,,,,,,,,,,
181,51499,,,,,0.06045546755194664,,,,,,,,,,,
181,181,0.03209945870621556,56.99430921001287,,,,,,,,,,,,,,
181,51505,,,,,,0.05739317089319229,,,,,,,,,,
182,51509,,,,,0.053033530712127686,,,,,,,,,,,
182,51519,,,,,0.05740436166524887,,,,,,,,,,,
182,51529,,,,,0.053776390850543976,,,,,,,,,,,
182,51539,,,,,0.061773888766765594,,,,,,,,,,,
182,51549,,,,,0.05746321380138397,,,,,,,,,,,
182,51559,,,,,0.05587584152817726,,,,,,,,,,,
182,51569,,,,,0.05642467364668846,,,,,,,,,,,
182,51579,,,,,0.058870140463113785,,,,,,,,,,,
182,51589,,,,,0.06084725260734558,,,,,,,,,,,
182,51599,,,,,0.05672365054488182,,,,,,,,,,,
182,51609,,,,,0.05143851786851883,,,,,,,,,,,
182,51619,,,,,0.06030501425266266,,,,,,,,,,,
182,51629,,,,,0.0580906979739666,,,,,,,,,,,
182,51639,,,,,0.05738077312707901,,,,,,,,,,,
182,51649,,,,,0.05777590721845627,,,,,,,,,,,
182,51659,,,,,0.05631917715072632,,,,,,,,,,,
182,51669,,,,,0.059982214123010635,,,,,,,,,,,
182,51679,,,,,0.0600663423538208,,,,,,,,,,,
182,51689,,,,,0.05721240118145943,,,,,,,,,,,
182,51699,,,,,0.05675065889954567,,,,,,,,,,,
182,51709,,,,,0.05524299293756485,,,,,,,,,,,
182,51719,,,,,0.05766281485557556,,,,,,,,,,,
182,51729,,,,,0.06087192893028259,,,,,,,,,,,
182,51739,,,,,0.06036488339304924,,,,,,,,,,,
182,51749,,,,,0.06448404490947723,,,,,,,,,,,
182,51759,,,,,0.05553537979722023,,,,,,,,,,,
182,51769,,,,,0.05939512327313423,,,,,,,,,,,
182,51779,,,,,0.05435200035572052,,,,,,,,,,,
182,182,0.03155845434946427,56.89171811524636,,,,,,,,,,,,,,
182,51788,,,,,,0.05743348225951195,,,,,,,,,,
183,51789,,,,,0.059970494359731674,,,,,,,,,,,
183,51799,,,,,0.05438699945807457,,,,,,,,,,,
183,51809,,,,,0.0608714334666729,,,,,,,,,,,
183,51819,,,,,0.055948272347450256,,,,,,,,,,,
183,51829,,,,,0.05768067017197609,,,,,,,,,,,
183,51839,,,,,0.05507465824484825,,,,,,,,,,,
183,51849,,,,,0.05914507806301117,,,,,,,,,,,
183,51859,,,,,0.056138426065444946,,,,,,,,,,,
183,51869,,,,,0.05649561062455177,,,,,,,,,,,
183,51879,,,,,0.0580856129527092,,,,,,,,,,,
183,51889,,,,,0.057870786637067795,,,,,,,,,,,
183,51899,,,,,0.0618499331176281,,,,,,,,,,,
183,51909,,,,,0.05728401988744736,,,,,,,,,,,
183,51919,,,,,0.0583319365978241,,,,,,,,,,,
183,51929,,,,,0.0559028796851635,,,,,,,,,,,
183,51939,,,,,0.05610229820013046,,,,,,,,,,,
183,51949,,,,,0.05667050555348396,,,,,,,,,,,
183,51959,,,,,0.062162548303604126,,,,,,,,,,,
183,51969,,,,,0.05483691394329071,,,,,,,,,,,
183,51979,,,,,0.055780358612537384,,,,,,,,,,,
183,51989,,,,,0.05440492928028107,,,,,,,,,,,
183,51999,,,,,0.05629757046699524,,,,,,,,,,,
183,52009,,,,,0.05570850521326065,,,,,,,,,,,
183,52019,,,,,0.058103762567043304,,,,,,,,,,,
183,52029,,,,,0.05391373112797737,,,,,,,,,,,
183,52039,,,,,0.05485067144036293,,,,,,,,,,,
183,52049,,,,,0.06057391315698624,,,,,,,,,,,
183,52059,,,,,0.05560312792658806,,,,,,,,,,,
183,52069,,,,,0.05983205512166023,,,,,,,,,,,
183,183,0.03503547803241523,56.79047556699833,,,,,,,,,,,,,,
183,52071,,,,,,0.057375725358724594,,,,,,,,,,
184,52079,,,,,0.058763712644577026,,,,,,,,,,,
184,52089,,,,,0.05714826658368111,,,,,,,,,,,
184,52099,,,,,0.06042470410466194,,,,,,,,,,,
184,52109,,,,,0.05506812781095505,,,,,,,,,,,
184,52119,,,,,0.05229386314749718,,,,,,,,,,,
184,52129,,,,,0.059390634298324585,,,,,,,,,,,
184,52139,,,,,0.05786634236574173,,,,,,,,,,,
184,52149,,,,,0.05590260028839111,,,,,,,,,,,
184,52159,,,,,0.05787872150540352,,,,,,,,,,,
184,52169,,,,,0.06000323221087456,,,,,,,,,,,
184,52179,,,,,0.05636528879404068,,,,,,,,,,,
184,52189,,,,,0.05620554834604263,,,,,,,,,,,
184,52199,,,,,0.0562661737203598,,,,,,,,,,,
184,52209,,,,,0.05787891149520874,,,,,,,,,,,
184,52219,,,,,0.05615532025694847,,,,,,,,,,,
184,52229,,,,,0.056019701063632965,,,,,,,,,,,
184,52239,,,,,0.06126846745610237,,,,,,,,,,,
184,52249,,,,,0.06041933596134186,,,,,,,,,,,
184,52259,,,,,0.05618566647171974,,,,,,,,,,,
184,52269,,,,,0.05511230230331421,,,,,,,,,,,
184,52279,,,,,0.05690477043390274,,,,,,,,,,,
184,52289,,,,,0.05615035444498062,,,,,,,,,,,
184,52299,,,,,0.0565238893032074,,,,,,,,,,,
184,52309,,,,,0.057912878692150116,,,,,,,,,,,
184,52319,,,,,0.05611099675297737,,,,,,,,,,,
184,52329,,,,,0.05416027829051018,,,,,,,,,,,
184,52339,,,,,0.057136911898851395,,,,,,,,,,,
184,52349,,,,,0.05813251808285713,,,,,,,,,,,
184,184,0.03265255721803121,56.68880654011259,,,,,,,,,,,,,,
184,52354,,,,,,0.05745500326156616,,,,,,,,,,
185,52359,,,,,0.06031271815299988,,,,,,,,,,,
185,52369,,,,,0.05864541977643967,,,,,,,,,,,
185,52379,,,,,0.05802848935127258,,,,,,,,,,,
185,52389,,,,,0.05705822631716728,,,,,,,,,,,
185,52399,,,,,0.05835853889584541,,,,,,,,,,,
185,52409,,,,,0.05813341960310936,,,,,,,,,,,
185,52419,,,,,0.06067879498004913,,,,,,,,,,,
185,52429,,,,,0.057599350810050964,,,,,,,,,,,
185,52439,,,,,0.05603867769241333,,,,,,,,,,,
185,52449,,,,,0.05710073187947273,,,,,,,,,,,
185,52459,,,,,0.05717463418841362,,,,,,,,,,,
185,52469,,,,,0.051076386123895645,,,,,,,,,,,
185,52479,,,,,0.05679837614297867,,,,,,,,,,,
185,52489,,,,,0.061406686902046204,,,,,,,,,,,
185,52499,,,,,0.056229472160339355,,,,,,,,,,,
185,52509,,,,,0.0580032654106617,,,,,,,,,,,
185,52519,,,,,0.05347803980112076,,,,,,,,,,,
185,52529,,,,,0.05790663883090019,,,,,,,,,,,
185,52539,,,,,0.06149270385503769,,,,,,,,,,,
185,52549,,,,,0.05851282924413681,,,,,,,,,,,
185,52559,,,,,0.05661163106560707,,,,,,,,,,,
185,52569,,,,,0.0560193695127964,,,,,,,,,,,
185,52579,,,,,0.057671789079904556,,,,,,,,,,,
185,52589,,,,,0.05550968647003174,,,,,,,,,,,
185,52599,,,,,0.05489836260676384,,,,,,,,,,,
185,52609,,,,,0.05861082673072815,,,,,,,,,,,
185,52619,,,,,0.05796562507748604,,,,,,,,,,,
185,52629,,,,,0.057737912982702255,,,,,,,,,,,
185,185,0.029792127397442466,56.58799212354726,,,,,,,,,,,,,,
185,52637,,,,,,0.05737752839922905,,,,,,,,,,
186,52639,,,,,0.061172232031822205,,,,,,,,,,,
186,52649,,,,,0.0580756701529026,,,,,,,,,,,
186,52659,,,,,0.05562316253781319,,,,,,,,,,,
186,52669,,,,,0.05858704820275307,,,,,,,,,,,
186,52679,,,,,0.05831330269575119,,,,,,,,,,,
186,52689,,,,,0.05480613932013512,,,,,,,,,,,
186,52699,,,,,0.05352390184998512,,,,,,,,,,,
186,52709,,,,,0.0568719208240509,,,,,,,,,,,
186,52719,,,,,0.060461290180683136,,,,,,,,,,,
186,52729,,,,,0.059110306203365326,,,,,,,,,,,
186,52739,,,,,0.05666008219122887,,,,,,,,,,,
186,52749,,,,,0.057531438767910004,,,,,,,,,,,
186,52759,,,,,0.05842556431889534,,,,,,,,,,,
186,52769,,,,,0.06040666252374649,,,,,,,,,,,
186,52779,,,,,0.06033206731081009,,,,,,,,,,,
186,52789,,,,,0.05813612416386604,,,,,,,,,,,
186,52799,,,,,0.059177037328481674,,,,,,,,,,,
186,52809,,,,,0.05481817573308945,,,,,,,,,,,
186,52819,,,,,0.053275689482688904,,,,,,,,,,,
186,52829,,,,,0.058744341135025024,,,,,,,,,,,
186,52839,,,,,0.05737655982375145,,,,,,,,,,,
186,52849,,,,,0.06035397946834564,,,,,,,,,,,
186,52859,,,,,0.05592568218708038,,,,,,,,,,,
186,52869,,,,,0.055175840854644775,,,,,,,,,,,
186,52879,,,,,0.05630455166101456,,,,,,,,,,,
186,52889,,,,,0.05565839633345604,,,,,,,,,,,
186,52899,,,,,0.05614878982305527,,,,,,,,,,,
186,52909,,,,,0.056528832763433456,,,,,,,,,,,
186,52919,,,,,0.0581846609711647,,,,,,,,,,,
186,186,0.03102136681363337,56.48635443102689,,,,,,,,,,,,,,
186,52920,,,,,,0.05734896659851074,,,,,,,,,,
187,52929,,,,,0.05773886665701866,,,,,,,,,,,
187,52939,,,,,0.05686240270733833,,,,,,,,,,,
187,52949,,,,,0.057854149490594864,,,,,,,,,,,
187,52959,,,,,0.0578603632748127,,,,,,,,,,,
187,52969,,,,,0.05840413644909859,,,,,,,,,,,
187,52979,,,,,0.05500190332531929,,,,,,,,,,,
187,52989,,,,,0.05864882096648216,,,,,,,,,,,
187,52999,,,,,0.0584738627076149,,,,,,,,,,,
187,53009,,,,,0.06132488325238228,,,,,,,,,,,
187,53019,,,,,0.05464433506131172,,,,,,,,,,,
187,53029,,,,,0.05743031948804855,,,,,,,,,,,
187,53039,,,,,0.05665295198559761,,,,,,,,,,,
187,53049,,,,,0.05520666390657425,,,,,,,,,,,
187,53059,,,,,0.055344052612781525,,,,,,,,,,,
187,53069,,,,,0.05695294588804245,,,,,,,,,,,
187,53079,,,,,0.05487547442317009,,,,,,,,,,,
187,53089,,,,,0.05698884278535843,,,,,,,,,,,
187,53099,,,,,0.056157249957323074,,,,,,,,,,,
187,53109,,,,,0.055472251027822495,,,,,,,,,,,
187,53119,,,,,0.05350201204419136,,,,,,,,,,,
187,53129,,,,,0.054939933121204376,,,,,,,,,,,
187,53139,,,,,0.05799823999404907,,,,,,,,,,,
187,53149,,,,,0.06029972806572914,,,,,,,,,,,
187,53159,,,,,0.055794358253479004,,,,,,,,,,,
187,53169,,,,,0.0573815293610096,,,,,,,,,,,
187,53179,,,,,0.05841638520359993,,,,,,,,,,,
187,53189,,,,,0.0543818362057209,,,,,,,,,,,
187,53199,,,,,0.060771457850933075,,,,,,,,,,,
187,187,0.03644168791394759,56.384653966664665,,,,,,,,,,,,,,
187,53203,,,,,,0.05739285424351692,,,,,,,,,,
188,53209,,,,,0.06057968735694885,,,,,,,,,,,
188,53219,,,,,0.057584844529628754,,,,,,,,,,,
188,53229,,,,,0.05628607049584389,,,,,,,,,,,
188,53239,,,,,0.05496321991086006,,,,,,,,,,,
188,53249,,,,,0.05516829714179039,,,,,,,,,,,
188,53259,,,,,0.0548134371638298,,,,,,,,,,,
188,53269,,,,,0.05978265404701233,,,,,,,,,,,
188,53279,,,,,0.061180468648672104,,,,,,,,,,,
188,53289,,,,,0.054360222071409225,,,,,,,,,,,
188,53299,,,,,0.055041711777448654,,,,,,,,,,,
188,53309,,,,,0.05619433522224426,,,,,,,,,,,
188,53319,,,,,0.0538916252553463,,,,,,,,,,,
188,53329,,,,,0.054870933294296265,,,,,,,,,,,
188,53339,,,,,0.06139044091105461,,,,,,,,,,,
188,53349,,,,,0.053657010197639465,,,,,,,,,,,
188,53359,,,,,0.05760611593723297,,,,,,,,,,,
188,53369,,,,,0.05755595490336418,,,,,,,,,,,
188,53379,,,,,0.05798649787902832,,,,,,,,,,,
188,53389,,,,,0.05803418904542923,,,,,,,,,,,
188,53399,,,,,0.05845068395137787,,,,,,,,,,,
188,53409,,,,,0.06075068190693855,,,,,,,,,,,
188,53419,,,,,0.05779732018709183,,,,,,,,,,,
188,53429,,,,,0.0563366562128067,,,,,,,,,,,
188,53439,,,,,0.056213103234767914,,,,,,,,,,,
188,53449,,,,,0.05859382823109627,,,,,,,,,,,
188,53459,,,,,0.05798807740211487,,,,,,,,,,,
188,53469,,,,,0.05517788603901863,,,,,,,,,,,
188,53479,,,,,0.05833248049020767,,,,,,,,,,,
188,188,0.029997102147593283,56.282604367138546,,,,,,,,,,,,,,
188,53486,,,,,,0.05735401436686516,,,,,,,,,,
189,53489,,,,,0.0547589473426342,,,,,,,,,,,
189,53499,,,,,0.056167129427194595,,,,,,,,,,,
189,53509,,,,,0.06496438384056091,,,,,,,,,,,
189,53519,,,,,0.05446774885058403,,,,,,,,,,,
189,53529,,,,,0.05663461238145828,,,,,,,,,,,
189,53539,,,,,0.05932661145925522,,,,,,,,,,,
189,53549,,,,,0.057831309735774994,,,,,,,,,,,
189,53559,,,,,0.060994699597358704,,,,,,,,,,,
189,53569,,,,,0.05899803340435028,,,,,,,,,,,
189,53579,,,,,0.060010313987731934,,,,,,,,,,,
189,53589,,,,,0.0565393790602684,,,,,,,,,,,
189,53599,,,,,0.056574493646621704,,,,,,,,,,,
189,53609,,,,,0.05899948626756668,,,,,,,,,,,
189,53619,,,,,0.05367366224527359,,,,,,,,,,,
189,53629,,,,,0.06045270338654518,,,,,,,,,,,
189,53639,,,,,0.0565095916390419,,,,,,,,,,,
189,53649,,,,,0.06015725061297417,,,,,,,,,,,
189,53659,,,,,0.05293146148324013,,,,,,,,,,,
189,53669,,,,,0.05575668066740036,,,,,,,,,,,
189,53679,,,,,0.055168185383081436,,,,,,,,,,,
189,53689,,,,,0.053564440459012985,,,,,,,,,,,
189,53699,,,,,0.05301641672849655,,,,,,,,,,,
189,53709,,,,,0.05863884836435318,,,,,,,,,,,
189,53719,,,,,0.05774535983800888,,,,,,,,,,,
189,53729,,,,,0.05650457739830017,,,,,,,,,,,
189,53739,,,,,0.05334968864917755,,,,,,,,,,,
189,53749,,,,,0.05445753037929535,,,,,,,,,,,
189,53759,,,,,0.056760840117931366,,,,,,,,,,,
189,53769,,,,,0.05362924560904503,,,,,,,,,,,
189,189,,,0.50016188621521,0.0,,,0.056983758191809765,0.01412893459200859,,0.49489256739616394,,0.0,,0.05738339580747546,,0.014356653206050396
189,53769,,,,,,,,,0.49489256739616394,,0.0,,0.05738339200615883,,0.014356653206050396,
189,189,0.03140379866839042,56.1802703992266,,,,,,,,,,,,,,
189,53769,,,,,,0.057398900389671326,,,,,,,,,,
190,53779,,,,,0.056039273738861084,,,,,,,,,,,
190,53789,,,,,0.05631434917449951,,,,,,,,,,,
190,53799,,,,,0.05802129954099655,,,,,,,,,,,
190,53809,,,,,0.057151034474372864,,,,,,,,,,,
190,53819,,,,,0.05993586406111717,,,,,,,,,,,
190,53829,,,,,0.05882224068045616,,,,,,,,,,,
190,53839,,,,,0.05455312505364418,,,,,,,,,,,
190,53849,,,,,0.058230917900800705,,,,,,,,,,,
190,53859,,,,,0.05830761045217514,,,,,,,,,,,
190,53869,,,,,0.059417229145765305,,,,,,,,,,,
190,53879,,,,,0.05890578404068947,,,,,,,,,,,
190,53889,,,,,0.0605526827275753,,,,,,,,,,,
190,53899,,,,,0.055421702563762665,,,,,,,,,,,
190,53909,,,,,0.05876636877655983,,,,,,,,,,,
190,53919,,,,,0.0601082369685173,,,,,,,,,,,
190,53929,,,,,0.05862711742520332,,,,,,,,,,,
190,53939,,,,,0.05654589831829071,,,,,,,,,,,
190,53949,,,,,0.05379843711853027,,,,,,,,,,,
190,53959,,,,,0.05601033940911293,,,,,,,,,,,
190,53969,,,,,0.05880499631166458,,,,,,,,,,,
190,53979,,,,,0.058825261890888214,,,,,,,,,,,
190,53989,,,,,0.059324368834495544,,,,,,,,,,,
190,53999,,,,,0.05709921568632126,,,,,,,,,,,
190,54009,,,,,0.05853201821446419,,,,,,,,,,,
190,54019,,,,,0.05686681345105171,,,,,,,,,,,
190,54029,,,,,0.05596976727247238,,,,,,,,,,,
190,54039,,,,,0.056257300078868866,,,,,,,,,,,
190,54049,,,,,0.0617637000977993,,,,,,,,,,,
190,190,0.03190839944867786,56.077346003845044,,,,,,,,,,,,,,
190,54052,,,,,,0.057390905916690826,,,,,,,,,,
191,54059,,,,,0.05569877848029137,,,,,,,,,,,
191,54069,,,,,0.05524533614516258,,,,,,,,,,,
191,54079,,,,,0.05734313651919365,,,,,,,,,,,
191,54089,,,,,0.056465569883584976,,,,,,,,,,,
191,54099,,,,,0.05783052742481232,,,,,,,,,,,
191,54109,,,,,0.0588032528758049,,,,,,,,,,,
191,54119,,,,,0.05960927531123161,,,,,,,,,,,
191,54129,,,,,0.057316429913043976,,,,,,,,,,,
191,54139,,,,,0.05679965764284134,,,,,,,,,,,
191,54149,,,,,0.05902843922376633,,,,,,,,,,,
191,54159,,,,,0.057028185576200485,,,,,,,,,,,
191,54169,,,,,0.056661687791347504,,,,,,,,,,,
191,54179,,,,,0.05617883801460266,,,,,,,,,,,
191,54189,,,,,0.0574684739112854,,,,,,,,,,,
191,54199,,,,,0.05723698437213898,,,,,,,,,,,
191,54209,,,,,0.0586385615170002,,,,,,,,,,,
191,54219,,,,,0.06022796034812927,,,,,,,,,,,
191,54229,,,,,0.05848092958331108,,,,,,,,,,,
191,54239,,,,,0.056522171944379807,,,,,,,,,,,
191,54249,,,,,0.054678723216056824,,,,,,,,,,,
191,54259,,,,,0.058547716587781906,,,,,,,,,,,
191,54269,,,,,0.05827341601252556,,,,,,,,,,,
191,54279,,,,,0.05627064034342766,,,,,,,,,,,
191,54289,,,,,0.05755995959043503,,,,,,,,,,,
191,54299,,,,,0.05740131810307503,,,,,,,,,,,
191,54309,,,,,0.05973239615559578,,,,,,,,,,,
191,54319,,,,,0.05520710349082947,,,,,,,,,,,
191,54329,,,,,0.06076917424798012,,,,,,,,,,,
191,191,0.034807738717039675,55.97572827948327,,,,,,,,,,,,,,
191,54335,,,,,,0.05740106850862503,,,,,,,,,,
192,54339,,,,,0.057422325015068054,,,,,,,,,,,
192,54349,,,,,0.061693742871284485,,,,,,,,,,,
192,54359,,,,,0.0563330203294754,,,,,,,,,,,
192,54369,,,,,0.05566050857305527,,,,,,,,,,,
192,54379,,,,,0.057357773184776306,,,,,,,,,,,
192,54389,,,,,0.055764708667993546,,,,,,,,,,,
192,54399,,,,,0.055717527866363525,,,,,,,,,,,
192,54409,,,,,0.05786190181970596,,,,,,,,,,,
192,54419,,,,,0.05785531923174858,,,,,,,,,,,
192,54429,,,,,0.05675094574689865,,,,,,,,,,,
192,54439,,,,,0.058160074055194855,,,,,,,,,,,
192,54449,,,,,0.05417009815573692,,,,,,,,,,,
192,54459,,,,,0.05709053948521614,,,,,,,,,,,
192,54469,,,,,0.05777095630764961,,,,,,,,,,,
192,54479,,,,,0.055782780051231384,,,,,,,,,,,
192,54489,,,,,0.055194590240716934,,,,,,,,,,,
192,54499,,,,,0.05782466381788254,,,,,,,,,,,
192,54509,,,,,0.058987658470869064,,,,,,,,,,,
192,54519,,,,,0.05583648011088371,,,,,,,,,,,
192,54529,,,,,0.05619621276855469,,,,,,,,,,,
192,54539,,,,,0.061333172023296356,,,,,,,,,,,
192,54549,,,,,0.05790244787931442,,,,,,,,,,,
192,54559,,,,,0.05551990866661072,,,,,,,,,,,
192,54569,,,,,0.05674215033650398,,,,,,,,,,,
192,54579,,,,,0.053902409970760345,,,,,,,,,,,
192,54589,,,,,0.05943846330046654,,,,,,,,,,,
192,54599,,,,,0.05708052217960358,,,,,,,,,,,
192,54609,,,,,0.05389339476823807,,,,,,,,,,,
192,192,0.03104577788669824,55.87510869277462,,,,,,,,,,,,,,
192,54618,,,,,,0.057405613362789154,,,,,,,,,,
193,54619,,,,,0.05781392753124237,,,,,,,,,,,
193,54629,,,,,0.05857245251536369,,,,,,,,,,,
193,54639,,,,,0.05473443493247032,,,,,,,,,,,
193,54649,,,,,0.0578814297914505,,,,,,,,,,,
193,54659,,,,,0.0558810718357563,,,,,,,,,,,
193,54669,,,,,0.057367954403162,,,,,,,,,,,
193,54679,,,,,0.05768369138240814,,,,,,,,,,,
193,54689,,,,,0.055278003215789795,,,,,,,,,,,
193,54699,,,,,0.059267058968544006,,,,,,,,,,,
193,54709,,,,,0.05759568512439728,,,,,,,,,,,
193,54719,,,,,0.05800475925207138,,,,,,,,,,,
193,54729,,,,,0.055156633257865906,,,,,,,,,,,
193,54739,,,,,0.05523855984210968,,,,,,,,,,,
193,54749,,,,,0.06058592349290848,,,,,,,,,,,
193,54759,,,,,0.05519208312034607,,,,,,,,,,,
193,54769,,,,,0.058825962245464325,,,,,,,,,,,
193,54779,,,,,0.060602135956287384,,,,,,,,,,,
193,54789,,,,,0.057506103068590164,,,,,,,,,,,
193,54799,,,,,0.05550609529018402,,,,,,,,,,,
193,54809,,,,,0.05651739239692688,,,,,,,,,,,
193,54819,,,,,0.056401267647743225,,,,,,,,,,,
193,54829,,,,,0.05760795250535011,,,,,,,,,,,
193,54839,,,,,0.05510425940155983,,,,,,,,,,,
193,54849,,,,,0.05514111369848251,,,,,,,,,,,
193,54859,,,,,0.0607694573700428,,,,,,,,,,,
193,54869,,,,,0.05775650963187218,,,,,,,,,,,
193,54879,,,,,0.05903967097401619,,,,,,,,,,,
193,54889,,,,,0.05612221360206604,,,,,,,,,,,
193,54899,,,,,0.05760563910007477,,,,,,,,,,,
193,193,0.03337095322127133,55.778165436285455,,,,,,,,,,,,,,
193,54901,,,,,,0.0573442243039608,,,,,,,,,,
194,54909,,,,,0.05577891692519188,,,,,,,,,,,
194,54919,,,,,0.058394115418195724,,,,,,,,,,,
194,54929,,,,,0.05905851349234581,,,,,,,,,,,
194,54939,,,,,0.054590195417404175,,,,,,,,,,,
194,54949,,,,,0.06149128079414368,,,,,,,,,,,
194,54959,,,,,0.05841127783060074,,,,,,,,,,,
194,54969,,,,,0.053428955376148224,,,,,,,,,,,
194,54979,,,,,0.056607555598020554,,,,,,,,,,,
194,54989,,,,,0.05656399950385094,,,,,,,,,,,
194,54999,,,,,0.05619657412171364,,,,,,,,,,,
194,55009,,,,,0.05476221814751625,,,,,,,,,,,
194,55019,,,,,0.06025560200214386,,,,,,,,,,,
194,55029,,,,,0.05496329814195633,,,,,,,,,,,
194,55039,,,,,0.057960301637649536,,,,,,,,,,,
194,55049,,,,,0.054999884217977524,,,,,,,,,,,
194,55059,,,,,0.05722235515713692,,,,,,,,,,,
194,55069,,,,,0.055929917842149734,,,,,,,,,,,
194,55079,,,,,0.057905856519937515,,,,,,,,,,,
194,55089,,,,,0.05472682788968086,,,,,,,,,,,
194,55099,,,,,0.055269088596105576,,,,,,,,,,,
194,55109,,,,,0.05484017729759216,,,,,,,,,,,
194,55119,,,,,0.05527375265955925,,,,,,,,,,,
194,55129,,,,,0.05944669619202614,,,,,,,,,,,
194,55139,,,,,0.059469353407621384,,,,,,,,,,,
194,55149,,,,,0.05506236478686333,,,,,,,,,,,
194,55159,,,,,0.06286328285932541,,,,,,,,,,,
194,55169,,,,,0.05817823484539986,,,,,,,,,,,
194,55179,,,,,0.054409679025411606,,,,,,,,,,,
194,194,0.028152393084020955,55.68026251385366,,,,,,,,,,,,,,
194,55184,,,,,,0.057379189878702164,,,,,,,,,,
195,55189,,,,,0.0610002800822258,,,,,,,,,,,
195,55199,,,,,0.05802988260984421,,,,,,,,,,,
195,55209,,,,,0.0550055056810379,,,,,,,,,,,
195,55219,,,,,0.05646824836730957,,,,,,,,,,,
195,55229,,,,,0.05434286966919899,,,,,,,,,,,
195,55239,,,,,0.05449550598859787,,,,,,,,,,,
195,55249,,,,,0.05580037832260132,,,,,,,,,,,
195,55259,,,,,0.05818481370806694,,,,,,,,,,,
195,55269,,,,,0.06201218068599701,,,,,,,,,,,
195,55279,,,,,0.05547810345888138,,,,,,,,,,,
195,55289,,,,,0.056024204939603806,,,,,,,,,,,
195,55299,,,,,0.05784197896718979,,,,,,,,,,,
195,55309,,,,,0.05858119949698448,,,,,,,,,,,
195,55319,,,,,0.0577198825776577,,,,,,,,,,,
195,55329,,,,,0.059809472411870956,,,,,,,,,,,
195,55339,,,,,0.059911057353019714,,,,,,,,,,,
195,55349,,,,,0.05808229744434357,,,,,,,,,,,
195,55359,,,,,0.05819011852145195,,,,,,,,,,,
195,55369,,,,,0.05951865017414093,,,,,,,,,,,
195,55379,,,,,0.0562986359000206,,,,,,,,,,,
195,55389,,,,,0.05565356835722923,,,,,,,,,,,
195,55399,,,,,0.056184228509664536,,,,,,,,,,,
195,55409,,,,,0.06112421676516533,,,,,,,,,,,
195,55419,,,,,0.05874886363744736,,,,,,,,,,,
195,55429,,,,,0.059786755591630936,,,,,,,,,,,
195,55439,,,,,0.054115623235702515,,,,,,,,,,,
195,55449,,,,,0.05803259089589119,,,,,,,,,,,
195,55459,,,,,0.05723438411951065,,,,,,,,,,,
195,195,0.028253788950822357,55.58368749610097,,,,,,,,,,,,,,
195,55467,,,,,,0.05741647630929947,,,,,,,,,,
196,55469,,,,,0.05892765894532204,,,,,,,,,,,
196,55479,,,,,0.059484995901584625,,,,,,,,,,,
196,55489,,,,,0.057562436908483505,,,,,,,,,,,
196,55499,,,,,0.05711246281862259,,,,,,,,,,,
196,55509,,,,,0.05786850303411484,,,,,,,,,,,
196,55519,,,,,0.05500847101211548,,,,,,,,,,,
196,55529,,,,,0.05758194252848625,,,,,,,,,,,
196,55539,,,,,0.05791942775249481,,,,,,,,,,,
196,55549,,,,,0.0572686493396759,,,,,,,,,,,
196,55559,,,,,0.056372545659542084,,,,,,,,,,,
196,55569,,,,,0.05788401886820793,,,,,,,,,,,
196,55579,,,,,0.05943174287676811,,,,,,,,,,,
196,55589,,,,,0.05897287279367447,,,,,,,,,,,
196,55599,,,,,0.058169834315776825,,,,,,,,,,,
196,55609,,,,,0.052721068263053894,,,,,,,,,,,
196,55619,,,,,0.05852610990405083,,,,,,,,,,,
196,55629,,,,,0.053755197674036026,,,,,,,,,,,
196,55639,,,,,0.05785788595676422,,,,,,,,,,,
196,55649,,,,,0.06051602587103844,,,,,,,,,,,
196,55659,,,,,0.059142760932445526,,,,,,,,,,,
196,55669,,,,,0.055756982415914536,,,,,,,,,,,
196,55679,,,,,0.05505938455462456,,,,,,,,,,,
196,55689,,,,,0.053450144827365875,,,,,,,,,,,
196,55699,,,,,0.055609241127967834,,,,,,,,,,,
196,55709,,,,,0.056280430406332016,,,,,,,,,,,
196,55719,,,,,0.05476882681250572,,,,,,,,,,,
196,55729,,,,,0.058476585894823074,,,,,,,,,,,
196,55739,,,,,0.05780123919248581,,,,,,,,,,,
196,55749,,,,,0.05935021862387657,,,,,,,,,,,
196,196,0.029048562768204545,55.48695345058761,,,,,,,,,,,,,,
196,55750,,,,,,0.05738677456974983,,,,,,,,,,
197,55759,,,,,0.05742281302809715,,,,,,,,,,,
197,55769,,,,,0.05631624534726143,,,,,,,,,,,
197,55779,,,,,0.05564131215214729,,,,,,,,,,,
197,55789,,,,,0.06016018986701965,,,,,,,,,,,
197,55799,,,,,0.05593887344002724,,,,,,,,,,,
197,55809,,,,,0.055582839995622635,,,,,,,,,,,
197,55819,,,,,0.055810876190662384,,,,,,,,,,,
197,55829,,,,,0.05587576702237129,,,,,,,,,,,
197,55839,,,,,0.06035467982292175,,,,,,,,,,,
197,55849,,,,,0.05931341275572777,,,,,,,,,,,
197,55859,,,,,0.057402294129133224,,,,,,,,,,,
197,55869,,,,,0.05832434445619583,,,,,,,,,,,
197,55879,,,,,0.05631859600543976,,,,,,,,,,,
197,55889,,,,,0.05558416619896889,,,,,,,,,,,
197,55899,,,,,0.05974099412560463,,,,,,,,,,,
197,55909,,,,,0.05442652478814125,,,,,,,,,,,
197,55919,,,,,0.05579028278589249,,,,,,,,,,,
197,55929,,,,,0.0582922101020813,,,,,,,,,,,
197,55939,,,,,0.05647071823477745,,,,,,,,,,,
197,55949,,,,,0.06543068587779999,,,,,,,,,,,
197,55959,,,,,0.055531468242406845,,,,,,,,,,,
197,55969,,,,,0.05753367021679878,,,,,,,,,,,
197,55979,,,,,0.055193327367305756,,,,,,,,,,,
197,55989,,,,,0.05676525831222534,,,,,,,,,,,
197,55999,,,,,0.05532272160053253,,,,,,,,,,,
197,56009,,,,,0.055329348891973495,,,,,,,,,,,
197,56019,,,,,0.056628502905368805,,,,,,,,,,,
197,56029,,,,,0.05700378119945526,,,,,,,,,,,
197,197,0.031769144582153214,55.39259783287371,,,,,,,,,,,,,,
197,56033,,,,,,0.05739806219935417,,,,,,,,,,
198,56039,,,,,0.05272882059216499,,,,,,,,,,,
198,56049,,,,,0.0551057793200016,,,,,,,,,,,
198,56059,,,,,0.05776175484061241,,,,,,,,,,,
198,56069,,,,,0.05183590576052666,,,,,,,,,,,
198,56079,,,,,0.06072109192609787,,,,,,,,,,,
198,56089,,,,,0.05515262857079506,,,,,,,,,,,
198,56099,,,,,0.057718582451343536,,,,,,,,,,,
198,56109,,,,,0.05533190071582794,,,,,,,,,,,
198,56119,,,,,0.05679604411125183,,,,,,,,,,,
198,56129,,,,,0.05379733815789223,,,,,,,,,,,
198,56139,,,,,0.056594956666231155,,,,,,,,,,,
198,56149,,,,,0.06173083931207657,,,,,,,,,,,
198,56159,,,,,0.055125437676906586,,,,,,,,,,,
198,56169,,,,,0.055876072496175766,,,,,,,,,,,
198,56179,,,,,0.06267339736223221,,,,,,,,,,,
198,56189,,,,,0.0598970390856266,,,,,,,,,,,
198,56199,,,,,0.05706585571169853,,,,,,,,,,,
198,56209,,,,,0.05339949205517769,,,,,,,,,,,
198,56219,,,,,0.05909224599599838,,,,,,,,,,,
198,56229,,,,,0.057206396013498306,,,,,,,,,,,
198,56239,,,,,0.05726012960076332,,,,,,,,,,,
198,56249,,,,,0.06063015013933182,,,,,,,,,,,
198,56259,,,,,0.05982675775885582,,,,,,,,,,,
198,56269,,,,,0.05754552036523819,,,,,,,,,,,
198,56279,,,,,0.05502823367714882,,,,,,,,,,,
198,56289,,,,,0.055436816066503525,,,,,,,,,,,
198,56299,,,,,0.05361364781856537,,,,,,,,,,,
198,56309,,,,,0.05857459455728531,,,,,,,,,,,
198,198,0.030130941258327406,55.29721859773761,,,,,,,,,,,,,,
198,56316,,,,,,0.057400792837142944,,,,,,,,,,
199,56319,,,,,0.05321556329727173,,,,,,,,,,,
199,56329,,,,,0.05708470195531845,,,,,,,,,,,
199,56339,,,,,0.059426940977573395,,,,,,,,,,,
199,56349,,,,,0.06016143783926964,,,,,,,,,,,
199,56359,,,,,0.05578719452023506,,,,,,,,,,,
199,56369,,,,,0.05952134355902672,,,,,,,,,,,
199,56379,,,,,0.05624345690011978,,,,,,,,,,,
199,56389,,,,,0.0573754757642746,,,,,,,,,,,
199,56399,,,,,0.055622849613428116,,,,,,,,,,,
199,56409,,,,,0.05418463051319122,,,,,,,,,,,
199,56419,,,,,0.05661940947175026,,,,,,,,,,,
199,56429,,,,,0.06005758419632912,,,,,,,,,,,
199,56439,,,,,0.054917093366384506,,,,,,,,,,,
199,56449,,,,,0.05860831215977669,,,,,,,,,,,
199,56459,,,,,0.0582246333360672,,,,,,,,,,,
199,56469,,,,,0.05976243317127228,,,,,,,,,,,
199,56479,,,,,0.0573551319539547,,,,,,,,,,,
199,56489,,,,,0.05693727731704712,,,,,,,,,,,
199,56499,,,,,0.05572596192359924,,,,,,,,,,,
199,56509,,,,,0.057840410619974136,,,,,,,,,,,
199,56519,,,,,0.05963243916630745,,,,,,,,,,,
199,56529,,,,,0.05758614465594292,,,,,,,,,,,
199,56539,,,,,0.054632458835840225,,,,,,,,,,,
199,56549,,,,,0.05801508575677872,,,,,,,,,,,
199,56559,,,,,0.06238787621259689,,,,,,,,,,,
199,56569,,,,,0.0566394217312336,,,,,,,,,,,
199,56579,,,,,0.05836211517453194,,,,,,,,,,,
199,56589,,,,,0.05810213461518288,,,,,,,,,,,
199,56599,,,,,0.057579196989536285,,,,,,,,,,,
199,199,,,0.4999571144580841,0.0,,,0.05821546056247788,0.014143083244562149,,0.4979154169559479,,0.0,,0.058572528589212774,,0.01468657422810793
199,56599,,,,,,,,,0.4979154169559479,,0.0,,0.05857252702116966,,0.01468657422810793,
199,199,0.03130325086829439,55.2020799202668,,,,,,,,,,,,,,
199,56599,,,,,,0.05739441141486168,,,,,,,,,,
