epoch,step,total_grad_norm,total_weight_norm,train_auc_eval,train_f1_eval,train_loss,train_loss_epoch,train_loss_eval,train_map_eval,val_auc,val_auc_eval,val_f1,val_f1_eval,val_loss,val_loss_eval,val_map,val_map_eval
0,0,,,0.9526693224906921,0.2567874789237976,,,0.5113807928469231,0.3123866021633148,,0.8818968534469604,,0.1769414246082306,,0.666140083603713,,0.20639899373054504
0,9,,,,,0.6595800518989563,,,,,,,,,,,
0,19,,,,,0.5842350125312805,,,,,,,,,,,
0,29,,,,,0.4921902120113373,,,,,,,,,,,
0,39,,,,,0.4664827287197113,,,,,,,,,,,
0,49,,,,,0.5526254177093506,,,,,,,,,,,
0,59,,,,,0.6090884804725647,,,,,,,,,,,
0,69,,,,,0.5418919920921326,,,,,,,,,,,
0,79,,,,,0.5585062503814697,,,,,,,,,,,
0,89,,,,,0.521391749382019,,,,,,,,,,,
0,99,,,,,0.6064162850379944,,,,,,,,,,,
0,109,,,,,0.5281135439872742,,,,,,,,,,,
0,119,,,,,0.5502976775169373,,,,,,,,,,,
0,129,,,,,0.5939726829528809,,,,,,,,,,,
0,139,,,,,0.5773070454597473,,,,,,,,,,,
0,0,2.655929351193176,91.63074516183815,,,,,,,,,,,,,,
0,141,,,,,,0.5689539313316345,,,,,,,,,,
1,149,,,,,0.6268614530563354,,,,,,,,,,,
1,159,,,,,0.5710573792457581,,,,,,,,,,,
1,169,,,,,0.5021011829376221,,,,,,,,,,,
1,179,,,,,0.6094154715538025,,,,,,,,,,,
1,189,,,,,0.5930951833724976,,,,,,,,,,,
1,199,,,,,0.5785618424415588,,,,,,,,,,,
1,209,,,,,0.6216655373573303,,,,,,,,,,,
1,219,,,,,0.5251420736312866,,,,,,,,,,,
1,229,,,,,0.5317814350128174,,,,,,,,,,,
1,239,,,,,0.7048065066337585,,,,,,,,,,,
1,249,,,,,0.5319072008132935,,,,,,,,,,,
1,259,,,,,0.5902112126350403,,,,,,,,,,,
1,269,,,,,0.6141663193702698,,,,,,,,,,,
1,279,,,,,0.49044719338417053,,,,,,,,,,,
1,1,2.6358496591675413,91.63823584728563,,,,,,,,,,,,,,
1,283,,,,,,0.5662163496017456,,,,,,,,,,
2,289,,,,,0.5686393976211548,,,,,,,,,,,
2,299,,,,,0.5935333967208862,,,,,,,,,,,
2,309,,,,,0.5430609583854675,,,,,,,,,,,
2,319,,,,,0.5966043472290039,,,,,,,,,,,
2,329,,,,,0.5666419267654419,,,,,,,,,,,
2,339,,,,,0.5115199685096741,,,,,,,,,,,
2,349,,,,,0.6170434951782227,,,,,,,,,,,
2,359,,,,,0.6072829961776733,,,,,,,,,,,
2,369,,,,,0.5237483382225037,,,,,,,,,,,
2,379,,,,,0.5589359998703003,,,,,,,,,,,
2,389,,,,,0.5446317791938782,,,,,,,,,,,
2,399,,,,,0.5724072456359863,,,,,,,,,,,
2,409,,,,,0.6035802364349365,,,,,,,,,,,
2,419,,,,,0.5452925562858582,,,,,,,,,,,
2,2,2.5796601376446926,91.64534644345977,,,,,,,,,,,,,,
2,425,,,,,,0.5666484832763672,,,,,,,,,,
3,429,,,,,0.5354151725769043,,,,,,,,,,,
3,439,,,,,0.5229162573814392,,,,,,,,,,,
3,449,,,,,0.591339647769928,,,,,,,,,,,
3,459,,,,,0.5419209003448486,,,,,,,,,,,
3,469,,,,,0.49248355627059937,,,,,,,,,,,
3,479,,,,,0.628358781337738,,,,,,,,,,,
3,489,,,,,0.5860674381256104,,,,,,,,,,,
3,499,,,,,0.5323984026908875,,,,,,,,,,,
3,509,,,,,0.606070876121521,,,,,,,,,,,
3,519,,,,,0.5015761852264404,,,,,,,,,,,
3,529,,,,,0.5159755349159241,,,,,,,,,,,
3,539,,,,,0.5309889912605286,,,,,,,,,,,
3,549,,,,,0.5943578481674194,,,,,,,,,,,
3,559,,,,,0.5106069445610046,,,,,,,,,,,
3,3,2.7609597018215375,91.65288217121297,,,,,,,,,,,,,,
3,567,,,,,,0.564976692199707,,,,,,,,,,
4,569,,,,,0.5987021923065186,,,,,,,,,,,
4,579,,,,,0.6138115525245667,,,,,,,,,,,
4,589,,,,,0.5380794405937195,,,,,,,,,,,
4,599,,,,,0.5742851495742798,,,,,,,,,,,
4,609,,,,,0.5324473977088928,,,,,,,,,,,
4,619,,,,,0.5308211445808411,,,,,,,,,,,
4,629,,,,,0.5276051163673401,,,,,,,,,,,
4,639,,,,,0.5559571385383606,,,,,,,,,,,
4,649,,,,,0.5541195273399353,,,,,,,,,,,
4,659,,,,,0.5537964701652527,,,,,,,,,,,
4,669,,,,,0.5779479146003723,,,,,,,,,,,
4,679,,,,,0.580551266670227,,,,,,,,,,,
4,689,,,,,0.47845038771629333,,,,,,,,,,,
4,699,,,,,0.5921676158905029,,,,,,,,,,,
4,709,,,,,0.5726341009140015,,,,,,,,,,,
4,4,2.806208482021844,91.65993164582856,,,,,,,,,,,,,,
4,709,,,,,,0.562571108341217,,,,,,,,,,
5,719,,,,,0.5980801582336426,,,,,,,,,,,
5,729,,,,,0.5997402667999268,,,,,,,,,,,
5,739,,,,,0.5420191287994385,,,,,,,,,,,
5,749,,,,,0.5930261015892029,,,,,,,,,,,
5,759,,,,,0.5392393469810486,,,,,,,,,,,
5,769,,,,,0.5727804899215698,,,,,,,,,,,
5,779,,,,,0.5516660809516907,,,,,,,,,,,
5,789,,,,,0.5210911631584167,,,,,,,,,,,
5,799,,,,,0.5225185751914978,,,,,,,,,,,
5,809,,,,,0.6092967987060547,,,,,,,,,,,
5,819,,,,,0.5148007869720459,,,,,,,,,,,
5,829,,,,,0.6039484739303589,,,,,,,,,,,
5,839,,,,,0.5511912703514099,,,,,,,,,,,
5,849,,,,,0.5239301323890686,,,,,,,,,,,
5,5,2.728187786650173,91.66705440072845,,,,,,,,,,,,,,
5,851,,,,,,0.5604678988456726,,,,,,,,,,
6,859,,,,,0.518235981464386,,,,,,,,,,,
6,869,,,,,0.5542244911193848,,,,,,,,,,,
6,879,,,,,0.559042751789093,,,,,,,,,,,
6,889,,,,,0.5297109484672546,,,,,,,,,,,
6,899,,,,,0.5268880724906921,,,,,,,,,,,
6,909,,,,,0.6357349753379822,,,,,,,,,,,
6,919,,,,,0.6297383904457092,,,,,,,,,,,
6,929,,,,,0.5473062992095947,,,,,,,,,,,
6,939,,,,,0.49586594104766846,,,,,,,,,,,
6,949,,,,,0.5245675444602966,,,,,,,,,,,
6,959,,,,,0.5289785265922546,,,,,,,,,,,
6,969,,,,,0.5945107936859131,,,,,,,,,,,
6,979,,,,,0.5455557107925415,,,,,,,,,,,
6,989,,,,,0.5514868497848511,,,,,,,,,,,
6,6,2.7585771103138335,91.67436735777554,,,,,,,,,,,,,,
6,993,,,,,,0.5587660074234009,,,,,,,,,,
7,999,,,,,0.5667092800140381,,,,,,,,,,,
7,1009,,,,,0.5564056634902954,,,,,,,,,,,
7,1019,,,,,0.5314772129058838,,,,,,,,,,,
7,1029,,,,,0.5655126571655273,,,,,,,,,,,
7,1039,,,,,0.48145899176597595,,,,,,,,,,,
7,1049,,,,,0.5775397419929504,,,,,,,,,,,
7,1059,,,,,0.6034795045852661,,,,,,,,,,,
7,1069,,,,,0.5850794315338135,,,,,,,,,,,
7,1079,,,,,0.5532516241073608,,,,,,,,,,,
7,1089,,,,,0.5947616100311279,,,,,,,,,,,
7,1099,,,,,0.5863711833953857,,,,,,,,,,,
7,1109,,,,,0.547873854637146,,,,,,,,,,,
7,1119,,,,,0.49965453147888184,,,,,,,,,,,
7,1129,,,,,0.49263590574264526,,,,,,,,,,,
7,7,2.8271888433775603,91.6819103536038,,,,,,,,,,,,,,
7,1135,,,,,,0.5563772320747375,,,,,,,,,,
8,1139,,,,,0.5594422221183777,,,,,,,,,,,
8,1149,,,,,0.5285504460334778,,,,,,,,,,,
8,1159,,,,,0.5905864238739014,,,,,,,,,,,
8,1169,,,,,0.540492057800293,,,,,,,,,,,
8,1179,,,,,0.6360002756118774,,,,,,,,,,,
8,1189,,,,,0.5375388264656067,,,,,,,,,,,
8,1199,,,,,0.5008780360221863,,,,,,,,,,,
8,1209,,,,,0.5324843525886536,,,,,,,,,,,
8,1219,,,,,0.579002857208252,,,,,,,,,,,
8,1229,,,,,0.6196085810661316,,,,,,,,,,,
8,1239,,,,,0.5058914422988892,,,,,,,,,,,
8,1249,,,,,0.5050550103187561,,,,,,,,,,,
8,1259,,,,,0.5832578539848328,,,,,,,,,,,
8,1269,,,,,0.5711634159088135,,,,,,,,,,,
8,8,2.8354672739849116,91.68931415788528,,,,,,,,,,,,,,
8,1277,,,,,,0.5554002523422241,,,,,,,,,,
9,1279,,,,,0.5257994532585144,,,,,,,,,,,
9,1289,,,,,0.523247480392456,,,,,,,,,,,
9,1299,,,,,0.5661618709564209,,,,,,,,,,,
9,1309,,,,,0.5942482352256775,,,,,,,,,,,
9,1319,,,,,0.5667398571968079,,,,,,,,,,,
9,1329,,,,,0.5738327503204346,,,,,,,,,,,
9,1339,,,,,0.5215066075325012,,,,,,,,,,,
9,1349,,,,,0.5404824018478394,,,,,,,,,,,
9,1359,,,,,0.5223802924156189,,,,,,,,,,,
9,1369,,,,,0.5690044164657593,,,,,,,,,,,
9,1379,,,,,0.611513614654541,,,,,,,,,,,
9,1389,,,,,0.5473384261131287,,,,,,,,,,,
9,1399,,,,,0.5800320506095886,,,,,,,,,,,
9,1409,,,,,0.6077962517738342,,,,,,,,,,,
9,1419,,,,,0.5154017806053162,,,,,,,,,,,
9,9,,,0.9574828147888184,0.2716805338859558,,,0.49445680894807753,0.3341108560562134,,0.8825156688690186,,0.1832405924797058,,0.6714239242885794,,0.21430224180221558
9,1419,,,,,,,,,0.8825156688690186,,0.1832405924797058,,0.6714239120483398,,0.21430224180221558,
9,9,2.8622856501327067,91.69653978002098,,,,,,,,,,,,,,
9,1419,,,,,,0.5534667372703552,,,,,,,,,,
10,1429,,,,,0.5730211734771729,,,,,,,,,,,
10,1439,,,,,0.5171496868133545,,,,,,,,,,,
10,1449,,,,,0.5552022457122803,,,,,,,,,,,
10,1459,,,,,0.5612787008285522,,,,,,,,,,,
10,1469,,,,,0.48322099447250366,,,,,,,,,,,
10,1479,,,,,0.6082434058189392,,,,,,,,,,,
10,1489,,,,,0.531793475151062,,,,,,,,,,,
10,1499,,,,,0.5436239838600159,,,,,,,,,,,
10,1509,,,,,0.5353958010673523,,,,,,,,,,,
10,1519,,,,,0.5305230617523193,,,,,,,,,,,
10,1529,,,,,0.5256799459457397,,,,,,,,,,,
10,1539,,,,,0.534832239151001,,,,,,,,,,,
10,1549,,,,,0.6185433864593506,,,,,,,,,,,
10,1559,,,,,0.5468631982803345,,,,,,,,,,,
10,10,2.733786896167948,91.70372097348692,,,,,,,,,,,,,,
10,1561,,,,,,0.5510467886924744,,,,,,,,,,
11,1569,,,,,0.5543544292449951,,,,,,,,,,,
11,1579,,,,,0.5387061238288879,,,,,,,,,,,
11,1589,,,,,0.49549540877342224,,,,,,,,,,,
11,1599,,,,,0.575175940990448,,,,,,,,,,,
11,1609,,,,,0.5559356212615967,,,,,,,,,,,
11,1619,,,,,0.6006848216056824,,,,,,,,,,,
11,1629,,,,,0.49780499935150146,,,,,,,,,,,
11,1639,,,,,0.535529613494873,,,,,,,,,,,
11,1649,,,,,0.5119131207466125,,,,,,,,,,,
11,1659,,,,,0.5880027413368225,,,,,,,,,,,
11,1669,,,,,0.5296066999435425,,,,,,,,,,,
11,1679,,,,,0.5592843294143677,,,,,,,,,,,
11,1689,,,,,0.6023017764091492,,,,,,,,,,,
11,1699,,,,,0.558932900428772,,,,,,,,,,,
11,11,2.7502574439551433,91.71081588210203,,,,,,,,,,,,,,
11,1703,,,,,,0.5501096248626709,,,,,,,,,,
12,1709,,,,,0.5371688604354858,,,,,,,,,,,
12,1719,,,,,0.5588825345039368,,,,,,,,,,,
12,1729,,,,,0.508148193359375,,,,,,,,,,,
12,1739,,,,,0.6240841150283813,,,,,,,,,,,
12,1749,,,,,0.5924659371376038,,,,,,,,,,,
12,1759,,,,,0.5037720203399658,,,,,,,,,,,
12,1769,,,,,0.4945376515388489,,,,,,,,,,,
12,1779,,,,,0.5786513686180115,,,,,,,,,,,
12,1789,,,,,0.5067530870437622,,,,,,,,,,,
12,1799,,,,,0.5653345584869385,,,,,,,,,,,
12,1809,,,,,0.5140102505683899,,,,,,,,,,,
12,1819,,,,,0.5172911882400513,,,,,,,,,,,
12,1829,,,,,0.49964895844459534,,,,,,,,,,,
12,1839,,,,,0.5541645288467407,,,,,,,,,,,
12,12,2.913658495938127,91.71857089398911,,,,,,,,,,,,,,
12,1845,,,,,,0.548511803150177,,,,,,,,,,
13,1849,,,,,0.47658437490463257,,,,,,,,,,,
13,1859,,,,,0.6204487085342407,,,,,,,,,,,
13,1869,,,,,0.5969411730766296,,,,,,,,,,,
13,1879,,,,,0.5586176514625549,,,,,,,,,,,
13,1889,,,,,0.5489974617958069,,,,,,,,,,,
13,1899,,,,,0.4961349070072174,,,,,,,,,,,
13,1909,,,,,0.526581346988678,,,,,,,,,,,
13,1919,,,,,0.5258631706237793,,,,,,,,,,,
13,1929,,,,,0.4840201735496521,,,,,,,,,,,
13,1939,,,,,0.5908679962158203,,,,,,,,,,,
13,1949,,,,,0.5563881993293762,,,,,,,,,,,
13,1959,,,,,0.5997227430343628,,,,,,,,,,,
13,1969,,,,,0.5319351553916931,,,,,,,,,,,
13,1979,,,,,0.5400425791740417,,,,,,,,,,,
13,13,3.0262441459605247,91.72582009227233,,,,,,,,,,,,,,
13,1987,,,,,,0.5470582842826843,,,,,,,,,,
14,1989,,,,,0.5813356637954712,,,,,,,,,,,
14,1999,,,,,0.5211559534072876,,,,,,,,,,,
14,2009,,,,,0.5605574250221252,,,,,,,,,,,
14,2019,,,,,0.46730872988700867,,,,,,,,,,,
14,2029,,,,,0.5592268705368042,,,,,,,,,,,
14,2039,,,,,0.6055567860603333,,,,,,,,,,,
14,2049,,,,,0.4961335361003876,,,,,,,,,,,
14,2059,,,,,0.6212825179100037,,,,,,,,,,,
14,2069,,,,,0.543861985206604,,,,,,,,,,,
14,2079,,,,,0.5842041373252869,,,,,,,,,,,
14,2089,,,,,0.5133604407310486,,,,,,,,,,,
14,2099,,,,,0.5341590046882629,,,,,,,,,,,
14,2109,,,,,0.5083012580871582,,,,,,,,,,,
14,2119,,,,,0.508514940738678,,,,,,,,,,,
14,2129,,,,,0.4751465916633606,,,,,,,,,,,
14,14,3.047107234234508,91.73315126758011,,,,,,,,,,,,,,
14,2129,,,,,,0.5430793166160583,,,,,,,,,,
15,2139,,,,,0.5688771605491638,,,,,,,,,,,
15,2149,,,,,0.5155474543571472,,,,,,,,,,,
15,2159,,,,,0.5364766120910645,,,,,,,,,,,
15,2169,,,,,0.482248991727829,,,,,,,,,,,
15,2179,,,,,0.4963531196117401,,,,,,,,,,,
15,2189,,,,,0.5719342827796936,,,,,,,,,,,
15,2199,,,,,0.5217832922935486,,,,,,,,,,,
15,2209,,,,,0.5418698191642761,,,,,,,,,,,
15,2219,,,,,0.5874011516571045,,,,,,,,,,,
15,2229,,,,,0.5289011001586914,,,,,,,,,,,
15,2239,,,,,0.5088961124420166,,,,,,,,,,,
15,2249,,,,,0.5095159411430359,,,,,,,,,,,
15,2259,,,,,0.518164873123169,,,,,,,,,,,
15,2269,,,,,0.5567485094070435,,,,,,,,,,,
15,15,3.125099748733656,91.74044931614553,,,,,,,,,,,,,,
15,2271,,,,,,0.5439683794975281,,,,,,,,,,
16,2279,,,,,0.49410510063171387,,,,,,,,,,,
16,2289,,,,,0.5904300808906555,,,,,,,,,,,
16,2299,,,,,0.5332967638969421,,,,,,,,,,,
16,2309,,,,,0.5392012000083923,,,,,,,,,,,
16,2319,,,,,0.5316677689552307,,,,,,,,,,,
16,2329,,,,,0.5653243660926819,,,,,,,,,,,
16,2339,,,,,0.5203946828842163,,,,,,,,,,,
16,2349,,,,,0.5222517251968384,,,,,,,,,,,
16,2359,,,,,0.5535542368888855,,,,,,,,,,,
16,2369,,,,,0.5820925831794739,,,,,,,,,,,
16,2379,,,,,0.5963855385780334,,,,,,,,,,,
16,2389,,,,,0.533447802066803,,,,,,,,,,,
16,2399,,,,,0.5432255864143372,,,,,,,,,,,
16,2409,,,,,0.5471522212028503,,,,,,,,,,,
16,16,2.9850825723613434,91.74750121668397,,,,,,,,,,,,,,
16,2413,,,,,,0.5391882061958313,,,,,,,,,,
17,2419,,,,,0.5665363669395447,,,,,,,,,,,
17,2429,,,,,0.5043047666549683,,,,,,,,,,,
17,2439,,,,,0.5100265145301819,,,,,,,,,,,
17,2449,,,,,0.5346705317497253,,,,,,,,,,,
17,2459,,,,,0.5514182448387146,,,,,,,,,,,
17,2469,,,,,0.5620133280754089,,,,,,,,,,,
17,2479,,,,,0.5870893001556396,,,,,,,,,,,
17,2489,,,,,0.5587751865386963,,,,,,,,,,,
17,2499,,,,,0.5782211422920227,,,,,,,,,,,
17,2509,,,,,0.492393434047699,,,,,,,,,,,
17,2519,,,,,0.5256696343421936,,,,,,,,,,,
17,2529,,,,,0.5579938292503357,,,,,,,,,,,
17,2539,,,,,0.5945367217063904,,,,,,,,,,,
17,2549,,,,,0.530097246170044,,,,,,,,,,,
17,17,2.939482498452895,91.7550606917585,,,,,,,,,,,,,,
17,2555,,,,,,0.5390887260437012,,,,,,,,,,
18,2559,,,,,0.5333976745605469,,,,,,,,,,,
18,2569,,,,,0.5532974004745483,,,,,,,,,,,
18,2579,,,,,0.5193659663200378,,,,,,,,,,,
18,2589,,,,,0.5414974093437195,,,,,,,,,,,
18,2599,,,,,0.5559982061386108,,,,,,,,,,,
18,2609,,,,,0.5271390080451965,,,,,,,,,,,
18,2619,,,,,0.5427669882774353,,,,,,,,,,,
18,2629,,,,,0.5269477367401123,,,,,,,,,,,
18,2639,,,,,0.4970257580280304,,,,,,,,,,,
18,2649,,,,,0.6467960476875305,,,,,,,,,,,
18,2659,,,,,0.5885148048400879,,,,,,,,,,,
18,2669,,,,,0.49890846014022827,,,,,,,,,,,
18,2679,,,,,0.5029950141906738,,,,,,,,,,,
18,2689,,,,,0.5262279510498047,,,,,,,,,,,
18,18,2.8602348404817435,91.76207960177507,,,,,,,,,,,,,,
18,2697,,,,,,0.5374256372451782,,,,,,,,,,
19,2699,,,,,0.5902114510536194,,,,,,,,,,,
19,2709,,,,,0.48403415083885193,,,,,,,,,,,
19,2719,,,,,0.45798271894454956,,,,,,,,,,,
19,2729,,,,,0.5366429686546326,,,,,,,,,,,
19,2739,,,,,0.5601565837860107,,,,,,,,,,,
19,2749,,,,,0.49618738889694214,,,,,,,,,,,
19,2759,,,,,0.5492669939994812,,,,,,,,,,,
19,2769,,,,,0.5106123685836792,,,,,,,,,,,
19,2779,,,,,0.5525012016296387,,,,,,,,,,,
19,2789,,,,,0.508735179901123,,,,,,,,,,,
19,2799,,,,,0.5711753964424133,,,,,,,,,,,
19,2809,,,,,0.515779972076416,,,,,,,,,,,
19,2819,,,,,0.5112038254737854,,,,,,,,,,,
19,2829,,,,,0.5054695010185242,,,,,,,,,,,
19,2839,,,,,0.5942382216453552,,,,,,,,,,,
19,19,,,0.9619103074073792,0.2896054685115814,,,0.47435996377831396,0.35375282168388367,,0.8855811357498169,,0.18876874446868896,,0.6681065911389127,,0.21675239503383636
19,2839,,,,,,,,,0.8855811357498169,,0.18876874446868896,,0.6681066751480103,,0.21675239503383636,
19,19,3.0145727340801565,91.76950575380745,,,,,,,,,,,,,,
19,2839,,,,,,0.5361716151237488,,,,,,,,,,
20,2849,,,,,0.49664929509162903,,,,,,,,,,,
20,2859,,,,,0.4991692900657654,,,,,,,,,,,
20,2869,,,,,0.5461969375610352,,,,,,,,,,,
20,2879,,,,,0.5566942691802979,,,,,,,,,,,
20,2889,,,,,0.5655249953269958,,,,,,,,,,,
20,2899,,,,,0.5403963923454285,,,,,,,,,,,
20,2909,,,,,0.5408076643943787,,,,,,,,,,,
20,2919,,,,,0.5003303289413452,,,,,,,,,,,
20,2929,,,,,0.5810972452163696,,,,,,,,,,,
20,2939,,,,,0.5634792447090149,,,,,,,,,,,
20,2949,,,,,0.6324031352996826,,,,,,,,,,,
20,2959,,,,,0.5731055736541748,,,,,,,,,,,
20,2969,,,,,0.5606375336647034,,,,,,,,,,,
20,2979,,,,,0.5029220581054688,,,,,,,,,,,
20,20,3.2068281983076075,91.77689751318064,,,,,,,,,,,,,,
20,2981,,,,,,0.5349267721176147,,,,,,,,,,
21,2989,,,,,0.5249553918838501,,,,,,,,,,,
21,2999,,,,,0.4863907992839813,,,,,,,,,,,
21,3009,,,,,0.5466532707214355,,,,,,,,,,,
21,3019,,,,,0.5463460683822632,,,,,,,,,,,
21,3029,,,,,0.6345854997634888,,,,,,,,,,,
21,3039,,,,,0.4905981123447418,,,,,,,,,,,
21,3049,,,,,0.49118614196777344,,,,,,,,,,,
21,3059,,,,,0.5263838171958923,,,,,,,,,,,
21,3069,,,,,0.49748694896698,,,,,,,,,,,
21,3079,,,,,0.5570938587188721,,,,,,,,,,,
21,3089,,,,,0.5016393661499023,,,,,,,,,,,
21,3099,,,,,0.54662024974823,,,,,,,,,,,
21,3109,,,,,0.5175554156303406,,,,,,,,,,,
21,3119,,,,,0.5491998195648193,,,,,,,,,,,
21,21,2.8434504851464055,91.78424920215402,,,,,,,,,,,,,,
21,3123,,,,,,0.5314072370529175,,,,,,,,,,
22,3129,,,,,0.5741255283355713,,,,,,,,,,,
22,3139,,,,,0.4749320447444916,,,,,,,,,,,
22,3149,,,,,0.4961265027523041,,,,,,,,,,,
22,3159,,,,,0.6014090180397034,,,,,,,,,,,
22,3169,,,,,0.5171395540237427,,,,,,,,,,,
22,3179,,,,,0.5187587141990662,,,,,,,,,,,
22,3189,,,,,0.5212805271148682,,,,,,,,,,,
22,3199,,,,,0.46497273445129395,,,,,,,,,,,
22,3209,,,,,0.5117040872573853,,,,,,,,,,,
22,3219,,,,,0.5877922177314758,,,,,,,,,,,
22,3229,,,,,0.5394468307495117,,,,,,,,,,,
22,3239,,,,,0.48840606212615967,,,,,,,,,,,
22,3249,,,,,0.5207362174987793,,,,,,,,,,,
22,3259,,,,,0.5738121867179871,,,,,,,,,,,
22,22,3.0067906971869287,91.79138920784752,,,,,,,,,,,,,,
22,3265,,,,,,0.5304027199745178,,,,,,,,,,
23,3269,,,,,0.5268111228942871,,,,,,,,,,,
23,3279,,,,,0.4884224832057953,,,,,,,,,,,
23,3289,,,,,0.4846143424510956,,,,,,,,,,,
23,3299,,,,,0.532274603843689,,,,,,,,,,,
23,3309,,,,,0.5428314208984375,,,,,,,,,,,
23,3319,,,,,0.5001016855239868,,,,,,,,,,,
23,3329,,,,,0.5573230981826782,,,,,,,,,,,
23,3339,,,,,0.5128010511398315,,,,,,,,,,,
23,3349,,,,,0.5062379837036133,,,,,,,,,,,
23,3359,,,,,0.5234706401824951,,,,,,,,,,,
23,3369,,,,,0.4972626268863678,,,,,,,,,,,
23,3379,,,,,0.5629646182060242,,,,,,,,,,,
23,3389,,,,,0.5639562010765076,,,,,,,,,,,
23,3399,,,,,0.44791024923324585,,,,,,,,,,,
23,23,2.8178256462185542,91.79860405615811,,,,,,,,,,,,,,
23,3407,,,,,,0.5290288925170898,,,,,,,,,,
24,3409,,,,,0.5543180108070374,,,,,,,,,,,
24,3419,,,,,0.5454684495925903,,,,,,,,,,,
24,3429,,,,,0.5811313986778259,,,,,,,,,,,
24,3439,,,,,0.5661380290985107,,,,,,,,,,,
24,3449,,,,,0.5285037755966187,,,,,,,,,,,
24,3459,,,,,0.6314952373504639,,,,,,,,,,,
24,3469,,,,,0.4188755750656128,,,,,,,,,,,
24,3479,,,,,0.4947035312652588,,,,,,,,,,,
24,3489,,,,,0.5528424382209778,,,,,,,,,,,
24,3499,,,,,0.5370772480964661,,,,,,,,,,,
24,3509,,,,,0.48718777298927307,,,,,,,,,,,
24,3519,,,,,0.49325376749038696,,,,,,,,,,,
24,3529,,,,,0.48608532547950745,,,,,,,,,,,
24,3539,,,,,0.5686145424842834,,,,,,,,,,,
24,3549,,,,,0.4880252778530121,,,,,,,,,,,
24,24,2.883097354080329,91.80581377461276,,,,,,,,,,,,,,
24,3549,,,,,,0.5269351005554199,,,,,,,,,,
25,3559,,,,,0.5213947296142578,,,,,,,,,,,
25,3569,,,,,0.46607905626296997,,,,,,,,,,,
25,3579,,,,,0.529819667339325,,,,,,,,,,,
25,3589,,,,,0.5061823725700378,,,,,,,,,,,
25,3599,,,,,0.5776996612548828,,,,,,,,,,,
25,3609,,,,,0.5736496448516846,,,,,,,,,,,
25,3619,,,,,0.5260343551635742,,,,,,,,,,,
25,3629,,,,,0.4856380522251129,,,,,,,,,,,
25,3639,,,,,0.5228977799415588,,,,,,,,,,,
25,3649,,,,,0.5097295641899109,,,,,,,,,,,
25,3659,,,,,0.4810049831867218,,,,,,,,,,,
25,3669,,,,,0.5172774791717529,,,,,,,,,,,
25,3679,,,,,0.54270339012146,,,,,,,,,,,
25,3689,,,,,0.5231567025184631,,,,,,,,,,,
25,25,2.7446272707199064,91.81319863295954,,,,,,,,,,,,,,
25,3691,,,,,,0.5247853994369507,,,,,,,,,,
26,3699,,,,,0.5287789702415466,,,,,,,,,,,
26,3709,,,,,0.5306209325790405,,,,,,,,,,,
26,3719,,,,,0.541758120059967,,,,,,,,,,,
26,3729,,,,,0.5336315035820007,,,,,,,,,,,
26,3739,,,,,0.5026581883430481,,,,,,,,,,,
26,3749,,,,,0.5462097525596619,,,,,,,,,,,
26,3759,,,,,0.5542570948600769,,,,,,,,,,,
26,3769,,,,,0.5119945406913757,,,,,,,,,,,
26,3779,,,,,0.4873131215572357,,,,,,,,,,,
26,3789,,,,,0.5563632249832153,,,,,,,,,,,
26,3799,,,,,0.5335069894790649,,,,,,,,,,,
26,3809,,,,,0.5311608910560608,,,,,,,,,,,
26,3819,,,,,0.4659390151500702,,,,,,,,,,,
26,3829,,,,,0.5485616326332092,,,,,,,,,,,
26,26,3.1002930563463726,91.82064628202846,,,,,,,,,,,,,,
26,3833,,,,,,0.5253153443336487,,,,,,,,,,
27,3839,,,,,0.5886304974555969,,,,,,,,,,,
27,3849,,,,,0.5517314076423645,,,,,,,,,,,
27,3859,,,,,0.4875199794769287,,,,,,,,,,,
27,3869,,,,,0.5501900315284729,,,,,,,,,,,
27,3879,,,,,0.43583497405052185,,,,,,,,,,,
27,3889,,,,,0.5204911828041077,,,,,,,,,,,
27,3899,,,,,0.5403966903686523,,,,,,,,,,,
27,3909,,,,,0.47997477650642395,,,,,,,,,,,
27,3919,,,,,0.5256453156471252,,,,,,,,,,,
27,3929,,,,,0.4979042410850525,,,,,,,,,,,
27,3939,,,,,0.454891175031662,,,,,,,,,,,
27,3949,,,,,0.46363094449043274,,,,,,,,,,,
27,3959,,,,,0.5209643840789795,,,,,,,,,,,
27,3969,,,,,0.5205343961715698,,,,,,,,,,,
27,27,2.617242811440833,91.82812163717729,,,,,,,,,,,,,,
27,3975,,,,,,0.521194338798523,,,,,,,,,,
28,3979,,,,,0.5306434035301208,,,,,,,,,,,
28,3989,,,,,0.5182015895843506,,,,,,,,,,,
28,3999,,,,,0.47609245777130127,,,,,,,,,,,
28,4009,,,,,0.47543513774871826,,,,,,,,,,,
28,4019,,,,,0.5693949460983276,,,,,,,,,,,
28,4029,,,,,0.46680954098701477,,,,,,,,,,,
28,4039,,,,,0.4637766182422638,,,,,,,,,,,
28,4049,,,,,0.48558977246284485,,,,,,,,,,,
28,4059,,,,,0.5144851803779602,,,,,,,,,,,
28,4069,,,,,0.510932981967926,,,,,,,,,,,
28,4079,,,,,0.49052664637565613,,,,,,,,,,,
28,4089,,,,,0.5454169511795044,,,,,,,,,,,
28,4099,,,,,0.5398004055023193,,,,,,,,,,,
28,4109,,,,,0.5046367645263672,,,,,,,,,,,
28,28,2.983569138223612,91.83573870151714,,,,,,,,,,,,,,
28,4117,,,,,,0.520737886428833,,,,,,,,,,
29,4119,,,,,0.538859486579895,,,,,,,,,,,
29,4129,,,,,0.5442541241645813,,,,,,,,,,,
29,4139,,,,,0.4939192831516266,,,,,,,,,,,
29,4149,,,,,0.5099321007728577,,,,,,,,,,,
29,4159,,,,,0.5487141013145447,,,,,,,,,,,
29,4169,,,,,0.4975079894065857,,,,,,,,,,,
29,4179,,,,,0.4733413755893707,,,,,,,,,,,
29,4189,,,,,0.564385175704956,,,,,,,,,,,
29,4199,,,,,0.5855816006660461,,,,,,,,,,,
29,4209,,,,,0.5746532678604126,,,,,,,,,,,
29,4219,,,,,0.5734332799911499,,,,,,,,,,,
29,4229,,,,,0.5115456581115723,,,,,,,,,,,
29,4239,,,,,0.5312434434890747,,,,,,,,,,,
29,4249,,,,,0.5576608777046204,,,,,,,,,,,
29,4259,,,,,0.5027174949645996,,,,,,,,,,,
29,29,,,0.9658494591712952,0.3100494146347046,,,0.4564489230545255,0.37428969144821167,,0.885537326335907,,0.19111795723438263,,0.6735097213971372,,0.21974079310894012
29,4259,,,,,,,,,0.885537326335907,,0.19111795723438263,,0.6735097765922546,,0.21974079310894012,
29,29,3.025503500287789,91.84301703939839,,,,,,,,,,,,,,
29,4259,,,,,,0.5182234048843384,,,,,,,,,,
30,4269,,,,,0.518376350402832,,,,,,,,,,,
30,4279,,,,,0.4837477505207062,,,,,,,,,,,
30,4289,,,,,0.5529909729957581,,,,,,,,,,,
30,4299,,,,,0.5993325114250183,,,,,,,,,,,
30,4309,,,,,0.5402163863182068,,,,,,,,,,,
30,4319,,,,,0.557339072227478,,,,,,,,,,,
30,4329,,,,,0.48338642716407776,,,,,,,,,,,
30,4339,,,,,0.5042309165000916,,,,,,,,,,,
30,4349,,,,,0.5205894112586975,,,,,,,,,,,
30,4359,,,,,0.5291664600372314,,,,,,,,,,,
30,4369,,,,,0.44601720571517944,,,,,,,,,,,
30,4379,,,,,0.5062487721443176,,,,,,,,,,,
30,4389,,,,,0.5284798741340637,,,,,,,,,,,
30,4399,,,,,0.4896872341632843,,,,,,,,,,,
30,30,3.1344572892906446,91.85078894104592,,,,,,,,,,,,,,
30,4401,,,,,,0.5197358727455139,,,,,,,,,,
31,4409,,,,,0.4937572181224823,,,,,,,,,,,
31,4419,,,,,0.5726684331893921,,,,,,,,,,,
31,4429,,,,,0.5377002954483032,,,,,,,,,,,
31,4439,,,,,0.4965117871761322,,,,,,,,,,,
31,4449,,,,,0.5041244029998779,,,,,,,,,,,
31,4459,,,,,0.5295414924621582,,,,,,,,,,,
31,4469,,,,,0.48215967416763306,,,,,,,,,,,
31,4479,,,,,0.5508532524108887,,,,,,,,,,,
31,4489,,,,,0.4614526033401489,,,,,,,,,,,
31,4499,,,,,0.5073829889297485,,,,,,,,,,,
31,4509,,,,,0.47813108563423157,,,,,,,,,,,
31,4519,,,,,0.504460334777832,,,,,,,,,,,
31,4529,,,,,0.5155189633369446,,,,,,,,,,,
31,4539,,,,,0.4638240337371826,,,,,,,,,,,
31,31,2.760305082221359,91.85804129452833,,,,,,,,,,,,,,
31,4543,,,,,,0.5151042938232422,,,,,,,,,,
32,4549,,,,,0.5091705322265625,,,,,,,,,,,
32,4559,,,,,0.5071395635604858,,,,,,,,,,,
32,4569,,,,,0.4799390733242035,,,,,,,,,,,
32,4579,,,,,0.5049635171890259,,,,,,,,,,,
32,4589,,,,,0.4646933078765869,,,,,,,,,,,
32,4599,,,,,0.5280807614326477,,,,,,,,,,,
32,4609,,,,,0.4648818373680115,,,,,,,,,,,
32,4619,,,,,0.49962133169174194,,,,,,,,,,,
32,4629,,,,,0.5539258122444153,,,,,,,,,,,
32,4639,,,,,0.486979216337204,,,,,,,,,,,
32,4649,,,,,0.4574418365955353,,,,,,,,,,,
32,4659,,,,,0.546025812625885,,,,,,,,,,,
32,4669,,,,,0.4956302046775818,,,,,,,,,,,
32,4679,,,,,0.5238676071166992,,,,,,,,,,,
32,32,3.24960906177858,91.86458220314033,,,,,,,,,,,,,,
32,4685,,,,,,0.5138562917709351,,,,,,,,,,
33,4689,,,,,0.5150432586669922,,,,,,,,,,,
33,4699,,,,,0.5810196995735168,,,,,,,,,,,
33,4709,,,,,0.5208423137664795,,,,,,,,,,,
33,4719,,,,,0.5609992742538452,,,,,,,,,,,
33,4729,,,,,0.5503576993942261,,,,,,,,,,,
33,4739,,,,,0.4506963789463043,,,,,,,,,,,
33,4749,,,,,0.5520363450050354,,,,,,,,,,,
33,4759,,,,,0.48918119072914124,,,,,,,,,,,
33,4769,,,,,0.5892961025238037,,,,,,,,,,,
33,4779,,,,,0.5656524896621704,,,,,,,,,,,
33,4789,,,,,0.4623412787914276,,,,,,,,,,,
33,4799,,,,,0.4561476409435272,,,,,,,,,,,
33,4809,,,,,0.49718376994132996,,,,,,,,,,,
33,4819,,,,,0.5016332864761353,,,,,,,,,,,
33,33,2.8872121540681266,91.8719565976353,,,,,,,,,,,,,,
33,4827,,,,,,0.5127450823783875,,,,,,,,,,
34,4829,,,,,0.5050641298294067,,,,,,,,,,,
34,4839,,,,,0.5088828206062317,,,,,,,,,,,
34,4849,,,,,0.5198448896408081,,,,,,,,,,,
34,4859,,,,,0.49752673506736755,,,,,,,,,,,
34,4869,,,,,0.5117944478988647,,,,,,,,,,,
34,4879,,,,,0.4989831745624542,,,,,,,,,,,
34,4889,,,,,0.5126949548721313,,,,,,,,,,,
34,4899,,,,,0.49859634041786194,,,,,,,,,,,
34,4909,,,,,0.5257237553596497,,,,,,,,,,,
34,4919,,,,,0.4747498631477356,,,,,,,,,,,
34,4929,,,,,0.522505521774292,,,,,,,,,,,
34,4939,,,,,0.5398200750350952,,,,,,,,,,,
34,4949,,,,,0.48189958930015564,,,,,,,,,,,
34,4959,,,,,0.6079319715499878,,,,,,,,,,,
34,4969,,,,,0.5334263443946838,,,,,,,,,,,
34,34,3.0946043793447338,91.8795586495326,,,,,,,,,,,,,,
34,4969,,,,,,0.5109614729881287,,,,,,,,,,
35,4979,,,,,0.5032163858413696,,,,,,,,,,,
35,4989,,,,,0.4621860086917877,,,,,,,,,,,
35,4999,,,,,0.5948072671890259,,,,,,,,,,,
35,5009,,,,,0.5029798746109009,,,,,,,,,,,
35,5019,,,,,0.4487227201461792,,,,,,,,,,,
35,5029,,,,,0.5212523341178894,,,,,,,,,,,
35,5039,,,,,0.6005461812019348,,,,,,,,,,,
35,5049,,,,,0.5035296082496643,,,,,,,,,,,
35,5059,,,,,0.5453124642372131,,,,,,,,,,,
35,5069,,,,,0.5068169832229614,,,,,,,,,,,
35,5079,,,,,0.5438203811645508,,,,,,,,,,,
35,5089,,,,,0.544653058052063,,,,,,,,,,,
35,5099,,,,,0.5209171772003174,,,,,,,,,,,
35,5109,,,,,0.4647568464279175,,,,,,,,,,,
35,35,3.0365381393197386,91.88664238136808,,,,,,,,,,,,,,
35,5111,,,,,,0.5101849436759949,,,,,,,,,,
36,5119,,,,,0.5051106810569763,,,,,,,,,,,
36,5129,,,,,0.4781699776649475,,,,,,,,,,,
36,5139,,,,,0.4636674225330353,,,,,,,,,,,
36,5149,,,,,0.4758877456188202,,,,,,,,,,,
36,5159,,,,,0.5343146324157715,,,,,,,,,,,
36,5169,,,,,0.4842037260532379,,,,,,,,,,,
36,5179,,,,,0.544186532497406,,,,,,,,,,,
36,5189,,,,,0.47263747453689575,,,,,,,,,,,
36,5199,,,,,0.5648804903030396,,,,,,,,,,,
36,5209,,,,,0.5121506452560425,,,,,,,,,,,
36,5219,,,,,0.5604744553565979,,,,,,,,,,,
36,5229,,,,,0.4163287281990051,,,,,,,,,,,
36,5239,,,,,0.49906837940216064,,,,,,,,,,,
36,5249,,,,,0.48356834053993225,,,,,,,,,,,
36,36,3.3216344602632866,91.89401024069883,,,,,,,,,,,,,,
36,5253,,,,,,0.507625937461853,,,,,,,,,,
37,5259,,,,,0.4890275299549103,,,,,,,,,,,
37,5269,,,,,0.5228609442710876,,,,,,,,,,,
37,5279,,,,,0.5530904531478882,,,,,,,,,,,
37,5289,,,,,0.4767819046974182,,,,,,,,,,,
37,5299,,,,,0.477832555770874,,,,,,,,,,,
37,5309,,,,,0.5434584021568298,,,,,,,,,,,
37,5319,,,,,0.5401793718338013,,,,,,,,,,,
37,5329,,,,,0.5229395627975464,,,,,,,,,,,
37,5339,,,,,0.4617253243923187,,,,,,,,,,,
37,5349,,,,,0.49253249168395996,,,,,,,,,,,
37,5359,,,,,0.48157936334609985,,,,,,,,,,,
37,5369,,,,,0.5488215684890747,,,,,,,,,,,
37,5379,,,,,0.5211153030395508,,,,,,,,,,,
37,5389,,,,,0.5372892022132874,,,,,,,,,,,
37,37,3.2275861739108764,91.90169307115237,,,,,,,,,,,,,,
37,5395,,,,,,0.5069389939308167,,,,,,,,,,
38,5399,,,,,0.5201623439788818,,,,,,,,,,,
38,5409,,,,,0.5893093943595886,,,,,,,,,,,
38,5419,,,,,0.46278560161590576,,,,,,,,,,,
38,5429,,,,,0.5143178701400757,,,,,,,,,,,
38,5439,,,,,0.4978371858596802,,,,,,,,,,,
38,5449,,,,,0.47939106822013855,,,,,,,,,,,
38,5459,,,,,0.5484944581985474,,,,,,,,,,,
38,5469,,,,,0.5142311453819275,,,,,,,,,,,
38,5479,,,,,0.5169263482093811,,,,,,,,,,,
38,5489,,,,,0.49899327754974365,,,,,,,,,,,
38,5499,,,,,0.4624428451061249,,,,,,,,,,,
38,5509,,,,,0.49953246116638184,,,,,,,,,,,
38,5519,,,,,0.5067774653434753,,,,,,,,,,,
38,5529,,,,,0.5383702516555786,,,,,,,,,,,
38,38,3.2148033034707897,91.90882222895942,,,,,,,,,,,,,,
38,5537,,,,,,0.5061845779418945,,,,,,,,,,
39,5539,,,,,0.5188242793083191,,,,,,,,,,,
39,5549,,,,,0.500445544719696,,,,,,,,,,,
39,5559,,,,,0.47384127974510193,,,,,,,,,,,
39,5569,,,,,0.528744637966156,,,,,,,,,,,
39,5579,,,,,0.46651893854141235,,,,,,,,,,,
39,5589,,,,,0.575864851474762,,,,,,,,,,,
39,5599,,,,,0.4982050061225891,,,,,,,,,,,
39,5609,,,,,0.49394506216049194,,,,,,,,,,,
39,5619,,,,,0.4865942597389221,,,,,,,,,,,
39,5629,,,,,0.5244216322898865,,,,,,,,,,,
39,5639,,,,,0.5604726076126099,,,,,,,,,,,
39,5649,,,,,0.5063734650611877,,,,,,,,,,,
39,5659,,,,,0.4757978916168213,,,,,,,,,,,
39,5669,,,,,0.5269914865493774,,,,,,,,,,,
39,5679,,,,,0.5302937626838684,,,,,,,,,,,
39,39,,,0.9694300889968872,0.33572840690612793,,,0.4388526778412068,0.3961549997329712,,0.8875203728675842,,0.19955024123191833,,0.6766435202135115,,0.2268962413072586
39,5679,,,,,,,,,0.8875203728675842,,0.19955024123191833,,0.676643431186676,,0.2268962413072586,
39,39,3.1692623616574602,91.91568860724975,,,,,,,,,,,,,,
39,5679,,,,,,0.5025818347930908,,,,,,,,,,
40,5689,,,,,0.48001614212989807,,,,,,,,,,,
40,5699,,,,,0.5029200911521912,,,,,,,,,,,
40,5709,,,,,0.4697689414024353,,,,,,,,,,,
40,5719,,,,,0.5383192300796509,,,,,,,,,,,
40,5729,,,,,0.4607972502708435,,,,,,,,,,,
40,5739,,,,,0.48975563049316406,,,,,,,,,,,
40,5749,,,,,0.5064893364906311,,,,,,,,,,,
40,5759,,,,,0.47593894600868225,,,,,,,,,,,
40,5769,,,,,0.5103129148483276,,,,,,,,,,,
40,5779,,,,,0.4988184869289398,,,,,,,,,,,
40,5789,,,,,0.47435474395751953,,,,,,,,,,,
40,5799,,,,,0.6085755825042725,,,,,,,,,,,
40,5809,,,,,0.4654345214366913,,,,,,,,,,,
40,5819,,,,,0.5678820610046387,,,,,,,,,,,
40,40,3.425301468848252,91.92323572101527,,,,,,,,,,,,,,
40,5821,,,,,,0.5013539791107178,,,,,,,,,,
41,5829,,,,,0.53981614112854,,,,,,,,,,,
41,5839,,,,,0.4758094847202301,,,,,,,,,,,
41,5849,,,,,0.5445879101753235,,,,,,,,,,,
41,5859,,,,,0.508754312992096,,,,,,,,,,,
41,5869,,,,,0.4769010841846466,,,,,,,,,,,
41,5879,,,,,0.5686376690864563,,,,,,,,,,,
41,5889,,,,,0.4904751777648926,,,,,,,,,,,
41,5899,,,,,0.5010989904403687,,,,,,,,,,,
41,5909,,,,,0.5051980018615723,,,,,,,,,,,
41,5919,,,,,0.5324665307998657,,,,,,,,,,,
41,5929,,,,,0.5124940276145935,,,,,,,,,,,
41,5939,,,,,0.5175386667251587,,,,,,,,,,,
41,5949,,,,,0.4464685320854187,,,,,,,,,,,
41,5959,,,,,0.48259618878364563,,,,,,,,,,,
41,41,3.080788504294825,91.93044423713383,,,,,,,,,,,,,,
41,5963,,,,,,0.5010648369789124,,,,,,,,,,
42,5969,,,,,0.5001031160354614,,,,,,,,,,,
42,5979,,,,,0.49318554997444153,,,,,,,,,,,
42,5989,,,,,0.5746663212776184,,,,,,,,,,,
42,5999,,,,,0.5018755197525024,,,,,,,,,,,
42,6009,,,,,0.5105375647544861,,,,,,,,,,,
42,6019,,,,,0.5281935930252075,,,,,,,,,,,
42,6029,,,,,0.49652108550071716,,,,,,,,,,,
42,6039,,,,,0.5245721936225891,,,,,,,,,,,
42,6049,,,,,0.4833585321903229,,,,,,,,,,,
42,6059,,,,,0.45618608593940735,,,,,,,,,,,
42,6069,,,,,0.4001595377922058,,,,,,,,,,,
42,6079,,,,,0.5848425626754761,,,,,,,,,,,
42,6089,,,,,0.49080953001976013,,,,,,,,,,,
42,6099,,,,,0.47000545263290405,,,,,,,,,,,
42,42,3.1014522129156403,91.93767846692622,,,,,,,,,,,,,,
42,6105,,,,,,0.4990461766719818,,,,,,,,,,
43,6109,,,,,0.4282475709915161,,,,,,,,,,,
43,6119,,,,,0.5233919024467468,,,,,,,,,,,
43,6129,,,,,0.5446059107780457,,,,,,,,,,,
43,6139,,,,,0.46542373299598694,,,,,,,,,,,
43,6149,,,,,0.49332886934280396,,,,,,,,,,,
43,6159,,,,,0.4991637170314789,,,,,,,,,,,
43,6169,,,,,0.5272397994995117,,,,,,,,,,,
43,6179,,,,,0.5364934206008911,,,,,,,,,,,
43,6189,,,,,0.510261058807373,,,,,,,,,,,
43,6199,,,,,0.48358339071273804,,,,,,,,,,,
43,6209,,,,,0.46656879782676697,,,,,,,,,,,
43,6219,,,,,0.501399040222168,,,,,,,,,,,
43,6229,,,,,0.515636146068573,,,,,,,,,,,
43,6239,,,,,0.5337873697280884,,,,,,,,,,,
43,43,3.163630603350497,91.94499333452752,,,,,,,,,,,,,,
43,6247,,,,,,0.4975009560585022,,,,,,,,,,
44,6249,,,,,0.4439085125923157,,,,,,,,,,,
44,6259,,,,,0.4590038061141968,,,,,,,,,,,
44,6269,,,,,0.44590553641319275,,,,,,,,,,,
44,6279,,,,,0.5303887128829956,,,,,,,,,,,
44,6289,,,,,0.5217949151992798,,,,,,,,,,,
44,6299,,,,,0.5259616374969482,,,,,,,,,,,
44,6309,,,,,0.5457246899604797,,,,,,,,,,,
44,6319,,,,,0.5138702988624573,,,,,,,,,,,
44,6329,,,,,0.45953238010406494,,,,,,,,,,,
44,6339,,,,,0.4839930832386017,,,,,,,,,,,
44,6349,,,,,0.46063506603240967,,,,,,,,,,,
44,6359,,,,,0.5319328904151917,,,,,,,,,,,
44,6369,,,,,0.48965421319007874,,,,,,,,,,,
44,6379,,,,,0.4901407063007355,,,,,,,,,,,
44,6389,,,,,0.5135875940322876,,,,,,,,,,,
44,44,3.136434750652945,91.9522518135939,,,,,,,,,,,,,,
44,6389,,,,,,0.4944726526737213,,,,,,,,,,
45,6399,,,,,0.503031313419342,,,,,,,,,,,
45,6409,,,,,0.47145023941993713,,,,,,,,,,,
45,6419,,,,,0.4228970408439636,,,,,,,,,,,
45,6429,,,,,0.5292102694511414,,,,,,,,,,,
45,6439,,,,,0.4982863962650299,,,,,,,,,,,
45,6449,,,,,0.3839840888977051,,,,,,,,,,,
45,6459,,,,,0.5033844709396362,,,,,,,,,,,
45,6469,,,,,0.44644081592559814,,,,,,,,,,,
45,6479,,,,,0.4521772563457489,,,,,,,,,,,
45,6489,,,,,0.41429805755615234,,,,,,,,,,,
45,6499,,,,,0.5259246826171875,,,,,,,,,,,
45,6509,,,,,0.4512249529361725,,,,,,,,,,,
45,6519,,,,,0.4616934657096863,,,,,,,,,,,
45,6529,,,,,0.47316399216651917,,,,,,,,,,,
45,45,3.1472705025666916,91.95953720964907,,,,,,,,,,,,,,
45,6531,,,,,,0.4940544068813324,,,,,,,,,,
46,6539,,,,,0.544714093208313,,,,,,,,,,,
46,6549,,,,,0.429977685213089,,,,,,,,,,,
46,6559,,,,,0.5393072366714478,,,,,,,,,,,
46,6569,,,,,0.4581284821033478,,,,,,,,,,,
46,6579,,,,,0.5125752091407776,,,,,,,,,,,
46,6589,,,,,0.43467527627944946,,,,,,,,,,,
46,6599,,,,,0.4750522971153259,,,,,,,,,,,
46,6609,,,,,0.5628493428230286,,,,,,,,,,,
46,6619,,,,,0.47847744822502136,,,,,,,,,,,
46,6629,,,,,0.542216956615448,,,,,,,,,,,
46,6639,,,,,0.5051877498626709,,,,,,,,,,,
46,6649,,,,,0.5084725618362427,,,,,,,,,,,
46,6659,,,,,0.48935455083847046,,,,,,,,,,,
46,6669,,,,,0.47947224974632263,,,,,,,,,,,
46,46,3.225981035982197,91.96660382758687,,,,,,,,,,,,,,
46,6673,,,,,,0.4912426471710205,,,,,,,,,,
47,6679,,,,,0.4791266918182373,,,,,,,,,,,
47,6689,,,,,0.5551462173461914,,,,,,,,,,,
47,6699,,,,,0.4879819452762604,,,,,,,,,,,
47,6709,,,,,0.5074237585067749,,,,,,,,,,,
47,6719,,,,,0.48064306378364563,,,,,,,,,,,
47,6729,,,,,0.5093693137168884,,,,,,,,,,,
47,6739,,,,,0.5326380133628845,,,,,,,,,,,
47,6749,,,,,0.502051830291748,,,,,,,,,,,
47,6759,,,,,0.4646182358264923,,,,,,,,,,,
47,6769,,,,,0.4869813024997711,,,,,,,,,,,
47,6779,,,,,0.4429251253604889,,,,,,,,,,,
47,6789,,,,,0.5427083373069763,,,,,,,,,,,
47,6799,,,,,0.4656642973423004,,,,,,,,,,,
47,6809,,,,,0.4702093303203583,,,,,,,,,,,
47,47,3.1602156122282987,91.9736985402295,,,,,,,,,,,,,,
47,6815,,,,,,0.4919406771659851,,,,,,,,,,
48,6819,,,,,0.4309867024421692,,,,,,,,,,,
48,6829,,,,,0.5139486789703369,,,,,,,,,,,
48,6839,,,,,0.46867209672927856,,,,,,,,,,,
48,6849,,,,,0.49354830384254456,,,,,,,,,,,
48,6859,,,,,0.4412381052970886,,,,,,,,,,,
48,6869,,,,,0.5225127339363098,,,,,,,,,,,
48,6879,,,,,0.4728842079639435,,,,,,,,,,,
48,6889,,,,,0.4708958864212036,,,,,,,,,,,
48,6899,,,,,0.4869089424610138,,,,,,,,,,,
48,6909,,,,,0.5343236923217773,,,,,,,,,,,
48,6919,,,,,0.46287524700164795,,,,,,,,,,,
48,6929,,,,,0.46453315019607544,,,,,,,,,,,
48,6939,,,,,0.4910050630569458,,,,,,,,,,,
48,6949,,,,,0.42824965715408325,,,,,,,,,,,
48,48,3.127188755293018,91.98084587497964,,,,,,,,,,,,,,
48,6957,,,,,,0.489571213722229,,,,,,,,,,
49,6959,,,,,0.5150225162506104,,,,,,,,,,,
49,6969,,,,,0.4947810471057892,,,,,,,,,,,
49,6979,,,,,0.44286611676216125,,,,,,,,,,,
49,6989,,,,,0.4821470081806183,,,,,,,,,,,
49,6999,,,,,0.47784626483917236,,,,,,,,,,,
49,7009,,,,,0.44552531838417053,,,,,,,,,,,
49,7019,,,,,0.5377665758132935,,,,,,,,,,,
49,7029,,,,,0.5177022218704224,,,,,,,,,,,
49,7039,,,,,0.4272172451019287,,,,,,,,,,,
49,7049,,,,,0.48887258768081665,,,,,,,,,,,
49,7059,,,,,0.5027183890342712,,,,,,,,,,,
49,7069,,,,,0.5085525512695312,,,,,,,,,,,
49,7079,,,,,0.4957132637500763,,,,,,,,,,,
49,7089,,,,,0.5242236852645874,,,,,,,,,,,
49,7099,,,,,0.43962979316711426,,,,,,,,,,,
49,49,,,0.9720931649208069,0.352146714925766,,,0.4318423778726901,0.4154065251350403,,0.8865163922309875,,0.20296494662761688,,0.6953357222432993,,0.22772599756717682
49,7099,,,,,,,,,0.8865163922309875,,0.20296494662761688,,0.6953358054161072,,0.22772599756717682,
49,49,3.5454768668930794,91.98852307240585,,,,,,,,,,,,,,
49,7099,,,,,,0.48898085951805115,,,,,,,,,,
50,7109,,,,,0.47388818860054016,,,,,,,,,,,
50,7119,,,,,0.46670001745224,,,,,,,,,,,
50,7129,,,,,0.5200296640396118,,,,,,,,,,,
50,7139,,,,,0.48975738883018494,,,,,,,,,,,
50,7149,,,,,0.415448397397995,,,,,,,,,,,
50,7159,,,,,0.4708509147167206,,,,,,,,,,,
50,7169,,,,,0.4882206916809082,,,,,,,,,,,
50,7179,,,,,0.559593915939331,,,,,,,,,,,
50,7189,,,,,0.5252359509468079,,,,,,,,,,,
50,7199,,,,,0.43528467416763306,,,,,,,,,,,
50,7209,,,,,0.45433592796325684,,,,,,,,,,,
50,7219,,,,,0.5270333886146545,,,,,,,,,,,
50,7229,,,,,0.4669102132320404,,,,,,,,,,,
50,7239,,,,,0.45296746492385864,,,,,,,,,,,
50,50,3.2673363774366835,91.9959514618937,,,,,,,,,,,,,,
50,7241,,,,,,0.48610416054725647,,,,,,,,,,
51,7249,,,,,0.46947181224823,,,,,,,,,,,
51,7259,,,,,0.4663688838481903,,,,,,,,,,,
51,7269,,,,,0.5592818856239319,,,,,,,,,,,
51,7279,,,,,0.5022620558738708,,,,,,,,,,,
51,7289,,,,,0.49224042892456055,,,,,,,,,,,
51,7299,,,,,0.488544762134552,,,,,,,,,,,
51,7309,,,,,0.5145027041435242,,,,,,,,,,,
51,7319,,,,,0.528466522693634,,,,,,,,,,,
51,7329,,,,,0.46115976572036743,,,,,,,,,,,
51,7339,,,,,0.5153759121894836,,,,,,,,,,,
51,7349,,,,,0.512478768825531,,,,,,,,,,,
51,7359,,,,,0.4977172017097473,,,,,,,,,,,
51,7369,,,,,0.4732576906681061,,,,,,,,,,,
51,7379,,,,,0.5085965394973755,,,,,,,,,,,
51,51,3.296310838509074,92.00306820150882,,,,,,,,,,,,,,
51,7383,,,,,,0.4844677448272705,,,,,,,,,,
52,7389,,,,,0.5432061553001404,,,,,,,,,,,
52,7399,,,,,0.43639296293258667,,,,,,,,,,,
52,7409,,,,,0.5090097784996033,,,,,,,,,,,
52,7419,,,,,0.5092730522155762,,,,,,,,,,,
52,7429,,,,,0.5308225154876709,,,,,,,,,,,
52,7439,,,,,0.4480406939983368,,,,,,,,,,,
52,7449,,,,,0.5331541299819946,,,,,,,,,,,
52,7459,,,,,0.447110652923584,,,,,,,,,,,
52,7469,,,,,0.5189582109451294,,,,,,,,,,,
52,7479,,,,,0.49672389030456543,,,,,,,,,,,
52,7489,,,,,0.5071521401405334,,,,,,,,,,,
52,7499,,,,,0.5003196001052856,,,,,,,,,,,
52,7509,,,,,0.453419029712677,,,,,,,,,,,
52,7519,,,,,0.4386855959892273,,,,,,,,,,,
52,52,3.2860410341783095,92.01025071132547,,,,,,,,,,,,,,
52,7525,,,,,,0.48227357864379883,,,,,,,,,,
53,7529,,,,,0.4706825315952301,,,,,,,,,,,
53,7539,,,,,0.47441792488098145,,,,,,,,,,,
53,7549,,,,,0.4559761583805084,,,,,,,,,,,
53,7559,,,,,0.45158055424690247,,,,,,,,,,,
53,7569,,,,,0.4882572591304779,,,,,,,,,,,
53,7579,,,,,0.454386830329895,,,,,,,,,,,
53,7589,,,,,0.5386633276939392,,,,,,,,,,,
53,7599,,,,,0.47595658898353577,,,,,,,,,,,
53,7609,,,,,0.45917555689811707,,,,,,,,,,,
53,7619,,,,,0.4690951704978943,,,,,,,,,,,
53,7629,,,,,0.49547696113586426,,,,,,,,,,,
53,7639,,,,,0.5175266861915588,,,,,,,,,,,
53,7649,,,,,0.4657011330127716,,,,,,,,,,,
53,7659,,,,,0.4793034791946411,,,,,,,,,,,
53,53,3.1248073600866455,92.01771642728407,,,,,,,,,,,,,,
53,7667,,,,,,0.4827190637588501,,,,,,,,,,
54,7669,,,,,0.49992796778678894,,,,,,,,,,,
54,7679,,,,,0.4510210156440735,,,,,,,,,,,
54,7689,,,,,0.45793721079826355,,,,,,,,,,,
54,7699,,,,,0.4862278401851654,,,,,,,,,,,
54,7709,,,,,0.4515669047832489,,,,,,,,,,,
54,7719,,,,,0.5295946002006531,,,,,,,,,,,
54,7729,,,,,0.45451822876930237,,,,,,,,,,,
54,7739,,,,,0.5008461475372314,,,,,,,,,,,
54,7749,,,,,0.5227247476577759,,,,,,,,,,,
54,7759,,,,,0.42494046688079834,,,,,,,,,,,
54,7769,,,,,0.4612385928630829,,,,,,,,,,,
54,7779,,,,,0.4316071569919586,,,,,,,,,,,
54,7789,,,,,0.5613401532173157,,,,,,,,,,,
54,7799,,,,,0.47025978565216064,,,,,,,,,,,
54,7809,,,,,0.49078330397605896,,,,,,,,,,,
54,54,3.1850619675654563,92.02481391445909,,,,,,,,,,,,,,
54,7809,,,,,,0.47958701848983765,,,,,,,,,,
55,7819,,,,,0.4950980842113495,,,,,,,,,,,
55,7829,,,,,0.3686559498310089,,,,,,,,,,,
55,7839,,,,,0.4195205867290497,,,,,,,,,,,
55,7849,,,,,0.47910642623901367,,,,,,,,,,,
55,7859,,,,,0.47510257363319397,,,,,,,,,,,
55,7869,,,,,0.46171674132347107,,,,,,,,,,,
55,7879,,,,,0.5066795945167542,,,,,,,,,,,
55,7889,,,,,0.49730366468429565,,,,,,,,,,,
55,7899,,,,,0.5165566205978394,,,,,,,,,,,
55,7909,,,,,0.441008597612381,,,,,,,,,,,
55,7919,,,,,0.5058028697967529,,,,,,,,,,,
55,7929,,,,,0.496964693069458,,,,,,,,,,,
55,7939,,,,,0.44737064838409424,,,,,,,,,,,
55,7949,,,,,0.4969604015350342,,,,,,,,,,,
55,55,3.5059035452628975,92.03245064026422,,,,,,,,,,,,,,
55,7951,,,,,,0.47922465205192566,,,,,,,,,,
56,7959,,,,,0.44260311126708984,,,,,,,,,,,
56,7969,,,,,0.48141035437583923,,,,,,,,,,,
56,7979,,,,,0.48603561520576477,,,,,,,,,,,
56,7989,,,,,0.4343077838420868,,,,,,,,,,,
56,7999,,,,,0.47111624479293823,,,,,,,,,,,
56,8009,,,,,0.46580424904823303,,,,,,,,,,,
56,8019,,,,,0.45058673620224,,,,,,,,,,,
56,8029,,,,,0.5024524331092834,,,,,,,,,,,
56,8039,,,,,0.47562098503112793,,,,,,,,,,,
56,8049,,,,,0.4846053123474121,,,,,,,,,,,
56,8059,,,,,0.5024138689041138,,,,,,,,,,,
56,8069,,,,,0.488947331905365,,,,,,,,,,,
56,8079,,,,,0.46122443675994873,,,,,,,,,,,
56,8089,,,,,0.44398313760757446,,,,,,,,,,,
56,56,3.628125184364081,92.03927902570993,,,,,,,,,,,,,,
56,8093,,,,,,0.4778093993663788,,,,,,,,,,
57,8099,,,,,0.4036408066749573,,,,,,,,,,,
57,8109,,,,,0.4610449969768524,,,,,,,,,,,
57,8119,,,,,0.48184487223625183,,,,,,,,,,,
57,8129,,,,,0.5163007378578186,,,,,,,,,,,
57,8139,,,,,0.4617225229740143,,,,,,,,,,,
57,8149,,,,,0.513511061668396,,,,,,,,,,,
57,8159,,,,,0.4461018145084381,,,,,,,,,,,
57,8169,,,,,0.5034188032150269,,,,,,,,,,,
57,8179,,,,,0.5467746257781982,,,,,,,,,,,
57,8189,,,,,0.4541107714176178,,,,,,,,,,,
57,8199,,,,,0.43772196769714355,,,,,,,,,,,
57,8209,,,,,0.4333539307117462,,,,,,,,,,,
57,8219,,,,,0.47994154691696167,,,,,,,,,,,
57,8229,,,,,0.37297534942626953,,,,,,,,,,,
57,57,3.3789234826809147,92.04666597838093,,,,,,,,,,,,,,
57,8235,,,,,,0.4769320785999298,,,,,,,,,,
58,8239,,,,,0.5170332193374634,,,,,,,,,,,
58,8249,,,,,0.4560597836971283,,,,,,,,,,,
58,8259,,,,,0.47440627217292786,,,,,,,,,,,
58,8269,,,,,0.3911222219467163,,,,,,,,,,,
58,8279,,,,,0.4904739260673523,,,,,,,,,,,
58,8289,,,,,0.47094714641571045,,,,,,,,,,,
58,8299,,,,,0.3986990749835968,,,,,,,,,,,
58,8309,,,,,0.4981343746185303,,,,,,,,,,,
58,8319,,,,,0.4891781210899353,,,,,,,,,,,
58,8329,,,,,0.4775383770465851,,,,,,,,,,,
58,8339,,,,,0.46437835693359375,,,,,,,,,,,
58,8349,,,,,0.4886886179447174,,,,,,,,,,,
58,8359,,,,,0.5094946026802063,,,,,,,,,,,
58,8369,,,,,0.5061606168746948,,,,,,,,,,,
58,58,3.568940659081618,92.05434621447942,,,,,,,,,,,,,,
58,8377,,,,,,0.4745761752128601,,,,,,,,,,
59,8379,,,,,0.4622915983200073,,,,,,,,,,,
59,8389,,,,,0.5156261324882507,,,,,,,,,,,
59,8399,,,,,0.534727931022644,,,,,,,,,,,
59,8409,,,,,0.5775212049484253,,,,,,,,,,,
59,8419,,,,,0.5476574301719666,,,,,,,,,,,
59,8429,,,,,0.45701920986175537,,,,,,,,,,,
59,8439,,,,,0.5169628262519836,,,,,,,,,,,
59,8449,,,,,0.49662065505981445,,,,,,,,,,,
59,8459,,,,,0.48065024614334106,,,,,,,,,,,
59,8469,,,,,0.46183717250823975,,,,,,,,,,,
59,8479,,,,,0.5496227145195007,,,,,,,,,,,
59,8489,,,,,0.4833894670009613,,,,,,,,,,,
59,8499,,,,,0.43780437111854553,,,,,,,,,,,
59,8509,,,,,0.5179042816162109,,,,,,,,,,,
59,8519,,,,,0.4849291145801544,,,,,,,,,,,
59,59,,,0.9744648337364197,0.36734431982040405,,,0.417265015447672,0.43104156851768494,,0.891630232334137,,0.20676863193511963,,0.6850546624283401,,0.22943641245365143
59,8519,,,,,,,,,0.891630232334137,,0.20676863193511963,,0.6850547194480896,,0.22943641245365143,
59,59,3.265776059828674,92.06128868251578,,,,,,,,,,,,,,
59,8519,,,,,,0.4746694266796112,,,,,,,,,,
60,8529,,,,,0.5310481786727905,,,,,,,,,,,
60,8539,,,,,0.507853627204895,,,,,,,,,,,
60,8549,,,,,0.4159576892852783,,,,,,,,,,,
60,8559,,,,,0.45740029215812683,,,,,,,,,,,
60,8569,,,,,0.4275101125240326,,,,,,,,,,,
60,8579,,,,,0.5088415741920471,,,,,,,,,,,
60,8589,,,,,0.4678763449192047,,,,,,,,,,,
60,8599,,,,,0.5157628655433655,,,,,,,,,,,
60,8609,,,,,0.47458451986312866,,,,,,,,,,,
60,8619,,,,,0.4672527015209198,,,,,,,,,,,
60,8629,,,,,0.5086603164672852,,,,,,,,,,,
60,8639,,,,,0.460650771856308,,,,,,,,,,,
60,8649,,,,,0.49431943893432617,,,,,,,,,,,
60,8659,,,,,0.4834281802177429,,,,,,,,,,,
60,60,3.471907786022172,92.06882359730702,,,,,,,,,,,,,,
60,8661,,,,,,0.4728187024593353,,,,,,,,,,
61,8669,,,,,0.4431091547012329,,,,,,,,,,,
61,8679,,,,,0.5116426944732666,,,,,,,,,,,
61,8689,,,,,0.4152117669582367,,,,,,,,,,,
61,8699,,,,,0.4439278542995453,,,,,,,,,,,
61,8709,,,,,0.4550144672393799,,,,,,,,,,,
61,8719,,,,,0.4145272672176361,,,,,,,,,,,
61,8729,,,,,0.511383056640625,,,,,,,,,,,
61,8739,,,,,0.4255543053150177,,,,,,,,,,,
61,8749,,,,,0.45229098200798035,,,,,,,,,,,
61,8759,,,,,0.4467948079109192,,,,,,,,,,,
61,8769,,,,,0.5114861726760864,,,,,,,,,,,
61,8779,,,,,0.5017285346984863,,,,,,,,,,,
61,8789,,,,,0.48861923813819885,,,,,,,,,,,
61,8799,,,,,0.48568058013916016,,,,,,,,,,,
61,61,3.2901671550237745,92.07620257306137,,,,,,,,,,,,,,
61,8803,,,,,,0.4703541696071625,,,,,,,,,,
62,8809,,,,,0.46931958198547363,,,,,,,,,,,
62,8819,,,,,0.4937259554862976,,,,,,,,,,,
62,8829,,,,,0.49893513321876526,,,,,,,,,,,
62,8839,,,,,0.40199029445648193,,,,,,,,,,,
62,8849,,,,,0.44411182403564453,,,,,,,,,,,
62,8859,,,,,0.5182649493217468,,,,,,,,,,,
62,8869,,,,,0.46457812190055847,,,,,,,,,,,
62,8879,,,,,0.46336543560028076,,,,,,,,,,,
62,8889,,,,,0.4672822952270508,,,,,,,,,,,
62,8899,,,,,0.4792037606239319,,,,,,,,,,,
62,8909,,,,,0.4391736686229706,,,,,,,,,,,
62,8919,,,,,0.5289245843887329,,,,,,,,,,,
62,8929,,,,,0.4090002775192261,,,,,,,,,,,
62,8939,,,,,0.49173545837402344,,,,,,,,,,,
62,62,3.414996338601519,92.08364021005264,,,,,,,,,,,,,,
62,8945,,,,,,0.4692743122577667,,,,,,,,,,
63,8949,,,,,0.4481285810470581,,,,,,,,,,,
63,8959,,,,,0.44242483377456665,,,,,,,,,,,
63,8969,,,,,0.4605396091938019,,,,,,,,,,,
63,8979,,,,,0.5196415781974792,,,,,,,,,,,
63,8989,,,,,0.5196165442466736,,,,,,,,,,,
63,8999,,,,,0.47430264949798584,,,,,,,,,,,
63,9009,,,,,0.44936972856521606,,,,,,,,,,,
63,9019,,,,,0.4595647156238556,,,,,,,,,,,
63,9029,,,,,0.4770730137825012,,,,,,,,,,,
63,9039,,,,,0.4677521586418152,,,,,,,,,,,
63,9049,,,,,0.4531552791595459,,,,,,,,,,,
63,9059,,,,,0.4640432596206665,,,,,,,,,,,
63,9069,,,,,0.52646803855896,,,,,,,,,,,
63,9079,,,,,0.5031747221946716,,,,,,,,,,,
63,63,3.4941347094952953,92.09091985958283,,,,,,,,,,,,,,
63,9087,,,,,,0.466542512178421,,,,,,,,,,
64,9089,,,,,0.5571107268333435,,,,,,,,,,,
64,9099,,,,,0.4782053530216217,,,,,,,,,,,
64,9109,,,,,0.4604148268699646,,,,,,,,,,,
64,9119,,,,,0.4572865664958954,,,,,,,,,,,
64,9129,,,,,0.4132372736930847,,,,,,,,,,,
64,9139,,,,,0.507157027721405,,,,,,,,,,,
64,9149,,,,,0.46479612588882446,,,,,,,,,,,
64,9159,,,,,0.5127638578414917,,,,,,,,,,,
64,9169,,,,,0.47728151082992554,,,,,,,,,,,
64,9179,,,,,0.43888339400291443,,,,,,,,,,,
64,9189,,,,,0.4767840802669525,,,,,,,,,,,
64,9199,,,,,0.4491267502307892,,,,,,,,,,,
64,9209,,,,,0.48491236567497253,,,,,,,,,,,
64,9219,,,,,0.4451683461666107,,,,,,,,,,,
64,9229,,,,,0.4555586576461792,,,,,,,,,,,
64,64,3.326920748730732,92.09795452218367,,,,,,,,,,,,,,
64,9229,,,,,,0.46624380350112915,,,,,,,,,,
65,9239,,,,,0.47697320580482483,,,,,,,,,,,
65,9249,,,,,0.49464812874794006,,,,,,,,,,,
65,9259,,,,,0.45484140515327454,,,,,,,,,,,
65,9269,,,,,0.4773977994918823,,,,,,,,,,,
65,9279,,,,,0.4208577275276184,,,,,,,,,,,
65,9289,,,,,0.49209579825401306,,,,,,,,,,,
65,9299,,,,,0.4211116433143616,,,,,,,,,,,
65,9309,,,,,0.4559011459350586,,,,,,,,,,,
65,9319,,,,,0.4671984314918518,,,,,,,,,,,
65,9329,,,,,0.42449936270713806,,,,,,,,,,,
65,9339,,,,,0.47770556807518005,,,,,,,,,,,
65,9349,,,,,0.4814811944961548,,,,,,,,,,,
65,9359,,,,,0.4212120771408081,,,,,,,,,,,
65,9369,,,,,0.5223878622055054,,,,,,,,,,,
65,65,3.366057881797726,92.10540762623413,,,,,,,,,,,,,,
65,9371,,,,,,0.46600860357284546,,,,,,,,,,
66,9379,,,,,0.448982834815979,,,,,,,,,,,
66,9389,,,,,0.4225545823574066,,,,,,,,,,,
66,9399,,,,,0.4096043109893799,,,,,,,,,,,
66,9409,,,,,0.43894702196121216,,,,,,,,,,,
66,9419,,,,,0.43775293231010437,,,,,,,,,,,
66,9429,,,,,0.4556516110897064,,,,,,,,,,,
66,9439,,,,,0.5511886477470398,,,,,,,,,,,
66,9449,,,,,0.41960930824279785,,,,,,,,,,,
66,9459,,,,,0.48333773016929626,,,,,,,,,,,
66,9469,,,,,0.4227864742279053,,,,,,,,,,,
66,9479,,,,,0.42158031463623047,,,,,,,,,,,
66,9489,,,,,0.48172932863235474,,,,,,,,,,,
66,9499,,,,,0.4760077893733978,,,,,,,,,,,
66,9509,,,,,0.4165973365306854,,,,,,,,,,,
66,66,3.25201513793983,92.11285912988583,,,,,,,,,,,,,,
66,9513,,,,,,0.4629174768924713,,,,,,,,,,
67,9519,,,,,0.4433763325214386,,,,,,,,,,,
67,9529,,,,,0.4641866683959961,,,,,,,,,,,
67,9539,,,,,0.467401385307312,,,,,,,,,,,
67,9549,,,,,0.47055521607398987,,,,,,,,,,,
67,9559,,,,,0.44036269187927246,,,,,,,,,,,
67,9569,,,,,0.45562779903411865,,,,,,,,,,,
67,9579,,,,,0.4385896325111389,,,,,,,,,,,
67,9589,,,,,0.44195353984832764,,,,,,,,,,,
67,9599,,,,,0.4826553463935852,,,,,,,,,,,
67,9609,,,,,0.5036519765853882,,,,,,,,,,,
67,9619,,,,,0.4714076817035675,,,,,,,,,,,
67,9629,,,,,0.40826520323753357,,,,,,,,,,,
67,9639,,,,,0.45466747879981995,,,,,,,,,,,
67,9649,,,,,0.4675804078578949,,,,,,,,,,,
67,67,3.6506404170131797,92.12010762547496,,,,,,,,,,,,,,
67,9655,,,,,,0.462718665599823,,,,,,,,,,
68,9659,,,,,0.4314887821674347,,,,,,,,,,,
68,9669,,,,,0.46142181754112244,,,,,,,,,,,
68,9679,,,,,0.45479515194892883,,,,,,,,,,,
68,9689,,,,,0.445761114358902,,,,,,,,,,,
68,9699,,,,,0.47811123728752136,,,,,,,,,,,
68,9709,,,,,0.41245773434638977,,,,,,,,,,,
68,9719,,,,,0.4470324218273163,,,,,,,,,,,
68,9729,,,,,0.4979962408542633,,,,,,,,,,,
68,9739,,,,,0.5050632357597351,,,,,,,,,,,
68,9749,,,,,0.5094887018203735,,,,,,,,,,,
68,9759,,,,,0.4788326621055603,,,,,,,,,,,
68,9769,,,,,0.43374818563461304,,,,,,,,,,,
68,9779,,,,,0.440454363822937,,,,,,,,,,,
68,9789,,,,,0.43410417437553406,,,,,,,,,,,
68,68,3.525727591517363,92.12748508952953,,,,,,,,,,,,,,
68,9797,,,,,,0.4614560604095459,,,,,,,,,,
69,9799,,,,,0.40967875719070435,,,,,,,,,,,
69,9809,,,,,0.5013337135314941,,,,,,,,,,,
69,9819,,,,,0.4325482249259949,,,,,,,,,,,
69,9829,,,,,0.4239403009414673,,,,,,,,,,,
69,9839,,,,,0.49148738384246826,,,,,,,,,,,
69,9849,,,,,0.47138074040412903,,,,,,,,,,,
69,9859,,,,,0.46086210012435913,,,,,,,,,,,
69,9869,,,,,0.4394899904727936,,,,,,,,,,,
69,9879,,,,,0.4766162037849426,,,,,,,,,,,
69,9889,,,,,0.4483402967453003,,,,,,,,,,,
69,9899,,,,,0.503559410572052,,,,,,,,,,,
69,9909,,,,,0.48073679208755493,,,,,,,,,,,
69,9919,,,,,0.4896087348461151,,,,,,,,,,,
69,9929,,,,,0.47636187076568604,,,,,,,,,,,
69,9939,,,,,0.5139821171760559,,,,,,,,,,,
69,69,,,0.9772602915763855,0.394268274307251,,,0.3965989088522129,0.4569880962371826,,0.8897217512130737,,0.21437671780586243,,0.6922066575106309,,0.23516859114170074
69,9939,,,,,,,,,0.8897217512130737,,0.21437671780586243,,0.692206621170044,,0.23516859114170074,
69,69,3.4162778697288765,92.1343043899922,,,,,,,,,,,,,,
69,9939,,,,,,0.4583147168159485,,,,,,,,,,
70,9949,,,,,0.42279917001724243,,,,,,,,,,,
70,9959,,,,,0.5084022283554077,,,,,,,,,,,
70,9969,,,,,0.4009999930858612,,,,,,,,,,,
70,9979,,,,,0.42596006393432617,,,,,,,,,,,
70,9989,,,,,0.46026095747947693,,,,,,,,,,,
70,9999,,,,,0.4516949951648712,,,,,,,,,,,
70,10009,,,,,0.4635329842567444,,,,,,,,,,,
70,10019,,,,,0.4733726680278778,,,,,,,,,,,
70,10029,,,,,0.47635045647621155,,,,,,,,,,,
70,10039,,,,,0.4270053803920746,,,,,,,,,,,
70,10049,,,,,0.42920875549316406,,,,,,,,,,,
70,10059,,,,,0.4370211064815521,,,,,,,,,,,
70,10069,,,,,0.5037837028503418,,,,,,,,,,,
70,10079,,,,,0.42230114340782166,,,,,,,,,,,
70,70,3.681540881661334,92.14158037650041,,,,,,,,,,,,,,
70,10081,,,,,,0.4596311151981354,,,,,,,,,,
71,10089,,,,,0.40208715200424194,,,,,,,,,,,
71,10099,,,,,0.469486266374588,,,,,,,,,,,
71,10109,,,,,0.4460543394088745,,,,,,,,,,,
71,10119,,,,,0.43330326676368713,,,,,,,,,,,
71,10129,,,,,0.5317471623420715,,,,,,,,,,,
71,10139,,,,,0.45374882221221924,,,,,,,,,,,
71,10149,,,,,0.43230998516082764,,,,,,,,,,,
71,10159,,,,,0.5139024257659912,,,,,,,,,,,
71,10169,,,,,0.43877190351486206,,,,,,,,,,,
71,10179,,,,,0.5001094341278076,,,,,,,,,,,
71,10189,,,,,0.5777230858802795,,,,,,,,,,,
71,10199,,,,,0.4371652901172638,,,,,,,,,,,
71,10209,,,,,0.4356503486633301,,,,,,,,,,,
71,10219,,,,,0.44130370020866394,,,,,,,,,,,
71,71,3.3299627098541236,92.14850988846605,,,,,,,,,,,,,,
71,10223,,,,,,0.4555175006389618,,,,,,,,,,
72,10229,,,,,0.4343893527984619,,,,,,,,,,,
72,10239,,,,,0.3799554705619812,,,,,,,,,,,
72,10249,,,,,0.4617498219013214,,,,,,,,,,,
72,10259,,,,,0.4787665009498596,,,,,,,,,,,
72,10269,,,,,0.49638831615448,,,,,,,,,,,
72,10279,,,,,0.47940465807914734,,,,,,,,,,,
72,10289,,,,,0.5252856612205505,,,,,,,,,,,
72,10299,,,,,0.4568595290184021,,,,,,,,,,,
72,10309,,,,,0.44855934381484985,,,,,,,,,,,
72,10319,,,,,0.48733821511268616,,,,,,,,,,,
72,10329,,,,,0.4918273091316223,,,,,,,,,,,
72,10339,,,,,0.48190075159072876,,,,,,,,,,,
72,10349,,,,,0.43181994557380676,,,,,,,,,,,
72,10359,,,,,0.44999566674232483,,,,,,,,,,,
72,72,3.577770324821168,92.15592729472162,,,,,,,,,,,,,,
72,10365,,,,,,0.4563550353050232,,,,,,,,,,
73,10369,,,,,0.4553319811820984,,,,,,,,,,,
73,10379,,,,,0.494192898273468,,,,,,,,,,,
73,10389,,,,,0.4786953926086426,,,,,,,,,,,
73,10399,,,,,0.44954541325569153,,,,,,,,,,,
73,10409,,,,,0.421654611825943,,,,,,,,,,,
73,10419,,,,,0.4099561870098114,,,,,,,,,,,
73,10429,,,,,0.4694274067878723,,,,,,,,,,,
73,10439,,,,,0.5089967846870422,,,,,,,,,,,
73,10449,,,,,0.4892904460430145,,,,,,,,,,,
73,10459,,,,,0.43416568636894226,,,,,,,,,,,
73,10469,,,,,0.42520490288734436,,,,,,,,,,,
73,10479,,,,,0.4523588716983795,,,,,,,,,,,
73,10489,,,,,0.3958638608455658,,,,,,,,,,,
73,10499,,,,,0.4444604814052582,,,,,,,,,,,
73,73,3.262075297422253,92.16282652797267,,,,,,,,,,,,,,
73,10507,,,,,,0.4528201222419739,,,,,,,,,,
74,10509,,,,,0.4917556345462799,,,,,,,,,,,
74,10519,,,,,0.43944039940834045,,,,,,,,,,,
74,10529,,,,,0.49115005135536194,,,,,,,,,,,
74,10539,,,,,0.4527338147163391,,,,,,,,,,,
74,10549,,,,,0.4243864417076111,,,,,,,,,,,
74,10559,,,,,0.42757928371429443,,,,,,,,,,,
74,10569,,,,,0.4571751058101654,,,,,,,,,,,
74,10579,,,,,0.44868534803390503,,,,,,,,,,,
74,10589,,,,,0.4361835718154907,,,,,,,,,,,
74,10599,,,,,0.41833463311195374,,,,,,,,,,,
74,10609,,,,,0.4342045783996582,,,,,,,,,,,
74,10619,,,,,0.42947474122047424,,,,,,,,,,,
74,10629,,,,,0.4152660369873047,,,,,,,,,,,
74,10639,,,,,0.4960486888885498,,,,,,,,,,,
74,10649,,,,,0.4643804430961609,,,,,,,,,,,
74,74,3.9349588260738306,92.17005691944529,,,,,,,,,,,,,,
74,10649,,,,,,0.45423269271850586,,,,,,,,,,
75,10659,,,,,0.446330726146698,,,,,,,,,,,
75,10669,,,,,0.4519379734992981,,,,,,,,,,,
75,10679,,,,,0.4256055951118469,,,,,,,,,,,
75,10689,,,,,0.4579339325428009,,,,,,,,,,,
75,10699,,,,,0.4253312945365906,,,,,,,,,,,
75,10709,,,,,0.5153672099113464,,,,,,,,,,,
75,10719,,,,,0.4399356544017792,,,,,,,,,,,
75,10729,,,,,0.446618914604187,,,,,,,,,,,
75,10739,,,,,0.4676831364631653,,,,,,,,,,,
75,10749,,,,,0.46322134137153625,,,,,,,,,,,
75,10759,,,,,0.47232261300086975,,,,,,,,,,,
75,10769,,,,,0.4743953347206116,,,,,,,,,,,
75,10779,,,,,0.4629383981227875,,,,,,,,,,,
75,10789,,,,,0.45451655983924866,,,,,,,,,,,
75,75,3.340683713610874,92.17715501355264,,,,,,,,,,,,,,
75,10791,,,,,,0.45172208547592163,,,,,,,,,,
76,10799,,,,,0.45486700534820557,,,,,,,,,,,
76,10809,,,,,0.44087815284729004,,,,,,,,,,,
76,10819,,,,,0.447529673576355,,,,,,,,,,,
76,10829,,,,,0.4426691234111786,,,,,,,,,,,
76,10839,,,,,0.5084209442138672,,,,,,,,,,,
76,10849,,,,,0.4955262839794159,,,,,,,,,,,
76,10859,,,,,0.512501060962677,,,,,,,,,,,
76,10869,,,,,0.4468214213848114,,,,,,,,,,,
76,10879,,,,,0.477059543132782,,,,,,,,,,,
76,10889,,,,,0.48763415217399597,,,,,,,,,,,
76,10899,,,,,0.4535001218318939,,,,,,,,,,,
76,10909,,,,,0.5084859132766724,,,,,,,,,,,
76,10919,,,,,0.46179601550102234,,,,,,,,,,,
76,10929,,,,,0.39455708861351013,,,,,,,,,,,
76,76,3.4764498292423895,92.1842406327318,,,,,,,,,,,,,,
76,10933,,,,,,0.45114022493362427,,,,,,,,,,
77,10939,,,,,0.42965272068977356,,,,,,,,,,,
77,10949,,,,,0.3788982331752777,,,,,,,,,,,
77,10959,,,,,0.4704481065273285,,,,,,,,,,,
77,10969,,,,,0.45508867502212524,,,,,,,,,,,
77,10979,,,,,0.4783874452114105,,,,,,,,,,,
77,10989,,,,,0.4441854953765869,,,,,,,,,,,
77,10999,,,,,0.5118201375007629,,,,,,,,,,,
77,11009,,,,,0.37878847122192383,,,,,,,,,,,
77,11019,,,,,0.43760213255882263,,,,,,,,,,,
77,11029,,,,,0.3863486647605896,,,,,,,,,,,
77,11039,,,,,0.4589749574661255,,,,,,,,,,,
77,11049,,,,,0.4524262249469757,,,,,,,,,,,
77,11059,,,,,0.5234971642494202,,,,,,,,,,,
77,11069,,,,,0.45257842540740967,,,,,,,,,,,
77,77,3.674494163196887,92.19142809912245,,,,,,,,,,,,,,
77,11075,,,,,,0.44903862476348877,,,,,,,,,,
78,11079,,,,,0.41686567664146423,,,,,,,,,,,
78,11089,,,,,0.4102725386619568,,,,,,,,,,,
78,11099,,,,,0.3961918354034424,,,,,,,,,,,
78,11109,,,,,0.45656558871269226,,,,,,,,,,,
78,11119,,,,,0.4986773729324341,,,,,,,,,,,
78,11129,,,,,0.3939223885536194,,,,,,,,,,,
78,11139,,,,,0.4807179868221283,,,,,,,,,,,
78,11149,,,,,0.47650375962257385,,,,,,,,,,,
78,11159,,,,,0.5150133967399597,,,,,,,,,,,
78,11169,,,,,0.4722987711429596,,,,,,,,,,,
78,11179,,,,,0.45444750785827637,,,,,,,,,,,
78,11189,,,,,0.403600811958313,,,,,,,,,,,
78,11199,,,,,0.4031147360801697,,,,,,,,,,,
78,11209,,,,,0.4007187485694885,,,,,,,,,,,
78,78,3.45016474344403,92.19866077844338,,,,,,,,,,,,,,
78,11217,,,,,,0.448991060256958,,,,,,,,,,
79,11219,,,,,0.4469969570636749,,,,,,,,,,,
79,11229,,,,,0.4630104601383209,,,,,,,,,,,
79,11239,,,,,0.4874454438686371,,,,,,,,,,,
79,11249,,,,,0.43675002455711365,,,,,,,,,,,
79,11259,,,,,0.45047202706336975,,,,,,,,,,,
79,11269,,,,,0.4255021810531616,,,,,,,,,,,
79,11279,,,,,0.44975021481513977,,,,,,,,,,,
79,11289,,,,,0.40387919545173645,,,,,,,,,,,
79,11299,,,,,0.45332208275794983,,,,,,,,,,,
79,11309,,,,,0.43354299664497375,,,,,,,,,,,
79,11319,,,,,0.5092378258705139,,,,,,,,,,,
79,11329,,,,,0.49576303362846375,,,,,,,,,,,
79,11339,,,,,0.42404013872146606,,,,,,,,,,,
79,11349,,,,,0.45315462350845337,,,,,,,,,,,
79,11359,,,,,0.4190477132797241,,,,,,,,,,,
79,79,,,0.9785192608833313,0.3952353596687317,,,0.4134469203793521,0.4619593620300293,,0.8835504055023193,,0.21281695365905762,,0.761053956740973,,0.22998520731925964
79,11359,,,,,,,,,0.8835504055023193,,0.21281695365905762,,0.7610539197921753,,0.22998520731925964,
79,79,3.488927407756981,92.20584338883737,,,,,,,,,,,,,,
79,11359,,,,,,0.4461946487426758,,,,,,,,,,
80,11369,,,,,0.4901607632637024,,,,,,,,,,,
80,11379,,,,,0.45822873711586,,,,,,,,,,,
80,11389,,,,,0.5250166654586792,,,,,,,,,,,
80,11399,,,,,0.444677472114563,,,,,,,,,,,
80,11409,,,,,0.4240567088127136,,,,,,,,,,,
80,11419,,,,,0.41242265701293945,,,,,,,,,,,
80,11429,,,,,0.4625047743320465,,,,,,,,,,,
80,11439,,,,,0.4434393346309662,,,,,,,,,,,
80,11449,,,,,0.3928084671497345,,,,,,,,,,,
80,11459,,,,,0.40750962495803833,,,,,,,,,,,
80,11469,,,,,0.4849100410938263,,,,,,,,,,,
80,11479,,,,,0.4488685429096222,,,,,,,,,,,
80,11489,,,,,0.49287688732147217,,,,,,,,,,,
80,11499,,,,,0.3928784728050232,,,,,,,,,,,
80,80,3.6779192580309514,92.21289576547757,,,,,,,,,,,,,,
80,11501,,,,,,0.445908784866333,,,,,,,,,,
81,11509,,,,,0.40296196937561035,,,,,,,,,,,
81,11519,,,,,0.4368050992488861,,,,,,,,,,,
81,11529,,,,,0.4455781877040863,,,,,,,,,,,
81,11539,,,,,0.4041927456855774,,,,,,,,,,,
81,11549,,,,,0.4676039218902588,,,,,,,,,,,
81,11559,,,,,0.3932064473628998,,,,,,,,,,,
81,11569,,,,,0.41533735394477844,,,,,,,,,,,
81,11579,,,,,0.4530682861804962,,,,,,,,,,,
81,11589,,,,,0.5088059902191162,,,,,,,,,,,
81,11599,,,,,0.47812098264694214,,,,,,,,,,,
81,11609,,,,,0.4423244893550873,,,,,,,,,,,
81,11619,,,,,0.5199968218803406,,,,,,,,,,,
81,11629,,,,,0.43347686529159546,,,,,,,,,,,
81,11639,,,,,0.3751709759235382,,,,,,,,,,,
81,81,3.5240217979370763,92.22018883657054,,,,,,,,,,,,,,
81,11643,,,,,,0.4423099160194397,,,,,,,,,,
82,11649,,,,,0.39446431398391724,,,,,,,,,,,
82,11659,,,,,0.4111315906047821,,,,,,,,,,,
82,11669,,,,,0.41407400369644165,,,,,,,,,,,
82,11679,,,,,0.4282332956790924,,,,,,,,,,,
82,11689,,,,,0.3864237070083618,,,,,,,,,,,
82,11699,,,,,0.4134003818035126,,,,,,,,,,,
82,11709,,,,,0.4010430872440338,,,,,,,,,,,
82,11719,,,,,0.3862127363681793,,,,,,,,,,,
82,11729,,,,,0.4794960021972656,,,,,,,,,,,
82,11739,,,,,0.4547193944454193,,,,,,,,,,,
82,11749,,,,,0.434248685836792,,,,,,,,,,,
82,11759,,,,,0.41018468141555786,,,,,,,,,,,
82,11769,,,,,0.4694483280181885,,,,,,,,,,,
82,11779,,,,,0.4524652361869812,,,,,,,,,,,
82,82,3.724118740758686,92.22707285045955,,,,,,,,,,,,,,
82,11785,,,,,,0.44361379742622375,,,,,,,,,,
83,11789,,,,,0.4486774504184723,,,,,,,,,,,
83,11799,,,,,0.4327303469181061,,,,,,,,,,,
83,11809,,,,,0.4145870506763458,,,,,,,,,,,
83,11819,,,,,0.45490145683288574,,,,,,,,,,,
83,11829,,,,,0.4786916971206665,,,,,,,,,,,
83,11839,,,,,0.5353137850761414,,,,,,,,,,,
83,11849,,,,,0.4682725965976715,,,,,,,,,,,
83,11859,,,,,0.44049227237701416,,,,,,,,,,,
83,11869,,,,,0.39211466908454895,,,,,,,,,,,
83,11879,,,,,0.45679551362991333,,,,,,,,,,,
83,11889,,,,,0.4081593155860901,,,,,,,,,,,
83,11899,,,,,0.4320351481437683,,,,,,,,,,,
83,11909,,,,,0.4674966037273407,,,,,,,,,,,
83,11919,,,,,0.45020169019699097,,,,,,,,,,,
83,83,3.7366110051710844,92.2346450999815,,,,,,,,,,,,,,
83,11927,,,,,,0.44191259145736694,,,,,,,,,,
84,11929,,,,,0.4721590280532837,,,,,,,,,,,
84,11939,,,,,0.46585625410079956,,,,,,,,,,,
84,11949,,,,,0.43524911999702454,,,,,,,,,,,
84,11959,,,,,0.49522560834884644,,,,,,,,,,,
84,11969,,,,,0.42140185832977295,,,,,,,,,,,
84,11979,,,,,0.46088340878486633,,,,,,,,,,,
84,11989,,,,,0.4548577070236206,,,,,,,,,,,
84,11999,,,,,0.44035860896110535,,,,,,,,,,,
84,12009,,,,,0.45824408531188965,,,,,,,,,,,
84,12019,,,,,0.4070756435394287,,,,,,,,,,,
84,12029,,,,,0.4948013126850128,,,,,,,,,,,
84,12039,,,,,0.4570480287075043,,,,,,,,,,,
84,12049,,,,,0.41489025950431824,,,,,,,,,,,
84,12059,,,,,0.39764857292175293,,,,,,,,,,,
84,12069,,,,,0.4384106397628784,,,,,,,,,,,
84,84,3.435979375618527,92.24176319022469,,,,,,,,,,,,,,
84,12069,,,,,,0.43856874108314514,,,,,,,,,,
85,12079,,,,,0.45881572365760803,,,,,,,,,,,
85,12089,,,,,0.49134117364883423,,,,,,,,,,,
85,12099,,,,,0.4080895781517029,,,,,,,,,,,
85,12109,,,,,0.49547505378723145,,,,,,,,,,,
85,12119,,,,,0.4202759563922882,,,,,,,,,,,
85,12129,,,,,0.5125354528427124,,,,,,,,,,,
85,12139,,,,,0.4034319818019867,,,,,,,,,,,
85,12149,,,,,0.4145755171775818,,,,,,,,,,,
85,12159,,,,,0.3734229505062103,,,,,,,,,,,
85,12169,,,,,0.4827822148799896,,,,,,,,,,,
85,12179,,,,,0.40253835916519165,,,,,,,,,,,
85,12189,,,,,0.4044325351715088,,,,,,,,,,,
85,12199,,,,,0.3914489448070526,,,,,,,,,,,
85,12209,,,,,0.4542577564716339,,,,,,,,,,,
85,85,3.3817107052044255,92.24891602078837,,,,,,,,,,,,,,
85,12211,,,,,,0.438434362411499,,,,,,,,,,
86,12219,,,,,0.43103790283203125,,,,,,,,,,,
86,12229,,,,,0.49787479639053345,,,,,,,,,,,
86,12239,,,,,0.4811672866344452,,,,,,,,,,,
86,12249,,,,,0.45464009046554565,,,,,,,,,,,
86,12259,,,,,0.4928603172302246,,,,,,,,,,,
86,12269,,,,,0.4363572299480438,,,,,,,,,,,
86,12279,,,,,0.4770921766757965,,,,,,,,,,,
86,12289,,,,,0.39554858207702637,,,,,,,,,,,
86,12299,,,,,0.44089049100875854,,,,,,,,,,,
86,12309,,,,,0.44330894947052,,,,,,,,,,,
86,12319,,,,,0.4390217065811157,,,,,,,,,,,
86,12329,,,,,0.4232802093029022,,,,,,,,,,,
86,12339,,,,,0.5194028615951538,,,,,,,,,,,
86,12349,,,,,0.4553471505641937,,,,,,,,,,,
86,86,3.813297027562455,92.25587232547295,,,,,,,,,,,,,,
86,12353,,,,,,0.43682926893234253,,,,,,,,,,
87,12359,,,,,0.4743039309978485,,,,,,,,,,,
87,12369,,,,,0.37700897455215454,,,,,,,,,,,
87,12379,,,,,0.35751646757125854,,,,,,,,,,,
87,12389,,,,,0.4676343500614166,,,,,,,,,,,
87,12399,,,,,0.4385218620300293,,,,,,,,,,,
87,12409,,,,,0.42708486318588257,,,,,,,,,,,
87,12419,,,,,0.4560794234275818,,,,,,,,,,,
87,12429,,,,,0.4332696795463562,,,,,,,,,,,
87,12439,,,,,0.373465895652771,,,,,,,,,,,
87,12449,,,,,0.43944501876831055,,,,,,,,,,,
87,12459,,,,,0.4539678990840912,,,,,,,,,,,
87,12469,,,,,0.40873223543167114,,,,,,,,,,,
87,12479,,,,,0.44387006759643555,,,,,,,,,,,
87,12489,,,,,0.4248126149177551,,,,,,,,,,,
87,87,3.8332108042789965,92.26336314284428,,,,,,,,,,,,,,
87,12495,,,,,,0.43740299344062805,,,,,,,,,,
88,12499,,,,,0.4137028157711029,,,,,,,,,,,
88,12509,,,,,0.4373772144317627,,,,,,,,,,,
88,12519,,,,,0.42695000767707825,,,,,,,,,,,
88,12529,,,,,0.42249342799186707,,,,,,,,,,,
88,12539,,,,,0.470660537481308,,,,,,,,,,,
88,12549,,,,,0.4497353434562683,,,,,,,,,,,
88,12559,,,,,0.4062407612800598,,,,,,,,,,,
88,12569,,,,,0.41266581416130066,,,,,,,,,,,
88,12579,,,,,0.44196686148643494,,,,,,,,,,,
88,12589,,,,,0.4607049822807312,,,,,,,,,,,
88,12599,,,,,0.45989418029785156,,,,,,,,,,,
88,12609,,,,,0.4091149866580963,,,,,,,,,,,
88,12619,,,,,0.3925413191318512,,,,,,,,,,,
88,12629,,,,,0.41385403275489807,,,,,,,,,,,
88,88,3.272093331767397,92.2705960740815,,,,,,,,,,,,,,
88,12637,,,,,,0.4348587691783905,,,,,,,,,,
89,12639,,,,,0.4281403720378876,,,,,,,,,,,
89,12649,,,,,0.40146955847740173,,,,,,,,,,,
89,12659,,,,,0.3999443054199219,,,,,,,,,,,
89,12669,,,,,0.37680280208587646,,,,,,,,,,,
89,12679,,,,,0.4726734161376953,,,,,,,,,,,
89,12689,,,,,0.487244188785553,,,,,,,,,,,
89,12699,,,,,0.4247913658618927,,,,,,,,,,,
89,12709,,,,,0.48555201292037964,,,,,,,,,,,
89,12719,,,,,0.42844516038894653,,,,,,,,,,,
89,12729,,,,,0.462868869304657,,,,,,,,,,,
89,12739,,,,,0.3865099251270294,,,,,,,,,,,
89,12749,,,,,0.4081399440765381,,,,,,,,,,,
89,12759,,,,,0.46218201518058777,,,,,,,,,,,
89,12769,,,,,0.45492494106292725,,,,,,,,,,,
89,12779,,,,,0.3960835039615631,,,,,,,,,,,
89,89,,,0.9815429449081421,0.4299127161502838,,,0.36737413361172233,0.4968789219856262,,0.889127790927887,,0.2190188616514206,,0.7095245445261196,,0.23964691162109375
89,12779,,,,,,,,,0.889127790927887,,0.2190188616514206,,0.7095246315002441,,0.23964691162109375,
89,89,3.4168075515545384,92.27774188934495,,,,,,,,,,,,,,
89,12779,,,,,,0.43348345160484314,,,,,,,,,,
90,12789,,,,,0.41564521193504333,,,,,,,,,,,
90,12799,,,,,0.41085004806518555,,,,,,,,,,,
90,12809,,,,,0.4061933755874634,,,,,,,,,,,
90,12819,,,,,0.42785075306892395,,,,,,,,,,,
90,12829,,,,,0.4061768054962158,,,,,,,,,,,
90,12839,,,,,0.4187476634979248,,,,,,,,,,,
90,12849,,,,,0.409098744392395,,,,,,,,,,,
90,12859,,,,,0.41079455614089966,,,,,,,,,,,
90,12869,,,,,0.4157029688358307,,,,,,,,,,,
90,12879,,,,,0.4188843071460724,,,,,,,,,,,
90,12889,,,,,0.4753612279891968,,,,,,,,,,,
90,12899,,,,,0.4270973205566406,,,,,,,,,,,
90,12909,,,,,0.38372689485549927,,,,,,,,,,,
90,12919,,,,,0.4198284447193146,,,,,,,,,,,
90,90,3.2105418391831826,92.28509678721007,,,,,,,,,,,,,,
90,12921,,,,,,0.430919885635376,,,,,,,,,,
91,12929,,,,,0.43032070994377136,,,,,,,,,,,
91,12939,,,,,0.4034959375858307,,,,,,,,,,,
91,12949,,,,,0.4714798033237457,,,,,,,,,,,
91,12959,,,,,0.4457181692123413,,,,,,,,,,,
91,12969,,,,,0.4655371606349945,,,,,,,,,,,
91,12979,,,,,0.4514915645122528,,,,,,,,,,,
91,12989,,,,,0.38653990626335144,,,,,,,,,,,
91,12999,,,,,0.40103429555892944,,,,,,,,,,,
91,13009,,,,,0.4238404333591461,,,,,,,,,,,
91,13019,,,,,0.48117727041244507,,,,,,,,,,,
91,13029,,,,,0.4169107973575592,,,,,,,,,,,
91,13039,,,,,0.46227484941482544,,,,,,,,,,,
91,13049,,,,,0.4804900586605072,,,,,,,,,,,
91,13059,,,,,0.4446912109851837,,,,,,,,,,,
91,91,3.7360378560822918,92.29197188874748,,,,,,,,,,,,,,
91,13063,,,,,,0.4303904175758362,,,,,,,,,,
92,13069,,,,,0.4022142291069031,,,,,,,,,,,
92,13079,,,,,0.4381030201911926,,,,,,,,,,,
92,13089,,,,,0.4244942367076874,,,,,,,,,,,
92,13099,,,,,0.4091207981109619,,,,,,,,,,,
92,13109,,,,,0.3741096258163452,,,,,,,,,,,
92,13119,,,,,0.5152557492256165,,,,,,,,,,,
92,13129,,,,,0.4198668301105499,,,,,,,,,,,
92,13139,,,,,0.4911063611507416,,,,,,,,,,,
92,13149,,,,,0.40273961424827576,,,,,,,,,,,
92,13159,,,,,0.4979345202445984,,,,,,,,,,,
92,13169,,,,,0.45222872495651245,,,,,,,,,,,
92,13179,,,,,0.40149325132369995,,,,,,,,,,,
92,13189,,,,,0.4376131296157837,,,,,,,,,,,
92,13199,,,,,0.41452556848526,,,,,,,,,,,
92,92,3.4394671329848006,92.29932868524439,,,,,,,,,,,,,,
92,13205,,,,,,0.42851942777633667,,,,,,,,,,
93,13209,,,,,0.3983803391456604,,,,,,,,,,,
93,13219,,,,,0.3983856737613678,,,,,,,,,,,
93,13229,,,,,0.43225306272506714,,,,,,,,,,,
93,13239,,,,,0.44393259286880493,,,,,,,,,,,
93,13249,,,,,0.38399583101272583,,,,,,,,,,,
93,13259,,,,,0.42927756905555725,,,,,,,,,,,
93,13269,,,,,0.4119166433811188,,,,,,,,,,,
93,13279,,,,,0.42271187901496887,,,,,,,,,,,
93,13289,,,,,0.49745869636535645,,,,,,,,,,,
93,13299,,,,,0.40462905168533325,,,,,,,,,,,
93,13309,,,,,0.4670579433441162,,,,,,,,,,,
93,13319,,,,,0.4161185026168823,,,,,,,,,,,
93,13329,,,,,0.37579602003097534,,,,,,,,,,,
93,13339,,,,,0.41763395071029663,,,,,,,,,,,
93,93,3.8131611805564747,92.30632957047838,,,,,,,,,,,,,,
93,13347,,,,,,0.4278889000415802,,,,,,,,,,
94,13349,,,,,0.4440367519855499,,,,,,,,,,,
94,13359,,,,,0.4463028907775879,,,,,,,,,,,
94,13369,,,,,0.4338604509830475,,,,,,,,,,,
94,13379,,,,,0.4023130536079407,,,,,,,,,,,
94,13389,,,,,0.42873620986938477,,,,,,,,,,,
94,13399,,,,,0.4574339985847473,,,,,,,,,,,
94,13409,,,,,0.49995681643486023,,,,,,,,,,,
94,13419,,,,,0.3864932954311371,,,,,,,,,,,
94,13429,,,,,0.435334712266922,,,,,,,,,,,
94,13439,,,,,0.40534502267837524,,,,,,,,,,,
94,13449,,,,,0.4484591484069824,,,,,,,,,,,
94,13459,,,,,0.4476032853126526,,,,,,,,,,,
94,13469,,,,,0.4662812054157257,,,,,,,,,,,
94,13479,,,,,0.36132487654685974,,,,,,,,,,,
94,13489,,,,,0.37479233741760254,,,,,,,,,,,
94,94,3.713956534764815,92.313901946601,,,,,,,,,,,,,,
94,13489,,,,,,0.42599350214004517,,,,,,,,,,
95,13499,,,,,0.3760001063346863,,,,,,,,,,,
95,13509,,,,,0.47241106629371643,,,,,,,,,,,
95,13519,,,,,0.440745085477829,,,,,,,,,,,
95,13529,,,,,0.4749590754508972,,,,,,,,,,,
95,13539,,,,,0.46101781725883484,,,,,,,,,,,
95,13549,,,,,0.41744735836982727,,,,,,,,,,,
95,13559,,,,,0.4044090509414673,,,,,,,,,,,
95,13569,,,,,0.41299763321876526,,,,,,,,,,,
95,13579,,,,,0.36271563172340393,,,,,,,,,,,
95,13589,,,,,0.40386176109313965,,,,,,,,,,,
95,13599,,,,,0.4246029555797577,,,,,,,,,,,
95,13609,,,,,0.4052574634552002,,,,,,,,,,,
95,13619,,,,,0.4125087559223175,,,,,,,,,,,
95,13629,,,,,0.4475120007991791,,,,,,,,,,,
95,95,3.8107029772233627,92.32104127929492,,,,,,,,,,,,,,
95,13631,,,,,,0.42578768730163574,,,,,,,,,,
96,13639,,,,,0.3975333869457245,,,,,,,,,,,
96,13649,,,,,0.45104238390922546,,,,,,,,,,,
96,13659,,,,,0.4907345473766327,,,,,,,,,,,
96,13669,,,,,0.44080933928489685,,,,,,,,,,,
96,13679,,,,,0.44086208939552307,,,,,,,,,,,
96,13689,,,,,0.4519805908203125,,,,,,,,,,,
96,13699,,,,,0.45546889305114746,,,,,,,,,,,
96,13709,,,,,0.3764651119709015,,,,,,,,,,,
96,13719,,,,,0.4152279496192932,,,,,,,,,,,
96,13729,,,,,0.40120619535446167,,,,,,,,,,,
96,13739,,,,,0.43670570850372314,,,,,,,,,,,
96,13749,,,,,0.4402947425842285,,,,,,,,,,,
96,13759,,,,,0.37920883297920227,,,,,,,,,,,
96,13769,,,,,0.4447382092475891,,,,,,,,,,,
96,96,3.4986198776566857,92.32853809269561,,,,,,,,,,,,,,
96,13773,,,,,,0.4243486821651459,,,,,,,,,,
97,13779,,,,,0.4091940224170685,,,,,,,,,,,
97,13789,,,,,0.42695897817611694,,,,,,,,,,,
97,13799,,,,,0.37333014607429504,,,,,,,,,,,
97,13809,,,,,0.3955919146537781,,,,,,,,,,,
97,13819,,,,,0.4477072060108185,,,,,,,,,,,
97,13829,,,,,0.44338539242744446,,,,,,,,,,,
97,13839,,,,,0.4531613886356354,,,,,,,,,,,
97,13849,,,,,0.37912458181381226,,,,,,,,,,,
97,13859,,,,,0.42553412914276123,,,,,,,,,,,
97,13869,,,,,0.43088966608047485,,,,,,,,,,,
97,13879,,,,,0.4201452136039734,,,,,,,,,,,
97,13889,,,,,0.38243910670280457,,,,,,,,,,,
97,13899,,,,,0.4197916090488434,,,,,,,,,,,
97,13909,,,,,0.4459306299686432,,,,,,,,,,,
97,97,3.5193082176531227,92.3355694258314,,,,,,,,,,,,,,
97,13915,,,,,,0.42436161637306213,,,,,,,,,,
98,13919,,,,,0.44660690426826477,,,,,,,,,,,
98,13929,,,,,0.3919336795806885,,,,,,,,,,,
98,13939,,,,,0.4108971357345581,,,,,,,,,,,
98,13949,,,,,0.4290444552898407,,,,,,,,,,,
98,13959,,,,,0.4587014615535736,,,,,,,,,,,
98,13969,,,,,0.4418351948261261,,,,,,,,,,,
98,13979,,,,,0.4103277623653412,,,,,,,,,,,
98,13989,,,,,0.4247683584690094,,,,,,,,,,,
98,13999,,,,,0.45422327518463135,,,,,,,,,,,
98,14009,,,,,0.45096373558044434,,,,,,,,,,,
98,14019,,,,,0.43383464217185974,,,,,,,,,,,
98,14029,,,,,0.4545259475708008,,,,,,,,,,,
98,14039,,,,,0.4056651294231415,,,,,,,,,,,
98,14049,,,,,0.37957048416137695,,,,,,,,,,,
98,98,3.9700996742884382,92.3429093723816,,,,,,,,,,,,,,
98,14057,,,,,,0.42164331674575806,,,,,,,,,,
99,14059,,,,,0.40958231687545776,,,,,,,,,,,
99,14069,,,,,0.41760119795799255,,,,,,,,,,,
99,14079,,,,,0.4115455448627472,,,,,,,,,,,
99,14089,,,,,0.39530572295188904,,,,,,,,,,,
99,14099,,,,,0.4495970904827118,,,,,,,,,,,
99,14109,,,,,0.4283130466938019,,,,,,,,,,,
99,14119,,,,,0.4742113947868347,,,,,,,,,,,
99,14129,,,,,0.37595152854919434,,,,,,,,,,,
99,14139,,,,,0.4237259030342102,,,,,,,,,,,
99,14149,,,,,0.4791491627693176,,,,,,,,,,,
99,14159,,,,,0.4380929470062256,,,,,,,,,,,
99,14169,,,,,0.3889135420322418,,,,,,,,,,,
99,14179,,,,,0.4292139410972595,,,,,,,,,,,
99,14189,,,,,0.4399658441543579,,,,,,,,,,,
99,14199,,,,,0.4325220286846161,,,,,,,,,,,
99,99,,,0.9831487536430359,0.4445779323577881,,,0.3553092950924671,0.5163891315460205,,0.888757586479187,,0.22210130095481873,,0.7199616250487006,,0.24235232174396515
99,14199,,,,,,,,,0.888757586479187,,0.22210130095481873,,0.7199615836143494,,0.24235232174396515,
99,99,3.668784511751347,92.35032682465203,,,,,,,,,,,,,,
99,14199,,,,,,0.4218432903289795,,,,,,,,,,
100,14209,,,,,0.38125306367874146,,,,,,,,,,,
100,14219,,,,,0.39352500438690186,,,,,,,,,,,
100,14229,,,,,0.47456616163253784,,,,,,,,,,,
100,14239,,,,,0.35464346408843994,,,,,,,,,,,
100,14249,,,,,0.4261344373226166,,,,,,,,,,,
100,14259,,,,,0.42399105429649353,,,,,,,,,,,
100,14269,,,,,0.38402366638183594,,,,,,,,,,,
100,14279,,,,,0.4450112283229828,,,,,,,,,,,
100,14289,,,,,0.4528753459453583,,,,,,,,,,,
100,14299,,,,,0.4384807050228119,,,,,,,,,,,
100,14309,,,,,0.4646008610725403,,,,,,,,,,,
100,14319,,,,,0.40954354405403137,,,,,,,,,,,
100,14329,,,,,0.4846309423446655,,,,,,,,,,,
100,14339,,,,,0.42585086822509766,,,,,,,,,,,
100,100,3.6393510963391322,92.35775165986945,,,,,,,,,,,,,,
100,14341,,,,,,0.41898882389068604,,,,,,,,,,
101,14349,,,,,0.4566113352775574,,,,,,,,,,,
101,14359,,,,,0.3994698226451874,,,,,,,,,,,
101,14369,,,,,0.3829437792301178,,,,,,,,,,,
101,14379,,,,,0.3548901081085205,,,,,,,,,,,
101,14389,,,,,0.393075555562973,,,,,,,,,,,
101,14399,,,,,0.41562288999557495,,,,,,,,,,,
101,14409,,,,,0.42912131547927856,,,,,,,,,,,
101,14419,,,,,0.3924713134765625,,,,,,,,,,,
101,14429,,,,,0.4296766519546509,,,,,,,,,,,
101,14439,,,,,0.34436678886413574,,,,,,,,,,,
101,14449,,,,,0.4417590796947479,,,,,,,,,,,
101,14459,,,,,0.3918324410915375,,,,,,,,,,,
101,14469,,,,,0.4675675332546234,,,,,,,,,,,
101,14479,,,,,0.415368914604187,,,,,,,,,,,
101,101,3.867879572965129,92.36536170403396,,,,,,,,,,,,,,
101,14483,,,,,,0.4195946753025055,,,,,,,,,,
102,14489,,,,,0.40338969230651855,,,,,,,,,,,
102,14499,,,,,0.432950884103775,,,,,,,,,,,
102,14509,,,,,0.3995642364025116,,,,,,,,,,,
102,14519,,,,,0.42237019538879395,,,,,,,,,,,
102,14529,,,,,0.42179009318351746,,,,,,,,,,,
102,14539,,,,,0.424772173166275,,,,,,,,,,,
102,14549,,,,,0.45060208439826965,,,,,,,,,,,
102,14559,,,,,0.4567968249320984,,,,,,,,,,,
102,14569,,,,,0.4427276849746704,,,,,,,,,,,
102,14579,,,,,0.37906837463378906,,,,,,,,,,,
102,14589,,,,,0.3923829197883606,,,,,,,,,,,
102,14599,,,,,0.4320017993450165,,,,,,,,,,,
102,14609,,,,,0.4583040773868561,,,,,,,,,,,
102,14619,,,,,0.3491426706314087,,,,,,,,,,,
102,102,4.6011527559031,92.37265997860348,,,,,,,,,,,,,,
102,14625,,,,,,0.4212675988674164,,,,,,,,,,
103,14629,,,,,0.42477697134017944,,,,,,,,,,,
103,14639,,,,,0.5415405035018921,,,,,,,,,,,
103,14649,,,,,0.37666961550712585,,,,,,,,,,,
103,14659,,,,,0.39850184321403503,,,,,,,,,,,
103,14669,,,,,0.3982667624950409,,,,,,,,,,,
103,14679,,,,,0.40310609340667725,,,,,,,,,,,
103,14689,,,,,0.42685988545417786,,,,,,,,,,,
103,14699,,,,,0.37395334243774414,,,,,,,,,,,
103,14709,,,,,0.39473384618759155,,,,,,,,,,,
103,14719,,,,,0.3833770155906677,,,,,,,,,,,
103,14729,,,,,0.47119778394699097,,,,,,,,,,,
103,14739,,,,,0.4284471869468689,,,,,,,,,,,
103,14749,,,,,0.44613713026046753,,,,,,,,,,,
103,14759,,,,,0.40910667181015015,,,,,,,,,,,
103,103,3.893080047922661,92.37966897432273,,,,,,,,,,,,,,
103,14767,,,,,,0.4150998592376709,,,,,,,,,,
104,14769,,,,,0.4272308945655823,,,,,,,,,,,
104,14779,,,,,0.4644887447357178,,,,,,,,,,,
104,14789,,,,,0.34070220589637756,,,,,,,,,,,
104,14799,,,,,0.3809429705142975,,,,,,,,,,,
104,14809,,,,,0.39922717213630676,,,,,,,,,,,
104,14819,,,,,0.43638306856155396,,,,,,,,,,,
104,14829,,,,,0.4394516944885254,,,,,,,,,,,
104,14839,,,,,0.3629174828529358,,,,,,,,,,,
104,14849,,,,,0.43704837560653687,,,,,,,,,,,
104,14859,,,,,0.40308427810668945,,,,,,,,,,,
104,14869,,,,,0.38835713267326355,,,,,,,,,,,
104,14879,,,,,0.4119182527065277,,,,,,,,,,,
104,14889,,,,,0.44291308522224426,,,,,,,,,,,
104,14899,,,,,0.38078635931015015,,,,,,,,,,,
104,14909,,,,,0.4567188620567322,,,,,,,,,,,
104,104,3.686402894852115,92.38713005920704,,,,,,,,,,,,,,
104,14909,,,,,,0.4143989086151123,,,,,,,,,,
105,14919,,,,,0.4283313751220703,,,,,,,,,,,
105,14929,,,,,0.47806286811828613,,,,,,,,,,,
105,14939,,,,,0.4320339858531952,,,,,,,,,,,
105,14949,,,,,0.41222289204597473,,,,,,,,,,,
105,14959,,,,,0.4272892475128174,,,,,,,,,,,
105,14969,,,,,0.3946446180343628,,,,,,,,,,,
105,14979,,,,,0.41485920548439026,,,,,,,,,,,
105,14989,,,,,0.3988756835460663,,,,,,,,,,,
105,14999,,,,,0.426506906747818,,,,,,,,,,,
105,15009,,,,,0.3820144832134247,,,,,,,,,,,
105,15019,,,,,0.4255102276802063,,,,,,,,,,,
105,15029,,,,,0.3958125710487366,,,,,,,,,,,
105,15039,,,,,0.40402477979660034,,,,,,,,,,,
105,15049,,,,,0.38792508840560913,,,,,,,,,,,
105,105,3.7943537993111205,92.39395192034861,,,,,,,,,,,,,,
105,15051,,,,,,0.41308218240737915,,,,,,,,,,
106,15059,,,,,0.43232664465904236,,,,,,,,,,,
106,15069,,,,,0.4238268733024597,,,,,,,,,,,
106,15079,,,,,0.4481448531150818,,,,,,,,,,,
106,15089,,,,,0.4114299416542053,,,,,,,,,,,
106,15099,,,,,0.3795455992221832,,,,,,,,,,,
106,15109,,,,,0.37898188829421997,,,,,,,,,,,
106,15119,,,,,0.45207130908966064,,,,,,,,,,,
106,15129,,,,,0.3855307996273041,,,,,,,,,,,
106,15139,,,,,0.4779773950576782,,,,,,,,,,,
106,15149,,,,,0.4237433969974518,,,,,,,,,,,
106,15159,,,,,0.4774380326271057,,,,,,,,,,,
106,15169,,,,,0.39466720819473267,,,,,,,,,,,
106,15179,,,,,0.3963758945465088,,,,,,,,,,,
106,15189,,,,,0.44904038310050964,,,,,,,,,,,
106,106,3.571161265699038,92.40109184357102,,,,,,,,,,,,,,
106,15193,,,,,,0.4127655625343323,,,,,,,,,,
107,15199,,,,,0.4169536828994751,,,,,,,,,,,
107,15209,,,,,0.3913741409778595,,,,,,,,,,,
107,15219,,,,,0.4044209420681,,,,,,,,,,,
107,15229,,,,,0.4517379701137543,,,,,,,,,,,
107,15239,,,,,0.42479631304740906,,,,,,,,,,,
107,15249,,,,,0.4080928564071655,,,,,,,,,,,
107,15259,,,,,0.38438352942466736,,,,,,,,,,,
107,15269,,,,,0.4029555916786194,,,,,,,,,,,
107,15279,,,,,0.4179804027080536,,,,,,,,,,,
107,15289,,,,,0.41557154059410095,,,,,,,,,,,
107,15299,,,,,0.4083113670349121,,,,,,,,,,,
107,15309,,,,,0.40394800901412964,,,,,,,,,,,
107,15319,,,,,0.41686975955963135,,,,,,,,,,,
107,15329,,,,,0.4352971911430359,,,,,,,,,,,
107,107,3.882658825893834,92.40804532851328,,,,,,,,,,,,,,
107,15335,,,,,,0.41111889481544495,,,,,,,,,,
108,15339,,,,,0.4717560410499573,,,,,,,,,,,
108,15349,,,,,0.4329545497894287,,,,,,,,,,,
108,15359,,,,,0.390255331993103,,,,,,,,,,,
108,15369,,,,,0.45207899808883667,,,,,,,,,,,
108,15379,,,,,0.43223923444747925,,,,,,,,,,,
108,15389,,,,,0.44157227873802185,,,,,,,,,,,
108,15399,,,,,0.4336988627910614,,,,,,,,,,,
108,15409,,,,,0.41764649748802185,,,,,,,,,,,
108,15419,,,,,0.3941695988178253,,,,,,,,,,,
108,15429,,,,,0.4060532748699188,,,,,,,,,,,
108,15439,,,,,0.3745046854019165,,,,,,,,,,,
108,15449,,,,,0.4447542726993561,,,,,,,,,,,
108,15459,,,,,0.40548157691955566,,,,,,,,,,,
108,15469,,,,,0.4421066641807556,,,,,,,,,,,
108,108,3.7669319197316544,92.41540962564807,,,,,,,,,,,,,,
108,15477,,,,,,0.4096902906894684,,,,,,,,,,
109,15479,,,,,0.37695494294166565,,,,,,,,,,,
109,15489,,,,,0.3588402569293976,,,,,,,,,,,
109,15499,,,,,0.46781158447265625,,,,,,,,,,,
109,15509,,,,,0.38431885838508606,,,,,,,,,,,
109,15519,,,,,0.41438183188438416,,,,,,,,,,,
109,15529,,,,,0.3988330662250519,,,,,,,,,,,
109,15539,,,,,0.3806479871273041,,,,,,,,,,,
109,15549,,,,,0.404735803604126,,,,,,,,,,,
109,15559,,,,,0.43051889538764954,,,,,,,,,,,
109,15569,,,,,0.42733821272850037,,,,,,,,,,,
109,15579,,,,,0.4159156084060669,,,,,,,,,,,
109,15589,,,,,0.36486783623695374,,,,,,,,,,,
109,15599,,,,,0.43316954374313354,,,,,,,,,,,
109,15609,,,,,0.4326779544353485,,,,,,,,,,,
109,15619,,,,,0.5080187916755676,,,,,,,,,,,
109,109,,,0.984517514705658,0.46693265438079834,,,0.34383333221468665,0.5337103605270386,,0.8908504247665405,,0.22990110516548157,,0.721844710789773,,0.24450460076332092
109,15619,,,,,,,,,0.8908504247665405,,0.22990110516548157,,0.7218447327613831,,0.24450460076332092,
109,109,3.565673209455345,92.42290065317638,,,,,,,,,,,,,,
109,15619,,,,,,0.4098239839076996,,,,,,,,,,
110,15629,,,,,0.40086469054222107,,,,,,,,,,,
110,15639,,,,,0.418610543012619,,,,,,,,,,,
110,15649,,,,,0.4168252646923065,,,,,,,,,,,
110,15659,,,,,0.40297552943229675,,,,,,,,,,,
110,15669,,,,,0.4230351746082306,,,,,,,,,,,
110,15679,,,,,0.43871596455574036,,,,,,,,,,,
110,15689,,,,,0.42607107758522034,,,,,,,,,,,
110,15699,,,,,0.3859826624393463,,,,,,,,,,,
110,15709,,,,,0.4103051424026489,,,,,,,,,,,
110,15719,,,,,0.3798237144947052,,,,,,,,,,,
110,15729,,,,,0.37927913665771484,,,,,,,,,,,
110,15739,,,,,0.3492325246334076,,,,,,,,,,,
110,15749,,,,,0.4606375992298126,,,,,,,,,,,
110,15759,,,,,0.387125700712204,,,,,,,,,,,
110,110,3.6542286774741237,92.4305155271467,,,,,,,,,,,,,,
110,15761,,,,,,0.4060552716255188,,,,,,,,,,
111,15769,,,,,0.37159720063209534,,,,,,,,,,,
111,15779,,,,,0.3761890232563019,,,,,,,,,,,
111,15789,,,,,0.4581263065338135,,,,,,,,,,,
111,15799,,,,,0.43013906478881836,,,,,,,,,,,
111,15809,,,,,0.4213251769542694,,,,,,,,,,,
111,15819,,,,,0.39584270119667053,,,,,,,,,,,
111,15829,,,,,0.4686373472213745,,,,,,,,,,,
111,15839,,,,,0.35668686032295227,,,,,,,,,,,
111,15849,,,,,0.43772321939468384,,,,,,,,,,,
111,15859,,,,,0.3508157432079315,,,,,,,,,,,
111,15869,,,,,0.4634251594543457,,,,,,,,,,,
111,15879,,,,,0.4346727132797241,,,,,,,,,,,
111,15889,,,,,0.3703867793083191,,,,,,,,,,,
111,15899,,,,,0.4437064230442047,,,,,,,,,,,
111,111,3.878333835507153,92.43778969347315,,,,,,,,,,,,,,
111,15903,,,,,,0.40730395913124084,,,,,,,,,,
112,15909,,,,,0.4195309579372406,,,,,,,,,,,
112,15919,,,,,0.3952942192554474,,,,,,,,,,,
112,15929,,,,,0.3885906934738159,,,,,,,,,,,
112,15939,,,,,0.39287182688713074,,,,,,,,,,,
112,15949,,,,,0.3450259566307068,,,,,,,,,,,
112,15959,,,,,0.34418419003486633,,,,,,,,,,,
112,15969,,,,,0.3621130585670471,,,,,,,,,,,
112,15979,,,,,0.34494003653526306,,,,,,,,,,,
112,15989,,,,,0.45075085759162903,,,,,,,,,,,
112,15999,,,,,0.45844775438308716,,,,,,,,,,,
112,16009,,,,,0.41308021545410156,,,,,,,,,,,
112,16019,,,,,0.3779831528663635,,,,,,,,,,,
112,16029,,,,,0.3993682563304901,,,,,,,,,,,
112,16039,,,,,0.4134427309036255,,,,,,,,,,,
112,112,3.4050780771769755,92.44494905456511,,,,,,,,,,,,,,
112,16045,,,,,,0.40456971526145935,,,,,,,,,,
113,16049,,,,,0.4292493462562561,,,,,,,,,,,
113,16059,,,,,0.466969758272171,,,,,,,,,,,
113,16069,,,,,0.4413473308086395,,,,,,,,,,,
113,16079,,,,,0.4044761061668396,,,,,,,,,,,
113,16089,,,,,0.40197038650512695,,,,,,,,,,,
113,16099,,,,,0.3993228077888489,,,,,,,,,,,
113,16109,,,,,0.39403608441352844,,,,,,,,,,,
113,16119,,,,,0.36607179045677185,,,,,,,,,,,
113,16129,,,,,0.385848730802536,,,,,,,,,,,
113,16139,,,,,0.40400171279907227,,,,,,,,,,,
113,16149,,,,,0.3679451048374176,,,,,,,,,,,
113,16159,,,,,0.39547809958457947,,,,,,,,,,,
113,16169,,,,,0.3777494430541992,,,,,,,,,,,
113,16179,,,,,0.3869742155075073,,,,,,,,,,,
113,113,3.552070484762005,92.4520141258566,,,,,,,,,,,,,,
113,16187,,,,,,0.40384936332702637,,,,,,,,,,
114,16189,,,,,0.4328625798225403,,,,,,,,,,,
114,16199,,,,,0.34436947107315063,,,,,,,,,,,
114,16209,,,,,0.37759143114089966,,,,,,,,,,,
114,16219,,,,,0.4074065089225769,,,,,,,,,,,
114,16229,,,,,0.38456088304519653,,,,,,,,,,,
114,16239,,,,,0.38039636611938477,,,,,,,,,,,
114,16249,,,,,0.36201393604278564,,,,,,,,,,,
114,16259,,,,,0.37633395195007324,,,,,,,,,,,
114,16269,,,,,0.33861204981803894,,,,,,,,,,,
114,16279,,,,,0.38358044624328613,,,,,,,,,,,
114,16289,,,,,0.343570739030838,,,,,,,,,,,
114,16299,,,,,0.45179110765457153,,,,,,,,,,,
114,16309,,,,,0.3738571107387543,,,,,,,,,,,
114,16319,,,,,0.38909879326820374,,,,,,,,,,,
114,16329,,,,,0.42875999212265015,,,,,,,,,,,
114,114,3.6686290552734127,92.45934534001245,,,,,,,,,,,,,,
114,16329,,,,,,0.4035792648792267,,,,,,,,,,
115,16339,,,,,0.40786483883857727,,,,,,,,,,,
115,16349,,,,,0.44056594371795654,,,,,,,,,,,
115,16359,,,,,0.3779260218143463,,,,,,,,,,,
115,16369,,,,,0.425821453332901,,,,,,,,,,,
115,16379,,,,,0.37525755167007446,,,,,,,,,,,
115,16389,,,,,0.3906620740890503,,,,,,,,,,,
115,16399,,,,,0.3495883345603943,,,,,,,,,,,
115,16409,,,,,0.44002532958984375,,,,,,,,,,,
115,16419,,,,,0.40510496497154236,,,,,,,,,,,
115,16429,,,,,0.368000328540802,,,,,,,,,,,
115,16439,,,,,0.39699727296829224,,,,,,,,,,,
115,16449,,,,,0.4464303255081177,,,,,,,,,,,
115,16459,,,,,0.3977929949760437,,,,,,,,,,,
115,16469,,,,,0.3752604126930237,,,,,,,,,,,
115,115,3.487345191669495,92.46670847711697,,,,,,,,,,,,,,
115,16471,,,,,,0.4033035933971405,,,,,,,,,,
116,16479,,,,,0.3408448100090027,,,,,,,,,,,
116,16489,,,,,0.36433905363082886,,,,,,,,,,,
116,16499,,,,,0.4260033667087555,,,,,,,,,,,
116,16509,,,,,0.41142237186431885,,,,,,,,,,,
116,16519,,,,,0.37890785932540894,,,,,,,,,,,
116,16529,,,,,0.3641285002231598,,,,,,,,,,,
116,16539,,,,,0.437356561422348,,,,,,,,,,,
116,16549,,,,,0.4265162944793701,,,,,,,,,,,
116,16559,,,,,0.42129695415496826,,,,,,,,,,,
116,16569,,,,,0.37585780024528503,,,,,,,,,,,
116,16579,,,,,0.3932620584964752,,,,,,,,,,,
116,16589,,,,,0.4000554084777832,,,,,,,,,,,
116,16599,,,,,0.3835512697696686,,,,,,,,,,,
116,16609,,,,,0.3628087341785431,,,,,,,,,,,
116,116,3.755735347179613,92.47370355191966,,,,,,,,,,,,,,
116,16613,,,,,,0.4016666114330292,,,,,,,,,,
117,16619,,,,,0.35597190260887146,,,,,,,,,,,
117,16629,,,,,0.4498746693134308,,,,,,,,,,,
117,16639,,,,,0.4398639500141144,,,,,,,,,,,
117,16649,,,,,0.41240668296813965,,,,,,,,,,,
117,16659,,,,,0.4151838421821594,,,,,,,,,,,
117,16669,,,,,0.3873242437839508,,,,,,,,,,,
117,16679,,,,,0.4049735367298126,,,,,,,,,,,
117,16689,,,,,0.38151097297668457,,,,,,,,,,,
117,16699,,,,,0.4396806061267853,,,,,,,,,,,
117,16709,,,,,0.38789859414100647,,,,,,,,,,,
117,16719,,,,,0.3933986723423004,,,,,,,,,,,
117,16729,,,,,0.4770321249961853,,,,,,,,,,,
117,16739,,,,,0.38778960704803467,,,,,,,,,,,
117,16749,,,,,0.4193432033061981,,,,,,,,,,,
117,117,3.4419916539198216,92.48109541589973,,,,,,,,,,,,,,
117,16755,,,,,,0.39942654967308044,,,,,,,,,,
118,16759,,,,,0.37995079159736633,,,,,,,,,,,
118,16769,,,,,0.4686218202114105,,,,,,,,,,,
118,16779,,,,,0.33457043766975403,,,,,,,,,,,
118,16789,,,,,0.40268853306770325,,,,,,,,,,,
118,16799,,,,,0.4124990403652191,,,,,,,,,,,
118,16809,,,,,0.4224594235420227,,,,,,,,,,,
118,16819,,,,,0.40385887026786804,,,,,,,,,,,
118,16829,,,,,0.4108394682407379,,,,,,,,,,,
118,16839,,,,,0.37002208828926086,,,,,,,,,,,
118,16849,,,,,0.406415730714798,,,,,,,,,,,
118,16859,,,,,0.36733198165893555,,,,,,,,,,,
118,16869,,,,,0.330111563205719,,,,,,,,,,,
118,16879,,,,,0.4170635938644409,,,,,,,,,,,
118,16889,,,,,0.37836363911628723,,,,,,,,,,,
118,118,3.7135873342790253,92.48799383193254,,,,,,,,,,,,,,
118,16897,,,,,,0.398244708776474,,,,,,,,,,
119,16899,,,,,0.3874199390411377,,,,,,,,,,,
119,16909,,,,,0.39201170206069946,,,,,,,,,,,
119,16919,,,,,0.40862199664115906,,,,,,,,,,,
119,16929,,,,,0.3936467170715332,,,,,,,,,,,
119,16939,,,,,0.33826881647109985,,,,,,,,,,,
119,16949,,,,,0.3752523958683014,,,,,,,,,,,
119,16959,,,,,0.39018145203590393,,,,,,,,,,,
119,16969,,,,,0.3612433969974518,,,,,,,,,,,
119,16979,,,,,0.492920845746994,,,,,,,,,,,
119,16989,,,,,0.3860710859298706,,,,,,,,,,,
119,16999,,,,,0.39895451068878174,,,,,,,,,,,
119,17009,,,,,0.3529033958911896,,,,,,,,,,,
119,17019,,,,,0.40519702434539795,,,,,,,,,,,
119,17029,,,,,0.4760613739490509,,,,,,,,,,,
119,17039,,,,,0.36617034673690796,,,,,,,,,,,
119,119,,,0.9860730767250061,0.47394269704818726,,,0.3350111095196469,0.5543496608734131,,0.8893582224845886,,0.23037204146385193,,0.7473808600738341,,0.24967773258686066
119,17039,,,,,,,,,0.8893582224845886,,0.23037204146385193,,0.7473809123039246,,0.24967773258686066,
119,119,4.035851037531815,92.4953681697758,,,,,,,,,,,,,,
119,17039,,,,,,0.39670559763908386,,,,,,,,,,
120,17049,,,,,0.3802304267883301,,,,,,,,,,,
120,17059,,,,,0.40341269969940186,,,,,,,,,,,
120,17069,,,,,0.41224899888038635,,,,,,,,,,,
120,17079,,,,,0.3674784302711487,,,,,,,,,,,
120,17089,,,,,0.43392103910446167,,,,,,,,,,,
120,17099,,,,,0.4399987757205963,,,,,,,,,,,
120,17109,,,,,0.3458547294139862,,,,,,,,,,,
120,17119,,,,,0.3635934293270111,,,,,,,,,,,
120,17129,,,,,0.3784556984901428,,,,,,,,,,,
120,17139,,,,,0.39901238679885864,,,,,,,,,,,
120,17149,,,,,0.42458754777908325,,,,,,,,,,,
120,17159,,,,,0.44491833448410034,,,,,,,,,,,
120,17169,,,,,0.43303805589675903,,,,,,,,,,,
120,17179,,,,,0.3684152662754059,,,,,,,,,,,
120,120,3.6156214799693434,92.5030320338434,,,,,,,,,,,,,,
120,17181,,,,,,0.39574098587036133,,,,,,,,,,
121,17189,,,,,0.42950719594955444,,,,,,,,,,,
121,17199,,,,,0.42560040950775146,,,,,,,,,,,
121,17209,,,,,0.42068731784820557,,,,,,,,,,,
121,17219,,,,,0.34230536222457886,,,,,,,,,,,
121,17229,,,,,0.38477885723114014,,,,,,,,,,,
121,17239,,,,,0.4129064679145813,,,,,,,,,,,
121,17249,,,,,0.42690417170524597,,,,,,,,,,,
121,17259,,,,,0.4303673803806305,,,,,,,,,,,
121,17269,,,,,0.39291346073150635,,,,,,,,,,,
121,17279,,,,,0.3740624487400055,,,,,,,,,,,
121,17289,,,,,0.3792211413383484,,,,,,,,,,,
121,17299,,,,,0.4489380419254303,,,,,,,,,,,
121,17309,,,,,0.3661750257015228,,,,,,,,,,,
121,17319,,,,,0.4004087448120117,,,,,,,,,,,
121,121,3.775168214146223,92.5101859196029,,,,,,,,,,,,,,
121,17323,,,,,,0.396302193403244,,,,,,,,,,
122,17329,,,,,0.4321375787258148,,,,,,,,,,,
122,17339,,,,,0.3912978172302246,,,,,,,,,,,
122,17349,,,,,0.4138282239437103,,,,,,,,,,,
122,17359,,,,,0.461672306060791,,,,,,,,,,,
122,17369,,,,,0.38490158319473267,,,,,,,,,,,
122,17379,,,,,0.39809122681617737,,,,,,,,,,,
122,17389,,,,,0.3421259820461273,,,,,,,,,,,
122,17399,,,,,0.4138930141925812,,,,,,,,,,,
122,17409,,,,,0.3959883451461792,,,,,,,,,,,
122,17419,,,,,0.4674800932407379,,,,,,,,,,,
122,17429,,,,,0.40405893325805664,,,,,,,,,,,
122,17439,,,,,0.371772825717926,,,,,,,,,,,
122,17449,,,,,0.37321653962135315,,,,,,,,,,,
122,17459,,,,,0.3921777606010437,,,,,,,,,,,
122,122,3.589547926510235,92.51757372198557,,,,,,,,,,,,,,
122,17465,,,,,,0.3936409056186676,,,,,,,,,,
123,17469,,,,,0.34424442052841187,,,,,,,,,,,
123,17479,,,,,0.38164007663726807,,,,,,,,,,,
123,17489,,,,,0.3897714912891388,,,,,,,,,,,
123,17499,,,,,0.4026649594306946,,,,,,,,,,,
123,17509,,,,,0.3908599317073822,,,,,,,,,,,
123,17519,,,,,0.3641977608203888,,,,,,,,,,,
123,17529,,,,,0.4251861870288849,,,,,,,,,,,
123,17539,,,,,0.4175591468811035,,,,,,,,,,,
123,17549,,,,,0.33846521377563477,,,,,,,,,,,
123,17559,,,,,0.3903450667858124,,,,,,,,,,,
123,17569,,,,,0.40713533759117126,,,,,,,,,,,
123,17579,,,,,0.35562431812286377,,,,,,,,,,,
123,17589,,,,,0.401430606842041,,,,,,,,,,,
123,17599,,,,,0.390964537858963,,,,,,,,,,,
123,123,3.7320226058161325,92.52476554110757,,,,,,,,,,,,,,
123,17607,,,,,,0.3948010206222534,,,,,,,,,,
124,17609,,,,,0.44456568360328674,,,,,,,,,,,
124,17619,,,,,0.42507404088974,,,,,,,,,,,
124,17629,,,,,0.4445047378540039,,,,,,,,,,,
124,17639,,,,,0.3452121913433075,,,,,,,,,,,
124,17649,,,,,0.3749730885028839,,,,,,,,,,,
124,17659,,,,,0.37659674882888794,,,,,,,,,,,
124,17669,,,,,0.35381460189819336,,,,,,,,,,,
124,17679,,,,,0.3482702374458313,,,,,,,,,,,
124,17689,,,,,0.4065946936607361,,,,,,,,,,,
124,17699,,,,,0.39773422479629517,,,,,,,,,,,
124,17709,,,,,0.37381511926651,,,,,,,,,,,
124,17719,,,,,0.376761794090271,,,,,,,,,,,
124,17729,,,,,0.4070940613746643,,,,,,,,,,,
124,17739,,,,,0.4510208070278168,,,,,,,,,,,
124,17749,,,,,0.3912288248538971,,,,,,,,,,,
124,124,3.9141912615535803,92.53188797817609,,,,,,,,,,,,,,
124,17749,,,,,,0.39373674988746643,,,,,,,,,,
125,17759,,,,,0.3745066523551941,,,,,,,,,,,
125,17769,,,,,0.40981629490852356,,,,,,,,,,,
125,17779,,,,,0.34441524744033813,,,,,,,,,,,
125,17789,,,,,0.34820839762687683,,,,,,,,,,,
125,17799,,,,,0.4277443587779999,,,,,,,,,,,
125,17809,,,,,0.41444316506385803,,,,,,,,,,,
125,17819,,,,,0.43851229548454285,,,,,,,,,,,
125,17829,,,,,0.326297402381897,,,,,,,,,,,
125,17839,,,,,0.39386412501335144,,,,,,,,,,,
125,17849,,,,,0.4131329357624054,,,,,,,,,,,
125,17859,,,,,0.3768465518951416,,,,,,,,,,,
125,17869,,,,,0.4335976839065552,,,,,,,,,,,
125,17879,,,,,0.4120827317237854,,,,,,,,,,,
125,17889,,,,,0.4055992066860199,,,,,,,,,,,
125,125,3.5105081100172866,92.53903973085586,,,,,,,,,,,,,,
125,17891,,,,,,0.38863545656204224,,,,,,,,,,
126,17899,,,,,0.38670045137405396,,,,,,,,,,,
126,17909,,,,,0.3847540020942688,,,,,,,,,,,
126,17919,,,,,0.39860209822654724,,,,,,,,,,,
126,17929,,,,,0.37984439730644226,,,,,,,,,,,
126,17939,,,,,0.3965053856372833,,,,,,,,,,,
126,17949,,,,,0.38752561807632446,,,,,,,,,,,
126,17959,,,,,0.357382595539093,,,,,,,,,,,
126,17969,,,,,0.43403860926628113,,,,,,,,,,,
126,17979,,,,,0.3761065900325775,,,,,,,,,,,
126,17989,,,,,0.38590794801712036,,,,,,,,,,,
126,17999,,,,,0.3912578523159027,,,,,,,,,,,
126,18009,,,,,0.397497296333313,,,,,,,,,,,
126,18019,,,,,0.38882073760032654,,,,,,,,,,,
126,18029,,,,,0.4067767262458801,,,,,,,,,,,
126,126,3.842319235601556,92.54662998066674,,,,,,,,,,,,,,
126,18033,,,,,,0.3895995318889618,,,,,,,,,,
127,18039,,,,,0.34345877170562744,,,,,,,,,,,
127,18049,,,,,0.4153342843055725,,,,,,,,,,,
127,18059,,,,,0.3774454891681671,,,,,,,,,,,
127,18069,,,,,0.3425327241420746,,,,,,,,,,,
127,18079,,,,,0.3791295289993286,,,,,,,,,,,
127,18089,,,,,0.40711545944213867,,,,,,,,,,,
127,18099,,,,,0.3872094452381134,,,,,,,,,,,
127,18109,,,,,0.3851693272590637,,,,,,,,,,,
127,18119,,,,,0.3844744563102722,,,,,,,,,,,
127,18129,,,,,0.37026873230934143,,,,,,,,,,,
127,18139,,,,,0.36493390798568726,,,,,,,,,,,
127,18149,,,,,0.3795800805091858,,,,,,,,,,,
127,18159,,,,,0.37365537881851196,,,,,,,,,,,
127,18169,,,,,0.419242799282074,,,,,,,,,,,
127,127,3.836364926374155,92.55370338644755,,,,,,,,,,,,,,
127,18175,,,,,,0.3874639868736267,,,,,,,,,,
128,18179,,,,,0.38734331727027893,,,,,,,,,,,
128,18189,,,,,0.3893865644931793,,,,,,,,,,,
128,18199,,,,,0.37788456678390503,,,,,,,,,,,
128,18209,,,,,0.3726521134376526,,,,,,,,,,,
128,18219,,,,,0.3492010831832886,,,,,,,,,,,
128,18229,,,,,0.3475053906440735,,,,,,,,,,,
128,18239,,,,,0.469198077917099,,,,,,,,,,,
128,18249,,,,,0.41378650069236755,,,,,,,,,,,
128,18259,,,,,0.36476823687553406,,,,,,,,,,,
128,18269,,,,,0.3714730739593506,,,,,,,,,,,
128,18279,,,,,0.4329895079135895,,,,,,,,,,,
128,18289,,,,,0.3815782964229584,,,,,,,,,,,
128,18299,,,,,0.42282694578170776,,,,,,,,,,,
128,18309,,,,,0.394692987203598,,,,,,,,,,,
128,128,4.0773680406596045,92.560904778574,,,,,,,,,,,,,,
128,18317,,,,,,0.38637128472328186,,,,,,,,,,
129,18319,,,,,0.37812167406082153,,,,,,,,,,,
129,18329,,,,,0.37761399149894714,,,,,,,,,,,
129,18339,,,,,0.4441124498844147,,,,,,,,,,,
129,18349,,,,,0.3483083248138428,,,,,,,,,,,
129,18359,,,,,0.3760862648487091,,,,,,,,,,,
129,18369,,,,,0.3176036775112152,,,,,,,,,,,
129,18379,,,,,0.3749895691871643,,,,,,,,,,,
129,18389,,,,,0.43608981370925903,,,,,,,,,,,
129,18399,,,,,0.34089604020118713,,,,,,,,,,,
129,18409,,,,,0.3610183894634247,,,,,,,,,,,
129,18419,,,,,0.3982672691345215,,,,,,,,,,,
129,18429,,,,,0.45726263523101807,,,,,,,,,,,
129,18439,,,,,0.377876341342926,,,,,,,,,,,
129,18449,,,,,0.43219611048698425,,,,,,,,,,,
129,18459,,,,,0.44252872467041016,,,,,,,,,,,
129,129,,,0.9871824383735657,0.49495506286621094,,,0.3252231525052616,0.570694088935852,,0.8896738886833191,,0.2371121644973755,,0.7527822604288861,,0.24556803703308105
129,18459,,,,,,,,,0.8896738886833191,,0.2371121644973755,,0.7527822256088257,,0.24556803703308105,
129,129,4.079680609282248,92.56836222271625,,,,,,,,,,,,,,
129,18459,,,,,,0.3867184817790985,,,,,,,,,,
130,18469,,,,,0.3640787601470947,,,,,,,,,,,
130,18479,,,,,0.35145512223243713,,,,,,,,,,,
130,18489,,,,,0.383108913898468,,,,,,,,,,,
130,18499,,,,,0.3776707351207733,,,,,,,,,,,
130,18509,,,,,0.3381706178188324,,,,,,,,,,,
130,18519,,,,,0.3609013259410858,,,,,,,,,,,
130,18529,,,,,0.43485885858535767,,,,,,,,,,,
130,18539,,,,,0.3862711787223816,,,,,,,,,,,
130,18549,,,,,0.4268169403076172,,,,,,,,,,,
130,18559,,,,,0.4047600328922272,,,,,,,,,,,
130,18569,,,,,0.38065770268440247,,,,,,,,,,,
130,18579,,,,,0.383911669254303,,,,,,,,,,,
130,18589,,,,,0.36909952759742737,,,,,,,,,,,
130,18599,,,,,0.3398458957672119,,,,,,,,,,,
130,130,3.6351657780128397,92.57532614483323,,,,,,,,,,,,,,
130,18601,,,,,,0.38559070229530334,,,,,,,,,,
131,18609,,,,,0.4097985327243805,,,,,,,,,,,
131,18619,,,,,0.40404582023620605,,,,,,,,,,,
131,18629,,,,,0.3723331093788147,,,,,,,,,,,
131,18639,,,,,0.3484239876270294,,,,,,,,,,,
131,18649,,,,,0.3820105791091919,,,,,,,,,,,
131,18659,,,,,0.3371743857860565,,,,,,,,,,,
131,18669,,,,,0.4205050468444824,,,,,,,,,,,
131,18679,,,,,0.3430786430835724,,,,,,,,,,,
131,18689,,,,,0.3557277023792267,,,,,,,,,,,
131,18699,,,,,0.36449018120765686,,,,,,,,,,,
131,18709,,,,,0.3604423701763153,,,,,,,,,,,
131,18719,,,,,0.45560187101364136,,,,,,,,,,,
131,18729,,,,,0.420265793800354,,,,,,,,,,,
131,18739,,,,,0.40819209814071655,,,,,,,,,,,
131,131,3.632048109378331,92.582440205844,,,,,,,,,,,,,,
131,18743,,,,,,0.38296952843666077,,,,,,,,,,
132,18749,,,,,0.3983595073223114,,,,,,,,,,,
132,18759,,,,,0.37849515676498413,,,,,,,,,,,
132,18769,,,,,0.3867137134075165,,,,,,,,,,,
132,18779,,,,,0.40083709359169006,,,,,,,,,,,
132,18789,,,,,0.3483136296272278,,,,,,,,,,,
132,18799,,,,,0.408206045627594,,,,,,,,,,,
132,18809,,,,,0.36474478244781494,,,,,,,,,,,
132,18819,,,,,0.35925722122192383,,,,,,,,,,,
132,18829,,,,,0.31423595547676086,,,,,,,,,,,
132,18839,,,,,0.43763449788093567,,,,,,,,,,,
132,18849,,,,,0.39744722843170166,,,,,,,,,,,
132,18859,,,,,0.38086721301078796,,,,,,,,,,,
132,18869,,,,,0.35350921750068665,,,,,,,,,,,
132,18879,,,,,0.3972681164741516,,,,,,,,,,,
132,132,3.6050515493481243,92.58984270335064,,,,,,,,,,,,,,
132,18885,,,,,,0.3820960223674774,,,,,,,,,,
133,18889,,,,,0.395643949508667,,,,,,,,,,,
133,18899,,,,,0.35103529691696167,,,,,,,,,,,
133,18909,,,,,0.36265406012535095,,,,,,,,,,,
133,18919,,,,,0.37407249212265015,,,,,,,,,,,
133,18929,,,,,0.3957251310348511,,,,,,,,,,,
133,18939,,,,,0.3908567726612091,,,,,,,,,,,
133,18949,,,,,0.3922884166240692,,,,,,,,,,,
133,18959,,,,,0.3923015594482422,,,,,,,,,,,
133,18969,,,,,0.3699386715888977,,,,,,,,,,,
133,18979,,,,,0.41560155153274536,,,,,,,,,,,
133,18989,,,,,0.4424896538257599,,,,,,,,,,,
133,18999,,,,,0.35708504915237427,,,,,,,,,,,
133,19009,,,,,0.37512969970703125,,,,,,,,,,,
133,19019,,,,,0.38148069381713867,,,,,,,,,,,
133,133,3.540161220977393,92.59684743995982,,,,,,,,,,,,,,
133,19027,,,,,,0.38083457946777344,,,,,,,,,,
134,19029,,,,,0.3691488802433014,,,,,,,,,,,
134,19039,,,,,0.42089205980300903,,,,,,,,,,,
134,19049,,,,,0.34164637327194214,,,,,,,,,,,
134,19059,,,,,0.3452391028404236,,,,,,,,,,,
134,19069,,,,,0.338794469833374,,,,,,,,,,,
134,19079,,,,,0.35925549268722534,,,,,,,,,,,
134,19089,,,,,0.38357433676719666,,,,,,,,,,,
134,19099,,,,,0.48122817277908325,,,,,,,,,,,
134,19109,,,,,0.3774426281452179,,,,,,,,,,,
134,19119,,,,,0.4070669710636139,,,,,,,,,,,
134,19129,,,,,0.4176090359687805,,,,,,,,,,,
134,19139,,,,,0.3659070134162903,,,,,,,,,,,
134,19149,,,,,0.38124600052833557,,,,,,,,,,,
134,19159,,,,,0.3795755207538605,,,,,,,,,,,
134,19169,,,,,0.38763734698295593,,,,,,,,,,,
134,134,4.256559383901005,92.60450094632431,,,,,,,,,,,,,,
134,19169,,,,,,0.3809279203414917,,,,,,,,,,
135,19179,,,,,0.37320002913475037,,,,,,,,,,,
135,19189,,,,,0.3757613003253937,,,,,,,,,,,
135,19199,,,,,0.42082852125167847,,,,,,,,,,,
135,19209,,,,,0.38284146785736084,,,,,,,,,,,
135,19219,,,,,0.41247233748435974,,,,,,,,,,,
135,19229,,,,,0.3391988277435303,,,,,,,,,,,
135,19239,,,,,0.38554731011390686,,,,,,,,,,,
135,19249,,,,,0.38050520420074463,,,,,,,,,,,
135,19259,,,,,0.3372906744480133,,,,,,,,,,,
135,19269,,,,,0.3655877709388733,,,,,,,,,,,
135,19279,,,,,0.3304457664489746,,,,,,,,,,,
135,19289,,,,,0.40876132249832153,,,,,,,,,,,
135,19299,,,,,0.3592698276042938,,,,,,,,,,,
135,19309,,,,,0.3921728730201721,,,,,,,,,,,
135,135,3.895034878777984,92.61187055268564,,,,,,,,,,,,,,
135,19311,,,,,,0.3805176913738251,,,,,,,,,,
136,19319,,,,,0.3714560866355896,,,,,,,,,,,
136,19329,,,,,0.3493443429470062,,,,,,,,,,,
136,19339,,,,,0.4403390884399414,,,,,,,,,,,
136,19349,,,,,0.38117069005966187,,,,,,,,,,,
136,19359,,,,,0.4060511887073517,,,,,,,,,,,
136,19369,,,,,0.33176177740097046,,,,,,,,,,,
136,19379,,,,,0.40039411187171936,,,,,,,,,,,
136,19389,,,,,0.33152830600738525,,,,,,,,,,,
136,19399,,,,,0.3822786509990692,,,,,,,,,,,
136,19409,,,,,0.3623274564743042,,,,,,,,,,,
136,19419,,,,,0.374708890914917,,,,,,,,,,,
136,19429,,,,,0.38610583543777466,,,,,,,,,,,
136,19439,,,,,0.3630695044994354,,,,,,,,,,,
136,19449,,,,,0.378238320350647,,,,,,,,,,,
136,136,3.6187295713403165,92.61925670534518,,,,,,,,,,,,,,
136,19453,,,,,,0.3787662386894226,,,,,,,,,,
137,19459,,,,,0.35717087984085083,,,,,,,,,,,
137,19469,,,,,0.3751852512359619,,,,,,,,,,,
137,19479,,,,,0.39309900999069214,,,,,,,,,,,
137,19489,,,,,0.3607526421546936,,,,,,,,,,,
137,19499,,,,,0.39651820063591003,,,,,,,,,,,
137,19509,,,,,0.36933842301368713,,,,,,,,,,,
137,19519,,,,,0.3399611711502075,,,,,,,,,,,
137,19529,,,,,0.38166919350624084,,,,,,,,,,,
137,19539,,,,,0.38795599341392517,,,,,,,,,,,
137,19549,,,,,0.3523290753364563,,,,,,,,,,,
137,19559,,,,,0.38969603180885315,,,,,,,,,,,
137,19569,,,,,0.3555489182472229,,,,,,,,,,,
137,19579,,,,,0.42560169100761414,,,,,,,,,,,
137,19589,,,,,0.36706721782684326,,,,,,,,,,,
137,137,4.0549302647924,92.626449275169,,,,,,,,,,,,,,
137,19595,,,,,,0.37693244218826294,,,,,,,,,,
138,19599,,,,,0.36283406615257263,,,,,,,,,,,
138,19609,,,,,0.39418816566467285,,,,,,,,,,,
138,19619,,,,,0.36100316047668457,,,,,,,,,,,
138,19629,,,,,0.440757691860199,,,,,,,,,,,
138,19639,,,,,0.3747496008872986,,,,,,,,,,,
138,19649,,,,,0.3360702693462372,,,,,,,,,,,
138,19659,,,,,0.3692936599254608,,,,,,,,,,,
138,19669,,,,,0.3634849488735199,,,,,,,,,,,
138,19679,,,,,0.3829762935638428,,,,,,,,,,,
138,19689,,,,,0.3872533440589905,,,,,,,,,,,
138,19699,,,,,0.4176127314567566,,,,,,,,,,,
138,19709,,,,,0.38279086351394653,,,,,,,,,,,
138,19719,,,,,0.3796493411064148,,,,,,,,,,,
138,19729,,,,,0.35522645711898804,,,,,,,,,,,
138,138,3.7029581596248886,92.63361884932263,,,,,,,,,,,,,,
138,19737,,,,,,0.37609657645225525,,,,,,,,,,
139,19739,,,,,0.3389735817909241,,,,,,,,,,,
139,19749,,,,,0.40005549788475037,,,,,,,,,,,
139,19759,,,,,0.388484388589859,,,,,,,,,,,
139,19769,,,,,0.30019089579582214,,,,,,,,,,,
139,19779,,,,,0.3785974979400635,,,,,,,,,,,
139,19789,,,,,0.33770808577537537,,,,,,,,,,,
139,19799,,,,,0.34976962208747864,,,,,,,,,,,
139,19809,,,,,0.3710044026374817,,,,,,,,,,,
139,19819,,,,,0.38416150212287903,,,,,,,,,,,
139,19829,,,,,0.3402278423309326,,,,,,,,,,,
139,19839,,,,,0.424633264541626,,,,,,,,,,,
139,19849,,,,,0.3857468366622925,,,,,,,,,,,
139,19859,,,,,0.3637547194957733,,,,,,,,,,,
139,19869,,,,,0.4140849709510803,,,,,,,,,,,
139,19879,,,,,0.4000503718852997,,,,,,,,,,,
139,139,,,0.9885792136192322,0.5136443376541138,,,0.3071303596148501,0.593021810054779,,0.8917735815048218,,0.2392977774143219,,0.7416084247584246,,0.2520129382610321
139,19879,,,,,,,,,0.8917735815048218,,0.2392977774143219,,0.7416083812713623,,0.2520129382610321,
139,139,4.363768335020419,92.64117454914799,,,,,,,,,,,,,,
139,19879,,,,,,0.3772720396518707,,,,,,,,,,
140,19889,,,,,0.3739387094974518,,,,,,,,,,,
140,19899,,,,,0.3502902388572693,,,,,,,,,,,
140,19909,,,,,0.359298974275589,,,,,,,,,,,
140,19919,,,,,0.4380580186843872,,,,,,,,,,,
140,19929,,,,,0.38555416464805603,,,,,,,,,,,
140,19939,,,,,0.3674318492412567,,,,,,,,,,,
140,19949,,,,,0.3856412172317505,,,,,,,,,,,
140,19959,,,,,0.3452954590320587,,,,,,,,,,,
140,19969,,,,,0.35371389985084534,,,,,,,,,,,
140,19979,,,,,0.4082431197166443,,,,,,,,,,,
140,19989,,,,,0.41056615114212036,,,,,,,,,,,
140,19999,,,,,0.367541640996933,,,,,,,,,,,
140,20009,,,,,0.3955102562904358,,,,,,,,,,,
140,20019,,,,,0.4139695465564728,,,,,,,,,,,
140,140,3.9321287020716325,92.6482360142792,,,,,,,,,,,,,,
140,20021,,,,,,0.37504270672798157,,,,,,,,,,
141,20029,,,,,0.3214608132839203,,,,,,,,,,,
141,20039,,,,,0.344645231962204,,,,,,,,,,,
141,20049,,,,,0.3861125707626343,,,,,,,,,,,
141,20059,,,,,0.37814241647720337,,,,,,,,,,,
141,20069,,,,,0.3388576805591583,,,,,,,,,,,
141,20079,,,,,0.37918269634246826,,,,,,,,,,,
141,20089,,,,,0.3568579852581024,,,,,,,,,,,
141,20099,,,,,0.3471640646457672,,,,,,,,,,,
141,20109,,,,,0.4001893103122711,,,,,,,,,,,
141,20119,,,,,0.35060885548591614,,,,,,,,,,,
141,20129,,,,,0.4151899218559265,,,,,,,,,,,
141,20139,,,,,0.37806347012519836,,,,,,,,,,,
141,20149,,,,,0.37203696370124817,,,,,,,,,,,
141,20159,,,,,0.3988891839981079,,,,,,,,,,,
141,141,3.7489047888677254,92.6558422375756,,,,,,,,,,,,,,
141,20163,,,,,,0.37425941228866577,,,,,,,,,,
142,20169,,,,,0.3499661982059479,,,,,,,,,,,
142,20179,,,,,0.4052685797214508,,,,,,,,,,,
142,20189,,,,,0.3503318428993225,,,,,,,,,,,
142,20199,,,,,0.33795788884162903,,,,,,,,,,,
142,20209,,,,,0.35079219937324524,,,,,,,,,,,
142,20219,,,,,0.33383333683013916,,,,,,,,,,,
142,20229,,,,,0.34052059054374695,,,,,,,,,,,
142,20239,,,,,0.32284778356552124,,,,,,,,,,,
142,20249,,,,,0.3623163402080536,,,,,,,,,,,
142,20259,,,,,0.3660223186016083,,,,,,,,,,,
142,20269,,,,,0.3736491799354553,,,,,,,,,,,
142,20279,,,,,0.3817295432090759,,,,,,,,,,,
142,20289,,,,,0.29802703857421875,,,,,,,,,,,
142,20299,,,,,0.3514098525047302,,,,,,,,,,,
142,142,3.688563199834819,92.66288383300879,,,,,,,,,,,,,,
142,20305,,,,,,0.37255552411079407,,,,,,,,,,
143,20309,,,,,0.3548404574394226,,,,,,,,,,,
143,20319,,,,,0.3998302221298218,,,,,,,,,,,
143,20329,,,,,0.3801113963127136,,,,,,,,,,,
143,20339,,,,,0.35067984461784363,,,,,,,,,,,
143,20349,,,,,0.3527073264122009,,,,,,,,,,,
143,20359,,,,,0.3051106035709381,,,,,,,,,,,
143,20369,,,,,0.3389875590801239,,,,,,,,,,,
143,20379,,,,,0.3246232867240906,,,,,,,,,,,
143,20389,,,,,0.4139353334903717,,,,,,,,,,,
143,20399,,,,,0.35713911056518555,,,,,,,,,,,
143,20409,,,,,0.34313932061195374,,,,,,,,,,,
143,20419,,,,,0.33163830637931824,,,,,,,,,,,
143,20429,,,,,0.4092651307582855,,,,,,,,,,,
143,20439,,,,,0.40242117643356323,,,,,,,,,,,
143,143,3.9302384536621604,92.67055127613062,,,,,,,,,,,,,,
143,20447,,,,,,0.3694241940975189,,,,,,,,,,
144,20449,,,,,0.3947412669658661,,,,,,,,,,,
144,20459,,,,,0.3500574827194214,,,,,,,,,,,
144,20469,,,,,0.3335815966129303,,,,,,,,,,,
144,20479,,,,,0.38083308935165405,,,,,,,,,,,
144,20489,,,,,0.3453120291233063,,,,,,,,,,,
144,20499,,,,,0.4016725718975067,,,,,,,,,,,
144,20509,,,,,0.2980956435203552,,,,,,,,,,,
144,20519,,,,,0.3969525396823883,,,,,,,,,,,
144,20529,,,,,0.40990182757377625,,,,,,,,,,,
144,20539,,,,,0.3937438726425171,,,,,,,,,,,
144,20549,,,,,0.34005555510520935,,,,,,,,,,,
144,20559,,,,,0.36024391651153564,,,,,,,,,,,
144,20569,,,,,0.4131987988948822,,,,,,,,,,,
144,20579,,,,,0.3561228811740875,,,,,,,,,,,
144,20589,,,,,0.34653833508491516,,,,,,,,,,,
144,144,3.5829265239941313,92.67766933384776,,,,,,,,,,,,,,
144,20589,,,,,,0.3684995472431183,,,,,,,,,,
145,20599,,,,,0.36690688133239746,,,,,,,,,,,
145,20609,,,,,0.35675716400146484,,,,,,,,,,,
145,20619,,,,,0.4204772412776947,,,,,,,,,,,
145,20629,,,,,0.4158145487308502,,,,,,,,,,,
145,20639,,,,,0.3902107775211334,,,,,,,,,,,
145,20649,,,,,0.3830079734325409,,,,,,,,,,,
145,20659,,,,,0.36554864048957825,,,,,,,,,,,
145,20669,,,,,0.40445244312286377,,,,,,,,,,,
145,20679,,,,,0.29069966077804565,,,,,,,,,,,
145,20689,,,,,0.37942376732826233,,,,,,,,,,,
145,20699,,,,,0.38831135630607605,,,,,,,,,,,
145,20709,,,,,0.42120712995529175,,,,,,,,,,,
145,20719,,,,,0.3553459346294403,,,,,,,,,,,
145,20729,,,,,0.3677324652671814,,,,,,,,,,,
145,145,4.235179444893913,92.68497494742094,,,,,,,,,,,,,,
145,20731,,,,,,0.3706726133823395,,,,,,,,,,
146,20739,,,,,0.3428264260292053,,,,,,,,,,,
146,20749,,,,,0.3152475655078888,,,,,,,,,,,
146,20759,,,,,0.35013413429260254,,,,,,,,,,,
146,20769,,,,,0.39296838641166687,,,,,,,,,,,
146,20779,,,,,0.3835756778717041,,,,,,,,,,,
146,20789,,,,,0.40465402603149414,,,,,,,,,,,
146,20799,,,,,0.35424184799194336,,,,,,,,,,,
146,20809,,,,,0.34240734577178955,,,,,,,,,,,
146,20819,,,,,0.3611951768398285,,,,,,,,,,,
146,20829,,,,,0.3335840106010437,,,,,,,,,,,
146,20839,,,,,0.37565985321998596,,,,,,,,,,,
146,20849,,,,,0.3639183044433594,,,,,,,,,,,
146,20859,,,,,0.35435593128204346,,,,,,,,,,,
146,20869,,,,,0.3519330620765686,,,,,,,,,,,
146,146,4.1999486876307675,92.69232414119986,,,,,,,,,,,,,,
146,20873,,,,,,0.3696651756763458,,,,,,,,,,
147,20879,,,,,0.35741010308265686,,,,,,,,,,,
147,20889,,,,,0.3824674189090729,,,,,,,,,,,
147,20899,,,,,0.42392274737358093,,,,,,,,,,,
147,20909,,,,,0.3252743184566498,,,,,,,,,,,
147,20919,,,,,0.36162856221199036,,,,,,,,,,,
147,20929,,,,,0.35465875267982483,,,,,,,,,,,
147,20939,,,,,0.3828728497028351,,,,,,,,,,,
147,20949,,,,,0.34013158082962036,,,,,,,,,,,
147,20959,,,,,0.3317067325115204,,,,,,,,,,,
147,20969,,,,,0.3745759129524231,,,,,,,,,,,
147,20979,,,,,0.3328903913497925,,,,,,,,,,,
147,20989,,,,,0.36688774824142456,,,,,,,,,,,
147,20999,,,,,0.35742640495300293,,,,,,,,,,,
147,21009,,,,,0.4105737805366516,,,,,,,,,,,
147,147,3.7084321904794915,92.69968480854462,,,,,,,,,,,,,,
147,21015,,,,,,0.36738601326942444,,,,,,,,,,
148,21019,,,,,0.4126667082309723,,,,,,,,,,,
148,21029,,,,,0.3285427391529083,,,,,,,,,,,
148,21039,,,,,0.33514460921287537,,,,,,,,,,,
148,21049,,,,,0.34595349431037903,,,,,,,,,,,
148,21059,,,,,0.44218921661376953,,,,,,,,,,,
148,21069,,,,,0.3340461850166321,,,,,,,,,,,
148,21079,,,,,0.3815792202949524,,,,,,,,,,,
148,21089,,,,,0.3098165988922119,,,,,,,,,,,
148,21099,,,,,0.4018930196762085,,,,,,,,,,,
148,21109,,,,,0.3622460663318634,,,,,,,,,,,
148,21119,,,,,0.3642866611480713,,,,,,,,,,,
148,21129,,,,,0.3788803815841675,,,,,,,,,,,
148,21139,,,,,0.364023357629776,,,,,,,,,,,
148,21149,,,,,0.37177056074142456,,,,,,,,,,,
148,148,3.7828261110242463,92.70650284225178,,,,,,,,,,,,,,
148,21157,,,,,,0.3646637499332428,,,,,,,,,,
149,21159,,,,,0.3378877341747284,,,,,,,,,,,
149,21169,,,,,0.37616753578186035,,,,,,,,,,,
149,21179,,,,,0.3351987600326538,,,,,,,,,,,
149,21189,,,,,0.3626388609409332,,,,,,,,,,,
149,21199,,,,,0.37160125374794006,,,,,,,,,,,
149,21209,,,,,0.32427549362182617,,,,,,,,,,,
149,21219,,,,,0.34167441725730896,,,,,,,,,,,
149,21229,,,,,0.3465299904346466,,,,,,,,,,,
149,21239,,,,,0.38716962933540344,,,,,,,,,,,
149,21249,,,,,0.35613003373146057,,,,,,,,,,,
149,21259,,,,,0.3644985854625702,,,,,,,,,,,
149,21269,,,,,0.38650405406951904,,,,,,,,,,,
149,21279,,,,,0.3924054801464081,,,,,,,,,,,
149,21289,,,,,0.353950172662735,,,,,,,,,,,
149,21299,,,,,0.4035209119319916,,,,,,,,,,,
149,149,,,0.9895539879798889,0.5326231718063354,,,0.2962248047073203,0.610180139541626,,0.8916935324668884,,0.2415875941514969,,0.7570888156793556,,0.25393396615982056
149,21299,,,,,,,,,0.8916935324668884,,0.2415875941514969,,0.7570889592170715,,0.25393396615982056,
149,149,3.9827683982707973,92.71385579091101,,,,,,,,,,,,,,
149,21299,,,,,,0.36410993337631226,,,,,,,,,,
150,21309,,,,,0.31829744577407837,,,,,,,,,,,
150,21319,,,,,0.3373735249042511,,,,,,,,,,,
150,21329,,,,,0.35899776220321655,,,,,,,,,,,
150,21339,,,,,0.3352453112602234,,,,,,,,,,,
150,21349,,,,,0.36681419610977173,,,,,,,,,,,
150,21359,,,,,0.3778163194656372,,,,,,,,,,,
150,21369,,,,,0.3554633855819702,,,,,,,,,,,
150,21379,,,,,0.3398844003677368,,,,,,,,,,,
150,21389,,,,,0.349762499332428,,,,,,,,,,,
150,21399,,,,,0.3399396240711212,,,,,,,,,,,
150,21409,,,,,0.3568468987941742,,,,,,,,,,,
150,21419,,,,,0.33505117893218994,,,,,,,,,,,
150,21429,,,,,0.4006466865539551,,,,,,,,,,,
150,21439,,,,,0.34170106053352356,,,,,,,,,,,
150,150,3.9456768590697893,92.72100783765111,,,,,,,,,,,,,,
150,21441,,,,,,0.3639512062072754,,,,,,,,,,
151,21449,,,,,0.3561074435710907,,,,,,,,,,,
151,21459,,,,,0.3757580518722534,,,,,,,,,,,
151,21469,,,,,0.33110013604164124,,,,,,,,,,,
151,21479,,,,,0.3913767337799072,,,,,,,,,,,
151,21489,,,,,0.40955251455307007,,,,,,,,,,,
151,21499,,,,,0.387603223323822,,,,,,,,,,,
151,21509,,,,,0.3736693561077118,,,,,,,,,,,
151,21519,,,,,0.332361102104187,,,,,,,,,,,
151,21529,,,,,0.33690595626831055,,,,,,,,,,,
151,21539,,,,,0.3457551896572113,,,,,,,,,,,
151,21549,,,,,0.4078531563282013,,,,,,,,,,,
151,21559,,,,,0.3563885986804962,,,,,,,,,,,
151,21569,,,,,0.3761792480945587,,,,,,,,,,,
151,21579,,,,,0.3620719909667969,,,,,,,,,,,
151,151,3.9447191408475,92.72836199483407,,,,,,,,,,,,,,
151,21583,,,,,,0.36222150921821594,,,,,,,,,,
152,21589,,,,,0.34365010261535645,,,,,,,,,,,
152,21599,,,,,0.38786351680755615,,,,,,,,,,,
152,21609,,,,,0.3236914277076721,,,,,,,,,,,
152,21619,,,,,0.38505977392196655,,,,,,,,,,,
152,21629,,,,,0.3892595171928406,,,,,,,,,,,
152,21639,,,,,0.34083783626556396,,,,,,,,,,,
152,21649,,,,,0.3618690073490143,,,,,,,,,,,
152,21659,,,,,0.41033557057380676,,,,,,,,,,,
152,21669,,,,,0.3465190529823303,,,,,,,,,,,
152,21679,,,,,0.3530706465244293,,,,,,,,,,,
152,21689,,,,,0.36250725388526917,,,,,,,,,,,
152,21699,,,,,0.3884119689464569,,,,,,,,,,,
152,21709,,,,,0.3446670174598694,,,,,,,,,,,
152,21719,,,,,0.38204193115234375,,,,,,,,,,,
152,152,3.7142735890875933,92.73563252752872,,,,,,,,,,,,,,
152,21725,,,,,,0.36081916093826294,,,,,,,,,,
153,21729,,,,,0.3541182279586792,,,,,,,,,,,
153,21739,,,,,0.4044034779071808,,,,,,,,,,,
153,21749,,,,,0.36114007234573364,,,,,,,,,,,
153,21759,,,,,0.337767094373703,,,,,,,,,,,
153,21769,,,,,0.3638639450073242,,,,,,,,,,,
153,21779,,,,,0.3650238811969757,,,,,,,,,,,
153,21789,,,,,0.3854289948940277,,,,,,,,,,,
153,21799,,,,,0.3573242723941803,,,,,,,,,,,
153,21809,,,,,0.3541795611381531,,,,,,,,,,,
153,21819,,,,,0.34669816493988037,,,,,,,,,,,
153,21829,,,,,0.32918301224708557,,,,,,,,,,,
153,21839,,,,,0.33045005798339844,,,,,,,,,,,
153,21849,,,,,0.3795609474182129,,,,,,,,,,,
153,21859,,,,,0.3932186961174011,,,,,,,,,,,
153,153,3.740904647199603,92.74303535987507,,,,,,,,,,,,,,
153,21867,,,,,,0.3612574636936188,,,,,,,,,,
154,21869,,,,,0.36256876587867737,,,,,,,,,,,
154,21879,,,,,0.3556422293186188,,,,,,,,,,,
154,21889,,,,,0.4185732305049896,,,,,,,,,,,
154,21899,,,,,0.31924501061439514,,,,,,,,,,,
154,21909,,,,,0.3528537154197693,,,,,,,,,,,
154,21919,,,,,0.31546711921691895,,,,,,,,,,,
154,21929,,,,,0.33207428455352783,,,,,,,,,,,
154,21939,,,,,0.37717264890670776,,,,,,,,,,,
154,21949,,,,,0.405799925327301,,,,,,,,,,,
154,21959,,,,,0.34772226214408875,,,,,,,,,,,
154,21969,,,,,0.4005797803401947,,,,,,,,,,,
154,21979,,,,,0.378946453332901,,,,,,,,,,,
154,21989,,,,,0.3407217562198639,,,,,,,,,,,
154,21999,,,,,0.3241727650165558,,,,,,,,,,,
154,22009,,,,,0.4071520268917084,,,,,,,,,,,
154,154,3.8252577951820403,92.75010100398734,,,,,,,,,,,,,,
154,22009,,,,,,0.3600703775882721,,,,,,,,,,
155,22019,,,,,0.3254943788051605,,,,,,,,,,,
155,22029,,,,,0.36437714099884033,,,,,,,,,,,
155,22039,,,,,0.43126964569091797,,,,,,,,,,,
155,22049,,,,,0.3909856379032135,,,,,,,,,,,
155,22059,,,,,0.3655630350112915,,,,,,,,,,,
155,22069,,,,,0.36590850353240967,,,,,,,,,,,
155,22079,,,,,0.3750488758087158,,,,,,,,,,,
155,22089,,,,,0.34617260098457336,,,,,,,,,,,
155,22099,,,,,0.3837496042251587,,,,,,,,,,,
155,22109,,,,,0.39572566747665405,,,,,,,,,,,
155,22119,,,,,0.3483744263648987,,,,,,,,,,,
155,22129,,,,,0.3971918821334839,,,,,,,,,,,
155,22139,,,,,0.33686235547065735,,,,,,,,,,,
155,22149,,,,,0.35982388257980347,,,,,,,,,,,
155,155,3.8288788341281457,92.75769889191204,,,,,,,,,,,,,,
155,22151,,,,,,0.3597215712070465,,,,,,,,,,
156,22159,,,,,0.4478738009929657,,,,,,,,,,,
156,22169,,,,,0.35388994216918945,,,,,,,,,,,
156,22179,,,,,0.34871819615364075,,,,,,,,,,,
156,22189,,,,,0.37002044916152954,,,,,,,,,,,
156,22199,,,,,0.34080278873443604,,,,,,,,,,,
156,22209,,,,,0.3556658625602722,,,,,,,,,,,
156,22219,,,,,0.3881082534790039,,,,,,,,,,,
156,22229,,,,,0.38150396943092346,,,,,,,,,,,
156,22239,,,,,0.34392249584198,,,,,,,,,,,
156,22249,,,,,0.31284332275390625,,,,,,,,,,,
156,22259,,,,,0.41426753997802734,,,,,,,,,,,
156,22269,,,,,0.35448533296585083,,,,,,,,,,,
156,22279,,,,,0.35680192708969116,,,,,,,,,,,
156,22289,,,,,0.3350007236003876,,,,,,,,,,,
156,156,3.916213984185509,92.76470861927348,,,,,,,,,,,,,,
156,22293,,,,,,0.35705816745758057,,,,,,,,,,
157,22299,,,,,0.32005828619003296,,,,,,,,,,,
157,22309,,,,,0.34180283546447754,,,,,,,,,,,
157,22319,,,,,0.3508138358592987,,,,,,,,,,,
157,22329,,,,,0.32814648747444153,,,,,,,,,,,
157,22339,,,,,0.3526943027973175,,,,,,,,,,,
157,22349,,,,,0.3819810152053833,,,,,,,,,,,
157,22359,,,,,0.35696136951446533,,,,,,,,,,,
157,22369,,,,,0.3884987533092499,,,,,,,,,,,
157,22379,,,,,0.3458669185638428,,,,,,,,,,,
157,22389,,,,,0.38273078203201294,,,,,,,,,,,
157,22399,,,,,0.3443046510219574,,,,,,,,,,,
157,22409,,,,,0.33741500973701477,,,,,,,,,,,
157,22419,,,,,0.3402819335460663,,,,,,,,,,,
157,22429,,,,,0.32147321105003357,,,,,,,,,,,
157,157,4.025150694277375,92.77209599549836,,,,,,,,,,,,,,
157,22435,,,,,,0.3574537932872772,,,,,,,,,,
158,22439,,,,,0.3573886752128601,,,,,,,,,,,
158,22449,,,,,0.34746748208999634,,,,,,,,,,,
158,22459,,,,,0.35286131501197815,,,,,,,,,,,
158,22469,,,,,0.3512089252471924,,,,,,,,,,,
158,22479,,,,,0.3293302655220032,,,,,,,,,,,
158,22489,,,,,0.3744635581970215,,,,,,,,,,,
158,22499,,,,,0.3227640986442566,,,,,,,,,,,
158,22509,,,,,0.33921194076538086,,,,,,,,,,,
158,22519,,,,,0.30833426117897034,,,,,,,,,,,
158,22529,,,,,0.3370782732963562,,,,,,,,,,,
158,22539,,,,,0.35986328125,,,,,,,,,,,
158,22549,,,,,0.37776491045951843,,,,,,,,,,,
158,22559,,,,,0.3199118673801422,,,,,,,,,,,
158,22569,,,,,0.37011978030204773,,,,,,,,,,,
158,158,3.7526869778526706,92.77942184392646,,,,,,,,,,,,,,
158,22577,,,,,,0.35532647371292114,,,,,,,,,,
159,22579,,,,,0.32624298334121704,,,,,,,,,,,
159,22589,,,,,0.333889365196228,,,,,,,,,,,
159,22599,,,,,0.3495810031890869,,,,,,,,,,,
159,22609,,,,,0.37235844135284424,,,,,,,,,,,
159,22619,,,,,0.37897002696990967,,,,,,,,,,,
159,22629,,,,,0.342603862285614,,,,,,,,,,,
159,22639,,,,,0.33762580156326294,,,,,,,,,,,
159,22649,,,,,0.31398433446884155,,,,,,,,,,,
159,22659,,,,,0.3320693373680115,,,,,,,,,,,
159,22669,,,,,0.33003944158554077,,,,,,,,,,,
159,22679,,,,,0.3245948255062103,,,,,,,,,,,
159,22689,,,,,0.3653285801410675,,,,,,,,,,,
159,22699,,,,,0.3535357117652893,,,,,,,,,,,
159,22709,,,,,0.31718313694000244,,,,,,,,,,,
159,22719,,,,,0.3690904676914215,,,,,,,,,,,
159,159,,,0.9905297756195068,0.5449144840240479,,,0.2860309832341953,0.6289123296737671,,0.8897164463996887,,0.2455204427242279,,0.7736292000936003,,0.25578245520591736
159,22719,,,,,,,,,0.8897164463996887,,0.2455204427242279,,0.7736293077468872,,0.25578245520591736,
159,159,4.1116002398832086,92.78682224085009,,,,,,,,,,,,,,
159,22719,,,,,,0.3540135622024536,,,,,,,,,,
160,22729,,,,,0.32870322465896606,,,,,,,,,,,
160,22739,,,,,0.31767916679382324,,,,,,,,,,,
160,22749,,,,,0.38493382930755615,,,,,,,,,,,
160,22759,,,,,0.3447539210319519,,,,,,,,,,,
160,22769,,,,,0.3430456221103668,,,,,,,,,,,
160,22779,,,,,0.3656315207481384,,,,,,,,,,,
160,22789,,,,,0.3093741834163666,,,,,,,,,,,
160,22799,,,,,0.3645143508911133,,,,,,,,,,,
160,22809,,,,,0.3308705687522888,,,,,,,,,,,
160,22819,,,,,0.36848822236061096,,,,,,,,,,,
160,22829,,,,,0.37877336144447327,,,,,,,,,,,
160,22839,,,,,0.2941986620426178,,,,,,,,,,,
160,22849,,,,,0.3220764100551605,,,,,,,,,,,
160,22859,,,,,0.340889036655426,,,,,,,,,,,
160,160,3.8322701655265754,92.79380656937397,,,,,,,,,,,,,,
160,22861,,,,,,0.35300377011299133,,,,,,,,,,
161,22869,,,,,0.3515564501285553,,,,,,,,,,,
161,22879,,,,,0.3607187271118164,,,,,,,,,,,
161,22889,,,,,0.36552757024765015,,,,,,,,,,,
161,22899,,,,,0.3228541910648346,,,,,,,,,,,
161,22909,,,,,0.3673531115055084,,,,,,,,,,,
161,22919,,,,,0.3720835745334625,,,,,,,,,,,
161,22929,,,,,0.3490935266017914,,,,,,,,,,,
161,22939,,,,,0.3105507493019104,,,,,,,,,,,
161,22949,,,,,0.3222375810146332,,,,,,,,,,,
161,22959,,,,,0.3234521746635437,,,,,,,,,,,
161,22969,,,,,0.3114902675151825,,,,,,,,,,,
161,22979,,,,,0.3445352017879486,,,,,,,,,,,
161,22989,,,,,0.3575216233730316,,,,,,,,,,,
161,22999,,,,,0.3453507721424103,,,,,,,,,,,
161,161,3.4692691755121206,92.80136007334053,,,,,,,,,,,,,,
161,23003,,,,,,0.3514326810836792,,,,,,,,,,
162,23009,,,,,0.3012339472770691,,,,,,,,,,,
162,23019,,,,,0.3424092233181,,,,,,,,,,,
162,23029,,,,,0.39581388235092163,,,,,,,,,,,
162,23039,,,,,0.36333924531936646,,,,,,,,,,,
162,23049,,,,,0.3736642301082611,,,,,,,,,,,
162,23059,,,,,0.37284159660339355,,,,,,,,,,,
162,23069,,,,,0.33732834458351135,,,,,,,,,,,
162,23079,,,,,0.32634690403938293,,,,,,,,,,,
162,23089,,,,,0.3592072129249573,,,,,,,,,,,
162,23099,,,,,0.3816688060760498,,,,,,,,,,,
162,23109,,,,,0.392037570476532,,,,,,,,,,,
162,23119,,,,,0.3497532606124878,,,,,,,,,,,
162,23129,,,,,0.29188331961631775,,,,,,,,,,,
162,23139,,,,,0.3734230101108551,,,,,,,,,,,
162,162,3.987916494444651,92.8087976252022,,,,,,,,,,,,,,
162,23145,,,,,,0.35218241810798645,,,,,,,,,,
163,23149,,,,,0.316523015499115,,,,,,,,,,,
163,23159,,,,,0.34315961599349976,,,,,,,,,,,
163,23169,,,,,0.3582404553890228,,,,,,,,,,,
163,23179,,,,,0.3458669185638428,,,,,,,,,,,
163,23189,,,,,0.31737977266311646,,,,,,,,,,,
163,23199,,,,,0.31967633962631226,,,,,,,,,,,
163,23209,,,,,0.33418241143226624,,,,,,,,,,,
163,23219,,,,,0.3830314576625824,,,,,,,,,,,
163,23229,,,,,0.3421145975589752,,,,,,,,,,,
163,23239,,,,,0.3407963216304779,,,,,,,,,,,
163,23249,,,,,0.31854528188705444,,,,,,,,,,,
163,23259,,,,,0.33638402819633484,,,,,,,,,,,
163,23269,,,,,0.34559863805770874,,,,,,,,,,,
163,23279,,,,,0.3774489462375641,,,,,,,,,,,
163,163,3.9205532203397344,92.81644916638473,,,,,,,,,,,,,,
163,23287,,,,,,0.3508184552192688,,,,,,,,,,
164,23289,,,,,0.38398316502571106,,,,,,,,,,,
164,23299,,,,,0.2924821972846985,,,,,,,,,,,
164,23309,,,,,0.3532131314277649,,,,,,,,,,,
164,23319,,,,,0.33847612142562866,,,,,,,,,,,
164,23329,,,,,0.3257244825363159,,,,,,,,,,,
164,23339,,,,,0.32977160811424255,,,,,,,,,,,
164,23349,,,,,0.3799283802509308,,,,,,,,,,,
164,23359,,,,,0.33854940533638,,,,,,,,,,,
164,23369,,,,,0.33942338824272156,,,,,,,,,,,
164,23379,,,,,0.36407795548439026,,,,,,,,,,,
164,23389,,,,,0.29340946674346924,,,,,,,,,,,
164,23399,,,,,0.4237256348133087,,,,,,,,,,,
164,23409,,,,,0.3462289869785309,,,,,,,,,,,
164,23419,,,,,0.376905232667923,,,,,,,,,,,
164,23429,,,,,0.3765130937099457,,,,,,,,,,,
164,164,4.3249148148015575,92.82355699016982,,,,,,,,,,,,,,
164,23429,,,,,,0.35104092955589294,,,,,,,,,,
165,23439,,,,,0.3172917664051056,,,,,,,,,,,
165,23449,,,,,0.3747112452983856,,,,,,,,,,,
165,23459,,,,,0.3096831440925598,,,,,,,,,,,
165,23469,,,,,0.3102577030658722,,,,,,,,,,,
165,23479,,,,,0.32957035303115845,,,,,,,,,,,
165,23489,,,,,0.37703078985214233,,,,,,,,,,,
165,23499,,,,,0.33673784136772156,,,,,,,,,,,
165,23509,,,,,0.3453449606895447,,,,,,,,,,,
165,23519,,,,,0.3043803572654724,,,,,,,,,,,
165,23529,,,,,0.29172393679618835,,,,,,,,,,,
165,23539,,,,,0.3250850737094879,,,,,,,,,,,
165,23549,,,,,0.38128751516342163,,,,,,,,,,,
165,23559,,,,,0.31027185916900635,,,,,,,,,,,
165,23569,,,,,0.3241029381752014,,,,,,,,,,,
165,165,3.6639331059756506,92.83076643201899,,,,,,,,,,,,,,
165,23571,,,,,,0.3487398624420166,,,,,,,,,,
166,23579,,,,,0.3492441475391388,,,,,,,,,,,
166,23589,,,,,0.3553749620914459,,,,,,,,,,,
166,23599,,,,,0.3710665702819824,,,,,,,,,,,
166,23609,,,,,0.37116050720214844,,,,,,,,,,,
166,23619,,,,,0.31201550364494324,,,,,,,,,,,
166,23629,,,,,0.3946138918399811,,,,,,,,,,,
166,23639,,,,,0.3468799591064453,,,,,,,,,,,
166,23649,,,,,0.35082653164863586,,,,,,,,,,,
166,23659,,,,,0.3513205051422119,,,,,,,,,,,
166,23669,,,,,0.3629470467567444,,,,,,,,,,,
166,23679,,,,,0.33715784549713135,,,,,,,,,,,
166,23689,,,,,0.30647504329681396,,,,,,,,,,,
166,23699,,,,,0.3186017870903015,,,,,,,,,,,
166,23709,,,,,0.37594321370124817,,,,,,,,,,,
166,166,3.728163256773988,92.83838412391496,,,,,,,,,,,,,,
166,23713,,,,,,0.34690234065055847,,,,,,,,,,
167,23719,,,,,0.3221082389354706,,,,,,,,,,,
167,23729,,,,,0.29909461736679077,,,,,,,,,,,
167,23739,,,,,0.3322044909000397,,,,,,,,,,,
167,23749,,,,,0.3586026430130005,,,,,,,,,,,
167,23759,,,,,0.3137288987636566,,,,,,,,,,,
167,23769,,,,,0.3231823146343231,,,,,,,,,,,
167,23779,,,,,0.3361612856388092,,,,,,,,,,,
167,23789,,,,,0.3774961829185486,,,,,,,,,,,
167,23799,,,,,0.36523035168647766,,,,,,,,,,,
167,23809,,,,,0.37945738434791565,,,,,,,,,,,
167,23819,,,,,0.36040323972702026,,,,,,,,,,,
167,23829,,,,,0.38981491327285767,,,,,,,,,,,
167,23839,,,,,0.3879062831401825,,,,,,,,,,,
167,23849,,,,,0.33448225259780884,,,,,,,,,,,
167,167,4.0452590141936895,92.84587987102665,,,,,,,,,,,,,,
167,23855,,,,,,0.3467058539390564,,,,,,,,,,
168,23859,,,,,0.3303654193878174,,,,,,,,,,,
168,23869,,,,,0.2919180393218994,,,,,,,,,,,
168,23879,,,,,0.3609344959259033,,,,,,,,,,,
168,23889,,,,,0.32414311170578003,,,,,,,,,,,
168,23899,,,,,0.3703605532646179,,,,,,,,,,,
168,23909,,,,,0.4131239056587219,,,,,,,,,,,
168,23919,,,,,0.3491273522377014,,,,,,,,,,,
168,23929,,,,,0.33269399404525757,,,,,,,,,,,
168,23939,,,,,0.3407662808895111,,,,,,,,,,,
168,23949,,,,,0.30543947219848633,,,,,,,,,,,
168,23959,,,,,0.3753018379211426,,,,,,,,,,,
168,23969,,,,,0.3148059844970703,,,,,,,,,,,
168,23979,,,,,0.37440773844718933,,,,,,,,,,,
168,23989,,,,,0.30180782079696655,,,,,,,,,,,
168,168,3.8780410234890583,92.85340171061627,,,,,,,,,,,,,,
168,23997,,,,,,0.3457999527454376,,,,,,,,,,
169,23999,,,,,0.36118996143341064,,,,,,,,,,,
169,24009,,,,,0.37627503275871277,,,,,,,,,,,
169,24019,,,,,0.31639987230300903,,,,,,,,,,,
169,24029,,,,,0.30289924144744873,,,,,,,,,,,
169,24039,,,,,0.36560535430908203,,,,,,,,,,,
169,24049,,,,,0.4031299352645874,,,,,,,,,,,
169,24059,,,,,0.33963584899902344,,,,,,,,,,,
169,24069,,,,,0.34471961855888367,,,,,,,,,,,
169,24079,,,,,0.3528597354888916,,,,,,,,,,,
169,24089,,,,,0.2836619019508362,,,,,,,,,,,
169,24099,,,,,0.34426507353782654,,,,,,,,,,,
169,24109,,,,,0.4055466651916504,,,,,,,,,,,
169,24119,,,,,0.3820542097091675,,,,,,,,,,,
169,24129,,,,,0.3484306335449219,,,,,,,,,,,
169,24139,,,,,0.33499813079833984,,,,,,,,,,,
169,169,,,0.9913856387138367,0.565462589263916,,,0.282029771185952,0.6440337896347046,,0.8883326649665833,,0.24626019597053528,,0.8141260711970378,,0.2543220520019531
169,24139,,,,,,,,,0.8883326649665833,,0.24626019597053528,,0.8141260147094727,,0.2543220520019531,
169,169,4.092501458793256,92.86072411930023,,,,,,,,,,,,,,
169,24139,,,,,,0.3455665111541748,,,,,,,,,,
170,24149,,,,,0.3169633746147156,,,,,,,,,,,
170,24159,,,,,0.325857549905777,,,,,,,,,,,
170,24169,,,,,0.36459746956825256,,,,,,,,,,,
170,24179,,,,,0.3206411898136139,,,,,,,,,,,
170,24189,,,,,0.3250904977321625,,,,,,,,,,,
170,24199,,,,,0.3313187062740326,,,,,,,,,,,
170,24209,,,,,0.3111286163330078,,,,,,,,,,,
170,24219,,,,,0.32255467772483826,,,,,,,,,,,
170,24229,,,,,0.36379489302635193,,,,,,,,,,,
170,24239,,,,,0.30608007311820984,,,,,,,,,,,
170,24249,,,,,0.3696010112762451,,,,,,,,,,,
170,24259,,,,,0.31864091753959656,,,,,,,,,,,
170,24269,,,,,0.4285362660884857,,,,,,,,,,,
170,24279,,,,,0.32272031903266907,,,,,,,,,,,
170,170,3.7017820642490626,92.86778935421366,,,,,,,,,,,,,,
170,24281,,,,,,0.34320715069770813,,,,,,,,,,
171,24289,,,,,0.3404402434825897,,,,,,,,,,,
171,24299,,,,,0.3455657660961151,,,,,,,,,,,
171,24309,,,,,0.33830463886260986,,,,,,,,,,,
171,24319,,,,,0.3710435628890991,,,,,,,,,,,
171,24329,,,,,0.3453645706176758,,,,,,,,,,,
171,24339,,,,,0.3791874647140503,,,,,,,,,,,
171,24349,,,,,0.33437380194664,,,,,,,,,,,
171,24359,,,,,0.33497312664985657,,,,,,,,,,,
171,24369,,,,,0.3656560778617859,,,,,,,,,,,
171,24379,,,,,0.37429964542388916,,,,,,,,,,,
171,24389,,,,,0.3599292039871216,,,,,,,,,,,
171,24399,,,,,0.3635392487049103,,,,,,,,,,,
171,24409,,,,,0.3632843792438507,,,,,,,,,,,
171,24419,,,,,0.3546745777130127,,,,,,,,,,,
171,171,3.9937738324730785,92.8749439989605,,,,,,,,,,,,,,
171,24423,,,,,,0.34257379174232483,,,,,,,,,,
172,24429,,,,,0.3355324864387512,,,,,,,,,,,
172,24439,,,,,0.34815847873687744,,,,,,,,,,,
172,24449,,,,,0.36115679144859314,,,,,,,,,,,
172,24459,,,,,0.3373258411884308,,,,,,,,,,,
172,24469,,,,,0.299312025308609,,,,,,,,,,,
172,24479,,,,,0.3694542348384857,,,,,,,,,,,
172,24489,,,,,0.2932301163673401,,,,,,,,,,,
172,24499,,,,,0.31501296162605286,,,,,,,,,,,
172,24509,,,,,0.3380226492881775,,,,,,,,,,,
172,24519,,,,,0.3213512897491455,,,,,,,,,,,
172,24529,,,,,0.3164036273956299,,,,,,,,,,,
172,24539,,,,,0.32107964158058167,,,,,,,,,,,
172,24549,,,,,0.33355191349983215,,,,,,,,,,,
172,24559,,,,,0.32324129343032837,,,,,,,,,,,
172,172,3.6929421269695513,92.8820485030527,,,,,,,,,,,,,,
172,24565,,,,,,0.3399633765220642,,,,,,,,,,
173,24569,,,,,0.2781132161617279,,,,,,,,,,,
173,24579,,,,,0.34322887659072876,,,,,,,,,,,
173,24589,,,,,0.34963592886924744,,,,,,,,,,,
173,24599,,,,,0.39931467175483704,,,,,,,,,,,
173,24609,,,,,0.34053319692611694,,,,,,,,,,,
173,24619,,,,,0.3400501012802124,,,,,,,,,,,
173,24629,,,,,0.3758658468723297,,,,,,,,,,,
173,24639,,,,,0.28385937213897705,,,,,,,,,,,
173,24649,,,,,0.35743439197540283,,,,,,,,,,,
173,24659,,,,,0.32735884189605713,,,,,,,,,,,
173,24669,,,,,0.4218965172767639,,,,,,,,,,,
173,24679,,,,,0.3578623831272125,,,,,,,,,,,
173,24689,,,,,0.3702903389930725,,,,,,,,,,,
173,24699,,,,,0.33009618520736694,,,,,,,,,,,
173,173,3.836434385538246,92.88914067933553,,,,,,,,,,,,,,
173,24707,,,,,,0.339362770318985,,,,,,,,,,
174,24709,,,,,0.33652302622795105,,,,,,,,,,,
174,24719,,,,,0.31162068247795105,,,,,,,,,,,
174,24729,,,,,0.3320765495300293,,,,,,,,,,,
174,24739,,,,,0.3803650140762329,,,,,,,,,,,
174,24749,,,,,0.3651547431945801,,,,,,,,,,,
174,24759,,,,,0.34434542059898376,,,,,,,,,,,
174,24769,,,,,0.3530347943305969,,,,,,,,,,,
174,24779,,,,,0.3602384328842163,,,,,,,,,,,
174,24789,,,,,0.35392630100250244,,,,,,,,,,,
174,24799,,,,,0.3508111238479614,,,,,,,,,,,
174,24809,,,,,0.3483492136001587,,,,,,,,,,,
174,24819,,,,,0.3081463575363159,,,,,,,,,,,
174,24829,,,,,0.4205954968929291,,,,,,,,,,,
174,24839,,,,,0.3526175618171692,,,,,,,,,,,
174,24849,,,,,0.33402639627456665,,,,,,,,,,,
174,174,3.8572736153243494,92.89672861545141,,,,,,,,,,,,,,
174,24849,,,,,,0.3387807607650757,,,,,,,,,,
175,24859,,,,,0.32706236839294434,,,,,,,,,,,
175,24869,,,,,0.3773801326751709,,,,,,,,,,,
175,24879,,,,,0.3561301827430725,,,,,,,,,,,
175,24889,,,,,0.3247891366481781,,,,,,,,,,,
175,24899,,,,,0.36271223425865173,,,,,,,,,,,
175,24909,,,,,0.32590073347091675,,,,,,,,,,,
175,24919,,,,,0.33754613995552063,,,,,,,,,,,
175,24929,,,,,0.34361961483955383,,,,,,,,,,,
175,24939,,,,,0.3497730791568756,,,,,,,,,,,
175,24949,,,,,0.38453420996665955,,,,,,,,,,,
175,24959,,,,,0.33794769644737244,,,,,,,,,,,
175,24969,,,,,0.3270433247089386,,,,,,,,,,,
175,24979,,,,,0.29729515314102173,,,,,,,,,,,
175,24989,,,,,0.36101338267326355,,,,,,,,,,,
175,175,3.990285937168199,92.90385648973066,,,,,,,,,,,,,,
175,24991,,,,,,0.33852991461753845,,,,,,,,,,
176,24999,,,,,0.30880147218704224,,,,,,,,,,,
176,25009,,,,,0.31825780868530273,,,,,,,,,,,
176,25019,,,,,0.3248439133167267,,,,,,,,,,,
176,25029,,,,,0.3605036735534668,,,,,,,,,,,
176,25039,,,,,0.3470720052719116,,,,,,,,,,,
176,25049,,,,,0.3722025454044342,,,,,,,,,,,
176,25059,,,,,0.3026798665523529,,,,,,,,,,,
176,25069,,,,,0.3318067193031311,,,,,,,,,,,
176,25079,,,,,0.3456912338733673,,,,,,,,,,,
176,25089,,,,,0.33235663175582886,,,,,,,,,,,
176,25099,,,,,0.3783831000328064,,,,,,,,,,,
176,25109,,,,,0.34385377168655396,,,,,,,,,,,
176,25119,,,,,0.337901771068573,,,,,,,,,,,
176,25129,,,,,0.31913381814956665,,,,,,,,,,,
176,176,3.9574558673737696,92.9108312494402,,,,,,,,,,,,,,
176,25133,,,,,,0.3375721275806427,,,,,,,,,,
177,25139,,,,,0.3599158227443695,,,,,,,,,,,
177,25149,,,,,0.3244875967502594,,,,,,,,,,,
177,25159,,,,,0.3626256287097931,,,,,,,,,,,
177,25169,,,,,0.299656480550766,,,,,,,,,,,
177,25179,,,,,0.32905665040016174,,,,,,,,,,,
177,25189,,,,,0.31660330295562744,,,,,,,,,,,
177,25199,,,,,0.3265143632888794,,,,,,,,,,,
177,25209,,,,,0.33493170142173767,,,,,,,,,,,
177,25219,,,,,0.34030112624168396,,,,,,,,,,,
177,25229,,,,,0.33048027753829956,,,,,,,,,,,
177,25239,,,,,0.3528349995613098,,,,,,,,,,,
177,25249,,,,,0.3514227867126465,,,,,,,,,,,
177,25259,,,,,0.33010807633399963,,,,,,,,,,,
177,25269,,,,,0.3380398750305176,,,,,,,,,,,
177,177,3.8104037328045037,92.91806410738428,,,,,,,,,,,,,,
177,25275,,,,,,0.336590439081192,,,,,,,,,,
178,25279,,,,,0.3602997064590454,,,,,,,,,,,
178,25289,,,,,0.2901645302772522,,,,,,,,,,,
178,25299,,,,,0.3858276605606079,,,,,,,,,,,
178,25309,,,,,0.35208821296691895,,,,,,,,,,,
178,25319,,,,,0.359244167804718,,,,,,,,,,,
178,25329,,,,,0.30603352189064026,,,,,,,,,,,
178,25339,,,,,0.3659139573574066,,,,,,,,,,,
178,25349,,,,,0.33209148049354553,,,,,,,,,,,
178,25359,,,,,0.33234795928001404,,,,,,,,,,,
178,25369,,,,,0.3445867598056793,,,,,,,,,,,
178,25379,,,,,0.3124591112136841,,,,,,,,,,,
178,25389,,,,,0.32200244069099426,,,,,,,,,,,
178,25399,,,,,0.3624289929866791,,,,,,,,,,,
178,25409,,,,,0.3150855302810669,,,,,,,,,,,
178,178,4.226898512977197,92.92557709697205,,,,,,,,,,,,,,
178,25417,,,,,,0.3351939022541046,,,,,,,,,,
179,25419,,,,,0.31779783964157104,,,,,,,,,,,
179,25429,,,,,0.3592343032360077,,,,,,,,,,,
179,25439,,,,,0.3793710172176361,,,,,,,,,,,
179,25449,,,,,0.3244761824607849,,,,,,,,,,,
179,25459,,,,,0.3194352686405182,,,,,,,,,,,
179,25469,,,,,0.3687919080257416,,,,,,,,,,,
179,25479,,,,,0.3078449070453644,,,,,,,,,,,
179,25489,,,,,0.3262465000152588,,,,,,,,,,,
179,25499,,,,,0.3128384053707123,,,,,,,,,,,
179,25509,,,,,0.3017336428165436,,,,,,,,,,,
179,25519,,,,,0.351744145154953,,,,,,,,,,,
179,25529,,,,,0.3113144636154175,,,,,,,,,,,
179,25539,,,,,0.3636090159416199,,,,,,,,,,,
179,25549,,,,,0.33780622482299805,,,,,,,,,,,
179,25559,,,,,0.3949146568775177,,,,,,,,,,,
179,179,,,0.9920123219490051,0.5750899910926819,,,0.2680350855510341,0.6595165133476257,,0.8918598890304565,,0.24758082628250122,,0.7943056157352973,,0.25895997881889343
179,25559,,,,,,,,,0.8918598890304565,,0.24758082628250122,,0.7943055033683777,,0.25895997881889343,
179,179,3.945866980780529,92.93293553872377,,,,,,,,,,,,,,
179,25559,,,,,,0.33490991592407227,,,,,,,,,,
180,25569,,,,,0.36481547355651855,,,,,,,,,,,
180,25579,,,,,0.3119419515132904,,,,,,,,,,,
180,25589,,,,,0.3382588028907776,,,,,,,,,,,
180,25599,,,,,0.31685441732406616,,,,,,,,,,,
180,25609,,,,,0.3377498686313629,,,,,,,,,,,
180,25619,,,,,0.3463381826877594,,,,,,,,,,,
180,25629,,,,,0.3536474108695984,,,,,,,,,,,
180,25639,,,,,0.3719129264354706,,,,,,,,,,,
180,25649,,,,,0.2903134822845459,,,,,,,,,,,
180,25659,,,,,0.3264312446117401,,,,,,,,,,,
180,25669,,,,,0.34287700057029724,,,,,,,,,,,
180,25679,,,,,0.33661505579948425,,,,,,,,,,,
180,25689,,,,,0.2957277297973633,,,,,,,,,,,
180,25699,,,,,0.28507912158966064,,,,,,,,,,,
180,180,3.7059411202904267,92.94010499328323,,,,,,,,,,,,,,
180,25701,,,,,,0.3325488865375519,,,,,,,,,,
181,25709,,,,,0.3006158769130707,,,,,,,,,,,
181,25719,,,,,0.34025058150291443,,,,,,,,,,,
181,25729,,,,,0.29855677485466003,,,,,,,,,,,
181,25739,,,,,0.3616068661212921,,,,,,,,,,,
181,25749,,,,,0.3348982632160187,,,,,,,,,,,
181,25759,,,,,0.31236395239830017,,,,,,,,,,,
181,25769,,,,,0.33787938952445984,,,,,,,,,,,
181,25779,,,,,0.35671791434288025,,,,,,,,,,,
181,25789,,,,,0.31041666865348816,,,,,,,,,,,
181,25799,,,,,0.30537888407707214,,,,,,,,,,,
181,25809,,,,,0.3619917631149292,,,,,,,,,,,
181,25819,,,,,0.31308814883232117,,,,,,,,,,,
181,25829,,,,,0.2920975387096405,,,,,,,,,,,
181,25839,,,,,0.339163213968277,,,,,,,,,,,
181,181,3.8998440209689846,92.9473174045624,,,,,,,,,,,,,,
181,25843,,,,,,0.3326115012168884,,,,,,,,,,
182,25849,,,,,0.33925092220306396,,,,,,,,,,,
182,25859,,,,,0.34614092111587524,,,,,,,,,,,
182,25869,,,,,0.2941763401031494,,,,,,,,,,,
182,25879,,,,,0.3437359631061554,,,,,,,,,,,
182,25889,,,,,0.3723311126232147,,,,,,,,,,,
182,25899,,,,,0.31822440028190613,,,,,,,,,,,
182,25909,,,,,0.3057301640510559,,,,,,,,,,,
182,25919,,,,,0.34666502475738525,,,,,,,,,,,
182,25929,,,,,0.33122578263282776,,,,,,,,,,,
182,25939,,,,,0.34557732939720154,,,,,,,,,,,
182,25949,,,,,0.38382622599601746,,,,,,,,,,,
182,25959,,,,,0.36114516854286194,,,,,,,,,,,
182,25969,,,,,0.3175232708454132,,,,,,,,,,,
182,25979,,,,,0.33956703543663025,,,,,,,,,,,
182,182,4.3126015476479145,92.95489240664187,,,,,,,,,,,,,,
182,25985,,,,,,0.33182281255722046,,,,,,,,,,
183,25989,,,,,0.3176358640193939,,,,,,,,,,,
183,25999,,,,,0.34627994894981384,,,,,,,,,,,
183,26009,,,,,0.28967511653900146,,,,,,,,,,,
183,26019,,,,,0.3396458327770233,,,,,,,,,,,
183,26029,,,,,0.2906666696071625,,,,,,,,,,,
183,26039,,,,,0.3494824171066284,,,,,,,,,,,
183,26049,,,,,0.30380168557167053,,,,,,,,,,,
183,26059,,,,,0.3090977966785431,,,,,,,,,,,
183,26069,,,,,0.296353816986084,,,,,,,,,,,
183,26079,,,,,0.31472906470298767,,,,,,,,,,,
183,26089,,,,,0.355756014585495,,,,,,,,,,,
183,26099,,,,,0.30611082911491394,,,,,,,,,,,
183,26109,,,,,0.3417590260505676,,,,,,,,,,,
183,26119,,,,,0.36813998222351074,,,,,,,,,,,
183,183,3.8120158240981077,92.96204957418168,,,,,,,,,,,,,,
183,26127,,,,,,0.3302202522754669,,,,,,,,,,
184,26129,,,,,0.33529409766197205,,,,,,,,,,,
184,26139,,,,,0.3153688311576843,,,,,,,,,,,
184,26149,,,,,0.3122565448284149,,,,,,,,,,,
184,26159,,,,,0.309010773897171,,,,,,,,,,,
184,26169,,,,,0.2925098240375519,,,,,,,,,,,
184,26179,,,,,0.3158455789089203,,,,,,,,,,,
184,26189,,,,,0.32246842980384827,,,,,,,,,,,
184,26199,,,,,0.30799630284309387,,,,,,,,,,,
184,26209,,,,,0.31646767258644104,,,,,,,,,,,
184,26219,,,,,0.40916141867637634,,,,,,,,,,,
184,26229,,,,,0.29546165466308594,,,,,,,,,,,
184,26239,,,,,0.29288482666015625,,,,,,,,,,,
184,26249,,,,,0.3528025150299072,,,,,,,,,,,
184,26259,,,,,0.3425687849521637,,,,,,,,,,,
184,26269,,,,,0.349874347448349,,,,,,,,,,,
184,184,3.9111859427022138,92.96963915362696,,,,,,,,,,,,,,
184,26269,,,,,,0.3297002613544464,,,,,,,,,,
185,26279,,,,,0.3496299982070923,,,,,,,,,,,
185,26289,,,,,0.31878432631492615,,,,,,,,,,,
185,26299,,,,,0.3160646855831146,,,,,,,,,,,
185,26309,,,,,0.33098530769348145,,,,,,,,,,,
185,26319,,,,,0.30436569452285767,,,,,,,,,,,
185,26329,,,,,0.31001439690589905,,,,,,,,,,,
185,26339,,,,,0.4005858600139618,,,,,,,,,,,
185,26349,,,,,0.3145934045314789,,,,,,,,,,,
185,26359,,,,,0.34490451216697693,,,,,,,,,,,
185,26369,,,,,0.3342662751674652,,,,,,,,,,,
185,26379,,,,,0.3147262632846832,,,,,,,,,,,
185,26389,,,,,0.34147217869758606,,,,,,,,,,,
185,26399,,,,,0.3343745172023773,,,,,,,,,,,
185,26409,,,,,0.27288225293159485,,,,,,,,,,,
185,185,3.696389612716877,92.97651619271424,,,,,,,,,,,,,,
185,26411,,,,,,0.32892853021621704,,,,,,,,,,
186,26419,,,,,0.3473736345767975,,,,,,,,,,,
186,26429,,,,,0.3429866135120392,,,,,,,,,,,
186,26439,,,,,0.37805071473121643,,,,,,,,,,,
186,26449,,,,,0.3375018835067749,,,,,,,,,,,
186,26459,,,,,0.31966838240623474,,,,,,,,,,,
186,26469,,,,,0.3418182134628296,,,,,,,,,,,
186,26479,,,,,0.30541110038757324,,,,,,,,,,,
186,26489,,,,,0.3370898962020874,,,,,,,,,,,
186,26499,,,,,0.43840518593788147,,,,,,,,,,,
186,26509,,,,,0.3260383903980255,,,,,,,,,,,
186,26519,,,,,0.32815924286842346,,,,,,,,,,,
186,26529,,,,,0.3637074828147888,,,,,,,,,,,
186,26539,,,,,0.2860804796218872,,,,,,,,,,,
186,26549,,,,,0.3156052529811859,,,,,,,,,,,
186,186,3.7434018162766125,92.98414207593638,,,,,,,,,,,,,,
186,26553,,,,,,0.3283071517944336,,,,,,,,,,
187,26559,,,,,0.38211268186569214,,,,,,,,,,,
187,26569,,,,,0.33668819069862366,,,,,,,,,,,
187,26579,,,,,0.29272207617759705,,,,,,,,,,,
187,26589,,,,,0.346717894077301,,,,,,,,,,,
187,26599,,,,,0.3492688536643982,,,,,,,,,,,
187,26609,,,,,0.33116215467453003,,,,,,,,,,,
187,26619,,,,,0.28618377447128296,,,,,,,,,,,
187,26629,,,,,0.3465115427970886,,,,,,,,,,,
187,26639,,,,,0.3197541832923889,,,,,,,,,,,
187,26649,,,,,0.29550620913505554,,,,,,,,,,,
187,26659,,,,,0.34425482153892517,,,,,,,,,,,
187,26669,,,,,0.35070547461509705,,,,,,,,,,,
187,26679,,,,,0.33417174220085144,,,,,,,,,,,
187,26689,,,,,0.39387646317481995,,,,,,,,,,,
187,187,3.7637058382282564,92.99154406460423,,,,,,,,,,,,,,
187,26695,,,,,,0.3269040584564209,,,,,,,,,,
188,26699,,,,,0.3315643072128296,,,,,,,,,,,
188,26709,,,,,0.3360130786895752,,,,,,,,,,,
188,26719,,,,,0.3547220826148987,,,,,,,,,,,
188,26729,,,,,0.35286206007003784,,,,,,,,,,,
188,26739,,,,,0.32229483127593994,,,,,,,,,,,
188,26749,,,,,0.3377944827079773,,,,,,,,,,,
188,26759,,,,,0.3269965946674347,,,,,,,,,,,
188,26769,,,,,0.3219185173511505,,,,,,,,,,,
188,26779,,,,,0.36704790592193604,,,,,,,,,,,
188,26789,,,,,0.33037471771240234,,,,,,,,,,,
188,26799,,,,,0.28748148679733276,,,,,,,,,,,
188,26809,,,,,0.3188967704772949,,,,,,,,,,,
188,26819,,,,,0.27923908829689026,,,,,,,,,,,
188,26829,,,,,0.3250967264175415,,,,,,,,,,,
188,188,3.8576781518245666,92.99900042489273,,,,,,,,,,,,,,
188,26837,,,,,,0.32590451836586,,,,,,,,,,
189,26839,,,,,0.3194521963596344,,,,,,,,,,,
189,26849,,,,,0.32569190859794617,,,,,,,,,,,
189,26859,,,,,0.3261827826499939,,,,,,,,,,,
189,26869,,,,,0.2842634916305542,,,,,,,,,,,
189,26879,,,,,0.2841762900352478,,,,,,,,,,,
189,26889,,,,,0.3168794810771942,,,,,,,,,,,
189,26899,,,,,0.3212992548942566,,,,,,,,,,,
189,26909,,,,,0.34169068932533264,,,,,,,,,,,
189,26919,,,,,0.28420209884643555,,,,,,,,,,,
189,26929,,,,,0.30401846766471863,,,,,,,,,,,
189,26939,,,,,0.3045840263366699,,,,,,,,,,,
189,26949,,,,,0.3189314901828766,,,,,,,,,,,
189,26959,,,,,0.27951207756996155,,,,,,,,,,,
189,26969,,,,,0.3054007887840271,,,,,,,,,,,
189,26979,,,,,0.3578204810619354,,,,,,,,,,,
189,189,,,0.9928995966911316,0.5886605381965637,,,0.2600654711396368,0.6794673800468445,,0.8900833129882812,,0.24509620666503906,,0.8134715062166963,,0.2574867606163025
189,26979,,,,,,,,,0.8900833129882812,,0.24509620666503906,,0.813471257686615,,0.2574867606163025,
189,189,3.962660420878733,93.0067763202354,,,,,,,,,,,,,,
189,26979,,,,,,0.3252696990966797,,,,,,,,,,
190,26989,,,,,0.35934528708457947,,,,,,,,,,,
190,26999,,,,,0.3499784469604492,,,,,,,,,,,
190,27009,,,,,0.33867788314819336,,,,,,,,,,,
190,27019,,,,,0.34416258335113525,,,,,,,,,,,
190,27029,,,,,0.3100786507129669,,,,,,,,,,,
190,27039,,,,,0.32107242941856384,,,,,,,,,,,
190,27049,,,,,0.3303018808364868,,,,,,,,,,,
190,27059,,,,,0.31654950976371765,,,,,,,,,,,
190,27069,,,,,0.34709271788597107,,,,,,,,,,,
190,27079,,,,,0.3004584312438965,,,,,,,,,,,
190,27089,,,,,0.35871002078056335,,,,,,,,,,,
190,27099,,,,,0.28227534890174866,,,,,,,,,,,
190,27109,,,,,0.30295252799987793,,,,,,,,,,,
190,27119,,,,,0.31581684947013855,,,,,,,,,,,
190,190,3.698034234613019,93.01426664453452,,,,,,,,,,,,,,
190,27121,,,,,,0.323723167181015,,,,,,,,,,
191,27129,,,,,0.3705143630504608,,,,,,,,,,,
191,27139,,,,,0.3223263621330261,,,,,,,,,,,
191,27149,,,,,0.3038550615310669,,,,,,,,,,,
191,27159,,,,,0.3090033233165741,,,,,,,,,,,
191,27169,,,,,0.3244710862636566,,,,,,,,,,,
191,27179,,,,,0.2926819622516632,,,,,,,,,,,
191,27189,,,,,0.3285559415817261,,,,,,,,,,,
191,27199,,,,,0.3337920308113098,,,,,,,,,,,
191,27209,,,,,0.3385123014450073,,,,,,,,,,,
191,27219,,,,,0.3264863193035126,,,,,,,,,,,
191,27229,,,,,0.3603293299674988,,,,,,,,,,,
191,27239,,,,,0.2994323968887329,,,,,,,,,,,
191,27249,,,,,0.29552724957466125,,,,,,,,,,,
191,27259,,,,,0.32362866401672363,,,,,,,,,,,
191,191,3.7783137299108107,93.02167303494535,,,,,,,,,,,,,,
191,27263,,,,,,0.32151755690574646,,,,,,,,,,
192,27269,,,,,0.2756243348121643,,,,,,,,,,,
192,27279,,,,,0.3457222282886505,,,,,,,,,,,
192,27289,,,,,0.2912617027759552,,,,,,,,,,,
192,27299,,,,,0.34872540831565857,,,,,,,,,,,
192,27309,,,,,0.33633527159690857,,,,,,,,,,,
192,27319,,,,,0.3404219150543213,,,,,,,,,,,
192,27329,,,,,0.29488399624824524,,,,,,,,,,,
192,27339,,,,,0.3198776841163635,,,,,,,,,,,
192,27349,,,,,0.274613618850708,,,,,,,,,,,
192,27359,,,,,0.32273069024086,,,,,,,,,,,
192,27369,,,,,0.32743358612060547,,,,,,,,,,,
192,27379,,,,,0.3581905663013458,,,,,,,,,,,
192,27389,,,,,0.3075859546661377,,,,,,,,,,,
192,27399,,,,,0.31878596544265747,,,,,,,,,,,
192,192,3.99343897436949,93.02929125436249,,,,,,,,,,,,,,
192,27405,,,,,,0.3223389983177185,,,,,,,,,,
193,27409,,,,,0.3286190330982208,,,,,,,,,,,
193,27419,,,,,0.31685709953308105,,,,,,,,,,,
193,27429,,,,,0.2852652668952942,,,,,,,,,,,
193,27439,,,,,0.37687987089157104,,,,,,,,,,,
193,27449,,,,,0.322752982378006,,,,,,,,,,,
193,27459,,,,,0.35525384545326233,,,,,,,,,,,
193,27469,,,,,0.3573744595050812,,,,,,,,,,,
193,27479,,,,,0.3528830111026764,,,,,,,,,,,
193,27489,,,,,0.34923386573791504,,,,,,,,,,,
193,27499,,,,,0.3431568443775177,,,,,,,,,,,
193,27509,,,,,0.2894080579280853,,,,,,,,,,,
193,27519,,,,,0.3157511055469513,,,,,,,,,,,
193,27529,,,,,0.2993500828742981,,,,,,,,,,,
193,27539,,,,,0.3139979839324951,,,,,,,,,,,
193,193,3.8066958560675195,93.03675267088592,,,,,,,,,,,,,,
193,27547,,,,,,0.3209325969219208,,,,,,,,,,
194,27549,,,,,0.3227124512195587,,,,,,,,,,,
194,27559,,,,,0.31524908542633057,,,,,,,,,,,
194,27569,,,,,0.2976076900959015,,,,,,,,,,,
194,27579,,,,,0.3215962052345276,,,,,,,,,,,
194,27589,,,,,0.322855681180954,,,,,,,,,,,
194,27599,,,,,0.33593571186065674,,,,,,,,,,,
194,27609,,,,,0.3303702771663666,,,,,,,,,,,
194,27619,,,,,0.3197329044342041,,,,,,,,,,,
194,27629,,,,,0.33689725399017334,,,,,,,,,,,
194,27639,,,,,0.30328890681266785,,,,,,,,,,,
194,27649,,,,,0.37349486351013184,,,,,,,,,,,
194,27659,,,,,0.3052114248275757,,,,,,,,,,,
194,27669,,,,,0.3136509656906128,,,,,,,,,,,
194,27679,,,,,0.37790998816490173,,,,,,,,,,,
194,27689,,,,,0.31453803181648254,,,,,,,,,,,
194,194,3.7697677082992094,93.04425612633872,,,,,,,,,,,,,,
194,27689,,,,,,0.3205077052116394,,,,,,,,,,
195,27699,,,,,0.2851446568965912,,,,,,,,,,,
195,27709,,,,,0.32446855306625366,,,,,,,,,,,
195,27719,,,,,0.31852486729621887,,,,,,,,,,,
195,27729,,,,,0.2722966969013214,,,,,,,,,,,
195,27739,,,,,0.27874282002449036,,,,,,,,,,,
195,27749,,,,,0.3283974230289459,,,,,,,,,,,
195,27759,,,,,0.27645373344421387,,,,,,,,,,,
195,27769,,,,,0.3006193935871124,,,,,,,,,,,
195,27779,,,,,0.3140190541744232,,,,,,,,,,,
195,27789,,,,,0.27599596977233887,,,,,,,,,,,
195,27799,,,,,0.30915215611457825,,,,,,,,,,,
195,27809,,,,,0.3337540328502655,,,,,,,,,,,
195,27819,,,,,0.35782158374786377,,,,,,,,,,,
195,27829,,,,,0.26627910137176514,,,,,,,,,,,
195,195,4.290630517559255,93.05141137807456,,,,,,,,,,,,,,
195,27831,,,,,,0.3189515769481659,,,,,,,,,,
196,27839,,,,,0.32776880264282227,,,,,,,,,,,
196,27849,,,,,0.3206547796726227,,,,,,,,,,,
196,27859,,,,,0.29885056614875793,,,,,,,,,,,
196,27869,,,,,0.3457501530647278,,,,,,,,,,,
196,27879,,,,,0.32506120204925537,,,,,,,,,,,
196,27889,,,,,0.3113240897655487,,,,,,,,,,,
196,27899,,,,,0.3171824812889099,,,,,,,,,,,
196,27909,,,,,0.3447478115558624,,,,,,,,,,,
196,27919,,,,,0.287874311208725,,,,,,,,,,,
196,27929,,,,,0.2845994830131531,,,,,,,,,,,
196,27939,,,,,0.27631595730781555,,,,,,,,,,,
196,27949,,,,,0.3412036895751953,,,,,,,,,,,
196,27959,,,,,0.30703991651535034,,,,,,,,,,,
196,27969,,,,,0.2893673777580261,,,,,,,,,,,
196,196,4.009021787962008,93.05880829333843,,,,,,,,,,,,,,
196,27973,,,,,,0.31763479113578796,,,,,,,,,,
197,27979,,,,,0.3284229040145874,,,,,,,,,,,
197,27989,,,,,0.33824342489242554,,,,,,,,,,,
197,27999,,,,,0.3491237759590149,,,,,,,,,,,
197,28009,,,,,0.3463178873062134,,,,,,,,,,,
197,28019,,,,,0.3174978494644165,,,,,,,,,,,
197,28029,,,,,0.34855008125305176,,,,,,,,,,,
197,28039,,,,,0.3280838131904602,,,,,,,,,,,
197,28049,,,,,0.3502444326877594,,,,,,,,,,,
197,28059,,,,,0.328620970249176,,,,,,,,,,,
197,28069,,,,,0.34778067469596863,,,,,,,,,,,
197,28079,,,,,0.35646793246269226,,,,,,,,,,,
197,28089,,,,,0.326583594083786,,,,,,,,,,,
197,28099,,,,,0.2927716076374054,,,,,,,,,,,
197,28109,,,,,0.28495222330093384,,,,,,,,,,,
197,197,3.966744267616705,93.06637377006064,,,,,,,,,,,,,,
197,28115,,,,,,0.31850481033325195,,,,,,,,,,
198,28119,,,,,0.31217172741889954,,,,,,,,,,,
198,28129,,,,,0.34510520100593567,,,,,,,,,,,
198,28139,,,,,0.3245437741279602,,,,,,,,,,,
198,28149,,,,,0.30651357769966125,,,,,,,,,,,
198,28159,,,,,0.31599047780036926,,,,,,,,,,,
198,28169,,,,,0.3143429458141327,,,,,,,,,,,
198,28179,,,,,0.2887178063392639,,,,,,,,,,,
198,28189,,,,,0.3002830445766449,,,,,,,,,,,
198,28199,,,,,0.348704993724823,,,,,,,,,,,
198,28209,,,,,0.3113793134689331,,,,,,,,,,,
198,28219,,,,,0.32769331336021423,,,,,,,,,,,
198,28229,,,,,0.3237626552581787,,,,,,,,,,,
198,28239,,,,,0.305618017911911,,,,,,,,,,,
198,28249,,,,,0.29767298698425293,,,,,,,,,,,
198,198,3.7853090241203384,93.07421990543966,,,,,,,,,,,,,,
198,28257,,,,,,0.3163680136203766,,,,,,,,,,
199,28259,,,,,0.3116685450077057,,,,,,,,,,,
199,28269,,,,,0.3167397975921631,,,,,,,,,,,
199,28279,,,,,0.2898472845554352,,,,,,,,,,,
199,28289,,,,,0.3052525520324707,,,,,,,,,,,
199,28299,,,,,0.3171156048774719,,,,,,,,,,,
199,28309,,,,,0.353613942861557,,,,,,,,,,,
199,28319,,,,,0.3340321481227875,,,,,,,,,,,
199,28329,,,,,0.3163798451423645,,,,,,,,,,,
199,28339,,,,,0.3334803283214569,,,,,,,,,,,
199,28349,,,,,0.2840209901332855,,,,,,,,,,,
199,28359,,,,,0.27281078696250916,,,,,,,,,,,
199,28369,,,,,0.3214383125305176,,,,,,,,,,,
199,28379,,,,,0.3251480162143707,,,,,,,,,,,
199,28389,,,,,0.3065847158432007,,,,,,,,,,,
199,28399,,,,,0.3177253007888794,,,,,,,,,,,
199,199,,,0.993626058101654,0.6088100671768188,,,0.24508301382534559,0.6985299587249756,,0.8892466425895691,,0.2545055150985718,,0.8151640267092355,,0.2625035345554352
199,28399,,,,,,,,,0.8892466425895691,,0.2545055150985718,,0.8151640892028809,,0.2625035345554352,
199,199,4.055177817505084,93.08116453192582,,,,,,,,,,,,,,
199,28399,,,,,,0.3174987733364105,,,,,,,,,,
200,28409,,,,,0.3451096713542938,,,,,,,,,,,
200,28419,,,,,0.30009275674819946,,,,,,,,,,,
200,28429,,,,,0.34305697679519653,,,,,,,,,,,
200,28439,,,,,0.312376469373703,,,,,,,,,,,
200,28449,,,,,0.2868652045726776,,,,,,,,,,,
200,28459,,,,,0.3312380909919739,,,,,,,,,,,
200,28469,,,,,0.2835686504840851,,,,,,,,,,,
200,28479,,,,,0.32146337628364563,,,,,,,,,,,
200,28489,,,,,0.3377017676830292,,,,,,,,,,,
200,28499,,,,,0.3084399700164795,,,,,,,,,,,
200,28509,,,,,0.26376107335090637,,,,,,,,,,,
200,28519,,,,,0.35284164547920227,,,,,,,,,,,
200,28529,,,,,0.29858389496803284,,,,,,,,,,,
200,28539,,,,,0.3270159959793091,,,,,,,,,,,
200,200,3.72045582977318,93.08871085910141,,,,,,,,,,,,,,
200,28541,,,,,,0.3149941861629486,,,,,,,,,,
201,28549,,,,,0.34179702401161194,,,,,,,,,,,
201,28559,,,,,0.3131517469882965,,,,,,,,,,,
201,28569,,,,,0.3302825391292572,,,,,,,,,,,
201,28579,,,,,0.2874000668525696,,,,,,,,,,,
201,28589,,,,,0.30232304334640503,,,,,,,,,,,
201,28599,,,,,0.3568294942378998,,,,,,,,,,,
201,28609,,,,,0.3015983998775482,,,,,,,,,,,
201,28619,,,,,0.3315262496471405,,,,,,,,,,,
201,28629,,,,,0.31194719672203064,,,,,,,,,,,
201,28639,,,,,0.34456008672714233,,,,,,,,,,,
201,28649,,,,,0.28758612275123596,,,,,,,,,,,
201,28659,,,,,0.2913060188293457,,,,,,,,,,,
201,28669,,,,,0.33939969539642334,,,,,,,,,,,
201,28679,,,,,0.307117760181427,,,,,,,,,,,
201,201,3.7178680911567135,93.09593150860296,,,,,,,,,,,,,,
201,28683,,,,,,0.31370317935943604,,,,,,,,,,
202,28689,,,,,0.27479323744773865,,,,,,,,,,,
202,28699,,,,,0.2739441394805908,,,,,,,,,,,
202,28709,,,,,0.3359028100967407,,,,,,,,,,,
202,28719,,,,,0.3037438690662384,,,,,,,,,,,
202,28729,,,,,0.276237428188324,,,,,,,,,,,
202,28739,,,,,0.2932080030441284,,,,,,,,,,,
202,28749,,,,,0.3107953369617462,,,,,,,,,,,
202,28759,,,,,0.3414876461029053,,,,,,,,,,,
202,28769,,,,,0.30595046281814575,,,,,,,,,,,
202,28779,,,,,0.3123133182525635,,,,,,,,,,,
202,28789,,,,,0.3238641023635864,,,,,,,,,,,
202,28799,,,,,0.29216787219047546,,,,,,,,,,,
202,28809,,,,,0.2778373956680298,,,,,,,,,,,
202,28819,,,,,0.4112352728843689,,,,,,,,,,,
202,202,3.6323000070865765,93.10370031816666,,,,,,,,,,,,,,
202,28825,,,,,,0.3130893111228943,,,,,,,,,,
203,28829,,,,,0.3112195134162903,,,,,,,,,,,
203,28839,,,,,0.27817094326019287,,,,,,,,,,,
203,28849,,,,,0.36301514506340027,,,,,,,,,,,
203,28859,,,,,0.28397926688194275,,,,,,,,,,,
203,28869,,,,,0.33007240295410156,,,,,,,,,,,
203,28879,,,,,0.27939727902412415,,,,,,,,,,,
203,28889,,,,,0.26400673389434814,,,,,,,,,,,
203,28899,,,,,0.32006126642227173,,,,,,,,,,,
203,28909,,,,,0.35629478096961975,,,,,,,,,,,
203,28919,,,,,0.3083505630493164,,,,,,,,,,,
203,28929,,,,,0.3089163601398468,,,,,,,,,,,
203,28939,,,,,0.35937419533729553,,,,,,,,,,,
203,28949,,,,,0.3343043625354767,,,,,,,,,,,
203,28959,,,,,0.3177163302898407,,,,,,,,,,,
203,203,3.7569929400210214,93.11085542339988,,,,,,,,,,,,,,
203,28967,,,,,,0.3135119378566742,,,,,,,,,,
204,28969,,,,,0.3066316246986389,,,,,,,,,,,
204,28979,,,,,0.3047057092189789,,,,,,,,,,,
204,28989,,,,,0.2929663062095642,,,,,,,,,,,
204,28999,,,,,0.29480791091918945,,,,,,,,,,,
204,29009,,,,,0.3218001127243042,,,,,,,,,,,
204,29019,,,,,0.33017417788505554,,,,,,,,,,,
204,29029,,,,,0.38755297660827637,,,,,,,,,,,
204,29039,,,,,0.29955658316612244,,,,,,,,,,,
204,29049,,,,,0.2737983167171478,,,,,,,,,,,
204,29059,,,,,0.34344685077667236,,,,,,,,,,,
204,29069,,,,,0.347623735666275,,,,,,,,,,,
204,29079,,,,,0.3247722089290619,,,,,,,,,,,
204,29089,,,,,0.3328920602798462,,,,,,,,,,,
204,29099,,,,,0.2960602641105652,,,,,,,,,,,
204,29109,,,,,0.3446435332298279,,,,,,,,,,,
204,204,4.060643677922232,93.11854581093796,,,,,,,,,,,,,,
204,29109,,,,,,0.3123071491718292,,,,,,,,,,
205,29119,,,,,0.3101010322570801,,,,,,,,,,,
205,29129,,,,,0.3068363666534424,,,,,,,,,,,
205,29139,,,,,0.2721012830734253,,,,,,,,,,,
205,29149,,,,,0.2775135636329651,,,,,,,,,,,
205,29159,,,,,0.3004777431488037,,,,,,,,,,,
205,29169,,,,,0.30820128321647644,,,,,,,,,,,
205,29179,,,,,0.25228413939476013,,,,,,,,,,,
205,29189,,,,,0.299204558134079,,,,,,,,,,,
205,29199,,,,,0.32151028513908386,,,,,,,,,,,
205,29209,,,,,0.31624138355255127,,,,,,,,,,,
205,29219,,,,,0.3040168881416321,,,,,,,,,,,
205,29229,,,,,0.3356604278087616,,,,,,,,,,,
205,29239,,,,,0.3129079043865204,,,,,,,,,,,
205,29249,,,,,0.2958163022994995,,,,,,,,,,,
205,205,3.781225314801595,93.1259709705462,,,,,,,,,,,,,,
205,29251,,,,,,0.3096916675567627,,,,,,,,,,
206,29259,,,,,0.3432459831237793,,,,,,,,,,,
206,29269,,,,,0.2827608585357666,,,,,,,,,,,
206,29279,,,,,0.3163994550704956,,,,,,,,,,,
206,29289,,,,,0.2725515067577362,,,,,,,,,,,
206,29299,,,,,0.2845498025417328,,,,,,,,,,,
206,29309,,,,,0.30896058678627014,,,,,,,,,,,
206,29319,,,,,0.2503790259361267,,,,,,,,,,,
206,29329,,,,,0.2946688234806061,,,,,,,,,,,
206,29339,,,,,0.3055168688297272,,,,,,,,,,,
206,29349,,,,,0.2972942590713501,,,,,,,,,,,
206,29359,,,,,0.3170541226863861,,,,,,,,,,,
206,29369,,,,,0.28641045093536377,,,,,,,,,,,
206,29379,,,,,0.317073792219162,,,,,,,,,,,
206,29389,,,,,0.35654890537261963,,,,,,,,,,,
206,206,3.5603183562310883,93.13358765903872,,,,,,,,,,,,,,
206,29393,,,,,,0.3097449541091919,,,,,,,,,,
207,29399,,,,,0.34008845686912537,,,,,,,,,,,
207,29409,,,,,0.2972736060619354,,,,,,,,,,,
207,29419,,,,,0.30040186643600464,,,,,,,,,,,
207,29429,,,,,0.31131553649902344,,,,,,,,,,,
207,29439,,,,,0.29885801672935486,,,,,,,,,,,
207,29449,,,,,0.3316914141178131,,,,,,,,,,,
207,29459,,,,,0.3092154562473297,,,,,,,,,,,
207,29469,,,,,0.30445143580436707,,,,,,,,,,,
207,29479,,,,,0.3405280113220215,,,,,,,,,,,
207,29489,,,,,0.3295251727104187,,,,,,,,,,,
207,29499,,,,,0.3184582591056824,,,,,,,,,,,
207,29509,,,,,0.29266029596328735,,,,,,,,,,,
207,29519,,,,,0.3069800138473511,,,,,,,,,,,
207,29529,,,,,0.362593412399292,,,,,,,,,,,
207,207,3.9548102227777737,93.14137883831856,,,,,,,,,,,,,,
207,29535,,,,,,0.3079819083213806,,,,,,,,,,
208,29539,,,,,0.33377963304519653,,,,,,,,,,,
208,29549,,,,,0.31912946701049805,,,,,,,,,,,
208,29559,,,,,0.3163001835346222,,,,,,,,,,,
208,29569,,,,,0.2761552631855011,,,,,,,,,,,
208,29579,,,,,0.3316139578819275,,,,,,,,,,,
208,29589,,,,,0.30508843064308167,,,,,,,,,,,
208,29599,,,,,0.34685006737709045,,,,,,,,,,,
208,29609,,,,,0.2851546108722687,,,,,,,,,,,
208,29619,,,,,0.3018234968185425,,,,,,,,,,,
208,29629,,,,,0.3105069398880005,,,,,,,,,,,
208,29639,,,,,0.22789925336837769,,,,,,,,,,,
208,29649,,,,,0.27971935272216797,,,,,,,,,,,
208,29659,,,,,0.3280391991138458,,,,,,,,,,,
208,29669,,,,,0.30404132604599,,,,,,,,,,,
208,208,3.892493257354039,93.14916472268702,,,,,,,,,,,,,,
208,29677,,,,,,0.3090120553970337,,,,,,,,,,
209,29679,,,,,0.3078151047229767,,,,,,,,,,,
209,29689,,,,,0.3079562485218048,,,,,,,,,,,
209,29699,,,,,0.32042935490608215,,,,,,,,,,,
209,29709,,,,,0.2969517707824707,,,,,,,,,,,
209,29719,,,,,0.30453744530677795,,,,,,,,,,,
209,29729,,,,,0.29544395208358765,,,,,,,,,,,
209,29739,,,,,0.29817473888397217,,,,,,,,,,,
209,29749,,,,,0.31386828422546387,,,,,,,,,,,
209,29759,,,,,0.3191656768321991,,,,,,,,,,,
209,29769,,,,,0.2715997099876404,,,,,,,,,,,
209,29779,,,,,0.3130711615085602,,,,,,,,,,,
209,29789,,,,,0.33314695954322815,,,,,,,,,,,
209,29799,,,,,0.30426397919654846,,,,,,,,,,,
209,29809,,,,,0.3466790020465851,,,,,,,,,,,
209,29819,,,,,0.33803051710128784,,,,,,,,,,,
209,209,,,0.9940049052238464,0.6163398027420044,,,0.24095833494805174,0.7083335518836975,,0.8912228941917419,,0.24931645393371582,,0.8322968800000998,,0.2647363543510437
209,29819,,,,,,,,,0.8912228941917419,,0.24931645393371582,,0.8322970271110535,,0.2647363543510437,
209,209,4.41593605864021,93.1564724602782,,,,,,,,,,,,,,
209,29819,,,,,,0.3096083402633667,,,,,,,,,,
210,29829,,,,,0.26415300369262695,,,,,,,,,,,
210,29839,,,,,0.3541707396507263,,,,,,,,,,,
210,29849,,,,,0.3146655559539795,,,,,,,,,,,
210,29859,,,,,0.29023393988609314,,,,,,,,,,,
210,29869,,,,,0.3343653380870819,,,,,,,,,,,
210,29879,,,,,0.2896125912666321,,,,,,,,,,,
210,29889,,,,,0.302002876996994,,,,,,,,,,,
210,29899,,,,,0.2713179886341095,,,,,,,,,,,
210,29909,,,,,0.2607833445072174,,,,,,,,,,,
210,29919,,,,,0.3014248013496399,,,,,,,,,,,
210,29929,,,,,0.30628493428230286,,,,,,,,,,,
210,29939,,,,,0.26938310265541077,,,,,,,,,,,
210,29949,,,,,0.31173253059387207,,,,,,,,,,,
210,29959,,,,,0.28056854009628296,,,,,,,,,,,
210,210,4.204519312028675,93.16404899675636,,,,,,,,,,,,,,
210,29961,,,,,,0.3062121570110321,,,,,,,,,,
211,29969,,,,,0.33402183651924133,,,,,,,,,,,
211,29979,,,,,0.2991954982280731,,,,,,,,,,,
211,29989,,,,,0.27854666113853455,,,,,,,,,,,
211,29999,,,,,0.26900941133499146,,,,,,,,,,,
211,30009,,,,,0.3049665093421936,,,,,,,,,,,
211,30019,,,,,0.30588626861572266,,,,,,,,,,,
211,30029,,,,,0.31269922852516174,,,,,,,,,,,
211,30039,,,,,0.29958194494247437,,,,,,,,,,,
211,30049,,,,,0.3415628969669342,,,,,,,,,,,
211,30059,,,,,0.2853558659553528,,,,,,,,,,,
211,30069,,,,,0.33387666940689087,,,,,,,,,,,
211,30079,,,,,0.31460845470428467,,,,,,,,,,,
211,30089,,,,,0.2806609869003296,,,,,,,,,,,
211,30099,,,,,0.29705899953842163,,,,,,,,,,,
211,211,3.878418637861196,93.17132520920957,,,,,,,,,,,,,,
211,30103,,,,,,0.3052586615085602,,,,,,,,,,
212,30109,,,,,0.3103782832622528,,,,,,,,,,,
212,30119,,,,,0.32652580738067627,,,,,,,,,,,
212,30129,,,,,0.30605587363243103,,,,,,,,,,,
212,30139,,,,,0.3454643487930298,,,,,,,,,,,
212,30149,,,,,0.3238787353038788,,,,,,,,,,,
212,30159,,,,,0.3143845200538635,,,,,,,,,,,
212,30169,,,,,0.31691721081733704,,,,,,,,,,,
212,30179,,,,,0.3660404086112976,,,,,,,,,,,
212,30189,,,,,0.31382429599761963,,,,,,,,,,,
212,30199,,,,,0.27511757612228394,,,,,,,,,,,
212,30209,,,,,0.2808409333229065,,,,,,,,,,,
212,30219,,,,,0.3636801242828369,,,,,,,,,,,
212,30229,,,,,0.33758699893951416,,,,,,,,,,,
212,30239,,,,,0.286528617143631,,,,,,,,,,,
212,212,4.0192550721646905,93.17874826176454,,,,,,,,,,,,,,
212,30245,,,,,,0.30568546056747437,,,,,,,,,,
213,30249,,,,,0.351188063621521,,,,,,,,,,,
213,30259,,,,,0.32887375354766846,,,,,,,,,,,
213,30269,,,,,0.26697880029678345,,,,,,,,,,,
213,30279,,,,,0.2894095778465271,,,,,,,,,,,
213,30289,,,,,0.27944061160087585,,,,,,,,,,,
213,30299,,,,,0.29106462001800537,,,,,,,,,,,
213,30309,,,,,0.3101613521575928,,,,,,,,,,,
213,30319,,,,,0.3431134521961212,,,,,,,,,,,
213,30329,,,,,0.2604559361934662,,,,,,,,,,,
213,30339,,,,,0.32119691371917725,,,,,,,,,,,
213,30349,,,,,0.29451417922973633,,,,,,,,,,,
213,30359,,,,,0.30297550559043884,,,,,,,,,,,
213,30369,,,,,0.3607405722141266,,,,,,,,,,,
213,30379,,,,,0.26452603936195374,,,,,,,,,,,
213,213,3.6423373979816516,93.18573267715698,,,,,,,,,,,,,,
213,30387,,,,,,0.3026125133037567,,,,,,,,,,
214,30389,,,,,0.3148011267185211,,,,,,,,,,,
214,30399,,,,,0.33380040526390076,,,,,,,,,,,
214,30409,,,,,0.28110983967781067,,,,,,,,,,,
214,30419,,,,,0.3186016380786896,,,,,,,,,,,
214,30429,,,,,0.2855027914047241,,,,,,,,,,,
214,30439,,,,,0.28143373131752014,,,,,,,,,,,
214,30449,,,,,0.28331702947616577,,,,,,,,,,,
214,30459,,,,,0.29552459716796875,,,,,,,,,,,
214,30469,,,,,0.26221540570259094,,,,,,,,,,,
214,30479,,,,,0.277514785528183,,,,,,,,,,,
214,30489,,,,,0.30331316590309143,,,,,,,,,,,
214,30499,,,,,0.288700670003891,,,,,,,,,,,
214,30509,,,,,0.2962454855442047,,,,,,,,,,,
214,30519,,,,,0.2687079906463623,,,,,,,,,,,
214,30529,,,,,0.28266221284866333,,,,,,,,,,,
214,214,3.7756716618151644,93.19314156792562,,,,,,,,,,,,,,
214,30529,,,,,,0.30287179350852966,,,,,,,,,,
215,30539,,,,,0.2951308488845825,,,,,,,,,,,
215,30549,,,,,0.2946453392505646,,,,,,,,,,,
215,30559,,,,,0.3301404118537903,,,,,,,,,,,
215,30569,,,,,0.2902701795101166,,,,,,,,,,,
215,30579,,,,,0.2665369510650635,,,,,,,,,,,
215,30589,,,,,0.306855708360672,,,,,,,,,,,
215,30599,,,,,0.3156675398349762,,,,,,,,,,,
215,30609,,,,,0.31771790981292725,,,,,,,,,,,
215,30619,,,,,0.32316848635673523,,,,,,,,,,,
215,30629,,,,,0.31572121381759644,,,,,,,,,,,
215,30639,,,,,0.27070721983909607,,,,,,,,,,,
215,30649,,,,,0.2947232723236084,,,,,,,,,,,
215,30659,,,,,0.2615545690059662,,,,,,,,,,,
215,30669,,,,,0.3233519196510315,,,,,,,,,,,
215,215,4.330207100472354,93.20058019768072,,,,,,,,,,,,,,
215,30671,,,,,,0.30140364170074463,,,,,,,,,,
216,30679,,,,,0.3534121513366699,,,,,,,,,,,
216,30689,,,,,0.24858610332012177,,,,,,,,,,,
216,30699,,,,,0.25015902519226074,,,,,,,,,,,
216,30709,,,,,0.31933555006980896,,,,,,,,,,,
216,30719,,,,,0.291303426027298,,,,,,,,,,,
216,30729,,,,,0.3142116963863373,,,,,,,,,,,
216,30739,,,,,0.3175657391548157,,,,,,,,,,,
216,30749,,,,,0.2598819136619568,,,,,,,,,,,
216,30759,,,,,0.30157196521759033,,,,,,,,,,,
216,30769,,,,,0.27763310074806213,,,,,,,,,,,
216,30779,,,,,0.2964238226413727,,,,,,,,,,,
216,30789,,,,,0.3256605565547943,,,,,,,,,,,
216,30799,,,,,0.30437541007995605,,,,,,,,,,,
216,30809,,,,,0.2956710755825043,,,,,,,,,,,
216,216,3.600761584705888,93.20753195416873,,,,,,,,,,,,,,
216,30813,,,,,,0.3005784749984741,,,,,,,,,,
217,30819,,,,,0.3233155608177185,,,,,,,,,,,
217,30829,,,,,0.3193926215171814,,,,,,,,,,,
217,30839,,,,,0.31922611594200134,,,,,,,,,,,
217,30849,,,,,0.31817618012428284,,,,,,,,,,,
217,30859,,,,,0.3337191641330719,,,,,,,,,,,
217,30869,,,,,0.2897249758243561,,,,,,,,,,,
217,30879,,,,,0.30239275097846985,,,,,,,,,,,
217,30889,,,,,0.2972824275493622,,,,,,,,,,,
217,30899,,,,,0.2946214973926544,,,,,,,,,,,
217,30909,,,,,0.30460068583488464,,,,,,,,,,,
217,30919,,,,,0.317495733499527,,,,,,,,,,,
217,30929,,,,,0.3409121632575989,,,,,,,,,,,
217,30939,,,,,0.3329882323741913,,,,,,,,,,,
217,30949,,,,,0.31128618121147156,,,,,,,,,,,
217,217,3.9523672318822234,93.21526410601686,,,,,,,,,,,,,,
217,30955,,,,,,0.302414208650589,,,,,,,,,,
218,30959,,,,,0.3481239974498749,,,,,,,,,,,
218,30969,,,,,0.2862061560153961,,,,,,,,,,,
218,30979,,,,,0.3422430157661438,,,,,,,,,,,
218,30989,,,,,0.26216474175453186,,,,,,,,,,,
218,30999,,,,,0.33479270339012146,,,,,,,,,,,
218,31009,,,,,0.2788667678833008,,,,,,,,,,,
218,31019,,,,,0.31934767961502075,,,,,,,,,,,
218,31029,,,,,0.28453031182289124,,,,,,,,,,,
218,31039,,,,,0.306705504655838,,,,,,,,,,,
218,31049,,,,,0.31336626410484314,,,,,,,,,,,
218,31059,,,,,0.29194656014442444,,,,,,,,,,,
218,31069,,,,,0.33683153986930847,,,,,,,,,,,
218,31079,,,,,0.3156594932079315,,,,,,,,,,,
218,31089,,,,,0.23722249269485474,,,,,,,,,,,
218,218,4.573652954792484,93.22306893344503,,,,,,,,,,,,,,
218,31097,,,,,,0.29991525411605835,,,,,,,,,,
219,31099,,,,,0.3107486367225647,,,,,,,,,,,
219,31109,,,,,0.295345276594162,,,,,,,,,,,
219,31119,,,,,0.31928735971450806,,,,,,,,,,,
219,31129,,,,,0.29139670729637146,,,,,,,,,,,
219,31139,,,,,0.2603471577167511,,,,,,,,,,,
219,31149,,,,,0.30294689536094666,,,,,,,,,,,
219,31159,,,,,0.29764410853385925,,,,,,,,,,,
219,31169,,,,,0.28918224573135376,,,,,,,,,,,
219,31179,,,,,0.29906314611434937,,,,,,,,,,,
219,31189,,,,,0.3054216206073761,,,,,,,,,,,
219,31199,,,,,0.30303525924682617,,,,,,,,,,,
219,31209,,,,,0.28551679849624634,,,,,,,,,,,
219,31219,,,,,0.2899670898914337,,,,,,,,,,,
219,31229,,,,,0.2881130278110504,,,,,,,,,,,
219,31239,,,,,0.29273366928100586,,,,,,,,,,,
219,219,,,0.9947410225868225,0.6256440877914429,,,0.2293058138718257,0.7265702486038208,,0.8894737958908081,,0.25403839349746704,,0.8345476302261255,,0.2659505307674408
219,31239,,,,,,,,,0.8894737958908081,,0.25403839349746704,,0.8345475196838379,,0.2659505307674408,
219,219,3.6896197582317742,93.22998817210613,,,,,,,,,,,,,,
219,31239,,,,,,0.2969086170196533,,,,,,,,,,
220,31249,,,,,0.2692120671272278,,,,,,,,,,,
220,31259,,,,,0.2958604395389557,,,,,,,,,,,
220,31269,,,,,0.2732820212841034,,,,,,,,,,,
220,31279,,,,,0.2776660919189453,,,,,,,,,,,
220,31289,,,,,0.3384532034397125,,,,,,,,,,,
220,31299,,,,,0.2783537209033966,,,,,,,,,,,
220,31309,,,,,0.3043149709701538,,,,,,,,,,,
220,31319,,,,,0.3298618793487549,,,,,,,,,,,
220,31329,,,,,0.2846587002277374,,,,,,,,,,,
220,31339,,,,,0.3499249517917633,,,,,,,,,,,
220,31349,,,,,0.31229937076568604,,,,,,,,,,,
220,31359,,,,,0.27860379219055176,,,,,,,,,,,
220,31369,,,,,0.3186379075050354,,,,,,,,,,,
220,31379,,,,,0.2879351079463959,,,,,,,,,,,
220,220,3.5628039864827166,93.23800649941475,,,,,,,,,,,,,,
220,31381,,,,,,0.29719629883766174,,,,,,,,,,
221,31389,,,,,0.3336930274963379,,,,,,,,,,,
221,31399,,,,,0.2833625078201294,,,,,,,,,,,
221,31409,,,,,0.3273676037788391,,,,,,,,,,,
221,31419,,,,,0.32705190777778625,,,,,,,,,,,
221,31429,,,,,0.29877540469169617,,,,,,,,,,,
221,31439,,,,,0.3060688376426697,,,,,,,,,,,
221,31449,,,,,0.3084103465080261,,,,,,,,,,,
221,31459,,,,,0.34632471203804016,,,,,,,,,,,
221,31469,,,,,0.26820632815361023,,,,,,,,,,,
221,31479,,,,,0.3186347782611847,,,,,,,,,,,
221,31489,,,,,0.30632343888282776,,,,,,,,,,,
221,31499,,,,,0.3364204168319702,,,,,,,,,,,
221,31509,,,,,0.3017215430736542,,,,,,,,,,,
221,31519,,,,,0.3437785506248474,,,,,,,,,,,
221,221,3.9534499248520714,93.24508278264331,,,,,,,,,,,,,,
221,31523,,,,,,0.29849720001220703,,,,,,,,,,
222,31529,,,,,0.3031049072742462,,,,,,,,,,,
222,31539,,,,,0.2668701410293579,,,,,,,,,,,
222,31549,,,,,0.28847652673721313,,,,,,,,,,,
222,31559,,,,,0.3023541569709778,,,,,,,,,,,
222,31569,,,,,0.2855701446533203,,,,,,,,,,,
222,31579,,,,,0.2668926417827606,,,,,,,,,,,
222,31589,,,,,0.27397623658180237,,,,,,,,,,,
222,31599,,,,,0.3027123212814331,,,,,,,,,,,
222,31609,,,,,0.2477944940328598,,,,,,,,,,,
222,31619,,,,,0.3191787600517273,,,,,,,,,,,
222,31629,,,,,0.29156556725502014,,,,,,,,,,,
222,31639,,,,,0.30592790246009827,,,,,,,,,,,
222,31649,,,,,0.3084041178226471,,,,,,,,,,,
222,31659,,,,,0.334392786026001,,,,,,,,,,,
222,222,3.7927759716258587,93.25225191102636,,,,,,,,,,,,,,
222,31665,,,,,,0.29554805159568787,,,,,,,,,,
223,31669,,,,,0.26441287994384766,,,,,,,,,,,
223,31679,,,,,0.2982671856880188,,,,,,,,,,,
223,31689,,,,,0.256925106048584,,,,,,,,,,,
223,31699,,,,,0.36399203538894653,,,,,,,,,,,
223,31709,,,,,0.3098642826080322,,,,,,,,,,,
223,31719,,,,,0.27450019121170044,,,,,,,,,,,
223,31729,,,,,0.24733269214630127,,,,,,,,,,,
223,31739,,,,,0.2609032690525055,,,,,,,,,,,
223,31749,,,,,0.2571679949760437,,,,,,,,,,,
223,31759,,,,,0.3016633093357086,,,,,,,,,,,
223,31769,,,,,0.26183846592903137,,,,,,,,,,,
223,31779,,,,,0.30854010581970215,,,,,,,,,,,
223,31789,,,,,0.2977381646633148,,,,,,,,,,,
223,31799,,,,,0.28035610914230347,,,,,,,,,,,
223,223,4.078679173341482,93.25991159471903,,,,,,,,,,,,,,
223,31807,,,,,,0.2944898307323456,,,,,,,,,,
224,31809,,,,,0.2726588249206543,,,,,,,,,,,
224,31819,,,,,0.24630704522132874,,,,,,,,,,,
224,31829,,,,,0.29745423793792725,,,,,,,,,,,
224,31839,,,,,0.30748212337493896,,,,,,,,,,,
224,31849,,,,,0.31166642904281616,,,,,,,,,,,
224,31859,,,,,0.30746960639953613,,,,,,,,,,,
224,31869,,,,,0.31086814403533936,,,,,,,,,,,
224,31879,,,,,0.28599441051483154,,,,,,,,,,,
224,31889,,,,,0.27488788962364197,,,,,,,,,,,
224,31899,,,,,0.22969011962413788,,,,,,,,,,,
224,31909,,,,,0.3357095420360565,,,,,,,,,,,
224,31919,,,,,0.2917259931564331,,,,,,,,,,,
224,31929,,,,,0.25793448090553284,,,,,,,,,,,
224,31939,,,,,0.31739774346351624,,,,,,,,,,,
224,31949,,,,,0.2986593544483185,,,,,,,,,,,
224,224,3.968323102395805,93.2676542447984,,,,,,,,,,,,,,
224,31949,,,,,,0.2970409691333771,,,,,,,,,,
225,31959,,,,,0.2667682468891144,,,,,,,,,,,
225,31969,,,,,0.2669580280780792,,,,,,,,,,,
225,31979,,,,,0.29261451959609985,,,,,,,,,,,
225,31989,,,,,0.27028337121009827,,,,,,,,,,,
225,31999,,,,,0.2854562997817993,,,,,,,,,,,
225,32009,,,,,0.2665024399757385,,,,,,,,,,,
225,32019,,,,,0.31071367859840393,,,,,,,,,,,
225,32029,,,,,0.24869176745414734,,,,,,,,,,,
225,32039,,,,,0.28407594561576843,,,,,,,,,,,
225,32049,,,,,0.2705363929271698,,,,,,,,,,,
225,32059,,,,,0.2585967183113098,,,,,,,,,,,
225,32069,,,,,0.2667965292930603,,,,,,,,,,,
225,32079,,,,,0.29231563210487366,,,,,,,,,,,
225,32089,,,,,0.2643425762653351,,,,,,,,,,,
225,225,4.134024547034022,93.27494391782331,,,,,,,,,,,,,,
225,32091,,,,,,0.2943870723247528,,,,,,,,,,
226,32099,,,,,0.32244521379470825,,,,,,,,,,,
226,32109,,,,,0.275069922208786,,,,,,,,,,,
226,32119,,,,,0.293698251247406,,,,,,,,,,,
226,32129,,,,,0.2604508101940155,,,,,,,,,,,
226,32139,,,,,0.2615257203578949,,,,,,,,,,,
226,32149,,,,,0.32768532633781433,,,,,,,,,,,
226,32159,,,,,0.25381481647491455,,,,,,,,,,,
226,32169,,,,,0.27749624848365784,,,,,,,,,,,
226,32179,,,,,0.3100091218948364,,,,,,,,,,,
226,32189,,,,,0.2556748390197754,,,,,,,,,,,
226,32199,,,,,0.3137059807777405,,,,,,,,,,,
226,32209,,,,,0.2756178677082062,,,,,,,,,,,
226,32219,,,,,0.2860272526741028,,,,,,,,,,,
226,32229,,,,,0.2649262547492981,,,,,,,,,,,
226,226,3.751230921307452,93.2825717362595,,,,,,,,,,,,,,
226,32233,,,,,,0.29103419184684753,,,,,,,,,,
227,32239,,,,,0.307675838470459,,,,,,,,,,,
227,32249,,,,,0.3223034739494324,,,,,,,,,,,
227,32259,,,,,0.31975239515304565,,,,,,,,,,,
227,32269,,,,,0.29586803913116455,,,,,,,,,,,
227,32279,,,,,0.3000732660293579,,,,,,,,,,,
227,32289,,,,,0.2829267680644989,,,,,,,,,,,
227,32299,,,,,0.2833089828491211,,,,,,,,,,,
227,32309,,,,,0.2704995274543762,,,,,,,,,,,
227,32319,,,,,0.25442183017730713,,,,,,,,,,,
227,32329,,,,,0.2506369948387146,,,,,,,,,,,
227,32339,,,,,0.3085033893585205,,,,,,,,,,,
227,32349,,,,,0.2744903266429901,,,,,,,,,,,
227,32359,,,,,0.2789723873138428,,,,,,,,,,,
227,32369,,,,,0.30549702048301697,,,,,,,,,,,
227,227,3.9012110147709715,93.28989050688463,,,,,,,,,,,,,,
227,32375,,,,,,0.29377037286758423,,,,,,,,,,
228,32379,,,,,0.2732389271259308,,,,,,,,,,,
228,32389,,,,,0.26498618721961975,,,,,,,,,,,
228,32399,,,,,0.24240311980247498,,,,,,,,,,,
228,32409,,,,,0.27352243661880493,,,,,,,,,,,
228,32419,,,,,0.2922080457210541,,,,,,,,,,,
228,32429,,,,,0.310720294713974,,,,,,,,,,,
228,32439,,,,,0.2851322293281555,,,,,,,,,,,
228,32449,,,,,0.2684037685394287,,,,,,,,,,,
228,32459,,,,,0.3121020495891571,,,,,,,,,,,
228,32469,,,,,0.2962729036808014,,,,,,,,,,,
228,32479,,,,,0.24772487580776215,,,,,,,,,,,
228,32489,,,,,0.3225264549255371,,,,,,,,,,,
228,32499,,,,,0.3036734461784363,,,,,,,,,,,
228,32509,,,,,0.2945151925086975,,,,,,,,,,,
228,228,3.867559647603049,93.29753775293861,,,,,,,,,,,,,,
228,32517,,,,,,0.28908202052116394,,,,,,,,,,
229,32519,,,,,0.3178384006023407,,,,,,,,,,,
229,32529,,,,,0.29472318291664124,,,,,,,,,,,
229,32539,,,,,0.2618407607078552,,,,,,,,,,,
229,32549,,,,,0.3162877559661865,,,,,,,,,,,
229,32559,,,,,0.35582730174064636,,,,,,,,,,,
229,32569,,,,,0.2943934500217438,,,,,,,,,,,
229,32579,,,,,0.3229072690010071,,,,,,,,,,,
229,32589,,,,,0.3089468777179718,,,,,,,,,,,
229,32599,,,,,0.2659119963645935,,,,,,,,,,,
229,32609,,,,,0.27505242824554443,,,,,,,,,,,
229,32619,,,,,0.28833264112472534,,,,,,,,,,,
229,32629,,,,,0.29064562916755676,,,,,,,,,,,
229,32639,,,,,0.3305533230304718,,,,,,,,,,,
229,32649,,,,,0.30300620198249817,,,,,,,,,,,
229,32659,,,,,0.2687574625015259,,,,,,,,,,,
229,229,,,0.9951104521751404,0.6438874006271362,,,0.22407806456131263,0.7400162816047668,,0.8909590244293213,,0.24914702773094177,,0.847242648200113,,0.2642548382282257
229,32659,,,,,,,,,0.8909590244293213,,0.24914702773094177,,0.8472427129745483,,0.2642548382282257,
229,229,4.07443123437627,93.30495326609565,,,,,,,,,,,,,,
229,32659,,,,,,0.29194706678390503,,,,,,,,,,
230,32669,,,,,0.3070947825908661,,,,,,,,,,,
230,32679,,,,,0.34627091884613037,,,,,,,,,,,
230,32689,,,,,0.2797774076461792,,,,,,,,,,,
230,32699,,,,,0.28103107213974,,,,,,,,,,,
230,32709,,,,,0.2882824242115021,,,,,,,,,,,
230,32719,,,,,0.29214322566986084,,,,,,,,,,,
230,32729,,,,,0.2921091616153717,,,,,,,,,,,
230,32739,,,,,0.2739264965057373,,,,,,,,,,,
230,32749,,,,,0.2760578989982605,,,,,,,,,,,
230,32759,,,,,0.30433085560798645,,,,,,,,,,,
230,32769,,,,,0.24808534979820251,,,,,,,,,,,
230,32779,,,,,0.33413538336753845,,,,,,,,,,,
230,32789,,,,,0.27224308252334595,,,,,,,,,,,
230,32799,,,,,0.2918512225151062,,,,,,,,,,,
230,230,3.9534717190603694,93.31227025481394,,,,,,,,,,,,,,
230,32801,,,,,,0.2891498804092407,,,,,,,,,,
231,32809,,,,,0.2927332818508148,,,,,,,,,,,
231,32819,,,,,0.25673651695251465,,,,,,,,,,,
231,32829,,,,,0.3124524652957916,,,,,,,,,,,
231,32839,,,,,0.2878834009170532,,,,,,,,,,,
231,32849,,,,,0.27210915088653564,,,,,,,,,,,
231,32859,,,,,0.27280470728874207,,,,,,,,,,,
231,32869,,,,,0.27551907300949097,,,,,,,,,,,
231,32879,,,,,0.3194564878940582,,,,,,,,,,,
231,32889,,,,,0.28345945477485657,,,,,,,,,,,
231,32899,,,,,0.26269790530204773,,,,,,,,,,,
231,32909,,,,,0.3182973563671112,,,,,,,,,,,
231,32919,,,,,0.26004141569137573,,,,,,,,,,,
231,32929,,,,,0.2956223785877228,,,,,,,,,,,
231,32939,,,,,0.26664334535598755,,,,,,,,,,,
231,231,3.812479213033076,93.3200881181473,,,,,,,,,,,,,,
231,32943,,,,,,0.28870394825935364,,,,,,,,,,
232,32949,,,,,0.3009324073791504,,,,,,,,,,,
232,32959,,,,,0.3200928866863251,,,,,,,,,,,
232,32969,,,,,0.26309317350387573,,,,,,,,,,,
232,32979,,,,,0.3051739037036896,,,,,,,,,,,
232,32989,,,,,0.26484960317611694,,,,,,,,,,,
232,32999,,,,,0.23237809538841248,,,,,,,,,,,
232,33009,,,,,0.2514324188232422,,,,,,,,,,,
232,33019,,,,,0.2718515992164612,,,,,,,,,,,
232,33029,,,,,0.25897037982940674,,,,,,,,,,,
232,33039,,,,,0.32370486855506897,,,,,,,,,,,
232,33049,,,,,0.2794923782348633,,,,,,,,,,,
232,33059,,,,,0.27628573775291443,,,,,,,,,,,
232,33069,,,,,0.3087194263935089,,,,,,,,,,,
232,33079,,,,,0.3230067491531372,,,,,,,,,,,
232,232,4.002834052435341,93.32769101859053,,,,,,,,,,,,,,
232,33085,,,,,,0.2904946208000183,,,,,,,,,,
233,33089,,,,,0.293576717376709,,,,,,,,,,,
233,33099,,,,,0.31286802887916565,,,,,,,,,,,
233,33109,,,,,0.32178714871406555,,,,,,,,,,,
233,33119,,,,,0.2811765968799591,,,,,,,,,,,
233,33129,,,,,0.31666216254234314,,,,,,,,,,,
233,33139,,,,,0.271933376789093,,,,,,,,,,,
233,33149,,,,,0.2796172797679901,,,,,,,,,,,
233,33159,,,,,0.2887618839740753,,,,,,,,,,,
233,33169,,,,,0.2639182209968567,,,,,,,,,,,
233,33179,,,,,0.2410281002521515,,,,,,,,,,,
233,33189,,,,,0.2617137134075165,,,,,,,,,,,
233,33199,,,,,0.2641626298427582,,,,,,,,,,,
233,33209,,,,,0.30288103222846985,,,,,,,,,,,
233,33219,,,,,0.2830635607242584,,,,,,,,,,,
233,233,3.962091772623722,93.33502949549822,,,,,,,,,,,,,,
233,33227,,,,,,0.28663232922554016,,,,,,,,,,
234,33229,,,,,0.2583386301994324,,,,,,,,,,,
234,33239,,,,,0.3289667069911957,,,,,,,,,,,
234,33249,,,,,0.26656752824783325,,,,,,,,,,,
234,33259,,,,,0.3835201561450958,,,,,,,,,,,
234,33269,,,,,0.3298657536506653,,,,,,,,,,,
234,33279,,,,,0.26123011112213135,,,,,,,,,,,
234,33289,,,,,0.26946285367012024,,,,,,,,,,,
234,33299,,,,,0.26306796073913574,,,,,,,,,,,
234,33309,,,,,0.35403552651405334,,,,,,,,,,,
234,33319,,,,,0.30515798926353455,,,,,,,,,,,
234,33329,,,,,0.27447888255119324,,,,,,,,,,,
234,33339,,,,,0.2523761987686157,,,,,,,,,,,
234,33349,,,,,0.30777508020401,,,,,,,,,,,
234,33359,,,,,0.294766902923584,,,,,,,,,,,
234,33369,,,,,0.28618288040161133,,,,,,,,,,,
234,234,3.7841986109781005,93.3422285187276,,,,,,,,,,,,,,
234,33369,,,,,,0.28737738728523254,,,,,,,,,,
235,33379,,,,,0.2839096486568451,,,,,,,,,,,
235,33389,,,,,0.29523926973342896,,,,,,,,,,,
235,33399,,,,,0.26580601930618286,,,,,,,,,,,
235,33409,,,,,0.2714463174343109,,,,,,,,,,,
235,33419,,,,,0.24579821527004242,,,,,,,,,,,
235,33429,,,,,0.31914493441581726,,,,,,,,,,,
235,33439,,,,,0.2686408758163452,,,,,,,,,,,
235,33449,,,,,0.2998603284358978,,,,,,,,,,,
235,33459,,,,,0.2885931730270386,,,,,,,,,,,
235,33469,,,,,0.27127012610435486,,,,,,,,,,,
235,33479,,,,,0.29259783029556274,,,,,,,,,,,
235,33489,,,,,0.2920530140399933,,,,,,,,,,,
235,33499,,,,,0.2861749231815338,,,,,,,,,,,
235,33509,,,,,0.30376261472702026,,,,,,,,,,,
235,235,3.6606181978852677,93.34993011284321,,,,,,,,,,,,,,
235,33511,,,,,,0.2847093343734741,,,,,,,,,,
236,33519,,,,,0.28464022278785706,,,,,,,,,,,
236,33529,,,,,0.28702694177627563,,,,,,,,,,,
236,33539,,,,,0.29784777760505676,,,,,,,,,,,
236,33549,,,,,0.35152333974838257,,,,,,,,,,,
236,33559,,,,,0.3008672297000885,,,,,,,,,,,
236,33569,,,,,0.2971387207508087,,,,,,,,,,,
236,33579,,,,,0.28320008516311646,,,,,,,,,,,
236,33589,,,,,0.27515825629234314,,,,,,,,,,,
236,33599,,,,,0.26537585258483887,,,,,,,,,,,
236,33609,,,,,0.280388742685318,,,,,,,,,,,
236,33619,,,,,0.2766799330711365,,,,,,,,,,,
236,33629,,,,,0.25126776099205017,,,,,,,,,,,
236,33639,,,,,0.2718331813812256,,,,,,,,,,,
236,33649,,,,,0.2462228536605835,,,,,,,,,,,
236,236,3.7294637080234962,93.35690770712951,,,,,,,,,,,,,,
236,33653,,,,,,0.2840083837509155,,,,,,,,,,
237,33659,,,,,0.24601946771144867,,,,,,,,,,,
237,33669,,,,,0.2834518551826477,,,,,,,,,,,
237,33679,,,,,0.3204292058944702,,,,,,,,,,,
237,33689,,,,,0.3285590410232544,,,,,,,,,,,
237,33699,,,,,0.25987687706947327,,,,,,,,,,,
237,33709,,,,,0.25503015518188477,,,,,,,,,,,
237,33719,,,,,0.2827041447162628,,,,,,,,,,,
237,33729,,,,,0.2759862244129181,,,,,,,,,,,
237,33739,,,,,0.28570032119750977,,,,,,,,,,,
237,33749,,,,,0.3084372282028198,,,,,,,,,,,
237,33759,,,,,0.30598533153533936,,,,,,,,,,,
237,33769,,,,,0.2799864113330841,,,,,,,,,,,
237,33779,,,,,0.27432721853256226,,,,,,,,,,,
237,33789,,,,,0.28234559297561646,,,,,,,,,,,
237,237,3.9201401024384084,93.36448237221327,,,,,,,,,,,,,,
237,33795,,,,,,0.28538790345191956,,,,,,,,,,
238,33799,,,,,0.2850572168827057,,,,,,,,,,,
238,33809,,,,,0.2864058315753937,,,,,,,,,,,
238,33819,,,,,0.2944902777671814,,,,,,,,,,,
238,33829,,,,,0.25591838359832764,,,,,,,,,,,
238,33839,,,,,0.25839564204216003,,,,,,,,,,,
238,33849,,,,,0.26853689551353455,,,,,,,,,,,
238,33859,,,,,0.2779998779296875,,,,,,,,,,,
238,33869,,,,,0.30299463868141174,,,,,,,,,,,
238,33879,,,,,0.32937610149383545,,,,,,,,,,,
238,33889,,,,,0.2510281801223755,,,,,,,,,,,
238,33899,,,,,0.27058374881744385,,,,,,,,,,,
238,33909,,,,,0.25654134154319763,,,,,,,,,,,
238,33919,,,,,0.27698108553886414,,,,,,,,,,,
238,33929,,,,,0.30494245886802673,,,,,,,,,,,
238,238,3.8812015944867366,93.37213272895836,,,,,,,,,,,,,,
238,33937,,,,,,0.2809174060821533,,,,,,,,,,
239,33939,,,,,0.2993171215057373,,,,,,,,,,,
239,33949,,,,,0.2970539331436157,,,,,,,,,,,
239,33959,,,,,0.32378044724464417,,,,,,,,,,,
239,33969,,,,,0.2532026171684265,,,,,,,,,,,
239,33979,,,,,0.263780802488327,,,,,,,,,,,
239,33989,,,,,0.30133092403411865,,,,,,,,,,,
239,33999,,,,,0.2711716294288635,,,,,,,,,,,
239,34009,,,,,0.2794663906097412,,,,,,,,,,,
239,34019,,,,,0.28481385111808777,,,,,,,,,,,
239,34029,,,,,0.3061845898628235,,,,,,,,,,,
239,34039,,,,,0.2701720893383026,,,,,,,,,,,
239,34049,,,,,0.3033634126186371,,,,,,,,,,,
239,34059,,,,,0.27309128642082214,,,,,,,,,,,
239,34069,,,,,0.2758989930152893,,,,,,,,,,,
239,34079,,,,,0.3126431107521057,,,,,,,,,,,
239,239,,,0.9956660270690918,0.6538776755332947,,,0.21114732080068596,0.7575801014900208,,0.8901407718658447,,0.2576465606689453,,0.8601137698456949,,0.2675669491291046
239,34079,,,,,,,,,0.8901407718658447,,0.2576465606689453,,0.8601136207580566,,0.2675669491291046,
239,239,3.8381044250767467,93.37964346133752,,,,,,,,,,,,,,
239,34079,,,,,,0.28253787755966187,,,,,,,,,,
240,34089,,,,,0.26360273361206055,,,,,,,,,,,
240,34099,,,,,0.2958599030971527,,,,,,,,,,,
240,34109,,,,,0.2710944414138794,,,,,,,,,,,
240,34119,,,,,0.269467830657959,,,,,,,,,,,
240,34129,,,,,0.25489336252212524,,,,,,,,,,,
240,34139,,,,,0.25817999243736267,,,,,,,,,,,
240,34149,,,,,0.27467310428619385,,,,,,,,,,,
240,34159,,,,,0.2777227461338043,,,,,,,,,,,
240,34169,,,,,0.26340168714523315,,,,,,,,,,,
240,34179,,,,,0.30915048718452454,,,,,,,,,,,
240,34189,,,,,0.286825954914093,,,,,,,,,,,
240,34199,,,,,0.29312896728515625,,,,,,,,,,,
240,34209,,,,,0.27299919724464417,,,,,,,,,,,
240,34219,,,,,0.2558894157409668,,,,,,,,,,,
240,240,3.8810952758891846,93.3869161155445,,,,,,,,,,,,,,
240,34221,,,,,,0.2803173065185547,,,,,,,,,,
241,34229,,,,,0.32137030363082886,,,,,,,,,,,
241,34239,,,,,0.2985726296901703,,,,,,,,,,,
241,34249,,,,,0.2513180673122406,,,,,,,,,,,
241,34259,,,,,0.30935007333755493,,,,,,,,,,,
241,34269,,,,,0.2819385230541229,,,,,,,,,,,
241,34279,,,,,0.2438943088054657,,,,,,,,,,,
241,34289,,,,,0.2983648180961609,,,,,,,,,,,
241,34299,,,,,0.3055853545665741,,,,,,,,,,,
241,34309,,,,,0.3292367458343506,,,,,,,,,,,
241,34319,,,,,0.24972209334373474,,,,,,,,,,,
241,34329,,,,,0.20257171988487244,,,,,,,,,,,
241,34339,,,,,0.262029230594635,,,,,,,,,,,
241,34349,,,,,0.30332115292549133,,,,,,,,,,,
241,34359,,,,,0.2355465292930603,,,,,,,,,,,
241,241,4.3165016435215655,93.3943057602153,,,,,,,,,,,,,,
241,34363,,,,,,0.281466543674469,,,,,,,,,,
242,34369,,,,,0.2529413104057312,,,,,,,,,,,
242,34379,,,,,0.2947605550289154,,,,,,,,,,,
242,34389,,,,,0.2759115397930145,,,,,,,,,,,
242,34399,,,,,0.26659470796585083,,,,,,,,,,,
242,34409,,,,,0.2689470648765564,,,,,,,,,,,
242,34419,,,,,0.29835861921310425,,,,,,,,,,,
242,34429,,,,,0.2590997815132141,,,,,,,,,,,
242,34439,,,,,0.26796770095825195,,,,,,,,,,,
242,34449,,,,,0.30258092284202576,,,,,,,,,,,
242,34459,,,,,0.30066195130348206,,,,,,,,,,,
242,34469,,,,,0.2656779885292053,,,,,,,,,,,
242,34479,,,,,0.3225846588611603,,,,,,,,,,,
242,34489,,,,,0.2626139521598816,,,,,,,,,,,
242,34499,,,,,0.2745629847049713,,,,,,,,,,,
242,242,4.134762774396594,93.40206444716854,,,,,,,,,,,,,,
242,34505,,,,,,0.28146207332611084,,,,,,,,,,
243,34509,,,,,0.29257676005363464,,,,,,,,,,,
243,34519,,,,,0.2784348428249359,,,,,,,,,,,
243,34529,,,,,0.24150420725345612,,,,,,,,,,,
243,34539,,,,,0.2983367443084717,,,,,,,,,,,
243,34549,,,,,0.2768251299858093,,,,,,,,,,,
243,34559,,,,,0.269205778837204,,,,,,,,,,,
243,34569,,,,,0.2758253812789917,,,,,,,,,,,
243,34579,,,,,0.2905164361000061,,,,,,,,,,,
243,34589,,,,,0.27685070037841797,,,,,,,,,,,
243,34599,,,,,0.25010570883750916,,,,,,,,,,,
243,34609,,,,,0.2574905455112457,,,,,,,,,,,
243,34619,,,,,0.29434734582901,,,,,,,,,,,
243,34629,,,,,0.3180089592933655,,,,,,,,,,,
243,34639,,,,,0.31505030393600464,,,,,,,,,,,
243,243,4.590762365959964,93.4096004579184,,,,,,,,,,,,,,
243,34647,,,,,,0.27881208062171936,,,,,,,,,,
244,34649,,,,,0.27225005626678467,,,,,,,,,,,
244,34659,,,,,0.26048919558525085,,,,,,,,,,,
244,34669,,,,,0.3007710874080658,,,,,,,,,,,
244,34679,,,,,0.3170378506183624,,,,,,,,,,,
244,34689,,,,,0.2960265874862671,,,,,,,,,,,
244,34699,,,,,0.31371864676475525,,,,,,,,,,,
244,34709,,,,,0.25137367844581604,,,,,,,,,,,
244,34719,,,,,0.26893845200538635,,,,,,,,,,,
244,34729,,,,,0.2929290235042572,,,,,,,,,,,
244,34739,,,,,0.3020724356174469,,,,,,,,,,,
244,34749,,,,,0.27734825015068054,,,,,,,,,,,
244,34759,,,,,0.2440725713968277,,,,,,,,,,,
244,34769,,,,,0.30167776346206665,,,,,,,,,,,
244,34779,,,,,0.27076923847198486,,,,,,,,,,,
244,34789,,,,,0.2966861128807068,,,,,,,,,,,
244,244,4.50706827107322,93.41732818117609,,,,,,,,,,,,,,
244,34789,,,,,,0.2801196575164795,,,,,,,,,,
245,34799,,,,,0.2657140791416168,,,,,,,,,,,
245,34809,,,,,0.2725161015987396,,,,,,,,,,,
245,34819,,,,,0.28312423825263977,,,,,,,,,,,
245,34829,,,,,0.29777127504348755,,,,,,,,,,,
245,34839,,,,,0.2852405607700348,,,,,,,,,,,
245,34849,,,,,0.29992708563804626,,,,,,,,,,,
245,34859,,,,,0.2783200740814209,,,,,,,,,,,
245,34869,,,,,0.2879563271999359,,,,,,,,,,,
245,34879,,,,,0.2886340618133545,,,,,,,,,,,
245,34889,,,,,0.2717706859111786,,,,,,,,,,,
245,34899,,,,,0.24967674911022186,,,,,,,,,,,
245,34909,,,,,0.305988073348999,,,,,,,,,,,
245,34919,,,,,0.27082476019859314,,,,,,,,,,,
245,34929,,,,,0.2642589509487152,,,,,,,,,,,
245,245,4.145671183810327,93.42499536487841,,,,,,,,,,,,,,
245,34931,,,,,,0.27618348598480225,,,,,,,,,,
246,34939,,,,,0.32019659876823425,,,,,,,,,,,
246,34949,,,,,0.2552783191204071,,,,,,,,,,,
246,34959,,,,,0.29041773080825806,,,,,,,,,,,
246,34969,,,,,0.2735404670238495,,,,,,,,,,,
246,34979,,,,,0.2504065930843353,,,,,,,,,,,
246,34989,,,,,0.3027682304382324,,,,,,,,,,,
246,34999,,,,,0.3566384017467499,,,,,,,,,,,
246,35009,,,,,0.26646214723587036,,,,,,,,,,,
246,35019,,,,,0.23506465554237366,,,,,,,,,,,
246,35029,,,,,0.26184138655662537,,,,,,,,,,,
246,35039,,,,,0.23922045528888702,,,,,,,,,,,
246,35049,,,,,0.25281664729118347,,,,,,,,,,,
246,35059,,,,,0.2674073874950409,,,,,,,,,,,
246,35069,,,,,0.2863890826702118,,,,,,,,,,,
246,246,3.7096027818296324,93.43247204226654,,,,,,,,,,,,,,
246,35073,,,,,,0.27679887413978577,,,,,,,,,,
247,35079,,,,,0.2940966784954071,,,,,,,,,,,
247,35089,,,,,0.23832717537879944,,,,,,,,,,,
247,35099,,,,,0.32830268144607544,,,,,,,,,,,
247,35109,,,,,0.2968216836452484,,,,,,,,,,,
247,35119,,,,,0.24138125777244568,,,,,,,,,,,
247,35129,,,,,0.26370400190353394,,,,,,,,,,,
247,35139,,,,,0.3137740194797516,,,,,,,,,,,
247,35149,,,,,0.3149348497390747,,,,,,,,,,,
247,35159,,,,,0.3024443984031677,,,,,,,,,,,
247,35169,,,,,0.28759369254112244,,,,,,,,,,,
247,35179,,,,,0.30613571405410767,,,,,,,,,,,
247,35189,,,,,0.29927635192871094,,,,,,,,,,,
247,35199,,,,,0.29948458075523376,,,,,,,,,,,
247,35209,,,,,0.2875369191169739,,,,,,,,,,,
247,247,4.099428619995262,93.44028053213043,,,,,,,,,,,,,,
247,35215,,,,,,0.2786226272583008,,,,,,,,,,
248,35219,,,,,0.3193528652191162,,,,,,,,,,,
248,35229,,,,,0.30496498942375183,,,,,,,,,,,
248,35239,,,,,0.2879312336444855,,,,,,,,,,,
248,35249,,,,,0.30266276001930237,,,,,,,,,,,
248,35259,,,,,0.2300039678812027,,,,,,,,,,,
248,35269,,,,,0.26666074991226196,,,,,,,,,,,
248,35279,,,,,0.31505003571510315,,,,,,,,,,,
248,35289,,,,,0.2801254987716675,,,,,,,,,,,
248,35299,,,,,0.28353145718574524,,,,,,,,,,,
248,35309,,,,,0.2874807119369507,,,,,,,,,,,
248,35319,,,,,0.31820428371429443,,,,,,,,,,,
248,35329,,,,,0.305216908454895,,,,,,,,,,,
248,35339,,,,,0.26417770981788635,,,,,,,,,,,
248,35349,,,,,0.25833237171173096,,,,,,,,,,,
248,248,4.010937577237599,93.44745780643736,,,,,,,,,,,,,,
248,35357,,,,,,0.27478769421577454,,,,,,,,,,
249,35359,,,,,0.2555178999900818,,,,,,,,,,,
249,35369,,,,,0.2696015536785126,,,,,,,,,,,
249,35379,,,,,0.263660728931427,,,,,,,,,,,
249,35389,,,,,0.25599926710128784,,,,,,,,,,,
249,35399,,,,,0.2820173501968384,,,,,,,,,,,
249,35409,,,,,0.297983855009079,,,,,,,,,,,
249,35419,,,,,0.26257404685020447,,,,,,,,,,,
249,35429,,,,,0.25395408272743225,,,,,,,,,,,
249,35439,,,,,0.25763070583343506,,,,,,,,,,,
249,35449,,,,,0.25480374693870544,,,,,,,,,,,
249,35459,,,,,0.27677324414253235,,,,,,,,,,,
249,35469,,,,,0.2548027038574219,,,,,,,,,,,
249,35479,,,,,0.26380032300949097,,,,,,,,,,,
249,35489,,,,,0.28630349040031433,,,,,,,,,,,
249,35499,,,,,0.27820900082588196,,,,,,,,,,,
249,249,,,0.9958263039588928,0.6573225259780884,,,0.20966265331042902,0.7639637589454651,,0.8902073502540588,,0.25572216510772705,,0.8695606475277823,,0.2680245339870453
249,35499,,,,,,,,,0.8902073502540588,,0.25572216510772705,,0.8695605397224426,,0.2680245339870453,
249,249,3.8501274601368833,93.45523100191886,,,,,,,,,,,,,,
249,35499,,,,,,0.27391326427459717,,,,,,,,,,
250,35509,,,,,0.30973687767982483,,,,,,,,,,,
250,35519,,,,,0.24610231816768646,,,,,,,,,,,
250,35529,,,,,0.3020413815975189,,,,,,,,,,,
250,35539,,,,,0.2875034809112549,,,,,,,,,,,
250,35549,,,,,0.2993868291378021,,,,,,,,,,,
250,35559,,,,,0.3194010257720947,,,,,,,,,,,
250,35569,,,,,0.24975231289863586,,,,,,,,,,,
250,35579,,,,,0.2839548885822296,,,,,,,,,,,
250,35589,,,,,0.2649065852165222,,,,,,,,,,,
250,35599,,,,,0.29499733448028564,,,,,,,,,,,
250,35609,,,,,0.2774442136287689,,,,,,,,,,,
250,35619,,,,,0.2632652223110199,,,,,,,,,,,
250,35629,,,,,0.24455279111862183,,,,,,,,,,,
250,35639,,,,,0.2696993350982666,,,,,,,,,,,
250,250,3.965972697542633,93.46241533289641,,,,,,,,,,,,,,
250,35641,,,,,,0.27431732416152954,,,,,,,,,,
251,35649,,,,,0.28947174549102783,,,,,,,,,,,
251,35659,,,,,0.3038319945335388,,,,,,,,,,,
251,35669,,,,,0.2781906723976135,,,,,,,,,,,
251,35679,,,,,0.2826240360736847,,,,,,,,,,,
251,35689,,,,,0.26079753041267395,,,,,,,,,,,
251,35699,,,,,0.28485268354415894,,,,,,,,,,,
251,35709,,,,,0.2694927453994751,,,,,,,,,,,
251,35719,,,,,0.28108665347099304,,,,,,,,,,,
251,35729,,,,,0.24658364057540894,,,,,,,,,,,
251,35739,,,,,0.30960899591445923,,,,,,,,,,,
251,35749,,,,,0.24484123289585114,,,,,,,,,,,
251,35759,,,,,0.2609330117702484,,,,,,,,,,,
251,35769,,,,,0.31536394357681274,,,,,,,,,,,
251,35779,,,,,0.2332245111465454,,,,,,,,,,,
251,251,4.071389633554916,93.47002895735875,,,,,,,,,,,,,,
251,35783,,,,,,0.27356117963790894,,,,,,,,,,
252,35789,,,,,0.28957632184028625,,,,,,,,,,,
252,35799,,,,,0.2535615861415863,,,,,,,,,,,
252,35809,,,,,0.24089856445789337,,,,,,,,,,,
252,35819,,,,,0.2758924961090088,,,,,,,,,,,
252,35829,,,,,0.2560930848121643,,,,,,,,,,,
252,35839,,,,,0.2582549452781677,,,,,,,,,,,
252,35849,,,,,0.21522191166877747,,,,,,,,,,,
252,35859,,,,,0.27597111463546753,,,,,,,,,,,
252,35869,,,,,0.2581948935985565,,,,,,,,,,,
252,35879,,,,,0.28761741518974304,,,,,,,,,,,
252,35889,,,,,0.2782670855522156,,,,,,,,,,,
252,35899,,,,,0.2639619708061218,,,,,,,,,,,
252,35909,,,,,0.23593668639659882,,,,,,,,,,,
252,35919,,,,,0.26114243268966675,,,,,,,,,,,
252,252,3.813591973352115,93.47758428899951,,,,,,,,,,,,,,
252,35925,,,,,,0.2699010670185089,,,,,,,,,,
253,35929,,,,,0.24197396636009216,,,,,,,,,,,
253,35939,,,,,0.2926008701324463,,,,,,,,,,,
253,35949,,,,,0.3054937720298767,,,,,,,,,,,
253,35959,,,,,0.22036229074001312,,,,,,,,,,,
253,35969,,,,,0.28313493728637695,,,,,,,,,,,
253,35979,,,,,0.30655837059020996,,,,,,,,,,,
253,35989,,,,,0.2681500017642975,,,,,,,,,,,
253,35999,,,,,0.2812589406967163,,,,,,,,,,,
253,36009,,,,,0.2406926453113556,,,,,,,,,,,
253,36019,,,,,0.2664022743701935,,,,,,,,,,,
253,36029,,,,,0.2609499394893646,,,,,,,,,,,
253,36039,,,,,0.28476232290267944,,,,,,,,,,,
253,36049,,,,,0.27562129497528076,,,,,,,,,,,
253,36059,,,,,0.24698840081691742,,,,,,,,,,,
253,253,4.109516591253919,93.48492427570703,,,,,,,,,,,,,,
253,36067,,,,,,0.27065572142601013,,,,,,,,,,
254,36069,,,,,0.3096650540828705,,,,,,,,,,,
254,36079,,,,,0.2830096483230591,,,,,,,,,,,
254,36089,,,,,0.24186331033706665,,,,,,,,,,,
254,36099,,,,,0.2811655104160309,,,,,,,,,,,
254,36109,,,,,0.24014240503311157,,,,,,,,,,,
254,36119,,,,,0.29136937856674194,,,,,,,,,,,
254,36129,,,,,0.2648555338382721,,,,,,,,,,,
254,36139,,,,,0.2532276213169098,,,,,,,,,,,
254,36149,,,,,0.23491829633712769,,,,,,,,,,,
254,36159,,,,,0.30123916268348694,,,,,,,,,,,
254,36169,,,,,0.27695977687835693,,,,,,,,,,,
254,36179,,,,,0.2958468794822693,,,,,,,,,,,
254,36189,,,,,0.29146960377693176,,,,,,,,,,,
254,36199,,,,,0.2738376557826996,,,,,,,,,,,
254,36209,,,,,0.25830507278442383,,,,,,,,,,,
254,254,4.645565028014584,93.4926581576109,,,,,,,,,,,,,,
254,36209,,,,,,0.2712228298187256,,,,,,,,,,
255,36219,,,,,0.27355191111564636,,,,,,,,,,,
255,36229,,,,,0.2813244163990021,,,,,,,,,,,
255,36239,,,,,0.22628171741962433,,,,,,,,,,,
255,36249,,,,,0.2502014935016632,,,,,,,,,,,
255,36259,,,,,0.25323373079299927,,,,,,,,,,,
255,36269,,,,,0.26829561591148376,,,,,,,,,,,
255,36279,,,,,0.24354992806911469,,,,,,,,,,,
255,36289,,,,,0.24917790293693542,,,,,,,,,,,
255,36299,,,,,0.28282204270362854,,,,,,,,,,,
255,36309,,,,,0.30682486295700073,,,,,,,,,,,
255,36319,,,,,0.20685778558254242,,,,,,,,,,,
255,36329,,,,,0.28250595927238464,,,,,,,,,,,
255,36339,,,,,0.2703699469566345,,,,,,,,,,,
255,36349,,,,,0.29272159934043884,,,,,,,,,,,
255,255,3.8146019271314735,93.49978085301342,,,,,,,,,,,,,,
255,36351,,,,,,0.26864176988601685,,,,,,,,,,
256,36359,,,,,0.2423843890428543,,,,,,,,,,,
256,36369,,,,,0.29339781403541565,,,,,,,,,,,
256,36379,,,,,0.28364700078964233,,,,,,,,,,,
256,36389,,,,,0.27494776248931885,,,,,,,,,,,
256,36399,,,,,0.2924329340457916,,,,,,,,,,,
256,36409,,,,,0.28211289644241333,,,,,,,,,,,
256,36419,,,,,0.26713281869888306,,,,,,,,,,,
256,36429,,,,,0.2816331088542938,,,,,,,,,,,
256,36439,,,,,0.27445390820503235,,,,,,,,,,,
256,36449,,,,,0.2870163023471832,,,,,,,,,,,
256,36459,,,,,0.2656994163990021,,,,,,,,,,,
256,36469,,,,,0.2537775933742523,,,,,,,,,,,
256,36479,,,,,0.2812299132347107,,,,,,,,,,,
256,36489,,,,,0.28830859065055847,,,,,,,,,,,
256,256,4.340926965185036,93.507099675502,,,,,,,,,,,,,,
256,36493,,,,,,0.26903223991394043,,,,,,,,,,
257,36499,,,,,0.23534229397773743,,,,,,,,,,,
257,36509,,,,,0.32234084606170654,,,,,,,,,,,
257,36519,,,,,0.2545253336429596,,,,,,,,,,,
257,36529,,,,,0.284302681684494,,,,,,,,,,,
257,36539,,,,,0.35236242413520813,,,,,,,,,,,
257,36549,,,,,0.29145896434783936,,,,,,,,,,,
257,36559,,,,,0.24532204866409302,,,,,,,,,,,
257,36569,,,,,0.2764294743537903,,,,,,,,,,,
257,36579,,,,,0.24966104328632355,,,,,,,,,,,
257,36589,,,,,0.2617011070251465,,,,,,,,,,,
257,36599,,,,,0.2943311929702759,,,,,,,,,,,
257,36609,,,,,0.29087069630622864,,,,,,,,,,,
257,36619,,,,,0.2797223627567291,,,,,,,,,,,
257,36629,,,,,0.2522426247596741,,,,,,,,,,,
257,257,3.904171355365512,93.51462739334467,,,,,,,,,,,,,,
257,36635,,,,,,0.26811647415161133,,,,,,,,,,
258,36639,,,,,0.2571257948875427,,,,,,,,,,,
258,36649,,,,,0.26687437295913696,,,,,,,,,,,
258,36659,,,,,0.24458535015583038,,,,,,,,,,,
258,36669,,,,,0.22787122428417206,,,,,,,,,,,
258,36679,,,,,0.2688239514827728,,,,,,,,,,,
258,36689,,,,,0.25464844703674316,,,,,,,,,,,
258,36699,,,,,0.24050091207027435,,,,,,,,,,,
258,36709,,,,,0.27265065908432007,,,,,,,,,,,
258,36719,,,,,0.30343127250671387,,,,,,,,,,,
258,36729,,,,,0.2766338288784027,,,,,,,,,,,
258,36739,,,,,0.25021111965179443,,,,,,,,,,,
258,36749,,,,,0.22870327532291412,,,,,,,,,,,
258,36759,,,,,0.28099361062049866,,,,,,,,,,,
258,36769,,,,,0.2449461817741394,,,,,,,,,,,
258,258,4.0705434313292255,93.52195619581947,,,,,,,,,,,,,,
258,36777,,,,,,0.26832136511802673,,,,,,,,,,
259,36779,,,,,0.27252691984176636,,,,,,,,,,,
259,36789,,,,,0.2717456519603729,,,,,,,,,,,
259,36799,,,,,0.2803994119167328,,,,,,,,,,,
259,36809,,,,,0.2776753008365631,,,,,,,,,,,
259,36819,,,,,0.2586727738380432,,,,,,,,,,,
259,36829,,,,,0.2737807333469391,,,,,,,,,,,
259,36839,,,,,0.22630593180656433,,,,,,,,,,,
259,36849,,,,,0.29044148325920105,,,,,,,,,,,
259,36859,,,,,0.24407272040843964,,,,,,,,,,,
259,36869,,,,,0.22883296012878418,,,,,,,,,,,
259,36879,,,,,0.2456952929496765,,,,,,,,,,,
259,36889,,,,,0.2796151638031006,,,,,,,,,,,
259,36899,,,,,0.2787167727947235,,,,,,,,,,,
259,36909,,,,,0.24252083897590637,,,,,,,,,,,
259,36919,,,,,0.25585001707077026,,,,,,,,,,,
259,259,,,0.9964480400085449,0.6761664152145386,,,0.19906087422480742,0.7834203243255615,,0.889543890953064,,0.26346296072006226,,0.8915366382927311,,0.2711447775363922
259,36919,,,,,,,,,0.889543890953064,,0.26346296072006226,,0.8915367722511292,,0.2711447775363922,
259,259,3.8249689787886845,93.5291919290162,,,,,,,,,,,,,,
259,36919,,,,,,0.26598024368286133,,,,,,,,,,
260,36929,,,,,0.2938964366912842,,,,,,,,,,,
260,36939,,,,,0.21656885743141174,,,,,,,,,,,
260,36949,,,,,0.25137582421302795,,,,,,,,,,,
260,36959,,,,,0.2526061236858368,,,,,,,,,,,
260,36969,,,,,0.2773782014846802,,,,,,,,,,,
260,36979,,,,,0.22609341144561768,,,,,,,,,,,
260,36989,,,,,0.2692223787307739,,,,,,,,,,,
260,36999,,,,,0.2595145106315613,,,,,,,,,,,
260,37009,,,,,0.26954561471939087,,,,,,,,,,,
260,37019,,,,,0.26785075664520264,,,,,,,,,,,
260,37029,,,,,0.2900414764881134,,,,,,,,,,,
260,37039,,,,,0.3446982800960541,,,,,,,,,,,
260,37049,,,,,0.24487164616584778,,,,,,,,,,,
260,37059,,,,,0.26950228214263916,,,,,,,,,,,
260,260,3.838639478611476,93.53680695736261,,,,,,,,,,,,,,
260,37061,,,,,,0.26449960470199585,,,,,,,,,,
261,37069,,,,,0.2527640461921692,,,,,,,,,,,
261,37079,,,,,0.2668597996234894,,,,,,,,,,,
261,37089,,,,,0.27327340841293335,,,,,,,,,,,
261,37099,,,,,0.24306900799274445,,,,,,,,,,,
261,37109,,,,,0.2953830063343048,,,,,,,,,,,
261,37119,,,,,0.23928381502628326,,,,,,,,,,,
261,37129,,,,,0.2397819608449936,,,,,,,,,,,
261,37139,,,,,0.27020367980003357,,,,,,,,,,,
261,37149,,,,,0.24710310995578766,,,,,,,,,,,
261,37159,,,,,0.29790759086608887,,,,,,,,,,,
261,37169,,,,,0.2795679271221161,,,,,,,,,,,
261,37179,,,,,0.27680841088294983,,,,,,,,,,,
261,37189,,,,,0.29495590925216675,,,,,,,,,,,
261,37199,,,,,0.28593310713768005,,,,,,,,,,,
261,261,4.047007791309384,93.5441051152888,,,,,,,,,,,,,,
261,37203,,,,,,0.26674196124076843,,,,,,,,,,
262,37209,,,,,0.29572853446006775,,,,,,,,,,,
262,37219,,,,,0.2773635983467102,,,,,,,,,,,
262,37229,,,,,0.2390269786119461,,,,,,,,,,,
262,37239,,,,,0.22885945439338684,,,,,,,,,,,
262,37249,,,,,0.2873059809207916,,,,,,,,,,,
262,37259,,,,,0.23632080852985382,,,,,,,,,,,
262,37269,,,,,0.24708160758018494,,,,,,,,,,,
262,37279,,,,,0.2998753488063812,,,,,,,,,,,
262,37289,,,,,0.3131580948829651,,,,,,,,,,,
262,37299,,,,,0.2347206473350525,,,,,,,,,,,
262,37309,,,,,0.2584633529186249,,,,,,,,,,,
262,37319,,,,,0.2681877911090851,,,,,,,,,,,
262,37329,,,,,0.28463998436927795,,,,,,,,,,,
262,37339,,,,,0.23614317178726196,,,,,,,,,,,
262,262,3.902402630916056,93.55163216052141,,,,,,,,,,,,,,
262,37345,,,,,,0.2655733525753021,,,,,,,,,,
263,37349,,,,,0.29131555557250977,,,,,,,,,,,
263,37359,,,,,0.2256164401769638,,,,,,,,,,,
263,37369,,,,,0.27071061730384827,,,,,,,,,,,
263,37379,,,,,0.28188565373420715,,,,,,,,,,,
263,37389,,,,,0.24766354262828827,,,,,,,,,,,
263,37399,,,,,0.27678582072257996,,,,,,,,,,,
263,37409,,,,,0.27981090545654297,,,,,,,,,,,
263,37419,,,,,0.31449076533317566,,,,,,,,,,,
263,37429,,,,,0.2840416729450226,,,,,,,,,,,
263,37439,,,,,0.2541190981864929,,,,,,,,,,,
263,37449,,,,,0.28058692812919617,,,,,,,,,,,
263,37459,,,,,0.25817567110061646,,,,,,,,,,,
263,37469,,,,,0.29814666509628296,,,,,,,,,,,
263,37479,,,,,0.28883999586105347,,,,,,,,,,,
263,263,3.9346246963708147,93.5588952601068,,,,,,,,,,,,,,
263,37487,,,,,,0.26508569717407227,,,,,,,,,,
264,37489,,,,,0.2615036964416504,,,,,,,,,,,
264,37499,,,,,0.25777187943458557,,,,,,,,,,,
264,37509,,,,,0.258586049079895,,,,,,,,,,,
264,37519,,,,,0.24663732945919037,,,,,,,,,,,
264,37529,,,,,0.2897619307041168,,,,,,,,,,,
264,37539,,,,,0.23710347712039948,,,,,,,,,,,
264,37549,,,,,0.26154422760009766,,,,,,,,,,,
264,37559,,,,,0.25004222989082336,,,,,,,,,,,
264,37569,,,,,0.28875768184661865,,,,,,,,,,,
264,37579,,,,,0.25333482027053833,,,,,,,,,,,
264,37589,,,,,0.2681243121623993,,,,,,,,,,,
264,37599,,,,,0.24157243967056274,,,,,,,,,,,
264,37609,,,,,0.26805272698402405,,,,,,,,,,,
264,37619,,,,,0.22706402838230133,,,,,,,,,,,
264,37629,,,,,0.2615615725517273,,,,,,,,,,,
264,264,3.976149071393657,93.56674972900653,,,,,,,,,,,,,,
264,37629,,,,,,0.2640787959098816,,,,,,,,,,
265,37639,,,,,0.27664127945899963,,,,,,,,,,,
265,37649,,,,,0.24625687301158905,,,,,,,,,,,
265,37659,,,,,0.24410811066627502,,,,,,,,,,,
265,37669,,,,,0.2432556450366974,,,,,,,,,,,
265,37679,,,,,0.2671414017677307,,,,,,,,,,,
265,37689,,,,,0.24220700562000275,,,,,,,,,,,
265,37699,,,,,0.23903901875019073,,,,,,,,,,,
265,37709,,,,,0.29383668303489685,,,,,,,,,,,
265,37719,,,,,0.27652305364608765,,,,,,,,,,,
265,37729,,,,,0.3048033118247986,,,,,,,,,,,
265,37739,,,,,0.2301713526248932,,,,,,,,,,,
265,37749,,,,,0.23337607085704803,,,,,,,,,,,
265,37759,,,,,0.2589614987373352,,,,,,,,,,,
265,37769,,,,,0.2423761636018753,,,,,,,,,,,
265,265,3.7145439490510515,93.57428118382336,,,,,,,,,,,,,,
265,37771,,,,,,0.2607961893081665,,,,,,,,,,
266,37779,,,,,0.24636641144752502,,,,,,,,,,,
266,37789,,,,,0.26677069067955017,,,,,,,,,,,
266,37799,,,,,0.31552910804748535,,,,,,,,,,,
266,37809,,,,,0.2524714171886444,,,,,,,,,,,
266,37819,,,,,0.26295533776283264,,,,,,,,,,,
266,37829,,,,,0.32192057371139526,,,,,,,,,,,
266,37839,,,,,0.28342336416244507,,,,,,,,,,,
266,37849,,,,,0.2368527501821518,,,,,,,,,,,
266,37859,,,,,0.27433764934539795,,,,,,,,,,,
266,37869,,,,,0.2750610113143921,,,,,,,,,,,
266,37879,,,,,0.2347932606935501,,,,,,,,,,,
266,37889,,,,,0.22095629572868347,,,,,,,,,,,
266,37899,,,,,0.24554845690727234,,,,,,,,,,,
266,37909,,,,,0.29783883690834045,,,,,,,,,,,
266,266,3.860541372334387,93.58174146578132,,,,,,,,,,,,,,
266,37913,,,,,,0.2606067955493927,,,,,,,,,,
267,37919,,,,,0.23834289610385895,,,,,,,,,,,
267,37929,,,,,0.21403270959854126,,,,,,,,,,,
267,37939,,,,,0.2613561153411865,,,,,,,,,,,
267,37949,,,,,0.25933343172073364,,,,,,,,,,,
267,37959,,,,,0.27020880579948425,,,,,,,,,,,
267,37969,,,,,0.2606031000614166,,,,,,,,,,,
267,37979,,,,,0.2892947494983673,,,,,,,,,,,
267,37989,,,,,0.25137799978256226,,,,,,,,,,,
267,37999,,,,,0.3145844340324402,,,,,,,,,,,
267,38009,,,,,0.22698867321014404,,,,,,,,,,,
267,38019,,,,,0.2348630577325821,,,,,,,,,,,
267,38029,,,,,0.24334709346294403,,,,,,,,,,,
267,38039,,,,,0.31767407059669495,,,,,,,,,,,
267,38049,,,,,0.27882954478263855,,,,,,,,,,,
267,267,3.816221646934578,93.5891790604627,,,,,,,,,,,,,,
267,38055,,,,,,0.26217031478881836,,,,,,,,,,
268,38059,,,,,0.2178870588541031,,,,,,,,,,,
268,38069,,,,,0.26031067967414856,,,,,,,,,,,
268,38079,,,,,0.27456364035606384,,,,,,,,,,,
268,38089,,,,,0.2646445631980896,,,,,,,,,,,
268,38099,,,,,0.28072065114974976,,,,,,,,,,,
268,38109,,,,,0.22843261063098907,,,,,,,,,,,
268,38119,,,,,0.22064001858234406,,,,,,,,,,,
268,38129,,,,,0.24023018777370453,,,,,,,,,,,
268,38139,,,,,0.2528470456600189,,,,,,,,,,,
268,38149,,,,,0.2526940107345581,,,,,,,,,,,
268,38159,,,,,0.27857881784439087,,,,,,,,,,,
268,38169,,,,,0.24922406673431396,,,,,,,,,,,
268,38179,,,,,0.2777941823005676,,,,,,,,,,,
268,38189,,,,,0.2879382371902466,,,,,,,,,,,
268,268,4.491867774040447,93.59659096530264,,,,,,,,,,,,,,
268,38197,,,,,,0.26216474175453186,,,,,,,,,,
269,38199,,,,,0.2697935700416565,,,,,,,,,,,
269,38209,,,,,0.27469831705093384,,,,,,,,,,,
269,38219,,,,,0.24104124307632446,,,,,,,,,,,
269,38229,,,,,0.2668612599372864,,,,,,,,,,,
269,38239,,,,,0.30886268615722656,,,,,,,,,,,
269,38249,,,,,0.25986790657043457,,,,,,,,,,,
269,38259,,,,,0.21577441692352295,,,,,,,,,,,
269,38269,,,,,0.26147428154945374,,,,,,,,,,,
269,38279,,,,,0.2308325320482254,,,,,,,,,,,
269,38289,,,,,0.2462514191865921,,,,,,,,,,,
269,38299,,,,,0.2718554139137268,,,,,,,,,,,
269,38309,,,,,0.2314242720603943,,,,,,,,,,,
269,38319,,,,,0.2939178943634033,,,,,,,,,,,
269,38329,,,,,0.2385987788438797,,,,,,,,,,,
269,38339,,,,,0.3045617640018463,,,,,,,,,,,
269,269,,,0.9967777132987976,0.6869693398475647,,,0.18870691377418755,0.798603355884552,,0.8894144296646118,,0.262158066034317,,0.8958998998360974,,0.2722623944282532
269,38339,,,,,,,,,0.8894144296646118,,0.262158066034317,,0.895899772644043,,0.2722623944282532,
269,269,3.9405349347224727,93.6041935673209,,,,,,,,,,,,,,
269,38339,,,,,,0.25894659757614136,,,,,,,,,,
270,38349,,,,,0.24514301121234894,,,,,,,,,,,
270,38359,,,,,0.22453054785728455,,,,,,,,,,,
270,38369,,,,,0.2322693169116974,,,,,,,,,,,
270,38379,,,,,0.2675631642341614,,,,,,,,,,,
270,38389,,,,,0.27660292387008667,,,,,,,,,,,
270,38399,,,,,0.22357819974422455,,,,,,,,,,,
270,38409,,,,,0.26621586084365845,,,,,,,,,,,
270,38419,,,,,0.2497069388628006,,,,,,,,,,,
270,38429,,,,,0.23858650028705597,,,,,,,,,,,
270,38439,,,,,0.21700027585029602,,,,,,,,,,,
270,38449,,,,,0.22800281643867493,,,,,,,,,,,
270,38459,,,,,0.23811234533786774,,,,,,,,,,,
270,38469,,,,,0.274383008480072,,,,,,,,,,,
270,38479,,,,,0.2575354278087616,,,,,,,,,,,
270,270,3.9089510830348946,93.61137161700913,,,,,,,,,,,,,,
270,38481,,,,,,0.2578909993171692,,,,,,,,,,
271,38489,,,,,0.256348580121994,,,,,,,,,,,
271,38499,,,,,0.24275127053260803,,,,,,,,,,,
271,38509,,,,,0.2694489657878876,,,,,,,,,,,
271,38519,,,,,0.23941151797771454,,,,,,,,,,,
271,38529,,,,,0.2610979378223419,,,,,,,,,,,
271,38539,,,,,0.31035470962524414,,,,,,,,,,,
271,38549,,,,,0.3112364113330841,,,,,,,,,,,
271,38559,,,,,0.27933523058891296,,,,,,,,,,,
271,38569,,,,,0.2541173994541168,,,,,,,,,,,
271,38579,,,,,0.23452988266944885,,,,,,,,,,,
271,38589,,,,,0.2914171516895294,,,,,,,,,,,
271,38599,,,,,0.27571749687194824,,,,,,,,,,,
271,38609,,,,,0.2593533992767334,,,,,,,,,,,
271,38619,,,,,0.2567835748195648,,,,,,,,,,,
271,271,3.894560389076642,93.61897641659795,,,,,,,,,,,,,,
271,38623,,,,,,0.2571931481361389,,,,,,,,,,
272,38629,,,,,0.21510200202465057,,,,,,,,,,,
272,38639,,,,,0.2558958828449249,,,,,,,,,,,
272,38649,,,,,0.24888379871845245,,,,,,,,,,,
272,38659,,,,,0.30771398544311523,,,,,,,,,,,
272,38669,,,,,0.2141900360584259,,,,,,,,,,,
272,38679,,,,,0.23818367719650269,,,,,,,,,,,
272,38689,,,,,0.24112460017204285,,,,,,,,,,,
272,38699,,,,,0.25084003806114197,,,,,,,,,,,
272,38709,,,,,0.27422627806663513,,,,,,,,,,,
272,38719,,,,,0.29281798005104065,,,,,,,,,,,
272,38729,,,,,0.2572144865989685,,,,,,,,,,,
272,38739,,,,,0.28548094630241394,,,,,,,,,,,
272,38749,,,,,0.2523961067199707,,,,,,,,,,,
272,38759,,,,,0.24364300072193146,,,,,,,,,,,
272,272,3.9164680470498188,93.62659490480104,,,,,,,,,,,,,,
272,38765,,,,,,0.2575950026512146,,,,,,,,,,
273,38769,,,,,0.24058333039283752,,,,,,,,,,,
273,38779,,,,,0.2302873283624649,,,,,,,,,,,
273,38789,,,,,0.2614287734031677,,,,,,,,,,,
273,38799,,,,,0.23019984364509583,,,,,,,,,,,
273,38809,,,,,0.2478843331336975,,,,,,,,,,,
273,38819,,,,,0.2692759037017822,,,,,,,,,,,
273,38829,,,,,0.20248016715049744,,,,,,,,,,,
273,38839,,,,,0.2806850075721741,,,,,,,,,,,
273,38849,,,,,0.2547491788864136,,,,,,,,,,,
273,38859,,,,,0.23945683240890503,,,,,,,,,,,
273,38869,,,,,0.1955035924911499,,,,,,,,,,,
273,38879,,,,,0.24101442098617554,,,,,,,,,,,
273,38889,,,,,0.2580309808254242,,,,,,,,,,,
273,38899,,,,,0.24954545497894287,,,,,,,,,,,
273,273,3.8956682897131913,93.6341335566634,,,,,,,,,,,,,,
273,38907,,,,,,0.2572271227836609,,,,,,,,,,
274,38909,,,,,0.23700305819511414,,,,,,,,,,,
274,38919,,,,,0.25486478209495544,,,,,,,,,,,
274,38929,,,,,0.2321295142173767,,,,,,,,,,,
274,38939,,,,,0.23925159871578217,,,,,,,,,,,
274,38949,,,,,0.29127445816993713,,,,,,,,,,,
274,38959,,,,,0.22403128445148468,,,,,,,,,,,
274,38969,,,,,0.2068549543619156,,,,,,,,,,,
274,38979,,,,,0.2286752313375473,,,,,,,,,,,
274,38989,,,,,0.2324041873216629,,,,,,,,,,,
274,38999,,,,,0.24698473513126373,,,,,,,,,,,
274,39009,,,,,0.2942420542240143,,,,,,,,,,,
274,39019,,,,,0.26521754264831543,,,,,,,,,,,
274,39029,,,,,0.2431497424840927,,,,,,,,,,,
274,39039,,,,,0.28501978516578674,,,,,,,,,,,
274,39049,,,,,0.20375774800777435,,,,,,,,,,,
274,274,3.83166197543012,93.64202819793054,,,,,,,,,,,,,,
274,39049,,,,,,0.256024032831192,,,,,,,,,,
275,39059,,,,,0.25331827998161316,,,,,,,,,,,
275,39069,,,,,0.24578768014907837,,,,,,,,,,,
275,39079,,,,,0.2419225424528122,,,,,,,,,,,
275,39089,,,,,0.27838626503944397,,,,,,,,,,,
275,39099,,,,,0.23819103837013245,,,,,,,,,,,
275,39109,,,,,0.27474042773246765,,,,,,,,,,,
275,39119,,,,,0.24575436115264893,,,,,,,,,,,
275,39129,,,,,0.24271398782730103,,,,,,,,,,,
275,39139,,,,,0.24610044062137604,,,,,,,,,,,
275,39149,,,,,0.2506835460662842,,,,,,,,,,,
275,39159,,,,,0.24550919234752655,,,,,,,,,,,
275,39169,,,,,0.3136828541755676,,,,,,,,,,,
275,39179,,,,,0.2418559342622757,,,,,,,,,,,
275,39189,,,,,0.25788456201553345,,,,,,,,,,,
275,275,4.1165433343943585,93.64920310848736,,,,,,,,,,,,,,
275,39191,,,,,,0.2560104429721832,,,,,,,,,,
276,39199,,,,,0.2492268830537796,,,,,,,,,,,
276,39209,,,,,0.2697144150733948,,,,,,,,,,,
276,39219,,,,,0.21841572225093842,,,,,,,,,,,
276,39229,,,,,0.2347555309534073,,,,,,,,,,,
276,39239,,,,,0.2970341145992279,,,,,,,,,,,
276,39249,,,,,0.26883965730667114,,,,,,,,,,,
276,39259,,,,,0.28798773884773254,,,,,,,,,,,
276,39269,,,,,0.2524396777153015,,,,,,,,,,,
276,39279,,,,,0.2386329621076584,,,,,,,,,,,
276,39289,,,,,0.2847386300563812,,,,,,,,,,,
276,39299,,,,,0.2392207682132721,,,,,,,,,,,
276,39309,,,,,0.26727303862571716,,,,,,,,,,,
276,39319,,,,,0.23732370138168335,,,,,,,,,,,
276,39329,,,,,0.2743932008743286,,,,,,,,,,,
276,276,4.256856550493886,93.65668292035245,,,,,,,,,,,,,,
276,39333,,,,,,0.2544615566730499,,,,,,,,,,
277,39339,,,,,0.22330297529697418,,,,,,,,,,,
277,39349,,,,,0.23765726387500763,,,,,,,,,,,
277,39359,,,,,0.2742291986942291,,,,,,,,,,,
277,39369,,,,,0.23420041799545288,,,,,,,,,,,
277,39379,,,,,0.26969584822654724,,,,,,,,,,,
277,39389,,,,,0.2875308692455292,,,,,,,,,,,
277,39399,,,,,0.23853513598442078,,,,,,,,,,,
277,39409,,,,,0.23818334937095642,,,,,,,,,,,
277,39419,,,,,0.24756987392902374,,,,,,,,,,,
277,39429,,,,,0.26230743527412415,,,,,,,,,,,
277,39439,,,,,0.2267773449420929,,,,,,,,,,,
277,39449,,,,,0.26546335220336914,,,,,,,,,,,
277,39459,,,,,0.2425735741853714,,,,,,,,,,,
277,39469,,,,,0.22349998354911804,,,,,,,,,,,
277,277,3.7993131023494784,93.66439407218577,,,,,,,,,,,,,,
277,39475,,,,,,0.2535551190376282,,,,,,,,,,
278,39479,,,,,0.24434666335582733,,,,,,,,,,,
278,39489,,,,,0.24511167407035828,,,,,,,,,,,
278,39499,,,,,0.21956971287727356,,,,,,,,,,,
278,39509,,,,,0.262510746717453,,,,,,,,,,,
278,39519,,,,,0.26244017481803894,,,,,,,,,,,
278,39529,,,,,0.2720271050930023,,,,,,,,,,,
278,39539,,,,,0.2456652671098709,,,,,,,,,,,
278,39549,,,,,0.22838109731674194,,,,,,,,,,,
278,39559,,,,,0.24133214354515076,,,,,,,,,,,
278,39569,,,,,0.25437700748443604,,,,,,,,,,,
278,39579,,,,,0.27826163172721863,,,,,,,,,,,
278,39589,,,,,0.2709586024284363,,,,,,,,,,,
278,39599,,,,,0.2224622517824173,,,,,,,,,,,
278,39609,,,,,0.22792263329029083,,,,,,,,,,,
278,278,3.796874921125641,93.67171495074507,,,,,,,,,,,,,,
278,39617,,,,,,0.2525567412376404,,,,,,,,,,
279,39619,,,,,0.2645072340965271,,,,,,,,,,,
279,39629,,,,,0.24991488456726074,,,,,,,,,,,
279,39639,,,,,0.2552917003631592,,,,,,,,,,,
279,39649,,,,,0.22915686666965485,,,,,,,,,,,
279,39659,,,,,0.26784008741378784,,,,,,,,,,,
279,39669,,,,,0.26898157596588135,,,,,,,,,,,
279,39679,,,,,0.24760156869888306,,,,,,,,,,,
279,39689,,,,,0.24975109100341797,,,,,,,,,,,
279,39699,,,,,0.25349757075309753,,,,,,,,,,,
279,39709,,,,,0.19988536834716797,,,,,,,,,,,
279,39719,,,,,0.22065071761608124,,,,,,,,,,,
279,39729,,,,,0.2699398398399353,,,,,,,,,,,
279,39739,,,,,0.2741619050502777,,,,,,,,,,,
279,39749,,,,,0.26030078530311584,,,,,,,,,,,
279,39759,,,,,0.2898252606391907,,,,,,,,,,,
279,279,,,0.9971005916595459,0.6900549530982971,,,0.18228566214642908,0.8095743656158447,,0.8910859227180481,,0.26466965675354004,,0.899388427332956,,0.2701217532157898
279,39759,,,,,,,,,0.8910859227180481,,0.26466965675354004,,0.8993884325027466,,0.2701217532157898,
279,279,4.014638066002414,93.67920139281024,,,,,,,,,,,,,,
279,39759,,,,,,0.25159183144569397,,,,,,,,,,
280,39769,,,,,0.2650187015533447,,,,,,,,,,,
280,39779,,,,,0.23604100942611694,,,,,,,,,,,
280,39789,,,,,0.23771950602531433,,,,,,,,,,,
280,39799,,,,,0.25825828313827515,,,,,,,,,,,
280,39809,,,,,0.2593208849430084,,,,,,,,,,,
280,39819,,,,,0.21673829853534698,,,,,,,,,,,
280,39829,,,,,0.2972537577152252,,,,,,,,,,,
280,39839,,,,,0.2671017646789551,,,,,,,,,,,
280,39849,,,,,0.2595323920249939,,,,,,,,,,,
280,39859,,,,,0.22125625610351562,,,,,,,,,,,
280,39869,,,,,0.2513975501060486,,,,,,,,,,,
280,39879,,,,,0.3148406445980072,,,,,,,,,,,
280,39889,,,,,0.26731619238853455,,,,,,,,,,,
280,39899,,,,,0.2716246247291565,,,,,,,,,,,
280,280,4.052781907828038,93.68719121914077,,,,,,,,,,,,,,
280,39901,,,,,,0.2521868348121643,,,,,,,,,,
281,39909,,,,,0.2525119185447693,,,,,,,,,,,
281,39919,,,,,0.22704944014549255,,,,,,,,,,,
281,39929,,,,,0.2588771879673004,,,,,,,,,,,
281,39939,,,,,0.2432391196489334,,,,,,,,,,,
281,39949,,,,,0.24222895503044128,,,,,,,,,,,
281,39959,,,,,0.2380450814962387,,,,,,,,,,,
281,39969,,,,,0.25774064660072327,,,,,,,,,,,
281,39979,,,,,0.2475222945213318,,,,,,,,,,,
281,39989,,,,,0.2637508809566498,,,,,,,,,,,
281,39999,,,,,0.2764294445514679,,,,,,,,,,,
281,40009,,,,,0.26233938336372375,,,,,,,,,,,
281,40019,,,,,0.23732316493988037,,,,,,,,,,,
281,40029,,,,,0.25977256894111633,,,,,,,,,,,
281,40039,,,,,0.2514253854751587,,,,,,,,,,,
281,281,3.8688936827179528,93.69433693179775,,,,,,,,,,,,,,
281,40043,,,,,,0.25026288628578186,,,,,,,,,,
282,40049,,,,,0.27647918462753296,,,,,,,,,,,
282,40059,,,,,0.25871554017066956,,,,,,,,,,,
282,40069,,,,,0.19179661571979523,,,,,,,,,,,
282,40079,,,,,0.26004937291145325,,,,,,,,,,,
282,40089,,,,,0.20840011537075043,,,,,,,,,,,
282,40099,,,,,0.2258189469575882,,,,,,,,,,,
282,40109,,,,,0.23999057710170746,,,,,,,,,,,
282,40119,,,,,0.27204450964927673,,,,,,,,,,,
282,40129,,,,,0.24518178403377533,,,,,,,,,,,
282,40139,,,,,0.258104145526886,,,,,,,,,,,
282,40149,,,,,0.28617793321609497,,,,,,,,,,,
282,40159,,,,,0.22626589238643646,,,,,,,,,,,
282,40169,,,,,0.23224472999572754,,,,,,,,,,,
282,40179,,,,,0.25803661346435547,,,,,,,,,,,
282,282,4.170757211304558,93.70191105242111,,,,,,,,,,,,,,
282,40185,,,,,,0.2492653727531433,,,,,,,,,,
283,40189,,,,,0.2588166296482086,,,,,,,,,,,
283,40199,,,,,0.24326476454734802,,,,,,,,,,,
283,40209,,,,,0.20372122526168823,,,,,,,,,,,
283,40219,,,,,0.26247742772102356,,,,,,,,,,,
283,40229,,,,,0.23878951370716095,,,,,,,,,,,
283,40239,,,,,0.25068986415863037,,,,,,,,,,,
283,40249,,,,,0.26905587315559387,,,,,,,,,,,
283,40259,,,,,0.24525651335716248,,,,,,,,,,,
283,40269,,,,,0.2680397927761078,,,,,,,,,,,
283,40279,,,,,0.2882140576839447,,,,,,,,,,,
283,40289,,,,,0.19721359014511108,,,,,,,,,,,
283,40299,,,,,0.23575732111930847,,,,,,,,,,,
283,40309,,,,,0.1947755515575409,,,,,,,,,,,
283,40319,,,,,0.2734184265136719,,,,,,,,,,,
283,283,3.9101383618538232,93.7095978637792,,,,,,,,,,,,,,
283,40327,,,,,,0.24811697006225586,,,,,,,,,,
284,40329,,,,,0.2278558760881424,,,,,,,,,,,
284,40339,,,,,0.2561500072479248,,,,,,,,,,,
284,40349,,,,,0.24600937962532043,,,,,,,,,,,
284,40359,,,,,0.257489413022995,,,,,,,,,,,
284,40369,,,,,0.2745407223701477,,,,,,,,,,,
284,40379,,,,,0.2329196035861969,,,,,,,,,,,
284,40389,,,,,0.2615705728530884,,,,,,,,,,,
284,40399,,,,,0.256124883890152,,,,,,,,,,,
284,40409,,,,,0.24425511062145233,,,,,,,,,,,
284,40419,,,,,0.23816543817520142,,,,,,,,,,,
284,40429,,,,,0.26075005531311035,,,,,,,,,,,
284,40439,,,,,0.262451708316803,,,,,,,,,,,
284,40449,,,,,0.2537497580051422,,,,,,,,,,,
284,40459,,,,,0.29577186703681946,,,,,,,,,,,
284,40469,,,,,0.23903650045394897,,,,,,,,,,,
284,284,4.439504080688011,93.71728857229188,,,,,,,,,,,,,,
284,40469,,,,,,0.250543475151062,,,,,,,,,,
285,40479,,,,,0.23389336466789246,,,,,,,,,,,
285,40489,,,,,0.256862998008728,,,,,,,,,,,
285,40499,,,,,0.27115148305892944,,,,,,,,,,,
285,40509,,,,,0.29319700598716736,,,,,,,,,,,
285,40519,,,,,0.224603533744812,,,,,,,,,,,
285,40529,,,,,0.21546536684036255,,,,,,,,,,,
285,40539,,,,,0.26852700114250183,,,,,,,,,,,
285,40549,,,,,0.2352040857076645,,,,,,,,,,,
285,40559,,,,,0.2270689159631729,,,,,,,,,,,
285,40569,,,,,0.24123086035251617,,,,,,,,,,,
285,40579,,,,,0.2996174395084381,,,,,,,,,,,
285,40589,,,,,0.2531034052371979,,,,,,,,,,,
285,40599,,,,,0.23573832213878632,,,,,,,,,,,
285,40609,,,,,0.22844873368740082,,,,,,,,,,,
285,285,3.750023626521868,93.7245796075118,,,,,,,,,,,,,,
285,40611,,,,,,0.24824807047843933,,,,,,,,,,
286,40619,,,,,0.26630762219429016,,,,,,,,,,,
286,40629,,,,,0.2530207633972168,,,,,,,,,,,
286,40639,,,,,0.27765658497810364,,,,,,,,,,,
286,40649,,,,,0.2756361961364746,,,,,,,,,,,
286,40659,,,,,0.21702420711517334,,,,,,,,,,,
286,40669,,,,,0.27725598216056824,,,,,,,,,,,
286,40679,,,,,0.2520279288291931,,,,,,,,,,,
286,40689,,,,,0.218663290143013,,,,,,,,,,,
286,40699,,,,,0.2315209060907364,,,,,,,,,,,
286,40709,,,,,0.23843315243721008,,,,,,,,,,,
286,40719,,,,,0.23361612856388092,,,,,,,,,,,
286,40729,,,,,0.2387857437133789,,,,,,,,,,,
286,40739,,,,,0.23156066238880157,,,,,,,,,,,
286,40749,,,,,0.2561778426170349,,,,,,,,,,,
286,286,3.6289808252446827,93.73217591533134,,,,,,,,,,,,,,
286,40753,,,,,,0.24751238524913788,,,,,,,,,,
287,40759,,,,,0.21784061193466187,,,,,,,,,,,
287,40769,,,,,0.25275886058807373,,,,,,,,,,,
287,40779,,,,,0.2550090551376343,,,,,,,,,,,
287,40789,,,,,0.24756130576133728,,,,,,,,,,,
287,40799,,,,,0.2289692908525467,,,,,,,,,,,
287,40809,,,,,0.24047257006168365,,,,,,,,,,,
287,40819,,,,,0.23666569590568542,,,,,,,,,,,
287,40829,,,,,0.2535649836063385,,,,,,,,,,,
287,40839,,,,,0.25586336851119995,,,,,,,,,,,
287,40849,,,,,0.21768701076507568,,,,,,,,,,,
287,40859,,,,,0.2688729763031006,,,,,,,,,,,
287,40869,,,,,0.22119423747062683,,,,,,,,,,,
287,40879,,,,,0.2549612522125244,,,,,,,,,,,
287,40889,,,,,0.254793256521225,,,,,,,,,,,
287,287,3.755712314347468,93.73981567306662,,,,,,,,,,,,,,
287,40895,,,,,,0.2463681548833847,,,,,,,,,,
288,40899,,,,,0.2055390179157257,,,,,,,,,,,
288,40909,,,,,0.24385860562324524,,,,,,,,,,,
288,40919,,,,,0.24924349784851074,,,,,,,,,,,
288,40929,,,,,0.2468092143535614,,,,,,,,,,,
288,40939,,,,,0.21466189622879028,,,,,,,,,,,
288,40949,,,,,0.26302143931388855,,,,,,,,,,,
288,40959,,,,,0.2918452322483063,,,,,,,,,,,
288,40969,,,,,0.2510319650173187,,,,,,,,,,,
288,40979,,,,,0.23848310112953186,,,,,,,,,,,
288,40989,,,,,0.25415515899658203,,,,,,,,,,,
288,40999,,,,,0.22912192344665527,,,,,,,,,,,
288,41009,,,,,0.24619048833847046,,,,,,,,,,,
288,41019,,,,,0.24064522981643677,,,,,,,,,,,
288,41029,,,,,0.24253225326538086,,,,,,,,,,,
288,288,3.755700168106237,93.7475233403601,,,,,,,,,,,,,,
288,41037,,,,,,0.24353106319904327,,,,,,,,,,
289,41039,,,,,0.27330589294433594,,,,,,,,,,,
289,41049,,,,,0.22370736300945282,,,,,,,,,,,
289,41059,,,,,0.2607627809047699,,,,,,,,,,,
289,41069,,,,,0.22632697224617004,,,,,,,,,,,
289,41079,,,,,0.27367931604385376,,,,,,,,,,,
289,41089,,,,,0.2440403252840042,,,,,,,,,,,
289,41099,,,,,0.24177321791648865,,,,,,,,,,,
289,41109,,,,,0.24832256138324738,,,,,,,,,,,
289,41119,,,,,0.23087608814239502,,,,,,,,,,,
289,41129,,,,,0.2598763704299927,,,,,,,,,,,
289,41139,,,,,0.24395513534545898,,,,,,,,,,,
289,41149,,,,,0.235039621591568,,,,,,,,,,,
289,41159,,,,,0.22135162353515625,,,,,,,,,,,
289,41169,,,,,0.2385822832584381,,,,,,,,,,,
289,41179,,,,,0.24308736622333527,,,,,,,,,,,
289,289,,,0.9973763823509216,0.698363184928894,,,0.17754966608815628,0.8215054869651794,,0.8890436291694641,,0.26550620794296265,,0.9392135221587152,,0.2685927450656891
289,41179,,,,,,,,,0.8890436291694641,,0.26550620794296265,,0.9392135143280029,,0.2685927450656891,
289,289,4.080780838521043,93.75472249877207,,,,,,,,,,,,,,
289,41179,,,,,,0.24443824589252472,,,,,,,,,,
290,41189,,,,,0.25616613030433655,,,,,,,,,,,
290,41199,,,,,0.22622954845428467,,,,,,,,,,,
290,41209,,,,,0.24541418254375458,,,,,,,,,,,
290,41219,,,,,0.2567523419857025,,,,,,,,,,,
290,41229,,,,,0.25623437762260437,,,,,,,,,,,
290,41239,,,,,0.22458769381046295,,,,,,,,,,,
290,41249,,,,,0.24368129670619965,,,,,,,,,,,
290,41259,,,,,0.25868093967437744,,,,,,,,,,,
290,41269,,,,,0.2682463526725769,,,,,,,,,,,
290,41279,,,,,0.24474018812179565,,,,,,,,,,,
290,41289,,,,,0.21758981049060822,,,,,,,,,,,
290,41299,,,,,0.26426559686660767,,,,,,,,,,,
290,41309,,,,,0.22846202552318573,,,,,,,,,,,
290,41319,,,,,0.2934037446975708,,,,,,,,,,,
290,290,3.822490912441516,93.76214348641435,,,,,,,,,,,,,,
290,41321,,,,,,0.24516989290714264,,,,,,,,,,
291,41329,,,,,0.25153905153274536,,,,,,,,,,,
291,41339,,,,,0.23238855600357056,,,,,,,,,,,
291,41349,,,,,0.1938038468360901,,,,,,,,,,,
291,41359,,,,,0.26558712124824524,,,,,,,,,,,
291,41369,,,,,0.21596360206604004,,,,,,,,,,,
291,41379,,,,,0.25872015953063965,,,,,,,,,,,
291,41389,,,,,0.25669223070144653,,,,,,,,,,,
291,41399,,,,,0.25554487109184265,,,,,,,,,,,
291,41409,,,,,0.2811366617679596,,,,,,,,,,,
291,41419,,,,,0.2640029788017273,,,,,,,,,,,
291,41429,,,,,0.20682914555072784,,,,,,,,,,,
291,41439,,,,,0.2525745630264282,,,,,,,,,,,
291,41449,,,,,0.28948622941970825,,,,,,,,,,,
291,41459,,,,,0.2911672294139862,,,,,,,,,,,
291,291,4.348427647633867,93.76956920557335,,,,,,,,,,,,,,
291,41463,,,,,,0.24464744329452515,,,,,,,,,,
292,41469,,,,,0.21848949790000916,,,,,,,,,,,
292,41479,,,,,0.22776831686496735,,,,,,,,,,,
292,41489,,,,,0.25222283601760864,,,,,,,,,,,
292,41499,,,,,0.21998655796051025,,,,,,,,,,,
292,41509,,,,,0.23874953389167786,,,,,,,,,,,
292,41519,,,,,0.2378818839788437,,,,,,,,,,,
292,41529,,,,,0.2568216025829315,,,,,,,,,,,
292,41539,,,,,0.20936380326747894,,,,,,,,,,,
292,41549,,,,,0.2886088788509369,,,,,,,,,,,
292,41559,,,,,0.23006193339824677,,,,,,,,,,,
292,41569,,,,,0.22431449592113495,,,,,,,,,,,
292,41579,,,,,0.25557342171669006,,,,,,,,,,,
292,41589,,,,,0.20599748194217682,,,,,,,,,,,
292,41599,,,,,0.2464703917503357,,,,,,,,,,,
292,292,4.000856226155087,93.77719533519547,,,,,,,,,,,,,,
292,41605,,,,,,0.2431335151195526,,,,,,,,,,
293,41609,,,,,0.226856991648674,,,,,,,,,,,
293,41619,,,,,0.24663002789020538,,,,,,,,,,,
293,41629,,,,,0.23198406398296356,,,,,,,,,,,
293,41639,,,,,0.23230648040771484,,,,,,,,,,,
293,41649,,,,,0.2879221737384796,,,,,,,,,,,
293,41659,,,,,0.22882401943206787,,,,,,,,,,,
293,41669,,,,,0.27110394835472107,,,,,,,,,,,
293,41679,,,,,0.24306632578372955,,,,,,,,,,,
293,41689,,,,,0.2691626250743866,,,,,,,,,,,
293,41699,,,,,0.23270094394683838,,,,,,,,,,,
293,41709,,,,,0.233969047665596,,,,,,,,,,,
293,41719,,,,,0.2631211280822754,,,,,,,,,,,
293,41729,,,,,0.2452530562877655,,,,,,,,,,,
293,41739,,,,,0.2331787496805191,,,,,,,,,,,
293,293,3.97258786046139,93.7842712714578,,,,,,,,,,,,,,
293,41747,,,,,,0.24005547165870667,,,,,,,,,,
294,41749,,,,,0.2526613175868988,,,,,,,,,,,
294,41759,,,,,0.26206478476524353,,,,,,,,,,,
294,41769,,,,,0.2741486728191376,,,,,,,,,,,
294,41779,,,,,0.2589859366416931,,,,,,,,,,,
294,41789,,,,,0.254966676235199,,,,,,,,,,,
294,41799,,,,,0.22934089601039886,,,,,,,,,,,
294,41809,,,,,0.22956633567810059,,,,,,,,,,,
294,41819,,,,,0.22364887595176697,,,,,,,,,,,
294,41829,,,,,0.22788511216640472,,,,,,,,,,,
294,41839,,,,,0.27018389105796814,,,,,,,,,,,
294,41849,,,,,0.256238728761673,,,,,,,,,,,
294,41859,,,,,0.26143476366996765,,,,,,,,,,,
294,41869,,,,,0.23616141080856323,,,,,,,,,,,
294,41879,,,,,0.24100828170776367,,,,,,,,,,,
294,41889,,,,,0.22635586559772491,,,,,,,,,,,
294,294,4.319349995394899,93.79237936916803,,,,,,,,,,,,,,
294,41889,,,,,,0.24196138978004456,,,,,,,,,,
295,41899,,,,,0.21503013372421265,,,,,,,,,,,
295,41909,,,,,0.2550205588340759,,,,,,,,,,,
295,41919,,,,,0.25717979669570923,,,,,,,,,,,
295,41929,,,,,0.2726629674434662,,,,,,,,,,,
295,41939,,,,,0.24487680196762085,,,,,,,,,,,
295,41949,,,,,0.24320149421691895,,,,,,,,,,,
295,41959,,,,,0.2233535498380661,,,,,,,,,,,
295,41969,,,,,0.23394626379013062,,,,,,,,,,,
295,41979,,,,,0.25051167607307434,,,,,,,,,,,
295,41989,,,,,0.2133629471063614,,,,,,,,,,,
295,41999,,,,,0.2342088371515274,,,,,,,,,,,
295,42009,,,,,0.24981701374053955,,,,,,,,,,,
295,42019,,,,,0.23045679926872253,,,,,,,,,,,
295,42029,,,,,0.2896842062473297,,,,,,,,,,,
295,295,3.851886162530159,93.7997917541564,,,,,,,,,,,,,,
295,42031,,,,,,0.24013946950435638,,,,,,,,,,
296,42039,,,,,0.2520420551300049,,,,,,,,,,,
296,42049,,,,,0.24806471168994904,,,,,,,,,,,
296,42059,,,,,0.31818118691444397,,,,,,,,,,,
296,42069,,,,,0.2718318700790405,,,,,,,,,,,
296,42079,,,,,0.23081046342849731,,,,,,,,,,,
296,42089,,,,,0.24606217443943024,,,,,,,,,,,
296,42099,,,,,0.25096654891967773,,,,,,,,,,,
296,42109,,,,,0.2134350836277008,,,,,,,,,,,
296,42119,,,,,0.22902673482894897,,,,,,,,,,,
296,42129,,,,,0.28897514939308167,,,,,,,,,,,
296,42139,,,,,0.2477753460407257,,,,,,,,,,,
296,42149,,,,,0.22007587552070618,,,,,,,,,,,
296,42159,,,,,0.2531384229660034,,,,,,,,,,,
296,42169,,,,,0.21616096794605255,,,,,,,,,,,
296,296,4.287273226700872,93.80718539698474,,,,,,,,,,,,,,
296,42173,,,,,,0.2415204644203186,,,,,,,,,,
297,42179,,,,,0.2564590573310852,,,,,,,,,,,
297,42189,,,,,0.2702963054180145,,,,,,,,,,,
297,42199,,,,,0.24563048779964447,,,,,,,,,,,
297,42209,,,,,0.26324400305747986,,,,,,,,,,,
297,42219,,,,,0.24544507265090942,,,,,,,,,,,
297,42229,,,,,0.23758244514465332,,,,,,,,,,,
297,42239,,,,,0.2664624750614166,,,,,,,,,,,
297,42249,,,,,0.2276444435119629,,,,,,,,,,,
297,42259,,,,,0.23010247945785522,,,,,,,,,,,
297,42269,,,,,0.23065932095050812,,,,,,,,,,,
297,42279,,,,,0.23969200253486633,,,,,,,,,,,
297,42289,,,,,0.25530487298965454,,,,,,,,,,,
297,42299,,,,,0.24608540534973145,,,,,,,,,,,
297,42309,,,,,0.22129228711128235,,,,,,,,,,,
297,297,4.085177905611909,93.81474255358948,,,,,,,,,,,,,,
297,42315,,,,,,0.24052073061466217,,,,,,,,,,
298,42319,,,,,0.25313693284988403,,,,,,,,,,,
298,42329,,,,,0.2492976188659668,,,,,,,,,,,
298,42339,,,,,0.23147955536842346,,,,,,,,,,,
298,42349,,,,,0.19663703441619873,,,,,,,,,,,
298,42359,,,,,0.2172694355249405,,,,,,,,,,,
298,42369,,,,,0.22729213535785675,,,,,,,,,,,
298,42379,,,,,0.2672828435897827,,,,,,,,,,,
298,42389,,,,,0.23277859389781952,,,,,,,,,,,
298,42399,,,,,0.25157108902931213,,,,,,,,,,,
298,42409,,,,,0.2363206297159195,,,,,,,,,,,
298,42419,,,,,0.2234003245830536,,,,,,,,,,,
298,42429,,,,,0.19964826107025146,,,,,,,,,,,
298,42439,,,,,0.24865950644016266,,,,,,,,,,,
298,42449,,,,,0.2323208898305893,,,,,,,,,,,
298,298,3.9618556457367857,93.82238117055016,,,,,,,,,,,,,,
298,42457,,,,,,0.23840771615505219,,,,,,,,,,
299,42459,,,,,0.21425409615039825,,,,,,,,,,,
299,42469,,,,,0.2607373595237732,,,,,,,,,,,
299,42479,,,,,0.24485008418560028,,,,,,,,,,,
299,42489,,,,,0.21800939738750458,,,,,,,,,,,
299,42499,,,,,0.25471368432044983,,,,,,,,,,,
299,42509,,,,,0.20865289866924286,,,,,,,,,,,
299,42519,,,,,0.20216304063796997,,,,,,,,,,,
299,42529,,,,,0.26246997714042664,,,,,,,,,,,
299,42539,,,,,0.23793840408325195,,,,,,,,,,,
299,42549,,,,,0.25576460361480713,,,,,,,,,,,
299,42559,,,,,0.2263806313276291,,,,,,,,,,,
299,42569,,,,,0.2723323702812195,,,,,,,,,,,
299,42579,,,,,0.21999947726726532,,,,,,,,,,,
299,42589,,,,,0.2608153522014618,,,,,,,,,,,
299,42599,,,,,0.25286564230918884,,,,,,,,,,,
299,299,,,0.9976175427436829,0.7159880995750427,,,0.16944850677615103,0.8326857089996338,,0.8899430632591248,,0.2672174274921417,,0.9425007412780304,,0.2714231312274933
299,42599,,,,,,,,,0.8899430632591248,,0.2672174274921417,,0.9425008296966553,,0.2714231312274933,
299,299,4.063200656061896,93.83008410015249,,,,,,,,,,,,,,
299,42599,,,,,,0.2375708967447281,,,,,,,,,,
300,42609,,,,,0.24366198480129242,,,,,,,,,,,
300,42619,,,,,0.2373250275850296,,,,,,,,,,,
300,42629,,,,,0.25216084718704224,,,,,,,,,,,
300,42639,,,,,0.2626124918460846,,,,,,,,,,,
300,42649,,,,,0.2275528460741043,,,,,,,,,,,
300,42659,,,,,0.2595364451408386,,,,,,,,,,,
300,42669,,,,,0.2633584141731262,,,,,,,,,,,
300,42679,,,,,0.2234257310628891,,,,,,,,,,,
300,42689,,,,,0.2340776026248932,,,,,,,,,,,
300,42699,,,,,0.21035918593406677,,,,,,,,,,,
300,42709,,,,,0.25916197896003723,,,,,,,,,,,
300,42719,,,,,0.2575102150440216,,,,,,,,,,,
300,42729,,,,,0.21588899195194244,,,,,,,,,,,
300,42739,,,,,0.22828494012355804,,,,,,,,,,,
300,300,3.8191892818974185,93.83760311475342,,,,,,,,,,,,,,
300,42741,,,,,,0.23776942491531372,,,,,,,,,,
301,42749,,,,,0.2502858638763428,,,,,,,,,,,
301,42759,,,,,0.21388781070709229,,,,,,,,,,,
301,42769,,,,,0.22063088417053223,,,,,,,,,,,
301,42779,,,,,0.23641984164714813,,,,,,,,,,,
301,42789,,,,,0.2126000076532364,,,,,,,,,,,
301,42799,,,,,0.2435992956161499,,,,,,,,,,,
301,42809,,,,,0.26635709404945374,,,,,,,,,,,
301,42819,,,,,0.29738497734069824,,,,,,,,,,,
301,42829,,,,,0.22950473427772522,,,,,,,,,,,
301,42839,,,,,0.22452591359615326,,,,,,,,,,,
301,42849,,,,,0.21625690162181854,,,,,,,,,,,
301,42859,,,,,0.27584049105644226,,,,,,,,,,,
301,42869,,,,,0.23468703031539917,,,,,,,,,,,
301,42879,,,,,0.22079209983348846,,,,,,,,,,,
301,301,3.9535390287845136,93.84499568299469,,,,,,,,,,,,,,
301,42883,,,,,,0.2356300950050354,,,,,,,,,,
302,42889,,,,,0.2639447748661041,,,,,,,,,,,
302,42899,,,,,0.23872110247612,,,,,,,,,,,
302,42909,,,,,0.2025354504585266,,,,,,,,,,,
302,42919,,,,,0.2494174987077713,,,,,,,,,,,
302,42929,,,,,0.24576009809970856,,,,,,,,,,,
302,42939,,,,,0.22862417995929718,,,,,,,,,,,
302,42949,,,,,0.2360195815563202,,,,,,,,,,,
302,42959,,,,,0.2319423407316208,,,,,,,,,,,
302,42969,,,,,0.22359517216682434,,,,,,,,,,,
302,42979,,,,,0.2286708801984787,,,,,,,,,,,
302,42989,,,,,0.23302914202213287,,,,,,,,,,,
302,42999,,,,,0.22359532117843628,,,,,,,,,,,
302,43009,,,,,0.2079266607761383,,,,,,,,,,,
302,43019,,,,,0.2272169589996338,,,,,,,,,,,
302,302,3.6398894639599835,93.85247939337718,,,,,,,,,,,,,,
302,43025,,,,,,0.23624546825885773,,,,,,,,,,
303,43029,,,,,0.25056591629981995,,,,,,,,,,,
303,43039,,,,,0.2744389772415161,,,,,,,,,,,
303,43049,,,,,0.22729915380477905,,,,,,,,,,,
303,43059,,,,,0.24818389117717743,,,,,,,,,,,
303,43069,,,,,0.22809405624866486,,,,,,,,,,,
303,43079,,,,,0.20630934834480286,,,,,,,,,,,
303,43089,,,,,0.23164285719394684,,,,,,,,,,,
303,43099,,,,,0.24601227045059204,,,,,,,,,,,
303,43109,,,,,0.27272868156433105,,,,,,,,,,,
303,43119,,,,,0.2325330525636673,,,,,,,,,,,
303,43129,,,,,0.25498032569885254,,,,,,,,,,,
303,43139,,,,,0.2718299329280853,,,,,,,,,,,
303,43149,,,,,0.19626641273498535,,,,,,,,,,,
303,43159,,,,,0.24091163277626038,,,,,,,,,,,
303,303,4.307525839031961,93.85986871677885,,,,,,,,,,,,,,
303,43167,,,,,,0.23634301126003265,,,,,,,,,,
304,43169,,,,,0.2142421007156372,,,,,,,,,,,
304,43179,,,,,0.22495844960212708,,,,,,,,,,,
304,43189,,,,,0.23509737849235535,,,,,,,,,,,
304,43199,,,,,0.21740783751010895,,,,,,,,,,,
304,43209,,,,,0.2686862051486969,,,,,,,,,,,
304,43219,,,,,0.250805526971817,,,,,,,,,,,
304,43229,,,,,0.2617594301700592,,,,,,,,,,,
304,43239,,,,,0.22868196666240692,,,,,,,,,,,
304,43249,,,,,0.243722066283226,,,,,,,,,,,
304,43259,,,,,0.23084941506385803,,,,,,,,,,,
304,43269,,,,,0.23945873975753784,,,,,,,,,,,
304,43279,,,,,0.247933030128479,,,,,,,,,,,
304,43289,,,,,0.21313096582889557,,,,,,,,,,,
304,43299,,,,,0.2326638251543045,,,,,,,,,,,
304,43309,,,,,0.23304331302642822,,,,,,,,,,,
304,304,3.848239592229265,93.86735017059966,,,,,,,,,,,,,,
304,43309,,,,,,0.23451943695545197,,,,,,,,,,
305,43319,,,,,0.23558832705020905,,,,,,,,,,,
305,43329,,,,,0.21898624300956726,,,,,,,,,,,
305,43339,,,,,0.23498134315013885,,,,,,,,,,,
305,43349,,,,,0.24090267717838287,,,,,,,,,,,
305,43359,,,,,0.21243014931678772,,,,,,,,,,,
305,43369,,,,,0.23528608679771423,,,,,,,,,,,
305,43379,,,,,0.23597465455532074,,,,,,,,,,,
305,43389,,,,,0.2514641582965851,,,,,,,,,,,
305,43399,,,,,0.2003953605890274,,,,,,,,,,,
305,43409,,,,,0.2340167909860611,,,,,,,,,,,
305,43419,,,,,0.2268061637878418,,,,,,,,,,,
305,43429,,,,,0.23926295340061188,,,,,,,,,,,
305,43439,,,,,0.25208809971809387,,,,,,,,,,,
305,43449,,,,,0.2252722680568695,,,,,,,,,,,
305,305,3.9309786828990774,93.87518356205372,,,,,,,,,,,,,,
305,43451,,,,,,0.23622861504554749,,,,,,,,,,
306,43459,,,,,0.21712367236614227,,,,,,,,,,,
306,43469,,,,,0.248763307929039,,,,,,,,,,,
306,43479,,,,,0.26601359248161316,,,,,,,,,,,
306,43489,,,,,0.26241421699523926,,,,,,,,,,,
306,43499,,,,,0.24937838315963745,,,,,,,,,,,
306,43509,,,,,0.2262956202030182,,,,,,,,,,,
306,43519,,,,,0.2043406218290329,,,,,,,,,,,
306,43529,,,,,0.22812816500663757,,,,,,,,,,,
306,43539,,,,,0.2228710949420929,,,,,,,,,,,
306,43549,,,,,0.21085120737552643,,,,,,,,,,,
306,43559,,,,,0.20630419254302979,,,,,,,,,,,
306,43569,,,,,0.23835891485214233,,,,,,,,,,,
306,43579,,,,,0.24098293483257294,,,,,,,,,,,
306,43589,,,,,0.24594733119010925,,,,,,,,,,,
306,306,3.778158224331847,93.88231499436246,,,,,,,,,,,,,,
306,43593,,,,,,0.23376421630382538,,,,,,,,,,
307,43599,,,,,0.23110589385032654,,,,,,,,,,,
307,43609,,,,,0.24205045402050018,,,,,,,,,,,
307,43619,,,,,0.19841884076595306,,,,,,,,,,,
307,43629,,,,,0.20401258766651154,,,,,,,,,,,
307,43639,,,,,0.2080957293510437,,,,,,,,,,,
307,43649,,,,,0.27008524537086487,,,,,,,,,,,
307,43659,,,,,0.18526548147201538,,,,,,,,,,,
307,43669,,,,,0.20609936118125916,,,,,,,,,,,
307,43679,,,,,0.22543610632419586,,,,,,,,,,,
307,43689,,,,,0.21082213521003723,,,,,,,,,,,
307,43699,,,,,0.25506049394607544,,,,,,,,,,,
307,43709,,,,,0.20255883038043976,,,,,,,,,,,
307,43719,,,,,0.22147122025489807,,,,,,,,,,,
307,43729,,,,,0.21985627710819244,,,,,,,,,,,
307,307,4.124201089346705,93.88997465862364,,,,,,,,,,,,,,
307,43735,,,,,,0.23304708302021027,,,,,,,,,,
308,43739,,,,,0.22739309072494507,,,,,,,,,,,
308,43749,,,,,0.24845510721206665,,,,,,,,,,,
308,43759,,,,,0.255025714635849,,,,,,,,,,,
308,43769,,,,,0.2250867486000061,,,,,,,,,,,
308,43779,,,,,0.2186947464942932,,,,,,,,,,,
308,43789,,,,,0.22454623878002167,,,,,,,,,,,
308,43799,,,,,0.19055934250354767,,,,,,,,,,,
308,43809,,,,,0.23416917026042938,,,,,,,,,,,
308,43819,,,,,0.26511359214782715,,,,,,,,,,,
308,43829,,,,,0.22271810472011566,,,,,,,,,,,
308,43839,,,,,0.3059206008911133,,,,,,,,,,,
308,43849,,,,,0.19436012208461761,,,,,,,,,,,
308,43859,,,,,0.22804780304431915,,,,,,,,,,,
308,43869,,,,,0.2099708914756775,,,,,,,,,,,
308,308,4.010851319312471,93.8976087631223,,,,,,,,,,,,,,
308,43877,,,,,,0.232761949300766,,,,,,,,,,
309,43879,,,,,0.25401005148887634,,,,,,,,,,,
309,43889,,,,,0.26750534772872925,,,,,,,,,,,
309,43899,,,,,0.2116759717464447,,,,,,,,,,,
309,43909,,,,,0.23009368777275085,,,,,,,,,,,
309,43919,,,,,0.23869675397872925,,,,,,,,,,,
309,43929,,,,,0.2285640686750412,,,,,,,,,,,
309,43939,,,,,0.26865753531455994,,,,,,,,,,,
309,43949,,,,,0.2692455053329468,,,,,,,,,,,
309,43959,,,,,0.21349170804023743,,,,,,,,,,,
309,43969,,,,,0.27860862016677856,,,,,,,,,,,
309,43979,,,,,0.23293738067150116,,,,,,,,,,,
309,43989,,,,,0.22053542733192444,,,,,,,,,,,
309,43999,,,,,0.21796832978725433,,,,,,,,,,,
309,44009,,,,,0.2072109580039978,,,,,,,,,,,
309,44019,,,,,0.25832119584083557,,,,,,,,,,,
309,309,,,0.9978205561637878,0.7214787006378174,,,0.16452355081417475,0.8432391285896301,,0.8905842304229736,,0.26516127586364746,,0.9478397281954483,,0.271924763917923
309,44019,,,,,,,,,0.8905842304229736,,0.26516127586364746,,0.9478396773338318,,0.271924763917923,
309,309,4.158420124163828,93.9050924855945,,,,,,,,,,,,,,
309,44019,,,,,,0.23080205917358398,,,,,,,,,,
310,44029,,,,,0.20801220834255219,,,,,,,,,,,
310,44039,,,,,0.24647854268550873,,,,,,,,,,,
310,44049,,,,,0.22797399759292603,,,,,,,,,,,
310,44059,,,,,0.24022914469242096,,,,,,,,,,,
310,44069,,,,,0.22748933732509613,,,,,,,,,,,
310,44079,,,,,0.21923431754112244,,,,,,,,,,,
310,44089,,,,,0.2374250888824463,,,,,,,,,,,
310,44099,,,,,0.232969731092453,,,,,,,,,,,
310,44109,,,,,0.21644510328769684,,,,,,,,,,,
310,44119,,,,,0.24408432841300964,,,,,,,,,,,
310,44129,,,,,0.23651514947414398,,,,,,,,,,,
310,44139,,,,,0.24688367545604706,,,,,,,,,,,
310,44149,,,,,0.2150951474905014,,,,,,,,,,,
310,44159,,,,,0.23152951896190643,,,,,,,,,,,
310,310,3.8056207232083126,93.91295972669515,,,,,,,,,,,,,,
310,44161,,,,,,0.2328139692544937,,,,,,,,,,
311,44169,,,,,0.2657366693019867,,,,,,,,,,,
311,44179,,,,,0.23740029335021973,,,,,,,,,,,
311,44189,,,,,0.21616314351558685,,,,,,,,,,,
311,44199,,,,,0.2294009029865265,,,,,,,,,,,
311,44209,,,,,0.214634507894516,,,,,,,,,,,
311,44219,,,,,0.20160867273807526,,,,,,,,,,,
311,44229,,,,,0.24484208226203918,,,,,,,,,,,
311,44239,,,,,0.21319922804832458,,,,,,,,,,,
311,44249,,,,,0.2307986468076706,,,,,,,,,,,
311,44259,,,,,0.26171615719795227,,,,,,,,,,,
311,44269,,,,,0.23501189053058624,,,,,,,,,,,
311,44279,,,,,0.2522818148136139,,,,,,,,,,,
311,44289,,,,,0.20347876846790314,,,,,,,,,,,
311,44299,,,,,0.18346968293190002,,,,,,,,,,,
311,311,3.7924642407997275,93.92004126745813,,,,,,,,,,,,,,
311,44303,,,,,,0.22906795144081116,,,,,,,,,,
312,44309,,,,,0.2355574369430542,,,,,,,,,,,
312,44319,,,,,0.24322064220905304,,,,,,,,,,,
312,44329,,,,,0.2219909131526947,,,,,,,,,,,
312,44339,,,,,0.20587703585624695,,,,,,,,,,,
312,44349,,,,,0.23080697655677795,,,,,,,,,,,
312,44359,,,,,0.2607068121433258,,,,,,,,,,,
312,44369,,,,,0.22361090779304504,,,,,,,,,,,
312,44379,,,,,0.20962250232696533,,,,,,,,,,,
312,44389,,,,,0.2083214670419693,,,,,,,,,,,
312,44399,,,,,0.20048941671848297,,,,,,,,,,,
312,44409,,,,,0.2271377444267273,,,,,,,,,,,
312,44419,,,,,0.23867365717887878,,,,,,,,,,,
312,44429,,,,,0.20107395946979523,,,,,,,,,,,
312,44439,,,,,0.22417785227298737,,,,,,,,,,,
312,312,3.725500061491625,93.92764620295965,,,,,,,,,,,,,,
312,44445,,,,,,0.23036770522594452,,,,,,,,,,
313,44449,,,,,0.2361709326505661,,,,,,,,,,,
313,44459,,,,,0.223161518573761,,,,,,,,,,,
313,44469,,,,,0.2510852813720703,,,,,,,,,,,
313,44479,,,,,0.21670959889888763,,,,,,,,,,,
313,44489,,,,,0.24895557761192322,,,,,,,,,,,
313,44499,,,,,0.2052147537469864,,,,,,,,,,,
313,44509,,,,,0.21106192469596863,,,,,,,,,,,
313,44519,,,,,0.2359173595905304,,,,,,,,,,,
313,44529,,,,,0.23499245941638947,,,,,,,,,,,
313,44539,,,,,0.219791442155838,,,,,,,,,,,
313,44549,,,,,0.22678698599338531,,,,,,,,,,,
313,44559,,,,,0.20660611987113953,,,,,,,,,,,
313,44569,,,,,0.23275388777256012,,,,,,,,,,,
313,44579,,,,,0.24292327463626862,,,,,,,,,,,
313,313,4.064407297620184,93.93485667769652,,,,,,,,,,,,,,
313,44587,,,,,,0.22762270271778107,,,,,,,,,,
314,44589,,,,,0.20674994587898254,,,,,,,,,,,
314,44599,,,,,0.22513288259506226,,,,,,,,,,,
314,44609,,,,,0.22192156314849854,,,,,,,,,,,
314,44619,,,,,0.22853778302669525,,,,,,,,,,,
314,44629,,,,,0.234324648976326,,,,,,,,,,,
314,44639,,,,,0.2115332931280136,,,,,,,,,,,
314,44649,,,,,0.23372335731983185,,,,,,,,,,,
314,44659,,,,,0.25728026032447815,,,,,,,,,,,
314,44669,,,,,0.25035539269447327,,,,,,,,,,,
314,44679,,,,,0.21197344362735748,,,,,,,,,,,
314,44689,,,,,0.19830283522605896,,,,,,,,,,,
314,44699,,,,,0.25335270166397095,,,,,,,,,,,
314,44709,,,,,0.18519139289855957,,,,,,,,,,,
314,44719,,,,,0.25857776403427124,,,,,,,,,,,
314,44729,,,,,0.22511054575443268,,,,,,,,,,,
314,314,4.093926848089853,93.94255857522022,,,,,,,,,,,,,,
314,44729,,,,,,0.22803017497062683,,,,,,,,,,
315,44739,,,,,0.24259163439273834,,,,,,,,,,,
315,44749,,,,,0.22938458621501923,,,,,,,,,,,
315,44759,,,,,0.2370898574590683,,,,,,,,,,,
315,44769,,,,,0.20251592993736267,,,,,,,,,,,
315,44779,,,,,0.20139949023723602,,,,,,,,,,,
315,44789,,,,,0.22999802231788635,,,,,,,,,,,
315,44799,,,,,0.2332334667444229,,,,,,,,,,,
315,44809,,,,,0.21413366496562958,,,,,,,,,,,
315,44819,,,,,0.234700545668602,,,,,,,,,,,
315,44829,,,,,0.2570771872997284,,,,,,,,,,,
315,44839,,,,,0.23956523835659027,,,,,,,,,,,
315,44849,,,,,0.2574666738510132,,,,,,,,,,,
315,44859,,,,,0.22931179404258728,,,,,,,,,,,
315,44869,,,,,0.2096046805381775,,,,,,,,,,,
315,315,4.208435186404746,93.95037560332634,,,,,,,,,,,,,,
315,44871,,,,,,0.2279994785785675,,,,,,,,,,
316,44879,,,,,0.26870203018188477,,,,,,,,,,,
316,44889,,,,,0.2313760668039322,,,,,,,,,,,
316,44899,,,,,0.22746498882770538,,,,,,,,,,,
316,44909,,,,,0.23515911400318146,,,,,,,,,,,
316,44919,,,,,0.2358831912279129,,,,,,,,,,,
316,44929,,,,,0.23160775005817413,,,,,,,,,,,
316,44939,,,,,0.23703624308109283,,,,,,,,,,,
316,44949,,,,,0.22221705317497253,,,,,,,,,,,
316,44959,,,,,0.25759491324424744,,,,,,,,,,,
316,44969,,,,,0.18767212331295013,,,,,,,,,,,
316,44979,,,,,0.22947992384433746,,,,,,,,,,,
316,44989,,,,,0.21490906178951263,,,,,,,,,,,
316,44999,,,,,0.23693454265594482,,,,,,,,,,,
316,45009,,,,,0.20839078724384308,,,,,,,,,,,
316,316,3.5612672835745194,93.95751577312276,,,,,,,,,,,,,,
316,45013,,,,,,0.22674350440502167,,,,,,,,,,
317,45019,,,,,0.25244179368019104,,,,,,,,,,,
317,45029,,,,,0.22325170040130615,,,,,,,,,,,
317,45039,,,,,0.20675697922706604,,,,,,,,,,,
317,45049,,,,,0.24178294837474823,,,,,,,,,,,
317,45059,,,,,0.2299196571111679,,,,,,,,,,,
317,45069,,,,,0.24959132075309753,,,,,,,,,,,
317,45079,,,,,0.24101683497428894,,,,,,,,,,,
317,45089,,,,,0.2504090368747711,,,,,,,,,,,
317,45099,,,,,0.2343691885471344,,,,,,,,,,,
317,45109,,,,,0.2537952661514282,,,,,,,,,,,
317,45119,,,,,0.20195870101451874,,,,,,,,,,,
317,45129,,,,,0.24604424834251404,,,,,,,,,,,
317,45139,,,,,0.24050866067409515,,,,,,,,,,,
317,45149,,,,,0.2330389767885208,,,,,,,,,,,
317,317,3.9268746661804435,93.9653218620706,,,,,,,,,,,,,,
317,45155,,,,,,0.22635792195796967,,,,,,,,,,
318,45159,,,,,0.20977868139743805,,,,,,,,,,,
318,45169,,,,,0.1899387687444687,,,,,,,,,,,
318,45179,,,,,0.22713662683963776,,,,,,,,,,,
318,45189,,,,,0.20569106936454773,,,,,,,,,,,
318,45199,,,,,0.21618720889091492,,,,,,,,,,,
318,45209,,,,,0.24492324888706207,,,,,,,,,,,
318,45219,,,,,0.25026121735572815,,,,,,,,,,,
318,45229,,,,,0.24114300310611725,,,,,,,,,,,
318,45239,,,,,0.2196667492389679,,,,,,,,,,,
318,45249,,,,,0.2270282357931137,,,,,,,,,,,
318,45259,,,,,0.2185521125793457,,,,,,,,,,,
318,45269,,,,,0.2653633654117584,,,,,,,,,,,
318,45279,,,,,0.2031327486038208,,,,,,,,,,,
318,45289,,,,,0.23140209913253784,,,,,,,,,,,
318,318,4.16481016724249,93.97238393648925,,,,,,,,,,,,,,
318,45297,,,,,,0.2256382554769516,,,,,,,,,,
319,45299,,,,,0.21350450813770294,,,,,,,,,,,
319,45309,,,,,0.23200233280658722,,,,,,,,,,,
319,45319,,,,,0.25081345438957214,,,,,,,,,,,
319,45329,,,,,0.26539966464042664,,,,,,,,,,,
319,45339,,,,,0.208378404378891,,,,,,,,,,,
319,45349,,,,,0.22150595486164093,,,,,,,,,,,
319,45359,,,,,0.2754039466381073,,,,,,,,,,,
319,45369,,,,,0.20441049337387085,,,,,,,,,,,
319,45379,,,,,0.2396276593208313,,,,,,,,,,,
319,45389,,,,,0.2188996970653534,,,,,,,,,,,
319,45399,,,,,0.20765794813632965,,,,,,,,,,,
319,45409,,,,,0.23285293579101562,,,,,,,,,,,
319,45419,,,,,0.22325018048286438,,,,,,,,,,,
319,45429,,,,,0.24189241230487823,,,,,,,,,,,
319,45439,,,,,0.26054951548576355,,,,,,,,,,,
319,319,,,0.998025119304657,0.7256660461425781,,,0.15847446693966863,0.8529401421546936,,0.8919222950935364,,0.2687046527862549,,0.9579003458576543,,0.2738442122936249
319,45439,,,,,,,,,0.8919222950935364,,0.2687046527862549,,0.9579002857208252,,0.2738442122936249,
319,319,4.355894485104174,93.98003014804517,,,,,,,,,,,,,,
319,45439,,,,,,0.22585655748844147,,,,,,,,,,
320,45449,,,,,0.19028136134147644,,,,,,,,,,,
320,45459,,,,,0.1730813980102539,,,,,,,,,,,
320,45469,,,,,0.22773055732250214,,,,,,,,,,,
320,45479,,,,,0.23680466413497925,,,,,,,,,,,
320,45489,,,,,0.21641206741333008,,,,,,,,,,,
320,45499,,,,,0.2211301475763321,,,,,,,,,,,
320,45509,,,,,0.22461062669754028,,,,,,,,,,,
320,45519,,,,,0.2312742918729782,,,,,,,,,,,
320,45529,,,,,0.220881387591362,,,,,,,,,,,
320,45539,,,,,0.23370344936847687,,,,,,,,,,,
320,45549,,,,,0.2301817685365677,,,,,,,,,,,
320,45559,,,,,0.2629387080669403,,,,,,,,,,,
320,45569,,,,,0.24024109542369843,,,,,,,,,,,
320,45579,,,,,0.2322065234184265,,,,,,,,,,,
320,320,3.908785064096832,93.98747227350326,,,,,,,,,,,,,,
320,45581,,,,,,0.225263774394989,,,,,,,,,,
321,45589,,,,,0.22153428196907043,,,,,,,,,,,
321,45599,,,,,0.24679994583129883,,,,,,,,,,,
321,45609,,,,,0.2216424196958542,,,,,,,,,,,
321,45619,,,,,0.267098993062973,,,,,,,,,,,
321,45629,,,,,0.21178831160068512,,,,,,,,,,,
321,45639,,,,,0.24849019944667816,,,,,,,,,,,
321,45649,,,,,0.21953018009662628,,,,,,,,,,,
321,45659,,,,,0.20511668920516968,,,,,,,,,,,
321,45669,,,,,0.22287236154079437,,,,,,,,,,,
321,45679,,,,,0.20740573108196259,,,,,,,,,,,
321,45689,,,,,0.28964701294898987,,,,,,,,,,,
321,45699,,,,,0.23434244096279144,,,,,,,,,,,
321,45709,,,,,0.24418067932128906,,,,,,,,,,,
321,45719,,,,,0.22442150115966797,,,,,,,,,,,
321,321,3.927072554324187,93.99491076340284,,,,,,,,,,,,,,
321,45723,,,,,,0.22355125844478607,,,,,,,,,,
322,45729,,,,,0.21343375742435455,,,,,,,,,,,
322,45739,,,,,0.2397456020116806,,,,,,,,,,,
322,45749,,,,,0.20056992769241333,,,,,,,,,,,
322,45759,,,,,0.2133723795413971,,,,,,,,,,,
322,45769,,,,,0.2283785194158554,,,,,,,,,,,
322,45779,,,,,0.19398275017738342,,,,,,,,,,,
322,45789,,,,,0.20570890605449677,,,,,,,,,,,
322,45799,,,,,0.22747904062271118,,,,,,,,,,,
322,45809,,,,,0.2025706171989441,,,,,,,,,,,
322,45819,,,,,0.23070581257343292,,,,,,,,,,,
322,45829,,,,,0.17878922820091248,,,,,,,,,,,
322,45839,,,,,0.21867364645004272,,,,,,,,,,,
322,45849,,,,,0.2075757086277008,,,,,,,,,,,
322,45859,,,,,0.19995352625846863,,,,,,,,,,,
322,322,3.6450656749997394,94.00255934251959,,,,,,,,,,,,,,
322,45865,,,,,,0.22354747354984283,,,,,,,,,,
323,45869,,,,,0.2211405634880066,,,,,,,,,,,
323,45879,,,,,0.24091558158397675,,,,,,,,,,,
323,45889,,,,,0.2121594399213791,,,,,,,,,,,
323,45899,,,,,0.2148733139038086,,,,,,,,,,,
323,45909,,,,,0.2005460113286972,,,,,,,,,,,
323,45919,,,,,0.1985618770122528,,,,,,,,,,,
323,45929,,,,,0.2446485161781311,,,,,,,,,,,
323,45939,,,,,0.1954786628484726,,,,,,,,,,,
323,45949,,,,,0.2041866034269333,,,,,,,,,,,
323,45959,,,,,0.19759376347064972,,,,,,,,,,,
323,45969,,,,,0.2559897303581238,,,,,,,,,,,
323,45979,,,,,0.2486250251531601,,,,,,,,,,,
323,45989,,,,,0.22756072878837585,,,,,,,,,,,
323,45999,,,,,0.22654658555984497,,,,,,,,,,,
323,323,4.1975000652090095,94.00986788820501,,,,,,,,,,,,,,
323,46007,,,,,,0.22251135110855103,,,,,,,,,,
324,46009,,,,,0.2213856279850006,,,,,,,,,,,
324,46019,,,,,0.2110985815525055,,,,,,,,,,,
324,46029,,,,,0.20815004408359528,,,,,,,,,,,
324,46039,,,,,0.2075822353363037,,,,,,,,,,,
324,46049,,,,,0.2189260721206665,,,,,,,,,,,
324,46059,,,,,0.23073787987232208,,,,,,,,,,,
324,46069,,,,,0.1683323234319687,,,,,,,,,,,
324,46079,,,,,0.21636173129081726,,,,,,,,,,,
324,46089,,,,,0.20960299670696259,,,,,,,,,,,
324,46099,,,,,0.22317670285701752,,,,,,,,,,,
324,46109,,,,,0.2293776422739029,,,,,,,,,,,
324,46119,,,,,0.2200622707605362,,,,,,,,,,,
324,46129,,,,,0.22054241597652435,,,,,,,,,,,
324,46139,,,,,0.24613042175769806,,,,,,,,,,,
324,46149,,,,,0.22438640892505646,,,,,,,,,,,
324,324,3.826657605052565,94.0174414587674,,,,,,,,,,,,,,
324,46149,,,,,,0.22090302407741547,,,,,,,,,,
325,46159,,,,,0.27317941188812256,,,,,,,,,,,
325,46169,,,,,0.1886860579252243,,,,,,,,,,,
325,46179,,,,,0.20804598927497864,,,,,,,,,,,
325,46189,,,,,0.28667086362838745,,,,,,,,,,,
325,46199,,,,,0.25422561168670654,,,,,,,,,,,
325,46209,,,,,0.21243157982826233,,,,,,,,,,,
325,46219,,,,,0.22920697927474976,,,,,,,,,,,
325,46229,,,,,0.22760255634784698,,,,,,,,,,,
325,46239,,,,,0.22288060188293457,,,,,,,,,,,
325,46249,,,,,0.2062920480966568,,,,,,,,,,,
325,46259,,,,,0.23705226182937622,,,,,,,,,,,
325,46269,,,,,0.20796456933021545,,,,,,,,,,,
325,46279,,,,,0.1736392080783844,,,,,,,,,,,
325,46289,,,,,0.2205900251865387,,,,,,,,,,,
325,325,3.8146401182327785,94.02496610402848,,,,,,,,,,,,,,
325,46291,,,,,,0.22227966785430908,,,,,,,,,,
326,46299,,,,,0.2807896137237549,,,,,,,,,,,
326,46309,,,,,0.23448002338409424,,,,,,,,,,,
326,46319,,,,,0.22541531920433044,,,,,,,,,,,
326,46329,,,,,0.2457171082496643,,,,,,,,,,,
326,46339,,,,,0.1939714401960373,,,,,,,,,,,
326,46349,,,,,0.22683937847614288,,,,,,,,,,,
326,46359,,,,,0.19279319047927856,,,,,,,,,,,
326,46369,,,,,0.21843479573726654,,,,,,,,,,,
326,46379,,,,,0.24487297236919403,,,,,,,,,,,
326,46389,,,,,0.21154332160949707,,,,,,,,,,,
326,46399,,,,,0.2215820848941803,,,,,,,,,,,
326,46409,,,,,0.23996028304100037,,,,,,,,,,,
326,46419,,,,,0.21197651326656342,,,,,,,,,,,
326,46429,,,,,0.26028692722320557,,,,,,,,,,,
326,326,3.782789512259369,94.03260759967536,,,,,,,,,,,,,,
326,46433,,,,,,0.22147414088249207,,,,,,,,,,
327,46439,,,,,0.23447459936141968,,,,,,,,,,,
327,46449,,,,,0.2141633927822113,,,,,,,,,,,
327,46459,,,,,0.16835656762123108,,,,,,,,,,,
327,46469,,,,,0.20279964804649353,,,,,,,,,,,
327,46479,,,,,0.18406742811203003,,,,,,,,,,,
327,46489,,,,,0.21439197659492493,,,,,,,,,,,
327,46499,,,,,0.21397866308689117,,,,,,,,,,,
327,46509,,,,,0.2025136947631836,,,,,,,,,,,
327,46519,,,,,0.21424485743045807,,,,,,,,,,,
327,46529,,,,,0.22601620852947235,,,,,,,,,,,
327,46539,,,,,0.23960191011428833,,,,,,,,,,,
327,46549,,,,,0.19474034011363983,,,,,,,,,,,
327,46559,,,,,0.20653434097766876,,,,,,,,,,,
327,46569,,,,,0.23070277273654938,,,,,,,,,,,
327,327,3.825421089516123,94.04037354298629,,,,,,,,,,,,,,
327,46575,,,,,,0.21989519894123077,,,,,,,,,,
328,46579,,,,,0.1954658329486847,,,,,,,,,,,
328,46589,,,,,0.2097310721874237,,,,,,,,,,,
328,46599,,,,,0.2259010374546051,,,,,,,,,,,
328,46609,,,,,0.18890635669231415,,,,,,,,,,,
328,46619,,,,,0.26201415061950684,,,,,,,,,,,
328,46629,,,,,0.20113180577754974,,,,,,,,,,,
328,46639,,,,,0.2288266122341156,,,,,,,,,,,
328,46649,,,,,0.19395142793655396,,,,,,,,,,,
328,46659,,,,,0.23819386959075928,,,,,,,,,,,
328,46669,,,,,0.18138428032398224,,,,,,,,,,,
328,46679,,,,,0.20420671999454498,,,,,,,,,,,
328,46689,,,,,0.24629001319408417,,,,,,,,,,,
328,46699,,,,,0.20652037858963013,,,,,,,,,,,
328,46709,,,,,0.20980913937091827,,,,,,,,,,,
328,328,3.879685837430734,94.0481077755931,,,,,,,,,,,,,,
328,46717,,,,,,0.2203119695186615,,,,,,,,,,
329,46719,,,,,0.23320037126541138,,,,,,,,,,,
329,46729,,,,,0.20125941932201385,,,,,,,,,,,
329,46739,,,,,0.22521410882472992,,,,,,,,,,,
329,46749,,,,,0.18237178027629852,,,,,,,,,,,
329,46759,,,,,0.2337297797203064,,,,,,,,,,,
329,46769,,,,,0.2207050621509552,,,,,,,,,,,
329,46779,,,,,0.21220651268959045,,,,,,,,,,,
329,46789,,,,,0.2038661539554596,,,,,,,,,,,
329,46799,,,,,0.22006165981292725,,,,,,,,,,,
329,46809,,,,,0.19750894606113434,,,,,,,,,,,
329,46819,,,,,0.24320748448371887,,,,,,,,,,,
329,46829,,,,,0.2384495884180069,,,,,,,,,,,
329,46839,,,,,0.21190880239009857,,,,,,,,,,,
329,46849,,,,,0.2030075639486313,,,,,,,,,,,
329,46859,,,,,0.2641734778881073,,,,,,,,,,,
329,329,,,0.9982381463050842,0.730937123298645,,,0.1528986254528767,0.8632954359054565,,0.8887704014778137,,0.268535315990448,,0.9854394649060405,,0.2747560441493988
329,46859,,,,,,,,,0.8887704014778137,,0.268535315990448,,0.9854393601417542,,0.2747560441493988,
329,329,3.7994026799172085,94.05560924512118,,,,,,,,,,,,,,
329,46859,,,,,,0.21855691075325012,,,,,,,,,,
330,46869,,,,,0.17987094819545746,,,,,,,,,,,
330,46879,,,,,0.23015323281288147,,,,,,,,,,,
330,46889,,,,,0.2029035985469818,,,,,,,,,,,
330,46899,,,,,0.22416692972183228,,,,,,,,,,,
330,46909,,,,,0.22879816591739655,,,,,,,,,,,
330,46919,,,,,0.21883709728717804,,,,,,,,,,,
330,46929,,,,,0.2534332573413849,,,,,,,,,,,
330,46939,,,,,0.2099807858467102,,,,,,,,,,,
330,46949,,,,,0.19886931777000427,,,,,,,,,,,
330,46959,,,,,0.18641068041324615,,,,,,,,,,,
330,46969,,,,,0.2130567878484726,,,,,,,,,,,
330,46979,,,,,0.200999915599823,,,,,,,,,,,
330,46989,,,,,0.24349811673164368,,,,,,,,,,,
330,46999,,,,,0.24291104078292847,,,,,,,,,,,
330,330,4.016007941518089,94.0627869081221,,,,,,,,,,,,,,
330,47001,,,,,,0.2177499681711197,,,,,,,,,,
331,47009,,,,,0.2356385588645935,,,,,,,,,,,
331,47019,,,,,0.19084730744361877,,,,,,,,,,,
331,47029,,,,,0.2056727409362793,,,,,,,,,,,
331,47039,,,,,0.2290302813053131,,,,,,,,,,,
331,47049,,,,,0.1978902667760849,,,,,,,,,,,
331,47059,,,,,0.1897386610507965,,,,,,,,,,,
331,47069,,,,,0.2471304088830948,,,,,,,,,,,
331,47079,,,,,0.23233062028884888,,,,,,,,,,,
331,47089,,,,,0.22052021324634552,,,,,,,,,,,
331,47099,,,,,0.2720341682434082,,,,,,,,,,,
331,47109,,,,,0.2503451108932495,,,,,,,,,,,
331,47119,,,,,0.21120688319206238,,,,,,,,,,,
331,47129,,,,,0.18749772012233734,,,,,,,,,,,
331,47139,,,,,0.2090657651424408,,,,,,,,,,,
331,331,4.323113107971822,94.07061456509125,,,,,,,,,,,,,,
331,47143,,,,,,0.22095458209514618,,,,,,,,,,
332,47149,,,,,0.23366791009902954,,,,,,,,,,,
332,47159,,,,,0.24863280355930328,,,,,,,,,,,
332,47169,,,,,0.19767490029335022,,,,,,,,,,,
332,47179,,,,,0.21883690357208252,,,,,,,,,,,
332,47189,,,,,0.24848893284797668,,,,,,,,,,,
332,47199,,,,,0.24710582196712494,,,,,,,,,,,
332,47209,,,,,0.20409949123859406,,,,,,,,,,,
332,47219,,,,,0.2138148695230484,,,,,,,,,,,
332,47229,,,,,0.20415844023227692,,,,,,,,,,,
332,47239,,,,,0.20654802024364471,,,,,,,,,,,
332,47249,,,,,0.24747096002101898,,,,,,,,,,,
332,47259,,,,,0.22922319173812866,,,,,,,,,,,
332,47269,,,,,0.20472212135791779,,,,,,,,,,,
332,47279,,,,,0.21656014025211334,,,,,,,,,,,
332,332,4.000861826415129,94.0780911314051,,,,,,,,,,,,,,
332,47285,,,,,,0.2170066237449646,,,,,,,,,,
333,47289,,,,,0.20145189762115479,,,,,,,,,,,
333,47299,,,,,0.2046026587486267,,,,,,,,,,,
333,47309,,,,,0.2067371904850006,,,,,,,,,,,
333,47319,,,,,0.26175618171691895,,,,,,,,,,,
333,47329,,,,,0.2111014425754547,,,,,,,,,,,
333,47339,,,,,0.22581098973751068,,,,,,,,,,,
333,47349,,,,,0.2208048701286316,,,,,,,,,,,
333,47359,,,,,0.21385520696640015,,,,,,,,,,,
333,47369,,,,,0.2039220929145813,,,,,,,,,,,
333,47379,,,,,0.24540454149246216,,,,,,,,,,,
333,47389,,,,,0.20034310221672058,,,,,,,,,,,
333,47399,,,,,0.22415468096733093,,,,,,,,,,,
333,47409,,,,,0.19151733815670013,,,,,,,,,,,
333,47419,,,,,0.25655311346054077,,,,,,,,,,,
333,333,3.869569318768285,94.08538466410195,,,,,,,,,,,,,,
333,47427,,,,,,0.2163764387369156,,,,,,,,,,
334,47429,,,,,0.2266974002122879,,,,,,,,,,,
334,47439,,,,,0.185371994972229,,,,,,,,,,,
334,47449,,,,,0.1902351826429367,,,,,,,,,,,
334,47459,,,,,0.21743051707744598,,,,,,,,,,,
334,47469,,,,,0.19090983271598816,,,,,,,,,,,
334,47479,,,,,0.21458138525485992,,,,,,,,,,,
334,47489,,,,,0.2022668868303299,,,,,,,,,,,
334,47499,,,,,0.22545090317726135,,,,,,,,,,,
334,47509,,,,,0.21494311094284058,,,,,,,,,,,
334,47519,,,,,0.24944444000720978,,,,,,,,,,,
334,47529,,,,,0.2339353710412979,,,,,,,,,,,
334,47539,,,,,0.22314152121543884,,,,,,,,,,,
334,47549,,,,,0.2128656953573227,,,,,,,,,,,
334,47559,,,,,0.21993955969810486,,,,,,,,,,,
334,47569,,,,,0.1987532526254654,,,,,,,,,,,
334,334,3.9822351013059976,94.09337201040117,,,,,,,,,,,,,,
334,47569,,,,,,0.21588970720767975,,,,,,,,,,
335,47579,,,,,0.2213500440120697,,,,,,,,,,,
335,47589,,,,,0.17864465713500977,,,,,,,,,,,
335,47599,,,,,0.2078452855348587,,,,,,,,,,,
335,47609,,,,,0.1784728616476059,,,,,,,,,,,
335,47619,,,,,0.18587495386600494,,,,,,,,,,,
335,47629,,,,,0.1621813029050827,,,,,,,,,,,
335,47639,,,,,0.20646633207798004,,,,,,,,,,,
335,47649,,,,,0.21186956763267517,,,,,,,,,,,
335,47659,,,,,0.22467727959156036,,,,,,,,,,,
335,47669,,,,,0.1902731955051422,,,,,,,,,,,
335,47679,,,,,0.2044130116701126,,,,,,,,,,,
335,47689,,,,,0.24512110650539398,,,,,,,,,,,
335,47699,,,,,0.19232384860515594,,,,,,,,,,,
335,47709,,,,,0.2620536983013153,,,,,,,,,,,
335,335,3.8504292142303496,94.101471761324,,,,,,,,,,,,,,
335,47711,,,,,,0.21504633128643036,,,,,,,,,,
336,47719,,,,,0.2023458033800125,,,,,,,,,,,
336,47729,,,,,0.2380591481924057,,,,,,,,,,,
336,47739,,,,,0.21209853887557983,,,,,,,,,,,
336,47749,,,,,0.21087375283241272,,,,,,,,,,,
336,47759,,,,,0.22131967544555664,,,,,,,,,,,
336,47769,,,,,0.22967448830604553,,,,,,,,,,,
336,47779,,,,,0.22428405284881592,,,,,,,,,,,
336,47789,,,,,0.19502432644367218,,,,,,,,,,,
336,47799,,,,,0.2141309231519699,,,,,,,,,,,
336,47809,,,,,0.19303016364574432,,,,,,,,,,,
336,47819,,,,,0.21572653949260712,,,,,,,,,,,
336,47829,,,,,0.22329780459403992,,,,,,,,,,,
336,47839,,,,,0.24512287974357605,,,,,,,,,,,
336,47849,,,,,0.19791258871555328,,,,,,,,,,,
336,336,3.7117557470177642,94.10933746484376,,,,,,,,,,,,,,
336,47853,,,,,,0.21347282826900482,,,,,,,,,,
337,47859,,,,,0.20260624587535858,,,,,,,,,,,
337,47869,,,,,0.21224422752857208,,,,,,,,,,,
337,47879,,,,,0.20973148941993713,,,,,,,,,,,
337,47889,,,,,0.18126165866851807,,,,,,,,,,,
337,47899,,,,,0.236169695854187,,,,,,,,,,,
337,47909,,,,,0.19663551449775696,,,,,,,,,,,
337,47919,,,,,0.2124449610710144,,,,,,,,,,,
337,47929,,,,,0.20176219940185547,,,,,,,,,,,
337,47939,,,,,0.21331538259983063,,,,,,,,,,,
337,47949,,,,,0.22661824524402618,,,,,,,,,,,
337,47959,,,,,0.17492231726646423,,,,,,,,,,,
337,47969,,,,,0.21163760125637054,,,,,,,,,,,
337,47979,,,,,0.17454838752746582,,,,,,,,,,,
337,47989,,,,,0.18779470026493073,,,,,,,,,,,
337,337,3.70326291101835,94.11656843659296,,,,,,,,,,,,,,
337,47995,,,,,,0.21342764794826508,,,,,,,,,,
338,47999,,,,,0.20888325572013855,,,,,,,,,,,
338,48009,,,,,0.20432472229003906,,,,,,,,,,,
338,48019,,,,,0.22136375308036804,,,,,,,,,,,
338,48029,,,,,0.19165565073490143,,,,,,,,,,,
338,48039,,,,,0.18990498781204224,,,,,,,,,,,
338,48049,,,,,0.1919882744550705,,,,,,,,,,,
338,48059,,,,,0.2088756561279297,,,,,,,,,,,
338,48069,,,,,0.2263079285621643,,,,,,,,,,,
338,48079,,,,,0.21387425065040588,,,,,,,,,,,
338,48089,,,,,0.21399855613708496,,,,,,,,,,,
338,48099,,,,,0.19215823709964752,,,,,,,,,,,
338,48109,,,,,0.19523054361343384,,,,,,,,,,,
338,48119,,,,,0.22522595524787903,,,,,,,,,,,
338,48129,,,,,0.19574955105781555,,,,,,,,,,,
338,338,3.5222084626583374,94.12430941507733,,,,,,,,,,,,,,
338,48137,,,,,,0.21370074152946472,,,,,,,,,,
339,48139,,,,,0.23757074773311615,,,,,,,,,,,
339,48149,,,,,0.21585442125797272,,,,,,,,,,,
339,48159,,,,,0.22292722761631012,,,,,,,,,,,
339,48169,,,,,0.22358636558055878,,,,,,,,,,,
339,48179,,,,,0.2262897789478302,,,,,,,,,,,
339,48189,,,,,0.17615067958831787,,,,,,,,,,,
339,48199,,,,,0.22898726165294647,,,,,,,,,,,
339,48209,,,,,0.2411751002073288,,,,,,,,,,,
339,48219,,,,,0.1850152313709259,,,,,,,,,,,
339,48229,,,,,0.20396611094474792,,,,,,,,,,,
339,48239,,,,,0.21888786554336548,,,,,,,,,,,
339,48249,,,,,0.21736812591552734,,,,,,,,,,,
339,48259,,,,,0.21145924925804138,,,,,,,,,,,
339,48269,,,,,0.20772673189640045,,,,,,,,,,,
339,48279,,,,,0.2257830798625946,,,,,,,,,,,
339,339,,,0.9984049797058105,0.7382906675338745,,,0.15054693876704284,0.8709539771080017,,0.8887985944747925,,0.2658347487449646,,1.0183115276146908,,0.273200124502182
339,48279,,,,,,,,,0.8887985944747925,,0.2658347487449646,,1.018311619758606,,0.273200124502182,
339,339,4.069519103813506,94.13179999387953,,,,,,,,,,,,,,
339,48279,,,,,,0.21343666315078735,,,,,,,,,,
340,48289,,,,,0.2049078345298767,,,,,,,,,,,
340,48299,,,,,0.221731498837471,,,,,,,,,,,
340,48309,,,,,0.23199056088924408,,,,,,,,,,,
340,48319,,,,,0.22986021637916565,,,,,,,,,,,
340,48329,,,,,0.2224174588918686,,,,,,,,,,,
340,48339,,,,,0.23325924575328827,,,,,,,,,,,
340,48349,,,,,0.23935481905937195,,,,,,,,,,,
340,48359,,,,,0.22526220977306366,,,,,,,,,,,
340,48369,,,,,0.20159639418125153,,,,,,,,,,,
340,48379,,,,,0.21667416393756866,,,,,,,,,,,
340,48389,,,,,0.22279004752635956,,,,,,,,,,,
340,48399,,,,,0.21196575462818146,,,,,,,,,,,
340,48409,,,,,0.19940103590488434,,,,,,,,,,,
340,48419,,,,,0.2209610790014267,,,,,,,,,,,
340,340,4.542468224613334,94.13944787892439,,,,,,,,,,,,,,
340,48421,,,,,,0.21197019517421722,,,,,,,,,,
341,48429,,,,,0.2278129607439041,,,,,,,,,,,
341,48439,,,,,0.2256956398487091,,,,,,,,,,,
341,48449,,,,,0.2436242252588272,,,,,,,,,,,
341,48459,,,,,0.17641957104206085,,,,,,,,,,,
341,48469,,,,,0.20125111937522888,,,,,,,,,,,
341,48479,,,,,0.21137304604053497,,,,,,,,,,,
341,48489,,,,,0.21500392258167267,,,,,,,,,,,
341,48499,,,,,0.1955890655517578,,,,,,,,,,,
341,48509,,,,,0.2262515425682068,,,,,,,,,,,
341,48519,,,,,0.19585376977920532,,,,,,,,,,,
341,48529,,,,,0.19972093403339386,,,,,,,,,,,
341,48539,,,,,0.20126144587993622,,,,,,,,,,,
341,48549,,,,,0.21015127003192902,,,,,,,,,,,
341,48559,,,,,0.16992664337158203,,,,,,,,,,,
341,341,3.8680026624682005,94.1470197412177,,,,,,,,,,,,,,
341,48563,,,,,,0.21127007901668549,,,,,,,,,,
342,48569,,,,,0.22252711653709412,,,,,,,,,,,
342,48579,,,,,0.1763145923614502,,,,,,,,,,,
342,48589,,,,,0.21954888105392456,,,,,,,,,,,
342,48599,,,,,0.19396911561489105,,,,,,,,,,,
342,48609,,,,,0.16393223404884338,,,,,,,,,,,
342,48619,,,,,0.1957121193408966,,,,,,,,,,,
342,48629,,,,,0.19358038902282715,,,,,,,,,,,
342,48639,,,,,0.2120826542377472,,,,,,,,,,,
342,48649,,,,,0.20754756033420563,,,,,,,,,,,
342,48659,,,,,0.2084369659423828,,,,,,,,,,,
342,48669,,,,,0.2217073291540146,,,,,,,,,,,
342,48679,,,,,0.1930624395608902,,,,,,,,,,,
342,48689,,,,,0.18952704966068268,,,,,,,,,,,
342,48699,,,,,0.22179603576660156,,,,,,,,,,,
342,342,3.9932089648212323,94.15454001292406,,,,,,,,,,,,,,
342,48705,,,,,,0.20986470580101013,,,,,,,,,,
343,48709,,,,,0.22818782925605774,,,,,,,,,,,
343,48719,,,,,0.22201794385910034,,,,,,,,,,,
343,48729,,,,,0.2102729231119156,,,,,,,,,,,
343,48739,,,,,0.19914186000823975,,,,,,,,,,,
343,48749,,,,,0.23578707873821259,,,,,,,,,,,
343,48759,,,,,0.24369926750659943,,,,,,,,,,,
343,48769,,,,,0.2166377753019333,,,,,,,,,,,
343,48779,,,,,0.20872755348682404,,,,,,,,,,,
343,48789,,,,,0.1838497817516327,,,,,,,,,,,
343,48799,,,,,0.21720705926418304,,,,,,,,,,,
343,48809,,,,,0.20379386842250824,,,,,,,,,,,
343,48819,,,,,0.21896232664585114,,,,,,,,,,,
343,48829,,,,,0.21448591351509094,,,,,,,,,,,
343,48839,,,,,0.20852965116500854,,,,,,,,,,,
343,343,3.6681840342561776,94.16201200888422,,,,,,,,,,,,,,
343,48847,,,,,,0.2091401219367981,,,,,,,,,,
344,48849,,,,,0.2162867933511734,,,,,,,,,,,
344,48859,,,,,0.21674714982509613,,,,,,,,,,,
344,48869,,,,,0.23128356039524078,,,,,,,,,,,
344,48879,,,,,0.2290814220905304,,,,,,,,,,,
344,48889,,,,,0.1981395184993744,,,,,,,,,,,
344,48899,,,,,0.19813205301761627,,,,,,,,,,,
344,48909,,,,,0.21468579769134521,,,,,,,,,,,
344,48919,,,,,0.21252867579460144,,,,,,,,,,,
344,48929,,,,,0.20514895021915436,,,,,,,,,,,
344,48939,,,,,0.26595112681388855,,,,,,,,,,,
344,48949,,,,,0.17107629776000977,,,,,,,,,,,
344,48959,,,,,0.18821078538894653,,,,,,,,,,,
344,48969,,,,,0.1809774935245514,,,,,,,,,,,
344,48979,,,,,0.2322835624217987,,,,,,,,,,,
344,48989,,,,,0.22023677825927734,,,,,,,,,,,
344,344,3.8343493504115624,94.16932734654515,,,,,,,,,,,,,,
344,48989,,,,,,0.20969295501708984,,,,,,,,,,
345,48999,,,,,0.21986670792102814,,,,,,,,,,,
345,49009,,,,,0.20745889842510223,,,,,,,,,,,
345,49019,,,,,0.21379874646663666,,,,,,,,,,,
345,49029,,,,,0.20384687185287476,,,,,,,,,,,
345,49039,,,,,0.2318732738494873,,,,,,,,,,,
345,49049,,,,,0.20741035044193268,,,,,,,,,,,
345,49059,,,,,0.2124880850315094,,,,,,,,,,,
345,49069,,,,,0.19978520274162292,,,,,,,,,,,
345,49079,,,,,0.24985305964946747,,,,,,,,,,,
345,49089,,,,,0.21805928647518158,,,,,,,,,,,
345,49099,,,,,0.20988088846206665,,,,,,,,,,,
345,49109,,,,,0.22104030847549438,,,,,,,,,,,
345,49119,,,,,0.19248493015766144,,,,,,,,,,,
345,49129,,,,,0.2125171720981598,,,,,,,,,,,
345,345,4.050606445279954,94.17693955665031,,,,,,,,,,,,,,
345,49131,,,,,,0.21064947545528412,,,,,,,,,,
346,49139,,,,,0.2152094841003418,,,,,,,,,,,
346,49149,,,,,0.23830172419548035,,,,,,,,,,,
346,49159,,,,,0.18552501499652863,,,,,,,,,,,
346,49169,,,,,0.22083780169487,,,,,,,,,,,
346,49179,,,,,0.19608712196350098,,,,,,,,,,,
346,49189,,,,,0.21868371963500977,,,,,,,,,,,
346,49199,,,,,0.19778306782245636,,,,,,,,,,,
346,49209,,,,,0.19293490052223206,,,,,,,,,,,
346,49219,,,,,0.1898253858089447,,,,,,,,,,,
346,49229,,,,,0.19195982813835144,,,,,,,,,,,
346,49239,,,,,0.17768609523773193,,,,,,,,,,,
346,49249,,,,,0.19603201746940613,,,,,,,,,,,
346,49259,,,,,0.2554320991039276,,,,,,,,,,,
346,49269,,,,,0.20051880180835724,,,,,,,,,,,
346,346,3.773023247869753,94.18426005589015,,,,,,,,,,,,,,
346,49273,,,,,,0.20864245295524597,,,,,,,,,,
347,49279,,,,,0.19661711156368256,,,,,,,,,,,
347,49289,,,,,0.2180779129266739,,,,,,,,,,,
347,49299,,,,,0.2122642546892166,,,,,,,,,,,
347,49309,,,,,0.22094956040382385,,,,,,,,,,,
347,49319,,,,,0.1856338381767273,,,,,,,,,,,
347,49329,,,,,0.17855802178382874,,,,,,,,,,,
347,49339,,,,,0.18373164534568787,,,,,,,,,,,
347,49349,,,,,0.19369742274284363,,,,,,,,,,,
347,49359,,,,,0.21666987240314484,,,,,,,,,,,
347,49369,,,,,0.19634608924388885,,,,,,,,,,,
347,49379,,,,,0.23560771346092224,,,,,,,,,,,
347,49389,,,,,0.21283718943595886,,,,,,,,,,,
347,49399,,,,,0.1833726465702057,,,,,,,,,,,
347,49409,,,,,0.23378604650497437,,,,,,,,,,,
347,347,3.756101525389729,94.19195551391536,,,,,,,,,,,,,,
347,49415,,,,,,0.20846953988075256,,,,,,,,,,
348,49419,,,,,0.20431937277317047,,,,,,,,,,,
348,49429,,,,,0.19996514916419983,,,,,,,,,,,
348,49439,,,,,0.2325802743434906,,,,,,,,,,,
348,49449,,,,,0.20373140275478363,,,,,,,,,,,
348,49459,,,,,0.1983114778995514,,,,,,,,,,,
348,49469,,,,,0.20212513208389282,,,,,,,,,,,
348,49479,,,,,0.2110907882452011,,,,,,,,,,,
348,49489,,,,,0.19173845648765564,,,,,,,,,,,
348,49499,,,,,0.2158643901348114,,,,,,,,,,,
348,49509,,,,,0.24055184423923492,,,,,,,,,,,
348,49519,,,,,0.21058592200279236,,,,,,,,,,,
348,49529,,,,,0.23143638670444489,,,,,,,,,,,
348,49539,,,,,0.22164474427700043,,,,,,,,,,,
348,49549,,,,,0.16302081942558289,,,,,,,,,,,
348,348,3.759216164495251,94.19919685164659,,,,,,,,,,,,,,
348,49557,,,,,,0.20603540539741516,,,,,,,,,,
349,49559,,,,,0.20332443714141846,,,,,,,,,,,
349,49569,,,,,0.22106137871742249,,,,,,,,,,,
349,49579,,,,,0.2159947156906128,,,,,,,,,,,
349,49589,,,,,0.22545941174030304,,,,,,,,,,,
349,49599,,,,,0.21762977540493011,,,,,,,,,,,
349,49609,,,,,0.18392878770828247,,,,,,,,,,,
349,49619,,,,,0.24357059597969055,,,,,,,,,,,
349,49629,,,,,0.21035391092300415,,,,,,,,,,,
349,49639,,,,,0.20957453548908234,,,,,,,,,,,
349,49649,,,,,0.20485395193099976,,,,,,,,,,,
349,49659,,,,,0.20521482825279236,,,,,,,,,,,
349,49669,,,,,0.19254903495311737,,,,,,,,,,,
349,49679,,,,,0.19362394511699677,,,,,,,,,,,
349,49689,,,,,0.21979403495788574,,,,,,,,,,,
349,49699,,,,,0.20155610144138336,,,,,,,,,,,
349,349,,,0.9985488653182983,0.757152795791626,,,0.1418873126375008,0.8812270760536194,,0.8889108300209045,,0.26660528779029846,,1.0080268320684531,,0.2764357626438141
349,49699,,,,,,,,,0.8889108300209045,,0.26660528779029846,,1.0080269575119019,,0.2764357626438141,
349,349,3.7197260815213506,94.20654198354029,,,,,,,,,,,,,,
349,49699,,,,,,0.20672956109046936,,,,,,,,,,
350,49709,,,,,0.22338071465492249,,,,,,,,,,,
350,49719,,,,,0.2181309461593628,,,,,,,,,,,
350,49729,,,,,0.1841084063053131,,,,,,,,,,,
350,49739,,,,,0.2679559886455536,,,,,,,,,,,
350,49749,,,,,0.22663933038711548,,,,,,,,,,,
350,49759,,,,,0.2574491500854492,,,,,,,,,,,
350,49769,,,,,0.20944549143314362,,,,,,,,,,,
350,49779,,,,,0.18812628090381622,,,,,,,,,,,
350,49789,,,,,0.17579318583011627,,,,,,,,,,,
350,49799,,,,,0.18509496748447418,,,,,,,,,,,
350,49809,,,,,0.17913155257701874,,,,,,,,,,,
350,49819,,,,,0.17743009328842163,,,,,,,,,,,
350,49829,,,,,0.21869735419750214,,,,,,,,,,,
350,49839,,,,,0.18374334275722504,,,,,,,,,,,
350,350,3.7667447450801017,94.21385457272513,,,,,,,,,,,,,,
350,49841,,,,,,0.20536866784095764,,,,,,,,,,
351,49849,,,,,0.23765026032924652,,,,,,,,,,,
351,49859,,,,,0.20620553195476532,,,,,,,,,,,
351,49869,,,,,0.2022155523300171,,,,,,,,,,,
351,49879,,,,,0.2064797580242157,,,,,,,,,,,
351,49889,,,,,0.24283312261104584,,,,,,,,,,,
351,49899,,,,,0.2223481684923172,,,,,,,,,,,
351,49909,,,,,0.16977423429489136,,,,,,,,,,,
351,49919,,,,,0.23664182424545288,,,,,,,,,,,
351,49929,,,,,0.20037510991096497,,,,,,,,,,,
351,49939,,,,,0.20117686688899994,,,,,,,,,,,
351,49949,,,,,0.2035617232322693,,,,,,,,,,,
351,49959,,,,,0.20391131937503815,,,,,,,,,,,
351,49969,,,,,0.20139478147029877,,,,,,,,,,,
351,49979,,,,,0.1727088987827301,,,,,,,,,,,
351,351,4.239293264832285,94.2215175222995,,,,,,,,,,,,,,
351,49983,,,,,,0.20707820355892181,,,,,,,,,,
352,49989,,,,,0.22488340735435486,,,,,,,,,,,
352,49999,,,,,0.2194070816040039,,,,,,,,,,,
352,50009,,,,,0.1921691745519638,,,,,,,,,,,
352,50019,,,,,0.20507168769836426,,,,,,,,,,,
352,50029,,,,,0.17615541815757751,,,,,,,,,,,
352,50039,,,,,0.18854843080043793,,,,,,,,,,,
352,50049,,,,,0.2037115842103958,,,,,,,,,,,
352,50059,,,,,0.1821887046098709,,,,,,,,,,,
352,50069,,,,,0.22521623969078064,,,,,,,,,,,
352,50079,,,,,0.22622747719287872,,,,,,,,,,,
352,50089,,,,,0.2044345885515213,,,,,,,,,,,
352,50099,,,,,0.21323299407958984,,,,,,,,,,,
352,50109,,,,,0.20015278458595276,,,,,,,,,,,
352,50119,,,,,0.18216896057128906,,,,,,,,,,,
352,352,3.732545011070915,94.2292134540566,,,,,,,,,,,,,,
352,50125,,,,,,0.20542490482330322,,,,,,,,,,
353,50129,,,,,0.2069414258003235,,,,,,,,,,,
353,50139,,,,,0.17455756664276123,,,,,,,,,,,
353,50149,,,,,0.22850878536701202,,,,,,,,,,,
353,50159,,,,,0.20247069001197815,,,,,,,,,,,
353,50169,,,,,0.20322418212890625,,,,,,,,,,,
353,50179,,,,,0.20515494048595428,,,,,,,,,,,
353,50189,,,,,0.22369970381259918,,,,,,,,,,,
353,50199,,,,,0.1845877468585968,,,,,,,,,,,
353,50209,,,,,0.20539751648902893,,,,,,,,,,,
353,50219,,,,,0.18608230352401733,,,,,,,,,,,
353,50229,,,,,0.21975001692771912,,,,,,,,,,,
353,50239,,,,,0.2081567347049713,,,,,,,,,,,
353,50249,,,,,0.2081519216299057,,,,,,,,,,,
353,50259,,,,,0.2148021161556244,,,,,,,,,,,
353,353,3.972945876106971,94.23648632963932,,,,,,,,,,,,,,
353,50267,,,,,,0.20556345582008362,,,,,,,,,,
354,50269,,,,,0.2159401774406433,,,,,,,,,,,
354,50279,,,,,0.19242876768112183,,,,,,,,,,,
354,50289,,,,,0.22985714673995972,,,,,,,,,,,
354,50299,,,,,0.20363277196884155,,,,,,,,,,,
354,50309,,,,,0.19765691459178925,,,,,,,,,,,
354,50319,,,,,0.1724337637424469,,,,,,,,,,,
354,50329,,,,,0.18616028130054474,,,,,,,,,,,
354,50339,,,,,0.1821843534708023,,,,,,,,,,,
354,50349,,,,,0.25770846009254456,,,,,,,,,,,
354,50359,,,,,0.1777523308992386,,,,,,,,,,,
354,50369,,,,,0.16497887670993805,,,,,,,,,,,
354,50379,,,,,0.16502732038497925,,,,,,,,,,,
354,50389,,,,,0.17347393929958344,,,,,,,,,,,
354,50399,,,,,0.190500408411026,,,,,,,,,,,
354,50409,,,,,0.2470066398382187,,,,,,,,,,,
354,354,3.7313116561212656,94.2437080352767,,,,,,,,,,,,,,
354,50409,,,,,,0.20236194133758545,,,,,,,,,,
355,50419,,,,,0.1982566863298416,,,,,,,,,,,
355,50429,,,,,0.22309939563274384,,,,,,,,,,,
355,50439,,,,,0.1727084219455719,,,,,,,,,,,
355,50449,,,,,0.20183917880058289,,,,,,,,,,,
355,50459,,,,,0.1957830935716629,,,,,,,,,,,
355,50469,,,,,0.18824335932731628,,,,,,,,,,,
355,50479,,,,,0.18585868179798126,,,,,,,,,,,
355,50489,,,,,0.17346230149269104,,,,,,,,,,,
355,50499,,,,,0.19725945591926575,,,,,,,,,,,
355,50509,,,,,0.20000059902668,,,,,,,,,,,
355,50519,,,,,0.2180204838514328,,,,,,,,,,,
355,50529,,,,,0.17376096546649933,,,,,,,,,,,
355,50539,,,,,0.2292807251214981,,,,,,,,,,,
355,50549,,,,,0.2022363394498825,,,,,,,,,,,
355,355,3.507517200831359,94.25125120009923,,,,,,,,,,,,,,
355,50551,,,,,,0.20363204181194305,,,,,,,,,,
356,50559,,,,,0.18568055331707,,,,,,,,,,,
356,50569,,,,,0.19454407691955566,,,,,,,,,,,
356,50579,,,,,0.20026174187660217,,,,,,,,,,,
356,50589,,,,,0.2333631068468094,,,,,,,,,,,
356,50599,,,,,0.18708664178848267,,,,,,,,,,,
356,50609,,,,,0.22790087759494781,,,,,,,,,,,
356,50619,,,,,0.19709767401218414,,,,,,,,,,,
356,50629,,,,,0.19170120358467102,,,,,,,,,,,
356,50639,,,,,0.2064705789089203,,,,,,,,,,,
356,50649,,,,,0.1972198486328125,,,,,,,,,,,
356,50659,,,,,0.2229757010936737,,,,,,,,,,,
356,50669,,,,,0.21317526698112488,,,,,,,,,,,
356,50679,,,,,0.2718139588832855,,,,,,,,,,,
356,50689,,,,,0.21276123821735382,,,,,,,,,,,
356,356,3.9583343993459037,94.25899920564224,,,,,,,,,,,,,,
356,50693,,,,,,0.20144206285476685,,,,,,,,,,
357,50699,,,,,0.16259899735450745,,,,,,,,,,,
357,50709,,,,,0.1699414998292923,,,,,,,,,,,
357,50719,,,,,0.2411094307899475,,,,,,,,,,,
357,50729,,,,,0.18607240915298462,,,,,,,,,,,
357,50739,,,,,0.22404447197914124,,,,,,,,,,,
357,50749,,,,,0.1992577165365219,,,,,,,,,,,
357,50759,,,,,0.21927502751350403,,,,,,,,,,,
357,50769,,,,,0.20072004199028015,,,,,,,,,,,
357,50779,,,,,0.19643303751945496,,,,,,,,,,,
357,50789,,,,,0.20330962538719177,,,,,,,,,,,
357,50799,,,,,0.22190165519714355,,,,,,,,,,,
357,50809,,,,,0.1949283927679062,,,,,,,,,,,
357,50819,,,,,0.19437307119369507,,,,,,,,,,,
357,50829,,,,,0.22232842445373535,,,,,,,,,,,
357,357,3.7513831177557195,94.26659214666226,,,,,,,,,,,,,,
357,50835,,,,,,0.20163100957870483,,,,,,,,,,
358,50839,,,,,0.2036411464214325,,,,,,,,,,,
358,50849,,,,,0.22876690328121185,,,,,,,,,,,
358,50859,,,,,0.18687136471271515,,,,,,,,,,,
358,50869,,,,,0.19192427396774292,,,,,,,,,,,
358,50879,,,,,0.2185666263103485,,,,,,,,,,,
358,50889,,,,,0.20537805557250977,,,,,,,,,,,
358,50899,,,,,0.20036821067333221,,,,,,,,,,,
358,50909,,,,,0.20943531394004822,,,,,,,,,,,
358,50919,,,,,0.17887037992477417,,,,,,,,,,,
358,50929,,,,,0.1941167265176773,,,,,,,,,,,
358,50939,,,,,0.1981872320175171,,,,,,,,,,,
358,50949,,,,,0.21087104082107544,,,,,,,,,,,
358,50959,,,,,0.2166961133480072,,,,,,,,,,,
358,50969,,,,,0.18657571077346802,,,,,,,,,,,
358,358,3.7404911137649908,94.27420909244424,,,,,,,,,,,,,,
358,50977,,,,,,0.20128197968006134,,,,,,,,,,
359,50979,,,,,0.20608177781105042,,,,,,,,,,,
359,50989,,,,,0.18826788663864136,,,,,,,,,,,
359,50999,,,,,0.19494308531284332,,,,,,,,,,,
359,51009,,,,,0.2158167064189911,,,,,,,,,,,
359,51019,,,,,0.22617679834365845,,,,,,,,,,,
359,51029,,,,,0.22736454010009766,,,,,,,,,,,
359,51039,,,,,0.1956920176744461,,,,,,,,,,,
359,51049,,,,,0.19807922840118408,,,,,,,,,,,
359,51059,,,,,0.1811637282371521,,,,,,,,,,,
359,51069,,,,,0.18103115260601044,,,,,,,,,,,
359,51079,,,,,0.1801309585571289,,,,,,,,,,,
359,51089,,,,,0.19557124376296997,,,,,,,,,,,
359,51099,,,,,0.2003006786108017,,,,,,,,,,,
359,51109,,,,,0.19106711447238922,,,,,,,,,,,
359,51119,,,,,0.20832721889019012,,,,,,,,,,,
359,359,,,0.9987237453460693,0.7563029527664185,,,0.13935448362377836,0.8897019028663635,,0.8867170810699463,,0.2667204737663269,,1.0513112843796915,,0.2732023298740387
359,51119,,,,,,,,,0.8867170810699463,,0.2667204737663269,,1.0513112545013428,,0.2732023298740387,
359,359,3.6146377334312727,94.28192588808048,,,,,,,,,,,,,,
359,51119,,,,,,0.20023086667060852,,,,,,,,,,
360,51129,,,,,0.1656411737203598,,,,,,,,,,,
360,51139,,,,,0.20842620730400085,,,,,,,,,,,
360,51149,,,,,0.17134468257427216,,,,,,,,,,,
360,51159,,,,,0.20357751846313477,,,,,,,,,,,
360,51169,,,,,0.17870469391345978,,,,,,,,,,,
360,51179,,,,,0.20440985262393951,,,,,,,,,,,
360,51189,,,,,0.1963655948638916,,,,,,,,,,,
360,51199,,,,,0.18631425499916077,,,,,,,,,,,
360,51209,,,,,0.20293490588665009,,,,,,,,,,,
360,51219,,,,,0.18069925904273987,,,,,,,,,,,
360,51229,,,,,0.17781199514865875,,,,,,,,,,,
360,51239,,,,,0.24150587618350983,,,,,,,,,,,
360,51249,,,,,0.20953649282455444,,,,,,,,,,,
360,51259,,,,,0.22966593503952026,,,,,,,,,,,
360,360,4.274431391152609,94.28940732694561,,,,,,,,,,,,,,
360,51261,,,,,,0.20284871757030487,,,,,,,,,,
361,51269,,,,,0.2400757074356079,,,,,,,,,,,
361,51279,,,,,0.2157202661037445,,,,,,,,,,,
361,51289,,,,,0.22740307450294495,,,,,,,,,,,
361,51299,,,,,0.2267988920211792,,,,,,,,,,,
361,51309,,,,,0.19197851419448853,,,,,,,,,,,
361,51319,,,,,0.17325261235237122,,,,,,,,,,,
361,51329,,,,,0.2041599452495575,,,,,,,,,,,
361,51339,,,,,0.22746354341506958,,,,,,,,,,,
361,51349,,,,,0.20767924189567566,,,,,,,,,,,
361,51359,,,,,0.18636372685432434,,,,,,,,,,,
361,51369,,,,,0.18028756976127625,,,,,,,,,,,
361,51379,,,,,0.19271893799304962,,,,,,,,,,,
361,51389,,,,,0.2148345410823822,,,,,,,,,,,
361,51399,,,,,0.1982208490371704,,,,,,,,,,,
361,361,4.275573439609179,94.29693693097045,,,,,,,,,,,,,,
361,51403,,,,,,0.20021364092826843,,,,,,,,,,
362,51409,,,,,0.17831633985042572,,,,,,,,,,,
362,51419,,,,,0.18369950354099274,,,,,,,,,,,
362,51429,,,,,0.15994954109191895,,,,,,,,,,,
362,51439,,,,,0.21702684462070465,,,,,,,,,,,
362,51449,,,,,0.2123962938785553,,,,,,,,,,,
362,51459,,,,,0.19302602112293243,,,,,,,,,,,
362,51469,,,,,0.20133285224437714,,,,,,,,,,,
362,51479,,,,,0.22432109713554382,,,,,,,,,,,
362,51489,,,,,0.1795588731765747,,,,,,,,,,,
362,51499,,,,,0.18873000144958496,,,,,,,,,,,
362,51509,,,,,0.19201643764972687,,,,,,,,,,,
362,51519,,,,,0.19160442054271698,,,,,,,,,,,
362,51529,,,,,0.25328418612480164,,,,,,,,,,,
362,51539,,,,,0.17639221251010895,,,,,,,,,,,
362,362,3.968143064593658,94.30415499086605,,,,,,,,,,,,,,
362,51545,,,,,,0.19770179688930511,,,,,,,,,,
363,51549,,,,,0.20005576312541962,,,,,,,,,,,
363,51559,,,,,0.22691449522972107,,,,,,,,,,,
363,51569,,,,,0.2394668161869049,,,,,,,,,,,
363,51579,,,,,0.1868756115436554,,,,,,,,,,,
363,51589,,,,,0.21294282376766205,,,,,,,,,,,
363,51599,,,,,0.2200990617275238,,,,,,,,,,,
363,51609,,,,,0.19628560543060303,,,,,,,,,,,
363,51619,,,,,0.1805867701768875,,,,,,,,,,,
363,51629,,,,,0.1693093329668045,,,,,,,,,,,
363,51639,,,,,0.2032492458820343,,,,,,,,,,,
363,51649,,,,,0.21084685623645782,,,,,,,,,,,
363,51659,,,,,0.19783151149749756,,,,,,,,,,,
363,51669,,,,,0.17131659388542175,,,,,,,,,,,
363,51679,,,,,0.2099311500787735,,,,,,,,,,,
363,363,4.063088847030597,94.31208851310814,,,,,,,,,,,,,,
363,51687,,,,,,0.19942878186702728,,,,,,,,,,
364,51689,,,,,0.19503243267536163,,,,,,,,,,,
364,51699,,,,,0.19792717695236206,,,,,,,,,,,
364,51709,,,,,0.21803784370422363,,,,,,,,,,,
364,51719,,,,,0.21914070844650269,,,,,,,,,,,
364,51729,,,,,0.20316915214061737,,,,,,,,,,,
364,51739,,,,,0.1805763840675354,,,,,,,,,,,
364,51749,,,,,0.20978648960590363,,,,,,,,,,,
364,51759,,,,,0.2114643007516861,,,,,,,,,,,
364,51769,,,,,0.185442253947258,,,,,,,,,,,
364,51779,,,,,0.19959130883216858,,,,,,,,,,,
364,51789,,,,,0.20507584512233734,,,,,,,,,,,
364,51799,,,,,0.22022698819637299,,,,,,,,,,,
364,51809,,,,,0.2034483253955841,,,,,,,,,,,
364,51819,,,,,0.20520806312561035,,,,,,,,,,,
364,51829,,,,,0.19342172145843506,,,,,,,,,,,
364,364,4.323954342516415,94.31931634263272,,,,,,,,,,,,,,
364,51829,,,,,,0.19911007583141327,,,,,,,,,,
365,51839,,,,,0.2085884064435959,,,,,,,,,,,
365,51849,,,,,0.16473162174224854,,,,,,,,,,,
365,51859,,,,,0.157279372215271,,,,,,,,,,,
365,51869,,,,,0.2071065753698349,,,,,,,,,,,
365,51879,,,,,0.17793355882167816,,,,,,,,,,,
365,51889,,,,,0.20256434381008148,,,,,,,,,,,
365,51899,,,,,0.20242337882518768,,,,,,,,,,,
365,51909,,,,,0.195541650056839,,,,,,,,,,,
365,51919,,,,,0.20901748538017273,,,,,,,,,,,
365,51929,,,,,0.22596456110477448,,,,,,,,,,,
365,51939,,,,,0.19564014673233032,,,,,,,,,,,
365,51949,,,,,0.1871420294046402,,,,,,,,,,,
365,51959,,,,,0.18881842494010925,,,,,,,,,,,
365,51969,,,,,0.19908669590950012,,,,,,,,,,,
365,365,4.1084928034602735,94.32702498112035,,,,,,,,,,,,,,
365,51971,,,,,,0.1965397596359253,,,,,,,,,,
366,51979,,,,,0.21745792031288147,,,,,,,,,,,
366,51989,,,,,0.2000361680984497,,,,,,,,,,,
366,51999,,,,,0.21291381120681763,,,,,,,,,,,
366,52009,,,,,0.22312913835048676,,,,,,,,,,,
366,52019,,,,,0.16733936965465546,,,,,,,,,,,
366,52029,,,,,0.2021533101797104,,,,,,,,,,,
366,52039,,,,,0.21053099632263184,,,,,,,,,,,
366,52049,,,,,0.1830122470855713,,,,,,,,,,,
366,52059,,,,,0.20280815660953522,,,,,,,,,,,
366,52069,,,,,0.1896197497844696,,,,,,,,,,,
366,52079,,,,,0.18991681933403015,,,,,,,,,,,
366,52089,,,,,0.19901707768440247,,,,,,,,,,,
366,52099,,,,,0.1807056963443756,,,,,,,,,,,
366,52109,,,,,0.2147301584482193,,,,,,,,,,,
366,366,3.58440681535463,94.33421750585218,,,,,,,,,,,,,,
366,52113,,,,,,0.19532410800457,,,,,,,,,,
367,52119,,,,,0.19228462874889374,,,,,,,,,,,
367,52129,,,,,0.16445550322532654,,,,,,,,,,,
367,52139,,,,,0.16018988192081451,,,,,,,,,,,
367,52149,,,,,0.18332217633724213,,,,,,,,,,,
367,52159,,,,,0.20686930418014526,,,,,,,,,,,
367,52169,,,,,0.20905937254428864,,,,,,,,,,,
367,52179,,,,,0.19029901921749115,,,,,,,,,,,
367,52189,,,,,0.19136834144592285,,,,,,,,,,,
367,52199,,,,,0.18707643449306488,,,,,,,,,,,
367,52209,,,,,0.17005395889282227,,,,,,,,,,,
367,52219,,,,,0.15848097205162048,,,,,,,,,,,
367,52229,,,,,0.19829188287258148,,,,,,,,,,,
367,52239,,,,,0.2196723371744156,,,,,,,,,,,
367,52249,,,,,0.20722806453704834,,,,,,,,,,,
367,367,3.6375406732600166,94.34159405593039,,,,,,,,,,,,,,
367,52255,,,,,,0.1958092600107193,,,,,,,,,,
368,52259,,,,,0.17003877460956573,,,,,,,,,,,
368,52269,,,,,0.18203315138816833,,,,,,,,,,,
368,52279,,,,,0.18967795372009277,,,,,,,,,,,
368,52289,,,,,0.17915566265583038,,,,,,,,,,,
368,52299,,,,,0.1814982295036316,,,,,,,,,,,
368,52309,,,,,0.19277311861515045,,,,,,,,,,,
368,52319,,,,,0.1999342441558838,,,,,,,,,,,
368,52329,,,,,0.21211384236812592,,,,,,,,,,,
368,52339,,,,,0.1893659085035324,,,,,,,,,,,
368,52349,,,,,0.2216721624135971,,,,,,,,,,,
368,52359,,,,,0.18160094320774078,,,,,,,,,,,
368,52369,,,,,0.1951245665550232,,,,,,,,,,,
368,52379,,,,,0.20212246477603912,,,,,,,,,,,
368,52389,,,,,0.25933367013931274,,,,,,,,,,,
368,368,3.6982249986063525,94.34902053070189,,,,,,,,,,,,,,
368,52397,,,,,,0.1951005905866623,,,,,,,,,,
369,52399,,,,,0.20129966735839844,,,,,,,,,,,
369,52409,,,,,0.21284112334251404,,,,,,,,,,,
369,52419,,,,,0.23041735589504242,,,,,,,,,,,
369,52429,,,,,0.18138450384140015,,,,,,,,,,,
369,52439,,,,,0.232794851064682,,,,,,,,,,,
369,52449,,,,,0.1772306263446808,,,,,,,,,,,
369,52459,,,,,0.19895291328430176,,,,,,,,,,,
369,52469,,,,,0.25050878524780273,,,,,,,,,,,
369,52479,,,,,0.18566739559173584,,,,,,,,,,,
369,52489,,,,,0.2334589958190918,,,,,,,,,,,
369,52499,,,,,0.22744740545749664,,,,,,,,,,,
369,52509,,,,,0.20822298526763916,,,,,,,,,,,
369,52519,,,,,0.20257478952407837,,,,,,,,,,,
369,52529,,,,,0.19938768446445465,,,,,,,,,,,
369,52539,,,,,0.17536865174770355,,,,,,,,,,,
369,369,,,0.9988627433776855,0.7641251683235168,,,0.12944354753727444,0.9001579284667969,,0.8899146914482117,,0.27061647176742554,,1.027915411381697,,0.2781875431537628
369,52539,,,,,,,,,0.8899146914482117,,0.27061647176742554,,1.0279154777526855,,0.2781875431537628,
369,369,3.5178365908491585,94.3564573383067,,,,,,,,,,,,,,
369,52539,,,,,,0.1961207240819931,,,,,,,,,,
370,52549,,,,,0.1832776665687561,,,,,,,,,,,
370,52559,,,,,0.22596919536590576,,,,,,,,,,,
370,52569,,,,,0.20998364686965942,,,,,,,,,,,
370,52579,,,,,0.19962115585803986,,,,,,,,,,,
370,52589,,,,,0.18772652745246887,,,,,,,,,,,
370,52599,,,,,0.19785304367542267,,,,,,,,,,,
370,52609,,,,,0.180143341422081,,,,,,,,,,,
370,52619,,,,,0.1739920675754547,,,,,,,,,,,
370,52629,,,,,0.16735410690307617,,,,,,,,,,,
370,52639,,,,,0.22263817489147186,,,,,,,,,,,
370,52649,,,,,0.1987857222557068,,,,,,,,,,,
370,52659,,,,,0.20110666751861572,,,,,,,,,,,
370,52669,,,,,0.21173612773418427,,,,,,,,,,,
370,52679,,,,,0.20810353755950928,,,,,,,,,,,
370,370,3.7359593309517796,94.36401421135852,,,,,,,,,,,,,,
370,52681,,,,,,0.19564220309257507,,,,,,,,,,
371,52689,,,,,0.20421455800533295,,,,,,,,,,,
371,52699,,,,,0.19654256105422974,,,,,,,,,,,
371,52709,,,,,0.22531720995903015,,,,,,,,,,,
371,52719,,,,,0.19719673693180084,,,,,,,,,,,
371,52729,,,,,0.183970645070076,,,,,,,,,,,
371,52739,,,,,0.21040867269039154,,,,,,,,,,,
371,52749,,,,,0.19536149501800537,,,,,,,,,,,
371,52759,,,,,0.19332846999168396,,,,,,,,,,,
371,52769,,,,,0.2364928275346756,,,,,,,,,,,
371,52779,,,,,0.2169332653284073,,,,,,,,,,,
371,52789,,,,,0.20184454321861267,,,,,,,,,,,
371,52799,,,,,0.20513711869716644,,,,,,,,,,,
371,52809,,,,,0.18682986497879028,,,,,,,,,,,
371,52819,,,,,0.1825808882713318,,,,,,,,,,,
371,371,3.9187024350715784,94.37220880020199,,,,,,,,,,,,,,
371,52823,,,,,,0.19490934908390045,,,,,,,,,,
372,52829,,,,,0.16017253696918488,,,,,,,,,,,
372,52839,,,,,0.18498699367046356,,,,,,,,,,,
372,52849,,,,,0.204524427652359,,,,,,,,,,,
372,52859,,,,,0.21164646744728088,,,,,,,,,,,
372,52869,,,,,0.20036910474300385,,,,,,,,,,,
372,52879,,,,,0.17749302089214325,,,,,,,,,,,
372,52889,,,,,0.1970975399017334,,,,,,,,,,,
372,52899,,,,,0.15727642178535461,,,,,,,,,,,
372,52909,,,,,0.1836370974779129,,,,,,,,,,,
372,52919,,,,,0.19607605040073395,,,,,,,,,,,
372,52929,,,,,0.2017032504081726,,,,,,,,,,,
372,52939,,,,,0.16921886801719666,,,,,,,,,,,
372,52949,,,,,0.19470271468162537,,,,,,,,,,,
372,52959,,,,,0.179429829120636,,,,,,,,,,,
372,372,3.757935515378923,94.3798216585556,,,,,,,,,,,,,,
372,52965,,,,,,0.1938217729330063,,,,,,,,,,
373,52969,,,,,0.17263247072696686,,,,,,,,,,,
373,52979,,,,,0.1838909238576889,,,,,,,,,,,
373,52989,,,,,0.1852872520685196,,,,,,,,,,,
373,52999,,,,,0.21757100522518158,,,,,,,,,,,
373,53009,,,,,0.2170676589012146,,,,,,,,,,,
373,53019,,,,,0.22032517194747925,,,,,,,,,,,
373,53029,,,,,0.209666445851326,,,,,,,,,,,
373,53039,,,,,0.20196221768856049,,,,,,,,,,,
373,53049,,,,,0.16202543675899506,,,,,,,,,,,
373,53059,,,,,0.18117208778858185,,,,,,,,,,,
373,53069,,,,,0.20105741918087006,,,,,,,,,,,
373,53079,,,,,0.17962941527366638,,,,,,,,,,,
373,53089,,,,,0.2177111953496933,,,,,,,,,,,
373,53099,,,,,0.17190147936344147,,,,,,,,,,,
373,373,3.6671490003575427,94.38712434702646,,,,,,,,,,,,,,
373,53107,,,,,,0.1935792863368988,,,,,,,,,,
374,53109,,,,,0.16886700689792633,,,,,,,,,,,
374,53119,,,,,0.20433199405670166,,,,,,,,,,,
374,53129,,,,,0.18754835426807404,,,,,,,,,,,
374,53139,,,,,0.17978127300739288,,,,,,,,,,,
374,53149,,,,,0.2055261880159378,,,,,,,,,,,
374,53159,,,,,0.18856124579906464,,,,,,,,,,,
374,53169,,,,,0.19982649385929108,,,,,,,,,,,
374,53179,,,,,0.14660228788852692,,,,,,,,,,,
374,53189,,,,,0.1894446760416031,,,,,,,,,,,
374,53199,,,,,0.17354737222194672,,,,,,,,,,,
374,53209,,,,,0.17410731315612793,,,,,,,,,,,
374,53219,,,,,0.19694708287715912,,,,,,,,,,,
374,53229,,,,,0.19598634541034698,,,,,,,,,,,
374,53239,,,,,0.19240084290504456,,,,,,,,,,,
374,53249,,,,,0.16123981773853302,,,,,,,,,,,
374,374,3.765809110253653,94.39466488892596,,,,,,,,,,,,,,
374,53249,,,,,,0.19238780438899994,,,,,,,,,,
375,53259,,,,,0.22045767307281494,,,,,,,,,,,
375,53269,,,,,0.17857971787452698,,,,,,,,,,,
375,53279,,,,,0.17598651349544525,,,,,,,,,,,
375,53289,,,,,0.207076758146286,,,,,,,,,,,
375,53299,,,,,0.18924260139465332,,,,,,,,,,,
375,53309,,,,,0.15030361711978912,,,,,,,,,,,
375,53319,,,,,0.18323206901550293,,,,,,,,,,,
375,53329,,,,,0.17594663798809052,,,,,,,,,,,
375,53339,,,,,0.19559338688850403,,,,,,,,,,,
375,53349,,,,,0.18720179796218872,,,,,,,,,,,
375,53359,,,,,0.2090938538312912,,,,,,,,,,,
375,53369,,,,,0.1551666259765625,,,,,,,,,,,
375,53379,,,,,0.17941129207611084,,,,,,,,,,,
375,53389,,,,,0.18797044456005096,,,,,,,,,,,
375,375,3.7319448096457766,94.40259511964283,,,,,,,,,,,,,,
375,53391,,,,,,0.19242137670516968,,,,,,,,,,
376,53399,,,,,0.18406696617603302,,,,,,,,,,,
376,53409,,,,,0.20618227124214172,,,,,,,,,,,
376,53419,,,,,0.19096696376800537,,,,,,,,,,,
376,53429,,,,,0.16970902681350708,,,,,,,,,,,
376,53439,,,,,0.1658114790916443,,,,,,,,,,,
376,53449,,,,,0.18253201246261597,,,,,,,,,,,
376,53459,,,,,0.1980789452791214,,,,,,,,,,,
376,53469,,,,,0.17465737462043762,,,,,,,,,,,
376,53479,,,,,0.18156103789806366,,,,,,,,,,,
376,53489,,,,,0.2164209634065628,,,,,,,,,,,
376,53499,,,,,0.18669044971466064,,,,,,,,,,,
376,53509,,,,,0.21071116626262665,,,,,,,,,,,
376,53519,,,,,0.19039703905582428,,,,,,,,,,,
376,53529,,,,,0.16517220437526703,,,,,,,,,,,
376,376,4.411020309473512,94.40996291102017,,,,,,,,,,,,,,
376,53533,,,,,,0.19306519627571106,,,,,,,,,,
377,53539,,,,,0.19301395118236542,,,,,,,,,,,
377,53549,,,,,0.23443715274333954,,,,,,,,,,,
377,53559,,,,,0.196071594953537,,,,,,,,,,,
377,53569,,,,,0.17311625182628632,,,,,,,,,,,
377,53579,,,,,0.19775667786598206,,,,,,,,,,,
377,53589,,,,,0.16564735770225525,,,,,,,,,,,
377,53599,,,,,0.1713251918554306,,,,,,,,,,,
377,53609,,,,,0.17228254675865173,,,,,,,,,,,
377,53619,,,,,0.1886509656906128,,,,,,,,,,,
377,53629,,,,,0.21620053052902222,,,,,,,,,,,
377,53639,,,,,0.18231336772441864,,,,,,,,,,,
377,53649,,,,,0.18246778845787048,,,,,,,,,,,
377,53659,,,,,0.16261176764965057,,,,,,,,,,,
377,53669,,,,,0.2280287891626358,,,,,,,,,,,
377,377,4.778276232168434,94.41764177855505,,,,,,,,,,,,,,
377,53675,,,,,,0.19269609451293945,,,,,,,,,,
378,53679,,,,,0.17924381792545319,,,,,,,,,,,
378,53689,,,,,0.1977522373199463,,,,,,,,,,,
378,53699,,,,,0.19912554323673248,,,,,,,,,,,
378,53709,,,,,0.1724911332130432,,,,,,,,,,,
378,53719,,,,,0.2175549566745758,,,,,,,,,,,
378,53729,,,,,0.19265642762184143,,,,,,,,,,,
378,53739,,,,,0.18944278359413147,,,,,,,,,,,
378,53749,,,,,0.21507872641086578,,,,,,,,,,,
378,53759,,,,,0.17834444344043732,,,,,,,,,,,
378,53769,,,,,0.2103109210729599,,,,,,,,,,,
378,53779,,,,,0.16703549027442932,,,,,,,,,,,
378,53789,,,,,0.2040187567472458,,,,,,,,,,,
378,53799,,,,,0.20228400826454163,,,,,,,,,,,
378,53809,,,,,0.18086063861846924,,,,,,,,,,,
378,378,3.6606294496407763,94.42556606392046,,,,,,,,,,,,,,
378,53817,,,,,,0.19048723578453064,,,,,,,,,,
379,53819,,,,,0.18289627134799957,,,,,,,,,,,
379,53829,,,,,0.17270542681217194,,,,,,,,,,,
379,53839,,,,,0.188821479678154,,,,,,,,,,,
379,53849,,,,,0.18938855826854706,,,,,,,,,,,
379,53859,,,,,0.17953874170780182,,,,,,,,,,,
379,53869,,,,,0.19958601891994476,,,,,,,,,,,
379,53879,,,,,0.16783471405506134,,,,,,,,,,,
379,53889,,,,,0.1632564514875412,,,,,,,,,,,
379,53899,,,,,0.202693372964859,,,,,,,,,,,
379,53909,,,,,0.22596144676208496,,,,,,,,,,,
379,53919,,,,,0.1954382359981537,,,,,,,,,,,
379,53929,,,,,0.19406302273273468,,,,,,,,,,,
379,53939,,,,,0.18209940195083618,,,,,,,,,,,
379,53949,,,,,0.17579051852226257,,,,,,,,,,,
379,53959,,,,,0.18034982681274414,,,,,,,,,,,
379,379,,,0.9989562630653381,0.7766640186309814,,,0.12467450912563958,0.9069191813468933,,0.8908660411834717,,0.2783540189266205,,1.0403624568514678,,0.28141069412231445
379,53959,,,,,,,,,0.8908660411834717,,0.2783540189266205,,1.0403624773025513,,0.28141069412231445,
379,379,3.722827978102953,94.43325606130854,,,,,,,,,,,,,,
379,53959,,,,,,0.19077301025390625,,,,,,,,,,
380,53969,,,,,0.20107993483543396,,,,,,,,,,,
380,53979,,,,,0.16828632354736328,,,,,,,,,,,
380,53989,,,,,0.17352506518363953,,,,,,,,,,,
380,53999,,,,,0.23548777401447296,,,,,,,,,,,
380,54009,,,,,0.21617472171783447,,,,,,,,,,,
380,54019,,,,,0.23042114078998566,,,,,,,,,,,
380,54029,,,,,0.21179890632629395,,,,,,,,,,,
380,54039,,,,,0.2318858951330185,,,,,,,,,,,
380,54049,,,,,0.17046725749969482,,,,,,,,,,,
380,54059,,,,,0.180943101644516,,,,,,,,,,,
380,54069,,,,,0.1976660043001175,,,,,,,,,,,
380,54079,,,,,0.16896723210811615,,,,,,,,,,,
380,54089,,,,,0.20544682443141937,,,,,,,,,,,
380,54099,,,,,0.16499130427837372,,,,,,,,,,,
380,380,3.881518595024812,94.44067549520297,,,,,,,,,,,,,,
380,54101,,,,,,0.18917138874530792,,,,,,,,,,
381,54109,,,,,0.18240082263946533,,,,,,,,,,,
381,54119,,,,,0.18897372484207153,,,,,,,,,,,
381,54129,,,,,0.18515871465206146,,,,,,,,,,,
381,54139,,,,,0.1932171881198883,,,,,,,,,,,
381,54149,,,,,0.20448487997055054,,,,,,,,,,,
381,54159,,,,,0.17768853902816772,,,,,,,,,,,
381,54169,,,,,0.21606440842151642,,,,,,,,,,,
381,54179,,,,,0.1869083046913147,,,,,,,,,,,
381,54189,,,,,0.20837076008319855,,,,,,,,,,,
381,54199,,,,,0.17885459959506989,,,,,,,,,,,
381,54209,,,,,0.1860049068927765,,,,,,,,,,,
381,54219,,,,,0.1701682060956955,,,,,,,,,,,
381,54229,,,,,0.1648901104927063,,,,,,,,,,,
381,54239,,,,,0.19547823071479797,,,,,,,,,,,
381,381,4.1269731641631004,94.4481545353211,,,,,,,,,,,,,,
381,54243,,,,,,0.19114214181900024,,,,,,,,,,
382,54249,,,,,0.18221886456012726,,,,,,,,,,,
382,54259,,,,,0.21285919845104218,,,,,,,,,,,
382,54269,,,,,0.18311753869056702,,,,,,,,,,,
382,54279,,,,,0.19830836355686188,,,,,,,,,,,
382,54289,,,,,0.17200319468975067,,,,,,,,,,,
382,54299,,,,,0.16940806806087494,,,,,,,,,,,
382,54309,,,,,0.1726236343383789,,,,,,,,,,,
382,54319,,,,,0.19456258416175842,,,,,,,,,,,
382,54329,,,,,0.16618292033672333,,,,,,,,,,,
382,54339,,,,,0.17291447520256042,,,,,,,,,,,
382,54349,,,,,0.186676487326622,,,,,,,,,,,
382,54359,,,,,0.21543876826763153,,,,,,,,,,,
382,54369,,,,,0.19822464883327484,,,,,,,,,,,
382,54379,,,,,0.20579659938812256,,,,,,,,,,,
382,382,3.70901261512308,94.45520561972353,,,,,,,,,,,,,,
382,54385,,,,,,0.18927188217639923,,,,,,,,,,
383,54389,,,,,0.17042288184165955,,,,,,,,,,,
383,54399,,,,,0.20022468268871307,,,,,,,,,,,
383,54409,,,,,0.1667042225599289,,,,,,,,,,,
383,54419,,,,,0.19273090362548828,,,,,,,,,,,
383,54429,,,,,0.20685265958309174,,,,,,,,,,,
383,54439,,,,,0.17361745238304138,,,,,,,,,,,
383,54449,,,,,0.2535935938358307,,,,,,,,,,,
383,54459,,,,,0.18144343793392181,,,,,,,,,,,
383,54469,,,,,0.20028133690357208,,,,,,,,,,,
383,54479,,,,,0.16834361851215363,,,,,,,,,,,
383,54489,,,,,0.2011151760816574,,,,,,,,,,,
383,54499,,,,,0.18087045848369598,,,,,,,,,,,
383,54509,,,,,0.19236214458942413,,,,,,,,,,,
383,54519,,,,,0.18253593146800995,,,,,,,,,,,
383,383,3.9534466228565104,94.46241433623847,,,,,,,,,,,,,,
383,54527,,,,,,0.1895800679922104,,,,,,,,,,
384,54529,,,,,0.16468407213687897,,,,,,,,,,,
384,54539,,,,,0.19811581075191498,,,,,,,,,,,
384,54549,,,,,0.17354607582092285,,,,,,,,,,,
384,54559,,,,,0.2014891803264618,,,,,,,,,,,
384,54569,,,,,0.15423527359962463,,,,,,,,,,,
384,54579,,,,,0.17557170987129211,,,,,,,,,,,
384,54589,,,,,0.17831924557685852,,,,,,,,,,,
384,54599,,,,,0.19665180146694183,,,,,,,,,,,
384,54609,,,,,0.17475296556949615,,,,,,,,,,,
384,54619,,,,,0.1594645380973816,,,,,,,,,,,
384,54629,,,,,0.1607070118188858,,,,,,,,,,,
384,54639,,,,,0.17856018245220184,,,,,,,,,,,
384,54649,,,,,0.17278732359409332,,,,,,,,,,,
384,54659,,,,,0.17794615030288696,,,,,,,,,,,
384,54669,,,,,0.16833622753620148,,,,,,,,,,,
384,384,3.631014035481763,94.46976600799259,,,,,,,,,,,,,,
384,54669,,,,,,0.18745681643486023,,,,,,,,,,
385,54679,,,,,0.17552486062049866,,,,,,,,,,,
385,54689,,,,,0.2036052793264389,,,,,,,,,,,
385,54699,,,,,0.16512157022953033,,,,,,,,,,,
385,54709,,,,,0.1868714839220047,,,,,,,,,,,
385,54719,,,,,0.18623198568820953,,,,,,,,,,,
385,54729,,,,,0.20944492518901825,,,,,,,,,,,
385,54739,,,,,0.15279273688793182,,,,,,,,,,,
385,54749,,,,,0.2050851285457611,,,,,,,,,,,
385,54759,,,,,0.1780645251274109,,,,,,,,,,,
385,54769,,,,,0.20540949702262878,,,,,,,,,,,
385,54779,,,,,0.2252229005098343,,,,,,,,,,,
385,54789,,,,,0.16715440154075623,,,,,,,,,,,
385,54799,,,,,0.2086992859840393,,,,,,,,,,,
385,54809,,,,,0.1971915066242218,,,,,,,,,,,
385,385,3.884835098091714,94.47732652388791,,,,,,,,,,,,,,
385,54811,,,,,,0.18748825788497925,,,,,,,,,,
386,54819,,,,,0.19063839316368103,,,,,,,,,,,
386,54829,,,,,0.21945150196552277,,,,,,,,,,,
386,54839,,,,,0.15503796935081482,,,,,,,,,,,
386,54849,,,,,0.1832854300737381,,,,,,,,,,,
386,54859,,,,,0.17754101753234863,,,,,,,,,,,
386,54869,,,,,0.17545606195926666,,,,,,,,,,,
386,54879,,,,,0.17507649958133698,,,,,,,,,,,
386,54889,,,,,0.1562635600566864,,,,,,,,,,,
386,54899,,,,,0.16859059035778046,,,,,,,,,,,
386,54909,,,,,0.19592691957950592,,,,,,,,,,,
386,54919,,,,,0.16342224180698395,,,,,,,,,,,
386,54929,,,,,0.21738535165786743,,,,,,,,,,,
386,54939,,,,,0.18603311479091644,,,,,,,,,,,
386,54949,,,,,0.17646878957748413,,,,,,,,,,,
386,386,3.5556784123723295,94.48471944452147,,,,,,,,,,,,,,
386,54953,,,,,,0.18560127913951874,,,,,,,,,,
387,54959,,,,,0.19816266000270844,,,,,,,,,,,
387,54969,,,,,0.18547579646110535,,,,,,,,,,,
387,54979,,,,,0.17246723175048828,,,,,,,,,,,
387,54989,,,,,0.1719541996717453,,,,,,,,,,,
387,54999,,,,,0.1552746593952179,,,,,,,,,,,
387,55009,,,,,0.17511041462421417,,,,,,,,,,,
387,55019,,,,,0.17294402420520782,,,,,,,,,,,
387,55029,,,,,0.207422137260437,,,,,,,,,,,
387,55039,,,,,0.21474282443523407,,,,,,,,,,,
387,55049,,,,,0.19226446747779846,,,,,,,,,,,
387,55059,,,,,0.2018500566482544,,,,,,,,,,,
387,55069,,,,,0.23402082920074463,,,,,,,,,,,
387,55079,,,,,0.2088537961244583,,,,,,,,,,,
387,55089,,,,,0.19005988538265228,,,,,,,,,,,
387,387,3.9353561813613753,94.4921328333398,,,,,,,,,,,,,,
387,55095,,,,,,0.1857161819934845,,,,,,,,,,
388,55099,,,,,0.1802641600370407,,,,,,,,,,,
388,55109,,,,,0.17756010591983795,,,,,,,,,,,
388,55119,,,,,0.14423471689224243,,,,,,,,,,,
388,55129,,,,,0.17811131477355957,,,,,,,,,,,
388,55139,,,,,0.18569247424602509,,,,,,,,,,,
388,55149,,,,,0.17390692234039307,,,,,,,,,,,
388,55159,,,,,0.17739689350128174,,,,,,,,,,,
388,55169,,,,,0.22680187225341797,,,,,,,,,,,
388,55179,,,,,0.21574440598487854,,,,,,,,,,,
388,55189,,,,,0.17527800798416138,,,,,,,,,,,
388,55199,,,,,0.2208278626203537,,,,,,,,,,,
388,55209,,,,,0.18411213159561157,,,,,,,,,,,
388,55219,,,,,0.19450612366199493,,,,,,,,,,,
388,55229,,,,,0.1659291833639145,,,,,,,,,,,
388,388,3.837665830314505,94.4998086792229,,,,,,,,,,,,,,
388,55237,,,,,,0.18596944212913513,,,,,,,,,,
389,55239,,,,,0.18583078682422638,,,,,,,,,,,
389,55249,,,,,0.16501909494400024,,,,,,,,,,,
389,55259,,,,,0.18711714446544647,,,,,,,,,,,
389,55269,,,,,0.20805539190769196,,,,,,,,,,,
389,55279,,,,,0.15978656709194183,,,,,,,,,,,
389,55289,,,,,0.1770545095205307,,,,,,,,,,,
389,55299,,,,,0.21015708148479462,,,,,,,,,,,
389,55309,,,,,0.19968447089195251,,,,,,,,,,,
389,55319,,,,,0.15014789998531342,,,,,,,,,,,
389,55329,,,,,0.19547291100025177,,,,,,,,,,,
389,55339,,,,,0.18870078027248383,,,,,,,,,,,
389,55349,,,,,0.20314815640449524,,,,,,,,,,,
389,55359,,,,,0.18004842102527618,,,,,,,,,,,
389,55369,,,,,0.20126694440841675,,,,,,,,,,,
389,55379,,,,,0.1688699722290039,,,,,,,,,,,
389,389,,,0.9990702867507935,0.7740639448165894,,,0.12088323445775508,0.9154981970787048,,0.8894246220588684,,0.2792907655239105,,1.0587023939101063,,0.27916523814201355
389,55379,,,,,,,,,0.8894246220588684,,0.2792907655239105,,1.0587022304534912,,0.27916523814201355,
389,389,3.77005599959617,94.50724039802724,,,,,,,,,,,,,,
389,55379,,,,,,0.18370062112808228,,,,,,,,,,
390,55389,,,,,0.22454552352428436,,,,,,,,,,,
390,55399,,,,,0.18306338787078857,,,,,,,,,,,
390,55409,,,,,0.2047770917415619,,,,,,,,,,,
390,55419,,,,,0.21860752999782562,,,,,,,,,,,
390,55429,,,,,0.19574351608753204,,,,,,,,,,,
390,55439,,,,,0.19143140316009521,,,,,,,,,,,
390,55449,,,,,0.19171424210071564,,,,,,,,,,,
390,55459,,,,,0.20243282616138458,,,,,,,,,,,
390,55469,,,,,0.18117190897464752,,,,,,,,,,,
390,55479,,,,,0.18930859863758087,,,,,,,,,,,
390,55489,,,,,0.16716016829013824,,,,,,,,,,,
390,55499,,,,,0.18704400956630707,,,,,,,,,,,
390,55509,,,,,0.21080447733402252,,,,,,,,,,,
390,55519,,,,,0.1861482560634613,,,,,,,,,,,
390,390,3.711875481165597,94.51440741314207,,,,,,,,,,,,,,
390,55521,,,,,,0.18405702710151672,,,,,,,,,,
391,55529,,,,,0.19285930693149567,,,,,,,,,,,
391,55539,,,,,0.18393157422542572,,,,,,,,,,,
391,55549,,,,,0.16089312732219696,,,,,,,,,,,
391,55559,,,,,0.1640644371509552,,,,,,,,,,,
391,55569,,,,,0.20156578719615936,,,,,,,,,,,
391,55579,,,,,0.17957088351249695,,,,,,,,,,,
391,55589,,,,,0.16542209684848785,,,,,,,,,,,
391,55599,,,,,0.17575198411941528,,,,,,,,,,,
391,55609,,,,,0.2302270382642746,,,,,,,,,,,
391,55619,,,,,0.1734079271554947,,,,,,,,,,,
391,55629,,,,,0.1698645055294037,,,,,,,,,,,
391,55639,,,,,0.19770705699920654,,,,,,,,,,,
391,55649,,,,,0.17143459618091583,,,,,,,,,,,
391,55659,,,,,0.2095302790403366,,,,,,,,,,,
391,391,3.593370665391682,94.52197764931728,,,,,,,,,,,,,,
391,55663,,,,,,0.18381397426128387,,,,,,,,,,
392,55669,,,,,0.1530570238828659,,,,,,,,,,,
392,55679,,,,,0.21825629472732544,,,,,,,,,,,
392,55689,,,,,0.17689678072929382,,,,,,,,,,,
392,55699,,,,,0.19273650646209717,,,,,,,,,,,
392,55709,,,,,0.1631256490945816,,,,,,,,,,,
392,55719,,,,,0.15569458901882172,,,,,,,,,,,
392,55729,,,,,0.17204530537128448,,,,,,,,,,,
392,55739,,,,,0.1898466795682907,,,,,,,,,,,
392,55749,,,,,0.18340007960796356,,,,,,,,,,,
392,55759,,,,,0.15343238413333893,,,,,,,,,,,
392,55769,,,,,0.1978670060634613,,,,,,,,,,,
392,55779,,,,,0.1859147548675537,,,,,,,,,,,
392,55789,,,,,0.1582290679216385,,,,,,,,,,,
392,55799,,,,,0.17842459678649902,,,,,,,,,,,
392,392,4.2236839788595475,94.52943800427957,,,,,,,,,,,,,,
392,55805,,,,,,0.18351392447948456,,,,,,,,,,
393,55809,,,,,0.19067640602588654,,,,,,,,,,,
393,55819,,,,,0.17159061133861542,,,,,,,,,,,
393,55829,,,,,0.14823533594608307,,,,,,,,,,,
393,55839,,,,,0.16267572343349457,,,,,,,,,,,
393,55849,,,,,0.19114764034748077,,,,,,,,,,,
393,55859,,,,,0.1878996193408966,,,,,,,,,,,
393,55869,,,,,0.15390276908874512,,,,,,,,,,,
393,55879,,,,,0.1799091100692749,,,,,,,,,,,
393,55889,,,,,0.16463035345077515,,,,,,,,,,,
393,55899,,,,,0.1962372213602066,,,,,,,,,,,
393,55909,,,,,0.1730698049068451,,,,,,,,,,,
393,55919,,,,,0.18765811622142792,,,,,,,,,,,
393,55929,,,,,0.17417143285274506,,,,,,,,,,,
393,55939,,,,,0.17575334012508392,,,,,,,,,,,
393,393,3.650187430456024,94.53677858847203,,,,,,,,,,,,,,
393,55947,,,,,,0.1815090775489807,,,,,,,,,,
394,55949,,,,,0.19424596428871155,,,,,,,,,,,
394,55959,,,,,0.2088773250579834,,,,,,,,,,,
394,55969,,,,,0.19475612044334412,,,,,,,,,,,
394,55979,,,,,0.15562087297439575,,,,,,,,,,,
394,55989,,,,,0.21421808004379272,,,,,,,,,,,
394,55999,,,,,0.21494871377944946,,,,,,,,,,,
394,56009,,,,,0.19299937784671783,,,,,,,,,,,
394,56019,,,,,0.1675780713558197,,,,,,,,,,,
394,56029,,,,,0.1571444422006607,,,,,,,,,,,
394,56039,,,,,0.17143206298351288,,,,,,,,,,,
394,56049,,,,,0.20306843519210815,,,,,,,,,,,
394,56059,,,,,0.17813342809677124,,,,,,,,,,,
394,56069,,,,,0.1683673858642578,,,,,,,,,,,
394,56079,,,,,0.16365937888622284,,,,,,,,,,,
394,56089,,,,,0.17610636353492737,,,,,,,,,,,
394,394,3.8597976459588947,94.54417960443328,,,,,,,,,,,,,,
394,56089,,,,,,0.18261389434337616,,,,,,,,,,
395,56099,,,,,0.1806517094373703,,,,,,,,,,,
395,56109,,,,,0.17547224462032318,,,,,,,,,,,
395,56119,,,,,0.14425157010555267,,,,,,,,,,,
395,56129,,,,,0.19943125545978546,,,,,,,,,,,
395,56139,,,,,0.14411038160324097,,,,,,,,,,,
395,56149,,,,,0.18756942451000214,,,,,,,,,,,
395,56159,,,,,0.18727156519889832,,,,,,,,,,,
395,56169,,,,,0.17232383787631989,,,,,,,,,,,
395,56179,,,,,0.17192170023918152,,,,,,,,,,,
395,56189,,,,,0.17066092789173126,,,,,,,,,,,
395,56199,,,,,0.18311220407485962,,,,,,,,,,,
395,56209,,,,,0.1651511937379837,,,,,,,,,,,
395,56219,,,,,0.1955534815788269,,,,,,,,,,,
395,56229,,,,,0.18176977336406708,,,,,,,,,,,
395,395,3.550313664236199,94.55195682849751,,,,,,,,,,,,,,
395,56231,,,,,,0.18147419393062592,,,,,,,,,,
396,56239,,,,,0.1588590443134308,,,,,,,,,,,
396,56249,,,,,0.21252235770225525,,,,,,,,,,,
396,56259,,,,,0.22473107278347015,,,,,,,,,,,
396,56269,,,,,0.17327268421649933,,,,,,,,,,,
396,56279,,,,,0.19450007379055023,,,,,,,,,,,
396,56289,,,,,0.17854677140712738,,,,,,,,,,,
396,56299,,,,,0.19880671799182892,,,,,,,,,,,
396,56309,,,,,0.19994105398654938,,,,,,,,,,,
396,56319,,,,,0.19546440243721008,,,,,,,,,,,
396,56329,,,,,0.18561294674873352,,,,,,,,,,,
396,56339,,,,,0.1926213502883911,,,,,,,,,,,
396,56349,,,,,0.16536620259284973,,,,,,,,,,,
396,56359,,,,,0.19309312105178833,,,,,,,,,,,
396,56369,,,,,0.18992947041988373,,,,,,,,,,,
396,396,4.290265426131551,94.55959769303453,,,,,,,,,,,,,,
396,56373,,,,,,0.18027938902378082,,,,,,,,,,
397,56379,,,,,0.16971242427825928,,,,,,,,,,,
397,56389,,,,,0.18230675160884857,,,,,,,,,,,
397,56399,,,,,0.18910129368305206,,,,,,,,,,,
397,56409,,,,,0.17805702984333038,,,,,,,,,,,
397,56419,,,,,0.17293091118335724,,,,,,,,,,,
397,56429,,,,,0.20890475809574127,,,,,,,,,,,
397,56439,,,,,0.18264156579971313,,,,,,,,,,,
397,56449,,,,,0.16226314008235931,,,,,,,,,,,
397,56459,,,,,0.19280588626861572,,,,,,,,,,,
397,56469,,,,,0.18496620655059814,,,,,,,,,,,
397,56479,,,,,0.21845105290412903,,,,,,,,,,,
397,56489,,,,,0.1814281940460205,,,,,,,,,,,
397,56499,,,,,0.1757582277059555,,,,,,,,,,,
397,56509,,,,,0.21059785783290863,,,,,,,,,,,
397,397,4.107749880406505,94.5672354182024,,,,,,,,,,,,,,
397,56515,,,,,,0.18235468864440918,,,,,,,,,,
398,56519,,,,,0.22791022062301636,,,,,,,,,,,
398,56529,,,,,0.20650267601013184,,,,,,,,,,,
398,56539,,,,,0.18472230434417725,,,,,,,,,,,
398,56549,,,,,0.19606925547122955,,,,,,,,,,,
398,56559,,,,,0.1653590053319931,,,,,,,,,,,
398,56569,,,,,0.22135470807552338,,,,,,,,,,,
398,56579,,,,,0.16880089044570923,,,,,,,,,,,
398,56589,,,,,0.19680339097976685,,,,,,,,,,,
398,56599,,,,,0.16592879593372345,,,,,,,,,,,
398,56609,,,,,0.16713614761829376,,,,,,,,,,,
398,56619,,,,,0.19939148426055908,,,,,,,,,,,
398,56629,,,,,0.18041156232357025,,,,,,,,,,,
398,56639,,,,,0.18730787932872772,,,,,,,,,,,
398,56649,,,,,0.1646168977022171,,,,,,,,,,,
398,398,4.369027478760321,94.57444825151916,,,,,,,,,,,,,,
398,56657,,,,,,0.18101248145103455,,,,,,,,,,
399,56659,,,,,0.182918980717659,,,,,,,,,,,
399,56669,,,,,0.18993526697158813,,,,,,,,,,,
399,56679,,,,,0.17651814222335815,,,,,,,,,,,
399,56689,,,,,0.16632942855358124,,,,,,,,,,,
399,56699,,,,,0.1979847252368927,,,,,,,,,,,
399,56709,,,,,0.1782635748386383,,,,,,,,,,,
399,56719,,,,,0.1836502104997635,,,,,,,,,,,
399,56729,,,,,0.1838655173778534,,,,,,,,,,,
399,56739,,,,,0.15120773017406464,,,,,,,,,,,
399,56749,,,,,0.22142109274864197,,,,,,,,,,,
399,56759,,,,,0.1859169602394104,,,,,,,,,,,
399,56769,,,,,0.18707959353923798,,,,,,,,,,,
399,56779,,,,,0.19277705252170563,,,,,,,,,,,
399,56789,,,,,0.17810003459453583,,,,,,,,,,,
399,56799,,,,,0.18811503052711487,,,,,,,,,,,
399,399,,,0.9991635084152222,0.7846279144287109,,,0.11801125125036774,0.9193058609962463,,0.889881432056427,,0.27742302417755127,,1.0740211153669017,,0.28089186549186707
399,56799,,,,,,,,,0.889881432056427,,0.27742302417755127,,1.074021339416504,,0.28089186549186707,
399,399,3.7598934174747725,94.5819390638977,,,,,,,,,,,,,,
399,56799,,,,,,0.17962467670440674,,,,,,,,,,
400,56809,,,,,0.1845770925283432,,,,,,,,,,,
400,56819,,,,,0.20415951311588287,,,,,,,,,,,
400,56829,,,,,0.1656966358423233,,,,,,,,,,,
400,56839,,,,,0.16523408889770508,,,,,,,,,,,
400,56849,,,,,0.1656959354877472,,,,,,,,,,,
400,56859,,,,,0.16355806589126587,,,,,,,,,,,
400,56869,,,,,0.17063741385936737,,,,,,,,,,,
400,56879,,,,,0.16021478176116943,,,,,,,,,,,
400,56889,,,,,0.18097560107707977,,,,,,,,,,,
400,56899,,,,,0.17141279578208923,,,,,,,,,,,
400,56909,,,,,0.1717326045036316,,,,,,,,,,,
400,56919,,,,,0.1962801218032837,,,,,,,,,,,
400,56929,,,,,0.1839478760957718,,,,,,,,,,,
400,56939,,,,,0.18370746076107025,,,,,,,,,,,
400,400,3.8288264931097715,94.58952999877738,,,,,,,,,,,,,,
400,56941,,,,,,0.17871525883674622,,,,,,,,,,
401,56949,,,,,0.16607069969177246,,,,,,,,,,,
401,56959,,,,,0.1850365549325943,,,,,,,,,,,
401,56969,,,,,0.15977609157562256,,,,,,,,,,,
401,56979,,,,,0.19959108531475067,,,,,,,,,,,
401,56989,,,,,0.1686510592699051,,,,,,,,,,,
401,56999,,,,,0.19507181644439697,,,,,,,,,,,
401,57009,,,,,0.16450300812721252,,,,,,,,,,,
401,57019,,,,,0.1787683069705963,,,,,,,,,,,
401,57029,,,,,0.1569807529449463,,,,,,,,,,,
401,57039,,,,,0.17243139445781708,,,,,,,,,,,
401,57049,,,,,0.16277840733528137,,,,,,,,,,,
401,57059,,,,,0.14118818938732147,,,,,,,,,,,
401,57069,,,,,0.1796410083770752,,,,,,,,,,,
401,57079,,,,,0.17049773037433624,,,,,,,,,,,
401,401,4.053855625007658,94.5971538737226,,,,,,,,,,,,,,
401,57083,,,,,,0.17844465374946594,,,,,,,,,,
402,57089,,,,,0.19066667556762695,,,,,,,,,,,
402,57099,,,,,0.18377844989299774,,,,,,,,,,,
402,57109,,,,,0.17564575374126434,,,,,,,,,,,
402,57119,,,,,0.21261629462242126,,,,,,,,,,,
402,57129,,,,,0.16624218225479126,,,,,,,,,,,
402,57139,,,,,0.19514958560466766,,,,,,,,,,,
402,57149,,,,,0.17927929759025574,,,,,,,,,,,
402,57159,,,,,0.17545253038406372,,,,,,,,,,,
402,57169,,,,,0.20778971910476685,,,,,,,,,,,
402,57179,,,,,0.1970033347606659,,,,,,,,,,,
402,57189,,,,,0.15012702345848083,,,,,,,,,,,
402,57199,,,,,0.20210836827754974,,,,,,,,,,,
402,57209,,,,,0.18493470549583435,,,,,,,,,,,
402,57219,,,,,0.1670028567314148,,,,,,,,,,,
402,402,3.75437468179636,94.60528526814005,,,,,,,,,,,,,,
402,57225,,,,,,0.1801578551530838,,,,,,,,,,
403,57229,,,,,0.17499685287475586,,,,,,,,,,,
403,57239,,,,,0.19046352803707123,,,,,,,,,,,
403,57249,,,,,0.15092907845973969,,,,,,,,,,,
403,57259,,,,,0.1706622838973999,,,,,,,,,,,
403,57269,,,,,0.18553122878074646,,,,,,,,,,,
403,57279,,,,,0.18981699645519257,,,,,,,,,,,
403,57289,,,,,0.20962944626808167,,,,,,,,,,,
403,57299,,,,,0.20255322754383087,,,,,,,,,,,
403,57309,,,,,0.17487893998622894,,,,,,,,,,,
403,57319,,,,,0.18191799521446228,,,,,,,,,,,
403,57329,,,,,0.15905101597309113,,,,,,,,,,,
403,57339,,,,,0.21704821288585663,,,,,,,,,,,
403,57349,,,,,0.20518697798252106,,,,,,,,,,,
403,57359,,,,,0.19637636840343475,,,,,,,,,,,
403,403,4.185250279289344,94.61245255041977,,,,,,,,,,,,,,
403,57367,,,,,,0.17743758857250214,,,,,,,,,,
404,57369,,,,,0.1690008044242859,,,,,,,,,,,
404,57379,,,,,0.1914975643157959,,,,,,,,,,,
404,57389,,,,,0.18834953010082245,,,,,,,,,,,
404,57399,,,,,0.14602205157279968,,,,,,,,,,,
404,57409,,,,,0.15844517946243286,,,,,,,,,,,
404,57419,,,,,0.15906846523284912,,,,,,,,,,,
404,57429,,,,,0.16263532638549805,,,,,,,,,,,
404,57439,,,,,0.17435280978679657,,,,,,,,,,,
404,57449,,,,,0.14622050523757935,,,,,,,,,,,
404,57459,,,,,0.19128094613552094,,,,,,,,,,,
404,57469,,,,,0.17305247485637665,,,,,,,,,,,
404,57479,,,,,0.15540993213653564,,,,,,,,,,,
404,57489,,,,,0.17787043750286102,,,,,,,,,,,
404,57499,,,,,0.17685922980308533,,,,,,,,,,,
404,57509,,,,,0.1785857081413269,,,,,,,,,,,
404,404,3.663175423943495,94.6198981675137,,,,,,,,,,,,,,
404,57509,,,,,,0.1768723577260971,,,,,,,,,,
405,57519,,,,,0.16796904802322388,,,,,,,,,,,
405,57529,,,,,0.15770696103572845,,,,,,,,,,,
405,57539,,,,,0.17069365084171295,,,,,,,,,,,
405,57549,,,,,0.17349299788475037,,,,,,,,,,,
405,57559,,,,,0.15136855840682983,,,,,,,,,,,
405,57569,,,,,0.1812920719385147,,,,,,,,,,,
405,57579,,,,,0.14423488080501556,,,,,,,,,,,
405,57589,,,,,0.17012450098991394,,,,,,,,,,,
405,57599,,,,,0.1916852444410324,,,,,,,,,,,
405,57609,,,,,0.19141852855682373,,,,,,,,,,,
405,57619,,,,,0.17834261059761047,,,,,,,,,,,
405,57629,,,,,0.18111586570739746,,,,,,,,,,,
405,57639,,,,,0.18989798426628113,,,,,,,,,,,
405,57649,,,,,0.12921690940856934,,,,,,,,,,,
405,405,4.073780909513803,94.62716706219032,,,,,,,,,,,,,,
405,57651,,,,,,0.17628096044063568,,,,,,,,,,
406,57659,,,,,0.1767437756061554,,,,,,,,,,,
406,57669,,,,,0.17395614087581635,,,,,,,,,,,
406,57679,,,,,0.19738873839378357,,,,,,,,,,,
406,57689,,,,,0.17131933569908142,,,,,,,,,,,
406,57699,,,,,0.18248046934604645,,,,,,,,,,,
406,57709,,,,,0.16715501248836517,,,,,,,,,,,
406,57719,,,,,0.18819577991962433,,,,,,,,,,,
406,57729,,,,,0.16017481684684753,,,,,,,,,,,
406,57739,,,,,0.21184544265270233,,,,,,,,,,,
406,57749,,,,,0.21156561374664307,,,,,,,,,,,
406,57759,,,,,0.16747133433818817,,,,,,,,,,,
406,57769,,,,,0.17496520280838013,,,,,,,,,,,
406,57779,,,,,0.1737356185913086,,,,,,,,,,,
406,57789,,,,,0.1788596361875534,,,,,,,,,,,
406,406,3.815165161934569,94.63462127063822,,,,,,,,,,,,,,
406,57793,,,,,,0.17590776085853577,,,,,,,,,,
407,57799,,,,,0.17271310091018677,,,,,,,,,,,
407,57809,,,,,0.1297103613615036,,,,,,,,,,,
407,57819,,,,,0.17238962650299072,,,,,,,,,,,
407,57829,,,,,0.19239097833633423,,,,,,,,,,,
407,57839,,,,,0.1706113964319229,,,,,,,,,,,
407,57849,,,,,0.1518658548593521,,,,,,,,,,,
407,57859,,,,,0.1724102795124054,,,,,,,,,,,
407,57869,,,,,0.20875442028045654,,,,,,,,,,,
407,57879,,,,,0.1564321219921112,,,,,,,,,,,
407,57889,,,,,0.14486294984817505,,,,,,,,,,,
407,57899,,,,,0.1802615523338318,,,,,,,,,,,
407,57909,,,,,0.1659940630197525,,,,,,,,,,,
407,57919,,,,,0.17827069759368896,,,,,,,,,,,
407,57929,,,,,0.18115775287151337,,,,,,,,,,,
407,407,3.872910914253465,94.64206091326707,,,,,,,,,,,,,,
407,57935,,,,,,0.17534834146499634,,,,,,,,,,
408,57939,,,,,0.18581338226795197,,,,,,,,,,,
408,57949,,,,,0.19132067263126373,,,,,,,,,,,
408,57959,,,,,0.19521880149841309,,,,,,,,,,,
408,57969,,,,,0.18559591472148895,,,,,,,,,,,
408,57979,,,,,0.14741025865077972,,,,,,,,,,,
408,57989,,,,,0.15162920951843262,,,,,,,,,,,
408,57999,,,,,0.18093137443065643,,,,,,,,,,,
408,58009,,,,,0.18970605731010437,,,,,,,,,,,
408,58019,,,,,0.1718633472919464,,,,,,,,,,,
408,58029,,,,,0.16921958327293396,,,,,,,,,,,
408,58039,,,,,0.15759716928005219,,,,,,,,,,,
408,58049,,,,,0.1594843864440918,,,,,,,,,,,
408,58059,,,,,0.1711883395910263,,,,,,,,,,,
408,58069,,,,,0.14618605375289917,,,,,,,,,,,
408,408,3.787449148205573,94.64941665073759,,,,,,,,,,,,,,
408,58077,,,,,,0.17475566267967224,,,,,,,,,,
409,58079,,,,,0.1745753437280655,,,,,,,,,,,
409,58089,,,,,0.17558854818344116,,,,,,,,,,,
409,58099,,,,,0.18976560235023499,,,,,,,,,,,
409,58109,,,,,0.1803770363330841,,,,,,,,,,,
409,58119,,,,,0.16920632123947144,,,,,,,,,,,
409,58129,,,,,0.19021883606910706,,,,,,,,,,,
409,58139,,,,,0.17091000080108643,,,,,,,,,,,
409,58149,,,,,0.16504353284835815,,,,,,,,,,,
409,58159,,,,,0.1875775307416916,,,,,,,,,,,
409,58169,,,,,0.2175123542547226,,,,,,,,,,,
409,58179,,,,,0.17187093198299408,,,,,,,,,,,
409,58189,,,,,0.15419882535934448,,,,,,,,,,,
409,58199,,,,,0.18459612131118774,,,,,,,,,,,
409,58209,,,,,0.17990373075008392,,,,,,,,,,,
409,58219,,,,,0.15516972541809082,,,,,,,,,,,
409,409,,,0.9992613196372986,0.7932628393173218,,,0.1130673987520324,0.927459716796875,,0.8893882632255554,,0.2715250253677368,,1.0966822016908198,,0.27942410111427307
409,58219,,,,,,,,,0.8893882632255554,,0.2715250253677368,,1.0966823101043701,,0.27942410111427307,
409,409,3.991602642897131,94.6569508662931,,,,,,,,,,,,,,
409,58219,,,,,,0.17496269941329956,,,,,,,,,,
410,58229,,,,,0.1889941692352295,,,,,,,,,,,
410,58239,,,,,0.1829298734664917,,,,,,,,,,,
410,58249,,,,,0.1613796502351761,,,,,,,,,,,
410,58259,,,,,0.1666037142276764,,,,,,,,,,,
410,58269,,,,,0.14382418990135193,,,,,,,,,,,
410,58279,,,,,0.14194439351558685,,,,,,,,,,,
410,58289,,,,,0.15833082795143127,,,,,,,,,,,
410,58299,,,,,0.16730841994285583,,,,,,,,,,,
410,58309,,,,,0.19429607689380646,,,,,,,,,,,
410,58319,,,,,0.1922837793827057,,,,,,,,,,,
410,58329,,,,,0.19748474657535553,,,,,,,,,,,
410,58339,,,,,0.13810592889785767,,,,,,,,,,,
410,58349,,,,,0.14930586516857147,,,,,,,,,,,
410,58359,,,,,0.16082735359668732,,,,,,,,,,,
410,410,4.013377521422396,94.66431044116287,,,,,,,,,,,,,,
410,58361,,,,,,0.17420721054077148,,,,,,,,,,
411,58369,,,,,0.1500583291053772,,,,,,,,,,,
411,58379,,,,,0.1460660994052887,,,,,,,,,,,
411,58389,,,,,0.16381646692752838,,,,,,,,,,,
411,58399,,,,,0.1834600269794464,,,,,,,,,,,
411,58409,,,,,0.14269745349884033,,,,,,,,,,,
411,58419,,,,,0.1306103765964508,,,,,,,,,,,
411,58429,,,,,0.22715376317501068,,,,,,,,,,,
411,58439,,,,,0.20508058369159698,,,,,,,,,,,
411,58449,,,,,0.1433134377002716,,,,,,,,,,,
411,58459,,,,,0.15200549364089966,,,,,,,,,,,
411,58469,,,,,0.15612107515335083,,,,,,,,,,,
411,58479,,,,,0.18196851015090942,,,,,,,,,,,
411,58489,,,,,0.16380761563777924,,,,,,,,,,,
411,58499,,,,,0.17398680746555328,,,,,,,,,,,
411,411,4.0351576868436485,94.67187845075675,,,,,,,,,,,,,,
411,58503,,,,,,0.17394639551639557,,,,,,,,,,
412,58509,,,,,0.18031683564186096,,,,,,,,,,,
412,58519,,,,,0.17167112231254578,,,,,,,,,,,
412,58529,,,,,0.13951873779296875,,,,,,,,,,,
412,58539,,,,,0.21391160786151886,,,,,,,,,,,
412,58549,,,,,0.18373046815395355,,,,,,,,,,,
412,58559,,,,,0.1948709934949875,,,,,,,,,,,
412,58569,,,,,0.16859623789787292,,,,,,,,,,,
412,58579,,,,,0.15170875191688538,,,,,,,,,,,
412,58589,,,,,0.18977311253547668,,,,,,,,,,,
412,58599,,,,,0.16680975258350372,,,,,,,,,,,
412,58609,,,,,0.22354313731193542,,,,,,,,,,,
412,58619,,,,,0.18443834781646729,,,,,,,,,,,
412,58629,,,,,0.17707854509353638,,,,,,,,,,,
412,58639,,,,,0.16336692869663239,,,,,,,,,,,
412,412,3.955161359361178,94.6798034404409,,,,,,,,,,,,,,
412,58645,,,,,,0.17439113557338715,,,,,,,,,,
413,58649,,,,,0.16304925084114075,,,,,,,,,,,
413,58659,,,,,0.1805645376443863,,,,,,,,,,,
413,58669,,,,,0.15535332262516022,,,,,,,,,,,
413,58679,,,,,0.13324500620365143,,,,,,,,,,,
413,58689,,,,,0.17402909696102142,,,,,,,,,,,
413,58699,,,,,0.18214327096939087,,,,,,,,,,,
413,58709,,,,,0.1525939404964447,,,,,,,,,,,
413,58719,,,,,0.14409984648227692,,,,,,,,,,,
413,58729,,,,,0.20340360701084137,,,,,,,,,,,
413,58739,,,,,0.15363706648349762,,,,,,,,,,,
413,58749,,,,,0.1475186049938202,,,,,,,,,,,
413,58759,,,,,0.1635081022977829,,,,,,,,,,,
413,58769,,,,,0.19238899648189545,,,,,,,,,,,
413,58779,,,,,0.1691797375679016,,,,,,,,,,,
413,413,3.5142806923805354,94.68710569969811,,,,,,,,,,,,,,
413,58787,,,,,,0.17345784604549408,,,,,,,,,,
414,58789,,,,,0.16221268475055695,,,,,,,,,,,
414,58799,,,,,0.18099993467330933,,,,,,,,,,,
414,58809,,,,,0.15251372754573822,,,,,,,,,,,
414,58819,,,,,0.19689291715621948,,,,,,,,,,,
414,58829,,,,,0.14713270962238312,,,,,,,,,,,
414,58839,,,,,0.14922767877578735,,,,,,,,,,,
414,58849,,,,,0.16399310529232025,,,,,,,,,,,
414,58859,,,,,0.16664831340312958,,,,,,,,,,,
414,58869,,,,,0.16836132109165192,,,,,,,,,,,
414,58879,,,,,0.18400263786315918,,,,,,,,,,,
414,58889,,,,,0.21621417999267578,,,,,,,,,,,
414,58899,,,,,0.17656725645065308,,,,,,,,,,,
414,58909,,,,,0.1642012596130371,,,,,,,,,,,
414,58919,,,,,0.16748714447021484,,,,,,,,,,,
414,58929,,,,,0.15867123007774353,,,,,,,,,,,
414,414,3.7800449976344805,94.69428217791413,,,,,,,,,,,,,,
414,58929,,,,,,0.17116278409957886,,,,,,,,,,
415,58939,,,,,0.15248264372348785,,,,,,,,,,,
415,58949,,,,,0.18410079181194305,,,,,,,,,,,
415,58959,,,,,0.18617600202560425,,,,,,,,,,,
415,58969,,,,,0.18500128388404846,,,,,,,,,,,
415,58979,,,,,0.21678251028060913,,,,,,,,,,,
415,58989,,,,,0.1515909731388092,,,,,,,,,,,
415,58999,,,,,0.1841168999671936,,,,,,,,,,,
415,59009,,,,,0.18491746485233307,,,,,,,,,,,
415,59019,,,,,0.15360543131828308,,,,,,,,,,,
415,59029,,,,,0.16988523304462433,,,,,,,,,,,
415,59039,,,,,0.14474737644195557,,,,,,,,,,,
415,59049,,,,,0.17135876417160034,,,,,,,,,,,
415,59059,,,,,0.1577286571264267,,,,,,,,,,,
415,59069,,,,,0.20225653052330017,,,,,,,,,,,
415,415,3.9403688748197427,94.70142749342773,,,,,,,,,,,,,,
415,59071,,,,,,0.17216756939888,,,,,,,,,,
416,59079,,,,,0.15660199522972107,,,,,,,,,,,
416,59089,,,,,0.14657719433307648,,,,,,,,,,,
416,59099,,,,,0.17992469668388367,,,,,,,,,,,
416,59109,,,,,0.15751539170742035,,,,,,,,,,,
416,59119,,,,,0.16137352585792542,,,,,,,,,,,
416,59129,,,,,0.17685243487358093,,,,,,,,,,,
416,59139,,,,,0.16482162475585938,,,,,,,,,,,
416,59149,,,,,0.19002899527549744,,,,,,,,,,,
416,59159,,,,,0.13386455178260803,,,,,,,,,,,
416,59169,,,,,0.1849190890789032,,,,,,,,,,,
416,59179,,,,,0.2015276700258255,,,,,,,,,,,
416,59189,,,,,0.1904090940952301,,,,,,,,,,,
416,59199,,,,,0.1823800504207611,,,,,,,,,,,
416,59209,,,,,0.16769346594810486,,,,,,,,,,,
416,416,4.111715023414871,94.70883648373146,,,,,,,,,,,,,,
416,59213,,,,,,0.1720248907804489,,,,,,,,,,
417,59219,,,,,0.17955300211906433,,,,,,,,,,,
417,59229,,,,,0.1648809015750885,,,,,,,,,,,
417,59239,,,,,0.17074446380138397,,,,,,,,,,,
417,59249,,,,,0.18174618482589722,,,,,,,,,,,
417,59259,,,,,0.17291082441806793,,,,,,,,,,,
417,59269,,,,,0.2173795849084854,,,,,,,,,,,
417,59279,,,,,0.1880708783864975,,,,,,,,,,,
417,59289,,,,,0.21521788835525513,,,,,,,,,,,
417,59299,,,,,0.15263919532299042,,,,,,,,,,,
417,59309,,,,,0.16006840765476227,,,,,,,,,,,
417,59319,,,,,0.15613320469856262,,,,,,,,,,,
417,59329,,,,,0.163435697555542,,,,,,,,,,,
417,59339,,,,,0.18638049066066742,,,,,,,,,,,
417,59349,,,,,0.1635066121816635,,,,,,,,,,,
417,417,3.5138039071579317,94.71629187690681,,,,,,,,,,,,,,
417,59355,,,,,,0.17031638324260712,,,,,,,,,,
418,59359,,,,,0.19120389223098755,,,,,,,,,,,
418,59369,,,,,0.19862717390060425,,,,,,,,,,,
418,59379,,,,,0.17719589173793793,,,,,,,,,,,
418,59389,,,,,0.1836128681898117,,,,,,,,,,,
418,59399,,,,,0.1695491224527359,,,,,,,,,,,
418,59409,,,,,0.16862154006958008,,,,,,,,,,,
418,59419,,,,,0.15984512865543365,,,,,,,,,,,
418,59429,,,,,0.1754114329814911,,,,,,,,,,,
418,59439,,,,,0.18432635068893433,,,,,,,,,,,
418,59449,,,,,0.16663675010204315,,,,,,,,,,,
418,59459,,,,,0.16080307960510254,,,,,,,,,,,
418,59469,,,,,0.1399131715297699,,,,,,,,,,,
418,59479,,,,,0.1772754192352295,,,,,,,,,,,
418,59489,,,,,0.1983722597360611,,,,,,,,,,,
418,418,4.258442962533628,94.72410119246791,,,,,,,,,,,,,,
418,59497,,,,,,0.1717997044324875,,,,,,,,,,
419,59499,,,,,0.1542959213256836,,,,,,,,,,,
419,59509,,,,,0.17796364426612854,,,,,,,,,,,
419,59519,,,,,0.17351816594600677,,,,,,,,,,,
419,59529,,,,,0.17256975173950195,,,,,,,,,,,
419,59539,,,,,0.15363970398902893,,,,,,,,,,,
419,59549,,,,,0.1671302318572998,,,,,,,,,,,
419,59559,,,,,0.16803500056266785,,,,,,,,,,,
419,59569,,,,,0.17892013490200043,,,,,,,,,,,
419,59579,,,,,0.18430368602275848,,,,,,,,,,,
419,59589,,,,,0.1719486266374588,,,,,,,,,,,
419,59599,,,,,0.19755999743938446,,,,,,,,,,,
419,59609,,,,,0.15076933801174164,,,,,,,,,,,
419,59619,,,,,0.17138266563415527,,,,,,,,,,,
419,59629,,,,,0.15052956342697144,,,,,,,,,,,
419,59639,,,,,0.16388356685638428,,,,,,,,,,,
419,419,,,0.9993363618850708,0.8049297332763672,,,0.10804855169808923,0.9340274333953857,,0.8883278965950012,,0.2744208872318268,,1.1183380020820364,,0.2818676233291626
419,59639,,,,,,,,,0.8883278965950012,,0.2744208872318268,,1.1183379888534546,,0.2818676233291626,
419,419,4.018196848984121,94.73118888378411,,,,,,,,,,,,,,
419,59639,,,,,,0.1687973439693451,,,,,,,,,,
420,59649,,,,,0.18895524740219116,,,,,,,,,,,
420,59659,,,,,0.18078705668449402,,,,,,,,,,,
420,59669,,,,,0.2066088616847992,,,,,,,,,,,
420,59679,,,,,0.15028248727321625,,,,,,,,,,,
420,59689,,,,,0.18362919986248016,,,,,,,,,,,
420,59699,,,,,0.16631600260734558,,,,,,,,,,,
420,59709,,,,,0.17965257167816162,,,,,,,,,,,
420,59719,,,,,0.2117193341255188,,,,,,,,,,,
420,59729,,,,,0.17599743604660034,,,,,,,,,,,
420,59739,,,,,0.17955873906612396,,,,,,,,,,,
420,59749,,,,,0.18410183489322662,,,,,,,,,,,
420,59759,,,,,0.17268106341362,,,,,,,,,,,
420,59769,,,,,0.16132110357284546,,,,,,,,,,,
420,59779,,,,,0.16279980540275574,,,,,,,,,,,
420,420,4.130117911775964,94.73879198026766,,,,,,,,,,,,,,
420,59781,,,,,,0.16993479430675507,,,,,,,,,,
421,59789,,,,,0.16112639009952545,,,,,,,,,,,
421,59799,,,,,0.1660212278366089,,,,,,,,,,,
421,59809,,,,,0.16442106664180756,,,,,,,,,,,
421,59819,,,,,0.15129788219928741,,,,,,,,,,,
421,59829,,,,,0.15210649371147156,,,,,,,,,,,
421,59839,,,,,0.1547268182039261,,,,,,,,,,,
421,59849,,,,,0.1755593866109848,,,,,,,,,,,
421,59859,,,,,0.17045409977436066,,,,,,,,,,,
421,59869,,,,,0.12861067056655884,,,,,,,,,,,
421,59879,,,,,0.13904397189617157,,,,,,,,,,,
421,59889,,,,,0.1870296150445938,,,,,,,,,,,
421,59899,,,,,0.15663671493530273,,,,,,,,,,,
421,59909,,,,,0.18068496882915497,,,,,,,,,,,
421,59919,,,,,0.14300702512264252,,,,,,,,,,,
421,421,3.7277700112735688,94.7464941316432,,,,,,,,,,,,,,
421,59923,,,,,,0.1689731329679489,,,,,,,,,,
422,59929,,,,,0.15257681906223297,,,,,,,,,,,
422,59939,,,,,0.16476298868656158,,,,,,,,,,,
422,59949,,,,,0.1700628250837326,,,,,,,,,,,
422,59959,,,,,0.1617743968963623,,,,,,,,,,,
422,59969,,,,,0.16043788194656372,,,,,,,,,,,
422,59979,,,,,0.20590484142303467,,,,,,,,,,,
422,59989,,,,,0.15020506083965302,,,,,,,,,,,
422,59999,,,,,0.1825389862060547,,,,,,,,,,,
422,60009,,,,,0.16319264471530914,,,,,,,,,,,
422,60019,,,,,0.18479517102241516,,,,,,,,,,,
422,60029,,,,,0.17935842275619507,,,,,,,,,,,
422,60039,,,,,0.19253410398960114,,,,,,,,,,,
422,60049,,,,,0.19473876059055328,,,,,,,,,,,
422,60059,,,,,0.1292908787727356,,,,,,,,,,,
422,422,3.908721291356147,94.75361432074406,,,,,,,,,,,,,,
422,60065,,,,,,0.16855262219905853,,,,,,,,,,
423,60069,,,,,0.17117050290107727,,,,,,,,,,,
423,60079,,,,,0.15116003155708313,,,,,,,,,,,
423,60089,,,,,0.14926165342330933,,,,,,,,,,,
423,60099,,,,,0.1639712154865265,,,,,,,,,,,
423,60109,,,,,0.17710070312023163,,,,,,,,,,,
423,60119,,,,,0.16325010359287262,,,,,,,,,,,
423,60129,,,,,0.15804821252822876,,,,,,,,,,,
423,60139,,,,,0.1842648983001709,,,,,,,,,,,
423,60149,,,,,0.16376575827598572,,,,,,,,,,,
423,60159,,,,,0.16829662024974823,,,,,,,,,,,
423,60169,,,,,0.14958415925502777,,,,,,,,,,,
423,60179,,,,,0.15799671411514282,,,,,,,,,,,
423,60189,,,,,0.18778114020824432,,,,,,,,,,,
423,60199,,,,,0.17354360222816467,,,,,,,,,,,
423,423,3.3565406298119327,94.76097744470113,,,,,,,,,,,,,,
423,60207,,,,,,0.16635559499263763,,,,,,,,,,
424,60209,,,,,0.1843898594379425,,,,,,,,,,,
424,60219,,,,,0.1820930540561676,,,,,,,,,,,
424,60229,,,,,0.15038040280342102,,,,,,,,,,,
424,60239,,,,,0.16443966329097748,,,,,,,,,,,
424,60249,,,,,0.19264566898345947,,,,,,,,,,,
424,60259,,,,,0.14584119617938995,,,,,,,,,,,
424,60269,,,,,0.19238510727882385,,,,,,,,,,,
424,60279,,,,,0.16781702637672424,,,,,,,,,,,
424,60289,,,,,0.16405577957630157,,,,,,,,,,,
424,60299,,,,,0.1599961370229721,,,,,,,,,,,
424,60309,,,,,0.16266782581806183,,,,,,,,,,,
424,60319,,,,,0.16626068949699402,,,,,,,,,,,
424,60329,,,,,0.1768999993801117,,,,,,,,,,,
424,60339,,,,,0.16007792949676514,,,,,,,,,,,
424,60349,,,,,0.1780969202518463,,,,,,,,,,,
424,424,3.6205273183579516,94.76818752866383,,,,,,,,,,,,,,
424,60349,,,,,,0.16697801649570465,,,,,,,,,,
425,60359,,,,,0.13433803617954254,,,,,,,,,,,
425,60369,,,,,0.16333021223545074,,,,,,,,,,,
425,60379,,,,,0.19528591632843018,,,,,,,,,,,
425,60389,,,,,0.17716066539287567,,,,,,,,,,,
425,60399,,,,,0.183846578001976,,,,,,,,,,,
425,60409,,,,,0.17643766105175018,,,,,,,,,,,
425,60419,,,,,0.15836378931999207,,,,,,,,,,,
425,60429,,,,,0.1518745869398117,,,,,,,,,,,
425,60439,,,,,0.16138066351413727,,,,,,,,,,,
425,60449,,,,,0.16020715236663818,,,,,,,,,,,
425,60459,,,,,0.17856204509735107,,,,,,,,,,,
425,60469,,,,,0.14439895749092102,,,,,,,,,,,
425,60479,,,,,0.14979268610477448,,,,,,,,,,,
425,60489,,,,,0.17754743993282318,,,,,,,,,,,
425,425,3.7738045014428634,94.77539025004985,,,,,,,,,,,,,,
425,60491,,,,,,0.16644173860549927,,,,,,,,,,
426,60499,,,,,0.18041054904460907,,,,,,,,,,,
426,60509,,,,,0.16881224513053894,,,,,,,,,,,
426,60519,,,,,0.16957859694957733,,,,,,,,,,,
426,60529,,,,,0.1642540693283081,,,,,,,,,,,
426,60539,,,,,0.15026624500751495,,,,,,,,,,,
426,60549,,,,,0.14101050794124603,,,,,,,,,,,
426,60559,,,,,0.1595420241355896,,,,,,,,,,,
426,60569,,,,,0.14817866683006287,,,,,,,,,,,
426,60579,,,,,0.1414150446653366,,,,,,,,,,,
426,60589,,,,,0.1571034938097,,,,,,,,,,,
426,60599,,,,,0.16731376945972443,,,,,,,,,,,
426,60609,,,,,0.16069521009922028,,,,,,,,,,,
426,60619,,,,,0.1675119698047638,,,,,,,,,,,
426,60629,,,,,0.13760924339294434,,,,,,,,,,,
426,426,3.3959491727022075,94.78262848507197,,,,,,,,,,,,,,
426,60633,,,,,,0.16638071835041046,,,,,,,,,,
427,60639,,,,,0.15360435843467712,,,,,,,,,,,
427,60649,,,,,0.16814371943473816,,,,,,,,,,,
427,60659,,,,,0.1416301727294922,,,,,,,,,,,
427,60669,,,,,0.15575221180915833,,,,,,,,,,,
427,60679,,,,,0.1773616373538971,,,,,,,,,,,
427,60689,,,,,0.15733592212200165,,,,,,,,,,,
427,60699,,,,,0.19896139204502106,,,,,,,,,,,
427,60709,,,,,0.165313720703125,,,,,,,,,,,
427,60719,,,,,0.144887313246727,,,,,,,,,,,
427,60729,,,,,0.16696693003177643,,,,,,,,,,,
427,60739,,,,,0.14731672406196594,,,,,,,,,,,
427,60749,,,,,0.16286225616931915,,,,,,,,,,,
427,60759,,,,,0.1718520075082779,,,,,,,,,,,
427,60769,,,,,0.15720006823539734,,,,,,,,,,,
427,427,3.469369483010615,94.79020405147335,,,,,,,,,,,,,,
427,60775,,,,,,0.16544710099697113,,,,,,,,,,
428,60779,,,,,0.18190045654773712,,,,,,,,,,,
428,60789,,,,,0.16522526741027832,,,,,,,,,,,
428,60799,,,,,0.16260536015033722,,,,,,,,,,,
428,60809,,,,,0.17145216464996338,,,,,,,,,,,
428,60819,,,,,0.19427746534347534,,,,,,,,,,,
428,60829,,,,,0.18049964308738708,,,,,,,,,,,
428,60839,,,,,0.13739511370658875,,,,,,,,,,,
428,60849,,,,,0.13000984489917755,,,,,,,,,,,
428,60859,,,,,0.21023952960968018,,,,,,,,,,,
428,60869,,,,,0.1716790348291397,,,,,,,,,,,
428,60879,,,,,0.15987996757030487,,,,,,,,,,,
428,60889,,,,,0.15982215106487274,,,,,,,,,,,
428,60899,,,,,0.15393231809139252,,,,,,,,,,,
428,60909,,,,,0.1608702391386032,,,,,,,,,,,
428,428,3.954529549313844,94.79765731854634,,,,,,,,,,,,,,
428,60917,,,,,,0.1653636395931244,,,,,,,,,,
429,60919,,,,,0.17918410897254944,,,,,,,,,,,
429,60929,,,,,0.16742105782032013,,,,,,,,,,,
429,60939,,,,,0.15198950469493866,,,,,,,,,,,
429,60949,,,,,0.20620065927505493,,,,,,,,,,,
429,60959,,,,,0.17400337755680084,,,,,,,,,,,
429,60969,,,,,0.17597323656082153,,,,,,,,,,,
429,60979,,,,,0.1708856076002121,,,,,,,,,,,
429,60989,,,,,0.12944138050079346,,,,,,,,,,,
429,60999,,,,,0.16924577951431274,,,,,,,,,,,
429,61009,,,,,0.17548367381095886,,,,,,,,,,,
429,61019,,,,,0.18342559039592743,,,,,,,,,,,
429,61029,,,,,0.1718975156545639,,,,,,,,,,,
429,61039,,,,,0.17472517490386963,,,,,,,,,,,
429,61049,,,,,0.15336281061172485,,,,,,,,,,,
429,61059,,,,,0.18365414440631866,,,,,,,,,,,
429,429,,,0.9994580149650574,0.8140290379524231,,,0.10078274384721807,0.9429523348808289,,0.8871010541915894,,0.27315646409988403,,1.1416621478084399,,0.27915486693382263
429,61059,,,,,,,,,0.8871010541915894,,0.27315646409988403,,1.1416622400283813,,0.27915486693382263,
429,429,3.839286061675849,94.80513242315953,,,,,,,,,,,,,,
429,61059,,,,,,0.16432523727416992,,,,,,,,,,
430,61069,,,,,0.1477341651916504,,,,,,,,,,,
430,61079,,,,,0.1895226687192917,,,,,,,,,,,
430,61089,,,,,0.1390562504529953,,,,,,,,,,,
430,61099,,,,,0.16745726764202118,,,,,,,,,,,
430,61109,,,,,0.16608558595180511,,,,,,,,,,,
430,61119,,,,,0.1712942272424698,,,,,,,,,,,
430,61129,,,,,0.1412147879600525,,,,,,,,,,,
430,61139,,,,,0.16049547493457794,,,,,,,,,,,
430,61149,,,,,0.1461298018693924,,,,,,,,,,,
430,61159,,,,,0.19172339141368866,,,,,,,,,,,
430,61169,,,,,0.15346622467041016,,,,,,,,,,,
430,61179,,,,,0.16799762845039368,,,,,,,,,,,
430,61189,,,,,0.14548881351947784,,,,,,,,,,,
430,61199,,,,,0.16518980264663696,,,,,,,,,,,
430,430,3.735415549126703,94.81267621203477,,,,,,,,,,,,,,
430,61201,,,,,,0.16462458670139313,,,,,,,,,,
431,61209,,,,,0.14620861411094666,,,,,,,,,,,
431,61219,,,,,0.17582157254219055,,,,,,,,,,,
431,61229,,,,,0.16136643290519714,,,,,,,,,,,
431,61239,,,,,0.16164441406726837,,,,,,,,,,,
431,61249,,,,,0.14619578421115875,,,,,,,,,,,
431,61259,,,,,0.16600863635540009,,,,,,,,,,,
431,61269,,,,,0.16249996423721313,,,,,,,,,,,
431,61279,,,,,0.16515669226646423,,,,,,,,,,,
431,61289,,,,,0.16843776404857635,,,,,,,,,,,
431,61299,,,,,0.18784379959106445,,,,,,,,,,,
431,61309,,,,,0.14705809950828552,,,,,,,,,,,
431,61319,,,,,0.1739763766527176,,,,,,,,,,,
431,61329,,,,,0.1416228711605072,,,,,,,,,,,
431,61339,,,,,0.15571680665016174,,,,,,,,,,,
431,431,3.3723555902369053,94.82016535440042,,,,,,,,,,,,,,
431,61343,,,,,,0.16402964293956757,,,,,,,,,,
432,61349,,,,,0.1489570140838623,,,,,,,,,,,
432,61359,,,,,0.18982188403606415,,,,,,,,,,,
432,61369,,,,,0.14199580252170563,,,,,,,,,,,
432,61379,,,,,0.15955422818660736,,,,,,,,,,,
432,61389,,,,,0.15337128937244415,,,,,,,,,,,
432,61399,,,,,0.13318055868148804,,,,,,,,,,,
432,61409,,,,,0.1811482310295105,,,,,,,,,,,
432,61419,,,,,0.17309120297431946,,,,,,,,,,,
432,61429,,,,,0.1547585427761078,,,,,,,,,,,
432,61439,,,,,0.15041795372962952,,,,,,,,,,,
432,61449,,,,,0.16340665519237518,,,,,,,,,,,
432,61459,,,,,0.134334534406662,,,,,,,,,,,
432,61469,,,,,0.1511416733264923,,,,,,,,,,,
432,61479,,,,,0.1543227732181549,,,,,,,,,,,
432,432,4.188611814972093,94.82767685364571,,,,,,,,,,,,,,
432,61485,,,,,,0.16470296680927277,,,,,,,,,,
433,61489,,,,,0.14678050577640533,,,,,,,,,,,
433,61499,,,,,0.15886633098125458,,,,,,,,,,,
433,61509,,,,,0.16097970306873322,,,,,,,,,,,
433,61519,,,,,0.17005190253257751,,,,,,,,,,,
433,61529,,,,,0.1836775690317154,,,,,,,,,,,
433,61539,,,,,0.17070017755031586,,,,,,,,,,,
433,61549,,,,,0.16447708010673523,,,,,,,,,,,
433,61559,,,,,0.14513571560382843,,,,,,,,,,,
433,61569,,,,,0.18342310190200806,,,,,,,,,,,
433,61579,,,,,0.18408142030239105,,,,,,,,,,,
433,61589,,,,,0.16340525448322296,,,,,,,,,,,
433,61599,,,,,0.16730822622776031,,,,,,,,,,,
433,61609,,,,,0.16225174069404602,,,,,,,,,,,
433,61619,,,,,0.12823042273521423,,,,,,,,,,,
433,433,3.591836070643955,94.83508751268015,,,,,,,,,,,,,,
433,61627,,,,,,0.16289278864860535,,,,,,,,,,
434,61629,,,,,0.15551123023033142,,,,,,,,,,,
434,61639,,,,,0.15390191972255707,,,,,,,,,,,
434,61649,,,,,0.1588999181985855,,,,,,,,,,,
434,61659,,,,,0.18129518628120422,,,,,,,,,,,
434,61669,,,,,0.14743520319461823,,,,,,,,,,,
434,61679,,,,,0.1683100312948227,,,,,,,,,,,
434,61689,,,,,0.19104626774787903,,,,,,,,,,,
434,61699,,,,,0.1426316797733307,,,,,,,,,,,
434,61709,,,,,0.18684124946594238,,,,,,,,,,,
434,61719,,,,,0.16258394718170166,,,,,,,,,,,
434,61729,,,,,0.14492863416671753,,,,,,,,,,,
434,61739,,,,,0.1855694204568863,,,,,,,,,,,
434,61749,,,,,0.14260327816009521,,,,,,,,,,,
434,61759,,,,,0.18598850071430206,,,,,,,,,,,
434,61769,,,,,0.14718666672706604,,,,,,,,,,,
434,434,3.6315022926855405,94.842593505786,,,,,,,,,,,,,,
434,61769,,,,,,0.16226588189601898,,,,,,,,,,
435,61779,,,,,0.17638027667999268,,,,,,,,,,,
435,61789,,,,,0.1466759890317917,,,,,,,,,,,
435,61799,,,,,0.14176400005817413,,,,,,,,,,,
435,61809,,,,,0.15623785555362701,,,,,,,,,,,
435,61819,,,,,0.13676521182060242,,,,,,,,,,,
435,61829,,,,,0.13460677862167358,,,,,,,,,,,
435,61839,,,,,0.17666003108024597,,,,,,,,,,,
435,61849,,,,,0.1459318846464157,,,,,,,,,,,
435,61859,,,,,0.13406899571418762,,,,,,,,,,,
435,61869,,,,,0.14876531064510345,,,,,,,,,,,
435,61879,,,,,0.1850012242794037,,,,,,,,,,,
435,61889,,,,,0.16813677549362183,,,,,,,,,,,
435,61899,,,,,0.147993266582489,,,,,,,,,,,
435,61909,,,,,0.15118832886219025,,,,,,,,,,,
435,435,3.3884889011023103,94.84955207795655,,,,,,,,,,,,,,
435,61911,,,,,,0.16122952103614807,,,,,,,,,,
436,61919,,,,,0.1735011339187622,,,,,,,,,,,
436,61929,,,,,0.13424737751483917,,,,,,,,,,,
436,61939,,,,,0.18150392174720764,,,,,,,,,,,
436,61949,,,,,0.1820649355649948,,,,,,,,,,,
436,61959,,,,,0.1639978140592575,,,,,,,,,,,
436,61969,,,,,0.17392949759960175,,,,,,,,,,,
436,61979,,,,,0.14935320615768433,,,,,,,,,,,
436,61989,,,,,0.14520755410194397,,,,,,,,,,,
436,61999,,,,,0.1373566836118698,,,,,,,,,,,
436,62009,,,,,0.17109595239162445,,,,,,,,,,,
436,62019,,,,,0.17571879923343658,,,,,,,,,,,
436,62029,,,,,0.13889309763908386,,,,,,,,,,,
436,62039,,,,,0.1542436182498932,,,,,,,,,,,
436,62049,,,,,0.19363805651664734,,,,,,,,,,,
436,436,3.862040438639282,94.8570724972623,,,,,,,,,,,,,,
436,62053,,,,,,0.16226442158222198,,,,,,,,,,
437,62059,,,,,0.17072629928588867,,,,,,,,,,,
437,62069,,,,,0.1491192877292633,,,,,,,,,,,
437,62079,,,,,0.14987421035766602,,,,,,,,,,,
437,62089,,,,,0.1897880733013153,,,,,,,,,,,
437,62099,,,,,0.14028529822826385,,,,,,,,,,,
437,62109,,,,,0.15706507861614227,,,,,,,,,,,
437,62119,,,,,0.16255344450473785,,,,,,,,,,,
437,62129,,,,,0.1653454750776291,,,,,,,,,,,
437,62139,,,,,0.14610768854618073,,,,,,,,,,,
437,62149,,,,,0.1548515260219574,,,,,,,,,,,
437,62159,,,,,0.15386250615119934,,,,,,,,,,,
437,62169,,,,,0.16682583093643188,,,,,,,,,,,
437,62179,,,,,0.157815083861351,,,,,,,,,,,
437,62189,,,,,0.16993965208530426,,,,,,,,,,,
437,437,3.8148828357060873,94.86435094505931,,,,,,,,,,,,,,
437,62195,,,,,,0.1603732854127884,,,,,,,,,,
438,62199,,,,,0.16247861087322235,,,,,,,,,,,
438,62209,,,,,0.15994587540626526,,,,,,,,,,,
438,62219,,,,,0.15618470311164856,,,,,,,,,,,
438,62229,,,,,0.17114049196243286,,,,,,,,,,,
438,62239,,,,,0.1425912082195282,,,,,,,,,,,
438,62249,,,,,0.1376623809337616,,,,,,,,,,,
438,62259,,,,,0.17294274270534515,,,,,,,,,,,
438,62269,,,,,0.1821243017911911,,,,,,,,,,,
438,62279,,,,,0.1609889566898346,,,,,,,,,,,
438,62289,,,,,0.2081553190946579,,,,,,,,,,,
438,62299,,,,,0.15447691082954407,,,,,,,,,,,
438,62309,,,,,0.14706085622310638,,,,,,,,,,,
438,62319,,,,,0.14884082973003387,,,,,,,,,,,
438,62329,,,,,0.1552027463912964,,,,,,,,,,,
438,438,3.836176769314455,94.8722683105092,,,,,,,,,,,,,,
438,62337,,,,,,0.16105641424655914,,,,,,,,,,
439,62339,,,,,0.15070068836212158,,,,,,,,,,,
439,62349,,,,,0.14177167415618896,,,,,,,,,,,
439,62359,,,,,0.16817516088485718,,,,,,,,,,,
439,62369,,,,,0.13897480070590973,,,,,,,,,,,
439,62379,,,,,0.16562719643115997,,,,,,,,,,,
439,62389,,,,,0.15393978357315063,,,,,,,,,,,
439,62399,,,,,0.14359526336193085,,,,,,,,,,,
439,62409,,,,,0.13883629441261292,,,,,,,,,,,
439,62419,,,,,0.1482997089624405,,,,,,,,,,,
439,62429,,,,,0.1851520836353302,,,,,,,,,,,
439,62439,,,,,0.1562744528055191,,,,,,,,,,,
439,62449,,,,,0.17681778967380524,,,,,,,,,,,
439,62459,,,,,0.14579330384731293,,,,,,,,,,,
439,62469,,,,,0.1583564579486847,,,,,,,,,,,
439,62479,,,,,0.1575106382369995,,,,,,,,,,,
439,439,,,0.999478280544281,0.8128503561019897,,,0.0999958223850063,0.9449062347412109,,0.8882887363433838,,0.2808559536933899,,1.1474135579655365,,0.28275617957115173
439,62479,,,,,,,,,0.8882887363433838,,0.2808559536933899,,1.1474133729934692,,0.28275617957115173,
439,439,3.8173349284881968,94.87942664559935,,,,,,,,,,,,,,
439,62479,,,,,,0.1617775410413742,,,,,,,,,,
440,62489,,,,,0.19408051669597626,,,,,,,,,,,
440,62499,,,,,0.1652742624282837,,,,,,,,,,,
440,62509,,,,,0.16352428495883942,,,,,,,,,,,
440,62519,,,,,0.16461099684238434,,,,,,,,,,,
440,62529,,,,,0.13062287867069244,,,,,,,,,,,
440,62539,,,,,0.15038880705833435,,,,,,,,,,,
440,62549,,,,,0.14447282254695892,,,,,,,,,,,
440,62559,,,,,0.17438490688800812,,,,,,,,,,,
440,62569,,,,,0.15360811352729797,,,,,,,,,,,
440,62579,,,,,0.15108895301818848,,,,,,,,,,,
440,62589,,,,,0.13606879115104675,,,,,,,,,,,
440,62599,,,,,0.17825523018836975,,,,,,,,,,,
440,62609,,,,,0.18694910407066345,,,,,,,,,,,
440,62619,,,,,0.15296660363674164,,,,,,,,,,,
440,440,3.6601126994153703,94.88689960757618,,,,,,,,,,,,,,
440,62621,,,,,,0.1603492647409439,,,,,,,,,,
441,62629,,,,,0.15610669553279877,,,,,,,,,,,
441,62639,,,,,0.12416819483041763,,,,,,,,,,,
441,62649,,,,,0.1570126712322235,,,,,,,,,,,
441,62659,,,,,0.16165246069431305,,,,,,,,,,,
441,62669,,,,,0.15978440642356873,,,,,,,,,,,
441,62679,,,,,0.1700722873210907,,,,,,,,,,,
441,62689,,,,,0.18357855081558228,,,,,,,,,,,
441,62699,,,,,0.12496687471866608,,,,,,,,,,,
441,62709,,,,,0.18468166887760162,,,,,,,,,,,
441,62719,,,,,0.15266317129135132,,,,,,,,,,,
441,62729,,,,,0.1452215015888214,,,,,,,,,,,
441,62739,,,,,0.15297922492027283,,,,,,,,,,,
441,62749,,,,,0.15698280930519104,,,,,,,,,,,
441,62759,,,,,0.16913682222366333,,,,,,,,,,,
441,441,4.197975438994799,94.89472821856094,,,,,,,,,,,,,,
441,62763,,,,,,0.16300326585769653,,,,,,,,,,
442,62769,,,,,0.14984826743602753,,,,,,,,,,,
442,62779,,,,,0.16819408535957336,,,,,,,,,,,
442,62789,,,,,0.15708766877651215,,,,,,,,,,,
442,62799,,,,,0.17692352831363678,,,,,,,,,,,
442,62809,,,,,0.15631280839443207,,,,,,,,,,,
442,62819,,,,,0.13405728340148926,,,,,,,,,,,
442,62829,,,,,0.1830792874097824,,,,,,,,,,,
442,62839,,,,,0.17004047334194183,,,,,,,,,,,
442,62849,,,,,0.15258164703845978,,,,,,,,,,,
442,62859,,,,,0.16664257645606995,,,,,,,,,,,
442,62869,,,,,0.1626555472612381,,,,,,,,,,,
442,62879,,,,,0.15105804800987244,,,,,,,,,,,
442,62889,,,,,0.18372975289821625,,,,,,,,,,,
442,62899,,,,,0.14618448913097382,,,,,,,,,,,
442,442,3.9985778618868353,94.90209801648265,,,,,,,,,,,,,,
442,62905,,,,,,0.15847492218017578,,,,,,,,,,
443,62909,,,,,0.16509376466274261,,,,,,,,,,,
443,62919,,,,,0.15350978076457977,,,,,,,,,,,
443,62929,,,,,0.14230847358703613,,,,,,,,,,,
443,62939,,,,,0.14467495679855347,,,,,,,,,,,
443,62949,,,,,0.15814881026744843,,,,,,,,,,,
443,62959,,,,,0.1606154590845108,,,,,,,,,,,
443,62969,,,,,0.13094285130500793,,,,,,,,,,,
443,62979,,,,,0.1668146550655365,,,,,,,,,,,
443,62989,,,,,0.16037295758724213,,,,,,,,,,,
443,62999,,,,,0.14734145998954773,,,,,,,,,,,
443,63009,,,,,0.13061200082302094,,,,,,,,,,,
443,63019,,,,,0.18343161046504974,,,,,,,,,,,
443,63029,,,,,0.15015250444412231,,,,,,,,,,,
443,63039,,,,,0.15256915986537933,,,,,,,,,,,
443,443,3.6400151766866884,94.90981036225399,,,,,,,,,,,,,,
443,63047,,,,,,0.15929172933101654,,,,,,,,,,
444,63049,,,,,0.15947604179382324,,,,,,,,,,,
444,63059,,,,,0.17846009135246277,,,,,,,,,,,
444,63069,,,,,0.15162478387355804,,,,,,,,,,,
444,63079,,,,,0.14291447401046753,,,,,,,,,,,
444,63089,,,,,0.1615360528230667,,,,,,,,,,,
444,63099,,,,,0.15994325280189514,,,,,,,,,,,
444,63109,,,,,0.15589778125286102,,,,,,,,,,,
444,63119,,,,,0.18655943870544434,,,,,,,,,,,
444,63129,,,,,0.15811774134635925,,,,,,,,,,,
444,63139,,,,,0.149190291762352,,,,,,,,,,,
444,63149,,,,,0.18682552874088287,,,,,,,,,,,
444,63159,,,,,0.15086475014686584,,,,,,,,,,,
444,63169,,,,,0.17498837411403656,,,,,,,,,,,
444,63179,,,,,0.16130509972572327,,,,,,,,,,,
444,63189,,,,,0.1683274507522583,,,,,,,,,,,
444,444,3.6037450252931644,94.9169230830345,,,,,,,,,,,,,,
444,63189,,,,,,0.15657277405261993,,,,,,,,,,
445,63199,,,,,0.14118967950344086,,,,,,,,,,,
445,63209,,,,,0.14874711632728577,,,,,,,,,,,
445,63219,,,,,0.1591048389673233,,,,,,,,,,,
445,63229,,,,,0.1700478345155716,,,,,,,,,,,
445,63239,,,,,0.1317649781703949,,,,,,,,,,,
445,63249,,,,,0.13246729969978333,,,,,,,,,,,
445,63259,,,,,0.1620136946439743,,,,,,,,,,,
445,63269,,,,,0.19476865231990814,,,,,,,,,,,
445,63279,,,,,0.19158586859703064,,,,,,,,,,,
445,63289,,,,,0.16064530611038208,,,,,,,,,,,
445,63299,,,,,0.14847852289676666,,,,,,,,,,,
445,63309,,,,,0.18375812470912933,,,,,,,,,,,
445,63319,,,,,0.14553877711296082,,,,,,,,,,,
445,63329,,,,,0.1456710398197174,,,,,,,,,,,
445,445,3.8507606747130048,94.9243660392335,,,,,,,,,,,,,,
445,63331,,,,,,0.15715110301971436,,,,,,,,,,
446,63339,,,,,0.12699827551841736,,,,,,,,,,,
446,63349,,,,,0.16292355954647064,,,,,,,,,,,
446,63359,,,,,0.1695951223373413,,,,,,,,,,,
446,63369,,,,,0.18247246742248535,,,,,,,,,,,
446,63379,,,,,0.15113650262355804,,,,,,,,,,,
446,63389,,,,,0.16869597136974335,,,,,,,,,,,
446,63399,,,,,0.13862258195877075,,,,,,,,,,,
446,63409,,,,,0.14423491060733795,,,,,,,,,,,
446,63419,,,,,0.15392814576625824,,,,,,,,,,,
446,63429,,,,,0.13991889357566833,,,,,,,,,,,
446,63439,,,,,0.16215568780899048,,,,,,,,,,,
446,63449,,,,,0.1619703769683838,,,,,,,,,,,
446,63459,,,,,0.12528936564922333,,,,,,,,,,,
446,63469,,,,,0.15930891036987305,,,,,,,,,,,
446,446,3.742681680020656,94.93154835777007,,,,,,,,,,,,,,
446,63473,,,,,,0.1564265489578247,,,,,,,,,,
447,63479,,,,,0.15258091688156128,,,,,,,,,,,
447,63489,,,,,0.11091683804988861,,,,,,,,,,,
447,63499,,,,,0.1501353234052658,,,,,,,,,,,
447,63509,,,,,0.153889998793602,,,,,,,,,,,
447,63519,,,,,0.1804610639810562,,,,,,,,,,,
447,63529,,,,,0.14684607088565826,,,,,,,,,,,
447,63539,,,,,0.14149577915668488,,,,,,,,,,,
447,63549,,,,,0.1364528387784958,,,,,,,,,,,
447,63559,,,,,0.1304866373538971,,,,,,,,,,,
447,63569,,,,,0.14516843855381012,,,,,,,,,,,
447,63579,,,,,0.17955821752548218,,,,,,,,,,,
447,63589,,,,,0.13974109292030334,,,,,,,,,,,
447,63599,,,,,0.14571113884449005,,,,,,,,,,,
447,63609,,,,,0.1722324639558792,,,,,,,,,,,
447,447,3.276597443845878,94.93914759598084,,,,,,,,,,,,,,
447,63615,,,,,,0.15853901207447052,,,,,,,,,,
448,63619,,,,,0.16635482013225555,,,,,,,,,,,
448,63629,,,,,0.16358543932437897,,,,,,,,,,,
448,63639,,,,,0.1691778153181076,,,,,,,,,,,
448,63649,,,,,0.15294305980205536,,,,,,,,,,,
448,63659,,,,,0.1553347110748291,,,,,,,,,,,
448,63669,,,,,0.15791532397270203,,,,,,,,,,,
448,63679,,,,,0.16073006391525269,,,,,,,,,,,
448,63689,,,,,0.14370371401309967,,,,,,,,,,,
448,63699,,,,,0.1306314766407013,,,,,,,,,,,
448,63709,,,,,0.1356228142976761,,,,,,,,,,,
448,63719,,,,,0.15579994022846222,,,,,,,,,,,
448,63729,,,,,0.162130668759346,,,,,,,,,,,
448,63739,,,,,0.17808537185192108,,,,,,,,,,,
448,63749,,,,,0.15348570048809052,,,,,,,,,,,
448,448,3.800193994731054,94.94668745778618,,,,,,,,,,,,,,
448,63757,,,,,,0.1562095433473587,,,,,,,,,,
449,63759,,,,,0.1217333972454071,,,,,,,,,,,
449,63769,,,,,0.1597617119550705,,,,,,,,,,,
449,63779,,,,,0.14150738716125488,,,,,,,,,,,
449,63789,,,,,0.16841240227222443,,,,,,,,,,,
449,63799,,,,,0.144818514585495,,,,,,,,,,,
449,63809,,,,,0.16648627817630768,,,,,,,,,,,
449,63819,,,,,0.1210005059838295,,,,,,,,,,,
449,63829,,,,,0.14518284797668457,,,,,,,,,,,
449,63839,,,,,0.12756355106830597,,,,,,,,,,,
449,63849,,,,,0.1516345590353012,,,,,,,,,,,
449,63859,,,,,0.1519135981798172,,,,,,,,,,,
449,63869,,,,,0.13646762073040009,,,,,,,,,,,
449,63879,,,,,0.1379528045654297,,,,,,,,,,,
449,63889,,,,,0.1362811028957367,,,,,,,,,,,
449,63899,,,,,0.1516638845205307,,,,,,,,,,,
449,449,,,0.9995265007019043,0.8118987083435059,,,0.09708868997325971,0.949489176273346,,0.8887690305709839,,0.27407580614089966,,1.1798332792763808,,0.28075897693634033
449,63899,,,,,,,,,0.8887690305709839,,0.27407580614089966,,1.1798330545425415,,0.28075897693634033,
449,449,3.7945135158094443,94.95422215914652,,,,,,,,,,,,,,
449,63899,,,,,,0.15562793612480164,,,,,,,,,,
450,63909,,,,,0.14544056355953217,,,,,,,,,,,
450,63919,,,,,0.1567010134458542,,,,,,,,,,,
450,63929,,,,,0.13717228174209595,,,,,,,,,,,
450,63939,,,,,0.1371212601661682,,,,,,,,,,,
450,63949,,,,,0.14540031552314758,,,,,,,,,,,
450,63959,,,,,0.14050836861133575,,,,,,,,,,,
450,63969,,,,,0.14320440590381622,,,,,,,,,,,
450,63979,,,,,0.1535101681947708,,,,,,,,,,,
450,63989,,,,,0.15495601296424866,,,,,,,,,,,
450,63999,,,,,0.20272715389728546,,,,,,,,,,,
450,64009,,,,,0.13711382448673248,,,,,,,,,,,
450,64019,,,,,0.16581906378269196,,,,,,,,,,,
450,64029,,,,,0.1482134759426117,,,,,,,,,,,
450,64039,,,,,0.15534861385822296,,,,,,,,,,,
450,450,3.4353079193303215,94.9614701847749,,,,,,,,,,,,,,
450,64041,,,,,,0.15612056851387024,,,,,,,,,,
451,64049,,,,,0.155776709318161,,,,,,,,,,,
451,64059,,,,,0.12330182641744614,,,,,,,,,,,
451,64069,,,,,0.14857904613018036,,,,,,,,,,,
451,64079,,,,,0.1613265573978424,,,,,,,,,,,
451,64089,,,,,0.15717297792434692,,,,,,,,,,,
451,64099,,,,,0.16605928540229797,,,,,,,,,,,
451,64109,,,,,0.15644799172878265,,,,,,,,,,,
451,64119,,,,,0.18502022325992584,,,,,,,,,,,
451,64129,,,,,0.1514432430267334,,,,,,,,,,,
451,64139,,,,,0.16783638298511505,,,,,,,,,,,
451,64149,,,,,0.13552585244178772,,,,,,,,,,,
451,64159,,,,,0.15907540917396545,,,,,,,,,,,
451,64169,,,,,0.16172058880329132,,,,,,,,,,,
451,64179,,,,,0.16339243948459625,,,,,,,,,,,
451,451,3.378081529463583,94.96857667665904,,,,,,,,,,,,,,
451,64183,,,,,,0.15477630496025085,,,,,,,,,,
452,64189,,,,,0.16319160163402557,,,,,,,,,,,
452,64199,,,,,0.17562435567378998,,,,,,,,,,,
452,64209,,,,,0.18209624290466309,,,,,,,,,,,
452,64219,,,,,0.1527150720357895,,,,,,,,,,,
452,64229,,,,,0.1677219122648239,,,,,,,,,,,
452,64239,,,,,0.17054076492786407,,,,,,,,,,,
452,64249,,,,,0.14444303512573242,,,,,,,,,,,
452,64259,,,,,0.16616085171699524,,,,,,,,,,,
452,64269,,,,,0.14136004447937012,,,,,,,,,,,
452,64279,,,,,0.15396392345428467,,,,,,,,,,,
452,64289,,,,,0.1431017816066742,,,,,,,,,,,
452,64299,,,,,0.16320748627185822,,,,,,,,,,,
452,64309,,,,,0.15612125396728516,,,,,,,,,,,
452,64319,,,,,0.13734345138072968,,,,,,,,,,,
452,452,3.7083891690093496,94.97592172871232,,,,,,,,,,,,,,
452,64325,,,,,,0.15512715280056,,,,,,,,,,
453,64329,,,,,0.1387520283460617,,,,,,,,,,,
453,64339,,,,,0.1559135615825653,,,,,,,,,,,
453,64349,,,,,0.1618075668811798,,,,,,,,,,,
453,64359,,,,,0.1571623831987381,,,,,,,,,,,
453,64369,,,,,0.13558614253997803,,,,,,,,,,,
453,64379,,,,,0.17111235857009888,,,,,,,,,,,
453,64389,,,,,0.1919926553964615,,,,,,,,,,,
453,64399,,,,,0.13827593624591827,,,,,,,,,,,
453,64409,,,,,0.1544150412082672,,,,,,,,,,,
453,64419,,,,,0.15612934529781342,,,,,,,,,,,
453,64429,,,,,0.1524984985589981,,,,,,,,,,,
453,64439,,,,,0.1505546122789383,,,,,,,,,,,
453,64449,,,,,0.17107290029525757,,,,,,,,,,,
453,64459,,,,,0.15282075107097626,,,,,,,,,,,
453,453,3.463400072827752,94.98342767782124,,,,,,,,,,,,,,
453,64467,,,,,,0.15384216606616974,,,,,,,,,,
454,64469,,,,,0.139739990234375,,,,,,,,,,,
454,64479,,,,,0.1365768164396286,,,,,,,,,,,
454,64489,,,,,0.1540922075510025,,,,,,,,,,,
454,64499,,,,,0.16699610650539398,,,,,,,,,,,
454,64509,,,,,0.1796523481607437,,,,,,,,,,,
454,64519,,,,,0.14040085673332214,,,,,,,,,,,
454,64529,,,,,0.14382211863994598,,,,,,,,,,,
454,64539,,,,,0.1423361897468567,,,,,,,,,,,
454,64549,,,,,0.20281238853931427,,,,,,,,,,,
454,64559,,,,,0.13984882831573486,,,,,,,,,,,
454,64569,,,,,0.12662969529628754,,,,,,,,,,,
454,64579,,,,,0.14143824577331543,,,,,,,,,,,
454,64589,,,,,0.14918547868728638,,,,,,,,,,,
454,64599,,,,,0.18141107261180878,,,,,,,,,,,
454,64609,,,,,0.18010909855365753,,,,,,,,,,,
454,454,3.920611404012301,94.99114575638174,,,,,,,,,,,,,,
454,64609,,,,,,0.1552870124578476,,,,,,,,,,
455,64619,,,,,0.139555886387825,,,,,,,,,,,
455,64629,,,,,0.142249196767807,,,,,,,,,,,
455,64639,,,,,0.16560345888137817,,,,,,,,,,,
455,64649,,,,,0.17336426675319672,,,,,,,,,,,
455,64659,,,,,0.15206873416900635,,,,,,,,,,,
455,64669,,,,,0.16325829923152924,,,,,,,,,,,
455,64679,,,,,0.20128540694713593,,,,,,,,,,,
455,64689,,,,,0.13345967233181,,,,,,,,,,,
455,64699,,,,,0.15848711133003235,,,,,,,,,,,
455,64709,,,,,0.14918451011180878,,,,,,,,,,,
455,64719,,,,,0.15042729675769806,,,,,,,,,,,
455,64729,,,,,0.15811729431152344,,,,,,,,,,,
455,64739,,,,,0.1616518497467041,,,,,,,,,,,
455,64749,,,,,0.17849686741828918,,,,,,,,,,,
455,455,3.78700006939428,94.99875400317379,,,,,,,,,,,,,,
455,64751,,,,,,0.15481093525886536,,,,,,,,,,
456,64759,,,,,0.14769884943962097,,,,,,,,,,,
456,64769,,,,,0.14046598970890045,,,,,,,,,,,
456,64779,,,,,0.16376715898513794,,,,,,,,,,,
456,64789,,,,,0.17671018838882446,,,,,,,,,,,
456,64799,,,,,0.1561017483472824,,,,,,,,,,,
456,64809,,,,,0.17552347481250763,,,,,,,,,,,
456,64819,,,,,0.1326456516981125,,,,,,,,,,,
456,64829,,,,,0.157056525349617,,,,,,,,,,,
456,64839,,,,,0.17118124663829803,,,,,,,,,,,
456,64849,,,,,0.15811969339847565,,,,,,,,,,,
456,64859,,,,,0.12406546622514725,,,,,,,,,,,
456,64869,,,,,0.1331833153963089,,,,,,,,,,,
456,64879,,,,,0.17666806280612946,,,,,,,,,,,
456,64889,,,,,0.15523329377174377,,,,,,,,,,,
456,456,3.387264425494475,95.0061356744191,,,,,,,,,,,,,,
456,64893,,,,,,0.1519661843776703,,,,,,,,,,
457,64899,,,,,0.12111978232860565,,,,,,,,,,,
457,64909,,,,,0.13442789018154144,,,,,,,,,,,
457,64919,,,,,0.13758409023284912,,,,,,,,,,,
457,64929,,,,,0.17415751516819,,,,,,,,,,,
457,64939,,,,,0.1710718423128128,,,,,,,,,,,
457,64949,,,,,0.14734919369220734,,,,,,,,,,,
457,64959,,,,,0.11754890531301498,,,,,,,,,,,
457,64969,,,,,0.14503322541713715,,,,,,,,,,,
457,64979,,,,,0.14905960857868195,,,,,,,,,,,
457,64989,,,,,0.17591018974781036,,,,,,,,,,,
457,64999,,,,,0.16438159346580505,,,,,,,,,,,
457,65009,,,,,0.1549595594406128,,,,,,,,,,,
457,65019,,,,,0.14741845428943634,,,,,,,,,,,
457,65029,,,,,0.13470914959907532,,,,,,,,,,,
457,457,3.7362157023358344,95.01375238002507,,,,,,,,,,,,,,
457,65035,,,,,,0.1534731090068817,,,,,,,,,,
458,65039,,,,,0.14067630469799042,,,,,,,,,,,
458,65049,,,,,0.13242706656455994,,,,,,,,,,,
458,65059,,,,,0.1418510526418686,,,,,,,,,,,
458,65069,,,,,0.1727045476436615,,,,,,,,,,,
458,65079,,,,,0.15033341944217682,,,,,,,,,,,
458,65089,,,,,0.1473635733127594,,,,,,,,,,,
458,65099,,,,,0.17047695815563202,,,,,,,,,,,
458,65109,,,,,0.16646753251552582,,,,,,,,,,,
458,65119,,,,,0.13940702378749847,,,,,,,,,,,
458,65129,,,,,0.17129604518413544,,,,,,,,,,,
458,65139,,,,,0.13687337934970856,,,,,,,,,,,
458,65149,,,,,0.1584649384021759,,,,,,,,,,,
458,65159,,,,,0.1550731658935547,,,,,,,,,,,
458,65169,,,,,0.149911031126976,,,,,,,,,,,
458,458,3.5197594268575867,95.02083520815343,,,,,,,,,,,,,,
458,65177,,,,,,0.1524129956960678,,,,,,,,,,
459,65179,,,,,0.14769421517848969,,,,,,,,,,,
459,65189,,,,,0.14103764295578003,,,,,,,,,,,
459,65199,,,,,0.15293928980827332,,,,,,,,,,,
459,65209,,,,,0.16155432164669037,,,,,,,,,,,
459,65219,,,,,0.18627186119556427,,,,,,,,,,,
459,65229,,,,,0.12936611473560333,,,,,,,,,,,
459,65239,,,,,0.12070643901824951,,,,,,,,,,,
459,65249,,,,,0.15828938782215118,,,,,,,,,,,
459,65259,,,,,0.12000849843025208,,,,,,,,,,,
459,65269,,,,,0.15677139163017273,,,,,,,,,,,
459,65279,,,,,0.13685254752635956,,,,,,,,,,,
459,65289,,,,,0.1661832481622696,,,,,,,,,,,
459,65299,,,,,0.15203657746315002,,,,,,,,,,,
459,65309,,,,,0.16917887330055237,,,,,,,,,,,
459,65319,,,,,0.1682739555835724,,,,,,,,,,,
459,459,,,0.9995670914649963,0.8102807998657227,,,0.09326501336400177,0.9538365602493286,,0.8875871300697327,,0.2742306590080261,,1.1743321612629356,,0.28203681111335754
459,65319,,,,,,,,,0.8875871300697327,,0.2742306590080261,,1.1743322610855103,,0.28203681111335754,
459,459,3.609014387585768,95.0280090793123,,,,,,,,,,,,,,
459,65319,,,,,,0.15097272396087646,,,,,,,,,,
460,65329,,,,,0.1336107850074768,,,,,,,,,,,
460,65339,,,,,0.15206579864025116,,,,,,,,,,,
460,65349,,,,,0.15688596665859222,,,,,,,,,,,
460,65359,,,,,0.15877841413021088,,,,,,,,,,,
460,65369,,,,,0.1551976203918457,,,,,,,,,,,
460,65379,,,,,0.15773466229438782,,,,,,,,,,,
460,65389,,,,,0.11114439368247986,,,,,,,,,,,
460,65399,,,,,0.1067943274974823,,,,,,,,,,,
460,65409,,,,,0.15499171614646912,,,,,,,,,,,
460,65419,,,,,0.13661369681358337,,,,,,,,,,,
460,65429,,,,,0.14593668282032013,,,,,,,,,,,
460,65439,,,,,0.17556880414485931,,,,,,,,,,,
460,65449,,,,,0.14843963086605072,,,,,,,,,,,
460,65459,,,,,0.1697489470243454,,,,,,,,,,,
460,460,3.7978769303988344,95.03544100354632,,,,,,,,,,,,,,
460,65461,,,,,,0.15195028483867645,,,,,,,,,,
461,65469,,,,,0.15216875076293945,,,,,,,,,,,
461,65479,,,,,0.14769747853279114,,,,,,,,,,,
461,65489,,,,,0.12915970385074615,,,,,,,,,,,
461,65499,,,,,0.14023332297801971,,,,,,,,,,,
461,65509,,,,,0.13273857533931732,,,,,,,,,,,
461,65519,,,,,0.16412323713302612,,,,,,,,,,,
461,65529,,,,,0.14998610317707062,,,,,,,,,,,
461,65539,,,,,0.1689993292093277,,,,,,,,,,,
461,65549,,,,,0.16108699142932892,,,,,,,,,,,
461,65559,,,,,0.15128664672374725,,,,,,,,,,,
461,65569,,,,,0.14969520270824432,,,,,,,,,,,
461,65579,,,,,0.20048685371875763,,,,,,,,,,,
461,65589,,,,,0.14595626294612885,,,,,,,,,,,
461,65599,,,,,0.16358226537704468,,,,,,,,,,,
461,461,3.758292781090706,95.04314023091372,,,,,,,,,,,,,,
461,65603,,,,,,0.152037113904953,,,,,,,,,,
462,65609,,,,,0.1557523012161255,,,,,,,,,,,
462,65619,,,,,0.1666071116924286,,,,,,,,,,,
462,65629,,,,,0.15192872285842896,,,,,,,,,,,
462,65639,,,,,0.1671026647090912,,,,,,,,,,,
462,65649,,,,,0.1336813122034073,,,,,,,,,,,
462,65659,,,,,0.13990287482738495,,,,,,,,,,,
462,65669,,,,,0.15768976509571075,,,,,,,,,,,
462,65679,,,,,0.15467727184295654,,,,,,,,,,,
462,65689,,,,,0.14927242696285248,,,,,,,,,,,
462,65699,,,,,0.15441977977752686,,,,,,,,,,,
462,65709,,,,,0.1654720902442932,,,,,,,,,,,
462,65719,,,,,0.1417316496372223,,,,,,,,,,,
462,65729,,,,,0.15682686865329742,,,,,,,,,,,
462,65739,,,,,0.14234142005443573,,,,,,,,,,,
462,462,3.6885452662154457,95.0502246489377,,,,,,,,,,,,,,
462,65745,,,,,,0.150776207447052,,,,,,,,,,
463,65749,,,,,0.11338935792446136,,,,,,,,,,,
463,65759,,,,,0.1649668663740158,,,,,,,,,,,
463,65769,,,,,0.1283506155014038,,,,,,,,,,,
463,65779,,,,,0.17481721937656403,,,,,,,,,,,
463,65789,,,,,0.1311999261379242,,,,,,,,,,,
463,65799,,,,,0.14135770499706268,,,,,,,,,,,
463,65809,,,,,0.1696479469537735,,,,,,,,,,,
463,65819,,,,,0.169905424118042,,,,,,,,,,,
463,65829,,,,,0.16607262194156647,,,,,,,,,,,
463,65839,,,,,0.14013276994228363,,,,,,,,,,,
463,65849,,,,,0.1475984752178192,,,,,,,,,,,
463,65859,,,,,0.15501856803894043,,,,,,,,,,,
463,65869,,,,,0.17332960665225983,,,,,,,,,,,
463,65879,,,,,0.14605453610420227,,,,,,,,,,,
463,463,3.6420423090501672,95.05752714473056,,,,,,,,,,,,,,
463,65887,,,,,,0.15143941342830658,,,,,,,,,,
464,65889,,,,,0.15214505791664124,,,,,,,,,,,
464,65899,,,,,0.129351407289505,,,,,,,,,,,
464,65909,,,,,0.15507248044013977,,,,,,,,,,,
464,65919,,,,,0.1349281370639801,,,,,,,,,,,
464,65929,,,,,0.13065633177757263,,,,,,,,,,,
464,65939,,,,,0.1186104267835617,,,,,,,,,,,
464,65949,,,,,0.15493635833263397,,,,,,,,,,,
464,65959,,,,,0.12037867307662964,,,,,,,,,,,
464,65969,,,,,0.13693411648273468,,,,,,,,,,,
464,65979,,,,,0.13884752988815308,,,,,,,,,,,
464,65989,,,,,0.13162237405776978,,,,,,,,,,,
464,65999,,,,,0.14070919156074524,,,,,,,,,,,
464,66009,,,,,0.1543216109275818,,,,,,,,,,,
464,66019,,,,,0.1515207439661026,,,,,,,,,,,
464,66029,,,,,0.1374783217906952,,,,,,,,,,,
464,464,3.436848124437841,95.06521327716307,,,,,,,,,,,,,,
464,66029,,,,,,0.14902204275131226,,,,,,,,,,
465,66039,,,,,0.14728353917598724,,,,,,,,,,,
465,66049,,,,,0.13853521645069122,,,,,,,,,,,
465,66059,,,,,0.14529068768024445,,,,,,,,,,,
465,66069,,,,,0.11124557256698608,,,,,,,,,,,
465,66079,,,,,0.16872701048851013,,,,,,,,,,,
465,66089,,,,,0.15606914460659027,,,,,,,,,,,
465,66099,,,,,0.16312433779239655,,,,,,,,,,,
465,66109,,,,,0.16933198273181915,,,,,,,,,,,
465,66119,,,,,0.13762232661247253,,,,,,,,,,,
465,66129,,,,,0.16944877803325653,,,,,,,,,,,
465,66139,,,,,0.18047252297401428,,,,,,,,,,,
465,66149,,,,,0.1512385904788971,,,,,,,,,,,
465,66159,,,,,0.17097139358520508,,,,,,,,,,,
465,66169,,,,,0.1503065824508667,,,,,,,,,,,
465,465,3.8529400337674495,95.07267785762338,,,,,,,,,,,,,,
465,66171,,,,,,0.1507318615913391,,,,,,,,,,
466,66179,,,,,0.1672745645046234,,,,,,,,,,,
466,66189,,,,,0.16082347929477692,,,,,,,,,,,
466,66199,,,,,0.12331367284059525,,,,,,,,,,,
466,66209,,,,,0.11831735074520111,,,,,,,,,,,
466,66219,,,,,0.13971228897571564,,,,,,,,,,,
466,66229,,,,,0.18060293793678284,,,,,,,,,,,
466,66239,,,,,0.16004572808742523,,,,,,,,,,,
466,66249,,,,,0.13397355377674103,,,,,,,,,,,
466,66259,,,,,0.14258919656276703,,,,,,,,,,,
466,66269,,,,,0.14709898829460144,,,,,,,,,,,
466,66279,,,,,0.19232195615768433,,,,,,,,,,,
466,66289,,,,,0.1595539003610611,,,,,,,,,,,
466,66299,,,,,0.1431722790002823,,,,,,,,,,,
466,66309,,,,,0.17317375540733337,,,,,,,,,,,
466,466,3.9789633300089036,95.07982468681898,,,,,,,,,,,,,,
466,66313,,,,,,0.14850974082946777,,,,,,,,,,
467,66319,,,,,0.18374192714691162,,,,,,,,,,,
467,66329,,,,,0.17929840087890625,,,,,,,,,,,
467,66339,,,,,0.15703429281711578,,,,,,,,,,,
467,66349,,,,,0.1394556164741516,,,,,,,,,,,
467,66359,,,,,0.1433890014886856,,,,,,,,,,,
467,66369,,,,,0.15788336098194122,,,,,,,,,,,
467,66379,,,,,0.15297290682792664,,,,,,,,,,,
467,66389,,,,,0.17225497961044312,,,,,,,,,,,
467,66399,,,,,0.15083514153957367,,,,,,,,,,,
467,66409,,,,,0.1731574982404709,,,,,,,,,,,
467,66419,,,,,0.17693719267845154,,,,,,,,,,,
467,66429,,,,,0.16801483929157257,,,,,,,,,,,
467,66439,,,,,0.1304287612438202,,,,,,,,,,,
467,66449,,,,,0.15724658966064453,,,,,,,,,,,
467,467,3.6823095524796834,95.0868403672705,,,,,,,,,,,,,,
467,66455,,,,,,0.14747712016105652,,,,,,,,,,
468,66459,,,,,0.15641404688358307,,,,,,,,,,,
468,66469,,,,,0.16867031157016754,,,,,,,,,,,
468,66479,,,,,0.13679076731204987,,,,,,,,,,,
468,66489,,,,,0.13358555734157562,,,,,,,,,,,
468,66499,,,,,0.13406969606876373,,,,,,,,,,,
468,66509,,,,,0.14011208713054657,,,,,,,,,,,
468,66519,,,,,0.14560262858867645,,,,,,,,,,,
468,66529,,,,,0.18253207206726074,,,,,,,,,,,
468,66539,,,,,0.16677381098270416,,,,,,,,,,,
468,66549,,,,,0.12777604162693024,,,,,,,,,,,
468,66559,,,,,0.131352037191391,,,,,,,,,,,
468,66569,,,,,0.11648236960172653,,,,,,,,,,,
468,66579,,,,,0.15141214430332184,,,,,,,,,,,
468,66589,,,,,0.12029378116130829,,,,,,,,,,,
468,468,3.4549729867014145,95.09421493980169,,,,,,,,,,,,,,
468,66597,,,,,,0.1472092866897583,,,,,,,,,,
469,66599,,,,,0.14306125044822693,,,,,,,,,,,
469,66609,,,,,0.1431526094675064,,,,,,,,,,,
469,66619,,,,,0.15420810878276825,,,,,,,,,,,
469,66629,,,,,0.13989326357841492,,,,,,,,,,,
469,66639,,,,,0.15295636653900146,,,,,,,,,,,
469,66649,,,,,0.14833444356918335,,,,,,,,,,,
469,66659,,,,,0.14241456985473633,,,,,,,,,,,
469,66669,,,,,0.13514821231365204,,,,,,,,,,,
469,66679,,,,,0.14271199703216553,,,,,,,,,,,
469,66689,,,,,0.15061619877815247,,,,,,,,,,,
469,66699,,,,,0.1738942712545395,,,,,,,,,,,
469,66709,,,,,0.16461999714374542,,,,,,,,,,,
469,66719,,,,,0.12607713043689728,,,,,,,,,,,
469,66729,,,,,0.12689483165740967,,,,,,,,,,,
469,66739,,,,,0.13451330363750458,,,,,,,,,,,
469,469,,,0.9996362924575806,0.8323583006858826,,,0.0880112748653816,0.9591102600097656,,0.8873762488365173,,0.28119465708732605,,1.2118837524737631,,0.28455522656440735
469,66739,,,,,,,,,0.8873762488365173,,0.28119465708732605,,1.2118839025497437,,0.28455522656440735,
469,469,3.509923202860298,95.10149222716805,,,,,,,,,,,,,,
469,66739,,,,,,0.14663165807724,,,,,,,,,,
470,66749,,,,,0.1545487344264984,,,,,,,,,,,
470,66759,,,,,0.15602219104766846,,,,,,,,,,,
470,66769,,,,,0.13609851896762848,,,,,,,,,,,
470,66779,,,,,0.1504368633031845,,,,,,,,,,,
470,66789,,,,,0.1500445008277893,,,,,,,,,,,
470,66799,,,,,0.14692983031272888,,,,,,,,,,,
470,66809,,,,,0.18033578991889954,,,,,,,,,,,
470,66819,,,,,0.17031016945838928,,,,,,,,,,,
470,66829,,,,,0.15378636121749878,,,,,,,,,,,
470,66839,,,,,0.1446707844734192,,,,,,,,,,,
470,66849,,,,,0.12311852723360062,,,,,,,,,,,
470,66859,,,,,0.14290250837802887,,,,,,,,,,,
470,66869,,,,,0.12842825055122375,,,,,,,,,,,
470,66879,,,,,0.14810261130332947,,,,,,,,,,,
470,470,4.007921183340366,95.10884957322071,,,,,,,,,,,,,,
470,66881,,,,,,0.14881692826747894,,,,,,,,,,
471,66889,,,,,0.1694508045911789,,,,,,,,,,,
471,66899,,,,,0.1303534209728241,,,,,,,,,,,
471,66909,,,,,0.14681419730186462,,,,,,,,,,,
471,66919,,,,,0.13939836621284485,,,,,,,,,,,
471,66929,,,,,0.16803091764450073,,,,,,,,,,,
471,66939,,,,,0.13831689953804016,,,,,,,,,,,
471,66949,,,,,0.1421828716993332,,,,,,,,,,,
471,66959,,,,,0.11757199466228485,,,,,,,,,,,
471,66969,,,,,0.1403912901878357,,,,,,,,,,,
471,66979,,,,,0.15380139648914337,,,,,,,,,,,
471,66989,,,,,0.15753933787345886,,,,,,,,,,,
471,66999,,,,,0.13739605247974396,,,,,,,,,,,
471,67009,,,,,0.1358940303325653,,,,,,,,,,,
471,67019,,,,,0.14357402920722961,,,,,,,,,,,
471,471,3.7979981014738664,95.11601925751789,,,,,,,,,,,,,,
471,67023,,,,,,0.14728650450706482,,,,,,,,,,
472,67029,,,,,0.15966463088989258,,,,,,,,,,,
472,67039,,,,,0.11399075388908386,,,,,,,,,,,
472,67049,,,,,0.12726713716983795,,,,,,,,,,,
472,67059,,,,,0.1328648179769516,,,,,,,,,,,
472,67069,,,,,0.14120861887931824,,,,,,,,,,,
472,67079,,,,,0.14304421842098236,,,,,,,,,,,
472,67089,,,,,0.1473887711763382,,,,,,,,,,,
472,67099,,,,,0.12632712721824646,,,,,,,,,,,
472,67109,,,,,0.12772923707962036,,,,,,,,,,,
472,67119,,,,,0.1266588270664215,,,,,,,,,,,
472,67129,,,,,0.1604948788881302,,,,,,,,,,,
472,67139,,,,,0.1397210955619812,,,,,,,,,,,
472,67149,,,,,0.14457526803016663,,,,,,,,,,,
472,67159,,,,,0.11642540991306305,,,,,,,,,,,
472,472,3.569142278925216,95.1230874081382,,,,,,,,,,,,,,
472,67165,,,,,,0.14694331586360931,,,,,,,,,,
473,67169,,,,,0.1484738290309906,,,,,,,,,,,
473,67179,,,,,0.1427507996559143,,,,,,,,,,,
473,67189,,,,,0.1603325456380844,,,,,,,,,,,
473,67199,,,,,0.15999217331409454,,,,,,,,,,,
473,67209,,,,,0.17683996260166168,,,,,,,,,,,
473,67219,,,,,0.13488447666168213,,,,,,,,,,,
473,67229,,,,,0.14122411608695984,,,,,,,,,,,
473,67239,,,,,0.13671773672103882,,,,,,,,,,,
473,67249,,,,,0.15037789940834045,,,,,,,,,,,
473,67259,,,,,0.13872671127319336,,,,,,,,,,,
473,67269,,,,,0.14129358530044556,,,,,,,,,,,
473,67279,,,,,0.15106114745140076,,,,,,,,,,,
473,67289,,,,,0.136862650513649,,,,,,,,,,,
473,67299,,,,,0.1462719440460205,,,,,,,,,,,
473,473,3.6592666062582073,95.13078640859337,,,,,,,,,,,,,,
473,67307,,,,,,0.1488468199968338,,,,,,,,,,
474,67309,,,,,0.1423431634902954,,,,,,,,,,,
474,67319,,,,,0.14100375771522522,,,,,,,,,,,
474,67329,,,,,0.14877282083034515,,,,,,,,,,,
474,67339,,,,,0.1260448396205902,,,,,,,,,,,
474,67349,,,,,0.15407492220401764,,,,,,,,,,,
474,67359,,,,,0.1405363529920578,,,,,,,,,,,
474,67369,,,,,0.14161960780620575,,,,,,,,,,,
474,67379,,,,,0.13910135626792908,,,,,,,,,,,
474,67389,,,,,0.1431467980146408,,,,,,,,,,,
474,67399,,,,,0.15761052072048187,,,,,,,,,,,
474,67409,,,,,0.13571478426456451,,,,,,,,,,,
474,67419,,,,,0.1461794227361679,,,,,,,,,,,
474,67429,,,,,0.12765687704086304,,,,,,,,,,,
474,67439,,,,,0.15610118210315704,,,,,,,,,,,
474,67449,,,,,0.1815027892589569,,,,,,,,,,,
474,474,3.7069037211878233,95.1381294135799,,,,,,,,,,,,,,
474,67449,,,,,,0.14759013056755066,,,,,,,,,,
475,67459,,,,,0.14240646362304688,,,,,,,,,,,
475,67469,,,,,0.12773506343364716,,,,,,,,,,,
475,67479,,,,,0.1373583972454071,,,,,,,,,,,
475,67489,,,,,0.14574064314365387,,,,,,,,,,,
475,67499,,,,,0.15070857107639313,,,,,,,,,,,
475,67509,,,,,0.16060571372509003,,,,,,,,,,,
475,67519,,,,,0.13336466252803802,,,,,,,,,,,
475,67529,,,,,0.1343265026807785,,,,,,,,,,,
475,67539,,,,,0.16613739728927612,,,,,,,,,,,
475,67549,,,,,0.14304178953170776,,,,,,,,,,,
475,67559,,,,,0.1443973034620285,,,,,,,,,,,
475,67569,,,,,0.15219207108020782,,,,,,,,,,,
475,67579,,,,,0.1339804232120514,,,,,,,,,,,
475,67589,,,,,0.13079188764095306,,,,,,,,,,,
475,475,3.3444020983481892,95.14560215735011,,,,,,,,,,,,,,
475,67591,,,,,,0.1453886479139328,,,,,,,,,,
476,67599,,,,,0.1314363181591034,,,,,,,,,,,
476,67609,,,,,0.15188699960708618,,,,,,,,,,,
476,67619,,,,,0.1333490014076233,,,,,,,,,,,
476,67629,,,,,0.1365496963262558,,,,,,,,,,,
476,67639,,,,,0.1235257014632225,,,,,,,,,,,
476,67649,,,,,0.1404218226671219,,,,,,,,,,,
476,67659,,,,,0.1444859504699707,,,,,,,,,,,
476,67669,,,,,0.14904575049877167,,,,,,,,,,,
476,67679,,,,,0.1570395529270172,,,,,,,,,,,
476,67689,,,,,0.149877667427063,,,,,,,,,,,
476,67699,,,,,0.19538742303848267,,,,,,,,,,,
476,67709,,,,,0.1544060856103897,,,,,,,,,,,
476,67719,,,,,0.15253733098506927,,,,,,,,,,,
476,67729,,,,,0.15568073093891144,,,,,,,,,,,
476,476,3.6387428067760563,95.15293937829276,,,,,,,,,,,,,,
476,67733,,,,,,0.14466316998004913,,,,,,,,,,
477,67739,,,,,0.1418008655309677,,,,,,,,,,,
477,67749,,,,,0.168960303068161,,,,,,,,,,,
477,67759,,,,,0.14199689030647278,,,,,,,,,,,
477,67769,,,,,0.14515499770641327,,,,,,,,,,,
477,67779,,,,,0.1286344975233078,,,,,,,,,,,
477,67789,,,,,0.1375952810049057,,,,,,,,,,,
477,67799,,,,,0.13220158219337463,,,,,,,,,,,
477,67809,,,,,0.1796358972787857,,,,,,,,,,,
477,67819,,,,,0.15858905017375946,,,,,,,,,,,
477,67829,,,,,0.14087814092636108,,,,,,,,,,,
477,67839,,,,,0.12884797155857086,,,,,,,,,,,
477,67849,,,,,0.14929351210594177,,,,,,,,,,,
477,67859,,,,,0.1349979043006897,,,,,,,,,,,
477,67869,,,,,0.1260744035243988,,,,,,,,,,,
477,477,3.3954494222172324,95.16014071196724,,,,,,,,,,,,,,
477,67875,,,,,,0.14332862198352814,,,,,,,,,,
478,67879,,,,,0.12828329205513,,,,,,,,,,,
478,67889,,,,,0.12182924896478653,,,,,,,,,,,
478,67899,,,,,0.14899231493473053,,,,,,,,,,,
478,67909,,,,,0.15716972947120667,,,,,,,,,,,
478,67919,,,,,0.14324341714382172,,,,,,,,,,,
478,67929,,,,,0.18882839381694794,,,,,,,,,,,
478,67939,,,,,0.13063782453536987,,,,,,,,,,,
478,67949,,,,,0.13196231424808502,,,,,,,,,,,
478,67959,,,,,0.12981967628002167,,,,,,,,,,,
478,67969,,,,,0.1478760987520218,,,,,,,,,,,
478,67979,,,,,0.1467065066099167,,,,,,,,,,,
478,67989,,,,,0.1381448358297348,,,,,,,,,,,
478,67999,,,,,0.12462843209505081,,,,,,,,,,,
478,68009,,,,,0.12955309450626373,,,,,,,,,,,
478,478,3.5112971890252234,95.16739625060465,,,,,,,,,,,,,,
478,68017,,,,,,0.1440666913986206,,,,,,,,,,
479,68019,,,,,0.12422490119934082,,,,,,,,,,,
479,68029,,,,,0.14765004813671112,,,,,,,,,,,
479,68039,,,,,0.12219678610563278,,,,,,,,,,,
479,68049,,,,,0.17102783918380737,,,,,,,,,,,
479,68059,,,,,0.13800258934497833,,,,,,,,,,,
479,68069,,,,,0.1513480693101883,,,,,,,,,,,
479,68079,,,,,0.15597504377365112,,,,,,,,,,,
479,68089,,,,,0.13881145417690277,,,,,,,,,,,
479,68099,,,,,0.16839070618152618,,,,,,,,,,,
479,68109,,,,,0.1278843879699707,,,,,,,,,,,
479,68119,,,,,0.1321706622838974,,,,,,,,,,,
479,68129,,,,,0.15077072381973267,,,,,,,,,,,
479,68139,,,,,0.14252427220344543,,,,,,,,,,,
479,68149,,,,,0.14463427662849426,,,,,,,,,,,
479,68159,,,,,0.17820489406585693,,,,,,,,,,,
479,479,,,0.9996575117111206,0.8333336710929871,,,0.08604642263040063,0.9606872200965881,,0.8860248923301697,,0.27166593074798584,,1.2237378848450524,,0.28147193789482117
479,68159,,,,,,,,,0.8860248923301697,,0.27166593074798584,,1.2237379550933838,,0.28147193789482117,
479,479,3.9694299469913026,95.17515878261655,,,,,,,,,,,,,,
479,68159,,,,,,0.1453481912612915,,,,,,,,,,
480,68169,,,,,0.1826474368572235,,,,,,,,,,,
480,68179,,,,,0.1245197281241417,,,,,,,,,,,
480,68189,,,,,0.14537549018859863,,,,,,,,,,,
480,68199,,,,,0.1442776918411255,,,,,,,,,,,
480,68209,,,,,0.18401506543159485,,,,,,,,,,,
480,68219,,,,,0.13447871804237366,,,,,,,,,,,
480,68229,,,,,0.12232009321451187,,,,,,,,,,,
480,68239,,,,,0.15669000148773193,,,,,,,,,,,
480,68249,,,,,0.15422819554805756,,,,,,,,,,,
480,68259,,,,,0.15326689183712006,,,,,,,,,,,
480,68269,,,,,0.14757457375526428,,,,,,,,,,,
480,68279,,,,,0.17452526092529297,,,,,,,,,,,
480,68289,,,,,0.1356508582830429,,,,,,,,,,,
480,68299,,,,,0.1582135409116745,,,,,,,,,,,
480,480,3.60638196453777,95.18210958574798,,,,,,,,,,,,,,
480,68301,,,,,,0.14354225993156433,,,,,,,,,,
481,68309,,,,,0.14292317628860474,,,,,,,,,,,
481,68319,,,,,0.133400097489357,,,,,,,,,,,
481,68329,,,,,0.14097906649112701,,,,,,,,,,,
481,68339,,,,,0.14631246030330658,,,,,,,,,,,
481,68349,,,,,0.1129857525229454,,,,,,,,,,,
481,68359,,,,,0.1533610224723816,,,,,,,,,,,
481,68369,,,,,0.14737114310264587,,,,,,,,,,,
481,68379,,,,,0.154894158244133,,,,,,,,,,,
481,68389,,,,,0.13715821504592896,,,,,,,,,,,
481,68399,,,,,0.12319779396057129,,,,,,,,,,,
481,68409,,,,,0.1556822955608368,,,,,,,,,,,
481,68419,,,,,0.1535571962594986,,,,,,,,,,,
481,68429,,,,,0.1421235054731369,,,,,,,,,,,
481,68439,,,,,0.13292834162712097,,,,,,,,,,,
481,481,3.443190048223923,95.18938251901706,,,,,,,,,,,,,,
481,68443,,,,,,0.14130038022994995,,,,,,,,,,
482,68449,,,,,0.1490231156349182,,,,,,,,,,,
482,68459,,,,,0.1716253161430359,,,,,,,,,,,
482,68469,,,,,0.1270795464515686,,,,,,,,,,,
482,68479,,,,,0.1531638354063034,,,,,,,,,,,
482,68489,,,,,0.12813077867031097,,,,,,,,,,,
482,68499,,,,,0.12214460223913193,,,,,,,,,,,
482,68509,,,,,0.1564384400844574,,,,,,,,,,,
482,68519,,,,,0.13766899704933167,,,,,,,,,,,
482,68529,,,,,0.1180233582854271,,,,,,,,,,,
482,68539,,,,,0.13210061192512512,,,,,,,,,,,
482,68549,,,,,0.13487608730793,,,,,,,,,,,
482,68559,,,,,0.14344626665115356,,,,,,,,,,,
482,68569,,,,,0.13118384778499603,,,,,,,,,,,
482,68579,,,,,0.1248694360256195,,,,,,,,,,,
482,482,3.1776368459324376,95.19659680458095,,,,,,,,,,,,,,
482,68585,,,,,,0.1408591866493225,,,,,,,,,,
483,68589,,,,,0.12254045158624649,,,,,,,,,,,
483,68599,,,,,0.1403498500585556,,,,,,,,,,,
483,68609,,,,,0.15564113855361938,,,,,,,,,,,
483,68619,,,,,0.15360677242279053,,,,,,,,,,,
483,68629,,,,,0.14860013127326965,,,,,,,,,,,
483,68639,,,,,0.14896467328071594,,,,,,,,,,,
483,68649,,,,,0.11967375129461288,,,,,,,,,,,
483,68659,,,,,0.13253314793109894,,,,,,,,,,,
483,68669,,,,,0.13011665642261505,,,,,,,,,,,
483,68679,,,,,0.15477459132671356,,,,,,,,,,,
483,68689,,,,,0.12760847806930542,,,,,,,,,,,
483,68699,,,,,0.12301288545131683,,,,,,,,,,,
483,68709,,,,,0.1415730118751526,,,,,,,,,,,
483,68719,,,,,0.15317630767822266,,,,,,,,,,,
483,483,3.848496946733873,95.20382266350309,,,,,,,,,,,,,,
483,68727,,,,,,0.1429929882287979,,,,,,,,,,
484,68729,,,,,0.1261124461889267,,,,,,,,,,,
484,68739,,,,,0.15948373079299927,,,,,,,,,,,
484,68749,,,,,0.13590440154075623,,,,,,,,,,,
484,68759,,,,,0.11635812371969223,,,,,,,,,,,
484,68769,,,,,0.11892560869455338,,,,,,,,,,,
484,68779,,,,,0.1385505348443985,,,,,,,,,,,
484,68789,,,,,0.12017833441495895,,,,,,,,,,,
484,68799,,,,,0.13564231991767883,,,,,,,,,,,
484,68809,,,,,0.1294207125902176,,,,,,,,,,,
484,68819,,,,,0.12495306134223938,,,,,,,,,,,
484,68829,,,,,0.14926056563854218,,,,,,,,,,,
484,68839,,,,,0.15789349377155304,,,,,,,,,,,
484,68849,,,,,0.17209289968013763,,,,,,,,,,,
484,68859,,,,,0.17831522226333618,,,,,,,,,,,
484,68869,,,,,0.14244002103805542,,,,,,,,,,,
484,484,3.23056968161933,95.21089694735602,,,,,,,,,,,,,,
484,68869,,,,,,0.14034593105316162,,,,,,,,,,
485,68879,,,,,0.11278179287910461,,,,,,,,,,,
485,68889,,,,,0.1356634497642517,,,,,,,,,,,
485,68899,,,,,0.13885892927646637,,,,,,,,,,,
485,68909,,,,,0.14800602197647095,,,,,,,,,,,
485,68919,,,,,0.1314852088689804,,,,,,,,,,,
485,68929,,,,,0.1384875476360321,,,,,,,,,,,
485,68939,,,,,0.1456088274717331,,,,,,,,,,,
485,68949,,,,,0.14432461559772491,,,,,,,,,,,
485,68959,,,,,0.13233788311481476,,,,,,,,,,,
485,68969,,,,,0.13882330060005188,,,,,,,,,,,
485,68979,,,,,0.1277858167886734,,,,,,,,,,,
485,68989,,,,,0.14808422327041626,,,,,,,,,,,
485,68999,,,,,0.1466827243566513,,,,,,,,,,,
485,69009,,,,,0.11992218345403671,,,,,,,,,,,
485,485,3.346906818951418,95.21829656239245,,,,,,,,,,,,,,
485,69011,,,,,,0.14096702635288239,,,,,,,,,,
486,69019,,,,,0.17877817153930664,,,,,,,,,,,
486,69029,,,,,0.1230253055691719,,,,,,,,,,,
486,69039,,,,,0.17275677621364594,,,,,,,,,,,
486,69049,,,,,0.13565872609615326,,,,,,,,,,,
486,69059,,,,,0.10278496891260147,,,,,,,,,,,
486,69069,,,,,0.15926428139209747,,,,,,,,,,,
486,69079,,,,,0.13555580377578735,,,,,,,,,,,
486,69089,,,,,0.1173718050122261,,,,,,,,,,,
486,69099,,,,,0.12830135226249695,,,,,,,,,,,
486,69109,,,,,0.11775083094835281,,,,,,,,,,,
486,69119,,,,,0.15261335670948029,,,,,,,,,,,
486,69129,,,,,0.13490788638591766,,,,,,,,,,,
486,69139,,,,,0.13606761395931244,,,,,,,,,,,
486,69149,,,,,0.11622686684131622,,,,,,,,,,,
486,486,3.2531594076261294,95.22559483282582,,,,,,,,,,,,,,
486,69153,,,,,,0.13906174898147583,,,,,,,,,,
487,69159,,,,,0.1399686634540558,,,,,,,,,,,
487,69169,,,,,0.126362606883049,,,,,,,,,,,
487,69179,,,,,0.1392854005098343,,,,,,,,,,,
487,69189,,,,,0.14129850268363953,,,,,,,,,,,
487,69199,,,,,0.13419750332832336,,,,,,,,,,,
487,69209,,,,,0.12872973084449768,,,,,,,,,,,
487,69219,,,,,0.12743301689624786,,,,,,,,,,,
487,69229,,,,,0.13141778111457825,,,,,,,,,,,
487,69239,,,,,0.13654634356498718,,,,,,,,,,,
487,69249,,,,,0.14753472805023193,,,,,,,,,,,
487,69259,,,,,0.13682398200035095,,,,,,,,,,,
487,69269,,,,,0.1325673758983612,,,,,,,,,,,
487,69279,,,,,0.1370159387588501,,,,,,,,,,,
487,69289,,,,,0.13152138888835907,,,,,,,,,,,
487,487,3.6219246001441707,95.23332797797617,,,,,,,,,,,,,,
487,69295,,,,,,0.13966679573059082,,,,,,,,,,
488,69299,,,,,0.1452299952507019,,,,,,,,,,,
488,69309,,,,,0.14351029694080353,,,,,,,,,,,
488,69319,,,,,0.13012577593326569,,,,,,,,,,,
488,69329,,,,,0.131863072514534,,,,,,,,,,,
488,69339,,,,,0.15663625299930573,,,,,,,,,,,
488,69349,,,,,0.15620870888233185,,,,,,,,,,,
488,69359,,,,,0.13075605034828186,,,,,,,,,,,
488,69369,,,,,0.14462238550186157,,,,,,,,,,,
488,69379,,,,,0.1374787837266922,,,,,,,,,,,
488,69389,,,,,0.1196347251534462,,,,,,,,,,,
488,69399,,,,,0.1446671336889267,,,,,,,,,,,
488,69409,,,,,0.1275850534439087,,,,,,,,,,,
488,69419,,,,,0.14186248183250427,,,,,,,,,,,
488,69429,,,,,0.12936106324195862,,,,,,,,,,,
488,488,3.657578062104074,95.24083284365055,,,,,,,,,,,,,,
488,69437,,,,,,0.1409950703382492,,,,,,,,,,
489,69439,,,,,0.1316690742969513,,,,,,,,,,,
489,69449,,,,,0.14074057340621948,,,,,,,,,,,
489,69459,,,,,0.13019819557666779,,,,,,,,,,,
489,69469,,,,,0.14556726813316345,,,,,,,,,,,
489,69479,,,,,0.15137390792369843,,,,,,,,,,,
489,69489,,,,,0.12714897096157074,,,,,,,,,,,
489,69499,,,,,0.12481431663036346,,,,,,,,,,,
489,69509,,,,,0.14740480482578278,,,,,,,,,,,
489,69519,,,,,0.13332030177116394,,,,,,,,,,,
489,69529,,,,,0.14397643506526947,,,,,,,,,,,
489,69539,,,,,0.14025698602199554,,,,,,,,,,,
489,69549,,,,,0.12439971417188644,,,,,,,,,,,
489,69559,,,,,0.12996959686279297,,,,,,,,,,,
489,69569,,,,,0.12762320041656494,,,,,,,,,,,
489,69579,,,,,0.15938816964626312,,,,,,,,,,,
489,489,,,0.999718964099884,0.8310493230819702,,,0.08321790644551827,0.9659519791603088,,0.8879972696304321,,0.2790507674217224,,1.2198947453681304,,0.28548917174339294
489,69579,,,,,,,,,0.8879972696304321,,0.2790507674217224,,1.2198947668075562,,0.28548917174339294,
489,489,3.312756510367217,95.24769514850479,,,,,,,,,,,,,,
489,69579,,,,,,0.1390591412782669,,,,,,,,,,
490,69589,,,,,0.1392163336277008,,,,,,,,,,,
490,69599,,,,,0.14791561663150787,,,,,,,,,,,
490,69609,,,,,0.11933395266532898,,,,,,,,,,,
490,69619,,,,,0.16313759982585907,,,,,,,,,,,
490,69629,,,,,0.12144464254379272,,,,,,,,,,,
490,69639,,,,,0.16643667221069336,,,,,,,,,,,
490,69649,,,,,0.13655266165733337,,,,,,,,,,,
490,69659,,,,,0.14159245789051056,,,,,,,,,,,
490,69669,,,,,0.13514098525047302,,,,,,,,,,,
490,69679,,,,,0.12821842730045319,,,,,,,,,,,
490,69689,,,,,0.1418941468000412,,,,,,,,,,,
490,69699,,,,,0.1436714231967926,,,,,,,,,,,
490,69709,,,,,0.13025064766407013,,,,,,,,,,,
490,69719,,,,,0.12486115097999573,,,,,,,,,,,
490,490,3.4806330738437614,95.25529157885435,,,,,,,,,,,,,,
490,69721,,,,,,0.13834291696548462,,,,,,,,,,
491,69729,,,,,0.11283977329730988,,,,,,,,,,,
491,69739,,,,,0.14572131633758545,,,,,,,,,,,
491,69749,,,,,0.14659707248210907,,,,,,,,,,,
491,69759,,,,,0.12008809298276901,,,,,,,,,,,
491,69769,,,,,0.1345767080783844,,,,,,,,,,,
491,69779,,,,,0.14376075565814972,,,,,,,,,,,
491,69789,,,,,0.14053742587566376,,,,,,,,,,,
491,69799,,,,,0.1768408566713333,,,,,,,,,,,
491,69809,,,,,0.12751543521881104,,,,,,,,,,,
491,69819,,,,,0.1589169055223465,,,,,,,,,,,
491,69829,,,,,0.10556726157665253,,,,,,,,,,,
491,69839,,,,,0.11532953381538391,,,,,,,,,,,
491,69849,,,,,0.1492711901664734,,,,,,,,,,,
491,69859,,,,,0.16213010251522064,,,,,,,,,,,
491,491,3.2199436987967363,95.26250438029795,,,,,,,,,,,,,,
491,69863,,,,,,0.13900700211524963,,,,,,,,,,
492,69869,,,,,0.1385173350572586,,,,,,,,,,,
492,69879,,,,,0.151675745844841,,,,,,,,,,,
492,69889,,,,,0.11875245720148087,,,,,,,,,,,
492,69899,,,,,0.13944141566753387,,,,,,,,,,,
492,69909,,,,,0.14282259345054626,,,,,,,,,,,
492,69919,,,,,0.14048270881175995,,,,,,,,,,,
492,69929,,,,,0.1243930459022522,,,,,,,,,,,
492,69939,,,,,0.13310329616069794,,,,,,,,,,,
492,69949,,,,,0.12584242224693298,,,,,,,,,,,
492,69959,,,,,0.15327660739421844,,,,,,,,,,,
492,69969,,,,,0.13419613242149353,,,,,,,,,,,
492,69979,,,,,0.1318621188402176,,,,,,,,,,,
492,69989,,,,,0.1478564590215683,,,,,,,,,,,
492,69999,,,,,0.1259586364030838,,,,,,,,,,,
492,492,3.5416716223782987,95.2694228922376,,,,,,,,,,,,,,
492,70005,,,,,,0.14021047949790955,,,,,,,,,,
493,70009,,,,,0.15467217564582825,,,,,,,,,,,
493,70019,,,,,0.13977856934070587,,,,,,,,,,,
493,70029,,,,,0.13870292901992798,,,,,,,,,,,
493,70039,,,,,0.16810524463653564,,,,,,,,,,,
493,70049,,,,,0.14576667547225952,,,,,,,,,,,
493,70059,,,,,0.13499079644680023,,,,,,,,,,,
493,70069,,,,,0.13257858157157898,,,,,,,,,,,
493,70079,,,,,0.14391106367111206,,,,,,,,,,,
493,70089,,,,,0.13611911237239838,,,,,,,,,,,
493,70099,,,,,0.12920217216014862,,,,,,,,,,,
493,70109,,,,,0.15296250581741333,,,,,,,,,,,
493,70119,,,,,0.16189348697662354,,,,,,,,,,,
493,70129,,,,,0.16822415590286255,,,,,,,,,,,
493,70139,,,,,0.13901177048683167,,,,,,,,,,,
493,493,3.5798701119493184,95.27694715629015,,,,,,,,,,,,,,
493,70147,,,,,,0.13903726637363434,,,,,,,,,,
494,70149,,,,,0.13739201426506042,,,,,,,,,,,
494,70159,,,,,0.12811017036437988,,,,,,,,,,,
494,70169,,,,,0.12827305495738983,,,,,,,,,,,
494,70179,,,,,0.13829916715621948,,,,,,,,,,,
494,70189,,,,,0.11531226336956024,,,,,,,,,,,
494,70199,,,,,0.09940280020236969,,,,,,,,,,,
494,70209,,,,,0.1609223634004593,,,,,,,,,,,
494,70219,,,,,0.12849804759025574,,,,,,,,,,,
494,70229,,,,,0.15096628665924072,,,,,,,,,,,
494,70239,,,,,0.13957592844963074,,,,,,,,,,,
494,70249,,,,,0.14949747920036316,,,,,,,,,,,
494,70259,,,,,0.14829957485198975,,,,,,,,,,,
494,70269,,,,,0.17340652644634247,,,,,,,,,,,
494,70279,,,,,0.17032422125339508,,,,,,,,,,,
494,70289,,,,,0.1418180614709854,,,,,,,,,,,
494,494,3.728600197498275,95.28434094180307,,,,,,,,,,,,,,
494,70289,,,,,,0.1379978209733963,,,,,,,,,,
495,70299,,,,,0.15302328765392303,,,,,,,,,,,
495,70309,,,,,0.14830121397972107,,,,,,,,,,,
495,70319,,,,,0.12574030458927155,,,,,,,,,,,
495,70329,,,,,0.16725535690784454,,,,,,,,,,,
495,70339,,,,,0.12196894735097885,,,,,,,,,,,
495,70349,,,,,0.1335420310497284,,,,,,,,,,,
495,70359,,,,,0.16092358529567719,,,,,,,,,,,
495,70369,,,,,0.14616380631923676,,,,,,,,,,,
495,70379,,,,,0.12948298454284668,,,,,,,,,,,
495,70389,,,,,0.13509948551654816,,,,,,,,,,,
495,70399,,,,,0.14771583676338196,,,,,,,,,,,
495,70409,,,,,0.15339496731758118,,,,,,,,,,,
495,70419,,,,,0.1351316124200821,,,,,,,,,,,
495,70429,,,,,0.13087888062000275,,,,,,,,,,,
495,495,3.471089577944032,95.29153658757409,,,,,,,,,,,,,,
495,70431,,,,,,0.13708895444869995,,,,,,,,,,
496,70439,,,,,0.12229107320308685,,,,,,,,,,,
496,70449,,,,,0.13490672409534454,,,,,,,,,,,
496,70459,,,,,0.1532513052225113,,,,,,,,,,,
496,70469,,,,,0.11670031398534775,,,,,,,,,,,
496,70479,,,,,0.14082071185112,,,,,,,,,,,
496,70489,,,,,0.1490788757801056,,,,,,,,,,,
496,70499,,,,,0.14474591612815857,,,,,,,,,,,
496,70509,,,,,0.16093769669532776,,,,,,,,,,,
496,70519,,,,,0.13954560458660126,,,,,,,,,,,
496,70529,,,,,0.12263865023851395,,,,,,,,,,,
496,70539,,,,,0.12260593473911285,,,,,,,,,,,
496,70549,,,,,0.14638036489486694,,,,,,,,,,,
496,70559,,,,,0.12107398360967636,,,,,,,,,,,
496,70569,,,,,0.12698188424110413,,,,,,,,,,,
496,496,3.555722001927828,95.2990505929892,,,,,,,,,,,,,,
496,70573,,,,,,0.1372922658920288,,,,,,,,,,
497,70579,,,,,0.1373809427022934,,,,,,,,,,,
497,70589,,,,,0.14747081696987152,,,,,,,,,,,
497,70599,,,,,0.139016792178154,,,,,,,,,,,
497,70609,,,,,0.13309480249881744,,,,,,,,,,,
497,70619,,,,,0.1237049400806427,,,,,,,,,,,
497,70629,,,,,0.11358543485403061,,,,,,,,,,,
497,70639,,,,,0.1652127057313919,,,,,,,,,,,
497,70649,,,,,0.13484856486320496,,,,,,,,,,,
497,70659,,,,,0.1380878984928131,,,,,,,,,,,
497,70669,,,,,0.13832248747348785,,,,,,,,,,,
497,70679,,,,,0.12287021428346634,,,,,,,,,,,
497,70689,,,,,0.1294880211353302,,,,,,,,,,,
497,70699,,,,,0.1141522154211998,,,,,,,,,,,
497,70709,,,,,0.13023348152637482,,,,,,,,,,,
497,497,3.445013904298009,95.30622388099908,,,,,,,,,,,,,,
497,70715,,,,,,0.13492846488952637,,,,,,,,,,
498,70719,,,,,0.15351715683937073,,,,,,,,,,,
498,70729,,,,,0.1437227874994278,,,,,,,,,,,
498,70739,,,,,0.1639821082353592,,,,,,,,,,,
498,70749,,,,,0.12080061435699463,,,,,,,,,,,
498,70759,,,,,0.11885248869657516,,,,,,,,,,,
498,70769,,,,,0.14101889729499817,,,,,,,,,,,
498,70779,,,,,0.1298152655363083,,,,,,,,,,,
498,70789,,,,,0.13441018760204315,,,,,,,,,,,
498,70799,,,,,0.13319942355155945,,,,,,,,,,,
498,70809,,,,,0.12314143031835556,,,,,,,,,,,
498,70819,,,,,0.18246586620807648,,,,,,,,,,,
498,70829,,,,,0.12618239223957062,,,,,,,,,,,
498,70839,,,,,0.1403501033782959,,,,,,,,,,,
498,70849,,,,,0.11949678510427475,,,,,,,,,,,
498,498,3.782058892810941,95.31346547354812,,,,,,,,,,,,,,
498,70857,,,,,,0.13678841292858124,,,,,,,,,,
499,70859,,,,,0.13026198744773865,,,,,,,,,,,
499,70869,,,,,0.13943082094192505,,,,,,,,,,,
499,70879,,,,,0.13884449005126953,,,,,,,,,,,
499,70889,,,,,0.15924589335918427,,,,,,,,,,,
499,70899,,,,,0.15061244368553162,,,,,,,,,,,
499,70909,,,,,0.1441219598054886,,,,,,,,,,,
499,70919,,,,,0.12521439790725708,,,,,,,,,,,
499,70929,,,,,0.17972220480442047,,,,,,,,,,,
499,70939,,,,,0.12407925724983215,,,,,,,,,,,
499,70949,,,,,0.13136617839336395,,,,,,,,,,,
499,70959,,,,,0.11928298324346542,,,,,,,,,,,
499,70969,,,,,0.10658882558345795,,,,,,,,,,,
499,70979,,,,,0.13875152170658112,,,,,,,,,,,
499,70989,,,,,0.14629842340946198,,,,,,,,,,,
499,70999,,,,,0.1140139028429985,,,,,,,,,,,
499,499,,,0.9997503161430359,0.8441218137741089,,,0.07929585719894298,0.9689411520957947,,0.8855733871459961,,0.27904075384140015,,1.2734255042611335,,0.28269562125205994
499,70999,,,,,,,,,0.8855733871459961,,0.27904075384140015,,1.2734254598617554,,0.28269562125205994,
499,499,3.953968509579828,95.32103391035456,,,,,,,,,,,,,,
499,70999,,,,,,0.1364603191614151,,,,,,,,,,
