epoch,step,total_grad_norm,total_weight_norm,train_auc_eval,train_f1_eval,train_loss,train_loss_epoch,train_loss_eval,train_map_eval,val_auc,val_auc_eval,val_f1,val_f1_eval,val_loss,val_loss_eval,val_map,val_map_eval
0,0,,,0.5062776207923889,0.02079864591360092,,,36.7304164553939,0.015285036526620388,,0.5033126473426819,,0.0207753274589777,,36.730864991947094,,0.016547005623579025
0,9,,,,,34.42275619506836,,,,,,,,,,,
0,19,,,,,29.7609920501709,,,,,,,,,,,
0,29,,,,,27.449831008911133,,,,,,,,,,,
0,39,,,,,25.34867286682129,,,,,,,,,,,
0,49,,,,,24.31877899169922,,,,,,,,,,,
0,59,,,,,23.63387107849121,,,,,,,,,,,
0,69,,,,,22.976606369018555,,,,,,,,,,,
0,79,,,,,22.63214111328125,,,,,,,,,,,
0,89,,,,,22.233999252319336,,,,,,,,,,,
0,99,,,,,21.643035888671875,,,,,,,,,,,
0,109,,,,,21.20925521850586,,,,,,,,,,,
0,119,,,,,20.61347198486328,,,,,,,,,,,
0,129,,,,,20.603662490844727,,,,,,,,,,,
0,139,,,,,20.044879913330078,,,,,,,,,,,
0,0,16.295042554188313,90.3889928120836,,,,,,,,,,,,,,
0,141,,,,,,24.077367782592773,,,,,,,,,,
1,149,,,,,19.937454223632812,,,,,,,,,,,
1,159,,,,,19.48663902282715,,,,,,,,,,,
1,169,,,,,19.13900375366211,,,,,,,,,,,
1,179,,,,,19.256425857543945,,,,,,,,,,,
1,189,,,,,18.888635635375977,,,,,,,,,,,
1,199,,,,,18.656742095947266,,,,,,,,,,,
1,209,,,,,18.421632766723633,,,,,,,,,,,
1,219,,,,,18.180206298828125,,,,,,,,,,,
1,229,,,,,17.88684844970703,,,,,,,,,,,
1,239,,,,,17.741334915161133,,,,,,,,,,,
1,249,,,,,17.53060531616211,,,,,,,,,,,
1,259,,,,,17.226789474487305,,,,,,,,,,,
1,269,,,,,17.205461502075195,,,,,,,,,,,
1,279,,,,,16.725444793701172,,,,,,,,,,,
1,1,9.660268491532863,90.39606333571308,,,,,,,,,,,,,,
1,283,,,,,,18.26434326171875,,,,,,,,,,
2,289,,,,,16.731584548950195,,,,,,,,,,,
2,299,,,,,16.512798309326172,,,,,,,,,,,
2,309,,,,,15.957507133483887,,,,,,,,,,,
2,319,,,,,16.337387084960938,,,,,,,,,,,
2,329,,,,,15.959683418273926,,,,,,,,,,,
2,339,,,,,15.965485572814941,,,,,,,,,,,
2,349,,,,,15.580954551696777,,,,,,,,,,,
2,359,,,,,15.614630699157715,,,,,,,,,,,
2,369,,,,,15.251757621765137,,,,,,,,,,,
2,379,,,,,15.093599319458008,,,,,,,,,,,
2,389,,,,,15.175352096557617,,,,,,,,,,,
2,399,,,,,14.752622604370117,,,,,,,,,,,
2,409,,,,,14.665800094604492,,,,,,,,,,,
2,419,,,,,14.60429859161377,,,,,,,,,,,
2,2,8.581933708088092,90.4069215656004,,,,,,,,,,,,,,
2,425,,,,,,15.610066413879395,,,,,,,,,,
3,429,,,,,14.341798782348633,,,,,,,,,,,
3,439,,,,,14.152118682861328,,,,,,,,,,,
3,449,,,,,14.179244995117188,,,,,,,,,,,
3,459,,,,,14.082602500915527,,,,,,,,,,,
3,469,,,,,13.888071060180664,,,,,,,,,,,
3,479,,,,,13.77242374420166,,,,,,,,,,,
3,489,,,,,13.694034576416016,,,,,,,,,,,
3,499,,,,,13.5499267578125,,,,,,,,,,,
3,509,,,,,13.351740837097168,,,,,,,,,,,
3,519,,,,,13.058664321899414,,,,,,,,,,,
3,529,,,,,13.287580490112305,,,,,,,,,,,
3,539,,,,,12.9235200881958,,,,,,,,,,,
3,549,,,,,12.574591636657715,,,,,,,,,,,
3,559,,,,,12.443988800048828,,,,,,,,,,,
3,3,7.560031543334709,90.42320300594795,,,,,,,,,,,,,,
3,567,,,,,,13.441739082336426,,,,,,,,,,
4,569,,,,,12.534846305847168,,,,,,,,,,,
4,579,,,,,12.333675384521484,,,,,,,,,,,
4,589,,,,,12.22946548461914,,,,,,,,,,,
4,599,,,,,12.038910865783691,,,,,,,,,,,
4,609,,,,,12.044781684875488,,,,,,,,,,,
4,619,,,,,11.64218807220459,,,,,,,,,,,
4,629,,,,,11.553332328796387,,,,,,,,,,,
4,639,,,,,11.662915229797363,,,,,,,,,,,
4,649,,,,,11.192679405212402,,,,,,,,,,,
4,659,,,,,11.404059410095215,,,,,,,,,,,
4,669,,,,,11.05562973022461,,,,,,,,,,,
4,679,,,,,11.511667251586914,,,,,,,,,,,
4,689,,,,,11.161087036132812,,,,,,,,,,,
4,699,,,,,11.092421531677246,,,,,,,,,,,
4,709,,,,,10.641127586364746,,,,,,,,,,,
4,4,6.56923434375464,90.44175133981581,,,,,,,,,,,,,,
4,709,,,,,,11.609065055847168,,,,,,,,,,
5,719,,,,,10.776948928833008,,,,,,,,,,,
5,729,,,,,10.61752700805664,,,,,,,,,,,
5,739,,,,,10.520258903503418,,,,,,,,,,,
5,749,,,,,10.485373497009277,,,,,,,,,,,
5,759,,,,,10.566696166992188,,,,,,,,,,,
5,769,,,,,10.148720741271973,,,,,,,,,,,
5,779,,,,,10.414088249206543,,,,,,,,,,,
5,789,,,,,9.92242431640625,,,,,,,,,,,
5,799,,,,,9.791593551635742,,,,,,,,,,,
5,809,,,,,9.91633415222168,,,,,,,,,,,
5,819,,,,,9.532243728637695,,,,,,,,,,,
5,829,,,,,9.592789649963379,,,,,,,,,,,
5,839,,,,,9.80533218383789,,,,,,,,,,,
5,849,,,,,9.498342514038086,,,,,,,,,,,
5,5,5.638716149735872,90.46163271304442,,,,,,,,,,,,,,
5,851,,,,,,10.063547134399414,,,,,,,,,,
6,859,,,,,9.390467643737793,,,,,,,,,,,
6,869,,,,,9.186089515686035,,,,,,,,,,,
6,879,,,,,9.010257720947266,,,,,,,,,,,
6,889,,,,,9.309635162353516,,,,,,,,,,,
6,899,,,,,9.141519546508789,,,,,,,,,,,
6,909,,,,,8.9058837890625,,,,,,,,,,,
6,919,,,,,8.979887962341309,,,,,,,,,,,
6,929,,,,,8.69688606262207,,,,,,,,,,,
6,939,,,,,8.703558921813965,,,,,,,,,,,
6,949,,,,,8.730302810668945,,,,,,,,,,,
6,959,,,,,8.603716850280762,,,,,,,,,,,
6,969,,,,,8.410311698913574,,,,,,,,,,,
6,979,,,,,8.473922729492188,,,,,,,,,,,
6,989,,,,,8.151509284973145,,,,,,,,,,,
6,6,4.803392903067635,90.48469096228142,,,,,,,,,,,,,,
6,993,,,,,,8.796279907226562,,,,,,,,,,
7,999,,,,,8.479418754577637,,,,,,,,,,,
7,1009,,,,,8.196051597595215,,,,,,,,,,,
7,1019,,,,,8.360736846923828,,,,,,,,,,,
7,1029,,,,,7.84958553314209,,,,,,,,,,,
7,1039,,,,,7.959130764007568,,,,,,,,,,,
7,1049,,,,,7.878803730010986,,,,,,,,,,,
7,1059,,,,,7.600469589233398,,,,,,,,,,,
7,1069,,,,,7.716043472290039,,,,,,,,,,,
7,1079,,,,,7.681539058685303,,,,,,,,,,,
7,1089,,,,,7.7050371170043945,,,,,,,,,,,
7,1099,,,,,7.847630500793457,,,,,,,,,,,
7,1109,,,,,7.555905818939209,,,,,,,,,,,
7,1119,,,,,7.192134857177734,,,,,,,,,,,
7,1129,,,,,7.551289081573486,,,,,,,,,,,
7,7,4.111047856008695,90.50895966797135,,,,,,,,,,,,,,
7,1135,,,,,,7.8455095291137695,,,,,,,,,,
8,1139,,,,,7.21752405166626,,,,,,,,,,,
8,1149,,,,,7.219917297363281,,,,,,,,,,,
8,1159,,,,,7.5283098220825195,,,,,,,,,,,
8,1169,,,,,7.455662727355957,,,,,,,,,,,
8,1179,,,,,7.538979530334473,,,,,,,,,,,
8,1189,,,,,6.965635776519775,,,,,,,,,,,
8,1199,,,,,7.125192165374756,,,,,,,,,,,
8,1209,,,,,7.341393947601318,,,,,,,,,,,
8,1219,,,,,6.845248699188232,,,,,,,,,,,
8,1229,,,,,7.04162073135376,,,,,,,,,,,
8,1239,,,,,6.844110012054443,,,,,,,,,,,
8,1249,,,,,6.897922992706299,,,,,,,,,,,
8,1259,,,,,6.990462303161621,,,,,,,,,,,
8,1269,,,,,6.959900856018066,,,,,,,,,,,
8,8,3.5450368055113994,90.53530308680551,,,,,,,,,,,,,,
8,1277,,,,,,7.127626419067383,,,,,,,,,,
9,1279,,,,,6.825187683105469,,,,,,,,,,,
9,1289,,,,,6.854527950286865,,,,,,,,,,,
9,1299,,,,,6.763535022735596,,,,,,,,,,,
9,1309,,,,,6.633991718292236,,,,,,,,,,,
9,1319,,,,,6.522740840911865,,,,,,,,,,,
9,1329,,,,,6.485957622528076,,,,,,,,,,,
9,1339,,,,,6.587016582489014,,,,,,,,,,,
9,1349,,,,,6.92100715637207,,,,,,,,,,,
9,1359,,,,,6.357036590576172,,,,,,,,,,,
9,1369,,,,,6.345540523529053,,,,,,,,,,,
9,1379,,,,,6.490854263305664,,,,,,,,,,,
9,1389,,,,,6.801681995391846,,,,,,,,,,,
9,1399,,,,,6.488405227661133,,,,,,,,,,,
9,1409,,,,,6.212737083435059,,,,,,,,,,,
9,1419,,,,,6.571586608886719,,,,,,,,,,,
9,9,,,0.5798013806343079,0.007255811709910631,,,5.72334216217214,0.037122029811143875,,0.5713618397712708,,0.007258363533765078,,5.7400917045924125,,0.04036944359540939
9,1419,,,,,,,,,0.5713618397712708,,0.007258363533765078,,5.7400922775268555,,0.04036944359540939,
9,9,3.094666725427211,90.56237845132968,,,,,,,,,,,,,,
9,1419,,,,,,6.580153465270996,,,,,,,,,,
10,1429,,,,,6.261730670928955,,,,,,,,,,,
10,1439,,,,,6.249478816986084,,,,,,,,,,,
10,1449,,,,,6.190216064453125,,,,,,,,,,,
10,1459,,,,,6.342296123504639,,,,,,,,,,,
10,1469,,,,,6.316588401794434,,,,,,,,,,,
10,1479,,,,,6.089650630950928,,,,,,,,,,,
10,1489,,,,,6.243661403656006,,,,,,,,,,,
10,1499,,,,,6.129218578338623,,,,,,,,,,,
10,1509,,,,,5.96768856048584,,,,,,,,,,,
10,1519,,,,,6.036829471588135,,,,,,,,,,,
10,1529,,,,,6.217118263244629,,,,,,,,,,,
10,1539,,,,,5.939150333404541,,,,,,,,,,,
10,1549,,,,,5.91811466217041,,,,,,,,,,,
10,1559,,,,,5.872001647949219,,,,,,,,,,,
10,10,2.752669241600585,90.58954527036192,,,,,,,,,,,,,,
10,1561,,,,,,6.146976470947266,,,,,,,,,,
11,1569,,,,,5.985299110412598,,,,,,,,,,,
11,1579,,,,,6.287461280822754,,,,,,,,,,,
11,1589,,,,,5.808808326721191,,,,,,,,,,,
11,1599,,,,,5.798842430114746,,,,,,,,,,,
11,1609,,,,,5.860757350921631,,,,,,,,,,,
11,1619,,,,,5.8983941078186035,,,,,,,,,,,
11,1629,,,,,5.615886688232422,,,,,,,,,,,
11,1639,,,,,5.490544319152832,,,,,,,,,,,
11,1649,,,,,5.68376350402832,,,,,,,,,,,
11,1659,,,,,5.920795917510986,,,,,,,,,,,
11,1669,,,,,5.650249481201172,,,,,,,,,,,
11,1679,,,,,5.66278600692749,,,,,,,,,,,
11,1689,,,,,5.595053672790527,,,,,,,,,,,
11,1699,,,,,5.704831600189209,,,,,,,,,,,
11,11,2.5054670467942373,90.6159337152114,,,,,,,,,,,,,,
11,1703,,,,,,5.79888916015625,,,,,,,,,,
12,1709,,,,,5.705795764923096,,,,,,,,,,,
12,1719,,,,,5.705318927764893,,,,,,,,,,,
12,1729,,,,,5.438979148864746,,,,,,,,,,,
12,1739,,,,,5.684980392456055,,,,,,,,,,,
12,1749,,,,,5.401083469390869,,,,,,,,,,,
12,1759,,,,,5.52789306640625,,,,,,,,,,,
12,1769,,,,,5.645300388336182,,,,,,,,,,,
12,1779,,,,,5.478784084320068,,,,,,,,,,,
12,1789,,,,,5.636114597320557,,,,,,,,,,,
12,1799,,,,,5.412256240844727,,,,,,,,,,,
12,1809,,,,,5.288511753082275,,,,,,,,,,,
12,1819,,,,,5.423060417175293,,,,,,,,,,,
12,1829,,,,,5.393694877624512,,,,,,,,,,,
12,1839,,,,,5.502399921417236,,,,,,,,,,,
12,12,2.273767155733503,90.64305405851849,,,,,,,,,,,,,,
12,1845,,,,,,5.516876697540283,,,,,,,,,,
13,1849,,,,,5.179574012756348,,,,,,,,,,,
13,1859,,,,,5.368691921234131,,,,,,,,,,,
13,1869,,,,,5.307053089141846,,,,,,,,,,,
13,1879,,,,,5.091242790222168,,,,,,,,,,,
13,1889,,,,,5.156954288482666,,,,,,,,,,,
13,1899,,,,,5.490961074829102,,,,,,,,,,,
13,1909,,,,,5.2068772315979,,,,,,,,,,,
13,1919,,,,,5.2807769775390625,,,,,,,,,,,
13,1929,,,,,5.044083595275879,,,,,,,,,,,
13,1939,,,,,5.694310188293457,,,,,,,,,,,
13,1949,,,,,4.914051532745361,,,,,,,,,,,
13,1959,,,,,5.156538963317871,,,,,,,,,,,
13,1969,,,,,4.945307731628418,,,,,,,,,,,
13,1979,,,,,4.984015464782715,,,,,,,,,,,
13,13,2.0869007497587946,90.66967302808727,,,,,,,,,,,,,,
13,1987,,,,,,5.284971237182617,,,,,,,,,,
14,1989,,,,,4.9581098556518555,,,,,,,,,,,
14,1999,,,,,5.020504474639893,,,,,,,,,,,
14,2009,,,,,5.372142314910889,,,,,,,,,,,
14,2019,,,,,5.023243427276611,,,,,,,,,,,
14,2029,,,,,5.000094890594482,,,,,,,,,,,
14,2039,,,,,5.116213798522949,,,,,,,,,,,
14,2049,,,,,4.949181079864502,,,,,,,,,,,
14,2059,,,,,5.132328987121582,,,,,,,,,,,
14,2069,,,,,5.023836135864258,,,,,,,,,,,
14,2079,,,,,5.050195693969727,,,,,,,,,,,
14,2089,,,,,5.1243815422058105,,,,,,,,,,,
14,2099,,,,,5.274202823638916,,,,,,,,,,,
14,2109,,,,,5.187873363494873,,,,,,,,,,,
14,2119,,,,,4.919184684753418,,,,,,,,,,,
14,2129,,,,,5.223832130432129,,,,,,,,,,,
14,14,1.9491494896283525,90.69603445144121,,,,,,,,,,,,,,
14,2129,,,,,,5.088181972503662,,,,,,,,,,
15,2139,,,,,5.134517192840576,,,,,,,,,,,
15,2149,,,,,5.176729679107666,,,,,,,,,,,
15,2159,,,,,4.984975337982178,,,,,,,,,,,
15,2169,,,,,4.904214859008789,,,,,,,,,,,
15,2179,,,,,4.897932052612305,,,,,,,,,,,
15,2189,,,,,5.022615432739258,,,,,,,,,,,
15,2199,,,,,4.829728126525879,,,,,,,,,,,
15,2209,,,,,4.91608190536499,,,,,,,,,,,
15,2219,,,,,4.563624858856201,,,,,,,,,,,
15,2229,,,,,5.06699275970459,,,,,,,,,,,
15,2239,,,,,5.053900718688965,,,,,,,,,,,
15,2249,,,,,4.8043975830078125,,,,,,,,,,,
15,2259,,,,,4.768033504486084,,,,,,,,,,,
15,2269,,,,,4.931158542633057,,,,,,,,,,,
15,15,1.9148848402259595,90.7214852559409,,,,,,,,,,,,,,
15,2271,,,,,,4.928470611572266,,,,,,,,,,
16,2279,,,,,4.71976900100708,,,,,,,,,,,
16,2289,,,,,4.746303081512451,,,,,,,,,,,
16,2299,,,,,4.711042881011963,,,,,,,,,,,
16,2309,,,,,4.677943229675293,,,,,,,,,,,
16,2319,,,,,4.811844348907471,,,,,,,,,,,
16,2329,,,,,4.6234354972839355,,,,,,,,,,,
16,2339,,,,,4.435215473175049,,,,,,,,,,,
16,2349,,,,,4.894599914550781,,,,,,,,,,,
16,2359,,,,,4.642235279083252,,,,,,,,,,,
16,2369,,,,,4.953454971313477,,,,,,,,,,,
16,2379,,,,,4.661859512329102,,,,,,,,,,,
16,2389,,,,,4.506839752197266,,,,,,,,,,,
16,2399,,,,,4.669571876525879,,,,,,,,,,,
16,2409,,,,,4.92824649810791,,,,,,,,,,,
16,16,1.8967679821476464,90.7450533989561,,,,,,,,,,,,,,
16,2413,,,,,,4.784420967102051,,,,,,,,,,
17,2419,,,,,4.670938968658447,,,,,,,,,,,
17,2429,,,,,4.628509044647217,,,,,,,,,,,
17,2439,,,,,4.918668746948242,,,,,,,,,,,
17,2449,,,,,4.9304304122924805,,,,,,,,,,,
17,2459,,,,,4.564642906188965,,,,,,,,,,,
17,2469,,,,,4.812482833862305,,,,,,,,,,,
17,2479,,,,,4.727260112762451,,,,,,,,,,,
17,2489,,,,,4.773550510406494,,,,,,,,,,,
17,2499,,,,,4.594209671020508,,,,,,,,,,,
17,2509,,,,,4.422214508056641,,,,,,,,,,,
17,2519,,,,,4.769888401031494,,,,,,,,,,,
17,2529,,,,,4.862740516662598,,,,,,,,,,,
17,2539,,,,,4.738790988922119,,,,,,,,,,,
17,2549,,,,,4.484532833099365,,,,,,,,,,,
17,17,1.9376261964389208,90.76826025522494,,,,,,,,,,,,,,
17,2555,,,,,,4.661411285400391,,,,,,,,,,
18,2559,,,,,4.657708168029785,,,,,,,,,,,
18,2569,,,,,4.402158737182617,,,,,,,,,,,
18,2579,,,,,4.770094871520996,,,,,,,,,,,
18,2589,,,,,4.464579105377197,,,,,,,,,,,
18,2599,,,,,4.534096717834473,,,,,,,,,,,
18,2609,,,,,4.377700328826904,,,,,,,,,,,
18,2619,,,,,4.445301532745361,,,,,,,,,,,
18,2629,,,,,4.773583889007568,,,,,,,,,,,
18,2639,,,,,4.417152404785156,,,,,,,,,,,
18,2649,,,,,4.40042781829834,,,,,,,,,,,
18,2659,,,,,4.423892021179199,,,,,,,,,,,
18,2669,,,,,4.390839576721191,,,,,,,,,,,
18,2679,,,,,4.418184280395508,,,,,,,,,,,
18,2689,,,,,4.407297134399414,,,,,,,,,,,
18,18,2.051355311163753,90.79044468602658,,,,,,,,,,,,,,
18,2697,,,,,,4.556694507598877,,,,,,,,,,
19,2699,,,,,4.695512771606445,,,,,,,,,,,
19,2709,,,,,4.533540725708008,,,,,,,,,,,
19,2719,,,,,4.596817493438721,,,,,,,,,,,
19,2729,,,,,4.663341522216797,,,,,,,,,,,
19,2739,,,,,4.58567476272583,,,,,,,,,,,
19,2749,,,,,4.724346160888672,,,,,,,,,,,
19,2759,,,,,4.630314826965332,,,,,,,,,,,
19,2769,,,,,4.186473369598389,,,,,,,,,,,
19,2779,,,,,4.3203606605529785,,,,,,,,,,,
19,2789,,,,,4.389584064483643,,,,,,,,,,,
19,2799,,,,,4.357532024383545,,,,,,,,,,,
19,2809,,,,,4.307404518127441,,,,,,,,,,,
19,2819,,,,,4.355768203735352,,,,,,,,,,,
19,2829,,,,,4.322999000549316,,,,,,,,,,,
19,2839,,,,,4.464237689971924,,,,,,,,,,,
19,19,,,0.6322425007820129,0.013960996642708778,,,4.118153791069393,0.05849871411919594,,0.6182905435562134,,0.01451710145920515,,4.1429043679821245,,0.05942292883992195
19,2839,,,,,,,,,0.6182905435562134,,0.01451710145920515,,4.142904281616211,,0.05942292883992195,
19,19,2.132017377087009,90.81099723290278,,,,,,,,,,,,,,
19,2839,,,,,,4.472601413726807,,,,,,,,,,
20,2849,,,,,4.088539123535156,,,,,,,,,,,
20,2859,,,,,4.4570746421813965,,,,,,,,,,,
20,2869,,,,,4.343221187591553,,,,,,,,,,,
20,2879,,,,,4.114760875701904,,,,,,,,,,,
20,2889,,,,,4.216068267822266,,,,,,,,,,,
20,2899,,,,,4.30924129486084,,,,,,,,,,,
20,2909,,,,,4.1733574867248535,,,,,,,,,,,
20,2919,,,,,4.540302753448486,,,,,,,,,,,
20,2929,,,,,4.5558366775512695,,,,,,,,,,,
20,2939,,,,,4.281524658203125,,,,,,,,,,,
20,2949,,,,,4.575605869293213,,,,,,,,,,,
20,2959,,,,,4.293213844299316,,,,,,,,,,,
20,2969,,,,,4.137784481048584,,,,,,,,,,,
20,2979,,,,,4.280219554901123,,,,,,,,,,,
20,20,2.036042758428695,90.8304677574247,,,,,,,,,,,,,,
20,2981,,,,,,4.379322528839111,,,,,,,,,,
21,2989,,,,,4.265370845794678,,,,,,,,,,,
21,2999,,,,,4.813838005065918,,,,,,,,,,,
21,3009,,,,,4.438836574554443,,,,,,,,,,,
21,3019,,,,,4.147497177124023,,,,,,,,,,,
21,3029,,,,,4.4701690673828125,,,,,,,,,,,
21,3039,,,,,4.3204851150512695,,,,,,,,,,,
21,3049,,,,,4.235763072967529,,,,,,,,,,,
21,3059,,,,,4.273489952087402,,,,,,,,,,,
21,3069,,,,,4.528939723968506,,,,,,,,,,,
21,3079,,,,,4.2242560386657715,,,,,,,,,,,
21,3089,,,,,4.525454521179199,,,,,,,,,,,
21,3099,,,,,4.240554332733154,,,,,,,,,,,
21,3109,,,,,4.299859523773193,,,,,,,,,,,
21,3119,,,,,4.304742813110352,,,,,,,,,,,
21,21,2.0756943368570173,90.84906419235188,,,,,,,,,,,,,,
21,3123,,,,,,4.31407356262207,,,,,,,,,,
22,3129,,,,,4.123776912689209,,,,,,,,,,,
22,3139,,,,,4.136580944061279,,,,,,,,,,,
22,3149,,,,,4.239759922027588,,,,,,,,,,,
22,3159,,,,,4.410013675689697,,,,,,,,,,,
22,3169,,,,,4.423969745635986,,,,,,,,,,,
22,3179,,,,,4.142947196960449,,,,,,,,,,,
22,3189,,,,,4.393786907196045,,,,,,,,,,,
22,3199,,,,,4.334216594696045,,,,,,,,,,,
22,3209,,,,,4.237513542175293,,,,,,,,,,,
22,3219,,,,,4.356813907623291,,,,,,,,,,,
22,3229,,,,,4.095491886138916,,,,,,,,,,,
22,3239,,,,,4.190208911895752,,,,,,,,,,,
22,3249,,,,,4.130898475646973,,,,,,,,,,,
22,3259,,,,,4.383876323699951,,,,,,,,,,,
22,22,2.123747250492143,90.86690572817467,,,,,,,,,,,,,,
22,3265,,,,,,4.251163959503174,,,,,,,,,,
23,3269,,,,,4.4983062744140625,,,,,,,,,,,
23,3279,,,,,4.45538330078125,,,,,,,,,,,
23,3289,,,,,4.183436870574951,,,,,,,,,,,
23,3299,,,,,4.071527481079102,,,,,,,,,,,
23,3309,,,,,4.488680839538574,,,,,,,,,,,
23,3319,,,,,3.993123769760132,,,,,,,,,,,
23,3329,,,,,4.1855998039245605,,,,,,,,,,,
23,3339,,,,,4.273310661315918,,,,,,,,,,,
23,3349,,,,,4.140385150909424,,,,,,,,,,,
23,3359,,,,,4.050097465515137,,,,,,,,,,,
23,3369,,,,,4.0301947593688965,,,,,,,,,,,
23,3379,,,,,4.291583061218262,,,,,,,,,,,
23,3389,,,,,4.309831142425537,,,,,,,,,,,
23,3399,,,,,4.137990474700928,,,,,,,,,,,
23,23,2.378689960650041,90.88363294292797,,,,,,,,,,,,,,
23,3407,,,,,,4.190084457397461,,,,,,,,,,
24,3409,,,,,3.9541802406311035,,,,,,,,,,,
24,3419,,,,,4.136363983154297,,,,,,,,,,,
24,3429,,,,,3.9680802822113037,,,,,,,,,,,
24,3439,,,,,4.21678352355957,,,,,,,,,,,
24,3449,,,,,4.041148662567139,,,,,,,,,,,
24,3459,,,,,4.1562724113464355,,,,,,,,,,,
24,3469,,,,,4.32517671585083,,,,,,,,,,,
24,3479,,,,,4.375593662261963,,,,,,,,,,,
24,3489,,,,,4.029128551483154,,,,,,,,,,,
24,3499,,,,,4.132073879241943,,,,,,,,,,,
24,3509,,,,,4.018255710601807,,,,,,,,,,,
24,3519,,,,,4.137232780456543,,,,,,,,,,,
24,3529,,,,,4.174471855163574,,,,,,,,,,,
24,3539,,,,,4.099607467651367,,,,,,,,,,,
24,3549,,,,,4.0409464836120605,,,,,,,,,,,
24,24,2.3368977500019574,90.89979549970847,,,,,,,,,,,,,,
24,3549,,,,,,4.1370720863342285,,,,,,,,,,
25,3559,,,,,4.216808795928955,,,,,,,,,,,
25,3569,,,,,4.129937171936035,,,,,,,,,,,
25,3579,,,,,3.905837297439575,,,,,,,,,,,
25,3589,,,,,3.9447543621063232,,,,,,,,,,,
25,3599,,,,,4.268125534057617,,,,,,,,,,,
25,3609,,,,,4.04860782623291,,,,,,,,,,,
25,3619,,,,,3.909214496612549,,,,,,,,,,,
25,3629,,,,,4.045816421508789,,,,,,,,,,,
25,3639,,,,,4.056063652038574,,,,,,,,,,,
25,3649,,,,,4.393836498260498,,,,,,,,,,,
25,3659,,,,,3.7797622680664062,,,,,,,,,,,
25,3669,,,,,4.251537799835205,,,,,,,,,,,
25,3679,,,,,4.237287521362305,,,,,,,,,,,
25,3689,,,,,3.6097216606140137,,,,,,,,,,,
25,25,2.5031511332644163,90.91565850830793,,,,,,,,,,,,,,
25,3691,,,,,,4.087333679199219,,,,,,,,,,
26,3699,,,,,3.8515777587890625,,,,,,,,,,,
26,3709,,,,,3.9741485118865967,,,,,,,,,,,
26,3719,,,,,4.554529666900635,,,,,,,,,,,
26,3729,,,,,4.23879861831665,,,,,,,,,,,
26,3739,,,,,4.330083847045898,,,,,,,,,,,
26,3749,,,,,4.084917068481445,,,,,,,,,,,
26,3759,,,,,3.841710329055786,,,,,,,,,,,
26,3769,,,,,4.314303398132324,,,,,,,,,,,
26,3779,,,,,3.9701037406921387,,,,,,,,,,,
26,3789,,,,,3.9386842250823975,,,,,,,,,,,
26,3799,,,,,4.171101093292236,,,,,,,,,,,
26,3809,,,,,3.772944211959839,,,,,,,,,,,
26,3819,,,,,3.916903495788574,,,,,,,,,,,
26,3829,,,,,3.872372627258301,,,,,,,,,,,
26,26,2.7550291703125995,90.93103720048764,,,,,,,,,,,,,,
26,3833,,,,,,4.038930416107178,,,,,,,,,,
27,3839,,,,,4.068460464477539,,,,,,,,,,,
27,3849,,,,,3.9535229206085205,,,,,,,,,,,
27,3859,,,,,4.002999305725098,,,,,,,,,,,
27,3869,,,,,4.305988788604736,,,,,,,,,,,
27,3879,,,,,3.8225834369659424,,,,,,,,,,,
27,3889,,,,,4.115925312042236,,,,,,,,,,,
27,3899,,,,,4.24692964553833,,,,,,,,,,,
27,3909,,,,,4.2097978591918945,,,,,,,,,,,
27,3919,,,,,3.856649160385132,,,,,,,,,,,
27,3929,,,,,4.0053181648254395,,,,,,,,,,,
27,3939,,,,,4.175094127655029,,,,,,,,,,,
27,3949,,,,,4.1001105308532715,,,,,,,,,,,
27,3959,,,,,3.5660316944122314,,,,,,,,,,,
27,3969,,,,,4.211946964263916,,,,,,,,,,,
27,27,2.6012239186841324,90.9461276217786,,,,,,,,,,,,,,
27,3975,,,,,,3.995496988296509,,,,,,,,,,
28,3979,,,,,3.8513307571411133,,,,,,,,,,,
28,3989,,,,,4.071908950805664,,,,,,,,,,,
28,3999,,,,,3.654621124267578,,,,,,,,,,,
28,4009,,,,,3.8039586544036865,,,,,,,,,,,
28,4019,,,,,4.001482009887695,,,,,,,,,,,
28,4029,,,,,3.807741641998291,,,,,,,,,,,
28,4039,,,,,4.049830913543701,,,,,,,,,,,
28,4049,,,,,3.63964581489563,,,,,,,,,,,
28,4059,,,,,3.9341914653778076,,,,,,,,,,,
28,4069,,,,,3.8855113983154297,,,,,,,,,,,
28,4079,,,,,3.908958673477173,,,,,,,,,,,
28,4089,,,,,3.957606792449951,,,,,,,,,,,
28,4099,,,,,3.8894081115722656,,,,,,,,,,,
28,4109,,,,,3.823712110519409,,,,,,,,,,,
28,28,2.9243809240620062,90.9607689713996,,,,,,,,,,,,,,
28,4117,,,,,,3.95853590965271,,,,,,,,,,
29,4119,,,,,4.070859432220459,,,,,,,,,,,
29,4129,,,,,3.9458415508270264,,,,,,,,,,,
29,4139,,,,,4.23040771484375,,,,,,,,,,,
29,4149,,,,,3.912402868270874,,,,,,,,,,,
29,4159,,,,,4.028105735778809,,,,,,,,,,,
29,4169,,,,,3.7253477573394775,,,,,,,,,,,
29,4179,,,,,4.111330032348633,,,,,,,,,,,
29,4189,,,,,4.061734676361084,,,,,,,,,,,
29,4199,,,,,4.152346611022949,,,,,,,,,,,
29,4209,,,,,3.878962993621826,,,,,,,,,,,
29,4219,,,,,3.564958333969116,,,,,,,,,,,
29,4229,,,,,4.175582408905029,,,,,,,,,,,
29,4239,,,,,3.83894419670105,,,,,,,,,,,
29,4249,,,,,3.534010887145996,,,,,,,,,,,
29,4259,,,,,3.6765007972717285,,,,,,,,,,,
29,29,,,0.6854938864707947,0.02411380596458912,,,3.666843030234755,0.08144977688789368,,0.6563693284988403,,0.023732593283057213,,3.727473015383798,,0.0794796571135521
29,4259,,,,,,,,,0.6563693284988403,,0.023732593283057213,,3.7274727821350098,,0.0794796571135521,
29,29,2.789431229833026,90.97480722677875,,,,,,,,,,,,,,
29,4259,,,,,,3.921473264694214,,,,,,,,,,
30,4269,,,,,3.677009105682373,,,,,,,,,,,
30,4279,,,,,3.760789632797241,,,,,,,,,,,
30,4289,,,,,3.9097964763641357,,,,,,,,,,,
30,4299,,,,,4.112144470214844,,,,,,,,,,,
30,4309,,,,,3.867692708969116,,,,,,,,,,,
30,4319,,,,,3.8383724689483643,,,,,,,,,,,
30,4329,,,,,4.152600288391113,,,,,,,,,,,
30,4339,,,,,3.5417230129241943,,,,,,,,,,,
30,4349,,,,,3.7574315071105957,,,,,,,,,,,
30,4359,,,,,3.8248660564422607,,,,,,,,,,,
30,4369,,,,,3.8392906188964844,,,,,,,,,,,
30,4379,,,,,3.9645354747772217,,,,,,,,,,,
30,4389,,,,,3.802539587020874,,,,,,,,,,,
30,4399,,,,,3.8687779903411865,,,,,,,,,,,
30,30,3.251959557102366,90.98889305856883,,,,,,,,,,,,,,
30,4401,,,,,,3.8854739665985107,,,,,,,,,,
31,4409,,,,,3.856607675552368,,,,,,,,,,,
31,4419,,,,,3.8330745697021484,,,,,,,,,,,
31,4429,,,,,3.6233625411987305,,,,,,,,,,,
31,4439,,,,,3.739372968673706,,,,,,,,,,,
31,4449,,,,,3.8664119243621826,,,,,,,,,,,
31,4459,,,,,3.841470241546631,,,,,,,,,,,
31,4469,,,,,3.7141759395599365,,,,,,,,,,,
31,4479,,,,,4.003690719604492,,,,,,,,,,,
31,4489,,,,,4.013343334197998,,,,,,,,,,,
31,4499,,,,,3.8510241508483887,,,,,,,,,,,
31,4509,,,,,4.111914157867432,,,,,,,,,,,
31,4519,,,,,3.6408181190490723,,,,,,,,,,,
31,4529,,,,,3.812098979949951,,,,,,,,,,,
31,4539,,,,,3.7942821979522705,,,,,,,,,,,
31,31,3.048999340154212,91.00245368272807,,,,,,,,,,,,,,
31,4543,,,,,,3.850550413131714,,,,,,,,,,
32,4549,,,,,3.8482978343963623,,,,,,,,,,,
32,4559,,,,,3.9196841716766357,,,,,,,,,,,
32,4569,,,,,3.968184471130371,,,,,,,,,,,
32,4579,,,,,3.7371795177459717,,,,,,,,,,,
32,4589,,,,,3.8810393810272217,,,,,,,,,,,
32,4599,,,,,3.6868183612823486,,,,,,,,,,,
32,4609,,,,,3.7410666942596436,,,,,,,,,,,
32,4619,,,,,4.095032215118408,,,,,,,,,,,
32,4629,,,,,3.9155964851379395,,,,,,,,,,,
32,4639,,,,,4.150506973266602,,,,,,,,,,,
32,4649,,,,,3.7377285957336426,,,,,,,,,,,
32,4659,,,,,3.950253486633301,,,,,,,,,,,
32,4669,,,,,4.002893924713135,,,,,,,,,,,
32,4679,,,,,3.7442851066589355,,,,,,,,,,,
32,32,3.5350728181300353,91.01624859732007,,,,,,,,,,,,,,
32,4685,,,,,,3.8216328620910645,,,,,,,,,,
33,4689,,,,,3.8039567470550537,,,,,,,,,,,
33,4699,,,,,3.7887651920318604,,,,,,,,,,,
33,4709,,,,,3.8681631088256836,,,,,,,,,,,
33,4719,,,,,3.773751974105835,,,,,,,,,,,
33,4729,,,,,3.9669833183288574,,,,,,,,,,,
33,4739,,,,,3.7806806564331055,,,,,,,,,,,
33,4749,,,,,3.7482457160949707,,,,,,,,,,,
33,4759,,,,,3.9145028591156006,,,,,,,,,,,
33,4769,,,,,3.7350618839263916,,,,,,,,,,,
33,4779,,,,,3.741443634033203,,,,,,,,,,,
33,4789,,,,,3.5126712322235107,,,,,,,,,,,
33,4799,,,,,3.7091121673583984,,,,,,,,,,,
33,4809,,,,,3.8071861267089844,,,,,,,,,,,
33,4819,,,,,3.8068010807037354,,,,,,,,,,,
33,33,3.830141064606016,91.02917356456207,,,,,,,,,,,,,,
33,4827,,,,,,3.787328004837036,,,,,,,,,,
34,4829,,,,,3.7958407402038574,,,,,,,,,,,
34,4839,,,,,3.7934658527374268,,,,,,,,,,,
34,4849,,,,,3.8283629417419434,,,,,,,,,,,
34,4859,,,,,3.9351439476013184,,,,,,,,,,,
34,4869,,,,,3.6519508361816406,,,,,,,,,,,
34,4879,,,,,3.8687472343444824,,,,,,,,,,,
34,4889,,,,,3.6221795082092285,,,,,,,,,,,
34,4899,,,,,4.040095806121826,,,,,,,,,,,
34,4909,,,,,3.602325916290283,,,,,,,,,,,
34,4919,,,,,3.83872127532959,,,,,,,,,,,
34,4929,,,,,4.009175777435303,,,,,,,,,,,
34,4939,,,,,3.8281431198120117,,,,,,,,,,,
34,4949,,,,,3.6139323711395264,,,,,,,,,,,
34,4959,,,,,3.882220983505249,,,,,,,,,,,
34,4969,,,,,3.8242998123168945,,,,,,,,,,,
34,34,3.3556970413577987,91.04180504374405,,,,,,,,,,,,,,
34,4969,,,,,,3.752964496612549,,,,,,,,,,
35,4979,,,,,4.041232585906982,,,,,,,,,,,
35,4989,,,,,3.5848662853240967,,,,,,,,,,,
35,4999,,,,,3.951245069503784,,,,,,,,,,,
35,5009,,,,,3.7122809886932373,,,,,,,,,,,
35,5019,,,,,3.7180745601654053,,,,,,,,,,,
35,5029,,,,,3.986967086791992,,,,,,,,,,,
35,5039,,,,,3.9972362518310547,,,,,,,,,,,
35,5049,,,,,3.7817516326904297,,,,,,,,,,,
35,5059,,,,,3.709760904312134,,,,,,,,,,,
35,5069,,,,,3.9273314476013184,,,,,,,,,,,
35,5079,,,,,3.814419984817505,,,,,,,,,,,
35,5089,,,,,3.6998512744903564,,,,,,,,,,,
35,5099,,,,,3.7955524921417236,,,,,,,,,,,
35,5109,,,,,3.560220956802368,,,,,,,,,,,
35,35,3.6105118622488126,91.05462359287365,,,,,,,,,,,,,,
35,5111,,,,,,3.730992078781128,,,,,,,,,,
36,5119,,,,,3.7662620544433594,,,,,,,,,,,
36,5129,,,,,3.5859222412109375,,,,,,,,,,,
36,5139,,,,,3.6373579502105713,,,,,,,,,,,
36,5149,,,,,3.8345983028411865,,,,,,,,,,,
36,5159,,,,,3.6989152431488037,,,,,,,,,,,
36,5169,,,,,3.467787504196167,,,,,,,,,,,
36,5179,,,,,3.761876344680786,,,,,,,,,,,
36,5189,,,,,3.554673910140991,,,,,,,,,,,
36,5199,,,,,3.58652663230896,,,,,,,,,,,
36,5209,,,,,3.6941301822662354,,,,,,,,,,,
36,5219,,,,,3.7965261936187744,,,,,,,,,,,
36,5229,,,,,3.6004598140716553,,,,,,,,,,,
36,5239,,,,,3.4941136837005615,,,,,,,,,,,
36,5249,,,,,3.6970574855804443,,,,,,,,,,,
36,36,3.9831602668601302,91.0673365553091,,,,,,,,,,,,,,
36,5253,,,,,,3.7026243209838867,,,,,,,,,,
37,5259,,,,,3.3781683444976807,,,,,,,,,,,
37,5269,,,,,3.6886372566223145,,,,,,,,,,,
37,5279,,,,,3.5046377182006836,,,,,,,,,,,
37,5289,,,,,3.846741199493408,,,,,,,,,,,
37,5299,,,,,3.682199716567993,,,,,,,,,,,
37,5309,,,,,3.7812883853912354,,,,,,,,,,,
37,5319,,,,,3.847259521484375,,,,,,,,,,,
37,5329,,,,,3.6833648681640625,,,,,,,,,,,
37,5339,,,,,3.461700916290283,,,,,,,,,,,
37,5349,,,,,3.6491236686706543,,,,,,,,,,,
37,5359,,,,,3.976555585861206,,,,,,,,,,,
37,5369,,,,,3.6915502548217773,,,,,,,,,,,
37,5379,,,,,3.5435807704925537,,,,,,,,,,,
37,5389,,,,,3.899358034133911,,,,,,,,,,,
37,37,3.92901890762366,91.07952009488105,,,,,,,,,,,,,,
37,5395,,,,,,3.6801438331604004,,,,,,,,,,
38,5399,,,,,3.7455403804779053,,,,,,,,,,,
38,5409,,,,,3.6176116466522217,,,,,,,,,,,
38,5419,,,,,3.848841428756714,,,,,,,,,,,
38,5429,,,,,3.783214569091797,,,,,,,,,,,
38,5439,,,,,3.976138114929199,,,,,,,,,,,
38,5449,,,,,3.5133633613586426,,,,,,,,,,,
38,5459,,,,,3.8921566009521484,,,,,,,,,,,
38,5469,,,,,3.737964391708374,,,,,,,,,,,
38,5479,,,,,3.587388277053833,,,,,,,,,,,
38,5489,,,,,3.487644672393799,,,,,,,,,,,
38,5499,,,,,3.6605186462402344,,,,,,,,,,,
38,5509,,,,,3.9741430282592773,,,,,,,,,,,
38,5519,,,,,3.6027348041534424,,,,,,,,,,,
38,5529,,,,,3.7638871669769287,,,,,,,,,,,
38,38,4.293877527492617,91.09150867913603,,,,,,,,,,,,,,
38,5537,,,,,,3.658592700958252,,,,,,,,,,
39,5539,,,,,3.7300686836242676,,,,,,,,,,,
39,5549,,,,,3.6300246715545654,,,,,,,,,,,
39,5559,,,,,3.538130521774292,,,,,,,,,,,
39,5569,,,,,3.5767505168914795,,,,,,,,,,,
39,5579,,,,,3.3983497619628906,,,,,,,,,,,
39,5589,,,,,3.6266884803771973,,,,,,,,,,,
39,5599,,,,,3.5170695781707764,,,,,,,,,,,
39,5609,,,,,3.325270891189575,,,,,,,,,,,
39,5619,,,,,3.3445396423339844,,,,,,,,,,,
39,5629,,,,,3.6147003173828125,,,,,,,,,,,
39,5639,,,,,3.5616090297698975,,,,,,,,,,,
39,5649,,,,,3.902348279953003,,,,,,,,,,,
39,5659,,,,,3.8082330226898193,,,,,,,,,,,
39,5669,,,,,3.806380271911621,,,,,,,,,,,
39,5679,,,,,3.7828452587127686,,,,,,,,,,,
39,39,,,0.7471752762794495,0.03802860528230667,,,3.4192240471370163,0.1087513118982315,,0.7033250331878662,,0.03514457494020462,,3.52519590240352,,0.10442309826612473
39,5679,,,,,,,,,0.7033250331878662,,0.03514457494020462,,3.5251951217651367,,0.10442309826612473,
39,39,4.367734195205497,91.10328358607006,,,,,,,,,,,,,,
39,5679,,,,,,3.6319334506988525,,,,,,,,,,
40,5689,,,,,3.549257755279541,,,,,,,,,,,
40,5699,,,,,3.636723279953003,,,,,,,,,,,
40,5709,,,,,3.6527726650238037,,,,,,,,,,,
40,5719,,,,,3.6026527881622314,,,,,,,,,,,
40,5729,,,,,3.6171929836273193,,,,,,,,,,,
40,5739,,,,,3.536644220352173,,,,,,,,,,,
40,5749,,,,,3.7091314792633057,,,,,,,,,,,
40,5759,,,,,3.593867778778076,,,,,,,,,,,
40,5769,,,,,3.345126152038574,,,,,,,,,,,
40,5779,,,,,3.3398005962371826,,,,,,,,,,,
40,5789,,,,,3.675187349319458,,,,,,,,,,,
40,5799,,,,,3.7433652877807617,,,,,,,,,,,
40,5809,,,,,3.721238374710083,,,,,,,,,,,
40,5819,,,,,3.6163530349731445,,,,,,,,,,,
40,40,4.584742922318524,91.11517015086483,,,,,,,,,,,,,,
40,5821,,,,,,3.609180450439453,,,,,,,,,,
41,5829,,,,,3.7956953048706055,,,,,,,,,,,
41,5839,,,,,3.5578789710998535,,,,,,,,,,,
41,5849,,,,,3.6821465492248535,,,,,,,,,,,
41,5859,,,,,3.3929803371429443,,,,,,,,,,,
41,5869,,,,,3.755922794342041,,,,,,,,,,,
41,5879,,,,,3.690103769302368,,,,,,,,,,,
41,5889,,,,,3.6950230598449707,,,,,,,,,,,
41,5899,,,,,3.185817241668701,,,,,,,,,,,
41,5909,,,,,3.4684929847717285,,,,,,,,,,,
41,5919,,,,,3.7306127548217773,,,,,,,,,,,
41,5929,,,,,3.304185152053833,,,,,,,,,,,
41,5939,,,,,3.4740374088287354,,,,,,,,,,,
41,5949,,,,,3.3206851482391357,,,,,,,,,,,
41,5959,,,,,3.6685314178466797,,,,,,,,,,,
41,41,4.642160347231352,91.12657412057516,,,,,,,,,,,,,,
41,5963,,,,,,3.5863747596740723,,,,,,,,,,
42,5969,,,,,3.4634199142456055,,,,,,,,,,,
42,5979,,,,,3.515631675720215,,,,,,,,,,,
42,5989,,,,,3.5149171352386475,,,,,,,,,,,
42,5999,,,,,3.4124693870544434,,,,,,,,,,,
42,6009,,,,,3.3766136169433594,,,,,,,,,,,
42,6019,,,,,3.8354387283325195,,,,,,,,,,,
42,6029,,,,,3.680532217025757,,,,,,,,,,,
42,6039,,,,,3.443678140640259,,,,,,,,,,,
42,6049,,,,,3.593808174133301,,,,,,,,,,,
42,6059,,,,,3.3257648944854736,,,,,,,,,,,
42,6069,,,,,3.5834672451019287,,,,,,,,,,,
42,6079,,,,,3.961662530899048,,,,,,,,,,,
42,6089,,,,,3.5325541496276855,,,,,,,,,,,
42,6099,,,,,3.4207756519317627,,,,,,,,,,,
42,42,4.636425503472588,91.13803394595402,,,,,,,,,,,,,,
42,6105,,,,,,3.565279483795166,,,,,,,,,,
43,6109,,,,,3.276799201965332,,,,,,,,,,,
43,6119,,,,,3.5554113388061523,,,,,,,,,,,
43,6129,,,,,3.5191943645477295,,,,,,,,,,,
43,6139,,,,,3.512941837310791,,,,,,,,,,,
43,6149,,,,,3.7977023124694824,,,,,,,,,,,
43,6159,,,,,3.579824209213257,,,,,,,,,,,
43,6169,,,,,3.6005096435546875,,,,,,,,,,,
43,6179,,,,,3.310805082321167,,,,,,,,,,,
43,6189,,,,,3.81424880027771,,,,,,,,,,,
43,6199,,,,,3.4386074542999268,,,,,,,,,,,
43,6209,,,,,3.6475274562835693,,,,,,,,,,,
43,6219,,,,,3.6869447231292725,,,,,,,,,,,
43,6229,,,,,3.9671695232391357,,,,,,,,,,,
43,6239,,,,,3.569234848022461,,,,,,,,,,,
43,43,5.024714674028814,91.14923649119024,,,,,,,,,,,,,,
43,6247,,,,,,3.546335458755493,,,,,,,,,,
44,6249,,,,,3.3856658935546875,,,,,,,,,,,
44,6259,,,,,3.839996337890625,,,,,,,,,,,
44,6269,,,,,3.7470104694366455,,,,,,,,,,,
44,6279,,,,,3.649606227874756,,,,,,,,,,,
44,6289,,,,,3.5706145763397217,,,,,,,,,,,
44,6299,,,,,3.3562517166137695,,,,,,,,,,,
44,6309,,,,,3.691136121749878,,,,,,,,,,,
44,6319,,,,,3.3598458766937256,,,,,,,,,,,
44,6329,,,,,3.204887866973877,,,,,,,,,,,
44,6339,,,,,3.406560182571411,,,,,,,,,,,
44,6349,,,,,3.6461033821105957,,,,,,,,,,,
44,6359,,,,,3.386979103088379,,,,,,,,,,,
44,6369,,,,,3.479241371154785,,,,,,,,,,,
44,6379,,,,,3.693016767501831,,,,,,,,,,,
44,6389,,,,,3.217108964920044,,,,,,,,,,,
44,44,5.487043520501202,91.16002174209127,,,,,,,,,,,,,,
44,6389,,,,,,3.5214481353759766,,,,,,,,,,
45,6399,,,,,3.4067089557647705,,,,,,,,,,,
45,6409,,,,,3.5956075191497803,,,,,,,,,,,
45,6419,,,,,3.5044102668762207,,,,,,,,,,,
45,6429,,,,,3.6151301860809326,,,,,,,,,,,
45,6439,,,,,3.4881138801574707,,,,,,,,,,,
45,6449,,,,,3.497349739074707,,,,,,,,,,,
45,6459,,,,,3.3612663745880127,,,,,,,,,,,
45,6469,,,,,3.401447296142578,,,,,,,,,,,
45,6479,,,,,3.640255928039551,,,,,,,,,,,
45,6489,,,,,3.2940287590026855,,,,,,,,,,,
45,6499,,,,,3.570401430130005,,,,,,,,,,,
45,6509,,,,,3.5992321968078613,,,,,,,,,,,
45,6519,,,,,3.4383702278137207,,,,,,,,,,,
45,6529,,,,,3.237330913543701,,,,,,,,,,,
45,45,4.909393469688708,91.17123644017008,,,,,,,,,,,,,,
45,6531,,,,,,3.5018694400787354,,,,,,,,,,
46,6539,,,,,3.7628114223480225,,,,,,,,,,,
46,6549,,,,,3.6214494705200195,,,,,,,,,,,
46,6559,,,,,3.691462993621826,,,,,,,,,,,
46,6569,,,,,3.9056267738342285,,,,,,,,,,,
46,6579,,,,,3.410817861557007,,,,,,,,,,,
46,6589,,,,,3.3345251083374023,,,,,,,,,,,
46,6599,,,,,3.0550050735473633,,,,,,,,,,,
46,6609,,,,,3.520967960357666,,,,,,,,,,,
46,6619,,,,,3.395846366882324,,,,,,,,,,,
46,6629,,,,,3.40453839302063,,,,,,,,,,,
46,6639,,,,,3.4562366008758545,,,,,,,,,,,
46,6649,,,,,3.167631149291992,,,,,,,,,,,
46,6659,,,,,3.367429733276367,,,,,,,,,,,
46,6669,,,,,3.290858268737793,,,,,,,,,,,
46,46,4.8996198713201,91.18209443957873,,,,,,,,,,,,,,
46,6673,,,,,,3.4789299964904785,,,,,,,,,,
47,6679,,,,,3.1377217769622803,,,,,,,,,,,
47,6689,,,,,3.265512228012085,,,,,,,,,,,
47,6699,,,,,3.5432047843933105,,,,,,,,,,,
47,6709,,,,,3.446737051010132,,,,,,,,,,,
47,6719,,,,,3.5389277935028076,,,,,,,,,,,
47,6729,,,,,3.6107914447784424,,,,,,,,,,,
47,6739,,,,,3.2858147621154785,,,,,,,,,,,
47,6749,,,,,3.0272088050842285,,,,,,,,,,,
47,6759,,,,,3.427680492401123,,,,,,,,,,,
47,6769,,,,,3.334293842315674,,,,,,,,,,,
47,6779,,,,,3.7928013801574707,,,,,,,,,,,
47,6789,,,,,3.1572532653808594,,,,,,,,,,,
47,6799,,,,,3.353489875793457,,,,,,,,,,,
47,6809,,,,,3.6107568740844727,,,,,,,,,,,
47,47,5.230110033358295,91.19266072064113,,,,,,,,,,,,,,
47,6815,,,,,,3.462904214859009,,,,,,,,,,
48,6819,,,,,3.3153958320617676,,,,,,,,,,,
48,6829,,,,,3.4232733249664307,,,,,,,,,,,
48,6839,,,,,3.448071241378784,,,,,,,,,,,
48,6849,,,,,3.640733480453491,,,,,,,,,,,
48,6859,,,,,3.2835893630981445,,,,,,,,,,,
48,6869,,,,,3.449528217315674,,,,,,,,,,,
48,6879,,,,,3.324153423309326,,,,,,,,,,,
48,6889,,,,,3.3182754516601562,,,,,,,,,,,
48,6899,,,,,3.203564405441284,,,,,,,,,,,
48,6909,,,,,3.4380760192871094,,,,,,,,,,,
48,6919,,,,,3.590491771697998,,,,,,,,,,,
48,6929,,,,,3.5468685626983643,,,,,,,,,,,
48,6939,,,,,3.43186092376709,,,,,,,,,,,
48,6949,,,,,3.1065003871917725,,,,,,,,,,,
48,48,4.9353229621188,91.2033804676143,,,,,,,,,,,,,,
48,6957,,,,,,3.440206527709961,,,,,,,,,,
49,6959,,,,,3.4440793991088867,,,,,,,,,,,
49,6969,,,,,3.235093832015991,,,,,,,,,,,
49,6979,,,,,3.3934972286224365,,,,,,,,,,,
49,6989,,,,,3.1889076232910156,,,,,,,,,,,
49,6999,,,,,3.7595348358154297,,,,,,,,,,,
49,7009,,,,,3.3305256366729736,,,,,,,,,,,
49,7019,,,,,3.6474876403808594,,,,,,,,,,,
49,7029,,,,,3.7789201736450195,,,,,,,,,,,
49,7039,,,,,3.386909008026123,,,,,,,,,,,
49,7049,,,,,3.4195010662078857,,,,,,,,,,,
49,7059,,,,,3.366485118865967,,,,,,,,,,,
49,7069,,,,,3.251094341278076,,,,,,,,,,,
49,7079,,,,,3.3673722743988037,,,,,,,,,,,
49,7089,,,,,3.081465482711792,,,,,,,,,,,
49,7099,,,,,3.5499041080474854,,,,,,,,,,,
49,49,,,0.7950168251991272,0.05966998636722565,,,3.2159231900323966,0.13424378633499146,,0.7437573075294495,,0.053016167134046555,,3.3888762267876644,,0.12664778530597687
49,7099,,,,,,,,,0.7437573075294495,,0.053016167134046555,,3.38887619972229,,0.12664778530597687,
49,49,6.233830706477405,91.21389045988838,,,,,,,,,,,,,,
49,7099,,,,,,3.427384614944458,,,,,,,,,,
50,7109,,,,,3.603843927383423,,,,,,,,,,,
50,7119,,,,,3.5938093662261963,,,,,,,,,,,
50,7129,,,,,3.3330702781677246,,,,,,,,,,,
50,7139,,,,,3.758857250213623,,,,,,,,,,,
50,7149,,,,,3.3688387870788574,,,,,,,,,,,
50,7159,,,,,3.1625871658325195,,,,,,,,,,,
50,7169,,,,,3.554673671722412,,,,,,,,,,,
50,7179,,,,,3.5573642253875732,,,,,,,,,,,
50,7189,,,,,3.2976293563842773,,,,,,,,,,,
50,7199,,,,,3.6520330905914307,,,,,,,,,,,
50,7209,,,,,3.5183534622192383,,,,,,,,,,,
50,7219,,,,,3.3891868591308594,,,,,,,,,,,
50,7229,,,,,3.2408392429351807,,,,,,,,,,,
50,7239,,,,,3.195021867752075,,,,,,,,,,,
50,50,6.442733777139226,91.22416673350571,,,,,,,,,,,,,,
50,7241,,,,,,3.4099199771881104,,,,,,,,,,
51,7249,,,,,3.163177967071533,,,,,,,,,,,
51,7259,,,,,3.295194625854492,,,,,,,,,,,
51,7269,,,,,3.5371270179748535,,,,,,,,,,,
51,7279,,,,,3.094151258468628,,,,,,,,,,,
51,7289,,,,,3.5260586738586426,,,,,,,,,,,
51,7299,,,,,3.39434552192688,,,,,,,,,,,
51,7309,,,,,3.2635512351989746,,,,,,,,,,,
51,7319,,,,,2.9808733463287354,,,,,,,,,,,
51,7329,,,,,3.2310681343078613,,,,,,,,,,,
51,7339,,,,,3.592970609664917,,,,,,,,,,,
51,7349,,,,,3.0321834087371826,,,,,,,,,,,
51,7359,,,,,3.53664231300354,,,,,,,,,,,
51,7369,,,,,3.207257032394409,,,,,,,,,,,
51,7379,,,,,3.272459030151367,,,,,,,,,,,
51,51,5.9773732672898765,91.23435018119983,,,,,,,,,,,,,,
51,7383,,,,,,3.3887550830841064,,,,,,,,,,
52,7389,,,,,3.2696568965911865,,,,,,,,,,,
52,7399,,,,,3.6022636890411377,,,,,,,,,,,
52,7409,,,,,3.5211315155029297,,,,,,,,,,,
52,7419,,,,,3.5758142471313477,,,,,,,,,,,
52,7429,,,,,3.1128642559051514,,,,,,,,,,,
52,7439,,,,,3.0863287448883057,,,,,,,,,,,
52,7449,,,,,3.240351438522339,,,,,,,,,,,
52,7459,,,,,3.694072723388672,,,,,,,,,,,
52,7469,,,,,3.187312602996826,,,,,,,,,,,
52,7479,,,,,3.529695749282837,,,,,,,,,,,
52,7489,,,,,3.1560704708099365,,,,,,,,,,,
52,7499,,,,,3.243438243865967,,,,,,,,,,,
52,7509,,,,,3.389152765274048,,,,,,,,,,,
52,7519,,,,,3.268226146697998,,,,,,,,,,,
52,52,6.024488643506128,91.24486574840847,,,,,,,,,,,,,,
52,7525,,,,,,3.3744614124298096,,,,,,,,,,
53,7529,,,,,3.465940475463867,,,,,,,,,,,
53,7539,,,,,3.1255290508270264,,,,,,,,,,,
53,7549,,,,,3.3124165534973145,,,,,,,,,,,
53,7559,,,,,3.5813088417053223,,,,,,,,,,,
53,7569,,,,,3.3286192417144775,,,,,,,,,,,
53,7579,,,,,3.325043201446533,,,,,,,,,,,
53,7589,,,,,3.5902481079101562,,,,,,,,,,,
53,7599,,,,,3.2782814502716064,,,,,,,,,,,
53,7609,,,,,3.3081512451171875,,,,,,,,,,,
53,7619,,,,,3.3569295406341553,,,,,,,,,,,
53,7629,,,,,3.6148300170898438,,,,,,,,,,,
53,7639,,,,,3.344717264175415,,,,,,,,,,,
53,7649,,,,,3.048969268798828,,,,,,,,,,,
53,7659,,,,,3.3585894107818604,,,,,,,,,,,
53,53,5.542946709768151,91.25470906251527,,,,,,,,,,,,,,
53,7667,,,,,,3.35728120803833,,,,,,,,,,
54,7669,,,,,3.237196683883667,,,,,,,,,,,
54,7679,,,,,3.2075090408325195,,,,,,,,,,,
54,7689,,,,,3.433905839920044,,,,,,,,,,,
54,7699,,,,,3.1794395446777344,,,,,,,,,,,
54,7709,,,,,3.314577341079712,,,,,,,,,,,
54,7719,,,,,3.262022018432617,,,,,,,,,,,
54,7729,,,,,3.53301739692688,,,,,,,,,,,
54,7739,,,,,3.1703104972839355,,,,,,,,,,,
54,7749,,,,,3.096252679824829,,,,,,,,,,,
54,7759,,,,,3.271280527114868,,,,,,,,,,,
54,7769,,,,,3.3112335205078125,,,,,,,,,,,
54,7779,,,,,3.209017515182495,,,,,,,,,,,
54,7789,,,,,3.048964262008667,,,,,,,,,,,
54,7799,,,,,3.502608299255371,,,,,,,,,,,
54,7809,,,,,3.337677478790283,,,,,,,,,,,
54,54,6.480578286051821,91.2643367814195,,,,,,,,,,,,,,
54,7809,,,,,,3.34474778175354,,,,,,,,,,
55,7819,,,,,3.271831512451172,,,,,,,,,,,
55,7829,,,,,3.3730645179748535,,,,,,,,,,,
55,7839,,,,,2.998147487640381,,,,,,,,,,,
55,7849,,,,,3.3729894161224365,,,,,,,,,,,
55,7859,,,,,3.5612597465515137,,,,,,,,,,,
55,7869,,,,,3.5371720790863037,,,,,,,,,,,
55,7879,,,,,3.2210466861724854,,,,,,,,,,,
55,7889,,,,,3.366534948348999,,,,,,,,,,,
55,7899,,,,,3.169037342071533,,,,,,,,,,,
55,7909,,,,,3.1684858798980713,,,,,,,,,,,
55,7919,,,,,3.3343822956085205,,,,,,,,,,,
55,7929,,,,,3.5658135414123535,,,,,,,,,,,
55,7939,,,,,3.276468515396118,,,,,,,,,,,
55,7949,,,,,3.4102537631988525,,,,,,,,,,,
55,55,6.255129040690624,91.27396333708994,,,,,,,,,,,,,,
55,7951,,,,,,3.3314993381500244,,,,,,,,,,
56,7959,,,,,3.200789213180542,,,,,,,,,,,
56,7969,,,,,3.3257718086242676,,,,,,,,,,,
56,7979,,,,,3.308736562728882,,,,,,,,,,,
56,7989,,,,,3.453009605407715,,,,,,,,,,,
56,7999,,,,,3.2617766857147217,,,,,,,,,,,
56,8009,,,,,3.2484381198883057,,,,,,,,,,,
56,8019,,,,,3.4103076457977295,,,,,,,,,,,
56,8029,,,,,3.106516122817993,,,,,,,,,,,
56,8039,,,,,3.468012809753418,,,,,,,,,,,
56,8049,,,,,3.2105767726898193,,,,,,,,,,,
56,8059,,,,,3.133950710296631,,,,,,,,,,,
56,8069,,,,,3.406240463256836,,,,,,,,,,,
56,8079,,,,,3.1231658458709717,,,,,,,,,,,
56,8089,,,,,3.3027567863464355,,,,,,,,,,,
56,56,6.9115169177416655,91.28351997446168,,,,,,,,,,,,,,
56,8093,,,,,,3.3079476356506348,,,,,,,,,,
57,8099,,,,,3.2222087383270264,,,,,,,,,,,
57,8109,,,,,3.674370527267456,,,,,,,,,,,
57,8119,,,,,3.0295135974884033,,,,,,,,,,,
57,8129,,,,,3.2239391803741455,,,,,,,,,,,
57,8139,,,,,3.098494291305542,,,,,,,,,,,
57,8149,,,,,3.23772931098938,,,,,,,,,,,
57,8159,,,,,3.2493133544921875,,,,,,,,,,,
57,8169,,,,,3.3469021320343018,,,,,,,,,,,
57,8179,,,,,2.7659895420074463,,,,,,,,,,,
57,8189,,,,,3.1198205947875977,,,,,,,,,,,
57,8199,,,,,3.5542333126068115,,,,,,,,,,,
57,8209,,,,,3.4833920001983643,,,,,,,,,,,
57,8219,,,,,3.2488622665405273,,,,,,,,,,,
57,8229,,,,,3.265031337738037,,,,,,,,,,,
57,57,7.018291842507483,91.29303290320576,,,,,,,,,,,,,,
57,8235,,,,,,3.297299385070801,,,,,,,,,,
58,8239,,,,,3.1839849948883057,,,,,,,,,,,
58,8249,,,,,3.429086208343506,,,,,,,,,,,
58,8259,,,,,3.54091477394104,,,,,,,,,,,
58,8269,,,,,3.197908639907837,,,,,,,,,,,
58,8279,,,,,2.972238302230835,,,,,,,,,,,
58,8289,,,,,3.3152709007263184,,,,,,,,,,,
58,8299,,,,,3.016244411468506,,,,,,,,,,,
58,8309,,,,,3.214144706726074,,,,,,,,,,,
58,8319,,,,,3.5664989948272705,,,,,,,,,,,
58,8329,,,,,3.28597092628479,,,,,,,,,,,
58,8339,,,,,3.14298152923584,,,,,,,,,,,
58,8349,,,,,3.3969826698303223,,,,,,,,,,,
58,8359,,,,,3.030731439590454,,,,,,,,,,,
58,8369,,,,,3.082326889038086,,,,,,,,,,,
58,58,6.423501082575125,91.3016905914515,,,,,,,,,,,,,,
58,8377,,,,,,3.2851641178131104,,,,,,,,,,
59,8379,,,,,3.547741651535034,,,,,,,,,,,
59,8389,,,,,3.1916005611419678,,,,,,,,,,,
59,8399,,,,,3.4067773818969727,,,,,,,,,,,
59,8409,,,,,3.4558870792388916,,,,,,,,,,,
59,8419,,,,,3.467460870742798,,,,,,,,,,,
59,8429,,,,,3.5098531246185303,,,,,,,,,,,
59,8439,,,,,3.167954921722412,,,,,,,,,,,
59,8449,,,,,3.1102991104125977,,,,,,,,,,,
59,8459,,,,,3.4997212886810303,,,,,,,,,,,
59,8469,,,,,3.3876287937164307,,,,,,,,,,,
59,8479,,,,,3.3480851650238037,,,,,,,,,,,
59,8489,,,,,3.457057476043701,,,,,,,,,,,
59,8499,,,,,3.240104913711548,,,,,,,,,,,
59,8509,,,,,2.8475465774536133,,,,,,,,,,,
59,8519,,,,,3.4642133712768555,,,,,,,,,,,
59,59,,,0.8329407572746277,0.07972129434347153,,,3.0661501603968,0.15587526559829712,,0.7773040533065796,,0.07029282301664352,,3.291389985048041,,0.1409931778907776
59,8519,,,,,,,,,0.7773040533065796,,0.07029282301664352,,3.2913899421691895,,0.1409931778907776,
59,59,6.505897833406919,91.31069704388176,,,,,,,,,,,,,,
59,8519,,,,,,3.270397186279297,,,,,,,,,,
60,8529,,,,,3.3244786262512207,,,,,,,,,,,
60,8539,,,,,3.4031918048858643,,,,,,,,,,,
60,8549,,,,,3.4315381050109863,,,,,,,,,,,
60,8559,,,,,3.1972110271453857,,,,,,,,,,,
60,8569,,,,,3.1829211711883545,,,,,,,,,,,
60,8579,,,,,2.9754326343536377,,,,,,,,,,,
60,8589,,,,,3.4375340938568115,,,,,,,,,,,
60,8599,,,,,3.3027608394622803,,,,,,,,,,,
60,8609,,,,,3.5332188606262207,,,,,,,,,,,
60,8619,,,,,3.1962852478027344,,,,,,,,,,,
60,8629,,,,,3.115337371826172,,,,,,,,,,,
60,8639,,,,,2.938297986984253,,,,,,,,,,,
60,8649,,,,,3.4113664627075195,,,,,,,,,,,
60,8659,,,,,3.6182634830474854,,,,,,,,,,,
60,60,6.642640315279146,91.32045630739294,,,,,,,,,,,,,,
60,8661,,,,,,3.252204179763794,,,,,,,,,,
61,8669,,,,,3.0279312133789062,,,,,,,,,,,
61,8679,,,,,3.259580612182617,,,,,,,,,,,
61,8689,,,,,3.29530668258667,,,,,,,,,,,
61,8699,,,,,3.3666460514068604,,,,,,,,,,,
61,8709,,,,,3.2609264850616455,,,,,,,,,,,
61,8719,,,,,3.5029618740081787,,,,,,,,,,,
61,8729,,,,,3.1728694438934326,,,,,,,,,,,
61,8739,,,,,3.45302152633667,,,,,,,,,,,
61,8749,,,,,2.9612200260162354,,,,,,,,,,,
61,8759,,,,,3.067436456680298,,,,,,,,,,,
61,8769,,,,,2.914783477783203,,,,,,,,,,,
61,8779,,,,,3.061818838119507,,,,,,,,,,,
61,8789,,,,,3.211005449295044,,,,,,,,,,,
61,8799,,,,,3.1918816566467285,,,,,,,,,,,
61,61,6.410102478702944,91.3293745626424,,,,,,,,,,,,,,
61,8803,,,,,,3.244002342224121,,,,,,,,,,
62,8809,,,,,3.085822105407715,,,,,,,,,,,
62,8819,,,,,3.2306032180786133,,,,,,,,,,,
62,8829,,,,,3.1666033267974854,,,,,,,,,,,
62,8839,,,,,2.957735538482666,,,,,,,,,,,
62,8849,,,,,3.262648344039917,,,,,,,,,,,
62,8859,,,,,3.357485771179199,,,,,,,,,,,
62,8869,,,,,3.2265748977661133,,,,,,,,,,,
62,8879,,,,,3.3758928775787354,,,,,,,,,,,
62,8889,,,,,3.163952350616455,,,,,,,,,,,
62,8899,,,,,3.022386074066162,,,,,,,,,,,
62,8909,,,,,3.1272714138031006,,,,,,,,,,,
62,8919,,,,,3.3265645503997803,,,,,,,,,,,
62,8929,,,,,3.146970748901367,,,,,,,,,,,
62,8939,,,,,3.3889873027801514,,,,,,,,,,,
62,62,6.304352981761836,91.33841869114582,,,,,,,,,,,,,,
62,8945,,,,,,3.2304372787475586,,,,,,,,,,
63,8949,,,,,2.9792733192443848,,,,,,,,,,,
63,8959,,,,,3.5564351081848145,,,,,,,,,,,
63,8969,,,,,3.3915116786956787,,,,,,,,,,,
63,8979,,,,,3.207097053527832,,,,,,,,,,,
63,8989,,,,,3.2453553676605225,,,,,,,,,,,
63,8999,,,,,3.1735777854919434,,,,,,,,,,,
63,9009,,,,,3.274805784225464,,,,,,,,,,,
63,9019,,,,,3.3397271633148193,,,,,,,,,,,
63,9029,,,,,3.138761520385742,,,,,,,,,,,
63,9039,,,,,3.0278053283691406,,,,,,,,,,,
63,9049,,,,,3.1924421787261963,,,,,,,,,,,
63,9059,,,,,3.16007924079895,,,,,,,,,,,
63,9069,,,,,3.3102080821990967,,,,,,,,,,,
63,9079,,,,,3.427133798599243,,,,,,,,,,,
63,63,6.860964275410573,91.34729008438859,,,,,,,,,,,,,,
63,9087,,,,,,3.2144031524658203,,,,,,,,,,
64,9089,,,,,3.0657074451446533,,,,,,,,,,,
64,9099,,,,,3.381988525390625,,,,,,,,,,,
64,9109,,,,,3.2940313816070557,,,,,,,,,,,
64,9119,,,,,3.1261534690856934,,,,,,,,,,,
64,9129,,,,,3.16977596282959,,,,,,,,,,,
64,9139,,,,,3.279630422592163,,,,,,,,,,,
64,9149,,,,,3.0584347248077393,,,,,,,,,,,
64,9159,,,,,3.072516441345215,,,,,,,,,,,
64,9169,,,,,3.2229015827178955,,,,,,,,,,,
64,9179,,,,,3.2714462280273438,,,,,,,,,,,
64,9189,,,,,2.9785704612731934,,,,,,,,,,,
64,9199,,,,,3.0747549533843994,,,,,,,,,,,
64,9209,,,,,3.125023126602173,,,,,,,,,,,
64,9219,,,,,3.086853504180908,,,,,,,,,,,
64,9229,,,,,3.250366687774658,,,,,,,,,,,
64,64,7.204912121727426,91.35601527311901,,,,,,,,,,,,,,
64,9229,,,,,,3.205212116241455,,,,,,,,,,
65,9239,,,,,2.9506967067718506,,,,,,,,,,,
65,9249,,,,,3.214146614074707,,,,,,,,,,,
65,9259,,,,,2.847278356552124,,,,,,,,,,,
65,9269,,,,,3.355891227722168,,,,,,,,,,,
65,9279,,,,,2.9236204624176025,,,,,,,,,,,
65,9289,,,,,3.187182903289795,,,,,,,,,,,
65,9299,,,,,3.0371227264404297,,,,,,,,,,,
65,9309,,,,,2.890505313873291,,,,,,,,,,,
65,9319,,,,,3.4501445293426514,,,,,,,,,,,
65,9329,,,,,3.669200897216797,,,,,,,,,,,
65,9339,,,,,3.153606414794922,,,,,,,,,,,
65,9349,,,,,3.3012030124664307,,,,,,,,,,,
65,9359,,,,,3.4936821460723877,,,,,,,,,,,
65,9369,,,,,3.2214269638061523,,,,,,,,,,,
65,65,7.9079454199872945,91.36476318951517,,,,,,,,,,,,,,
65,9371,,,,,,3.191781997680664,,,,,,,,,,
66,9379,,,,,3.5989134311676025,,,,,,,,,,,
66,9389,,,,,3.2028417587280273,,,,,,,,,,,
66,9399,,,,,2.938286066055298,,,,,,,,,,,
66,9409,,,,,3.2936227321624756,,,,,,,,,,,
66,9419,,,,,3.1286818981170654,,,,,,,,,,,
66,9429,,,,,3.1176795959472656,,,,,,,,,,,
66,9439,,,,,3.2446131706237793,,,,,,,,,,,
66,9449,,,,,3.546828031539917,,,,,,,,,,,
66,9459,,,,,2.995290756225586,,,,,,,,,,,
66,9469,,,,,3.423307418823242,,,,,,,,,,,
66,9479,,,,,2.900071382522583,,,,,,,,,,,
66,9489,,,,,3.3093743324279785,,,,,,,,,,,
66,9499,,,,,3.1724467277526855,,,,,,,,,,,
66,9509,,,,,3.1993422508239746,,,,,,,,,,,
66,66,7.367395908793409,91.37322281843049,,,,,,,,,,,,,,
66,9513,,,,,,3.1765801906585693,,,,,,,,,,
67,9519,,,,,3.2218503952026367,,,,,,,,,,,
67,9529,,,,,2.8691792488098145,,,,,,,,,,,
67,9539,,,,,2.9653682708740234,,,,,,,,,,,
67,9549,,,,,3.2383944988250732,,,,,,,,,,,
67,9559,,,,,3.3081676959991455,,,,,,,,,,,
67,9569,,,,,3.3459062576293945,,,,,,,,,,,
67,9579,,,,,2.915170907974243,,,,,,,,,,,
67,9589,,,,,2.8890764713287354,,,,,,,,,,,
67,9599,,,,,3.2056126594543457,,,,,,,,,,,
67,9609,,,,,3.1751415729522705,,,,,,,,,,,
67,9619,,,,,2.8464059829711914,,,,,,,,,,,
67,9629,,,,,3.2272331714630127,,,,,,,,,,,
67,9639,,,,,3.3714964389801025,,,,,,,,,,,
67,9649,,,,,3.0219714641571045,,,,,,,,,,,
67,67,7.000946199175581,91.38189585486779,,,,,,,,,,,,,,
67,9655,,,,,,3.167025327682495,,,,,,,,,,
68,9659,,,,,3.026109457015991,,,,,,,,,,,
68,9669,,,,,2.9329676628112793,,,,,,,,,,,
68,9679,,,,,2.920217275619507,,,,,,,,,,,
68,9689,,,,,3.103148937225342,,,,,,,,,,,
68,9699,,,,,2.9039032459259033,,,,,,,,,,,
68,9709,,,,,3.3411660194396973,,,,,,,,,,,
68,9719,,,,,3.0600640773773193,,,,,,,,,,,
68,9729,,,,,3.296971321105957,,,,,,,,,,,
68,9739,,,,,3.0350184440612793,,,,,,,,,,,
68,9749,,,,,3.2056126594543457,,,,,,,,,,,
68,9759,,,,,2.8850295543670654,,,,,,,,,,,
68,9769,,,,,2.9505248069763184,,,,,,,,,,,
68,9779,,,,,3.5196707248687744,,,,,,,,,,,
68,9789,,,,,3.157458543777466,,,,,,,,,,,
68,68,7.474043748058503,91.39046160525257,,,,,,,,,,,,,,
68,9797,,,,,,3.1527509689331055,,,,,,,,,,
69,9799,,,,,3.1453824043273926,,,,,,,,,,,
69,9809,,,,,3.0685818195343018,,,,,,,,,,,
69,9819,,,,,3.227015972137451,,,,,,,,,,,
69,9829,,,,,2.9265501499176025,,,,,,,,,,,
69,9839,,,,,3.294863700866699,,,,,,,,,,,
69,9849,,,,,3.3450536727905273,,,,,,,,,,,
69,9859,,,,,3.136009454727173,,,,,,,,,,,
69,9869,,,,,3.368536949157715,,,,,,,,,,,
69,9879,,,,,3.4686365127563477,,,,,,,,,,,
69,9889,,,,,2.9319145679473877,,,,,,,,,,,
69,9899,,,,,3.04408597946167,,,,,,,,,,,
69,9909,,,,,3.0638720989227295,,,,,,,,,,,
69,9919,,,,,3.0059282779693604,,,,,,,,,,,
69,9929,,,,,2.941075563430786,,,,,,,,,,,
69,9939,,,,,3.1702842712402344,,,,,,,,,,,
69,69,,,0.8612669110298157,0.08992825448513031,,,2.949599068862677,0.17470642924308777,,0.8005884885787964,,0.0789659172296524,,3.228810451468643,,0.15333926677703857
69,9939,,,,,,,,,0.8005884885787964,,0.0789659172296524,,3.2288107872009277,,0.15333926677703857,
69,69,7.287205996657214,91.39885846359653,,,,,,,,,,,,,,
69,9939,,,,,,3.14408802986145,,,,,,,,,,
70,9949,,,,,3.158189535140991,,,,,,,,,,,
70,9959,,,,,3.716543436050415,,,,,,,,,,,
70,9969,,,,,3.1234638690948486,,,,,,,,,,,
70,9979,,,,,2.879138708114624,,,,,,,,,,,
70,9989,,,,,3.262885332107544,,,,,,,,,,,
70,9999,,,,,2.9917449951171875,,,,,,,,,,,
70,10009,,,,,2.8916027545928955,,,,,,,,,,,
70,10019,,,,,2.776806592941284,,,,,,,,,,,
70,10029,,,,,3.027982473373413,,,,,,,,,,,
70,10039,,,,,3.025395631790161,,,,,,,,,,,
70,10049,,,,,3.380789041519165,,,,,,,,,,,
70,10059,,,,,2.8663487434387207,,,,,,,,,,,
70,10069,,,,,3.0934741497039795,,,,,,,,,,,
70,10079,,,,,3.037443161010742,,,,,,,,,,,
70,70,8.082170145438152,91.40684502753508,,,,,,,,,,,,,,
70,10081,,,,,,3.1266746520996094,,,,,,,,,,
71,10089,,,,,3.2336208820343018,,,,,,,,,,,
71,10099,,,,,3.221191883087158,,,,,,,,,,,
71,10109,,,,,3.1497137546539307,,,,,,,,,,,
71,10119,,,,,3.219010829925537,,,,,,,,,,,
71,10129,,,,,3.1161327362060547,,,,,,,,,,,
71,10139,,,,,2.9690659046173096,,,,,,,,,,,
71,10149,,,,,2.948453903198242,,,,,,,,,,,
71,10159,,,,,2.736469030380249,,,,,,,,,,,
71,10169,,,,,3.0977447032928467,,,,,,,,,,,
71,10179,,,,,3.6124699115753174,,,,,,,,,,,
71,10189,,,,,2.7782487869262695,,,,,,,,,,,
71,10199,,,,,3.3513100147247314,,,,,,,,,,,
71,10209,,,,,3.323942184448242,,,,,,,,,,,
71,10219,,,,,3.2068800926208496,,,,,,,,,,,
71,71,7.653795159495416,91.41536303208827,,,,,,,,,,,,,,
71,10223,,,,,,3.1195285320281982,,,,,,,,,,
72,10229,,,,,3.4241552352905273,,,,,,,,,,,
72,10239,,,,,3.0626745223999023,,,,,,,,,,,
72,10249,,,,,2.925798177719116,,,,,,,,,,,
72,10259,,,,,3.32146954536438,,,,,,,,,,,
72,10269,,,,,3.4749298095703125,,,,,,,,,,,
72,10279,,,,,2.78826904296875,,,,,,,,,,,
72,10289,,,,,3.150866746902466,,,,,,,,,,,
72,10299,,,,,3.1012041568756104,,,,,,,,,,,
72,10309,,,,,3.1293530464172363,,,,,,,,,,,
72,10319,,,,,3.0598268508911133,,,,,,,,,,,
72,10329,,,,,2.8977808952331543,,,,,,,,,,,
72,10339,,,,,2.8537161350250244,,,,,,,,,,,
72,10349,,,,,3.322751998901367,,,,,,,,,,,
72,10359,,,,,3.3564467430114746,,,,,,,,,,,
72,72,7.228960928477668,91.42384958651829,,,,,,,,,,,,,,
72,10365,,,,,,3.1079416275024414,,,,,,,,,,
73,10369,,,,,2.828667163848877,,,,,,,,,,,
73,10379,,,,,3.1275548934936523,,,,,,,,,,,
73,10389,,,,,3.10815691947937,,,,,,,,,,,
73,10399,,,,,2.8765532970428467,,,,,,,,,,,
73,10409,,,,,2.754819631576538,,,,,,,,,,,
73,10419,,,,,3.424528121948242,,,,,,,,,,,
73,10429,,,,,2.8982861042022705,,,,,,,,,,,
73,10439,,,,,2.900439739227295,,,,,,,,,,,
73,10449,,,,,3.109844923019409,,,,,,,,,,,
73,10459,,,,,2.984971761703491,,,,,,,,,,,
73,10469,,,,,3.347562551498413,,,,,,,,,,,
73,10479,,,,,2.676640033721924,,,,,,,,,,,
73,10489,,,,,3.0453429222106934,,,,,,,,,,,
73,10499,,,,,2.885634660720825,,,,,,,,,,,
73,73,7.861429551464679,91.43161351317823,,,,,,,,,,,,,,
73,10507,,,,,,3.0977981090545654,,,,,,,,,,
74,10509,,,,,3.1617937088012695,,,,,,,,,,,
74,10519,,,,,3.035518169403076,,,,,,,,,,,
74,10529,,,,,3.2094671726226807,,,,,,,,,,,
74,10539,,,,,2.7452292442321777,,,,,,,,,,,
74,10549,,,,,2.9240660667419434,,,,,,,,,,,
74,10559,,,,,3.148380994796753,,,,,,,,,,,
74,10569,,,,,2.998807191848755,,,,,,,,,,,
74,10579,,,,,3.1474838256835938,,,,,,,,,,,
74,10589,,,,,3.285327911376953,,,,,,,,,,,
74,10599,,,,,2.8392491340637207,,,,,,,,,,,
74,10609,,,,,3.0435383319854736,,,,,,,,,,,
74,10619,,,,,3.0843255519866943,,,,,,,,,,,
74,10629,,,,,3.0533969402313232,,,,,,,,,,,
74,10639,,,,,3.5115137100219727,,,,,,,,,,,
74,10649,,,,,2.733452320098877,,,,,,,,,,,
74,74,7.684206196116437,91.4397699871795,,,,,,,,,,,,,,
74,10649,,,,,,3.0827648639678955,,,,,,,,,,
75,10659,,,,,3.198568105697632,,,,,,,,,,,
75,10669,,,,,3.002755880355835,,,,,,,,,,,
75,10679,,,,,3.0931997299194336,,,,,,,,,,,
75,10689,,,,,3.359105110168457,,,,,,,,,,,
75,10699,,,,,3.1296944618225098,,,,,,,,,,,
75,10709,,,,,3.1442043781280518,,,,,,,,,,,
75,10719,,,,,3.098468065261841,,,,,,,,,,,
75,10729,,,,,2.8331496715545654,,,,,,,,,,,
75,10739,,,,,3.0435235500335693,,,,,,,,,,,
75,10749,,,,,2.909135103225708,,,,,,,,,,,
75,10759,,,,,3.00042462348938,,,,,,,,,,,
75,10769,,,,,2.9204797744750977,,,,,,,,,,,
75,10779,,,,,3.1490228176116943,,,,,,,,,,,
75,10789,,,,,3.1701955795288086,,,,,,,,,,,
75,75,7.777617874016376,91.44831945535184,,,,,,,,,,,,,,
75,10791,,,,,,3.0746095180511475,,,,,,,,,,
76,10799,,,,,2.9937760829925537,,,,,,,,,,,
76,10809,,,,,3.079045295715332,,,,,,,,,,,
76,10819,,,,,3.0236477851867676,,,,,,,,,,,
76,10829,,,,,3.2023653984069824,,,,,,,,,,,
76,10839,,,,,3.0691027641296387,,,,,,,,,,,
76,10849,,,,,3.1847898960113525,,,,,,,,,,,
76,10859,,,,,3.1830012798309326,,,,,,,,,,,
76,10869,,,,,2.8979601860046387,,,,,,,,,,,
76,10879,,,,,2.9772398471832275,,,,,,,,,,,
76,10889,,,,,2.923738956451416,,,,,,,,,,,
76,10899,,,,,2.8959476947784424,,,,,,,,,,,
76,10909,,,,,3.126919984817505,,,,,,,,,,,
76,10919,,,,,3.04362416267395,,,,,,,,,,,
76,10929,,,,,3.0363214015960693,,,,,,,,,,,
76,76,8.344119597094432,91.45632201491419,,,,,,,,,,,,,,
76,10933,,,,,,3.0621137619018555,,,,,,,,,,
77,10939,,,,,2.8268988132476807,,,,,,,,,,,
77,10949,,,,,2.973945140838623,,,,,,,,,,,
77,10959,,,,,3.0878541469573975,,,,,,,,,,,
77,10969,,,,,3.0047221183776855,,,,,,,,,,,
77,10979,,,,,2.9501945972442627,,,,,,,,,,,
77,10989,,,,,3.265620231628418,,,,,,,,,,,
77,10999,,,,,2.905726194381714,,,,,,,,,,,
77,11009,,,,,2.977924108505249,,,,,,,,,,,
77,11019,,,,,3.05011248588562,,,,,,,,,,,
77,11029,,,,,3.1422059535980225,,,,,,,,,,,
77,11039,,,,,2.7437803745269775,,,,,,,,,,,
77,11049,,,,,3.072924852371216,,,,,,,,,,,
77,11059,,,,,3.154022216796875,,,,,,,,,,,
77,11069,,,,,3.0714988708496094,,,,,,,,,,,
77,77,8.411612478363766,91.46427502344001,,,,,,,,,,,,,,
77,11075,,,,,,3.0528554916381836,,,,,,,,,,
78,11079,,,,,3.0999667644500732,,,,,,,,,,,
78,11089,,,,,3.3706271648406982,,,,,,,,,,,
78,11099,,,,,2.8231658935546875,,,,,,,,,,,
78,11109,,,,,2.7432384490966797,,,,,,,,,,,
78,11119,,,,,2.9026262760162354,,,,,,,,,,,
78,11129,,,,,2.9234488010406494,,,,,,,,,,,
78,11139,,,,,2.7533071041107178,,,,,,,,,,,
78,11149,,,,,2.7545201778411865,,,,,,,,,,,
78,11159,,,,,2.907047748565674,,,,,,,,,,,
78,11169,,,,,2.8058888912200928,,,,,,,,,,,
78,11179,,,,,3.061382293701172,,,,,,,,,,,
78,11189,,,,,2.7720742225646973,,,,,,,,,,,
78,11199,,,,,2.8251616954803467,,,,,,,,,,,
78,11209,,,,,3.185379981994629,,,,,,,,,,,
78,78,8.13477707336651,91.47184857436037,,,,,,,,,,,,,,
78,11217,,,,,,3.041386604309082,,,,,,,,,,
79,11219,,,,,2.9707601070404053,,,,,,,,,,,
79,11229,,,,,2.842377185821533,,,,,,,,,,,
79,11239,,,,,3.0566678047180176,,,,,,,,,,,
79,11249,,,,,3.032823085784912,,,,,,,,,,,
79,11259,,,,,3.4065945148468018,,,,,,,,,,,
79,11269,,,,,2.857591152191162,,,,,,,,,,,
79,11279,,,,,3.370018243789673,,,,,,,,,,,
79,11289,,,,,2.6571342945098877,,,,,,,,,,,
79,11299,,,,,3.3266942501068115,,,,,,,,,,,
79,11309,,,,,2.538114309310913,,,,,,,,,,,
79,11319,,,,,3.1252152919769287,,,,,,,,,,,
79,11329,,,,,2.551546573638916,,,,,,,,,,,
79,11339,,,,,2.9772276878356934,,,,,,,,,,,
79,11349,,,,,3.110443353652954,,,,,,,,,,,
79,11359,,,,,3.3303003311157227,,,,,,,,,,,
79,79,,,0.8824080228805542,0.10315564274787903,,,2.8250455631591342,0.19666793942451477,,0.8173397779464722,,0.08923856168985367,,3.167991887549965,,0.16318297386169434
79,11359,,,,,,,,,0.8173397779464722,,0.08923856168985367,,3.1679913997650146,,0.16318297386169434,
79,79,7.81182370581351,91.47979145311183,,,,,,,,,,,,,,
79,11359,,,,,,3.029223680496216,,,,,,,,,,
80,11369,,,,,3.0578832626342773,,,,,,,,,,,
80,11379,,,,,3.0604536533355713,,,,,,,,,,,
80,11389,,,,,3.368302583694458,,,,,,,,,,,
80,11399,,,,,3.0492913722991943,,,,,,,,,,,
80,11409,,,,,2.9783153533935547,,,,,,,,,,,
80,11419,,,,,3.0047972202301025,,,,,,,,,,,
80,11429,,,,,2.6982271671295166,,,,,,,,,,,
80,11439,,,,,3.137444019317627,,,,,,,,,,,
80,11449,,,,,2.844025135040283,,,,,,,,,,,
80,11459,,,,,3.4161808490753174,,,,,,,,,,,
80,11469,,,,,2.8601176738739014,,,,,,,,,,,
80,11479,,,,,2.869180917739868,,,,,,,,,,,
80,11489,,,,,2.9977684020996094,,,,,,,,,,,
80,11499,,,,,2.8510048389434814,,,,,,,,,,,
80,80,8.975323787825085,91.48746030511272,,,,,,,,,,,,,,
80,11501,,,,,,3.023655414581299,,,,,,,,,,
81,11509,,,,,3.3555798530578613,,,,,,,,,,,
81,11519,,,,,3.0003395080566406,,,,,,,,,,,
81,11529,,,,,2.640745162963867,,,,,,,,,,,
81,11539,,,,,3.16007661819458,,,,,,,,,,,
81,11549,,,,,3.0583081245422363,,,,,,,,,,,
81,11559,,,,,3.14009952545166,,,,,,,,,,,
81,11569,,,,,3.1674184799194336,,,,,,,,,,,
81,11579,,,,,2.7044677734375,,,,,,,,,,,
81,11589,,,,,3.0810439586639404,,,,,,,,,,,
81,11599,,,,,2.9824774265289307,,,,,,,,,,,
81,11609,,,,,3.071059226989746,,,,,,,,,,,
81,11619,,,,,2.8014376163482666,,,,,,,,,,,
81,11629,,,,,3.297187328338623,,,,,,,,,,,
81,11639,,,,,3.3587400913238525,,,,,,,,,,,
81,81,8.868879329314355,91.49512310537567,,,,,,,,,,,,,,
81,11643,,,,,,3.0111212730407715,,,,,,,,,,
82,11649,,,,,3.0019357204437256,,,,,,,,,,,
82,11659,,,,,3.0507333278656006,,,,,,,,,,,
82,11669,,,,,2.7914695739746094,,,,,,,,,,,
82,11679,,,,,2.7219879627227783,,,,,,,,,,,
82,11689,,,,,2.779527187347412,,,,,,,,,,,
82,11699,,,,,3.191272020339966,,,,,,,,,,,
82,11709,,,,,3.0645904541015625,,,,,,,,,,,
82,11719,,,,,2.9828341007232666,,,,,,,,,,,
82,11729,,,,,2.9420857429504395,,,,,,,,,,,
82,11739,,,,,2.741852045059204,,,,,,,,,,,
82,11749,,,,,3.0536861419677734,,,,,,,,,,,
82,11759,,,,,2.764662981033325,,,,,,,,,,,
82,11769,,,,,3.2647557258605957,,,,,,,,,,,
82,11779,,,,,2.617643356323242,,,,,,,,,,,
82,82,8.872783168597385,91.50351419641626,,,,,,,,,,,,,,
82,11785,,,,,,3.0025336742401123,,,,,,,,,,
83,11789,,,,,3.084357738494873,,,,,,,,,,,
83,11799,,,,,2.873840570449829,,,,,,,,,,,
83,11809,,,,,3.1733767986297607,,,,,,,,,,,
83,11819,,,,,2.831463575363159,,,,,,,,,,,
83,11829,,,,,3.1767852306365967,,,,,,,,,,,
83,11839,,,,,2.932147979736328,,,,,,,,,,,
83,11849,,,,,3.3051295280456543,,,,,,,,,,,
83,11859,,,,,3.104552745819092,,,,,,,,,,,
83,11869,,,,,3.0746002197265625,,,,,,,,,,,
83,11879,,,,,2.9427337646484375,,,,,,,,,,,
83,11889,,,,,2.9915056228637695,,,,,,,,,,,
83,11899,,,,,3.4387102127075195,,,,,,,,,,,
83,11909,,,,,2.9000885486602783,,,,,,,,,,,
83,11919,,,,,3.0395665168762207,,,,,,,,,,,
83,83,9.240990089862276,91.51108001975346,,,,,,,,,,,,,,
83,11927,,,,,,2.9878933429718018,,,,,,,,,,
84,11929,,,,,2.7688982486724854,,,,,,,,,,,
84,11939,,,,,3.102914571762085,,,,,,,,,,,
84,11949,,,,,3.0844130516052246,,,,,,,,,,,
84,11959,,,,,2.693679094314575,,,,,,,,,,,
84,11969,,,,,2.860595703125,,,,,,,,,,,
84,11979,,,,,3.096423625946045,,,,,,,,,,,
84,11989,,,,,2.9743382930755615,,,,,,,,,,,
84,11999,,,,,3.1358561515808105,,,,,,,,,,,
84,12009,,,,,3.1378707885742188,,,,,,,,,,,
84,12019,,,,,2.8506360054016113,,,,,,,,,,,
84,12029,,,,,3.011342763900757,,,,,,,,,,,
84,12039,,,,,2.6894760131835938,,,,,,,,,,,
84,12049,,,,,2.7252206802368164,,,,,,,,,,,
84,12059,,,,,2.7867538928985596,,,,,,,,,,,
84,12069,,,,,2.8836827278137207,,,,,,,,,,,
84,84,8.894949618629765,91.51861567045933,,,,,,,,,,,,,,
84,12069,,,,,,2.980470895767212,,,,,,,,,,
85,12079,,,,,2.7985692024230957,,,,,,,,,,,
85,12089,,,,,2.7312886714935303,,,,,,,,,,,
85,12099,,,,,3.2407422065734863,,,,,,,,,,,
85,12109,,,,,2.9589297771453857,,,,,,,,,,,
85,12119,,,,,3.1875085830688477,,,,,,,,,,,
85,12129,,,,,2.9397237300872803,,,,,,,,,,,
85,12139,,,,,3.262834072113037,,,,,,,,,,,
85,12149,,,,,3.3351337909698486,,,,,,,,,,,
85,12159,,,,,2.893240213394165,,,,,,,,,,,
85,12169,,,,,3.2200655937194824,,,,,,,,,,,
85,12179,,,,,3.225728988647461,,,,,,,,,,,
85,12189,,,,,3.1175193786621094,,,,,,,,,,,
85,12199,,,,,3.2463693618774414,,,,,,,,,,,
85,12209,,,,,2.871485471725464,,,,,,,,,,,
85,85,8.191891329099771,91.5266093954964,,,,,,,,,,,,,,
85,12211,,,,,,2.967529296875,,,,,,,,,,
86,12219,,,,,3.1602232456207275,,,,,,,,,,,
86,12229,,,,,3.090165853500366,,,,,,,,,,,
86,12239,,,,,3.175691843032837,,,,,,,,,,,
86,12249,,,,,2.927088499069214,,,,,,,,,,,
86,12259,,,,,3.0516228675842285,,,,,,,,,,,
86,12269,,,,,2.8353641033172607,,,,,,,,,,,
86,12279,,,,,3.0223217010498047,,,,,,,,,,,
86,12289,,,,,2.7842857837677,,,,,,,,,,,
86,12299,,,,,2.6208324432373047,,,,,,,,,,,
86,12309,,,,,2.802727222442627,,,,,,,,,,,
86,12319,,,,,2.721813678741455,,,,,,,,,,,
86,12329,,,,,2.964589834213257,,,,,,,,,,,
86,12339,,,,,3.2154316902160645,,,,,,,,,,,
86,12349,,,,,3.12471604347229,,,,,,,,,,,
86,86,9.788010473847349,91.5339751740036,,,,,,,,,,,,,,
86,12353,,,,,,2.9673352241516113,,,,,,,,,,
87,12359,,,,,2.9174654483795166,,,,,,,,,,,
87,12369,,,,,3.1161112785339355,,,,,,,,,,,
87,12379,,,,,2.8930554389953613,,,,,,,,,,,
87,12389,,,,,2.9054484367370605,,,,,,,,,,,
87,12399,,,,,3.108243227005005,,,,,,,,,,,
87,12409,,,,,2.9857914447784424,,,,,,,,,,,
87,12419,,,,,2.8811702728271484,,,,,,,,,,,
87,12429,,,,,2.8417811393737793,,,,,,,,,,,
87,12439,,,,,2.770142078399658,,,,,,,,,,,
87,12449,,,,,3.0603435039520264,,,,,,,,,,,
87,12459,,,,,3.3447446823120117,,,,,,,,,,,
87,12469,,,,,3.1150059700012207,,,,,,,,,,,
87,12479,,,,,2.962066888809204,,,,,,,,,,,
87,12489,,,,,2.623927593231201,,,,,,,,,,,
87,87,8.998082313891917,91.54153459510002,,,,,,,,,,,,,,
87,12495,,,,,,2.946099042892456,,,,,,,,,,
88,12499,,,,,3.126810312271118,,,,,,,,,,,
88,12509,,,,,2.824599027633667,,,,,,,,,,,
88,12519,,,,,3.0094523429870605,,,,,,,,,,,
88,12529,,,,,3.088031530380249,,,,,,,,,,,
88,12539,,,,,2.954174518585205,,,,,,,,,,,
88,12549,,,,,2.762286901473999,,,,,,,,,,,
88,12559,,,,,3.0706257820129395,,,,,,,,,,,
88,12569,,,,,2.965198040008545,,,,,,,,,,,
88,12579,,,,,2.9307408332824707,,,,,,,,,,,
88,12589,,,,,3.1694624423980713,,,,,,,,,,,
88,12599,,,,,3.0887138843536377,,,,,,,,,,,
88,12609,,,,,2.8778676986694336,,,,,,,,,,,
88,12619,,,,,2.8546056747436523,,,,,,,,,,,
88,12629,,,,,2.962702512741089,,,,,,,,,,,
88,88,9.048680322762264,91.54894173368953,,,,,,,,,,,,,,
88,12637,,,,,,2.951690673828125,,,,,,,,,,
89,12639,,,,,3.2910122871398926,,,,,,,,,,,
89,12649,,,,,3.2664079666137695,,,,,,,,,,,
89,12659,,,,,3.0818207263946533,,,,,,,,,,,
89,12669,,,,,2.865095376968384,,,,,,,,,,,
89,12679,,,,,2.7464213371276855,,,,,,,,,,,
89,12689,,,,,3.1628921031951904,,,,,,,,,,,
89,12699,,,,,3.1950488090515137,,,,,,,,,,,
89,12709,,,,,2.8678529262542725,,,,,,,,,,,
89,12719,,,,,2.980886697769165,,,,,,,,,,,
89,12729,,,,,2.9055252075195312,,,,,,,,,,,
89,12739,,,,,2.797126054763794,,,,,,,,,,,
89,12749,,,,,2.7737038135528564,,,,,,,,,,,
89,12759,,,,,3.118354320526123,,,,,,,,,,,
89,12769,,,,,3.4498937129974365,,,,,,,,,,,
89,12779,,,,,3.0431671142578125,,,,,,,,,,,
89,89,,,0.8984178900718689,0.10961255431175232,,,2.750960759792152,0.21412748098373413,,0.8279466032981873,,0.09196752309799194,,3.1827855061511605,,0.1734062135219574
89,12779,,,,,,,,,0.8279466032981873,,0.09196752309799194,,3.1827852725982666,,0.1734062135219574,
89,89,10.391042929099765,91.55636550451611,,,,,,,,,,,,,,
89,12779,,,,,,2.9325881004333496,,,,,,,,,,
90,12789,,,,,2.958275318145752,,,,,,,,,,,
90,12799,,,,,2.9940056800842285,,,,,,,,,,,
90,12809,,,,,2.8466081619262695,,,,,,,,,,,
90,12819,,,,,2.8076438903808594,,,,,,,,,,,
90,12829,,,,,2.918860673904419,,,,,,,,,,,
90,12839,,,,,3.1423232555389404,,,,,,,,,,,
90,12849,,,,,3.0489842891693115,,,,,,,,,,,
90,12859,,,,,2.9711873531341553,,,,,,,,,,,
90,12869,,,,,3.102196216583252,,,,,,,,,,,
90,12879,,,,,2.791041851043701,,,,,,,,,,,
90,12889,,,,,3.1624181270599365,,,,,,,,,,,
90,12899,,,,,2.871958017349243,,,,,,,,,,,
90,12909,,,,,2.848968029022217,,,,,,,,,,,
90,12919,,,,,2.997252941131592,,,,,,,,,,,
90,90,9.565608506842677,91.56367035111745,,,,,,,,,,,,,,
90,12921,,,,,,2.920926570892334,,,,,,,,,,
91,12929,,,,,2.7826597690582275,,,,,,,,,,,
91,12939,,,,,2.787989854812622,,,,,,,,,,,
91,12949,,,,,3.0841712951660156,,,,,,,,,,,
91,12959,,,,,2.929408550262451,,,,,,,,,,,
91,12969,,,,,2.830859899520874,,,,,,,,,,,
91,12979,,,,,3.115518808364868,,,,,,,,,,,
91,12989,,,,,2.799449920654297,,,,,,,,,,,
91,12999,,,,,2.7564713954925537,,,,,,,,,,,
91,13009,,,,,2.9614245891571045,,,,,,,,,,,
91,13019,,,,,2.9979374408721924,,,,,,,,,,,
91,13029,,,,,2.667595863342285,,,,,,,,,,,
91,13039,,,,,3.1451756954193115,,,,,,,,,,,
91,13049,,,,,2.6974997520446777,,,,,,,,,,,
91,13059,,,,,2.6783504486083984,,,,,,,,,,,
91,91,9.080214732084283,91.57119107879524,,,,,,,,,,,,,,
91,13063,,,,,,2.915168523788452,,,,,,,,,,
92,13069,,,,,3.064321279525757,,,,,,,,,,,
92,13079,,,,,2.882750988006592,,,,,,,,,,,
92,13089,,,,,3.287952184677124,,,,,,,,,,,
92,13099,,,,,3.1311769485473633,,,,,,,,,,,
92,13109,,,,,2.8595683574676514,,,,,,,,,,,
92,13119,,,,,3.1222071647644043,,,,,,,,,,,
92,13129,,,,,3.0038704872131348,,,,,,,,,,,
92,13139,,,,,3.0471949577331543,,,,,,,,,,,
92,13149,,,,,2.793872833251953,,,,,,,,,,,
92,13159,,,,,3.073137044906616,,,,,,,,,,,
92,13169,,,,,2.8246569633483887,,,,,,,,,,,
92,13179,,,,,3.0683562755584717,,,,,,,,,,,
92,13189,,,,,3.526820659637451,,,,,,,,,,,
92,13199,,,,,3.16628098487854,,,,,,,,,,,
92,92,10.05978416985359,91.57928238599679,,,,,,,,,,,,,,
92,13205,,,,,,2.9086697101593018,,,,,,,,,,
93,13209,,,,,3.080070734024048,,,,,,,,,,,
93,13219,,,,,3.1709582805633545,,,,,,,,,,,
93,13229,,,,,2.7869153022766113,,,,,,,,,,,
93,13239,,,,,2.294750452041626,,,,,,,,,,,
93,13249,,,,,3.11153507232666,,,,,,,,,,,
93,13259,,,,,3.176868200302124,,,,,,,,,,,
93,13269,,,,,2.640744209289551,,,,,,,,,,,
93,13279,,,,,3.094893217086792,,,,,,,,,,,
93,13289,,,,,3.2548234462738037,,,,,,,,,,,
93,13299,,,,,2.9397497177124023,,,,,,,,,,,
93,13309,,,,,2.8901901245117188,,,,,,,,,,,
93,13319,,,,,2.9817471504211426,,,,,,,,,,,
93,13329,,,,,2.8928489685058594,,,,,,,,,,,
93,13339,,,,,2.986215829849243,,,,,,,,,,,
93,93,10.10950002432772,91.58677243711332,,,,,,,,,,,,,,
93,13347,,,,,,2.8980512619018555,,,,,,,,,,
94,13349,,,,,2.9218194484710693,,,,,,,,,,,
94,13359,,,,,2.6875946521759033,,,,,,,,,,,
94,13369,,,,,2.5243687629699707,,,,,,,,,,,
94,13379,,,,,2.670118570327759,,,,,,,,,,,
94,13389,,,,,3.0651800632476807,,,,,,,,,,,
94,13399,,,,,2.9605236053466797,,,,,,,,,,,
94,13409,,,,,2.8741393089294434,,,,,,,,,,,
94,13419,,,,,3.1521852016448975,,,,,,,,,,,
94,13429,,,,,2.709500789642334,,,,,,,,,,,
94,13439,,,,,3.0153157711029053,,,,,,,,,,,
94,13449,,,,,3.05193829536438,,,,,,,,,,,
94,13459,,,,,2.870593547821045,,,,,,,,,,,
94,13469,,,,,2.9216179847717285,,,,,,,,,,,
94,13479,,,,,2.8221771717071533,,,,,,,,,,,
94,13489,,,,,2.9182262420654297,,,,,,,,,,,
94,94,9.066399382466626,91.59425644401449,,,,,,,,,,,,,,
94,13489,,,,,,2.892401695251465,,,,,,,,,,
95,13499,,,,,2.649555206298828,,,,,,,,,,,
95,13509,,,,,2.626330852508545,,,,,,,,,,,
95,13519,,,,,2.8956217765808105,,,,,,,,,,,
95,13529,,,,,3.126912832260132,,,,,,,,,,,
95,13539,,,,,3.0023813247680664,,,,,,,,,,,
95,13549,,,,,3.0502002239227295,,,,,,,,,,,
95,13559,,,,,2.907381296157837,,,,,,,,,,,
95,13569,,,,,2.8739583492279053,,,,,,,,,,,
95,13579,,,,,2.7758965492248535,,,,,,,,,,,
95,13589,,,,,2.761202335357666,,,,,,,,,,,
95,13599,,,,,2.7664666175842285,,,,,,,,,,,
95,13609,,,,,3.198098659515381,,,,,,,,,,,
95,13619,,,,,2.5813405513763428,,,,,,,,,,,
95,13629,,,,,2.8287739753723145,,,,,,,,,,,
95,95,9.397300143814448,91.60187155519982,,,,,,,,,,,,,,
95,13631,,,,,,2.8797357082366943,,,,,,,,,,
96,13639,,,,,3.1086344718933105,,,,,,,,,,,
96,13649,,,,,2.803689479827881,,,,,,,,,,,
96,13659,,,,,3.0235676765441895,,,,,,,,,,,
96,13669,,,,,2.8161745071411133,,,,,,,,,,,
96,13679,,,,,2.9765822887420654,,,,,,,,,,,
96,13689,,,,,2.8169891834259033,,,,,,,,,,,
96,13699,,,,,2.8788506984710693,,,,,,,,,,,
96,13709,,,,,2.770721435546875,,,,,,,,,,,
96,13719,,,,,3.0165834426879883,,,,,,,,,,,
96,13729,,,,,2.7761590480804443,,,,,,,,,,,
96,13739,,,,,2.617347240447998,,,,,,,,,,,
96,13749,,,,,2.967190742492676,,,,,,,,,,,
96,13759,,,,,2.8285019397735596,,,,,,,,,,,
96,13769,,,,,2.600083827972412,,,,,,,,,,,
96,96,10.64771390577386,91.60928142030683,,,,,,,,,,,,,,
96,13773,,,,,,2.8693439960479736,,,,,,,,,,
97,13779,,,,,2.808384895324707,,,,,,,,,,,
97,13789,,,,,2.7804040908813477,,,,,,,,,,,
97,13799,,,,,2.7193422317504883,,,,,,,,,,,
97,13809,,,,,2.702244281768799,,,,,,,,,,,
97,13819,,,,,2.602325916290283,,,,,,,,,,,
97,13829,,,,,3.046283483505249,,,,,,,,,,,
97,13839,,,,,3.182080030441284,,,,,,,,,,,
97,13849,,,,,3.0166521072387695,,,,,,,,,,,
97,13859,,,,,2.772001028060913,,,,,,,,,,,
97,13869,,,,,2.939829111099243,,,,,,,,,,,
97,13879,,,,,2.6866888999938965,,,,,,,,,,,
97,13889,,,,,2.7923710346221924,,,,,,,,,,,
97,13899,,,,,3.013934850692749,,,,,,,,,,,
97,13909,,,,,2.576239585876465,,,,,,,,,,,
97,97,9.06485008703506,91.61707836758174,,,,,,,,,,,,,,
97,13915,,,,,,2.8559255599975586,,,,,,,,,,
98,13919,,,,,3.035674571990967,,,,,,,,,,,
98,13929,,,,,2.6663167476654053,,,,,,,,,,,
98,13939,,,,,2.818258285522461,,,,,,,,,,,
98,13949,,,,,3.0772552490234375,,,,,,,,,,,
98,13959,,,,,2.6805903911590576,,,,,,,,,,,
98,13969,,,,,2.86051344871521,,,,,,,,,,,
98,13979,,,,,2.890967607498169,,,,,,,,,,,
98,13989,,,,,2.917602777481079,,,,,,,,,,,
98,13999,,,,,2.9246301651000977,,,,,,,,,,,
98,14009,,,,,2.724503993988037,,,,,,,,,,,
98,14019,,,,,2.8764686584472656,,,,,,,,,,,
98,14029,,,,,2.9738967418670654,,,,,,,,,,,
98,14039,,,,,2.904984712600708,,,,,,,,,,,
98,14049,,,,,3.0864715576171875,,,,,,,,,,,
98,98,9.736638123488788,91.62449782852019,,,,,,,,,,,,,,
98,14057,,,,,,2.8549442291259766,,,,,,,,,,
99,14059,,,,,2.866719961166382,,,,,,,,,,,
99,14069,,,,,2.9575414657592773,,,,,,,,,,,
99,14079,,,,,2.9453933238983154,,,,,,,,,,,
99,14089,,,,,2.7440316677093506,,,,,,,,,,,
99,14099,,,,,2.4302332401275635,,,,,,,,,,,
99,14109,,,,,2.848721504211426,,,,,,,,,,,
99,14119,,,,,2.839970111846924,,,,,,,,,,,
99,14129,,,,,2.471849203109741,,,,,,,,,,,
99,14139,,,,,2.686696767807007,,,,,,,,,,,
99,14149,,,,,2.902103900909424,,,,,,,,,,,
99,14159,,,,,2.769070625305176,,,,,,,,,,,
99,14169,,,,,2.764521360397339,,,,,,,,,,,
99,14179,,,,,2.425637722015381,,,,,,,,,,,
99,14189,,,,,2.6529040336608887,,,,,,,,,,,
99,14199,,,,,2.686267614364624,,,,,,,,,,,
99,99,,,0.9116113185882568,0.12196805328130722,,,2.658420619011601,0.23292697966098785,,0.8401091694831848,,0.10031044483184814,,3.1534930689602483,,0.17942209541797638
99,14199,,,,,,,,,0.8401091694831848,,0.10031044483184814,,3.1534929275512695,,0.17942209541797638,
99,99,9.138445037568077,91.63207076751841,,,,,,,,,,,,,,
99,14199,,,,,,2.8431591987609863,,,,,,,,,,
100,14209,,,,,2.8595712184906006,,,,,,,,,,,
100,14219,,,,,2.6145904064178467,,,,,,,,,,,
100,14229,,,,,2.966905355453491,,,,,,,,,,,
100,14239,,,,,2.7467339038848877,,,,,,,,,,,
100,14249,,,,,2.5805089473724365,,,,,,,,,,,
100,14259,,,,,3.258010149002075,,,,,,,,,,,
100,14269,,,,,2.8537404537200928,,,,,,,,,,,
100,14279,,,,,3.036076068878174,,,,,,,,,,,
100,14289,,,,,2.8174164295196533,,,,,,,,,,,
100,14299,,,,,2.6746392250061035,,,,,,,,,,,
100,14309,,,,,2.898794174194336,,,,,,,,,,,
100,14319,,,,,2.884397506713867,,,,,,,,,,,
100,14329,,,,,2.8742620944976807,,,,,,,,,,,
100,14339,,,,,3.0859551429748535,,,,,,,,,,,
100,100,11.013573346880081,91.63895821961304,,,,,,,,,,,,,,
100,14341,,,,,,2.8403728008270264,,,,,,,,,,
101,14349,,,,,2.831205368041992,,,,,,,,,,,
101,14359,,,,,2.9208972454071045,,,,,,,,,,,
101,14369,,,,,2.9926135540008545,,,,,,,,,,,
101,14379,,,,,2.7406466007232666,,,,,,,,,,,
101,14389,,,,,2.68355655670166,,,,,,,,,,,
101,14399,,,,,2.5474042892456055,,,,,,,,,,,
101,14409,,,,,2.9621472358703613,,,,,,,,,,,
101,14419,,,,,2.6112194061279297,,,,,,,,,,,
101,14429,,,,,2.9374563694000244,,,,,,,,,,,
101,14439,,,,,2.769648313522339,,,,,,,,,,,
101,14449,,,,,3.146942377090454,,,,,,,,,,,
101,14459,,,,,2.68985652923584,,,,,,,,,,,
101,14469,,,,,2.889132261276245,,,,,,,,,,,
101,14479,,,,,2.814681053161621,,,,,,,,,,,
101,101,10.127384127256319,91.64592989643248,,,,,,,,,,,,,,
101,14483,,,,,,2.8286759853363037,,,,,,,,,,
102,14489,,,,,2.6877551078796387,,,,,,,,,,,
102,14499,,,,,2.5416958332061768,,,,,,,,,,,
102,14509,,,,,3.0125083923339844,,,,,,,,,,,
102,14519,,,,,2.662367582321167,,,,,,,,,,,
102,14529,,,,,2.7005467414855957,,,,,,,,,,,
102,14539,,,,,2.8540496826171875,,,,,,,,,,,
102,14549,,,,,2.7153127193450928,,,,,,,,,,,
102,14559,,,,,2.720170736312866,,,,,,,,,,,
102,14569,,,,,2.627535343170166,,,,,,,,,,,
102,14579,,,,,2.9019105434417725,,,,,,,,,,,
102,14589,,,,,2.953474998474121,,,,,,,,,,,
102,14599,,,,,2.7787907123565674,,,,,,,,,,,
102,14609,,,,,2.7668230533599854,,,,,,,,,,,
102,14619,,,,,2.7303760051727295,,,,,,,,,,,
102,102,10.699845569158155,91.65295237376571,,,,,,,,,,,,,,
102,14625,,,,,,2.819953680038452,,,,,,,,,,
103,14629,,,,,2.644773483276367,,,,,,,,,,,
103,14639,,,,,2.9512035846710205,,,,,,,,,,,
103,14649,,,,,3.056647777557373,,,,,,,,,,,
103,14659,,,,,2.3662750720977783,,,,,,,,,,,
103,14669,,,,,2.6585357189178467,,,,,,,,,,,
103,14679,,,,,3.1830296516418457,,,,,,,,,,,
103,14689,,,,,2.693492889404297,,,,,,,,,,,
103,14699,,,,,2.9304771423339844,,,,,,,,,,,
103,14709,,,,,2.6774470806121826,,,,,,,,,,,
103,14719,,,,,2.7233006954193115,,,,,,,,,,,
103,14729,,,,,2.9842779636383057,,,,,,,,,,,
103,14739,,,,,2.724202871322632,,,,,,,,,,,
103,14749,,,,,2.724719285964966,,,,,,,,,,,
103,14759,,,,,2.713796854019165,,,,,,,,,,,
103,103,10.344946619656133,91.66004985340341,,,,,,,,,,,,,,
103,14767,,,,,,2.8129515647888184,,,,,,,,,,
104,14769,,,,,2.7214410305023193,,,,,,,,,,,
104,14779,,,,,2.6146652698516846,,,,,,,,,,,
104,14789,,,,,2.5948169231414795,,,,,,,,,,,
104,14799,,,,,2.8342268466949463,,,,,,,,,,,
104,14809,,,,,2.4222147464752197,,,,,,,,,,,
104,14819,,,,,2.527735471725464,,,,,,,,,,,
104,14829,,,,,2.449897050857544,,,,,,,,,,,
104,14839,,,,,2.9096767902374268,,,,,,,,,,,
104,14849,,,,,3.0229930877685547,,,,,,,,,,,
104,14859,,,,,2.9962916374206543,,,,,,,,,,,
104,14869,,,,,2.8448917865753174,,,,,,,,,,,
104,14879,,,,,2.4893462657928467,,,,,,,,,,,
104,14889,,,,,3.1158363819122314,,,,,,,,,,,
104,14899,,,,,2.69102144241333,,,,,,,,,,,
104,14909,,,,,2.8895528316497803,,,,,,,,,,,
104,104,10.882991057303796,91.66746154021865,,,,,,,,,,,,,,
104,14909,,,,,,2.803492546081543,,,,,,,,,,
105,14919,,,,,2.7336366176605225,,,,,,,,,,,
105,14929,,,,,2.4015605449676514,,,,,,,,,,,
105,14939,,,,,2.826143741607666,,,,,,,,,,,
105,14949,,,,,3.153212785720825,,,,,,,,,,,
105,14959,,,,,2.6729342937469482,,,,,,,,,,,
105,14969,,,,,2.8694710731506348,,,,,,,,,,,
105,14979,,,,,3.056049346923828,,,,,,,,,,,
105,14989,,,,,2.539093255996704,,,,,,,,,,,
105,14999,,,,,2.4388561248779297,,,,,,,,,,,
105,15009,,,,,2.66524600982666,,,,,,,,,,,
105,15019,,,,,2.896531581878662,,,,,,,,,,,
105,15029,,,,,2.7622976303100586,,,,,,,,,,,
105,15039,,,,,2.513993501663208,,,,,,,,,,,
105,15049,,,,,3.141275644302368,,,,,,,,,,,
105,105,10.250568441876732,91.67505429895098,,,,,,,,,,,,,,
105,15051,,,,,,2.795307159423828,,,,,,,,,,
106,15059,,,,,2.8420939445495605,,,,,,,,,,,
106,15069,,,,,2.9090371131896973,,,,,,,,,,,
106,15079,,,,,3.1032931804656982,,,,,,,,,,,
106,15089,,,,,2.6591930389404297,,,,,,,,,,,
106,15099,,,,,3.0414581298828125,,,,,,,,,,,
106,15109,,,,,2.675199031829834,,,,,,,,,,,
106,15119,,,,,2.752910614013672,,,,,,,,,,,
106,15129,,,,,2.7006139755249023,,,,,,,,,,,
106,15139,,,,,2.971029043197632,,,,,,,,,,,
106,15149,,,,,2.9039864540100098,,,,,,,,,,,
106,15159,,,,,2.755535125732422,,,,,,,,,,,
106,15169,,,,,2.717694044113159,,,,,,,,,,,
106,15179,,,,,3.0314648151397705,,,,,,,,,,,
106,15189,,,,,2.868706703186035,,,,,,,,,,,
106,106,11.753403554704153,91.68214140077676,,,,,,,,,,,,,,
106,15193,,,,,,2.787710666656494,,,,,,,,,,
107,15199,,,,,2.817645788192749,,,,,,,,,,,
107,15209,,,,,2.8472533226013184,,,,,,,,,,,
107,15219,,,,,2.6765999794006348,,,,,,,,,,,
107,15229,,,,,3.0299017429351807,,,,,,,,,,,
107,15239,,,,,2.4974489212036133,,,,,,,,,,,
107,15249,,,,,2.5243027210235596,,,,,,,,,,,
107,15259,,,,,2.9410221576690674,,,,,,,,,,,
107,15269,,,,,3.110823392868042,,,,,,,,,,,
107,15279,,,,,2.7554702758789062,,,,,,,,,,,
107,15289,,,,,2.9146995544433594,,,,,,,,,,,
107,15299,,,,,2.797408103942871,,,,,,,,,,,
107,15309,,,,,2.6986806392669678,,,,,,,,,,,
107,15319,,,,,2.637500286102295,,,,,,,,,,,
107,15329,,,,,3.067835569381714,,,,,,,,,,,
107,107,9.800220548985358,91.68902145825001,,,,,,,,,,,,,,
107,15335,,,,,,2.780043601989746,,,,,,,,,,
108,15339,,,,,3.104107618331909,,,,,,,,,,,
108,15349,,,,,2.860792875289917,,,,,,,,,,,
108,15359,,,,,2.602619171142578,,,,,,,,,,,
108,15369,,,,,2.7015273571014404,,,,,,,,,,,
108,15379,,,,,2.596630811691284,,,,,,,,,,,
108,15389,,,,,2.5896828174591064,,,,,,,,,,,
108,15399,,,,,2.689612865447998,,,,,,,,,,,
108,15409,,,,,2.7357683181762695,,,,,,,,,,,
108,15419,,,,,2.7878530025482178,,,,,,,,,,,
108,15429,,,,,2.8726227283477783,,,,,,,,,,,
108,15439,,,,,2.8918697834014893,,,,,,,,,,,
108,15449,,,,,2.6501903533935547,,,,,,,,,,,
108,15459,,,,,2.7371323108673096,,,,,,,,,,,
108,15469,,,,,2.7445309162139893,,,,,,,,,,,
108,108,10.44172154760828,91.69665250173563,,,,,,,,,,,,,,
108,15477,,,,,,2.7711496353149414,,,,,,,,,,
109,15479,,,,,2.5719337463378906,,,,,,,,,,,
109,15489,,,,,2.5577993392944336,,,,,,,,,,,
109,15499,,,,,2.7406857013702393,,,,,,,,,,,
109,15509,,,,,2.5295891761779785,,,,,,,,,,,
109,15519,,,,,2.7388551235198975,,,,,,,,,,,
109,15529,,,,,2.9737401008605957,,,,,,,,,,,
109,15539,,,,,2.648613929748535,,,,,,,,,,,
109,15549,,,,,3.1078360080718994,,,,,,,,,,,
109,15559,,,,,3.018267869949341,,,,,,,,,,,
109,15569,,,,,2.8546791076660156,,,,,,,,,,,
109,15579,,,,,2.390267848968506,,,,,,,,,,,
109,15589,,,,,2.6921963691711426,,,,,,,,,,,
109,15599,,,,,3.0914306640625,,,,,,,,,,,
109,15609,,,,,2.8494677543640137,,,,,,,,,,,
109,15619,,,,,2.615372896194458,,,,,,,,,,,
109,109,,,0.9211391806602478,0.13705351948738098,,,2.558900051975318,0.25119850039482117,,0.8487550020217896,,0.10902967303991318,,3.1048708932132136,,0.18649575114250183
109,15619,,,,,,,,,0.8487550020217896,,0.10902967303991318,,3.104870557785034,,0.18649575114250183,
109,109,9.776183053447655,91.7039696879011,,,,,,,,,,,,,,
109,15619,,,,,,2.7658755779266357,,,,,,,,,,
110,15629,,,,,3.038154125213623,,,,,,,,,,,
110,15639,,,,,2.4863295555114746,,,,,,,,,,,
110,15649,,,,,2.9122707843780518,,,,,,,,,,,
110,15659,,,,,2.726074695587158,,,,,,,,,,,
110,15669,,,,,2.835557699203491,,,,,,,,,,,
110,15679,,,,,2.886855363845825,,,,,,,,,,,
110,15689,,,,,2.5705132484436035,,,,,,,,,,,
110,15699,,,,,3.0144073963165283,,,,,,,,,,,
110,15709,,,,,2.947521924972534,,,,,,,,,,,
110,15719,,,,,2.802262306213379,,,,,,,,,,,
110,15729,,,,,2.755192279815674,,,,,,,,,,,
110,15739,,,,,2.9138591289520264,,,,,,,,,,,
110,15749,,,,,2.7921862602233887,,,,,,,,,,,
110,15759,,,,,2.980576992034912,,,,,,,,,,,
110,110,12.586047670608364,91.71073447658588,,,,,,,,,,,,,,
110,15761,,,,,,2.762439727783203,,,,,,,,,,
111,15769,,,,,2.988783597946167,,,,,,,,,,,
111,15779,,,,,2.7544240951538086,,,,,,,,,,,
111,15789,,,,,2.354501247406006,,,,,,,,,,,
111,15799,,,,,2.7735044956207275,,,,,,,,,,,
111,15809,,,,,2.7008213996887207,,,,,,,,,,,
111,15819,,,,,2.5474154949188232,,,,,,,,,,,
111,15829,,,,,3.205172538757324,,,,,,,,,,,
111,15839,,,,,2.588026285171509,,,,,,,,,,,
111,15849,,,,,2.7760307788848877,,,,,,,,,,,
111,15859,,,,,2.9254841804504395,,,,,,,,,,,
111,15869,,,,,3.056522846221924,,,,,,,,,,,
111,15879,,,,,2.613701343536377,,,,,,,,,,,
111,15889,,,,,2.5894486904144287,,,,,,,,,,,
111,15899,,,,,2.6992814540863037,,,,,,,,,,,
111,111,10.878336266106492,91.71799230248357,,,,,,,,,,,,,,
111,15903,,,,,,2.7454819679260254,,,,,,,,,,
112,15909,,,,,2.938312292098999,,,,,,,,,,,
112,15919,,,,,2.5625863075256348,,,,,,,,,,,
112,15929,,,,,2.663867235183716,,,,,,,,,,,
112,15939,,,,,2.8357505798339844,,,,,,,,,,,
112,15949,,,,,2.3973681926727295,,,,,,,,,,,
112,15959,,,,,2.6723251342773438,,,,,,,,,,,
112,15969,,,,,2.782111644744873,,,,,,,,,,,
112,15979,,,,,2.7904956340789795,,,,,,,,,,,
112,15989,,,,,2.865190267562866,,,,,,,,,,,
112,15999,,,,,2.6006920337677,,,,,,,,,,,
112,16009,,,,,2.631746768951416,,,,,,,,,,,
112,16019,,,,,2.7767741680145264,,,,,,,,,,,
112,16029,,,,,2.9310197830200195,,,,,,,,,,,
112,16039,,,,,2.818267822265625,,,,,,,,,,,
112,112,11.757098764643642,91.72521086696744,,,,,,,,,,,,,,
112,16045,,,,,,2.739189386367798,,,,,,,,,,
113,16049,,,,,2.5286049842834473,,,,,,,,,,,
113,16059,,,,,2.6725425720214844,,,,,,,,,,,
113,16069,,,,,2.9031267166137695,,,,,,,,,,,
113,16079,,,,,2.5289552211761475,,,,,,,,,,,
113,16089,,,,,2.6894145011901855,,,,,,,,,,,
113,16099,,,,,3.0245141983032227,,,,,,,,,,,
113,16109,,,,,2.825206756591797,,,,,,,,,,,
113,16119,,,,,2.359626293182373,,,,,,,,,,,
113,16129,,,,,2.8595640659332275,,,,,,,,,,,
113,16139,,,,,2.922311305999756,,,,,,,,,,,
113,16149,,,,,2.9537250995635986,,,,,,,,,,,
113,16159,,,,,2.6382827758789062,,,,,,,,,,,
113,16169,,,,,2.6262564659118652,,,,,,,,,,,
113,16179,,,,,2.576937198638916,,,,,,,,,,,
113,113,11.888080140278044,91.73187133184447,,,,,,,,,,,,,,
113,16187,,,,,,2.739405393600464,,,,,,,,,,
114,16189,,,,,2.531191349029541,,,,,,,,,,,
114,16199,,,,,2.4365618228912354,,,,,,,,,,,
114,16209,,,,,2.8550541400909424,,,,,,,,,,,
114,16219,,,,,2.6911611557006836,,,,,,,,,,,
114,16229,,,,,2.435777187347412,,,,,,,,,,,
114,16239,,,,,3.1603200435638428,,,,,,,,,,,
114,16249,,,,,2.7728042602539062,,,,,,,,,,,
114,16259,,,,,2.372670888900757,,,,,,,,,,,
114,16269,,,,,2.8648829460144043,,,,,,,,,,,
114,16279,,,,,2.6965255737304688,,,,,,,,,,,
114,16289,,,,,2.8561363220214844,,,,,,,,,,,
114,16299,,,,,2.7518038749694824,,,,,,,,,,,
114,16309,,,,,3.027958393096924,,,,,,,,,,,
114,16319,,,,,2.59393310546875,,,,,,,,,,,
114,16329,,,,,2.252987861633301,,,,,,,,,,,
114,114,10.152347485586564,91.73930459235034,,,,,,,,,,,,,,
114,16329,,,,,,2.72477388381958,,,,,,,,,,
115,16339,,,,,2.8185856342315674,,,,,,,,,,,
115,16349,,,,,2.7054786682128906,,,,,,,,,,,
115,16359,,,,,2.661932945251465,,,,,,,,,,,
115,16369,,,,,2.990894079208374,,,,,,,,,,,
115,16379,,,,,2.7412261962890625,,,,,,,,,,,
115,16389,,,,,2.678424596786499,,,,,,,,,,,
115,16399,,,,,2.9027507305145264,,,,,,,,,,,
115,16409,,,,,2.5604782104492188,,,,,,,,,,,
115,16419,,,,,2.6999881267547607,,,,,,,,,,,
115,16429,,,,,2.4842541217803955,,,,,,,,,,,
115,16439,,,,,2.5420665740966797,,,,,,,,,,,
115,16449,,,,,2.9749112129211426,,,,,,,,,,,
115,16459,,,,,2.4795961380004883,,,,,,,,,,,
115,16469,,,,,2.728966236114502,,,,,,,,,,,
115,115,10.748012768091224,91.74598202320838,,,,,,,,,,,,,,
115,16471,,,,,,2.7160120010375977,,,,,,,,,,
116,16479,,,,,2.8246171474456787,,,,,,,,,,,
116,16489,,,,,2.550657033920288,,,,,,,,,,,
116,16499,,,,,2.502413034439087,,,,,,,,,,,
116,16509,,,,,2.570267915725708,,,,,,,,,,,
116,16519,,,,,2.7781178951263428,,,,,,,,,,,
116,16529,,,,,2.6921331882476807,,,,,,,,,,,
116,16539,,,,,3.1233537197113037,,,,,,,,,,,
116,16549,,,,,2.6635491847991943,,,,,,,,,,,
116,16559,,,,,2.4791741371154785,,,,,,,,,,,
116,16569,,,,,2.535606861114502,,,,,,,,,,,
116,16579,,,,,2.644205331802368,,,,,,,,,,,
116,16589,,,,,2.677687644958496,,,,,,,,,,,
116,16599,,,,,2.624067544937134,,,,,,,,,,,
116,16609,,,,,2.775632619857788,,,,,,,,,,,
116,116,10.282156744386626,91.75338756473235,,,,,,,,,,,,,,
116,16613,,,,,,2.7137320041656494,,,,,,,,,,
117,16619,,,,,2.5752623081207275,,,,,,,,,,,
117,16629,,,,,2.8388431072235107,,,,,,,,,,,
117,16639,,,,,2.7856009006500244,,,,,,,,,,,
117,16649,,,,,2.6857075691223145,,,,,,,,,,,
117,16659,,,,,2.637424945831299,,,,,,,,,,,
117,16669,,,,,2.669874429702759,,,,,,,,,,,
117,16679,,,,,2.757336378097534,,,,,,,,,,,
117,16689,,,,,2.8519561290740967,,,,,,,,,,,
117,16699,,,,,2.6324515342712402,,,,,,,,,,,
117,16709,,,,,2.670042037963867,,,,,,,,,,,
117,16719,,,,,2.992319345474243,,,,,,,,,,,
117,16729,,,,,2.777686357498169,,,,,,,,,,,
117,16739,,,,,3.020686626434326,,,,,,,,,,,
117,16749,,,,,2.2083826065063477,,,,,,,,,,,
117,117,10.795197538032145,91.76019735061095,,,,,,,,,,,,,,
117,16755,,,,,,2.6995863914489746,,,,,,,,,,
118,16759,,,,,2.6943554878234863,,,,,,,,,,,
118,16769,,,,,2.5769853591918945,,,,,,,,,,,
118,16779,,,,,2.5921807289123535,,,,,,,,,,,
118,16789,,,,,2.5589590072631836,,,,,,,,,,,
118,16799,,,,,2.7526485919952393,,,,,,,,,,,
118,16809,,,,,2.9996984004974365,,,,,,,,,,,
118,16819,,,,,2.4474992752075195,,,,,,,,,,,
118,16829,,,,,2.145559310913086,,,,,,,,,,,
118,16839,,,,,2.7010109424591064,,,,,,,,,,,
118,16849,,,,,2.497114419937134,,,,,,,,,,,
118,16859,,,,,2.5243704319000244,,,,,,,,,,,
118,16869,,,,,2.399160861968994,,,,,,,,,,,
118,16879,,,,,2.61490535736084,,,,,,,,,,,
118,16889,,,,,2.778722047805786,,,,,,,,,,,
118,118,11.772769543527303,91.76711300659247,,,,,,,,,,,,,,
118,16897,,,,,,2.7006337642669678,,,,,,,,,,
119,16899,,,,,2.660099983215332,,,,,,,,,,,
119,16909,,,,,2.686016082763672,,,,,,,,,,,
119,16919,,,,,2.628211259841919,,,,,,,,,,,
119,16929,,,,,2.7119860649108887,,,,,,,,,,,
119,16939,,,,,2.4593505859375,,,,,,,,,,,
119,16949,,,,,2.6008880138397217,,,,,,,,,,,
119,16959,,,,,2.741227865219116,,,,,,,,,,,
119,16969,,,,,2.811662435531616,,,,,,,,,,,
119,16979,,,,,2.578450918197632,,,,,,,,,,,
119,16989,,,,,2.6794683933258057,,,,,,,,,,,
119,16999,,,,,2.956573486328125,,,,,,,,,,,
119,17009,,,,,2.460602283477783,,,,,,,,,,,
119,17019,,,,,2.824014902114868,,,,,,,,,,,
119,17029,,,,,2.663947343826294,,,,,,,,,,,
119,17039,,,,,2.4892210960388184,,,,,,,,,,,
119,119,,,0.9273123741149902,0.1487683653831482,,,2.5165519057056907,0.26403093338012695,,0.8497085571289062,,0.11621427536010742,,3.1502207909919777,,0.19252927601337433
119,17039,,,,,,,,,0.8497085571289062,,0.11621427536010742,,3.150221109390259,,0.19252927601337433,
119,119,12.367860306070378,91.77376715044755,,,,,,,,,,,,,,
119,17039,,,,,,2.6913487911224365,,,,,,,,,,
120,17049,,,,,2.6035068035125732,,,,,,,,,,,
120,17059,,,,,2.3955025672912598,,,,,,,,,,,
120,17069,,,,,2.6399004459381104,,,,,,,,,,,
120,17079,,,,,2.463918924331665,,,,,,,,,,,
120,17089,,,,,2.258892774581909,,,,,,,,,,,
120,17099,,,,,2.4625844955444336,,,,,,,,,,,
120,17109,,,,,2.797744035720825,,,,,,,,,,,
120,17119,,,,,2.672689437866211,,,,,,,,,,,
120,17129,,,,,3.034679412841797,,,,,,,,,,,
120,17139,,,,,3.0535709857940674,,,,,,,,,,,
120,17149,,,,,2.7659430503845215,,,,,,,,,,,
120,17159,,,,,2.5812978744506836,,,,,,,,,,,
120,17169,,,,,2.732090950012207,,,,,,,,,,,
120,17179,,,,,2.619952917098999,,,,,,,,,,,
120,120,10.510390524499824,91.78138492359253,,,,,,,,,,,,,,
120,17181,,,,,,2.6801159381866455,,,,,,,,,,
121,17189,,,,,2.7178239822387695,,,,,,,,,,,
121,17199,,,,,2.8620970249176025,,,,,,,,,,,
121,17209,,,,,2.3836429119110107,,,,,,,,,,,
121,17219,,,,,2.7786591053009033,,,,,,,,,,,
121,17229,,,,,2.8566625118255615,,,,,,,,,,,
121,17239,,,,,2.8666839599609375,,,,,,,,,,,
121,17249,,,,,2.4193544387817383,,,,,,,,,,,
121,17259,,,,,2.6741087436676025,,,,,,,,,,,
121,17269,,,,,3.033400297164917,,,,,,,,,,,
121,17279,,,,,2.339315176010132,,,,,,,,,,,
121,17289,,,,,2.8411102294921875,,,,,,,,,,,
121,17299,,,,,2.6914544105529785,,,,,,,,,,,
121,17309,,,,,2.559938669204712,,,,,,,,,,,
121,17319,,,,,2.6618101596832275,,,,,,,,,,,
121,121,11.326795416269917,91.78882186334089,,,,,,,,,,,,,,
121,17323,,,,,,2.6708333492279053,,,,,,,,,,
122,17329,,,,,2.912360429763794,,,,,,,,,,,
122,17339,,,,,2.5587172508239746,,,,,,,,,,,
122,17349,,,,,2.350825071334839,,,,,,,,,,,
122,17359,,,,,2.7411491870880127,,,,,,,,,,,
122,17369,,,,,2.9596664905548096,,,,,,,,,,,
122,17379,,,,,2.787992477416992,,,,,,,,,,,
122,17389,,,,,2.5282845497131348,,,,,,,,,,,
122,17399,,,,,2.6402740478515625,,,,,,,,,,,
122,17409,,,,,2.960845947265625,,,,,,,,,,,
122,17419,,,,,2.800699472427368,,,,,,,,,,,
122,17429,,,,,2.793916940689087,,,,,,,,,,,
122,17439,,,,,2.4163260459899902,,,,,,,,,,,
122,17449,,,,,2.690352201461792,,,,,,,,,,,
122,17459,,,,,3.1183383464813232,,,,,,,,,,,
122,122,11.081429323514051,91.79630491219412,,,,,,,,,,,,,,
122,17465,,,,,,2.6658127307891846,,,,,,,,,,
123,17469,,,,,2.5725860595703125,,,,,,,,,,,
123,17479,,,,,2.7407033443450928,,,,,,,,,,,
123,17489,,,,,2.5796873569488525,,,,,,,,,,,
123,17499,,,,,2.701024055480957,,,,,,,,,,,
123,17509,,,,,2.71331787109375,,,,,,,,,,,
123,17519,,,,,2.6763756275177,,,,,,,,,,,
123,17529,,,,,2.944493055343628,,,,,,,,,,,
123,17539,,,,,2.931874990463257,,,,,,,,,,,
123,17549,,,,,2.805540084838867,,,,,,,,,,,
123,17559,,,,,2.4926350116729736,,,,,,,,,,,
123,17569,,,,,2.5380702018737793,,,,,,,,,,,
123,17579,,,,,2.8289735317230225,,,,,,,,,,,
123,17589,,,,,2.6381235122680664,,,,,,,,,,,
123,17599,,,,,2.6506590843200684,,,,,,,,,,,
123,123,12.33022308558191,91.8034260438299,,,,,,,,,,,,,,
123,17607,,,,,,2.6565845012664795,,,,,,,,,,
124,17609,,,,,2.8677639961242676,,,,,,,,,,,
124,17619,,,,,2.6162328720092773,,,,,,,,,,,
124,17629,,,,,2.873735189437866,,,,,,,,,,,
124,17639,,,,,2.491316318511963,,,,,,,,,,,
124,17649,,,,,2.6897075176239014,,,,,,,,,,,
124,17659,,,,,2.7839787006378174,,,,,,,,,,,
124,17669,,,,,2.7072131633758545,,,,,,,,,,,
124,17679,,,,,2.861464738845825,,,,,,,,,,,
124,17689,,,,,2.5546793937683105,,,,,,,,,,,
124,17699,,,,,2.8643388748168945,,,,,,,,,,,
124,17709,,,,,2.4136223793029785,,,,,,,,,,,
124,17719,,,,,2.541411876678467,,,,,,,,,,,
124,17729,,,,,2.8138768672943115,,,,,,,,,,,
124,17739,,,,,2.654521942138672,,,,,,,,,,,
124,17749,,,,,2.5224413871765137,,,,,,,,,,,
124,124,12.335351913184587,91.81021384550074,,,,,,,,,,,,,,
124,17749,,,,,,2.6495320796966553,,,,,,,,,,
125,17759,,,,,2.2773940563201904,,,,,,,,,,,
125,17769,,,,,2.6875786781311035,,,,,,,,,,,
125,17779,,,,,2.6676712036132812,,,,,,,,,,,
125,17789,,,,,2.5988922119140625,,,,,,,,,,,
125,17799,,,,,2.6323251724243164,,,,,,,,,,,
125,17809,,,,,2.680265188217163,,,,,,,,,,,
125,17819,,,,,2.419649362564087,,,,,,,,,,,
125,17829,,,,,2.47369122505188,,,,,,,,,,,
125,17839,,,,,2.54299259185791,,,,,,,,,,,
125,17849,,,,,2.6425249576568604,,,,,,,,,,,
125,17859,,,,,2.7379868030548096,,,,,,,,,,,
125,17869,,,,,2.64804744720459,,,,,,,,,,,
125,17879,,,,,2.7975261211395264,,,,,,,,,,,
125,17889,,,,,2.5932061672210693,,,,,,,,,,,
125,125,11.276237531973377,91.81740125153402,,,,,,,,,,,,,,
125,17891,,,,,,2.6417975425720215,,,,,,,,,,
126,17899,,,,,2.6673054695129395,,,,,,,,,,,
126,17909,,,,,2.8356945514678955,,,,,,,,,,,
126,17919,,,,,2.5484213829040527,,,,,,,,,,,
126,17929,,,,,2.954213857650757,,,,,,,,,,,
126,17939,,,,,2.688849449157715,,,,,,,,,,,
126,17949,,,,,2.585939884185791,,,,,,,,,,,
126,17959,,,,,2.4201889038085938,,,,,,,,,,,
126,17969,,,,,2.719306230545044,,,,,,,,,,,
126,17979,,,,,2.3378772735595703,,,,,,,,,,,
126,17989,,,,,2.4774701595306396,,,,,,,,,,,
126,17999,,,,,2.7213103771209717,,,,,,,,,,,
126,18009,,,,,2.631589651107788,,,,,,,,,,,
126,18019,,,,,2.5247437953948975,,,,,,,,,,,
126,18029,,,,,2.597649097442627,,,,,,,,,,,
126,126,12.227654850596103,91.82471087352704,,,,,,,,,,,,,,
126,18033,,,,,,2.633734941482544,,,,,,,,,,
127,18039,,,,,2.506840229034424,,,,,,,,,,,
127,18049,,,,,2.816892623901367,,,,,,,,,,,
127,18059,,,,,2.5605223178863525,,,,,,,,,,,
127,18069,,,,,2.367745876312256,,,,,,,,,,,
127,18079,,,,,2.7210168838500977,,,,,,,,,,,
127,18089,,,,,2.5188522338867188,,,,,,,,,,,
127,18099,,,,,2.919856309890747,,,,,,,,,,,
127,18109,,,,,2.6921141147613525,,,,,,,,,,,
127,18119,,,,,2.4375381469726562,,,,,,,,,,,
127,18129,,,,,2.9534263610839844,,,,,,,,,,,
127,18139,,,,,2.5437235832214355,,,,,,,,,,,
127,18149,,,,,2.844475746154785,,,,,,,,,,,
127,18159,,,,,2.502582550048828,,,,,,,,,,,
127,18169,,,,,2.65057373046875,,,,,,,,,,,
127,127,11.937925904324079,91.83183902767148,,,,,,,,,,,,,,
127,18175,,,,,,2.6333329677581787,,,,,,,,,,
128,18179,,,,,2.5600039958953857,,,,,,,,,,,
128,18189,,,,,2.3441905975341797,,,,,,,,,,,
128,18199,,,,,2.5490615367889404,,,,,,,,,,,
128,18209,,,,,2.520249366760254,,,,,,,,,,,
128,18219,,,,,2.6852755546569824,,,,,,,,,,,
128,18229,,,,,2.632011890411377,,,,,,,,,,,
128,18239,,,,,2.623857259750366,,,,,,,,,,,
128,18249,,,,,2.6260969638824463,,,,,,,,,,,
128,18259,,,,,2.678825616836548,,,,,,,,,,,
128,18269,,,,,2.096851110458374,,,,,,,,,,,
128,18279,,,,,2.5725927352905273,,,,,,,,,,,
128,18289,,,,,2.7010371685028076,,,,,,,,,,,
128,18299,,,,,3.0822055339813232,,,,,,,,,,,
128,18309,,,,,2.662973642349243,,,,,,,,,,,
128,128,11.04610850625595,91.83885762005842,,,,,,,,,,,,,,
128,18317,,,,,,2.6238512992858887,,,,,,,,,,
129,18319,,,,,2.814783811569214,,,,,,,,,,,
129,18329,,,,,2.4561288356781006,,,,,,,,,,,
129,18339,,,,,2.480506181716919,,,,,,,,,,,
129,18349,,,,,2.7592122554779053,,,,,,,,,,,
129,18359,,,,,2.4634928703308105,,,,,,,,,,,
129,18369,,,,,2.8533806800842285,,,,,,,,,,,
129,18379,,,,,2.471954107284546,,,,,,,,,,,
129,18389,,,,,2.6647775173187256,,,,,,,,,,,
129,18399,,,,,2.7316620349884033,,,,,,,,,,,
129,18409,,,,,2.6294894218444824,,,,,,,,,,,
129,18419,,,,,2.7176156044006348,,,,,,,,,,,
129,18429,,,,,3.0711302757263184,,,,,,,,,,,
129,18439,,,,,2.560575246810913,,,,,,,,,,,
129,18449,,,,,2.8536343574523926,,,,,,,,,,,
129,18459,,,,,2.6017162799835205,,,,,,,,,,,
129,129,,,0.9355193972587585,0.1623029112815857,,,2.4255035665337705,0.2830337584018707,,0.8568905591964722,,0.11987514048814774,,3.1170064983319263,,0.20045259594917297
129,18459,,,,,,,,,0.8568905591964722,,0.11987514048814774,,3.1170060634613037,,0.20045259594917297,
129,129,11.95575809722704,91.84565789588056,,,,,,,,,,,,,,
129,18459,,,,,,2.6212682723999023,,,,,,,,,,
130,18469,,,,,2.932462453842163,,,,,,,,,,,
130,18479,,,,,2.3788890838623047,,,,,,,,,,,
130,18489,,,,,2.6943612098693848,,,,,,,,,,,
130,18499,,,,,2.530517816543579,,,,,,,,,,,
130,18509,,,,,2.5907702445983887,,,,,,,,,,,
130,18519,,,,,2.403470993041992,,,,,,,,,,,
130,18529,,,,,2.459185838699341,,,,,,,,,,,
130,18539,,,,,2.885057210922241,,,,,,,,,,,
130,18549,,,,,2.6958703994750977,,,,,,,,,,,
130,18559,,,,,2.5461111068725586,,,,,,,,,,,
130,18569,,,,,2.5027213096618652,,,,,,,,,,,
130,18579,,,,,2.7463715076446533,,,,,,,,,,,
130,18589,,,,,2.321028709411621,,,,,,,,,,,
130,18599,,,,,2.540997266769409,,,,,,,,,,,
130,130,11.571214070938895,91.85273885011448,,,,,,,,,,,,,,
130,18601,,,,,,2.614283323287964,,,,,,,,,,
131,18609,,,,,2.710691452026367,,,,,,,,,,,
131,18619,,,,,2.4497363567352295,,,,,,,,,,,
131,18629,,,,,2.8182332515716553,,,,,,,,,,,
131,18639,,,,,2.463099956512451,,,,,,,,,,,
131,18649,,,,,2.6944985389709473,,,,,,,,,,,
131,18659,,,,,2.55131196975708,,,,,,,,,,,
131,18669,,,,,2.7568440437316895,,,,,,,,,,,
131,18679,,,,,2.6147103309631348,,,,,,,,,,,
131,18689,,,,,2.670414447784424,,,,,,,,,,,
131,18699,,,,,2.4112179279327393,,,,,,,,,,,
131,18709,,,,,2.517155170440674,,,,,,,,,,,
131,18719,,,,,2.5274810791015625,,,,,,,,,,,
131,18729,,,,,2.7321386337280273,,,,,,,,,,,
131,18739,,,,,2.392634630203247,,,,,,,,,,,
131,131,12.480807460181817,91.85954048904,,,,,,,,,,,,,,
131,18743,,,,,,2.6039695739746094,,,,,,,,,,
132,18749,,,,,2.359710931777954,,,,,,,,,,,
132,18759,,,,,2.4981606006622314,,,,,,,,,,,
132,18769,,,,,2.4268698692321777,,,,,,,,,,,
132,18779,,,,,2.412379503250122,,,,,,,,,,,
132,18789,,,,,3.01370906829834,,,,,,,,,,,
132,18799,,,,,2.648296356201172,,,,,,,,,,,
132,18809,,,,,2.419177293777466,,,,,,,,,,,
132,18819,,,,,2.5112764835357666,,,,,,,,,,,
132,18829,,,,,2.923672676086426,,,,,,,,,,,
132,18839,,,,,2.7372937202453613,,,,,,,,,,,
132,18849,,,,,2.3431220054626465,,,,,,,,,,,
132,18859,,,,,2.6234450340270996,,,,,,,,,,,
132,18869,,,,,2.923875093460083,,,,,,,,,,,
132,18879,,,,,2.4900505542755127,,,,,,,,,,,
132,132,12.122162032848347,91.86674330138737,,,,,,,,,,,,,,
132,18885,,,,,,2.5956616401672363,,,,,,,,,,
133,18889,,,,,2.4814326763153076,,,,,,,,,,,
133,18899,,,,,2.2800920009613037,,,,,,,,,,,
133,18909,,,,,2.554079294204712,,,,,,,,,,,
133,18919,,,,,2.4222099781036377,,,,,,,,,,,
133,18929,,,,,2.2992584705352783,,,,,,,,,,,
133,18939,,,,,2.485189199447632,,,,,,,,,,,
133,18949,,,,,2.5157814025878906,,,,,,,,,,,
133,18959,,,,,2.598564624786377,,,,,,,,,,,
133,18969,,,,,2.722578287124634,,,,,,,,,,,
133,18979,,,,,2.673584461212158,,,,,,,,,,,
133,18989,,,,,2.773513078689575,,,,,,,,,,,
133,18999,,,,,2.7803096771240234,,,,,,,,,,,
133,19009,,,,,2.5132253170013428,,,,,,,,,,,
133,19019,,,,,2.2507731914520264,,,,,,,,,,,
133,133,11.943866938187709,91.87443849966172,,,,,,,,,,,,,,
133,19027,,,,,,2.5894408226013184,,,,,,,,,,
134,19029,,,,,2.43725848197937,,,,,,,,,,,
134,19039,,,,,2.34277081489563,,,,,,,,,,,
134,19049,,,,,2.288388967514038,,,,,,,,,,,
134,19059,,,,,2.660640001296997,,,,,,,,,,,
134,19069,,,,,2.783623695373535,,,,,,,,,,,
134,19079,,,,,2.603318452835083,,,,,,,,,,,
134,19089,,,,,2.70585560798645,,,,,,,,,,,
134,19099,,,,,2.872032403945923,,,,,,,,,,,
134,19109,,,,,2.290072202682495,,,,,,,,,,,
134,19119,,,,,2.592923641204834,,,,,,,,,,,
134,19129,,,,,2.6044466495513916,,,,,,,,,,,
134,19139,,,,,2.526007652282715,,,,,,,,,,,
134,19149,,,,,2.6780192852020264,,,,,,,,,,,
134,19159,,,,,2.5683093070983887,,,,,,,,,,,
134,19169,,,,,2.749885082244873,,,,,,,,,,,
134,134,11.847187522853368,91.88152696419543,,,,,,,,,,,,,,
134,19169,,,,,,2.581522226333618,,,,,,,,,,
135,19179,,,,,2.4838528633117676,,,,,,,,,,,
135,19189,,,,,2.5648117065429688,,,,,,,,,,,
135,19199,,,,,2.3081679344177246,,,,,,,,,,,
135,19209,,,,,2.7713682651519775,,,,,,,,,,,
135,19219,,,,,2.4704926013946533,,,,,,,,,,,
135,19229,,,,,2.440114736557007,,,,,,,,,,,
135,19239,,,,,2.4305412769317627,,,,,,,,,,,
135,19249,,,,,2.464224100112915,,,,,,,,,,,
135,19259,,,,,2.7686879634857178,,,,,,,,,,,
135,19269,,,,,2.5240261554718018,,,,,,,,,,,
135,19279,,,,,2.2777838706970215,,,,,,,,,,,
135,19289,,,,,2.9418230056762695,,,,,,,,,,,
135,19299,,,,,2.648639678955078,,,,,,,,,,,
135,19309,,,,,2.622149705886841,,,,,,,,,,,
135,135,12.461867933609218,91.88897907497726,,,,,,,,,,,,,,
135,19311,,,,,,2.569904088973999,,,,,,,,,,
136,19319,,,,,2.5612075328826904,,,,,,,,,,,
136,19329,,,,,2.6022896766662598,,,,,,,,,,,
136,19339,,,,,2.3909971714019775,,,,,,,,,,,
136,19349,,,,,2.5068538188934326,,,,,,,,,,,
136,19359,,,,,2.4892358779907227,,,,,,,,,,,
136,19369,,,,,2.621809959411621,,,,,,,,,,,
136,19379,,,,,2.453697443008423,,,,,,,,,,,
136,19389,,,,,2.6184725761413574,,,,,,,,,,,
136,19399,,,,,2.732729434967041,,,,,,,,,,,
136,19409,,,,,2.614239454269409,,,,,,,,,,,
136,19419,,,,,2.673335313796997,,,,,,,,,,,
136,19429,,,,,2.7539165019989014,,,,,,,,,,,
136,19439,,,,,2.5409252643585205,,,,,,,,,,,
136,19449,,,,,2.595717191696167,,,,,,,,,,,
136,136,13.075961616780209,91.89599568905726,,,,,,,,,,,,,,
136,19453,,,,,,2.575852632522583,,,,,,,,,,
137,19459,,,,,2.541926383972168,,,,,,,,,,,
137,19469,,,,,2.552563190460205,,,,,,,,,,,
137,19479,,,,,2.937068462371826,,,,,,,,,,,
137,19489,,,,,2.7301101684570312,,,,,,,,,,,
137,19499,,,,,2.477240562438965,,,,,,,,,,,
137,19509,,,,,2.594733476638794,,,,,,,,,,,
137,19519,,,,,2.6588008403778076,,,,,,,,,,,
137,19529,,,,,2.1785943508148193,,,,,,,,,,,
137,19539,,,,,2.7916078567504883,,,,,,,,,,,
137,19549,,,,,2.682612895965576,,,,,,,,,,,
137,19559,,,,,2.368840217590332,,,,,,,,,,,
137,19569,,,,,2.562098741531372,,,,,,,,,,,
137,19579,,,,,2.410694122314453,,,,,,,,,,,
137,19589,,,,,2.8064799308776855,,,,,,,,,,,
137,137,12.092776759753674,91.90304734945568,,,,,,,,,,,,,,
137,19595,,,,,,2.5614302158355713,,,,,,,,,,
138,19599,,,,,2.254472255706787,,,,,,,,,,,
138,19609,,,,,2.8437891006469727,,,,,,,,,,,
138,19619,,,,,2.760056972503662,,,,,,,,,,,
138,19629,,,,,2.905066967010498,,,,,,,,,,,
138,19639,,,,,2.2675461769104004,,,,,,,,,,,
138,19649,,,,,2.3554577827453613,,,,,,,,,,,
138,19659,,,,,2.7236688137054443,,,,,,,,,,,
138,19669,,,,,2.854262113571167,,,,,,,,,,,
138,19679,,,,,2.3976902961730957,,,,,,,,,,,
138,19689,,,,,2.713932514190674,,,,,,,,,,,
138,19699,,,,,2.698808431625366,,,,,,,,,,,
138,19709,,,,,2.5912599563598633,,,,,,,,,,,
138,19719,,,,,2.8384032249450684,,,,,,,,,,,
138,19729,,,,,2.1309359073638916,,,,,,,,,,,
138,138,12.796774820594052,91.91001717415213,,,,,,,,,,,,,,
138,19737,,,,,,2.5538854598999023,,,,,,,,,,
139,19739,,,,,2.3736374378204346,,,,,,,,,,,
139,19749,,,,,2.7423665523529053,,,,,,,,,,,
139,19759,,,,,2.509131908416748,,,,,,,,,,,
139,19769,,,,,2.8544914722442627,,,,,,,,,,,
139,19779,,,,,2.4086387157440186,,,,,,,,,,,
139,19789,,,,,2.484023332595825,,,,,,,,,,,
139,19799,,,,,2.47946834564209,,,,,,,,,,,
139,19809,,,,,2.392299175262451,,,,,,,,,,,
139,19819,,,,,2.601966381072998,,,,,,,,,,,
139,19829,,,,,2.3716585636138916,,,,,,,,,,,
139,19839,,,,,2.5676002502441406,,,,,,,,,,,
139,19849,,,,,2.5006752014160156,,,,,,,,,,,
139,19859,,,,,2.595231533050537,,,,,,,,,,,
139,19869,,,,,2.498769998550415,,,,,,,,,,,
139,19879,,,,,2.41831111907959,,,,,,,,,,,
139,139,,,0.9412091374397278,0.1813739538192749,,,2.322831809562964,0.3018394410610199,,0.8638370037078857,,0.13134519755840302,,3.066323220729828,,0.20457424223423004
139,19879,,,,,,,,,0.8638370037078857,,0.13134519755840302,,3.0663230419158936,,0.20457424223423004,
139,139,12.409372768608074,91.91751398135368,,,,,,,,,,,,,,
139,19879,,,,,,2.5483481884002686,,,,,,,,,,
140,19889,,,,,2.5741212368011475,,,,,,,,,,,
140,19899,,,,,2.700516939163208,,,,,,,,,,,
140,19909,,,,,2.299027442932129,,,,,,,,,,,
140,19919,,,,,2.5275790691375732,,,,,,,,,,,
140,19929,,,,,2.473797559738159,,,,,,,,,,,
140,19939,,,,,2.81247615814209,,,,,,,,,,,
140,19949,,,,,2.5851640701293945,,,,,,,,,,,
140,19959,,,,,2.4969985485076904,,,,,,,,,,,
140,19969,,,,,2.3031980991363525,,,,,,,,,,,
140,19979,,,,,2.494608163833618,,,,,,,,,,,
140,19989,,,,,2.717785358428955,,,,,,,,,,,
140,19999,,,,,2.7756335735321045,,,,,,,,,,,
140,20009,,,,,2.5522966384887695,,,,,,,,,,,
140,20019,,,,,2.3090147972106934,,,,,,,,,,,
140,140,12.527862616217392,91.92458698214683,,,,,,,,,,,,,,
140,20021,,,,,,2.5424444675445557,,,,,,,,,,
141,20029,,,,,3.002941608428955,,,,,,,,,,,
141,20039,,,,,2.379795789718628,,,,,,,,,,,
141,20049,,,,,2.6333186626434326,,,,,,,,,,,
141,20059,,,,,2.3531901836395264,,,,,,,,,,,
141,20069,,,,,2.613340377807617,,,,,,,,,,,
141,20079,,,,,2.862422466278076,,,,,,,,,,,
141,20089,,,,,2.573554515838623,,,,,,,,,,,
141,20099,,,,,2.6197304725646973,,,,,,,,,,,
141,20109,,,,,2.623032808303833,,,,,,,,,,,
141,20119,,,,,2.365898370742798,,,,,,,,,,,
141,20129,,,,,2.667194128036499,,,,,,,,,,,
141,20139,,,,,2.20670485496521,,,,,,,,,,,
141,20149,,,,,2.5146219730377197,,,,,,,,,,,
141,20159,,,,,2.7960100173950195,,,,,,,,,,,
141,141,12.773641836998014,91.93180450501178,,,,,,,,,,,,,,
141,20163,,,,,,2.5354018211364746,,,,,,,,,,
142,20169,,,,,2.6475985050201416,,,,,,,,,,,
142,20179,,,,,2.2321584224700928,,,,,,,,,,,
142,20189,,,,,2.479987382888794,,,,,,,,,,,
142,20199,,,,,2.7148795127868652,,,,,,,,,,,
142,20209,,,,,2.4220471382141113,,,,,,,,,,,
142,20219,,,,,2.3536009788513184,,,,,,,,,,,
142,20229,,,,,2.266934394836426,,,,,,,,,,,
142,20239,,,,,2.5207223892211914,,,,,,,,,,,
142,20249,,,,,2.256420612335205,,,,,,,,,,,
142,20259,,,,,2.331524610519409,,,,,,,,,,,
142,20269,,,,,2.5754897594451904,,,,,,,,,,,
142,20279,,,,,2.422719717025757,,,,,,,,,,,
142,20289,,,,,2.653963804244995,,,,,,,,,,,
142,20299,,,,,2.7122533321380615,,,,,,,,,,,
142,142,10.714881206234388,91.93909000938622,,,,,,,,,,,,,,
142,20305,,,,,,2.529742956161499,,,,,,,,,,
143,20309,,,,,2.2414538860321045,,,,,,,,,,,
143,20319,,,,,2.523404836654663,,,,,,,,,,,
143,20329,,,,,2.5440917015075684,,,,,,,,,,,
143,20339,,,,,2.406008720397949,,,,,,,,,,,
143,20349,,,,,2.639028310775757,,,,,,,,,,,
143,20359,,,,,2.6095869541168213,,,,,,,,,,,
143,20369,,,,,2.4498651027679443,,,,,,,,,,,
143,20379,,,,,2.542262554168701,,,,,,,,,,,
143,20389,,,,,2.609938621520996,,,,,,,,,,,
143,20399,,,,,2.449625253677368,,,,,,,,,,,
143,20409,,,,,2.721667528152466,,,,,,,,,,,
143,20419,,,,,2.3903000354766846,,,,,,,,,,,
143,20429,,,,,2.5943961143493652,,,,,,,,,,,
143,20439,,,,,2.63601016998291,,,,,,,,,,,
143,143,12.885482193522586,91.94632802394153,,,,,,,,,,,,,,
143,20447,,,,,,2.5267648696899414,,,,,,,,,,
144,20449,,,,,2.5525810718536377,,,,,,,,,,,
144,20459,,,,,2.500833034515381,,,,,,,,,,,
144,20469,,,,,2.5481560230255127,,,,,,,,,,,
144,20479,,,,,2.5711212158203125,,,,,,,,,,,
144,20489,,,,,2.49178147315979,,,,,,,,,,,
144,20499,,,,,2.739752769470215,,,,,,,,,,,
144,20509,,,,,2.3097004890441895,,,,,,,,,,,
144,20519,,,,,2.6779391765594482,,,,,,,,,,,
144,20529,,,,,2.358537197113037,,,,,,,,,,,
144,20539,,,,,2.433509349822998,,,,,,,,,,,
144,20549,,,,,2.3637101650238037,,,,,,,,,,,
144,20559,,,,,2.4160943031311035,,,,,,,,,,,
144,20569,,,,,2.8073713779449463,,,,,,,,,,,
144,20579,,,,,2.5344197750091553,,,,,,,,,,,
144,20589,,,,,2.594586133956909,,,,,,,,,,,
144,144,12.3868924471907,91.95354184769262,,,,,,,,,,,,,,
144,20589,,,,,,2.5150132179260254,,,,,,,,,,
145,20599,,,,,2.499361753463745,,,,,,,,,,,
145,20609,,,,,2.463207721710205,,,,,,,,,,,
145,20619,,,,,2.640749454498291,,,,,,,,,,,
145,20629,,,,,2.457367181777954,,,,,,,,,,,
145,20639,,,,,2.5892229080200195,,,,,,,,,,,
145,20649,,,,,2.755605936050415,,,,,,,,,,,
145,20659,,,,,2.3463375568389893,,,,,,,,,,,
145,20669,,,,,2.801504373550415,,,,,,,,,,,
145,20679,,,,,2.50054931640625,,,,,,,,,,,
145,20689,,,,,2.3368136882781982,,,,,,,,,,,
145,20699,,,,,2.4201042652130127,,,,,,,,,,,
145,20709,,,,,2.4152677059173584,,,,,,,,,,,
145,20719,,,,,2.6513590812683105,,,,,,,,,,,
145,20729,,,,,2.6168479919433594,,,,,,,,,,,
145,145,13.23159980550499,91.96068120140895,,,,,,,,,,,,,,
145,20731,,,,,,2.512547254562378,,,,,,,,,,
146,20739,,,,,2.284924268722534,,,,,,,,,,,
146,20749,,,,,2.3040432929992676,,,,,,,,,,,
146,20759,,,,,2.661182165145874,,,,,,,,,,,
146,20769,,,,,2.496206760406494,,,,,,,,,,,
146,20779,,,,,2.4880337715148926,,,,,,,,,,,
146,20789,,,,,2.369439125061035,,,,,,,,,,,
146,20799,,,,,2.3152883052825928,,,,,,,,,,,
146,20809,,,,,2.658679962158203,,,,,,,,,,,
146,20819,,,,,2.552377462387085,,,,,,,,,,,
146,20829,,,,,2.484246015548706,,,,,,,,,,,
146,20839,,,,,2.309337615966797,,,,,,,,,,,
146,20849,,,,,2.7902870178222656,,,,,,,,,,,
146,20859,,,,,2.548384428024292,,,,,,,,,,,
146,20869,,,,,2.5066332817077637,,,,,,,,,,,
146,146,12.822753974394981,91.96774909818231,,,,,,,,,,,,,,
146,20873,,,,,,2.503209352493286,,,,,,,,,,
147,20879,,,,,2.6881771087646484,,,,,,,,,,,
147,20889,,,,,2.4826128482818604,,,,,,,,,,,
147,20899,,,,,2.492340564727783,,,,,,,,,,,
147,20909,,,,,2.458937883377075,,,,,,,,,,,
147,20919,,,,,2.610731363296509,,,,,,,,,,,
147,20929,,,,,2.4370927810668945,,,,,,,,,,,
147,20939,,,,,2.363485097885132,,,,,,,,,,,
147,20949,,,,,2.6081957817077637,,,,,,,,,,,
147,20959,,,,,2.5749330520629883,,,,,,,,,,,
147,20969,,,,,2.413949489593506,,,,,,,,,,,
147,20979,,,,,2.5194947719573975,,,,,,,,,,,
147,20989,,,,,2.5874109268188477,,,,,,,,,,,
147,20999,,,,,2.927417039871216,,,,,,,,,,,
147,21009,,,,,2.544848918914795,,,,,,,,,,,
147,147,11.971493154450572,91.97444748546135,,,,,,,,,,,,,,
147,21015,,,,,,2.4978411197662354,,,,,,,,,,
148,21019,,,,,2.5554943084716797,,,,,,,,,,,
148,21029,,,,,2.4475717544555664,,,,,,,,,,,
148,21039,,,,,2.6460068225860596,,,,,,,,,,,
148,21049,,,,,2.8316404819488525,,,,,,,,,,,
148,21059,,,,,2.5225541591644287,,,,,,,,,,,
148,21069,,,,,2.417083263397217,,,,,,,,,,,
148,21079,,,,,2.553934335708618,,,,,,,,,,,
148,21089,,,,,2.6761012077331543,,,,,,,,,,,
148,21099,,,,,2.4414570331573486,,,,,,,,,,,
148,21109,,,,,2.432966947555542,,,,,,,,,,,
148,21119,,,,,2.2233121395111084,,,,,,,,,,,
148,21129,,,,,2.405669689178467,,,,,,,,,,,
148,21139,,,,,2.4484775066375732,,,,,,,,,,,
148,21149,,,,,2.607295513153076,,,,,,,,,,,
148,148,13.047903317495248,91.98108101898609,,,,,,,,,,,,,,
148,21157,,,,,,2.4938673973083496,,,,,,,,,,
149,21159,,,,,2.481205940246582,,,,,,,,,,,
149,21169,,,,,2.425501585006714,,,,,,,,,,,
149,21179,,,,,2.427595376968384,,,,,,,,,,,
149,21189,,,,,2.5357441902160645,,,,,,,,,,,
149,21199,,,,,2.3800477981567383,,,,,,,,,,,
149,21209,,,,,2.490241527557373,,,,,,,,,,,
149,21219,,,,,2.262568712234497,,,,,,,,,,,
149,21229,,,,,2.6604623794555664,,,,,,,,,,,
149,21239,,,,,2.4460110664367676,,,,,,,,,,,
149,21249,,,,,2.1855030059814453,,,,,,,,,,,
149,21259,,,,,2.7764484882354736,,,,,,,,,,,
149,21269,,,,,2.6130290031433105,,,,,,,,,,,
149,21279,,,,,2.3121697902679443,,,,,,,,,,,
149,21289,,,,,2.3819050788879395,,,,,,,,,,,
149,21299,,,,,2.5533833503723145,,,,,,,,,,,
149,149,,,0.9452268481254578,0.18782992660999298,,,2.337715100177546,0.3115076422691345,,0.8607598543167114,,0.13528560101985931,,3.1877062527500852,,0.21106880903244019
149,21299,,,,,,,,,0.8607598543167114,,0.13528560101985931,,3.187706470489502,,0.21106880903244019,
149,149,13.004943670465417,91.98816134284705,,,,,,,,,,,,,,
149,21299,,,,,,2.4880406856536865,,,,,,,,,,
150,21309,,,,,2.4476242065429688,,,,,,,,,,,
150,21319,,,,,2.530508279800415,,,,,,,,,,,
150,21329,,,,,2.3470139503479004,,,,,,,,,,,
150,21339,,,,,2.557783365249634,,,,,,,,,,,
150,21349,,,,,2.4310078620910645,,,,,,,,,,,
150,21359,,,,,2.3917698860168457,,,,,,,,,,,
150,21369,,,,,2.729372501373291,,,,,,,,,,,
150,21379,,,,,2.584812641143799,,,,,,,,,,,
150,21389,,,,,2.4232873916625977,,,,,,,,,,,
150,21399,,,,,2.4335174560546875,,,,,,,,,,,
150,21409,,,,,2.5905396938323975,,,,,,,,,,,
150,21419,,,,,2.2660460472106934,,,,,,,,,,,
150,21429,,,,,2.446056842803955,,,,,,,,,,,
150,21439,,,,,2.726003646850586,,,,,,,,,,,
150,150,13.384524552208388,91.9951624489451,,,,,,,,,,,,,,
150,21441,,,,,,2.4815714359283447,,,,,,,,,,
151,21449,,,,,2.7465109825134277,,,,,,,,,,,
151,21459,,,,,2.4968643188476562,,,,,,,,,,,
151,21469,,,,,2.520054578781128,,,,,,,,,,,
151,21479,,,,,2.7895281314849854,,,,,,,,,,,
151,21489,,,,,2.4277846813201904,,,,,,,,,,,
151,21499,,,,,2.552926778793335,,,,,,,,,,,
151,21509,,,,,2.363309860229492,,,,,,,,,,,
151,21519,,,,,2.3761157989501953,,,,,,,,,,,
151,21529,,,,,2.6472489833831787,,,,,,,,,,,
151,21539,,,,,2.4227285385131836,,,,,,,,,,,
151,21549,,,,,2.597409248352051,,,,,,,,,,,
151,21559,,,,,2.283158540725708,,,,,,,,,,,
151,21569,,,,,2.4051570892333984,,,,,,,,,,,
151,21579,,,,,2.2770862579345703,,,,,,,,,,,
151,151,12.904509068875957,92.0024616895618,,,,,,,,,,,,,,
151,21583,,,,,,2.4721362590789795,,,,,,,,,,
152,21589,,,,,2.322749376296997,,,,,,,,,,,
152,21599,,,,,2.436659574508667,,,,,,,,,,,
152,21609,,,,,2.3301444053649902,,,,,,,,,,,
152,21619,,,,,2.456663131713867,,,,,,,,,,,
152,21629,,,,,2.2248048782348633,,,,,,,,,,,
152,21639,,,,,2.7340545654296875,,,,,,,,,,,
152,21649,,,,,2.7611420154571533,,,,,,,,,,,
152,21659,,,,,2.260441541671753,,,,,,,,,,,
152,21669,,,,,2.441577911376953,,,,,,,,,,,
152,21679,,,,,2.5004031658172607,,,,,,,,,,,
152,21689,,,,,2.4674415588378906,,,,,,,,,,,
152,21699,,,,,2.619133234024048,,,,,,,,,,,
152,21709,,,,,2.3955109119415283,,,,,,,,,,,
152,21719,,,,,2.392242431640625,,,,,,,,,,,
152,152,13.383165003515229,92.00946302548903,,,,,,,,,,,,,,
152,21725,,,,,,2.4612443447113037,,,,,,,,,,
153,21729,,,,,2.331521987915039,,,,,,,,,,,
153,21739,,,,,2.3534317016601562,,,,,,,,,,,
153,21749,,,,,2.2902815341949463,,,,,,,,,,,
153,21759,,,,,2.9371025562286377,,,,,,,,,,,
153,21769,,,,,2.282620668411255,,,,,,,,,,,
153,21779,,,,,2.4775569438934326,,,,,,,,,,,
153,21789,,,,,2.534623146057129,,,,,,,,,,,
153,21799,,,,,2.3101069927215576,,,,,,,,,,,
153,21809,,,,,2.1671624183654785,,,,,,,,,,,
153,21819,,,,,2.7496397495269775,,,,,,,,,,,
153,21829,,,,,2.2927260398864746,,,,,,,,,,,
153,21839,,,,,2.261878728866577,,,,,,,,,,,
153,21849,,,,,2.6058144569396973,,,,,,,,,,,
153,21859,,,,,2.4768261909484863,,,,,,,,,,,
153,153,13.32739525827523,92.01652431019615,,,,,,,,,,,,,,
153,21867,,,,,,2.46044921875,,,,,,,,,,
154,21869,,,,,2.803943395614624,,,,,,,,,,,
154,21879,,,,,2.664224863052368,,,,,,,,,,,
154,21889,,,,,2.4254660606384277,,,,,,,,,,,
154,21899,,,,,2.590925455093384,,,,,,,,,,,
154,21909,,,,,2.421466827392578,,,,,,,,,,,
154,21919,,,,,2.1977908611297607,,,,,,,,,,,
154,21929,,,,,2.161616086959839,,,,,,,,,,,
154,21939,,,,,2.5588088035583496,,,,,,,,,,,
154,21949,,,,,2.3278746604919434,,,,,,,,,,,
154,21959,,,,,2.6214611530303955,,,,,,,,,,,
154,21969,,,,,2.242067575454712,,,,,,,,,,,
154,21979,,,,,2.295855760574341,,,,,,,,,,,
154,21989,,,,,2.2699050903320312,,,,,,,,,,,
154,21999,,,,,2.5430760383605957,,,,,,,,,,,
154,22009,,,,,2.8003814220428467,,,,,,,,,,,
154,154,13.827694509252764,92.02346608750734,,,,,,,,,,,,,,
154,22009,,,,,,2.458899736404419,,,,,,,,,,
155,22019,,,,,2.459427833557129,,,,,,,,,,,
155,22029,,,,,2.174053907394409,,,,,,,,,,,
155,22039,,,,,2.5640013217926025,,,,,,,,,,,
155,22049,,,,,2.67987060546875,,,,,,,,,,,
155,22059,,,,,2.809570550918579,,,,,,,,,,,
155,22069,,,,,2.5018997192382812,,,,,,,,,,,
155,22079,,,,,2.6729135513305664,,,,,,,,,,,
155,22089,,,,,2.1934945583343506,,,,,,,,,,,
155,22099,,,,,2.8355302810668945,,,,,,,,,,,
155,22109,,,,,2.399472951889038,,,,,,,,,,,
155,22119,,,,,2.0538394451141357,,,,,,,,,,,
155,22129,,,,,2.3004536628723145,,,,,,,,,,,
155,22139,,,,,2.4808263778686523,,,,,,,,,,,
155,22149,,,,,2.583420753479004,,,,,,,,,,,
155,155,12.753593247707222,92.03073621306298,,,,,,,,,,,,,,
155,22151,,,,,,2.4506676197052,,,,,,,,,,
156,22159,,,,,2.2827305793762207,,,,,,,,,,,
156,22169,,,,,2.364614725112915,,,,,,,,,,,
156,22179,,,,,2.3259527683258057,,,,,,,,,,,
156,22189,,,,,2.4017765522003174,,,,,,,,,,,
156,22199,,,,,2.678151845932007,,,,,,,,,,,
156,22209,,,,,2.491081953048706,,,,,,,,,,,
156,22219,,,,,2.5052506923675537,,,,,,,,,,,
156,22229,,,,,2.581486701965332,,,,,,,,,,,
156,22239,,,,,2.625241756439209,,,,,,,,,,,
156,22249,,,,,2.617645740509033,,,,,,,,,,,
156,22259,,,,,2.7036356925964355,,,,,,,,,,,
156,22269,,,,,2.4303221702575684,,,,,,,,,,,
156,22279,,,,,2.518984317779541,,,,,,,,,,,
156,22289,,,,,2.337360382080078,,,,,,,,,,,
156,156,12.523895736460855,92.03811136032806,,,,,,,,,,,,,,
156,22293,,,,,,2.4402365684509277,,,,,,,,,,
157,22299,,,,,2.256321430206299,,,,,,,,,,,
157,22309,,,,,2.589650869369507,,,,,,,,,,,
157,22319,,,,,2.28804349899292,,,,,,,,,,,
157,22329,,,,,2.4039366245269775,,,,,,,,,,,
157,22339,,,,,2.601438522338867,,,,,,,,,,,
157,22349,,,,,2.522127628326416,,,,,,,,,,,
157,22359,,,,,2.317619800567627,,,,,,,,,,,
157,22369,,,,,2.5892751216888428,,,,,,,,,,,
157,22379,,,,,2.371647596359253,,,,,,,,,,,
157,22389,,,,,2.484968900680542,,,,,,,,,,,
157,22399,,,,,2.2666280269622803,,,,,,,,,,,
157,22409,,,,,2.4318010807037354,,,,,,,,,,,
157,22419,,,,,2.5487167835235596,,,,,,,,,,,
157,22429,,,,,2.5982584953308105,,,,,,,,,,,
157,157,13.896324474986335,92.0452995809736,,,,,,,,,,,,,,
157,22435,,,,,,2.435081958770752,,,,,,,,,,
158,22439,,,,,2.366846799850464,,,,,,,,,,,
158,22449,,,,,2.4657537937164307,,,,,,,,,,,
158,22459,,,,,2.4486777782440186,,,,,,,,,,,
158,22469,,,,,2.514796257019043,,,,,,,,,,,
158,22479,,,,,2.336754083633423,,,,,,,,,,,
158,22489,,,,,2.377337694168091,,,,,,,,,,,
158,22499,,,,,2.820755958557129,,,,,,,,,,,
158,22509,,,,,2.305656671524048,,,,,,,,,,,
158,22519,,,,,2.650148630142212,,,,,,,,,,,
158,22529,,,,,2.423807382583618,,,,,,,,,,,
158,22539,,,,,2.3193390369415283,,,,,,,,,,,
158,22549,,,,,2.515430450439453,,,,,,,,,,,
158,22559,,,,,2.7611703872680664,,,,,,,,,,,
158,22569,,,,,2.618194818496704,,,,,,,,,,,
158,158,13.233246905488379,92.05264549061513,,,,,,,,,,,,,,
158,22577,,,,,,2.4229767322540283,,,,,,,,,,
159,22579,,,,,2.5235135555267334,,,,,,,,,,,
159,22589,,,,,2.34515643119812,,,,,,,,,,,
159,22599,,,,,2.128988027572632,,,,,,,,,,,
159,22609,,,,,2.2838408946990967,,,,,,,,,,,
159,22619,,,,,2.587775707244873,,,,,,,,,,,
159,22629,,,,,2.351194381713867,,,,,,,,,,,
159,22639,,,,,2.430866003036499,,,,,,,,,,,
159,22649,,,,,2.3535966873168945,,,,,,,,,,,
159,22659,,,,,2.323284149169922,,,,,,,,,,,
159,22669,,,,,2.396437644958496,,,,,,,,,,,
159,22679,,,,,2.5520946979522705,,,,,,,,,,,
159,22689,,,,,2.5017218589782715,,,,,,,,,,,
159,22699,,,,,2.1437883377075195,,,,,,,,,,,
159,22709,,,,,2.2064247131347656,,,,,,,,,,,
159,22719,,,,,2.3579108715057373,,,,,,,,,,,
159,159,,,0.9489630460739136,0.2077411413192749,,,2.23604971208444,0.32717493176460266,,0.8700553774833679,,0.1398872584104538,,3.0769418800363737,,0.20873256027698517
159,22719,,,,,,,,,0.8700553774833679,,0.1398872584104538,,3.076941728591919,,0.20873256027698517,
159,159,15.007148742705585,92.05937735240488,,,,,,,,,,,,,,
159,22719,,,,,,2.421839475631714,,,,,,,,,,
160,22729,,,,,2.3309364318847656,,,,,,,,,,,
160,22739,,,,,2.201378583908081,,,,,,,,,,,
160,22749,,,,,2.3531603813171387,,,,,,,,,,,
160,22759,,,,,2.667025327682495,,,,,,,,,,,
160,22769,,,,,2.317938804626465,,,,,,,,,,,
160,22779,,,,,2.6089138984680176,,,,,,,,,,,
160,22789,,,,,2.6665878295898438,,,,,,,,,,,
160,22799,,,,,2.456906318664551,,,,,,,,,,,
160,22809,,,,,2.307734251022339,,,,,,,,,,,
160,22819,,,,,2.2514357566833496,,,,,,,,,,,
160,22829,,,,,2.209184169769287,,,,,,,,,,,
160,22839,,,,,2.841295003890991,,,,,,,,,,,
160,22849,,,,,2.2010302543640137,,,,,,,,,,,
160,22859,,,,,2.295200824737549,,,,,,,,,,,
160,160,13.98996406469363,92.0664335568264,,,,,,,,,,,,,,
160,22861,,,,,,2.4175662994384766,,,,,,,,,,
161,22869,,,,,2.3583502769470215,,,,,,,,,,,
161,22879,,,,,2.576063871383667,,,,,,,,,,,
161,22889,,,,,2.527872323989868,,,,,,,,,,,
161,22899,,,,,2.4627315998077393,,,,,,,,,,,
161,22909,,,,,2.192038059234619,,,,,,,,,,,
161,22919,,,,,2.5709731578826904,,,,,,,,,,,
161,22929,,,,,2.1834795475006104,,,,,,,,,,,
161,22939,,,,,2.3227460384368896,,,,,,,,,,,
161,22949,,,,,2.247166395187378,,,,,,,,,,,
161,22959,,,,,2.4687609672546387,,,,,,,,,,,
161,22969,,,,,2.1310784816741943,,,,,,,,,,,
161,22979,,,,,2.369136333465576,,,,,,,,,,,
161,22989,,,,,2.2404468059539795,,,,,,,,,,,
161,22999,,,,,2.17337965965271,,,,,,,,,,,
161,161,12.892958444394928,92.07369452728997,,,,,,,,,,,,,,
161,23003,,,,,,2.4027175903320312,,,,,,,,,,
162,23009,,,,,2.4040207862854004,,,,,,,,,,,
162,23019,,,,,2.4141218662261963,,,,,,,,,,,
162,23029,,,,,2.5335752964019775,,,,,,,,,,,
162,23039,,,,,2.7918193340301514,,,,,,,,,,,
162,23049,,,,,2.459027051925659,,,,,,,,,,,
162,23059,,,,,2.6469686031341553,,,,,,,,,,,
162,23069,,,,,2.213568687438965,,,,,,,,,,,
162,23079,,,,,2.4971559047698975,,,,,,,,,,,
162,23089,,,,,2.5637614727020264,,,,,,,,,,,
162,23099,,,,,2.7703182697296143,,,,,,,,,,,
162,23109,,,,,2.2951467037200928,,,,,,,,,,,
162,23119,,,,,2.4921793937683105,,,,,,,,,,,
162,23129,,,,,2.29710054397583,,,,,,,,,,,
162,23139,,,,,2.199774980545044,,,,,,,,,,,
162,162,12.102136510630965,92.08108350662116,,,,,,,,,,,,,,
162,23145,,,,,,2.4081051349639893,,,,,,,,,,
163,23149,,,,,2.1840851306915283,,,,,,,,,,,
163,23159,,,,,2.60636043548584,,,,,,,,,,,
163,23169,,,,,2.4931535720825195,,,,,,,,,,,
163,23179,,,,,2.692708730697632,,,,,,,,,,,
163,23189,,,,,2.477339744567871,,,,,,,,,,,
163,23199,,,,,2.2523679733276367,,,,,,,,,,,
163,23209,,,,,2.080641746520996,,,,,,,,,,,
163,23219,,,,,2.3678457736968994,,,,,,,,,,,
163,23229,,,,,2.276782751083374,,,,,,,,,,,
163,23239,,,,,2.775547504425049,,,,,,,,,,,
163,23249,,,,,2.6188113689422607,,,,,,,,,,,
163,23259,,,,,2.6218090057373047,,,,,,,,,,,
163,23269,,,,,2.3345162868499756,,,,,,,,,,,
163,23279,,,,,2.438563823699951,,,,,,,,,,,
163,163,13.563527721912102,92.08791268901038,,,,,,,,,,,,,,
163,23287,,,,,,2.400019407272339,,,,,,,,,,
164,23289,,,,,2.3764255046844482,,,,,,,,,,,
164,23299,,,,,2.4435837268829346,,,,,,,,,,,
164,23309,,,,,2.2983193397521973,,,,,,,,,,,
164,23319,,,,,2.130833625793457,,,,,,,,,,,
164,23329,,,,,2.6169536113739014,,,,,,,,,,,
164,23339,,,,,2.1837825775146484,,,,,,,,,,,
164,23349,,,,,2.301661252975464,,,,,,,,,,,
164,23359,,,,,2.602642774581909,,,,,,,,,,,
164,23369,,,,,2.1149792671203613,,,,,,,,,,,
164,23379,,,,,2.5726027488708496,,,,,,,,,,,
164,23389,,,,,2.3768327236175537,,,,,,,,,,,
164,23399,,,,,2.427947998046875,,,,,,,,,,,
164,23409,,,,,2.192667245864868,,,,,,,,,,,
164,23419,,,,,2.449789047241211,,,,,,,,,,,
164,23429,,,,,2.4781694412231445,,,,,,,,,,,
164,164,14.124142102742201,92.09501627026634,,,,,,,,,,,,,,
164,23429,,,,,,2.3952345848083496,,,,,,,,,,
165,23439,,,,,2.1238479614257812,,,,,,,,,,,
165,23449,,,,,2.468332529067993,,,,,,,,,,,
165,23459,,,,,2.362241506576538,,,,,,,,,,,
165,23469,,,,,2.393324613571167,,,,,,,,,,,
165,23479,,,,,2.412275552749634,,,,,,,,,,,
165,23489,,,,,2.376492738723755,,,,,,,,,,,
165,23499,,,,,2.491925001144409,,,,,,,,,,,
165,23509,,,,,2.47780442237854,,,,,,,,,,,
165,23519,,,,,2.116694688796997,,,,,,,,,,,
165,23529,,,,,2.322810411453247,,,,,,,,,,,
165,23539,,,,,2.404956340789795,,,,,,,,,,,
165,23549,,,,,2.4217958450317383,,,,,,,,,,,
165,23559,,,,,2.460742950439453,,,,,,,,,,,
165,23569,,,,,2.363539934158325,,,,,,,,,,,
165,165,11.489794599241842,92.10293774003779,,,,,,,,,,,,,,
165,23571,,,,,,2.379560947418213,,,,,,,,,,
166,23579,,,,,2.2918035984039307,,,,,,,,,,,
166,23589,,,,,2.3406879901885986,,,,,,,,,,,
166,23599,,,,,2.4712576866149902,,,,,,,,,,,
166,23609,,,,,2.278120994567871,,,,,,,,,,,
166,23619,,,,,2.5132710933685303,,,,,,,,,,,
166,23629,,,,,2.2545201778411865,,,,,,,,,,,
166,23639,,,,,2.6179280281066895,,,,,,,,,,,
166,23649,,,,,2.5917739868164062,,,,,,,,,,,
166,23659,,,,,2.5098719596862793,,,,,,,,,,,
166,23669,,,,,2.300668478012085,,,,,,,,,,,
166,23679,,,,,2.6216955184936523,,,,,,,,,,,
166,23689,,,,,2.4474170207977295,,,,,,,,,,,
166,23699,,,,,2.48170804977417,,,,,,,,,,,
166,23709,,,,,2.3075857162475586,,,,,,,,,,,
166,166,12.467715978468235,92.11039775995742,,,,,,,,,,,,,,
166,23713,,,,,,2.377744197845459,,,,,,,,,,
167,23719,,,,,2.3378005027770996,,,,,,,,,,,
167,23729,,,,,2.693873167037964,,,,,,,,,,,
167,23739,,,,,2.348796844482422,,,,,,,,,,,
167,23749,,,,,2.3446295261383057,,,,,,,,,,,
167,23759,,,,,2.3309760093688965,,,,,,,,,,,
167,23769,,,,,2.3633928298950195,,,,,,,,,,,
167,23779,,,,,2.250415802001953,,,,,,,,,,,
167,23789,,,,,2.193866014480591,,,,,,,,,,,
167,23799,,,,,2.561774730682373,,,,,,,,,,,
167,23809,,,,,2.1900839805603027,,,,,,,,,,,
167,23819,,,,,2.2598164081573486,,,,,,,,,,,
167,23829,,,,,2.30242919921875,,,,,,,,,,,
167,23839,,,,,2.2116355895996094,,,,,,,,,,,
167,23849,,,,,2.2969248294830322,,,,,,,,,,,
167,167,13.234642952136792,92.11765184867484,,,,,,,,,,,,,,
167,23855,,,,,,2.3771910667419434,,,,,,,,,,
168,23859,,,,,2.476025104522705,,,,,,,,,,,
168,23869,,,,,2.2859647274017334,,,,,,,,,,,
168,23879,,,,,2.3038859367370605,,,,,,,,,,,
168,23889,,,,,2.565464973449707,,,,,,,,,,,
168,23899,,,,,2.2210469245910645,,,,,,,,,,,
168,23909,,,,,2.1611132621765137,,,,,,,,,,,
168,23919,,,,,2.1618571281433105,,,,,,,,,,,
168,23929,,,,,2.305245876312256,,,,,,,,,,,
168,23939,,,,,2.27091646194458,,,,,,,,,,,
168,23949,,,,,2.212233781814575,,,,,,,,,,,
168,23959,,,,,2.4916374683380127,,,,,,,,,,,
168,23969,,,,,2.3005576133728027,,,,,,,,,,,
168,23979,,,,,2.58445143699646,,,,,,,,,,,
168,23989,,,,,2.2302098274230957,,,,,,,,,,,
168,168,13.016814108240041,92.12502255930882,,,,,,,,,,,,,,
168,23997,,,,,,2.3657097816467285,,,,,,,,,,
169,23999,,,,,2.395888566970825,,,,,,,,,,,
169,24009,,,,,2.283496618270874,,,,,,,,,,,
169,24019,,,,,2.6542809009552,,,,,,,,,,,
169,24029,,,,,2.3297035694122314,,,,,,,,,,,
169,24039,,,,,2.1044609546661377,,,,,,,,,,,
169,24049,,,,,2.352855682373047,,,,,,,,,,,
169,24059,,,,,2.395925521850586,,,,,,,,,,,
169,24069,,,,,2.3282668590545654,,,,,,,,,,,
169,24079,,,,,2.4849295616149902,,,,,,,,,,,
169,24089,,,,,2.20790696144104,,,,,,,,,,,
169,24099,,,,,2.2427151203155518,,,,,,,,,,,
169,24109,,,,,2.2259926795959473,,,,,,,,,,,
169,24119,,,,,2.4619147777557373,,,,,,,,,,,
169,24129,,,,,2.35536527633667,,,,,,,,,,,
169,24139,,,,,2.638077974319458,,,,,,,,,,,
169,169,,,0.9545534253120422,0.21528713405132294,,,2.1536224834636792,0.34781354665756226,,0.8732290267944336,,0.1416667401790619,,3.0887246402550717,,0.21981793642044067
169,24139,,,,,,,,,0.8732290267944336,,0.1416667401790619,,3.0887248516082764,,0.21981793642044067,
169,169,13.817564566217305,92.13204524090982,,,,,,,,,,,,,,
169,24139,,,,,,2.3610315322875977,,,,,,,,,,
170,24149,,,,,2.417039155960083,,,,,,,,,,,
170,24159,,,,,2.4239439964294434,,,,,,,,,,,
170,24169,,,,,2.4692046642303467,,,,,,,,,,,
170,24179,,,,,2.230050563812256,,,,,,,,,,,
170,24189,,,,,2.478999614715576,,,,,,,,,,,
170,24199,,,,,2.198415756225586,,,,,,,,,,,
170,24209,,,,,2.3345189094543457,,,,,,,,,,,
170,24219,,,,,2.390523672103882,,,,,,,,,,,
170,24229,,,,,2.6181013584136963,,,,,,,,,,,
170,24239,,,,,2.532007932662964,,,,,,,,,,,
170,24249,,,,,2.457498073577881,,,,,,,,,,,
170,24259,,,,,2.380500078201294,,,,,,,,,,,
170,24269,,,,,2.381498098373413,,,,,,,,,,,
170,24279,,,,,2.3570730686187744,,,,,,,,,,,
170,170,14.56401360086263,92.13917422939798,,,,,,,,,,,,,,
170,24281,,,,,,2.363422155380249,,,,,,,,,,
171,24289,,,,,2.6426732540130615,,,,,,,,,,,
171,24299,,,,,2.243189811706543,,,,,,,,,,,
171,24309,,,,,2.2298598289489746,,,,,,,,,,,
171,24319,,,,,2.2948029041290283,,,,,,,,,,,
171,24329,,,,,2.188096761703491,,,,,,,,,,,
171,24339,,,,,2.4126386642456055,,,,,,,,,,,
171,24349,,,,,2.4200732707977295,,,,,,,,,,,
171,24359,,,,,2.3385119438171387,,,,,,,,,,,
171,24369,,,,,2.2886483669281006,,,,,,,,,,,
171,24379,,,,,2.232422351837158,,,,,,,,,,,
171,24389,,,,,2.1272358894348145,,,,,,,,,,,
171,24399,,,,,2.3184027671813965,,,,,,,,,,,
171,24409,,,,,2.119680166244507,,,,,,,,,,,
171,24419,,,,,2.608478546142578,,,,,,,,,,,
171,171,12.70418112403558,92.14616129567978,,,,,,,,,,,,,,
171,24423,,,,,,2.350982666015625,,,,,,,,,,
172,24429,,,,,2.52018141746521,,,,,,,,,,,
172,24439,,,,,1.9804052114486694,,,,,,,,,,,
172,24449,,,,,2.582509994506836,,,,,,,,,,,
172,24459,,,,,2.226593017578125,,,,,,,,,,,
172,24469,,,,,2.1412949562072754,,,,,,,,,,,
172,24479,,,,,2.2053256034851074,,,,,,,,,,,
172,24489,,,,,2.3885300159454346,,,,,,,,,,,
172,24499,,,,,2.290030002593994,,,,,,,,,,,
172,24509,,,,,2.2626757621765137,,,,,,,,,,,
172,24519,,,,,2.6159627437591553,,,,,,,,,,,
172,24529,,,,,2.2251744270324707,,,,,,,,,,,
172,24539,,,,,2.3661625385284424,,,,,,,,,,,
172,24549,,,,,2.199951648712158,,,,,,,,,,,
172,24559,,,,,2.3787527084350586,,,,,,,,,,,
172,172,13.705827426551863,92.15325639422205,,,,,,,,,,,,,,
172,24565,,,,,,2.3395464420318604,,,,,,,,,,
173,24569,,,,,2.4992849826812744,,,,,,,,,,,
173,24579,,,,,2.5702149868011475,,,,,,,,,,,
173,24589,,,,,2.323190927505493,,,,,,,,,,,
173,24599,,,,,2.3063158988952637,,,,,,,,,,,
173,24609,,,,,2.3499207496643066,,,,,,,,,,,
173,24619,,,,,2.486330270767212,,,,,,,,,,,
173,24629,,,,,2.360177755355835,,,,,,,,,,,
173,24639,,,,,2.0078794956207275,,,,,,,,,,,
173,24649,,,,,2.3982393741607666,,,,,,,,,,,
173,24659,,,,,2.289280891418457,,,,,,,,,,,
173,24669,,,,,2.161808967590332,,,,,,,,,,,
173,24679,,,,,2.5134007930755615,,,,,,,,,,,
173,24689,,,,,2.2769484519958496,,,,,,,,,,,
173,24699,,,,,2.199129343032837,,,,,,,,,,,
173,173,12.491001493940894,92.16004243826875,,,,,,,,,,,,,,
173,24707,,,,,,2.3428635597229004,,,,,,,,,,
174,24709,,,,,2.6840672492980957,,,,,,,,,,,
174,24719,,,,,2.2810685634613037,,,,,,,,,,,
174,24729,,,,,2.3864312171936035,,,,,,,,,,,
174,24739,,,,,2.0357718467712402,,,,,,,,,,,
174,24749,,,,,2.3183698654174805,,,,,,,,,,,
174,24759,,,,,2.481951951980591,,,,,,,,,,,
174,24769,,,,,2.563371181488037,,,,,,,,,,,
174,24779,,,,,2.6325347423553467,,,,,,,,,,,
174,24789,,,,,2.2936196327209473,,,,,,,,,,,
174,24799,,,,,2.4711999893188477,,,,,,,,,,,
174,24809,,,,,2.2662606239318848,,,,,,,,,,,
174,24819,,,,,2.3139312267303467,,,,,,,,,,,
174,24829,,,,,2.338174343109131,,,,,,,,,,,
174,24839,,,,,2.3243520259857178,,,,,,,,,,,
174,24849,,,,,2.5239052772521973,,,,,,,,,,,
174,174,14.343447615803273,92.16674413653371,,,,,,,,,,,,,,
174,24849,,,,,,2.3311095237731934,,,,,,,,,,
175,24859,,,,,2.356541156768799,,,,,,,,,,,
175,24869,,,,,2.2324705123901367,,,,,,,,,,,
175,24879,,,,,2.172438383102417,,,,,,,,,,,
175,24889,,,,,2.279425859451294,,,,,,,,,,,
175,24899,,,,,2.5698158740997314,,,,,,,,,,,
175,24909,,,,,1.983317494392395,,,,,,,,,,,
175,24919,,,,,2.380734920501709,,,,,,,,,,,
175,24929,,,,,2.3079967498779297,,,,,,,,,,,
175,24939,,,,,2.167034149169922,,,,,,,,,,,
175,24949,,,,,2.247530698776245,,,,,,,,,,,
175,24959,,,,,2.386974334716797,,,,,,,,,,,
175,24969,,,,,2.193870782852173,,,,,,,,,,,
175,24979,,,,,2.635355234146118,,,,,,,,,,,
175,24989,,,,,2.4034523963928223,,,,,,,,,,,
175,175,12.622479868013006,92.17419464860377,,,,,,,,,,,,,,
175,24991,,,,,,2.328937292098999,,,,,,,,,,
176,24999,,,,,2.2893764972686768,,,,,,,,,,,
176,25009,,,,,2.468574285507202,,,,,,,,,,,
176,25019,,,,,2.4651713371276855,,,,,,,,,,,
176,25029,,,,,2.032686710357666,,,,,,,,,,,
176,25039,,,,,2.3222644329071045,,,,,,,,,,,
176,25049,,,,,2.3143880367279053,,,,,,,,,,,
176,25059,,,,,2.19145131111145,,,,,,,,,,,
176,25069,,,,,2.403930425643921,,,,,,,,,,,
176,25079,,,,,2.151341438293457,,,,,,,,,,,
176,25089,,,,,2.192580461502075,,,,,,,,,,,
176,25099,,,,,2.267742156982422,,,,,,,,,,,
176,25109,,,,,2.3882834911346436,,,,,,,,,,,
176,25119,,,,,2.43387770652771,,,,,,,,,,,
176,25129,,,,,2.129610300064087,,,,,,,,,,,
176,176,14.293109059065854,92.18096817246459,,,,,,,,,,,,,,
176,25133,,,,,,2.329009771347046,,,,,,,,,,
177,25139,,,,,2.109734058380127,,,,,,,,,,,
177,25149,,,,,2.1950905323028564,,,,,,,,,,,
177,25159,,,,,2.272186756134033,,,,,,,,,,,
177,25169,,,,,1.943156123161316,,,,,,,,,,,
177,25179,,,,,2.460222005844116,,,,,,,,,,,
177,25189,,,,,2.2576255798339844,,,,,,,,,,,
177,25199,,,,,2.182255268096924,,,,,,,,,,,
177,25209,,,,,2.3619723320007324,,,,,,,,,,,
177,25219,,,,,2.2812461853027344,,,,,,,,,,,
177,25229,,,,,2.2596211433410645,,,,,,,,,,,
177,25239,,,,,2.3904027938842773,,,,,,,,,,,
177,25249,,,,,2.3997573852539062,,,,,,,,,,,
177,25259,,,,,2.2048583030700684,,,,,,,,,,,
177,25269,,,,,2.3869595527648926,,,,,,,,,,,
177,177,12.680073511701437,92.18812160455902,,,,,,,,,,,,,,
177,25275,,,,,,2.3227450847625732,,,,,,,,,,
178,25279,,,,,2.3531715869903564,,,,,,,,,,,
178,25289,,,,,2.224874258041382,,,,,,,,,,,
178,25299,,,,,2.385568380355835,,,,,,,,,,,
178,25309,,,,,2.533257484436035,,,,,,,,,,,
178,25319,,,,,2.21970534324646,,,,,,,,,,,
178,25329,,,,,2.172037363052368,,,,,,,,,,,
178,25339,,,,,2.6243364810943604,,,,,,,,,,,
178,25349,,,,,2.114921808242798,,,,,,,,,,,
178,25359,,,,,2.180506944656372,,,,,,,,,,,
178,25369,,,,,2.4783194065093994,,,,,,,,,,,
178,25379,,,,,2.587886333465576,,,,,,,,,,,
178,25389,,,,,2.343613862991333,,,,,,,,,,,
178,25399,,,,,2.63944411277771,,,,,,,,,,,
178,25409,,,,,2.581785202026367,,,,,,,,,,,
178,178,13.324077982813618,92.19559110922604,,,,,,,,,,,,,,
178,25417,,,,,,2.3074002265930176,,,,,,,,,,
179,25419,,,,,2.4332356452941895,,,,,,,,,,,
179,25429,,,,,2.355487108230591,,,,,,,,,,,
179,25439,,,,,2.108203649520874,,,,,,,,,,,
179,25449,,,,,2.3592255115509033,,,,,,,,,,,
179,25459,,,,,2.3970985412597656,,,,,,,,,,,
179,25469,,,,,2.0513157844543457,,,,,,,,,,,
179,25479,,,,,2.387556314468384,,,,,,,,,,,
179,25489,,,,,2.144426107406616,,,,,,,,,,,
179,25499,,,,,2.5497446060180664,,,,,,,,,,,
179,25509,,,,,2.138648748397827,,,,,,,,,,,
179,25519,,,,,2.1759414672851562,,,,,,,,,,,
179,25529,,,,,2.161594867706299,,,,,,,,,,,
179,25539,,,,,2.239227056503296,,,,,,,,,,,
179,25549,,,,,2.2079789638519287,,,,,,,,,,,
179,25559,,,,,2.383291482925415,,,,,,,,,,,
179,179,,,0.9578576683998108,0.2265903651714325,,,2.1279943459934585,0.3626466393470764,,0.874394416809082,,0.14624130725860596,,3.119185918752028,,0.22545014321804047
179,25559,,,,,,,,,0.874394416809082,,0.14624130725860596,,3.1191861629486084,,0.22545014321804047,
179,179,14.261016070631525,92.20258859951714,,,,,,,,,,,,,,
179,25559,,,,,,2.308316469192505,,,,,,,,,,
180,25569,,,,,2.205382823944092,,,,,,,,,,,
180,25579,,,,,2.2990028858184814,,,,,,,,,,,
180,25589,,,,,2.4988608360290527,,,,,,,,,,,
180,25599,,,,,2.243363380432129,,,,,,,,,,,
180,25609,,,,,2.073594808578491,,,,,,,,,,,
180,25619,,,,,2.0268967151641846,,,,,,,,,,,
180,25629,,,,,2.186164379119873,,,,,,,,,,,
180,25639,,,,,2.3374438285827637,,,,,,,,,,,
180,25649,,,,,2.2938649654388428,,,,,,,,,,,
180,25659,,,,,2.1416656970977783,,,,,,,,,,,
180,25669,,,,,2.234779119491577,,,,,,,,,,,
180,25679,,,,,2.5200095176696777,,,,,,,,,,,
180,25689,,,,,2.3145406246185303,,,,,,,,,,,
180,25699,,,,,2.109339475631714,,,,,,,,,,,
180,180,13.758027857269369,92.20958231884042,,,,,,,,,,,,,,
180,25701,,,,,,2.306262731552124,,,,,,,,,,
181,25709,,,,,2.4288442134857178,,,,,,,,,,,
181,25719,,,,,2.3151142597198486,,,,,,,,,,,
181,25729,,,,,2.52612042427063,,,,,,,,,,,
181,25739,,,,,2.554091691970825,,,,,,,,,,,
181,25749,,,,,2.274883270263672,,,,,,,,,,,
181,25759,,,,,2.210085391998291,,,,,,,,,,,
181,25769,,,,,1.9864994287490845,,,,,,,,,,,
181,25779,,,,,2.4749815464019775,,,,,,,,,,,
181,25789,,,,,1.9705300331115723,,,,,,,,,,,
181,25799,,,,,2.3018569946289062,,,,,,,,,,,
181,25809,,,,,2.2523388862609863,,,,,,,,,,,
181,25819,,,,,2.0552732944488525,,,,,,,,,,,
181,25829,,,,,2.1864476203918457,,,,,,,,,,,
181,25839,,,,,2.4099955558776855,,,,,,,,,,,
181,181,13.911227141581271,92.2171438835465,,,,,,,,,,,,,,
181,25843,,,,,,2.2955949306488037,,,,,,,,,,
182,25849,,,,,2.2991864681243896,,,,,,,,,,,
182,25859,,,,,2.233950138092041,,,,,,,,,,,
182,25869,,,,,2.6742377281188965,,,,,,,,,,,
182,25879,,,,,2.27346134185791,,,,,,,,,,,
182,25889,,,,,2.1442623138427734,,,,,,,,,,,
182,25899,,,,,2.347604990005493,,,,,,,,,,,
182,25909,,,,,2.300473213195801,,,,,,,,,,,
182,25919,,,,,2.209165096282959,,,,,,,,,,,
182,25929,,,,,2.1601550579071045,,,,,,,,,,,
182,25939,,,,,2.324205160140991,,,,,,,,,,,
182,25949,,,,,2.0904366970062256,,,,,,,,,,,
182,25959,,,,,2.277703285217285,,,,,,,,,,,
182,25969,,,,,2.1257388591766357,,,,,,,,,,,
182,25979,,,,,2.4464287757873535,,,,,,,,,,,
182,182,12.703339361096242,92.22506330694826,,,,,,,,,,,,,,
182,25985,,,,,,2.286461353302002,,,,,,,,,,
183,25989,,,,,2.3088150024414062,,,,,,,,,,,
183,25999,,,,,2.5440170764923096,,,,,,,,,,,
183,26009,,,,,2.1973602771759033,,,,,,,,,,,
183,26019,,,,,2.606539011001587,,,,,,,,,,,
183,26029,,,,,2.149872064590454,,,,,,,,,,,
183,26039,,,,,2.1967668533325195,,,,,,,,,,,
183,26049,,,,,2.4660604000091553,,,,,,,,,,,
183,26059,,,,,1.9804238080978394,,,,,,,,,,,
183,26069,,,,,2.2681796550750732,,,,,,,,,,,
183,26079,,,,,2.4661948680877686,,,,,,,,,,,
183,26089,,,,,2.3937199115753174,,,,,,,,,,,
183,26099,,,,,2.203556537628174,,,,,,,,,,,
183,26109,,,,,1.9803402423858643,,,,,,,,,,,
183,26119,,,,,2.4355757236480713,,,,,,,,,,,
183,183,15.708525500779563,92.23194608691853,,,,,,,,,,,,,,
183,26127,,,,,,2.2838239669799805,,,,,,,,,,
184,26129,,,,,2.400590419769287,,,,,,,,,,,
184,26139,,,,,2.228825330734253,,,,,,,,,,,
184,26149,,,,,2.1639175415039062,,,,,,,,,,,
184,26159,,,,,2.211740255355835,,,,,,,,,,,
184,26169,,,,,2.2912685871124268,,,,,,,,,,,
184,26179,,,,,2.416074514389038,,,,,,,,,,,
184,26189,,,,,1.992429256439209,,,,,,,,,,,
184,26199,,,,,2.1973347663879395,,,,,,,,,,,
184,26209,,,,,2.424539804458618,,,,,,,,,,,
184,26219,,,,,2.1551125049591064,,,,,,,,,,,
184,26229,,,,,2.5340728759765625,,,,,,,,,,,
184,26239,,,,,2.1147656440734863,,,,,,,,,,,
184,26249,,,,,2.375166654586792,,,,,,,,,,,
184,26259,,,,,2.356147050857544,,,,,,,,,,,
184,26269,,,,,1.9827611446380615,,,,,,,,,,,
184,184,14.295388376356739,92.23906866556896,,,,,,,,,,,,,,
184,26269,,,,,,2.276240587234497,,,,,,,,,,
185,26279,,,,,2.18092942237854,,,,,,,,,,,
185,26289,,,,,2.627692222595215,,,,,,,,,,,
185,26299,,,,,2.212040901184082,,,,,,,,,,,
185,26309,,,,,2.43087100982666,,,,,,,,,,,
185,26319,,,,,2.2635626792907715,,,,,,,,,,,
185,26329,,,,,2.154052257537842,,,,,,,,,,,
185,26339,,,,,2.316340684890747,,,,,,,,,,,
185,26349,,,,,2.0671133995056152,,,,,,,,,,,
185,26359,,,,,2.627166748046875,,,,,,,,,,,
185,26369,,,,,2.5435829162597656,,,,,,,,,,,
185,26379,,,,,2.449042797088623,,,,,,,,,,,
185,26389,,,,,2.4371654987335205,,,,,,,,,,,
185,26399,,,,,2.3436880111694336,,,,,,,,,,,
185,26409,,,,,2.449153423309326,,,,,,,,,,,
185,185,13.548818523919646,92.24629508316356,,,,,,,,,,,,,,
185,26411,,,,,,2.275144577026367,,,,,,,,,,
186,26419,,,,,2.42989444732666,,,,,,,,,,,
186,26429,,,,,2.1024234294891357,,,,,,,,,,,
186,26439,,,,,2.1799802780151367,,,,,,,,,,,
186,26449,,,,,2.0720114707946777,,,,,,,,,,,
186,26459,,,,,1.946310043334961,,,,,,,,,,,
186,26469,,,,,2.2699050903320312,,,,,,,,,,,
186,26479,,,,,2.418532133102417,,,,,,,,,,,
186,26489,,,,,2.237628936767578,,,,,,,,,,,
186,26499,,,,,1.9752438068389893,,,,,,,,,,,
186,26509,,,,,2.341886281967163,,,,,,,,,,,
186,26519,,,,,2.223262310028076,,,,,,,,,,,
186,26529,,,,,2.3527069091796875,,,,,,,,,,,
186,26539,,,,,2.29073166847229,,,,,,,,,,,
186,26549,,,,,2.346975326538086,,,,,,,,,,,
186,186,13.771645146629655,92.25330067604739,,,,,,,,,,,,,,
186,26553,,,,,,2.2721521854400635,,,,,,,,,,
187,26559,,,,,2.0730857849121094,,,,,,,,,,,
187,26569,,,,,2.061330556869507,,,,,,,,,,,
187,26579,,,,,2.456418752670288,,,,,,,,,,,
187,26589,,,,,2.207510232925415,,,,,,,,,,,
187,26599,,,,,2.072591781616211,,,,,,,,,,,
187,26609,,,,,2.436616897583008,,,,,,,,,,,
187,26619,,,,,2.0575201511383057,,,,,,,,,,,
187,26629,,,,,2.3086836338043213,,,,,,,,,,,
187,26639,,,,,2.4384968280792236,,,,,,,,,,,
187,26649,,,,,2.2769932746887207,,,,,,,,,,,
187,26659,,,,,2.132744312286377,,,,,,,,,,,
187,26669,,,,,2.404236316680908,,,,,,,,,,,
187,26679,,,,,2.255448341369629,,,,,,,,,,,
187,26689,,,,,2.3152456283569336,,,,,,,,,,,
187,187,12.33418146017629,92.26039590807696,,,,,,,,,,,,,,
187,26695,,,,,,2.2600693702697754,,,,,,,,,,
188,26699,,,,,2.2930638790130615,,,,,,,,,,,
188,26709,,,,,2.243583917617798,,,,,,,,,,,
188,26719,,,,,2.3505702018737793,,,,,,,,,,,
188,26729,,,,,2.1318795680999756,,,,,,,,,,,
188,26739,,,,,2.030719518661499,,,,,,,,,,,
188,26749,,,,,2.1948540210723877,,,,,,,,,,,
188,26759,,,,,2.30326247215271,,,,,,,,,,,
188,26769,,,,,1.9184092283248901,,,,,,,,,,,
188,26779,,,,,2.1690869331359863,,,,,,,,,,,
188,26789,,,,,2.4494593143463135,,,,,,,,,,,
188,26799,,,,,1.965912938117981,,,,,,,,,,,
188,26809,,,,,2.6199965476989746,,,,,,,,,,,
188,26819,,,,,2.2555530071258545,,,,,,,,,,,
188,26829,,,,,1.979552149772644,,,,,,,,,,,
188,188,12.564319586985729,92.26801614295137,,,,,,,,,,,,,,
188,26837,,,,,,2.2564034461975098,,,,,,,,,,
189,26839,,,,,2.211747884750366,,,,,,,,,,,
189,26849,,,,,2.185302734375,,,,,,,,,,,
189,26859,,,,,2.0981252193450928,,,,,,,,,,,
189,26869,,,,,2.5154147148132324,,,,,,,,,,,
189,26879,,,,,2.317169189453125,,,,,,,,,,,
189,26889,,,,,2.4712347984313965,,,,,,,,,,,
189,26899,,,,,2.2273128032684326,,,,,,,,,,,
189,26909,,,,,2.310255289077759,,,,,,,,,,,
189,26919,,,,,2.58646297454834,,,,,,,,,,,
189,26929,,,,,2.360478401184082,,,,,,,,,,,
189,26939,,,,,2.2765519618988037,,,,,,,,,,,
189,26949,,,,,2.44584584236145,,,,,,,,,,,
189,26959,,,,,2.1882588863372803,,,,,,,,,,,
189,26969,,,,,2.3643007278442383,,,,,,,,,,,
189,26979,,,,,2.314832925796509,,,,,,,,,,,
189,189,,,0.9611973166465759,0.24165448546409607,,,2.0506076272880667,0.37891989946365356,,0.8759520053863525,,0.15029016137123108,,3.116189817688903,,0.23038768768310547
189,26979,,,,,,,,,0.8759520053863525,,0.15029016137123108,,3.116189956665039,,0.23038768768310547,
189,189,14.10061060586548,92.2751046840928,,,,,,,,,,,,,,
189,26979,,,,,,2.254795789718628,,,,,,,,,,
190,26989,,,,,2.4647350311279297,,,,,,,,,,,
190,26999,,,,,2.587512969970703,,,,,,,,,,,
190,27009,,,,,2.22599196434021,,,,,,,,,,,
190,27019,,,,,1.9369663000106812,,,,,,,,,,,
190,27029,,,,,2.4051177501678467,,,,,,,,,,,
190,27039,,,,,2.089815378189087,,,,,,,,,,,
190,27049,,,,,2.531644582748413,,,,,,,,,,,
190,27059,,,,,2.5464611053466797,,,,,,,,,,,
190,27069,,,,,2.5148706436157227,,,,,,,,,,,
190,27079,,,,,2.4980108737945557,,,,,,,,,,,
190,27089,,,,,2.164989471435547,,,,,,,,,,,
190,27099,,,,,2.3040053844451904,,,,,,,,,,,
190,27109,,,,,2.009633779525757,,,,,,,,,,,
190,27119,,,,,2.168365001678467,,,,,,,,,,,
190,190,13.814754222344169,92.28180440672325,,,,,,,,,,,,,,
190,27121,,,,,,2.241665840148926,,,,,,,,,,
191,27129,,,,,2.27766752243042,,,,,,,,,,,
191,27139,,,,,2.387036085128784,,,,,,,,,,,
191,27149,,,,,2.4326634407043457,,,,,,,,,,,
191,27159,,,,,2.417353630065918,,,,,,,,,,,
191,27169,,,,,1.9945634603500366,,,,,,,,,,,
191,27179,,,,,2.0126094818115234,,,,,,,,,,,
191,27189,,,,,2.201155424118042,,,,,,,,,,,
191,27199,,,,,2.2337241172790527,,,,,,,,,,,
191,27209,,,,,2.2719175815582275,,,,,,,,,,,
191,27219,,,,,2.3851680755615234,,,,,,,,,,,
191,27229,,,,,1.7870447635650635,,,,,,,,,,,
191,27239,,,,,2.319209575653076,,,,,,,,,,,
191,27249,,,,,2.010708808898926,,,,,,,,,,,
191,27259,,,,,2.2017629146575928,,,,,,,,,,,
191,191,13.372587432078763,92.28922587738725,,,,,,,,,,,,,,
191,27263,,,,,,2.2354753017425537,,,,,,,,,,
192,27269,,,,,2.0698699951171875,,,,,,,,,,,
192,27279,,,,,2.2803030014038086,,,,,,,,,,,
192,27289,,,,,2.0799624919891357,,,,,,,,,,,
192,27299,,,,,1.9455639123916626,,,,,,,,,,,
192,27309,,,,,2.4504733085632324,,,,,,,,,,,
192,27319,,,,,2.1476402282714844,,,,,,,,,,,
192,27329,,,,,2.1655313968658447,,,,,,,,,,,
192,27339,,,,,2.3471481800079346,,,,,,,,,,,
192,27349,,,,,2.005300521850586,,,,,,,,,,,
192,27359,,,,,2.294877529144287,,,,,,,,,,,
192,27369,,,,,2.121722936630249,,,,,,,,,,,
192,27379,,,,,2.3405253887176514,,,,,,,,,,,
192,27389,,,,,2.132188558578491,,,,,,,,,,,
192,27399,,,,,2.139552593231201,,,,,,,,,,,
192,192,13.770741222076783,92.29600897539841,,,,,,,,,,,,,,
192,27405,,,,,,2.2352051734924316,,,,,,,,,,
193,27409,,,,,2.406034469604492,,,,,,,,,,,
193,27419,,,,,2.115844488143921,,,,,,,,,,,
193,27429,,,,,2.444124460220337,,,,,,,,,,,
193,27439,,,,,2.3382534980773926,,,,,,,,,,,
193,27449,,,,,1.9939783811569214,,,,,,,,,,,
193,27459,,,,,2.178321123123169,,,,,,,,,,,
193,27469,,,,,2.2696380615234375,,,,,,,,,,,
193,27479,,,,,2.3387880325317383,,,,,,,,,,,
193,27489,,,,,1.9967741966247559,,,,,,,,,,,
193,27499,,,,,1.929214596748352,,,,,,,,,,,
193,27509,,,,,2.0880026817321777,,,,,,,,,,,
193,27519,,,,,2.3931961059570312,,,,,,,,,,,
193,27529,,,,,2.362851619720459,,,,,,,,,,,
193,27539,,,,,2.4624438285827637,,,,,,,,,,,
193,193,14.885243481931418,92.3030269315372,,,,,,,,,,,,,,
193,27547,,,,,,2.2330129146575928,,,,,,,,,,
194,27549,,,,,2.484121799468994,,,,,,,,,,,
194,27559,,,,,2.5192415714263916,,,,,,,,,,,
194,27569,,,,,2.2196335792541504,,,,,,,,,,,
194,27579,,,,,2.1467559337615967,,,,,,,,,,,
194,27589,,,,,2.3960769176483154,,,,,,,,,,,
194,27599,,,,,2.2310473918914795,,,,,,,,,,,
194,27609,,,,,2.276981830596924,,,,,,,,,,,
194,27619,,,,,2.1909255981445312,,,,,,,,,,,
194,27629,,,,,2.388526678085327,,,,,,,,,,,
194,27639,,,,,2.3295915126800537,,,,,,,,,,,
194,27649,,,,,2.4194650650024414,,,,,,,,,,,
194,27659,,,,,2.0796585083007812,,,,,,,,,,,
194,27669,,,,,2.3263559341430664,,,,,,,,,,,
194,27679,,,,,2.167419195175171,,,,,,,,,,,
194,27689,,,,,2.235499620437622,,,,,,,,,,,
194,194,14.932051022255672,92.31005350980358,,,,,,,,,,,,,,
194,27689,,,,,,2.2268741130828857,,,,,,,,,,
195,27699,,,,,2.085209369659424,,,,,,,,,,,
195,27709,,,,,2.132295846939087,,,,,,,,,,,
195,27719,,,,,2.167084217071533,,,,,,,,,,,
195,27729,,,,,2.096670389175415,,,,,,,,,,,
195,27739,,,,,2.4510722160339355,,,,,,,,,,,
195,27749,,,,,2.4224724769592285,,,,,,,,,,,
195,27759,,,,,2.322901487350464,,,,,,,,,,,
195,27769,,,,,1.9999210834503174,,,,,,,,,,,
195,27779,,,,,2.2236177921295166,,,,,,,,,,,
195,27789,,,,,2.3772614002227783,,,,,,,,,,,
195,27799,,,,,1.9967206716537476,,,,,,,,,,,
195,27809,,,,,2.0678720474243164,,,,,,,,,,,
195,27819,,,,,2.2966198921203613,,,,,,,,,,,
195,27829,,,,,2.1293818950653076,,,,,,,,,,,
195,195,14.34024652911662,92.31733216263173,,,,,,,,,,,,,,
195,27831,,,,,,2.221029281616211,,,,,,,,,,
196,27839,,,,,2.070477247238159,,,,,,,,,,,
196,27849,,,,,2.424081325531006,,,,,,,,,,,
196,27859,,,,,2.2132318019866943,,,,,,,,,,,
196,27869,,,,,2.21742844581604,,,,,,,,,,,
196,27879,,,,,2.2034921646118164,,,,,,,,,,,
196,27889,,,,,2.1081578731536865,,,,,,,,,,,
196,27899,,,,,2.0142314434051514,,,,,,,,,,,
196,27909,,,,,2.010601043701172,,,,,,,,,,,
196,27919,,,,,2.156337022781372,,,,,,,,,,,
196,27929,,,,,2.440274953842163,,,,,,,,,,,
196,27939,,,,,2.1592936515808105,,,,,,,,,,,
196,27949,,,,,2.1759254932403564,,,,,,,,,,,
196,27959,,,,,2.213014841079712,,,,,,,,,,,
196,27969,,,,,2.1171770095825195,,,,,,,,,,,
196,196,13.1570398432652,92.32470803047603,,,,,,,,,,,,,,
196,27973,,,,,,2.2161526679992676,,,,,,,,,,
197,27979,,,,,1.9366836547851562,,,,,,,,,,,
197,27989,,,,,2.2233870029449463,,,,,,,,,,,
197,27999,,,,,2.1136913299560547,,,,,,,,,,,
197,28009,,,,,2.189744710922241,,,,,,,,,,,
197,28019,,,,,2.4011588096618652,,,,,,,,,,,
197,28029,,,,,2.4642868041992188,,,,,,,,,,,
197,28039,,,,,1.9500077962875366,,,,,,,,,,,
197,28049,,,,,1.996274471282959,,,,,,,,,,,
197,28059,,,,,2.068389892578125,,,,,,,,,,,
197,28069,,,,,2.0273287296295166,,,,,,,,,,,
197,28079,,,,,2.375901699066162,,,,,,,,,,,
197,28089,,,,,2.3666186332702637,,,,,,,,,,,
197,28099,,,,,2.0090982913970947,,,,,,,,,,,
197,28109,,,,,2.1719167232513428,,,,,,,,,,,
197,197,12.699526680231848,92.3319971883436,,,,,,,,,,,,,,
197,28115,,,,,,2.211341142654419,,,,,,,,,,
198,28119,,,,,2.4514214992523193,,,,,,,,,,,
198,28129,,,,,2.030421495437622,,,,,,,,,,,
198,28139,,,,,2.510830879211426,,,,,,,,,,,
198,28149,,,,,2.1482863426208496,,,,,,,,,,,
198,28159,,,,,2.1575160026550293,,,,,,,,,,,
198,28169,,,,,2.2048826217651367,,,,,,,,,,,
198,28179,,,,,2.119050979614258,,,,,,,,,,,
198,28189,,,,,2.3607239723205566,,,,,,,,,,,
198,28199,,,,,2.1685783863067627,,,,,,,,,,,
198,28209,,,,,1.9362616539001465,,,,,,,,,,,
198,28219,,,,,2.233884572982788,,,,,,,,,,,
198,28229,,,,,2.362222909927368,,,,,,,,,,,
198,28239,,,,,2.5866644382476807,,,,,,,,,,,
198,28249,,,,,2.2204649448394775,,,,,,,,,,,
198,198,12.57331244427813,92.33942113564413,,,,,,,,,,,,,,
198,28257,,,,,,2.200225830078125,,,,,,,,,,
199,28259,,,,,1.8696945905685425,,,,,,,,,,,
199,28269,,,,,2.1179633140563965,,,,,,,,,,,
199,28279,,,,,2.1676647663116455,,,,,,,,,,,
199,28289,,,,,1.9766576290130615,,,,,,,,,,,
199,28299,,,,,2.1838109493255615,,,,,,,,,,,
199,28309,,,,,2.2795183658599854,,,,,,,,,,,
199,28319,,,,,2.1080169677734375,,,,,,,,,,,
199,28329,,,,,2.4023680686950684,,,,,,,,,,,
199,28339,,,,,1.9188731908798218,,,,,,,,,,,
199,28349,,,,,1.987658143043518,,,,,,,,,,,
199,28359,,,,,2.5311126708984375,,,,,,,,,,,
199,28369,,,,,2.3125410079956055,,,,,,,,,,,
199,28379,,,,,2.27675199508667,,,,,,,,,,,
199,28389,,,,,2.200308084487915,,,,,,,,,,,
199,28399,,,,,2.0071775913238525,,,,,,,,,,,
199,199,,,0.9641184210777283,0.2541334927082062,,,1.9785444435711705,0.3979642391204834,,0.876984715461731,,0.15169574320316315,,3.1194116506649525,,0.23239879310131073
199,28399,,,,,,,,,0.876984715461731,,0.15169574320316315,,3.1194112300872803,,0.23239879310131073,
199,199,13.047612054276863,92.34684830760006,,,,,,,,,,,,,,
199,28399,,,,,,2.1989543437957764,,,,,,,,,,
200,28409,,,,,1.9551194906234741,,,,,,,,,,,
200,28419,,,,,2.4518773555755615,,,,,,,,,,,
200,28429,,,,,1.9191988706588745,,,,,,,,,,,
200,28439,,,,,2.0003178119659424,,,,,,,,,,,
200,28449,,,,,2.1928460597991943,,,,,,,,,,,
200,28459,,,,,2.4344563484191895,,,,,,,,,,,
200,28469,,,,,2.22843861579895,,,,,,,,,,,
200,28479,,,,,2.2572073936462402,,,,,,,,,,,
200,28489,,,,,2.165386199951172,,,,,,,,,,,
200,28499,,,,,2.138667345046997,,,,,,,,,,,
200,28509,,,,,2.4466331005096436,,,,,,,,,,,
200,28519,,,,,2.0728046894073486,,,,,,,,,,,
200,28529,,,,,2.3121142387390137,,,,,,,,,,,
200,28539,,,,,2.455806255340576,,,,,,,,,,,
200,200,14.699142799704607,92.35394446302546,,,,,,,,,,,,,,
200,28541,,,,,,2.1968274116516113,,,,,,,,,,
201,28549,,,,,2.268277645111084,,,,,,,,,,,
201,28559,,,,,2.199570655822754,,,,,,,,,,,
201,28569,,,,,2.256394386291504,,,,,,,,,,,
201,28579,,,,,2.3884387016296387,,,,,,,,,,,
201,28589,,,,,2.2978131771087646,,,,,,,,,,,
201,28599,,,,,1.9650338888168335,,,,,,,,,,,
201,28609,,,,,2.026085138320923,,,,,,,,,,,
201,28619,,,,,2.360596179962158,,,,,,,,,,,
201,28629,,,,,2.6029982566833496,,,,,,,,,,,
201,28639,,,,,2.167982816696167,,,,,,,,,,,
201,28649,,,,,1.94166898727417,,,,,,,,,,,
201,28659,,,,,2.1200716495513916,,,,,,,,,,,
201,28669,,,,,2.2437236309051514,,,,,,,,,,,
201,28679,,,,,1.878817081451416,,,,,,,,,,,
201,201,14.254919414516223,92.36110954821001,,,,,,,,,,,,,,
201,28683,,,,,,2.1871824264526367,,,,,,,,,,
202,28689,,,,,2.4532806873321533,,,,,,,,,,,
202,28699,,,,,1.7193788290023804,,,,,,,,,,,
202,28709,,,,,2.1916632652282715,,,,,,,,,,,
202,28719,,,,,1.970528483390808,,,,,,,,,,,
202,28729,,,,,2.2766966819763184,,,,,,,,,,,
202,28739,,,,,2.135957956314087,,,,,,,,,,,
202,28749,,,,,2.083397388458252,,,,,,,,,,,
202,28759,,,,,2.220681667327881,,,,,,,,,,,
202,28769,,,,,1.8882218599319458,,,,,,,,,,,
202,28779,,,,,2.0514960289001465,,,,,,,,,,,
202,28789,,,,,2.123549699783325,,,,,,,,,,,
202,28799,,,,,2.081341505050659,,,,,,,,,,,
202,28809,,,,,2.2942841053009033,,,,,,,,,,,
202,28819,,,,,1.9861576557159424,,,,,,,,,,,
202,202,14.425392486167114,92.36885566199062,,,,,,,,,,,,,,
202,28825,,,,,,2.1786983013153076,,,,,,,,,,
203,28829,,,,,2.261174201965332,,,,,,,,,,,
203,28839,,,,,2.095094680786133,,,,,,,,,,,
203,28849,,,,,2.1291816234588623,,,,,,,,,,,
203,28859,,,,,2.200623035430908,,,,,,,,,,,
203,28869,,,,,2.228761911392212,,,,,,,,,,,
203,28879,,,,,2.41133451461792,,,,,,,,,,,
203,28889,,,,,1.9683109521865845,,,,,,,,,,,
203,28899,,,,,2.061882972717285,,,,,,,,,,,
203,28909,,,,,1.9377244710922241,,,,,,,,,,,
203,28919,,,,,1.7731287479400635,,,,,,,,,,,
203,28929,,,,,2.0913960933685303,,,,,,,,,,,
203,28939,,,,,2.241257905960083,,,,,,,,,,,
203,28949,,,,,2.1339049339294434,,,,,,,,,,,
203,28959,,,,,2.111872434616089,,,,,,,,,,,
203,203,15.780442551145867,92.37548038809507,,,,,,,,,,,,,,
203,28967,,,,,,2.1789300441741943,,,,,,,,,,
204,28969,,,,,2.4957215785980225,,,,,,,,,,,
204,28979,,,,,1.8017089366912842,,,,,,,,,,,
204,28989,,,,,2.0340769290924072,,,,,,,,,,,
204,28999,,,,,2.282762050628662,,,,,,,,,,,
204,29009,,,,,2.243706703186035,,,,,,,,,,,
204,29019,,,,,2.309016466140747,,,,,,,,,,,
204,29029,,,,,2.4741618633270264,,,,,,,,,,,
204,29039,,,,,2.0950796604156494,,,,,,,,,,,
204,29049,,,,,2.0572597980499268,,,,,,,,,,,
204,29059,,,,,2.2629241943359375,,,,,,,,,,,
204,29069,,,,,2.074817419052124,,,,,,,,,,,
204,29079,,,,,2.059351682662964,,,,,,,,,,,
204,29089,,,,,2.169654369354248,,,,,,,,,,,
204,29099,,,,,2.2457504272460938,,,,,,,,,,,
204,29109,,,,,2.0594377517700195,,,,,,,,,,,
204,204,13.647530495567864,92.38269795327227,,,,,,,,,,,,,,
204,29109,,,,,,2.1752285957336426,,,,,,,,,,
205,29119,,,,,2.250701665878296,,,,,,,,,,,
205,29129,,,,,2.0652272701263428,,,,,,,,,,,
205,29139,,,,,2.466201066970825,,,,,,,,,,,
205,29149,,,,,2.0455377101898193,,,,,,,,,,,
205,29159,,,,,2.1742944717407227,,,,,,,,,,,
205,29169,,,,,2.3759491443634033,,,,,,,,,,,
205,29179,,,,,2.320784568786621,,,,,,,,,,,
205,29189,,,,,1.986318588256836,,,,,,,,,,,
205,29199,,,,,2.185279607772827,,,,,,,,,,,
205,29209,,,,,2.198780059814453,,,,,,,,,,,
205,29219,,,,,1.9033241271972656,,,,,,,,,,,
205,29229,,,,,2.018824338912964,,,,,,,,,,,
205,29239,,,,,1.8451327085494995,,,,,,,,,,,
205,29249,,,,,1.858481764793396,,,,,,,,,,,
205,205,15.21691947705487,92.38973876517271,,,,,,,,,,,,,,
205,29251,,,,,,2.172433614730835,,,,,,,,,,
206,29259,,,,,2.1357834339141846,,,,,,,,,,,
206,29269,,,,,2.225127696990967,,,,,,,,,,,
206,29279,,,,,2.0669820308685303,,,,,,,,,,,
206,29289,,,,,2.2015740871429443,,,,,,,,,,,
206,29299,,,,,2.186898946762085,,,,,,,,,,,
206,29309,,,,,2.2590880393981934,,,,,,,,,,,
206,29319,,,,,1.9872194528579712,,,,,,,,,,,
206,29329,,,,,1.892808198928833,,,,,,,,,,,
206,29339,,,,,2.408264636993408,,,,,,,,,,,
206,29349,,,,,2.1412158012390137,,,,,,,,,,,
206,29359,,,,,2.1255831718444824,,,,,,,,,,,
206,29369,,,,,2.553689479827881,,,,,,,,,,,
206,29379,,,,,2.243687391281128,,,,,,,,,,,
206,29389,,,,,2.1179916858673096,,,,,,,,,,,
206,206,14.451531980531197,92.39698946616022,,,,,,,,,,,,,,
206,29393,,,,,,2.160679817199707,,,,,,,,,,
207,29399,,,,,2.074713706970215,,,,,,,,,,,
207,29409,,,,,2.129941463470459,,,,,,,,,,,
207,29419,,,,,2.0180211067199707,,,,,,,,,,,
207,29429,,,,,2.1128885746002197,,,,,,,,,,,
207,29439,,,,,2.10229754447937,,,,,,,,,,,
207,29449,,,,,1.9890174865722656,,,,,,,,,,,
207,29459,,,,,2.0581953525543213,,,,,,,,,,,
207,29469,,,,,1.8808913230895996,,,,,,,,,,,
207,29479,,,,,2.344505548477173,,,,,,,,,,,
207,29489,,,,,1.823167085647583,,,,,,,,,,,
207,29499,,,,,2.1538710594177246,,,,,,,,,,,
207,29509,,,,,2.1366689205169678,,,,,,,,,,,
207,29519,,,,,2.1661624908447266,,,,,,,,,,,
207,29529,,,,,2.1667110919952393,,,,,,,,,,,
207,207,17.28866466030121,92.40416654826815,,,,,,,,,,,,,,
207,29535,,,,,,2.155494213104248,,,,,,,,,,
208,29539,,,,,2.1216413974761963,,,,,,,,,,,
208,29549,,,,,2.1540911197662354,,,,,,,,,,,
208,29559,,,,,2.02968168258667,,,,,,,,,,,
208,29569,,,,,2.4072656631469727,,,,,,,,,,,
208,29579,,,,,2.2416610717773438,,,,,,,,,,,
208,29589,,,,,2.3974785804748535,,,,,,,,,,,
208,29599,,,,,2.1485507488250732,,,,,,,,,,,
208,29609,,,,,2.025439500808716,,,,,,,,,,,
208,29619,,,,,1.9619579315185547,,,,,,,,,,,
208,29629,,,,,2.15343976020813,,,,,,,,,,,
208,29639,,,,,2.306847095489502,,,,,,,,,,,
208,29649,,,,,2.0456254482269287,,,,,,,,,,,
208,29659,,,,,2.186431884765625,,,,,,,,,,,
208,29669,,,,,2.233574628829956,,,,,,,,,,,
208,208,14.52286895818622,92.41066071102888,,,,,,,,,,,,,,
208,29677,,,,,,2.1584553718566895,,,,,,,,,,
209,29679,,,,,2.2739572525024414,,,,,,,,,,,
209,29689,,,,,2.0774219036102295,,,,,,,,,,,
209,29699,,,,,2.3373422622680664,,,,,,,,,,,
209,29709,,,,,2.0662922859191895,,,,,,,,,,,
209,29719,,,,,2.154294729232788,,,,,,,,,,,
209,29729,,,,,2.1177215576171875,,,,,,,,,,,
209,29739,,,,,2.026454448699951,,,,,,,,,,,
209,29749,,,,,2.244760274887085,,,,,,,,,,,
209,29759,,,,,2.0716240406036377,,,,,,,,,,,
209,29769,,,,,2.21679949760437,,,,,,,,,,,
209,29779,,,,,1.966341257095337,,,,,,,,,,,
209,29789,,,,,2.081754207611084,,,,,,,,,,,
209,29799,,,,,1.96514892578125,,,,,,,,,,,
209,29809,,,,,2.3160018920898438,,,,,,,,,,,
209,29819,,,,,2.1919870376586914,,,,,,,,,,,
209,209,,,0.9667730331420898,0.26952028274536133,,,1.9221305875048242,0.4122367799282074,,0.8817325234413147,,0.16170084476470947,,3.095674196676332,,0.23759128153324127
209,29819,,,,,,,,,0.8817325234413147,,0.16170084476470947,,3.0956737995147705,,0.23759128153324127,
209,209,13.487835932504682,92.41838493105166,,,,,,,,,,,,,,
209,29819,,,,,,2.1441657543182373,,,,,,,,,,
210,29829,,,,,2.2544403076171875,,,,,,,,,,,
210,29839,,,,,1.9228577613830566,,,,,,,,,,,
210,29849,,,,,2.430948257446289,,,,,,,,,,,
210,29859,,,,,2.259047746658325,,,,,,,,,,,
210,29869,,,,,2.103506565093994,,,,,,,,,,,
210,29879,,,,,1.9861074686050415,,,,,,,,,,,
210,29889,,,,,1.987966537475586,,,,,,,,,,,
210,29899,,,,,2.1945910453796387,,,,,,,,,,,
210,29909,,,,,2.3780016899108887,,,,,,,,,,,
210,29919,,,,,2.0456676483154297,,,,,,,,,,,
210,29929,,,,,2.219358444213867,,,,,,,,,,,
210,29939,,,,,2.53656268119812,,,,,,,,,,,
210,29949,,,,,2.1162853240966797,,,,,,,,,,,
210,29959,,,,,2.0081090927124023,,,,,,,,,,,
210,210,13.445340237066224,92.42603889604125,,,,,,,,,,,,,,
210,29961,,,,,,2.1384170055389404,,,,,,,,,,
211,29969,,,,,2.2204408645629883,,,,,,,,,,,
211,29979,,,,,2.068344831466675,,,,,,,,,,,
211,29989,,,,,2.035646915435791,,,,,,,,,,,
211,29999,,,,,1.7239985466003418,,,,,,,,,,,
211,30009,,,,,1.9360872507095337,,,,,,,,,,,
211,30019,,,,,2.0099997520446777,,,,,,,,,,,
211,30029,,,,,2.3002307415008545,,,,,,,,,,,
211,30039,,,,,2.148969888687134,,,,,,,,,,,
211,30049,,,,,2.220485210418701,,,,,,,,,,,
211,30059,,,,,2.1575310230255127,,,,,,,,,,,
211,30069,,,,,2.4259438514709473,,,,,,,,,,,
211,30079,,,,,2.2271599769592285,,,,,,,,,,,
211,30089,,,,,2.155630350112915,,,,,,,,,,,
211,30099,,,,,2.109307289123535,,,,,,,,,,,
211,211,14.656701087515533,92.43341721174336,,,,,,,,,,,,,,
211,30103,,,,,,2.1374011039733887,,,,,,,,,,
212,30109,,,,,2.1328465938568115,,,,,,,,,,,
212,30119,,,,,1.9559756517410278,,,,,,,,,,,
212,30129,,,,,2.423628568649292,,,,,,,,,,,
212,30139,,,,,2.1066625118255615,,,,,,,,,,,
212,30149,,,,,1.9507601261138916,,,,,,,,,,,
212,30159,,,,,2.040832996368408,,,,,,,,,,,
212,30169,,,,,2.1053154468536377,,,,,,,,,,,
212,30179,,,,,1.7099003791809082,,,,,,,,,,,
212,30189,,,,,1.8597184419631958,,,,,,,,,,,
212,30199,,,,,2.1998398303985596,,,,,,,,,,,
212,30209,,,,,1.9747984409332275,,,,,,,,,,,
212,30219,,,,,2.2870428562164307,,,,,,,,,,,
212,30229,,,,,2.073276996612549,,,,,,,,,,,
212,30239,,,,,2.3572990894317627,,,,,,,,,,,
212,212,14.85059962976745,92.44122228945484,,,,,,,,,,,,,,
212,30245,,,,,,2.134599208831787,,,,,,,,,,
213,30249,,,,,2.1889309883117676,,,,,,,,,,,
213,30259,,,,,1.9881136417388916,,,,,,,,,,,
213,30269,,,,,1.9621387720108032,,,,,,,,,,,
213,30279,,,,,2.287168025970459,,,,,,,,,,,
213,30289,,,,,2.090832233428955,,,,,,,,,,,
213,30299,,,,,1.9247970581054688,,,,,,,,,,,
213,30309,,,,,2.1743004322052,,,,,,,,,,,
213,30319,,,,,2.5790255069732666,,,,,,,,,,,
213,30329,,,,,2.182656764984131,,,,,,,,,,,
213,30339,,,,,2.1298842430114746,,,,,,,,,,,
213,30349,,,,,1.866715669631958,,,,,,,,,,,
213,30359,,,,,2.494198799133301,,,,,,,,,,,
213,30369,,,,,2.088449239730835,,,,,,,,,,,
213,30379,,,,,2.0748491287231445,,,,,,,,,,,
213,213,14.30917461655132,92.44840399823353,,,,,,,,,,,,,,
213,30387,,,,,,2.133098840713501,,,,,,,,,,
214,30389,,,,,2.4276742935180664,,,,,,,,,,,
214,30399,,,,,1.986861228942871,,,,,,,,,,,
214,30409,,,,,2.0295913219451904,,,,,,,,,,,
214,30419,,,,,2.196075439453125,,,,,,,,,,,
214,30429,,,,,1.8062697649002075,,,,,,,,,,,
214,30439,,,,,2.180710792541504,,,,,,,,,,,
214,30449,,,,,2.1421658992767334,,,,,,,,,,,
214,30459,,,,,2.095916509628296,,,,,,,,,,,
214,30469,,,,,2.310438394546509,,,,,,,,,,,
214,30479,,,,,2.0181188583374023,,,,,,,,,,,
214,30489,,,,,2.2155168056488037,,,,,,,,,,,
214,30499,,,,,2.0317907333374023,,,,,,,,,,,
214,30509,,,,,2.0819618701934814,,,,,,,,,,,
214,30519,,,,,1.901151180267334,,,,,,,,,,,
214,30529,,,,,2.2395784854888916,,,,,,,,,,,
214,214,16.986845483619927,92.45516800569199,,,,,,,,,,,,,,
214,30529,,,,,,2.127687692642212,,,,,,,,,,
215,30539,,,,,2.0611085891723633,,,,,,,,,,,
215,30549,,,,,2.2012386322021484,,,,,,,,,,,
215,30559,,,,,1.9843151569366455,,,,,,,,,,,
215,30569,,,,,2.497135877609253,,,,,,,,,,,
215,30579,,,,,2.1602959632873535,,,,,,,,,,,
215,30589,,,,,2.264451503753662,,,,,,,,,,,
215,30599,,,,,2.174130916595459,,,,,,,,,,,
215,30609,,,,,1.8592721223831177,,,,,,,,,,,
215,30619,,,,,2.246441602706909,,,,,,,,,,,
215,30629,,,,,2.4202866554260254,,,,,,,,,,,
215,30639,,,,,2.076916217803955,,,,,,,,,,,
215,30649,,,,,1.9113415479660034,,,,,,,,,,,
215,30659,,,,,2.291269540786743,,,,,,,,,,,
215,30669,,,,,2.0673983097076416,,,,,,,,,,,
215,215,14.145938856260482,92.4623792711332,,,,,,,,,,,,,,
215,30671,,,,,,2.1179518699645996,,,,,,,,,,
216,30679,,,,,2.0240237712860107,,,,,,,,,,,
216,30689,,,,,1.8554677963256836,,,,,,,,,,,
216,30699,,,,,2.1233983039855957,,,,,,,,,,,
216,30709,,,,,2.062488317489624,,,,,,,,,,,
216,30719,,,,,2.0947704315185547,,,,,,,,,,,
216,30729,,,,,2.2309231758117676,,,,,,,,,,,
216,30739,,,,,2.0036838054656982,,,,,,,,,,,
216,30749,,,,,2.1605241298675537,,,,,,,,,,,
216,30759,,,,,2.056269884109497,,,,,,,,,,,
216,30769,,,,,2.4300503730773926,,,,,,,,,,,
216,30779,,,,,2.0204575061798096,,,,,,,,,,,
216,30789,,,,,1.8527066707611084,,,,,,,,,,,
216,30799,,,,,2.2220494747161865,,,,,,,,,,,
216,30809,,,,,2.0699868202209473,,,,,,,,,,,
216,216,14.172965811159107,92.46934361472499,,,,,,,,,,,,,,
216,30813,,,,,,2.1172964572906494,,,,,,,,,,
217,30819,,,,,2.0499699115753174,,,,,,,,,,,
217,30829,,,,,2.166602849960327,,,,,,,,,,,
217,30839,,,,,2.1975314617156982,,,,,,,,,,,
217,30849,,,,,2.0815248489379883,,,,,,,,,,,
217,30859,,,,,2.0532987117767334,,,,,,,,,,,
217,30869,,,,,2.1614956855773926,,,,,,,,,,,
217,30879,,,,,2.3914055824279785,,,,,,,,,,,
217,30889,,,,,2.1534476280212402,,,,,,,,,,,
217,30899,,,,,2.3942384719848633,,,,,,,,,,,
217,30909,,,,,2.2661798000335693,,,,,,,,,,,
217,30919,,,,,1.9801268577575684,,,,,,,,,,,
217,30929,,,,,2.1320302486419678,,,,,,,,,,,
217,30939,,,,,2.0926055908203125,,,,,,,,,,,
217,30949,,,,,1.9504519701004028,,,,,,,,,,,
217,217,13.002742091789882,92.47676703502032,,,,,,,,,,,,,,
217,30955,,,,,,2.1009464263916016,,,,,,,,,,
218,30959,,,,,2.000073194503784,,,,,,,,,,,
218,30969,,,,,1.9490714073181152,,,,,,,,,,,
218,30979,,,,,2.1225903034210205,,,,,,,,,,,
218,30989,,,,,2.036121129989624,,,,,,,,,,,
218,30999,,,,,2.0675222873687744,,,,,,,,,,,
218,31009,,,,,2.125397205352783,,,,,,,,,,,
218,31019,,,,,2.0419154167175293,,,,,,,,,,,
218,31029,,,,,2.139800786972046,,,,,,,,,,,
218,31039,,,,,1.7259851694107056,,,,,,,,,,,
218,31049,,,,,2.294342041015625,,,,,,,,,,,
218,31059,,,,,2.0619821548461914,,,,,,,,,,,
218,31069,,,,,2.0581648349761963,,,,,,,,,,,
218,31079,,,,,2.212292432785034,,,,,,,,,,,
218,31089,,,,,2.0122199058532715,,,,,,,,,,,
218,218,13.510180330242267,92.48435991511,,,,,,,,,,,,,,
218,31097,,,,,,2.1033642292022705,,,,,,,,,,
219,31099,,,,,2.268313407897949,,,,,,,,,,,
219,31109,,,,,1.9498331546783447,,,,,,,,,,,
219,31119,,,,,1.7137285470962524,,,,,,,,,,,
219,31129,,,,,2.168739080429077,,,,,,,,,,,
219,31139,,,,,2.1725258827209473,,,,,,,,,,,
219,31149,,,,,2.044572591781616,,,,,,,,,,,
219,31159,,,,,2.2260587215423584,,,,,,,,,,,
219,31169,,,,,2.147935390472412,,,,,,,,,,,
219,31179,,,,,1.9981642961502075,,,,,,,,,,,
219,31189,,,,,2.0313658714294434,,,,,,,,,,,
219,31199,,,,,2.2481496334075928,,,,,,,,,,,
219,31209,,,,,2.05633807182312,,,,,,,,,,,
219,31219,,,,,2.2285804748535156,,,,,,,,,,,
219,31229,,,,,2.1208579540252686,,,,,,,,,,,
219,31239,,,,,2.0403037071228027,,,,,,,,,,,
219,219,,,0.9692602157592773,0.28277555108070374,,,1.8921651822467969,0.42587050795555115,,0.8803513646125793,,0.1711614727973938,,3.1707006005608305,,0.24239052832126617
219,31239,,,,,,,,,0.8803513646125793,,0.1711614727973938,,3.1707003116607666,,0.24239052832126617,
219,219,15.637375866369997,92.49133655345474,,,,,,,,,,,,,,
219,31239,,,,,,2.1005594730377197,,,,,,,,,,
220,31249,,,,,2.037029266357422,,,,,,,,,,,
220,31259,,,,,2.3574635982513428,,,,,,,,,,,
220,31269,,,,,2.167372465133667,,,,,,,,,,,
220,31279,,,,,2.1623153686523438,,,,,,,,,,,
220,31289,,,,,1.9827513694763184,,,,,,,,,,,
220,31299,,,,,2.2353241443634033,,,,,,,,,,,
220,31309,,,,,1.8273940086364746,,,,,,,,,,,
220,31319,,,,,1.9961742162704468,,,,,,,,,,,
220,31329,,,,,1.9833593368530273,,,,,,,,,,,
220,31339,,,,,2.0067496299743652,,,,,,,,,,,
220,31349,,,,,1.9556024074554443,,,,,,,,,,,
220,31359,,,,,1.8988440036773682,,,,,,,,,,,
220,31369,,,,,2.279771327972412,,,,,,,,,,,
220,31379,,,,,2.1053998470306396,,,,,,,,,,,
220,220,15.531691208256795,92.49886936776872,,,,,,,,,,,,,,
220,31381,,,,,,2.0904855728149414,,,,,,,,,,
221,31389,,,,,1.8485835790634155,,,,,,,,,,,
221,31399,,,,,2.0507664680480957,,,,,,,,,,,
221,31409,,,,,2.1811373233795166,,,,,,,,,,,
221,31419,,,,,2.0510733127593994,,,,,,,,,,,
221,31429,,,,,2.173676013946533,,,,,,,,,,,
221,31439,,,,,2.124154806137085,,,,,,,,,,,
221,31449,,,,,1.8214924335479736,,,,,,,,,,,
221,31459,,,,,2.327904224395752,,,,,,,,,,,
221,31469,,,,,1.8539080619812012,,,,,,,,,,,
221,31479,,,,,1.9267199039459229,,,,,,,,,,,
221,31489,,,,,2.0603082180023193,,,,,,,,,,,
221,31499,,,,,2.1677780151367188,,,,,,,,,,,
221,31509,,,,,2.3502235412597656,,,,,,,,,,,
221,31519,,,,,2.1235594749450684,,,,,,,,,,,
221,221,13.475103141637764,92.50589030798731,,,,,,,,,,,,,,
221,31523,,,,,,2.0967557430267334,,,,,,,,,,
222,31529,,,,,2.1822307109832764,,,,,,,,,,,
222,31539,,,,,2.264800786972046,,,,,,,,,,,
222,31549,,,,,2.0732133388519287,,,,,,,,,,,
222,31559,,,,,1.960784912109375,,,,,,,,,,,
222,31569,,,,,1.9135870933532715,,,,,,,,,,,
222,31579,,,,,2.1436307430267334,,,,,,,,,,,
222,31589,,,,,2.107788324356079,,,,,,,,,,,
222,31599,,,,,1.930567741394043,,,,,,,,,,,
222,31609,,,,,2.083780527114868,,,,,,,,,,,
222,31619,,,,,2.1172869205474854,,,,,,,,,,,
222,31629,,,,,2.5578231811523438,,,,,,,,,,,
222,31639,,,,,1.9307390451431274,,,,,,,,,,,
222,31649,,,,,2.095132350921631,,,,,,,,,,,
222,31659,,,,,2.0374138355255127,,,,,,,,,,,
222,222,15.111512186334215,92.51319290377704,,,,,,,,,,,,,,
222,31665,,,,,,2.087390184402466,,,,,,,,,,
223,31669,,,,,2.181838274002075,,,,,,,,,,,
223,31679,,,,,1.9484401941299438,,,,,,,,,,,
223,31689,,,,,1.9073597192764282,,,,,,,,,,,
223,31699,,,,,1.943189024925232,,,,,,,,,,,
223,31709,,,,,2.182199716567993,,,,,,,,,,,
223,31719,,,,,2.1122288703918457,,,,,,,,,,,
223,31729,,,,,2.1237611770629883,,,,,,,,,,,
223,31739,,,,,2.3178045749664307,,,,,,,,,,,
223,31749,,,,,2.02771258354187,,,,,,,,,,,
223,31759,,,,,1.9524917602539062,,,,,,,,,,,
223,31769,,,,,2.006582021713257,,,,,,,,,,,
223,31779,,,,,2.2040765285491943,,,,,,,,,,,
223,31789,,,,,2.2528538703918457,,,,,,,,,,,
223,31799,,,,,2.4079768657684326,,,,,,,,,,,
223,223,14.084456020795141,92.52033983011464,,,,,,,,,,,,,,
223,31807,,,,,,2.07848858833313,,,,,,,,,,
224,31809,,,,,1.8569854497909546,,,,,,,,,,,
224,31819,,,,,1.8719003200531006,,,,,,,,,,,
224,31829,,,,,1.9394866228103638,,,,,,,,,,,
224,31839,,,,,2.0788798332214355,,,,,,,,,,,
224,31849,,,,,1.949579119682312,,,,,,,,,,,
224,31859,,,,,2.115818500518799,,,,,,,,,,,
224,31869,,,,,1.9620403051376343,,,,,,,,,,,
224,31879,,,,,2.0423331260681152,,,,,,,,,,,
224,31889,,,,,2.266791582107544,,,,,,,,,,,
224,31899,,,,,2.018425703048706,,,,,,,,,,,
224,31909,,,,,1.937172532081604,,,,,,,,,,,
224,31919,,,,,2.0965123176574707,,,,,,,,,,,
224,31929,,,,,2.0498921871185303,,,,,,,,,,,
224,31939,,,,,1.9491636753082275,,,,,,,,,,,
224,31949,,,,,2.0238943099975586,,,,,,,,,,,
224,224,13.555078780908143,92.52781930298998,,,,,,,,,,,,,,
224,31949,,,,,,2.074528694152832,,,,,,,,,,
225,31959,,,,,2.288058042526245,,,,,,,,,,,
225,31969,,,,,2.286069631576538,,,,,,,,,,,
225,31979,,,,,1.9140743017196655,,,,,,,,,,,
225,31989,,,,,1.8650164604187012,,,,,,,,,,,
225,31999,,,,,2.195769786834717,,,,,,,,,,,
225,32009,,,,,2.0007171630859375,,,,,,,,,,,
225,32019,,,,,2.1137471199035645,,,,,,,,,,,
225,32029,,,,,1.9802926778793335,,,,,,,,,,,
225,32039,,,,,1.9578652381896973,,,,,,,,,,,
225,32049,,,,,1.9498679637908936,,,,,,,,,,,
225,32059,,,,,2.0100085735321045,,,,,,,,,,,
225,32069,,,,,1.976072907447815,,,,,,,,,,,
225,32079,,,,,1.9411959648132324,,,,,,,,,,,
225,32089,,,,,2.4100069999694824,,,,,,,,,,,
225,225,13.02442672268016,92.53525188631448,,,,,,,,,,,,,,
225,32091,,,,,,2.070399284362793,,,,,,,,,,
226,32099,,,,,2.2105307579040527,,,,,,,,,,,
226,32109,,,,,2.2018773555755615,,,,,,,,,,,
226,32119,,,,,2.319514513015747,,,,,,,,,,,
226,32129,,,,,2.1516966819763184,,,,,,,,,,,
226,32139,,,,,2.019329786300659,,,,,,,,,,,
226,32149,,,,,2.126391887664795,,,,,,,,,,,
226,32159,,,,,1.8673095703125,,,,,,,,,,,
226,32169,,,,,1.90493905544281,,,,,,,,,,,
226,32179,,,,,2.0237042903900146,,,,,,,,,,,
226,32189,,,,,2.0179738998413086,,,,,,,,,,,
226,32199,,,,,1.9741833209991455,,,,,,,,,,,
226,32209,,,,,2.309102773666382,,,,,,,,,,,
226,32219,,,,,2.045253038406372,,,,,,,,,,,
226,32229,,,,,1.950347661972046,,,,,,,,,,,
226,226,15.415439941880784,92.54266252250177,,,,,,,,,,,,,,
226,32233,,,,,,2.0634448528289795,,,,,,,,,,
227,32239,,,,,1.9693453311920166,,,,,,,,,,,
227,32249,,,,,2.2661330699920654,,,,,,,,,,,
227,32259,,,,,2.2129924297332764,,,,,,,,,,,
227,32269,,,,,1.9084022045135498,,,,,,,,,,,
227,32279,,,,,2.029325008392334,,,,,,,,,,,
227,32289,,,,,1.9424915313720703,,,,,,,,,,,
227,32299,,,,,1.983681321144104,,,,,,,,,,,
227,32309,,,,,2.070620059967041,,,,,,,,,,,
227,32319,,,,,2.014702558517456,,,,,,,,,,,
227,32329,,,,,2.019355058670044,,,,,,,,,,,
227,32339,,,,,2.3160948753356934,,,,,,,,,,,
227,32349,,,,,1.9240556955337524,,,,,,,,,,,
227,32359,,,,,2.1345643997192383,,,,,,,,,,,
227,32369,,,,,2.086766242980957,,,,,,,,,,,
227,227,14.593193852063562,92.54987685175524,,,,,,,,,,,,,,
227,32375,,,,,,2.0623834133148193,,,,,,,,,,
228,32379,,,,,2.117027521133423,,,,,,,,,,,
228,32389,,,,,2.075662851333618,,,,,,,,,,,
228,32399,,,,,2.329516649246216,,,,,,,,,,,
228,32409,,,,,2.443385362625122,,,,,,,,,,,
228,32419,,,,,1.7127163410186768,,,,,,,,,,,
228,32429,,,,,2.054993152618408,,,,,,,,,,,
228,32439,,,,,2.111100673675537,,,,,,,,,,,
228,32449,,,,,2.3492865562438965,,,,,,,,,,,
228,32459,,,,,1.8864476680755615,,,,,,,,,,,
228,32469,,,,,2.1065080165863037,,,,,,,,,,,
228,32479,,,,,2.436051845550537,,,,,,,,,,,
228,32489,,,,,2.1440553665161133,,,,,,,,,,,
228,32499,,,,,2.0797276496887207,,,,,,,,,,,
228,32509,,,,,2.1613597869873047,,,,,,,,,,,
228,228,16.268769070193745,92.55695939610418,,,,,,,,,,,,,,
228,32517,,,,,,2.051171064376831,,,,,,,,,,
229,32519,,,,,1.8033288717269897,,,,,,,,,,,
229,32529,,,,,1.953365445137024,,,,,,,,,,,
229,32539,,,,,1.9895894527435303,,,,,,,,,,,
229,32549,,,,,1.9683740139007568,,,,,,,,,,,
229,32559,,,,,1.895085096359253,,,,,,,,,,,
229,32569,,,,,1.952481746673584,,,,,,,,,,,
229,32579,,,,,2.414475440979004,,,,,,,,,,,
229,32589,,,,,1.9492037296295166,,,,,,,,,,,
229,32599,,,,,2.094911813735962,,,,,,,,,,,
229,32609,,,,,1.743349552154541,,,,,,,,,,,
229,32619,,,,,1.8585954904556274,,,,,,,,,,,
229,32629,,,,,1.851101040840149,,,,,,,,,,,
229,32639,,,,,1.723955512046814,,,,,,,,,,,
229,32649,,,,,2.1994168758392334,,,,,,,,,,,
229,32659,,,,,1.7101860046386719,,,,,,,,,,,
229,229,,,0.9716465473175049,0.29393428564071655,,,1.8577646796877378,0.4397452473640442,,0.880136251449585,,0.1817421019077301,,3.213384427282275,,0.24279670417308807
229,32659,,,,,,,,,0.880136251449585,,0.1817421019077301,,3.2133851051330566,,0.24279670417308807,
229,229,12.81559075205375,92.56498513074844,,,,,,,,,,,,,,
229,32659,,,,,,2.0498180389404297,,,,,,,,,,
230,32669,,,,,2.183093309402466,,,,,,,,,,,
230,32679,,,,,2.0608980655670166,,,,,,,,,,,
230,32689,,,,,2.165207862854004,,,,,,,,,,,
230,32699,,,,,1.7234357595443726,,,,,,,,,,,
230,32709,,,,,1.7158268690109253,,,,,,,,,,,
230,32719,,,,,2.2092976570129395,,,,,,,,,,,
230,32729,,,,,1.8546117544174194,,,,,,,,,,,
230,32739,,,,,2.0173022747039795,,,,,,,,,,,
230,32749,,,,,1.790526270866394,,,,,,,,,,,
230,32759,,,,,1.7545456886291504,,,,,,,,,,,
230,32769,,,,,2.2637109756469727,,,,,,,,,,,
230,32779,,,,,2.1890313625335693,,,,,,,,,,,
230,32789,,,,,2.6317782402038574,,,,,,,,,,,
230,32799,,,,,1.88552987575531,,,,,,,,,,,
230,230,15.237018164518407,92.57219751323935,,,,,,,,,,,,,,
230,32801,,,,,,2.040987968444824,,,,,,,,,,
231,32809,,,,,2.2916316986083984,,,,,,,,,,,
231,32819,,,,,1.818864107131958,,,,,,,,,,,
231,32829,,,,,1.6618502140045166,,,,,,,,,,,
231,32839,,,,,1.854101538658142,,,,,,,,,,,
231,32849,,,,,1.9768210649490356,,,,,,,,,,,
231,32859,,,,,2.0945756435394287,,,,,,,,,,,
231,32869,,,,,1.7494686841964722,,,,,,,,,,,
231,32879,,,,,2.015355348587036,,,,,,,,,,,
231,32889,,,,,2.15250825881958,,,,,,,,,,,
231,32899,,,,,2.067997932434082,,,,,,,,,,,
231,32909,,,,,2.045130729675293,,,,,,,,,,,
231,32919,,,,,1.8457516431808472,,,,,,,,,,,
231,32929,,,,,2.0634191036224365,,,,,,,,,,,
231,32939,,,,,1.9871032238006592,,,,,,,,,,,
231,231,15.760875480390322,92.57983054585736,,,,,,,,,,,,,,
231,32943,,,,,,2.035595655441284,,,,,,,,,,
232,32949,,,,,2.012816905975342,,,,,,,,,,,
232,32959,,,,,1.9127758741378784,,,,,,,,,,,
232,32969,,,,,2.4935801029205322,,,,,,,,,,,
232,32979,,,,,1.7594631910324097,,,,,,,,,,,
232,32989,,,,,2.181788682937622,,,,,,,,,,,
232,32999,,,,,1.8847482204437256,,,,,,,,,,,
232,33009,,,,,2.223579168319702,,,,,,,,,,,
232,33019,,,,,1.8175350427627563,,,,,,,,,,,
232,33029,,,,,2.234159469604492,,,,,,,,,,,
232,33039,,,,,2.004608392715454,,,,,,,,,,,
232,33049,,,,,2.0364439487457275,,,,,,,,,,,
232,33059,,,,,1.8374898433685303,,,,,,,,,,,
232,33069,,,,,1.9900649785995483,,,,,,,,,,,
232,33079,,,,,2.4043829441070557,,,,,,,,,,,
232,232,13.933879016063232,92.58747538756714,,,,,,,,,,,,,,
232,33085,,,,,,2.0381221771240234,,,,,,,,,,
233,33089,,,,,1.8905794620513916,,,,,,,,,,,
233,33099,,,,,1.8319255113601685,,,,,,,,,,,
233,33109,,,,,2.1592676639556885,,,,,,,,,,,
233,33119,,,,,2.039928436279297,,,,,,,,,,,
233,33129,,,,,2.121352434158325,,,,,,,,,,,
233,33139,,,,,2.129931688308716,,,,,,,,,,,
233,33149,,,,,1.930914282798767,,,,,,,,,,,
233,33159,,,,,2.0833559036254883,,,,,,,,,,,
233,33169,,,,,1.901896595954895,,,,,,,,,,,
233,33179,,,,,1.9696639776229858,,,,,,,,,,,
233,33189,,,,,1.898866057395935,,,,,,,,,,,
233,33199,,,,,2.0687384605407715,,,,,,,,,,,
233,33209,,,,,2.0470404624938965,,,,,,,,,,,
233,33219,,,,,2.2490134239196777,,,,,,,,,,,
233,233,15.777394357139478,92.5945461305292,,,,,,,,,,,,,,
233,33227,,,,,,2.034093141555786,,,,,,,,,,
234,33229,,,,,2.3201310634613037,,,,,,,,,,,
234,33239,,,,,2.336501121520996,,,,,,,,,,,
234,33249,,,,,1.9936573505401611,,,,,,,,,,,
234,33259,,,,,2.1900627613067627,,,,,,,,,,,
234,33269,,,,,1.9851975440979004,,,,,,,,,,,
234,33279,,,,,2.0378341674804688,,,,,,,,,,,
234,33289,,,,,1.8844743967056274,,,,,,,,,,,
234,33299,,,,,1.7540051937103271,,,,,,,,,,,
234,33309,,,,,2.2517433166503906,,,,,,,,,,,
234,33319,,,,,2.3188347816467285,,,,,,,,,,,
234,33329,,,,,2.270617723464966,,,,,,,,,,,
234,33339,,,,,2.109517812728882,,,,,,,,,,,
234,33349,,,,,2.09403657913208,,,,,,,,,,,
234,33359,,,,,2.071665048599243,,,,,,,,,,,
234,33369,,,,,1.8587960004806519,,,,,,,,,,,
234,234,15.071510674870492,92.60206331930979,,,,,,,,,,,,,,
234,33369,,,,,,2.025221824645996,,,,,,,,,,
235,33379,,,,,1.9504368305206299,,,,,,,,,,,
235,33389,,,,,2.087989568710327,,,,,,,,,,,
235,33399,,,,,2.2696189880371094,,,,,,,,,,,
235,33409,,,,,2.081906318664551,,,,,,,,,,,
235,33419,,,,,2.1312005519866943,,,,,,,,,,,
235,33429,,,,,2.0183441638946533,,,,,,,,,,,
235,33439,,,,,2.015009641647339,,,,,,,,,,,
235,33449,,,,,1.9500353336334229,,,,,,,,,,,
235,33459,,,,,1.945725679397583,,,,,,,,,,,
235,33469,,,,,2.0160446166992188,,,,,,,,,,,
235,33479,,,,,1.780174970626831,,,,,,,,,,,
235,33489,,,,,2.077652931213379,,,,,,,,,,,
235,33499,,,,,1.848038911819458,,,,,,,,,,,
235,33509,,,,,1.845209002494812,,,,,,,,,,,
235,235,14.649605449917885,92.60958196895864,,,,,,,,,,,,,,
235,33511,,,,,,2.022407293319702,,,,,,,,,,
236,33519,,,,,2.063476324081421,,,,,,,,,,,
236,33529,,,,,1.92528235912323,,,,,,,,,,,
236,33539,,,,,1.929240107536316,,,,,,,,,,,
236,33549,,,,,2.0933284759521484,,,,,,,,,,,
236,33559,,,,,2.0603647232055664,,,,,,,,,,,
236,33569,,,,,1.8536760807037354,,,,,,,,,,,
236,33579,,,,,1.9393694400787354,,,,,,,,,,,
236,33589,,,,,2.1023149490356445,,,,,,,,,,,
236,33599,,,,,1.782370924949646,,,,,,,,,,,
236,33609,,,,,1.9446609020233154,,,,,,,,,,,
236,33619,,,,,2.0918309688568115,,,,,,,,,,,
236,33629,,,,,1.8753206729888916,,,,,,,,,,,
236,33639,,,,,2.0246214866638184,,,,,,,,,,,
236,33649,,,,,2.2516438961029053,,,,,,,,,,,
236,236,14.133797325608505,92.61760858205668,,,,,,,,,,,,,,
236,33653,,,,,,2.0127246379852295,,,,,,,,,,
237,33659,,,,,2.075596570968628,,,,,,,,,,,
237,33669,,,,,2.0855085849761963,,,,,,,,,,,
237,33679,,,,,2.032766103744507,,,,,,,,,,,
237,33689,,,,,1.7391912937164307,,,,,,,,,,,
237,33699,,,,,1.9802201986312866,,,,,,,,,,,
237,33709,,,,,1.8576791286468506,,,,,,,,,,,
237,33719,,,,,2.342345952987671,,,,,,,,,,,
237,33729,,,,,2.0841410160064697,,,,,,,,,,,
237,33739,,,,,2.0179224014282227,,,,,,,,,,,
237,33749,,,,,1.894166350364685,,,,,,,,,,,
237,33759,,,,,2.490967273712158,,,,,,,,,,,
237,33769,,,,,2.0721068382263184,,,,,,,,,,,
237,33779,,,,,2.258593797683716,,,,,,,,,,,
237,33789,,,,,2.221083641052246,,,,,,,,,,,
237,237,13.829503026767476,92.62483776871755,,,,,,,,,,,,,,
237,33795,,,,,,2.012282609939575,,,,,,,,,,
238,33799,,,,,1.7893420457839966,,,,,,,,,,,
238,33809,,,,,1.9052356481552124,,,,,,,,,,,
238,33819,,,,,1.7961156368255615,,,,,,,,,,,
238,33829,,,,,1.7472760677337646,,,,,,,,,,,
238,33839,,,,,2.114955425262451,,,,,,,,,,,
238,33849,,,,,1.9210877418518066,,,,,,,,,,,
238,33859,,,,,2.0385403633117676,,,,,,,,,,,
238,33869,,,,,2.3165700435638428,,,,,,,,,,,
238,33879,,,,,2.0967421531677246,,,,,,,,,,,
238,33889,,,,,1.9622597694396973,,,,,,,,,,,
238,33899,,,,,1.967668056488037,,,,,,,,,,,
238,33909,,,,,1.9782729148864746,,,,,,,,,,,
238,33919,,,,,2.115262746810913,,,,,,,,,,,
238,33929,,,,,1.8981198072433472,,,,,,,,,,,
238,238,15.64770132879051,92.63240527883707,,,,,,,,,,,,,,
238,33937,,,,,,2.0071816444396973,,,,,,,,,,
239,33939,,,,,2.2728192806243896,,,,,,,,,,,
239,33949,,,,,2.2984514236450195,,,,,,,,,,,
239,33959,,,,,2.2395896911621094,,,,,,,,,,,
239,33969,,,,,1.9880316257476807,,,,,,,,,,,
239,33979,,,,,2.1693177223205566,,,,,,,,,,,
239,33989,,,,,1.6731840372085571,,,,,,,,,,,
239,33999,,,,,1.8603261709213257,,,,,,,,,,,
239,34009,,,,,2.247246026992798,,,,,,,,,,,
239,34019,,,,,2.1091301441192627,,,,,,,,,,,
239,34029,,,,,2.1681149005889893,,,,,,,,,,,
239,34039,,,,,2.5409703254699707,,,,,,,,,,,
239,34049,,,,,2.1324734687805176,,,,,,,,,,,
239,34059,,,,,2.1187074184417725,,,,,,,,,,,
239,34069,,,,,2.0890512466430664,,,,,,,,,,,
239,34079,,,,,1.9528146982192993,,,,,,,,,,,
239,239,,,0.9738509654998779,0.3061692714691162,,,1.7708523791365214,0.4627012610435486,,0.8835450410842896,,0.18372610211372375,,3.179156386426517,,0.24685342609882355
239,34079,,,,,,,,,0.8835450410842896,,0.18372610211372375,,3.17915678024292,,0.24685342609882355,
239,239,15.402388478651364,92.63999703918724,,,,,,,,,,,,,,
239,34079,,,,,,2.0046474933624268,,,,,,,,,,
240,34089,,,,,1.7576711177825928,,,,,,,,,,,
240,34099,,,,,1.9625778198242188,,,,,,,,,,,
240,34109,,,,,1.8617379665374756,,,,,,,,,,,
240,34119,,,,,2.0372095108032227,,,,,,,,,,,
240,34129,,,,,2.124305009841919,,,,,,,,,,,
240,34139,,,,,1.9817217588424683,,,,,,,,,,,
240,34149,,,,,2.033311367034912,,,,,,,,,,,
240,34159,,,,,2.280129909515381,,,,,,,,,,,
240,34169,,,,,2.1138951778411865,,,,,,,,,,,
240,34179,,,,,1.927683711051941,,,,,,,,,,,
240,34189,,,,,2.1518607139587402,,,,,,,,,,,
240,34199,,,,,1.982290267944336,,,,,,,,,,,
240,34209,,,,,1.7206363677978516,,,,,,,,,,,
240,34219,,,,,1.9393123388290405,,,,,,,,,,,
240,240,15.358056209349002,92.64722339428953,,,,,,,,,,,,,,
240,34221,,,,,,1.9933990240097046,,,,,,,,,,
241,34229,,,,,2.0087404251098633,,,,,,,,,,,
241,34239,,,,,2.0337185859680176,,,,,,,,,,,
241,34249,,,,,1.9239082336425781,,,,,,,,,,,
241,34259,,,,,1.882139801979065,,,,,,,,,,,
241,34269,,,,,1.948287010192871,,,,,,,,,,,
241,34279,,,,,1.8699923753738403,,,,,,,,,,,
241,34289,,,,,1.9645568132400513,,,,,,,,,,,
241,34299,,,,,1.7134878635406494,,,,,,,,,,,
241,34309,,,,,1.958335518836975,,,,,,,,,,,
241,34319,,,,,1.9440820217132568,,,,,,,,,,,
241,34329,,,,,2.0129241943359375,,,,,,,,,,,
241,34339,,,,,2.060901641845703,,,,,,,,,,,
241,34349,,,,,2.285104513168335,,,,,,,,,,,
241,34359,,,,,2.0660033226013184,,,,,,,,,,,
241,241,15.64911802738701,92.65433344948293,,,,,,,,,,,,,,
241,34363,,,,,,1.9923120737075806,,,,,,,,,,
242,34369,,,,,2.0093135833740234,,,,,,,,,,,
242,34379,,,,,1.7141375541687012,,,,,,,,,,,
242,34389,,,,,1.8156899213790894,,,,,,,,,,,
242,34399,,,,,2.178471088409424,,,,,,,,,,,
242,34409,,,,,2.021080493927002,,,,,,,,,,,
242,34419,,,,,1.8650673627853394,,,,,,,,,,,
242,34429,,,,,2.1365807056427,,,,,,,,,,,
242,34439,,,,,1.7377194166183472,,,,,,,,,,,
242,34449,,,,,2.026975631713867,,,,,,,,,,,
242,34459,,,,,2.103386402130127,,,,,,,,,,,
242,34469,,,,,2.1786136627197266,,,,,,,,,,,
242,34479,,,,,1.7147679328918457,,,,,,,,,,,
242,34489,,,,,2.0208828449249268,,,,,,,,,,,
242,34499,,,,,1.8149486780166626,,,,,,,,,,,
242,242,15.461669153417306,92.66176924272591,,,,,,,,,,,,,,
242,34505,,,,,,1.9890272617340088,,,,,,,,,,
243,34509,,,,,1.975616216659546,,,,,,,,,,,
243,34519,,,,,2.136000394821167,,,,,,,,,,,
243,34529,,,,,2.1456780433654785,,,,,,,,,,,
243,34539,,,,,2.1621458530426025,,,,,,,,,,,
243,34549,,,,,2.1855592727661133,,,,,,,,,,,
243,34559,,,,,1.8061052560806274,,,,,,,,,,,
243,34569,,,,,2.5205228328704834,,,,,,,,,,,
243,34579,,,,,1.882994294166565,,,,,,,,,,,
243,34589,,,,,1.9999624490737915,,,,,,,,,,,
243,34599,,,,,2.39284348487854,,,,,,,,,,,
243,34609,,,,,2.2026448249816895,,,,,,,,,,,
243,34619,,,,,1.726399302482605,,,,,,,,,,,
243,34629,,,,,1.8275465965270996,,,,,,,,,,,
243,34639,,,,,1.9305579662322998,,,,,,,,,,,
243,243,15.88660545980607,92.66898919977407,,,,,,,,,,,,,,
243,34647,,,,,,1.9843934774398804,,,,,,,,,,
244,34649,,,,,1.7434557676315308,,,,,,,,,,,
244,34659,,,,,1.7419686317443848,,,,,,,,,,,
244,34669,,,,,2.059864044189453,,,,,,,,,,,
244,34679,,,,,1.9175667762756348,,,,,,,,,,,
244,34689,,,,,2.208435535430908,,,,,,,,,,,
244,34699,,,,,1.759302020072937,,,,,,,,,,,
244,34709,,,,,1.9953763484954834,,,,,,,,,,,
244,34719,,,,,1.9366185665130615,,,,,,,,,,,
244,34729,,,,,2.101119041442871,,,,,,,,,,,
244,34739,,,,,2.3075358867645264,,,,,,,,,,,
244,34749,,,,,2.1277990341186523,,,,,,,,,,,
244,34759,,,,,2.0441441535949707,,,,,,,,,,,
244,34769,,,,,1.9233394861221313,,,,,,,,,,,
244,34779,,,,,2.1669766902923584,,,,,,,,,,,
244,34789,,,,,1.8641024827957153,,,,,,,,,,,
244,244,14.720167423352574,92.67617708427854,,,,,,,,,,,,,,
244,34789,,,,,,1.9773708581924438,,,,,,,,,,
245,34799,,,,,2.2488839626312256,,,,,,,,,,,
245,34809,,,,,1.9423681497573853,,,,,,,,,,,
245,34819,,,,,1.8309203386306763,,,,,,,,,,,
245,34829,,,,,2.0516483783721924,,,,,,,,,,,
245,34839,,,,,1.8879269361495972,,,,,,,,,,,
245,34849,,,,,1.8409312963485718,,,,,,,,,,,
245,34859,,,,,2.004281759262085,,,,,,,,,,,
245,34869,,,,,1.9850298166275024,,,,,,,,,,,
245,34879,,,,,1.960175633430481,,,,,,,,,,,
245,34889,,,,,1.8940099477767944,,,,,,,,,,,
245,34899,,,,,1.8227556943893433,,,,,,,,,,,
245,34909,,,,,2.0143163204193115,,,,,,,,,,,
245,34919,,,,,1.9203652143478394,,,,,,,,,,,
245,34929,,,,,1.9886964559555054,,,,,,,,,,,
245,245,14.698516605368388,92.68408362583622,,,,,,,,,,,,,,
245,34931,,,,,,1.9700204133987427,,,,,,,,,,
246,34939,,,,,2.180328845977783,,,,,,,,,,,
246,34949,,,,,1.8773725032806396,,,,,,,,,,,
246,34959,,,,,1.9661846160888672,,,,,,,,,,,
246,34969,,,,,2.1103355884552,,,,,,,,,,,
246,34979,,,,,2.1776537895202637,,,,,,,,,,,
246,34989,,,,,2.0742504596710205,,,,,,,,,,,
246,34999,,,,,2.2242305278778076,,,,,,,,,,,
246,35009,,,,,1.9992181062698364,,,,,,,,,,,
246,35019,,,,,2.080991506576538,,,,,,,,,,,
246,35029,,,,,1.7065565586090088,,,,,,,,,,,
246,35039,,,,,2.039414882659912,,,,,,,,,,,
246,35049,,,,,1.9504042863845825,,,,,,,,,,,
246,35059,,,,,2.231975555419922,,,,,,,,,,,
246,35069,,,,,1.8036712408065796,,,,,,,,,,,
246,246,14.09627415902109,92.69160523687628,,,,,,,,,,,,,,
246,35073,,,,,,1.9670875072479248,,,,,,,,,,
247,35079,,,,,2.1508400440216064,,,,,,,,,,,
247,35089,,,,,2.016901731491089,,,,,,,,,,,
247,35099,,,,,1.81592857837677,,,,,,,,,,,
247,35109,,,,,1.9412939548492432,,,,,,,,,,,
247,35119,,,,,2.0369186401367188,,,,,,,,,,,
247,35129,,,,,1.7596155405044556,,,,,,,,,,,
247,35139,,,,,1.6622090339660645,,,,,,,,,,,
247,35149,,,,,1.8922820091247559,,,,,,,,,,,
247,35159,,,,,1.8620654344558716,,,,,,,,,,,
247,35169,,,,,2.0349533557891846,,,,,,,,,,,
247,35179,,,,,2.039355516433716,,,,,,,,,,,
247,35189,,,,,1.857961654663086,,,,,,,,,,,
247,35199,,,,,1.915716528892517,,,,,,,,,,,
247,35209,,,,,2.19816255569458,,,,,,,,,,,
247,247,14.142282430383332,92.69924583784572,,,,,,,,,,,,,,
247,35215,,,,,,1.9668214321136475,,,,,,,,,,
248,35219,,,,,1.9106249809265137,,,,,,,,,,,
248,35229,,,,,1.9893195629119873,,,,,,,,,,,
248,35239,,,,,2.1462535858154297,,,,,,,,,,,
248,35249,,,,,1.7917121648788452,,,,,,,,,,,
248,35259,,,,,2.037754535675049,,,,,,,,,,,
248,35269,,,,,1.9007593393325806,,,,,,,,,,,
248,35279,,,,,1.785555362701416,,,,,,,,,,,
248,35289,,,,,1.6529961824417114,,,,,,,,,,,
248,35299,,,,,1.9250414371490479,,,,,,,,,,,
248,35309,,,,,2.012251138687134,,,,,,,,,,,
248,35319,,,,,1.7436718940734863,,,,,,,,,,,
248,35329,,,,,2.028212785720825,,,,,,,,,,,
248,35339,,,,,1.8139095306396484,,,,,,,,,,,
248,35349,,,,,2.234799861907959,,,,,,,,,,,
248,248,13.551418276755552,92.70682440744503,,,,,,,,,,,,,,
248,35357,,,,,,1.9622180461883545,,,,,,,,,,
249,35359,,,,,1.6927831172943115,,,,,,,,,,,
249,35369,,,,,1.9925812482833862,,,,,,,,,,,
249,35379,,,,,1.8889601230621338,,,,,,,,,,,
249,35389,,,,,1.9925812482833862,,,,,,,,,,,
249,35399,,,,,2.095411539077759,,,,,,,,,,,
249,35409,,,,,1.9625862836837769,,,,,,,,,,,
249,35419,,,,,2.403822660446167,,,,,,,,,,,
249,35429,,,,,1.8463364839553833,,,,,,,,,,,
249,35439,,,,,1.8243753910064697,,,,,,,,,,,
249,35449,,,,,2.128608465194702,,,,,,,,,,,
249,35459,,,,,2.2229831218719482,,,,,,,,,,,
249,35469,,,,,1.9848322868347168,,,,,,,,,,,
249,35479,,,,,1.8029791116714478,,,,,,,,,,,
249,35489,,,,,1.8018910884857178,,,,,,,,,,,
249,35499,,,,,2.234731435775757,,,,,,,,,,,
249,249,,,0.9754518866539001,0.3262713849544525,,,1.7287477547187995,0.4764050841331482,,0.8820556402206421,,0.1913016438484192,,3.230895695029473,,0.246064692735672
249,35499,,,,,,,,,0.8820556402206421,,0.1913016438484192,,3.2308952808380127,,0.246064692735672,
249,249,14.56198950685206,92.71451371949422,,,,,,,,,,,,,,
249,35499,,,,,,1.957205057144165,,,,,,,,,,
250,35509,,,,,1.9773540496826172,,,,,,,,,,,
250,35519,,,,,1.8422226905822754,,,,,,,,,,,
250,35529,,,,,2.1407110691070557,,,,,,,,,,,
250,35539,,,,,1.796284556388855,,,,,,,,,,,
250,35549,,,,,1.890041708946228,,,,,,,,,,,
250,35559,,,,,1.988173484802246,,,,,,,,,,,
250,35569,,,,,2.277890920639038,,,,,,,,,,,
250,35579,,,,,1.8597513437271118,,,,,,,,,,,
250,35589,,,,,1.9146828651428223,,,,,,,,,,,
250,35599,,,,,1.7813869714736938,,,,,,,,,,,
250,35609,,,,,2.0141377449035645,,,,,,,,,,,
250,35619,,,,,2.1697638034820557,,,,,,,,,,,
250,35629,,,,,1.7743041515350342,,,,,,,,,,,
250,35639,,,,,1.7877469062805176,,,,,,,,,,,
250,250,13.256521220070201,92.72176066010748,,,,,,,,,,,,,,
250,35641,,,,,,1.9523303508758545,,,,,,,,,,
251,35649,,,,,1.7842168807983398,,,,,,,,,,,
251,35659,,,,,1.8644771575927734,,,,,,,,,,,
251,35669,,,,,1.7916251420974731,,,,,,,,,,,
251,35679,,,,,1.9337782859802246,,,,,,,,,,,
251,35689,,,,,2.3155202865600586,,,,,,,,,,,
251,35699,,,,,2.0119059085845947,,,,,,,,,,,
251,35709,,,,,1.8406342267990112,,,,,,,,,,,
251,35719,,,,,2.1783969402313232,,,,,,,,,,,
251,35729,,,,,1.8182792663574219,,,,,,,,,,,
251,35739,,,,,2.0363259315490723,,,,,,,,,,,
251,35749,,,,,1.6245903968811035,,,,,,,,,,,
251,35759,,,,,1.960679292678833,,,,,,,,,,,
251,35769,,,,,2.1444108486175537,,,,,,,,,,,
251,35779,,,,,1.7621339559555054,,,,,,,,,,,
251,251,14.21401249678956,92.72914514744524,,,,,,,,,,,,,,
251,35783,,,,,,1.9457050561904907,,,,,,,,,,
252,35789,,,,,2.1295485496520996,,,,,,,,,,,
252,35799,,,,,1.8245660066604614,,,,,,,,,,,
252,35809,,,,,2.087383270263672,,,,,,,,,,,
252,35819,,,,,2.0090951919555664,,,,,,,,,,,
252,35829,,,,,2.1297950744628906,,,,,,,,,,,
252,35839,,,,,2.3784565925598145,,,,,,,,,,,
252,35849,,,,,1.8171895742416382,,,,,,,,,,,
252,35859,,,,,2.1620755195617676,,,,,,,,,,,
252,35869,,,,,1.9061172008514404,,,,,,,,,,,
252,35879,,,,,2.14105486869812,,,,,,,,,,,
252,35889,,,,,2.0868325233459473,,,,,,,,,,,
252,35899,,,,,2.1110024452209473,,,,,,,,,,,
252,35909,,,,,1.9763216972351074,,,,,,,,,,,
252,35919,,,,,1.993977665901184,,,,,,,,,,,
252,252,14.905662174681193,92.73638918583492,,,,,,,,,,,,,,
252,35925,,,,,,1.9446419477462769,,,,,,,,,,
253,35929,,,,,2.0487070083618164,,,,,,,,,,,
253,35939,,,,,2.1382057666778564,,,,,,,,,,,
253,35949,,,,,1.642048954963684,,,,,,,,,,,
253,35959,,,,,1.9743865728378296,,,,,,,,,,,
253,35969,,,,,1.9765921831130981,,,,,,,,,,,
253,35979,,,,,1.9399758577346802,,,,,,,,,,,
253,35989,,,,,1.8582934141159058,,,,,,,,,,,
253,35999,,,,,1.830223798751831,,,,,,,,,,,
253,36009,,,,,1.9019848108291626,,,,,,,,,,,
253,36019,,,,,1.9381548166275024,,,,,,,,,,,
253,36029,,,,,1.832007884979248,,,,,,,,,,,
253,36039,,,,,2.20584774017334,,,,,,,,,,,
253,36049,,,,,1.8690969944000244,,,,,,,,,,,
253,36059,,,,,2.126993417739868,,,,,,,,,,,
253,253,14.851319229036829,92.74398322478893,,,,,,,,,,,,,,
253,36067,,,,,,1.9386886358261108,,,,,,,,,,
254,36069,,,,,2.02878737449646,,,,,,,,,,,
254,36079,,,,,2.121992826461792,,,,,,,,,,,
254,36089,,,,,1.8657821416854858,,,,,,,,,,,
254,36099,,,,,1.8662159442901611,,,,,,,,,,,
254,36109,,,,,2.3417012691497803,,,,,,,,,,,
254,36119,,,,,1.8009940385818481,,,,,,,,,,,
254,36129,,,,,1.8865811824798584,,,,,,,,,,,
254,36139,,,,,2.03768253326416,,,,,,,,,,,
254,36149,,,,,1.9432989358901978,,,,,,,,,,,
254,36159,,,,,2.1761419773101807,,,,,,,,,,,
254,36169,,,,,1.8796545267105103,,,,,,,,,,,
254,36179,,,,,2.1114652156829834,,,,,,,,,,,
254,36189,,,,,1.8944203853607178,,,,,,,,,,,
254,36199,,,,,1.7629237174987793,,,,,,,,,,,
254,36209,,,,,1.8041176795959473,,,,,,,,,,,
254,254,14.742046055458278,92.7517143902157,,,,,,,,,,,,,,
254,36209,,,,,,1.9260402917861938,,,,,,,,,,
255,36219,,,,,1.72360098361969,,,,,,,,,,,
255,36229,,,,,1.8895130157470703,,,,,,,,,,,
255,36239,,,,,1.9066693782806396,,,,,,,,,,,
255,36249,,,,,1.879396915435791,,,,,,,,,,,
255,36259,,,,,1.7805575132369995,,,,,,,,,,,
255,36269,,,,,1.8666706085205078,,,,,,,,,,,
255,36279,,,,,1.8269507884979248,,,,,,,,,,,
255,36289,,,,,1.84024977684021,,,,,,,,,,,
255,36299,,,,,1.813039779663086,,,,,,,,,,,
255,36309,,,,,2.1881368160247803,,,,,,,,,,,
255,36319,,,,,1.8600928783416748,,,,,,,,,,,
255,36329,,,,,2.102527618408203,,,,,,,,,,,
255,36339,,,,,1.8608978986740112,,,,,,,,,,,
255,36349,,,,,1.8108266592025757,,,,,,,,,,,
255,255,14.315339504661331,92.7592147334688,,,,,,,,,,,,,,
255,36351,,,,,,1.9360713958740234,,,,,,,,,,
256,36359,,,,,1.981433629989624,,,,,,,,,,,
256,36369,,,,,1.939016580581665,,,,,,,,,,,
256,36379,,,,,2.172150135040283,,,,,,,,,,,
256,36389,,,,,1.7791961431503296,,,,,,,,,,,
256,36399,,,,,2.000457763671875,,,,,,,,,,,
256,36409,,,,,2.219984292984009,,,,,,,,,,,
256,36419,,,,,2.0290122032165527,,,,,,,,,,,
256,36429,,,,,1.904649019241333,,,,,,,,,,,
256,36439,,,,,1.9454485177993774,,,,,,,,,,,
256,36449,,,,,1.9004125595092773,,,,,,,,,,,
256,36459,,,,,1.9609949588775635,,,,,,,,,,,
256,36469,,,,,2.077251434326172,,,,,,,,,,,
256,36479,,,,,1.883968710899353,,,,,,,,,,,
256,36489,,,,,1.7496798038482666,,,,,,,,,,,
256,256,13.722048759191999,92.76718636294801,,,,,,,,,,,,,,
256,36493,,,,,,1.9188088178634644,,,,,,,,,,
257,36499,,,,,1.9245429039001465,,,,,,,,,,,
257,36509,,,,,1.9989560842514038,,,,,,,,,,,
257,36519,,,,,2.088698625564575,,,,,,,,,,,
257,36529,,,,,1.846340537071228,,,,,,,,,,,
257,36539,,,,,1.824790358543396,,,,,,,,,,,
257,36549,,,,,2.0329341888427734,,,,,,,,,,,
257,36559,,,,,2.00126314163208,,,,,,,,,,,
257,36569,,,,,1.9393422603607178,,,,,,,,,,,
257,36579,,,,,1.8731609582901,,,,,,,,,,,
257,36589,,,,,1.9326250553131104,,,,,,,,,,,
257,36599,,,,,1.8459415435791016,,,,,,,,,,,
257,36609,,,,,2.021956205368042,,,,,,,,,,,
257,36619,,,,,1.878658413887024,,,,,,,,,,,
257,36629,,,,,2.0444188117980957,,,,,,,,,,,
257,257,15.375667892713626,92.77477730952315,,,,,,,,,,,,,,
257,36635,,,,,,1.9124975204467773,,,,,,,,,,
258,36639,,,,,1.9747710227966309,,,,,,,,,,,
258,36649,,,,,2.149489164352417,,,,,,,,,,,
258,36659,,,,,1.590871810913086,,,,,,,,,,,
258,36669,,,,,1.7818244695663452,,,,,,,,,,,
258,36679,,,,,1.7739428281784058,,,,,,,,,,,
258,36689,,,,,1.8319796323776245,,,,,,,,,,,
258,36699,,,,,1.8176013231277466,,,,,,,,,,,
258,36709,,,,,2.1542482376098633,,,,,,,,,,,
258,36719,,,,,1.765217661857605,,,,,,,,,,,
258,36729,,,,,2.1254773139953613,,,,,,,,,,,
258,36739,,,,,1.806965947151184,,,,,,,,,,,
258,36749,,,,,1.7782944440841675,,,,,,,,,,,
258,36759,,,,,1.8083617687225342,,,,,,,,,,,
258,36769,,,,,1.9526348114013672,,,,,,,,,,,
258,258,16.099986777735534,92.78190205730041,,,,,,,,,,,,,,
258,36777,,,,,,1.9102821350097656,,,,,,,,,,
259,36779,,,,,2.0351052284240723,,,,,,,,,,,
259,36789,,,,,1.817574381828308,,,,,,,,,,,
259,36799,,,,,1.7625466585159302,,,,,,,,,,,
259,36809,,,,,1.7611230611801147,,,,,,,,,,,
259,36819,,,,,1.7698614597320557,,,,,,,,,,,
259,36829,,,,,1.869179606437683,,,,,,,,,,,
259,36839,,,,,1.9925891160964966,,,,,,,,,,,
259,36849,,,,,1.9157564640045166,,,,,,,,,,,
259,36859,,,,,1.900794506072998,,,,,,,,,,,
259,36869,,,,,1.6600228548049927,,,,,,,,,,,
259,36879,,,,,2.0047407150268555,,,,,,,,,,,
259,36889,,,,,1.814742088317871,,,,,,,,,,,
259,36899,,,,,2.2475268840789795,,,,,,,,,,,
259,36909,,,,,1.9186996221542358,,,,,,,,,,,
259,36919,,,,,2.025841236114502,,,,,,,,,,,
259,259,,,0.9775413274765015,0.3415990471839905,,,1.6643438880786585,0.49391859769821167,,0.8863064646720886,,0.19627827405929565,,3.193883724054512,,0.25172820687294006
259,36919,,,,,,,,,0.8863064646720886,,0.19627827405929565,,3.1938838958740234,,0.25172820687294006,
259,259,14.858475297948354,92.78939246526414,,,,,,,,,,,,,,
259,36919,,,,,,1.907669186592102,,,,,,,,,,
260,36929,,,,,1.7616230249404907,,,,,,,,,,,
260,36939,,,,,1.8909897804260254,,,,,,,,,,,
260,36949,,,,,1.4982976913452148,,,,,,,,,,,
260,36959,,,,,2.0177645683288574,,,,,,,,,,,
260,36969,,,,,1.6781319379806519,,,,,,,,,,,
260,36979,,,,,1.7840490341186523,,,,,,,,,,,
260,36989,,,,,1.9038207530975342,,,,,,,,,,,
260,36999,,,,,1.7098042964935303,,,,,,,,,,,
260,37009,,,,,1.922871708869934,,,,,,,,,,,
260,37019,,,,,2.086796283721924,,,,,,,,,,,
260,37029,,,,,2.0339410305023193,,,,,,,,,,,
260,37039,,,,,1.9251017570495605,,,,,,,,,,,
260,37049,,,,,2.127817392349243,,,,,,,,,,,
260,37059,,,,,1.8316854238510132,,,,,,,,,,,
260,260,14.188792489592077,92.79688260410788,,,,,,,,,,,,,,
260,37061,,,,,,1.9084984064102173,,,,,,,,,,
261,37069,,,,,1.6958980560302734,,,,,,,,,,,
261,37079,,,,,1.8915292024612427,,,,,,,,,,,
261,37089,,,,,1.8726940155029297,,,,,,,,,,,
261,37099,,,,,1.9357943534851074,,,,,,,,,,,
261,37109,,,,,1.8350193500518799,,,,,,,,,,,
261,37119,,,,,1.9675147533416748,,,,,,,,,,,
261,37129,,,,,2.0035922527313232,,,,,,,,,,,
261,37139,,,,,1.8635571002960205,,,,,,,,,,,
261,37149,,,,,1.9140287637710571,,,,,,,,,,,
261,37159,,,,,1.9885698556900024,,,,,,,,,,,
261,37169,,,,,1.7102683782577515,,,,,,,,,,,
261,37179,,,,,2.0621964931488037,,,,,,,,,,,
261,37189,,,,,1.8472625017166138,,,,,,,,,,,
261,37199,,,,,1.930356502532959,,,,,,,,,,,
261,261,14.64437859265901,92.80462964456162,,,,,,,,,,,,,,
261,37203,,,,,,1.9038406610488892,,,,,,,,,,
262,37209,,,,,1.6634217500686646,,,,,,,,,,,
262,37219,,,,,1.9381321668624878,,,,,,,,,,,
262,37229,,,,,1.9768704175949097,,,,,,,,,,,
262,37239,,,,,1.6782071590423584,,,,,,,,,,,
262,37249,,,,,1.598232388496399,,,,,,,,,,,
262,37259,,,,,1.9964513778686523,,,,,,,,,,,
262,37269,,,,,1.8401222229003906,,,,,,,,,,,
262,37279,,,,,2.0820062160491943,,,,,,,,,,,
262,37289,,,,,2.0718159675598145,,,,,,,,,,,
262,37299,,,,,1.779539704322815,,,,,,,,,,,
262,37309,,,,,1.747353434562683,,,,,,,,,,,
262,37319,,,,,2.0504350662231445,,,,,,,,,,,
262,37329,,,,,1.9993990659713745,,,,,,,,,,,
262,37339,,,,,2.011774778366089,,,,,,,,,,,
262,262,15.744297116269161,92.81215307723382,,,,,,,,,,,,,,
262,37345,,,,,,1.8986620903015137,,,,,,,,,,
263,37349,,,,,1.9690700769424438,,,,,,,,,,,
263,37359,,,,,1.89421808719635,,,,,,,,,,,
263,37369,,,,,1.7737045288085938,,,,,,,,,,,
263,37379,,,,,1.9867430925369263,,,,,,,,,,,
263,37389,,,,,1.6901017427444458,,,,,,,,,,,
263,37399,,,,,2.136099100112915,,,,,,,,,,,
263,37409,,,,,2.066649913787842,,,,,,,,,,,
263,37419,,,,,1.969462513923645,,,,,,,,,,,
263,37429,,,,,2.0547666549682617,,,,,,,,,,,
263,37439,,,,,1.9237120151519775,,,,,,,,,,,
263,37449,,,,,1.828635573387146,,,,,,,,,,,
263,37459,,,,,1.980396032333374,,,,,,,,,,,
263,37469,,,,,2.2727108001708984,,,,,,,,,,,
263,37479,,,,,1.72379732131958,,,,,,,,,,,
263,263,14.214033627276509,92.81985960099136,,,,,,,,,,,,,,
263,37487,,,,,,1.894558310508728,,,,,,,,,,
264,37489,,,,,1.5399019718170166,,,,,,,,,,,
264,37499,,,,,2.1889352798461914,,,,,,,,,,,
264,37509,,,,,1.8399227857589722,,,,,,,,,,,
264,37519,,,,,1.9992530345916748,,,,,,,,,,,
264,37529,,,,,1.9343317747116089,,,,,,,,,,,
264,37539,,,,,1.7882423400878906,,,,,,,,,,,
264,37549,,,,,1.9647173881530762,,,,,,,,,,,
264,37559,,,,,1.6349729299545288,,,,,,,,,,,
264,37569,,,,,1.7781238555908203,,,,,,,,,,,
264,37579,,,,,1.928967833518982,,,,,,,,,,,
264,37589,,,,,1.760498285293579,,,,,,,,,,,
264,37599,,,,,1.751407265663147,,,,,,,,,,,
264,37609,,,,,1.7667244672775269,,,,,,,,,,,
264,37619,,,,,1.9572268724441528,,,,,,,,,,,
264,37629,,,,,1.9564768075942993,,,,,,,,,,,
264,264,14.654647389669993,92.82740936506339,,,,,,,,,,,,,,
264,37629,,,,,,1.8942400217056274,,,,,,,,,,
265,37639,,,,,2.1513571739196777,,,,,,,,,,,
265,37649,,,,,1.7316988706588745,,,,,,,,,,,
265,37659,,,,,2.019833564758301,,,,,,,,,,,
265,37669,,,,,1.9881682395935059,,,,,,,,,,,
265,37679,,,,,2.0231106281280518,,,,,,,,,,,
265,37689,,,,,1.809172511100769,,,,,,,,,,,
265,37699,,,,,1.9203319549560547,,,,,,,,,,,
265,37709,,,,,1.8772186040878296,,,,,,,,,,,
265,37719,,,,,1.9726237058639526,,,,,,,,,,,
265,37729,,,,,1.7343450784683228,,,,,,,,,,,
265,37739,,,,,1.9852913618087769,,,,,,,,,,,
265,37749,,,,,2.0368242263793945,,,,,,,,,,,
265,37759,,,,,1.731600284576416,,,,,,,,,,,
265,37769,,,,,1.689657211303711,,,,,,,,,,,
265,265,13.96543359340603,92.83539185394464,,,,,,,,,,,,,,
265,37771,,,,,,1.8787411451339722,,,,,,,,,,
266,37779,,,,,1.6864817142486572,,,,,,,,,,,
266,37789,,,,,1.6872756481170654,,,,,,,,,,,
266,37799,,,,,1.9005506038665771,,,,,,,,,,,
266,37809,,,,,1.9833016395568848,,,,,,,,,,,
266,37819,,,,,1.8671468496322632,,,,,,,,,,,
266,37829,,,,,2.0689189434051514,,,,,,,,,,,
266,37839,,,,,2.0953140258789062,,,,,,,,,,,
266,37849,,,,,1.8016271591186523,,,,,,,,,,,
266,37859,,,,,1.9452654123306274,,,,,,,,,,,
266,37869,,,,,1.9482903480529785,,,,,,,,,,,
266,37879,,,,,1.8266147375106812,,,,,,,,,,,
266,37889,,,,,2.1281144618988037,,,,,,,,,,,
266,37899,,,,,2.025568723678589,,,,,,,,,,,
266,37909,,,,,1.7814288139343262,,,,,,,,,,,
266,266,14.115595558022251,92.84307820687029,,,,,,,,,,,,,,
266,37913,,,,,,1.8767777681350708,,,,,,,,,,
267,37919,,,,,1.8375029563903809,,,,,,,,,,,
267,37929,,,,,2.0434534549713135,,,,,,,,,,,
267,37939,,,,,1.8020682334899902,,,,,,,,,,,
267,37949,,,,,1.7587080001831055,,,,,,,,,,,
267,37959,,,,,2.0645408630371094,,,,,,,,,,,
267,37969,,,,,1.9740734100341797,,,,,,,,,,,
267,37979,,,,,1.7698222398757935,,,,,,,,,,,
267,37989,,,,,1.769273281097412,,,,,,,,,,,
267,37999,,,,,2.140850305557251,,,,,,,,,,,
267,38009,,,,,1.5039291381835938,,,,,,,,,,,
267,38019,,,,,1.8292922973632812,,,,,,,,,,,
267,38029,,,,,1.6995817422866821,,,,,,,,,,,
267,38039,,,,,1.8169182538986206,,,,,,,,,,,
267,38049,,,,,1.8511019945144653,,,,,,,,,,,
267,267,18.086000862501304,92.84983667534256,,,,,,,,,,,,,,
267,38055,,,,,,1.8798375129699707,,,,,,,,,,
268,38059,,,,,1.6538649797439575,,,,,,,,,,,
268,38069,,,,,1.789879322052002,,,,,,,,,,,
268,38079,,,,,1.8569177389144897,,,,,,,,,,,
268,38089,,,,,2.014317274093628,,,,,,,,,,,
268,38099,,,,,1.871157169342041,,,,,,,,,,,
268,38109,,,,,1.599609136581421,,,,,,,,,,,
268,38119,,,,,2.037383794784546,,,,,,,,,,,
268,38129,,,,,1.7800267934799194,,,,,,,,,,,
268,38139,,,,,1.8325718641281128,,,,,,,,,,,
268,38149,,,,,2.0463900566101074,,,,,,,,,,,
268,38159,,,,,2.0515220165252686,,,,,,,,,,,
268,38169,,,,,1.918944001197815,,,,,,,,,,,
268,38179,,,,,1.6303386688232422,,,,,,,,,,,
268,38189,,,,,1.8643505573272705,,,,,,,,,,,
268,268,13.990150649342107,92.85734184236998,,,,,,,,,,,,,,
268,38197,,,,,,1.8718401193618774,,,,,,,,,,
269,38199,,,,,1.8405882120132446,,,,,,,,,,,
269,38209,,,,,1.6663192510604858,,,,,,,,,,,
269,38219,,,,,1.6050434112548828,,,,,,,,,,,
269,38229,,,,,1.9817932844161987,,,,,,,,,,,
269,38239,,,,,2.189744472503662,,,,,,,,,,,
269,38249,,,,,1.8765877485275269,,,,,,,,,,,
269,38259,,,,,1.7143795490264893,,,,,,,,,,,
269,38269,,,,,1.8617925643920898,,,,,,,,,,,
269,38279,,,,,1.7117807865142822,,,,,,,,,,,
269,38289,,,,,1.823205828666687,,,,,,,,,,,
269,38299,,,,,1.7016997337341309,,,,,,,,,,,
269,38309,,,,,1.8270304203033447,,,,,,,,,,,
269,38319,,,,,1.8951222896575928,,,,,,,,,,,
269,38329,,,,,1.9518405199050903,,,,,,,,,,,
269,38339,,,,,1.6738935708999634,,,,,,,,,,,
269,269,,,0.9788213968276978,0.34426409006118774,,,1.6394759846612295,0.5076200366020203,,0.8870217800140381,,0.19268031418323517,,3.2451002871503634,,0.2520083487033844
269,38339,,,,,,,,,0.8870217800140381,,0.19268031418323517,,3.2451000213623047,,0.2520083487033844,
269,269,15.371726238855157,92.86492675506585,,,,,,,,,,,,,,
269,38339,,,,,,1.8655120134353638,,,,,,,,,,
270,38349,,,,,1.8358227014541626,,,,,,,,,,,
270,38359,,,,,1.7681612968444824,,,,,,,,,,,
270,38369,,,,,1.8077657222747803,,,,,,,,,,,
270,38379,,,,,1.9675699472427368,,,,,,,,,,,
270,38389,,,,,1.972101092338562,,,,,,,,,,,
270,38399,,,,,1.7037830352783203,,,,,,,,,,,
270,38409,,,,,2.080913543701172,,,,,,,,,,,
270,38419,,,,,2.3274893760681152,,,,,,,,,,,
270,38429,,,,,1.7892112731933594,,,,,,,,,,,
270,38439,,,,,1.7008923292160034,,,,,,,,,,,
270,38449,,,,,1.7486568689346313,,,,,,,,,,,
270,38459,,,,,2.0085268020629883,,,,,,,,,,,
270,38469,,,,,1.798398494720459,,,,,,,,,,,
270,38479,,,,,1.8989287614822388,,,,,,,,,,,
270,270,14.633054752319303,92.87315137311556,,,,,,,,,,,,,,
270,38481,,,,,,1.8630245923995972,,,,,,,,,,
271,38489,,,,,1.9798777103424072,,,,,,,,,,,
271,38499,,,,,1.8110193014144897,,,,,,,,,,,
271,38509,,,,,1.9924262762069702,,,,,,,,,,,
271,38519,,,,,1.8285481929779053,,,,,,,,,,,
271,38529,,,,,1.7015599012374878,,,,,,,,,,,
271,38539,,,,,1.8001351356506348,,,,,,,,,,,
271,38549,,,,,1.9274166822433472,,,,,,,,,,,
271,38559,,,,,1.888795256614685,,,,,,,,,,,
271,38569,,,,,1.8714631795883179,,,,,,,,,,,
271,38579,,,,,1.6173250675201416,,,,,,,,,,,
271,38589,,,,,1.6781703233718872,,,,,,,,,,,
271,38599,,,,,1.7852849960327148,,,,,,,,,,,
271,38609,,,,,2.141838550567627,,,,,,,,,,,
271,38619,,,,,1.7152862548828125,,,,,,,,,,,
271,271,16.397800502748108,92.88048819731738,,,,,,,,,,,,,,
271,38623,,,,,,1.8613786697387695,,,,,,,,,,
272,38629,,,,,1.7464159727096558,,,,,,,,,,,
272,38639,,,,,1.9601187705993652,,,,,,,,,,,
272,38649,,,,,1.9435598850250244,,,,,,,,,,,
272,38659,,,,,1.707352876663208,,,,,,,,,,,
272,38669,,,,,1.7443554401397705,,,,,,,,,,,
272,38679,,,,,1.6520371437072754,,,,,,,,,,,
272,38689,,,,,1.993341326713562,,,,,,,,,,,
272,38699,,,,,1.6157288551330566,,,,,,,,,,,
272,38709,,,,,1.9217650890350342,,,,,,,,,,,
272,38719,,,,,1.8515379428863525,,,,,,,,,,,
272,38729,,,,,1.9230897426605225,,,,,,,,,,,
272,38739,,,,,1.8170161247253418,,,,,,,,,,,
272,38749,,,,,1.9480394124984741,,,,,,,,,,,
272,38759,,,,,1.8381431102752686,,,,,,,,,,,
272,272,16.068624896847126,92.88781017155087,,,,,,,,,,,,,,
272,38765,,,,,,1.8601078987121582,,,,,,,,,,
273,38769,,,,,2.1313021183013916,,,,,,,,,,,
273,38779,,,,,1.6205946207046509,,,,,,,,,,,
273,38789,,,,,1.5691591501235962,,,,,,,,,,,
273,38799,,,,,1.8480807542800903,,,,,,,,,,,
273,38809,,,,,1.912989616394043,,,,,,,,,,,
273,38819,,,,,2.0655510425567627,,,,,,,,,,,
273,38829,,,,,1.8323982954025269,,,,,,,,,,,
273,38839,,,,,1.8561583757400513,,,,,,,,,,,
273,38849,,,,,1.7378584146499634,,,,,,,,,,,
273,38859,,,,,1.651252269744873,,,,,,,,,,,
273,38869,,,,,1.9108200073242188,,,,,,,,,,,
273,38879,,,,,1.7878408432006836,,,,,,,,,,,
273,38889,,,,,1.919739007949829,,,,,,,,,,,
273,38899,,,,,1.8288838863372803,,,,,,,,,,,
273,273,15.393642608888301,92.8955463214599,,,,,,,,,,,,,,
273,38907,,,,,,1.8503307104110718,,,,,,,,,,
274,38909,,,,,1.9584259986877441,,,,,,,,,,,
274,38919,,,,,1.7695128917694092,,,,,,,,,,,
274,38929,,,,,1.9297927618026733,,,,,,,,,,,
274,38939,,,,,1.8248792886734009,,,,,,,,,,,
274,38949,,,,,1.5840115547180176,,,,,,,,,,,
274,38959,,,,,1.9817293882369995,,,,,,,,,,,
274,38969,,,,,1.8016207218170166,,,,,,,,,,,
274,38979,,,,,2.024153470993042,,,,,,,,,,,
274,38989,,,,,1.5474720001220703,,,,,,,,,,,
274,38999,,,,,1.7882273197174072,,,,,,,,,,,
274,39009,,,,,1.6592113971710205,,,,,,,,,,,
274,39019,,,,,1.8223512172698975,,,,,,,,,,,
274,39029,,,,,1.7191898822784424,,,,,,,,,,,
274,39039,,,,,1.859298825263977,,,,,,,,,,,
274,39049,,,,,2.1214797496795654,,,,,,,,,,,
274,274,15.902339189371043,92.90284527011814,,,,,,,,,,,,,,
274,39049,,,,,,1.844117522239685,,,,,,,,,,
275,39059,,,,,1.8797160387039185,,,,,,,,,,,
275,39069,,,,,2.004884958267212,,,,,,,,,,,
275,39079,,,,,1.7529256343841553,,,,,,,,,,,
275,39089,,,,,2.0754969120025635,,,,,,,,,,,
275,39099,,,,,1.9820359945297241,,,,,,,,,,,
275,39109,,,,,2.031146287918091,,,,,,,,,,,
275,39119,,,,,1.7018121480941772,,,,,,,,,,,
275,39129,,,,,1.9913400411605835,,,,,,,,,,,
275,39139,,,,,1.9413992166519165,,,,,,,,,,,
275,39149,,,,,2.1647160053253174,,,,,,,,,,,
275,39159,,,,,1.7831549644470215,,,,,,,,,,,
275,39169,,,,,1.714444637298584,,,,,,,,,,,
275,39179,,,,,1.7128612995147705,,,,,,,,,,,
275,39189,,,,,1.564523696899414,,,,,,,,,,,
275,275,15.408769018937349,92.91026114573695,,,,,,,,,,,,,,
275,39191,,,,,,1.8425840139389038,,,,,,,,,,
276,39199,,,,,1.7960783243179321,,,,,,,,,,,
276,39209,,,,,1.8989815711975098,,,,,,,,,,,
276,39219,,,,,1.843860387802124,,,,,,,,,,,
276,39229,,,,,1.4527442455291748,,,,,,,,,,,
276,39239,,,,,1.8040467500686646,,,,,,,,,,,
276,39249,,,,,1.8203949928283691,,,,,,,,,,,
276,39259,,,,,1.9732941389083862,,,,,,,,,,,
276,39269,,,,,1.9375495910644531,,,,,,,,,,,
276,39279,,,,,1.778354287147522,,,,,,,,,,,
276,39289,,,,,1.7123420238494873,,,,,,,,,,,
276,39299,,,,,1.571686029434204,,,,,,,,,,,
276,39309,,,,,1.6497656106948853,,,,,,,,,,,
276,39319,,,,,1.7736468315124512,,,,,,,,,,,
276,39329,,,,,1.950180172920227,,,,,,,,,,,
276,276,15.538756414902878,92.91784193213955,,,,,,,,,,,,,,
276,39333,,,,,,1.8388662338256836,,,,,,,,,,
277,39339,,,,,1.8573086261749268,,,,,,,,,,,
277,39349,,,,,1.8856514692306519,,,,,,,,,,,
277,39359,,,,,1.8538765907287598,,,,,,,,,,,
277,39369,,,,,1.6800556182861328,,,,,,,,,,,
277,39379,,,,,1.9536892175674438,,,,,,,,,,,
277,39389,,,,,1.6141412258148193,,,,,,,,,,,
277,39399,,,,,1.6323374509811401,,,,,,,,,,,
277,39409,,,,,2.076597213745117,,,,,,,,,,,
277,39419,,,,,1.8790026903152466,,,,,,,,,,,
277,39429,,,,,2.0697789192199707,,,,,,,,,,,
277,39439,,,,,1.9902406930923462,,,,,,,,,,,
277,39449,,,,,1.81653892993927,,,,,,,,,,,
277,39459,,,,,1.9474605321884155,,,,,,,,,,,
277,39469,,,,,1.8287594318389893,,,,,,,,,,,
277,277,15.18715278077571,92.92508973906736,,,,,,,,,,,,,,
277,39475,,,,,,1.8330698013305664,,,,,,,,,,
278,39479,,,,,1.806411862373352,,,,,,,,,,,
278,39489,,,,,1.8205236196517944,,,,,,,,,,,
278,39499,,,,,1.873043179512024,,,,,,,,,,,
278,39509,,,,,1.9231057167053223,,,,,,,,,,,
278,39519,,,,,1.6877628564834595,,,,,,,,,,,
278,39529,,,,,1.77711021900177,,,,,,,,,,,
278,39539,,,,,2.3102898597717285,,,,,,,,,,,
278,39549,,,,,1.582503318786621,,,,,,,,,,,
278,39559,,,,,2.0875275135040283,,,,,,,,,,,
278,39569,,,,,1.844551920890808,,,,,,,,,,,
278,39579,,,,,1.8568652868270874,,,,,,,,,,,
278,39589,,,,,2.0661332607269287,,,,,,,,,,,
278,39599,,,,,1.9021559953689575,,,,,,,,,,,
278,39609,,,,,1.7382378578186035,,,,,,,,,,,
278,278,14.306810593628274,92.93264161160715,,,,,,,,,,,,,,
278,39617,,,,,,1.8323909044265747,,,,,,,,,,
279,39619,,,,,1.7303060293197632,,,,,,,,,,,
279,39629,,,,,1.6271902322769165,,,,,,,,,,,
279,39639,,,,,1.8486782312393188,,,,,,,,,,,
279,39649,,,,,1.6180791854858398,,,,,,,,,,,
279,39659,,,,,1.5991226434707642,,,,,,,,,,,
279,39669,,,,,1.9271290302276611,,,,,,,,,,,
279,39679,,,,,1.8190226554870605,,,,,,,,,,,
279,39689,,,,,1.9414501190185547,,,,,,,,,,,
279,39699,,,,,1.5995261669158936,,,,,,,,,,,
279,39709,,,,,1.7313854694366455,,,,,,,,,,,
279,39719,,,,,2.2230238914489746,,,,,,,,,,,
279,39729,,,,,1.8006852865219116,,,,,,,,,,,
279,39739,,,,,1.7018585205078125,,,,,,,,,,,
279,39749,,,,,1.7393336296081543,,,,,,,,,,,
279,39759,,,,,1.8666493892669678,,,,,,,,,,,
279,279,,,0.9803818464279175,0.364648699760437,,,1.5904245379121484,0.5240064859390259,,0.887262761592865,,0.19882065057754517,,3.2556729444435666,,0.2521616220474243
279,39759,,,,,,,,,0.887262761592865,,0.19882065057754517,,3.2556729316711426,,0.2521616220474243,
279,279,15.369872612362448,92.9407940612519,,,,,,,,,,,,,,
279,39759,,,,,,1.822500228881836,,,,,,,,,,
280,39769,,,,,1.9471904039382935,,,,,,,,,,,
280,39779,,,,,1.8745156526565552,,,,,,,,,,,
280,39789,,,,,1.9830235242843628,,,,,,,,,,,
280,39799,,,,,1.752756953239441,,,,,,,,,,,
280,39809,,,,,2.137871503829956,,,,,,,,,,,
280,39819,,,,,2.1773345470428467,,,,,,,,,,,
280,39829,,,,,1.6843523979187012,,,,,,,,,,,
280,39839,,,,,2.1193580627441406,,,,,,,,,,,
280,39849,,,,,1.7759286165237427,,,,,,,,,,,
280,39859,,,,,1.8117495775222778,,,,,,,,,,,
280,39869,,,,,1.8508007526397705,,,,,,,,,,,
280,39879,,,,,1.8114198446273804,,,,,,,,,,,
280,39889,,,,,2.1052772998809814,,,,,,,,,,,
280,39899,,,,,1.6963906288146973,,,,,,,,,,,
280,280,14.965189674889512,92.94854501607921,,,,,,,,,,,,,,
280,39901,,,,,,1.8233891725540161,,,,,,,,,,
281,39909,,,,,1.9106805324554443,,,,,,,,,,,
281,39919,,,,,1.853489637374878,,,,,,,,,,,
281,39929,,,,,1.737997055053711,,,,,,,,,,,
281,39939,,,,,1.824113368988037,,,,,,,,,,,
281,39949,,,,,1.8425127267837524,,,,,,,,,,,
281,39959,,,,,1.6786373853683472,,,,,,,,,,,
281,39969,,,,,1.6518874168395996,,,,,,,,,,,
281,39979,,,,,1.9467449188232422,,,,,,,,,,,
281,39989,,,,,1.6768667697906494,,,,,,,,,,,
281,39999,,,,,1.7618041038513184,,,,,,,,,,,
281,40009,,,,,1.8671201467514038,,,,,,,,,,,
281,40019,,,,,1.834739327430725,,,,,,,,,,,
281,40029,,,,,2.0608279705047607,,,,,,,,,,,
281,40039,,,,,1.7568117380142212,,,,,,,,,,,
281,281,16.839703353877976,92.95599824412035,,,,,,,,,,,,,,
281,40043,,,,,,1.8193018436431885,,,,,,,,,,
282,40049,,,,,1.961616039276123,,,,,,,,,,,
282,40059,,,,,2.157758951187134,,,,,,,,,,,
282,40069,,,,,1.4845153093338013,,,,,,,,,,,
282,40079,,,,,1.9086484909057617,,,,,,,,,,,
282,40089,,,,,1.7345292568206787,,,,,,,,,,,
282,40099,,,,,1.9862401485443115,,,,,,,,,,,
282,40109,,,,,1.5367622375488281,,,,,,,,,,,
282,40119,,,,,1.7824374437332153,,,,,,,,,,,
282,40129,,,,,1.5735890865325928,,,,,,,,,,,
282,40139,,,,,1.9870580434799194,,,,,,,,,,,
282,40149,,,,,1.789541244506836,,,,,,,,,,,
282,40159,,,,,1.6896580457687378,,,,,,,,,,,
282,40169,,,,,1.4878243207931519,,,,,,,,,,,
282,40179,,,,,1.6767793893814087,,,,,,,,,,,
282,282,15.392252640609204,92.96422319873767,,,,,,,,,,,,,,
282,40185,,,,,,1.8084831237792969,,,,,,,,,,
283,40189,,,,,1.667418360710144,,,,,,,,,,,
283,40199,,,,,1.6656970977783203,,,,,,,,,,,
283,40209,,,,,1.9568895101547241,,,,,,,,,,,
283,40219,,,,,1.8136988878250122,,,,,,,,,,,
283,40229,,,,,1.825669527053833,,,,,,,,,,,
283,40239,,,,,1.5510430335998535,,,,,,,,,,,
283,40249,,,,,1.7826989889144897,,,,,,,,,,,
283,40259,,,,,1.7076690196990967,,,,,,,,,,,
283,40269,,,,,1.8341772556304932,,,,,,,,,,,
283,40279,,,,,1.7013033628463745,,,,,,,,,,,
283,40289,,,,,1.6343928575515747,,,,,,,,,,,
283,40299,,,,,1.7280737161636353,,,,,,,,,,,
283,40309,,,,,1.881807565689087,,,,,,,,,,,
283,40319,,,,,1.5092931985855103,,,,,,,,,,,
283,283,16.21179222735635,92.97173589747428,,,,,,,,,,,,,,
283,40327,,,,,,1.8065195083618164,,,,,,,,,,
284,40329,,,,,1.9376373291015625,,,,,,,,,,,
284,40339,,,,,1.8015751838684082,,,,,,,,,,,
284,40349,,,,,1.951310634613037,,,,,,,,,,,
284,40359,,,,,1.9311641454696655,,,,,,,,,,,
284,40369,,,,,1.9854154586791992,,,,,,,,,,,
284,40379,,,,,1.9499306678771973,,,,,,,,,,,
284,40389,,,,,1.600943684577942,,,,,,,,,,,
284,40399,,,,,1.8770569562911987,,,,,,,,,,,
284,40409,,,,,1.8976147174835205,,,,,,,,,,,
284,40419,,,,,1.6859008073806763,,,,,,,,,,,
284,40429,,,,,1.777719497680664,,,,,,,,,,,
284,40439,,,,,1.8764452934265137,,,,,,,,,,,
284,40449,,,,,1.6378295421600342,,,,,,,,,,,
284,40459,,,,,1.8581502437591553,,,,,,,,,,,
284,40469,,,,,1.9167431592941284,,,,,,,,,,,
284,284,15.025787004161236,92.97931907277194,,,,,,,,,,,,,,
284,40469,,,,,,1.8017032146453857,,,,,,,,,,
285,40479,,,,,1.7846986055374146,,,,,,,,,,,
285,40489,,,,,1.716942548751831,,,,,,,,,,,
285,40499,,,,,1.8525686264038086,,,,,,,,,,,
285,40509,,,,,1.6861220598220825,,,,,,,,,,,
285,40519,,,,,1.5511376857757568,,,,,,,,,,,
285,40529,,,,,1.7760919332504272,,,,,,,,,,,
285,40539,,,,,1.6324115991592407,,,,,,,,,,,
285,40549,,,,,2.004408359527588,,,,,,,,,,,
285,40559,,,,,1.7637172937393188,,,,,,,,,,,
285,40569,,,,,1.74386465549469,,,,,,,,,,,
285,40579,,,,,1.667559266090393,,,,,,,,,,,
285,40589,,,,,1.7046996355056763,,,,,,,,,,,
285,40599,,,,,1.9006779193878174,,,,,,,,,,,
285,40609,,,,,2.198626756668091,,,,,,,,,,,
285,285,15.597619667765343,92.98744828666666,,,,,,,,,,,,,,
285,40611,,,,,,1.793392300605774,,,,,,,,,,
286,40619,,,,,1.817269206047058,,,,,,,,,,,
286,40629,,,,,1.6323468685150146,,,,,,,,,,,
286,40639,,,,,1.862701416015625,,,,,,,,,,,
286,40649,,,,,1.793504238128662,,,,,,,,,,,
286,40659,,,,,1.8952877521514893,,,,,,,,,,,
286,40669,,,,,1.5928252935409546,,,,,,,,,,,
286,40679,,,,,1.9876736402511597,,,,,,,,,,,
286,40689,,,,,1.7984594106674194,,,,,,,,,,,
286,40699,,,,,1.9146143198013306,,,,,,,,,,,
286,40709,,,,,1.6552287340164185,,,,,,,,,,,
286,40719,,,,,1.7651631832122803,,,,,,,,,,,
286,40729,,,,,1.8363738059997559,,,,,,,,,,,
286,40739,,,,,2.0049798488616943,,,,,,,,,,,
286,40749,,,,,1.9224483966827393,,,,,,,,,,,
286,286,15.99242964429276,92.99501772906427,,,,,,,,,,,,,,
286,40753,,,,,,1.790297508239746,,,,,,,,,,
287,40759,,,,,1.6267837285995483,,,,,,,,,,,
287,40769,,,,,1.6514192819595337,,,,,,,,,,,
287,40779,,,,,1.703526258468628,,,,,,,,,,,
287,40789,,,,,1.7522811889648438,,,,,,,,,,,
287,40799,,,,,1.9182206392288208,,,,,,,,,,,
287,40809,,,,,1.9018453359603882,,,,,,,,,,,
287,40819,,,,,1.8447530269622803,,,,,,,,,,,
287,40829,,,,,1.6614576578140259,,,,,,,,,,,
287,40839,,,,,1.662161946296692,,,,,,,,,,,
287,40849,,,,,1.8204314708709717,,,,,,,,,,,
287,40859,,,,,1.8791805505752563,,,,,,,,,,,
287,40869,,,,,1.6630871295928955,,,,,,,,,,,
287,40879,,,,,1.761126160621643,,,,,,,,,,,
287,40889,,,,,1.9170833826065063,,,,,,,,,,,
287,287,15.604431540671664,93.00224396846767,,,,,,,,,,,,,,
287,40895,,,,,,1.7946842908859253,,,,,,,,,,
288,40899,,,,,1.6758941411972046,,,,,,,,,,,
288,40909,,,,,2.1888039112091064,,,,,,,,,,,
288,40919,,,,,1.5521230697631836,,,,,,,,,,,
288,40929,,,,,1.7575067281723022,,,,,,,,,,,
288,40939,,,,,1.5651487112045288,,,,,,,,,,,
288,40949,,,,,1.8519984483718872,,,,,,,,,,,
288,40959,,,,,2.019190788269043,,,,,,,,,,,
288,40969,,,,,1.7970131635665894,,,,,,,,,,,
288,40979,,,,,1.8316408395767212,,,,,,,,,,,
288,40989,,,,,1.7503777742385864,,,,,,,,,,,
288,40999,,,,,1.8622106313705444,,,,,,,,,,,
288,41009,,,,,1.5993810892105103,,,,,,,,,,,
288,41019,,,,,1.8731096982955933,,,,,,,,,,,
288,41029,,,,,1.9162949323654175,,,,,,,,,,,
288,288,15.22766830609295,93.0096118381108,,,,,,,,,,,,,,
288,41037,,,,,,1.7841105461120605,,,,,,,,,,
289,41039,,,,,1.9487171173095703,,,,,,,,,,,
289,41049,,,,,1.8081713914871216,,,,,,,,,,,
289,41059,,,,,1.7495014667510986,,,,,,,,,,,
289,41069,,,,,1.7307839393615723,,,,,,,,,,,
289,41079,,,,,1.8642226457595825,,,,,,,,,,,
289,41089,,,,,1.7766178846359253,,,,,,,,,,,
289,41099,,,,,1.7978473901748657,,,,,,,,,,,
289,41109,,,,,1.5647977590560913,,,,,,,,,,,
289,41119,,,,,2.082163095474243,,,,,,,,,,,
289,41129,,,,,2.02720046043396,,,,,,,,,,,
289,41139,,,,,1.6038479804992676,,,,,,,,,,,
289,41149,,,,,1.5013915300369263,,,,,,,,,,,
289,41159,,,,,1.6940960884094238,,,,,,,,,,,
289,41169,,,,,1.873529314994812,,,,,,,,,,,
289,41179,,,,,1.6904364824295044,,,,,,,,,,,
289,289,,,0.9817535281181335,0.37974175810813904,,,1.5377373011884412,0.5406528115272522,,0.888435959815979,,0.20421259105205536,,3.2621316557027855,,0.25664111971855164
289,41179,,,,,,,,,0.888435959815979,,0.20421259105205536,,3.262131452560425,,0.25664111971855164,
289,289,15.238405692201715,93.01777978751537,,,,,,,,,,,,,,
289,41179,,,,,,1.7847514152526855,,,,,,,,,,
290,41189,,,,,1.6050406694412231,,,,,,,,,,,
290,41199,,,,,1.8745871782302856,,,,,,,,,,,
290,41209,,,,,1.68070387840271,,,,,,,,,,,
290,41219,,,,,1.6393697261810303,,,,,,,,,,,
290,41229,,,,,1.8497363328933716,,,,,,,,,,,
290,41239,,,,,1.5939515829086304,,,,,,,,,,,
290,41249,,,,,1.7920461893081665,,,,,,,,,,,
290,41259,,,,,1.5436391830444336,,,,,,,,,,,
290,41269,,,,,1.8637117147445679,,,,,,,,,,,
290,41279,,,,,1.6824307441711426,,,,,,,,,,,
290,41289,,,,,1.5469639301300049,,,,,,,,,,,
290,41299,,,,,1.6615197658538818,,,,,,,,,,,
290,41309,,,,,1.8812297582626343,,,,,,,,,,,
290,41319,,,,,1.8638204336166382,,,,,,,,,,,
290,290,14.48766311747242,93.02537739515154,,,,,,,,,,,,,,
290,41321,,,,,,1.7756009101867676,,,,,,,,,,
291,41329,,,,,1.9184850454330444,,,,,,,,,,,
291,41339,,,,,1.8110629320144653,,,,,,,,,,,
291,41349,,,,,1.9139983654022217,,,,,,,,,,,
291,41359,,,,,1.639058232307434,,,,,,,,,,,
291,41369,,,,,1.930734634399414,,,,,,,,,,,
291,41379,,,,,1.5686935186386108,,,,,,,,,,,
291,41389,,,,,1.685398817062378,,,,,,,,,,,
291,41399,,,,,1.651581048965454,,,,,,,,,,,
291,41409,,,,,1.9932485818862915,,,,,,,,,,,
291,41419,,,,,1.726061224937439,,,,,,,,,,,
291,41429,,,,,1.8570575714111328,,,,,,,,,,,
291,41439,,,,,1.7385927438735962,,,,,,,,,,,
291,41449,,,,,1.6783956289291382,,,,,,,,,,,
291,41459,,,,,1.7184957265853882,,,,,,,,,,,
291,291,16.155334240437274,93.03295329056557,,,,,,,,,,,,,,
291,41463,,,,,,1.7697758674621582,,,,,,,,,,
292,41469,,,,,1.9675203561782837,,,,,,,,,,,
292,41479,,,,,1.6659982204437256,,,,,,,,,,,
292,41489,,,,,1.8988062143325806,,,,,,,,,,,
292,41499,,,,,1.7902663946151733,,,,,,,,,,,
292,41509,,,,,1.6871589422225952,,,,,,,,,,,
292,41519,,,,,1.7524749040603638,,,,,,,,,,,
292,41529,,,,,1.71354079246521,,,,,,,,,,,
292,41539,,,,,1.5833735466003418,,,,,,,,,,,
292,41549,,,,,1.614579439163208,,,,,,,,,,,
292,41559,,,,,2.0660226345062256,,,,,,,,,,,
292,41569,,,,,1.6213698387145996,,,,,,,,,,,
292,41579,,,,,1.8470709323883057,,,,,,,,,,,
292,41589,,,,,1.536020278930664,,,,,,,,,,,
292,41599,,,,,1.7609350681304932,,,,,,,,,,,
292,292,18.085806024171234,93.04049682304077,,,,,,,,,,,,,,
292,41605,,,,,,1.7699843645095825,,,,,,,,,,
293,41609,,,,,1.9774612188339233,,,,,,,,,,,
293,41619,,,,,1.8320239782333374,,,,,,,,,,,
293,41629,,,,,2.0108184814453125,,,,,,,,,,,
293,41639,,,,,1.7997676134109497,,,,,,,,,,,
293,41649,,,,,1.6532610654830933,,,,,,,,,,,
293,41659,,,,,1.7003188133239746,,,,,,,,,,,
293,41669,,,,,1.8548583984375,,,,,,,,,,,
293,41679,,,,,1.6355130672454834,,,,,,,,,,,
293,41689,,,,,1.7213729619979858,,,,,,,,,,,
293,41699,,,,,1.750208854675293,,,,,,,,,,,
293,41709,,,,,1.684536099433899,,,,,,,,,,,
293,41719,,,,,1.562860369682312,,,,,,,,,,,
293,41729,,,,,2.075089454650879,,,,,,,,,,,
293,41739,,,,,1.885649561882019,,,,,,,,,,,
293,293,15.18209879833817,93.04856600972751,,,,,,,,,,,,,,
293,41747,,,,,,1.7613445520401,,,,,,,,,,
294,41749,,,,,1.9031001329421997,,,,,,,,,,,
294,41759,,,,,1.6825988292694092,,,,,,,,,,,
294,41769,,,,,1.4651097059249878,,,,,,,,,,,
294,41779,,,,,1.5844285488128662,,,,,,,,,,,
294,41789,,,,,1.7866779565811157,,,,,,,,,,,
294,41799,,,,,1.548322081565857,,,,,,,,,,,
294,41809,,,,,1.6665267944335938,,,,,,,,,,,
294,41819,,,,,1.64543879032135,,,,,,,,,,,
294,41829,,,,,1.6775002479553223,,,,,,,,,,,
294,41839,,,,,1.6173146963119507,,,,,,,,,,,
294,41849,,,,,1.4742376804351807,,,,,,,,,,,
294,41859,,,,,1.7533886432647705,,,,,,,,,,,
294,41869,,,,,1.9457817077636719,,,,,,,,,,,
294,41879,,,,,1.7970870733261108,,,,,,,,,,,
294,41889,,,,,1.646026849746704,,,,,,,,,,,
294,294,14.701155519974535,93.05611549219485,,,,,,,,,,,,,,
294,41889,,,,,,1.7667628526687622,,,,,,,,,,
295,41899,,,,,1.7822155952453613,,,,,,,,,,,
295,41909,,,,,1.6103358268737793,,,,,,,,,,,
295,41919,,,,,1.8875536918640137,,,,,,,,,,,
295,41929,,,,,1.707456350326538,,,,,,,,,,,
295,41939,,,,,1.8111605644226074,,,,,,,,,,,
295,41949,,,,,1.7695629596710205,,,,,,,,,,,
295,41959,,,,,1.7696257829666138,,,,,,,,,,,
295,41969,,,,,1.6183452606201172,,,,,,,,,,,
295,41979,,,,,1.8210220336914062,,,,,,,,,,,
295,41989,,,,,1.6981792449951172,,,,,,,,,,,
295,41999,,,,,1.9144997596740723,,,,,,,,,,,
295,42009,,,,,1.8321353197097778,,,,,,,,,,,
295,42019,,,,,1.6151854991912842,,,,,,,,,,,
295,42029,,,,,1.6782517433166504,,,,,,,,,,,
295,295,15.878470865466712,93.0637364293549,,,,,,,,,,,,,,
295,42031,,,,,,1.7582345008850098,,,,,,,,,,
296,42039,,,,,1.7893316745758057,,,,,,,,,,,
296,42049,,,,,1.8162773847579956,,,,,,,,,,,
296,42059,,,,,1.6964514255523682,,,,,,,,,,,
296,42069,,,,,1.4153878688812256,,,,,,,,,,,
296,42079,,,,,1.622286081314087,,,,,,,,,,,
296,42089,,,,,2.109306573867798,,,,,,,,,,,
296,42099,,,,,1.5347315073013306,,,,,,,,,,,
296,42109,,,,,1.5749011039733887,,,,,,,,,,,
296,42119,,,,,1.497750163078308,,,,,,,,,,,
296,42129,,,,,1.9846205711364746,,,,,,,,,,,
296,42139,,,,,1.925463318824768,,,,,,,,,,,
296,42149,,,,,1.8631659746170044,,,,,,,,,,,
296,42159,,,,,1.4531160593032837,,,,,,,,,,,
296,42169,,,,,1.7001901865005493,,,,,,,,,,,
296,296,15.369804142892418,93.07165725579021,,,,,,,,,,,,,,
296,42173,,,,,,1.7547698020935059,,,,,,,,,,
297,42179,,,,,1.875162959098816,,,,,,,,,,,
297,42189,,,,,1.884371042251587,,,,,,,,,,,
297,42199,,,,,1.9876689910888672,,,,,,,,,,,
297,42209,,,,,1.6226210594177246,,,,,,,,,,,
297,42219,,,,,1.6700496673583984,,,,,,,,,,,
297,42229,,,,,1.6538268327713013,,,,,,,,,,,
297,42239,,,,,1.7244764566421509,,,,,,,,,,,
297,42249,,,,,1.655144214630127,,,,,,,,,,,
297,42259,,,,,1.693048357963562,,,,,,,,,,,
297,42269,,,,,1.7890390157699585,,,,,,,,,,,
297,42279,,,,,1.7778370380401611,,,,,,,,,,,
297,42289,,,,,1.6143862009048462,,,,,,,,,,,
297,42299,,,,,1.6981770992279053,,,,,,,,,,,
297,42309,,,,,1.536846399307251,,,,,,,,,,,
297,297,14.919115197116556,93.07955713294183,,,,,,,,,,,,,,
297,42315,,,,,,1.743223786354065,,,,,,,,,,
298,42319,,,,,1.7117913961410522,,,,,,,,,,,
298,42329,,,,,1.6521178483963013,,,,,,,,,,,
298,42339,,,,,1.534509539604187,,,,,,,,,,,
298,42349,,,,,1.6868493556976318,,,,,,,,,,,
298,42359,,,,,1.7397907972335815,,,,,,,,,,,
298,42369,,,,,1.8149852752685547,,,,,,,,,,,
298,42379,,,,,1.6760382652282715,,,,,,,,,,,
298,42389,,,,,1.799180269241333,,,,,,,,,,,
298,42399,,,,,1.577681541442871,,,,,,,,,,,
298,42409,,,,,1.6516839265823364,,,,,,,,,,,
298,42419,,,,,1.853912591934204,,,,,,,,,,,
298,42429,,,,,1.7812261581420898,,,,,,,,,,,
298,42439,,,,,1.8550900220870972,,,,,,,,,,,
298,42449,,,,,1.6633819341659546,,,,,,,,,,,
298,298,13.315456567493996,93.08727160216375,,,,,,,,,,,,,,
298,42457,,,,,,1.742586374282837,,,,,,,,,,
299,42459,,,,,1.8495246171951294,,,,,,,,,,,
299,42469,,,,,1.7107195854187012,,,,,,,,,,,
299,42479,,,,,1.6696256399154663,,,,,,,,,,,
299,42489,,,,,1.60102379322052,,,,,,,,,,,
299,42499,,,,,1.3936859369277954,,,,,,,,,,,
299,42509,,,,,1.6990413665771484,,,,,,,,,,,
299,42519,,,,,1.566001296043396,,,,,,,,,,,
299,42529,,,,,1.6627930402755737,,,,,,,,,,,
299,42539,,,,,1.7179958820343018,,,,,,,,,,,
299,42549,,,,,1.7567424774169922,,,,,,,,,,,
299,42559,,,,,1.706132411956787,,,,,,,,,,,
299,42569,,,,,1.6899148225784302,,,,,,,,,,,
299,42579,,,,,1.7268917560577393,,,,,,,,,,,
299,42589,,,,,1.7012075185775757,,,,,,,,,,,
299,42599,,,,,1.73289155960083,,,,,,,,,,,
299,299,,,0.9830648303031921,0.39558881521224976,,,1.510386653355383,0.5536542534828186,,0.8878924250602722,,0.2074514925479889,,3.324951781302082,,0.2566101551055908
299,42599,,,,,,,,,0.8878924250602722,,0.2074514925479889,,3.3249521255493164,,0.2566101551055908,
299,299,15.122962603406332,93.09482573125001,,,,,,,,,,,,,,
299,42599,,,,,,1.742184042930603,,,,,,,,,,
300,42609,,,,,1.6678918600082397,,,,,,,,,,,
300,42619,,,,,1.6023542881011963,,,,,,,,,,,
300,42629,,,,,2.0936245918273926,,,,,,,,,,,
300,42639,,,,,1.859092116355896,,,,,,,,,,,
300,42649,,,,,1.8555959463119507,,,,,,,,,,,
300,42659,,,,,1.6748082637786865,,,,,,,,,,,
300,42669,,,,,2.223339319229126,,,,,,,,,,,
300,42679,,,,,1.7735923528671265,,,,,,,,,,,
300,42689,,,,,1.5263161659240723,,,,,,,,,,,
300,42699,,,,,1.7216395139694214,,,,,,,,,,,
300,42709,,,,,2.0182220935821533,,,,,,,,,,,
300,42719,,,,,1.8419512510299683,,,,,,,,,,,
300,42729,,,,,1.5168224573135376,,,,,,,,,,,
300,42739,,,,,2.08309268951416,,,,,,,,,,,
300,300,15.785423913666655,93.10284946003091,,,,,,,,,,,,,,
300,42741,,,,,,1.7374944686889648,,,,,,,,,,
301,42749,,,,,1.5931167602539062,,,,,,,,,,,
301,42759,,,,,1.6305172443389893,,,,,,,,,,,
301,42769,,,,,2.0288937091827393,,,,,,,,,,,
301,42779,,,,,1.5268614292144775,,,,,,,,,,,
301,42789,,,,,1.6869704723358154,,,,,,,,,,,
301,42799,,,,,1.7003484964370728,,,,,,,,,,,
301,42809,,,,,1.875340223312378,,,,,,,,,,,
301,42819,,,,,1.838082194328308,,,,,,,,,,,
301,42829,,,,,1.6831084489822388,,,,,,,,,,,
301,42839,,,,,1.746476411819458,,,,,,,,,,,
301,42849,,,,,1.5781781673431396,,,,,,,,,,,
301,42859,,,,,1.6290853023529053,,,,,,,,,,,
301,42869,,,,,1.668583631515503,,,,,,,,,,,
301,42879,,,,,1.5485303401947021,,,,,,,,,,,
301,301,15.696175541239649,93.11067553976679,,,,,,,,,,,,,,
301,42883,,,,,,1.7317726612091064,,,,,,,,,,
302,42889,,,,,1.860046625137329,,,,,,,,,,,
302,42899,,,,,1.9530737400054932,,,,,,,,,,,
302,42909,,,,,1.646248698234558,,,,,,,,,,,
302,42919,,,,,1.4993468523025513,,,,,,,,,,,
302,42929,,,,,1.4870686531066895,,,,,,,,,,,
302,42939,,,,,1.7042865753173828,,,,,,,,,,,
302,42949,,,,,1.657152771949768,,,,,,,,,,,
302,42959,,,,,1.7056869268417358,,,,,,,,,,,
302,42969,,,,,1.6500447988510132,,,,,,,,,,,
302,42979,,,,,1.677585244178772,,,,,,,,,,,
302,42989,,,,,1.6751203536987305,,,,,,,,,,,
302,42999,,,,,1.6869473457336426,,,,,,,,,,,
302,43009,,,,,1.6171404123306274,,,,,,,,,,,
302,43019,,,,,1.496201753616333,,,,,,,,,,,
302,302,14.451032395317144,93.11838890340455,,,,,,,,,,,,,,
302,43025,,,,,,1.7299803495407104,,,,,,,,,,
303,43029,,,,,1.6702871322631836,,,,,,,,,,,
303,43039,,,,,1.654955506324768,,,,,,,,,,,
303,43049,,,,,1.7886892557144165,,,,,,,,,,,
303,43059,,,,,1.68120276927948,,,,,,,,,,,
303,43069,,,,,1.6565150022506714,,,,,,,,,,,
303,43079,,,,,1.8512189388275146,,,,,,,,,,,
303,43089,,,,,1.6532260179519653,,,,,,,,,,,
303,43099,,,,,1.870585560798645,,,,,,,,,,,
303,43109,,,,,1.5475517511367798,,,,,,,,,,,
303,43119,,,,,1.8314852714538574,,,,,,,,,,,
303,43129,,,,,1.9405360221862793,,,,,,,,,,,
303,43139,,,,,1.9720077514648438,,,,,,,,,,,
303,43149,,,,,1.820586085319519,,,,,,,,,,,
303,43159,,,,,1.8527811765670776,,,,,,,,,,,
303,303,15.969866337205257,93.12534636994806,,,,,,,,,,,,,,
303,43167,,,,,,1.7288140058517456,,,,,,,,,,
304,43169,,,,,1.5757280588150024,,,,,,,,,,,
304,43179,,,,,1.8457870483398438,,,,,,,,,,,
304,43189,,,,,1.7136296033859253,,,,,,,,,,,
304,43199,,,,,1.7177932262420654,,,,,,,,,,,
304,43209,,,,,1.9195255041122437,,,,,,,,,,,
304,43219,,,,,1.8773858547210693,,,,,,,,,,,
304,43229,,,,,1.7241402864456177,,,,,,,,,,,
304,43239,,,,,1.8083328008651733,,,,,,,,,,,
304,43249,,,,,1.7800688743591309,,,,,,,,,,,
304,43259,,,,,1.5381256341934204,,,,,,,,,,,
304,43269,,,,,1.5280488729476929,,,,,,,,,,,
304,43279,,,,,1.9477885961532593,,,,,,,,,,,
304,43289,,,,,1.7753252983093262,,,,,,,,,,,
304,43299,,,,,1.7504438161849976,,,,,,,,,,,
304,43309,,,,,1.8568668365478516,,,,,,,,,,,
304,304,15.255448613408412,93.13350134657802,,,,,,,,,,,,,,
304,43309,,,,,,1.719353199005127,,,,,,,,,,
305,43319,,,,,1.6109768152236938,,,,,,,,,,,
305,43329,,,,,1.6451961994171143,,,,,,,,,,,
305,43339,,,,,2.1472816467285156,,,,,,,,,,,
305,43349,,,,,1.7267588376998901,,,,,,,,,,,
305,43359,,,,,1.4023170471191406,,,,,,,,,,,
305,43369,,,,,1.7489806413650513,,,,,,,,,,,
305,43379,,,,,1.7158151865005493,,,,,,,,,,,
305,43389,,,,,1.7677152156829834,,,,,,,,,,,
305,43399,,,,,1.830424427986145,,,,,,,,,,,
305,43409,,,,,1.6046212911605835,,,,,,,,,,,
305,43419,,,,,1.6984301805496216,,,,,,,,,,,
305,43429,,,,,1.605791449546814,,,,,,,,,,,
305,43439,,,,,1.7314592599868774,,,,,,,,,,,
305,43449,,,,,1.5483022928237915,,,,,,,,,,,
305,305,15.040541552784928,93.1415983238683,,,,,,,,,,,,,,
305,43451,,,,,,1.7123117446899414,,,,,,,,,,
306,43459,,,,,1.56934654712677,,,,,,,,,,,
306,43469,,,,,1.7319811582565308,,,,,,,,,,,
306,43479,,,,,1.5560508966445923,,,,,,,,,,,
306,43489,,,,,1.5609475374221802,,,,,,,,,,,
306,43499,,,,,1.997923493385315,,,,,,,,,,,
306,43509,,,,,1.3558309078216553,,,,,,,,,,,
306,43519,,,,,1.8576897382736206,,,,,,,,,,,
306,43529,,,,,1.6179699897766113,,,,,,,,,,,
306,43539,,,,,1.8874725103378296,,,,,,,,,,,
306,43549,,,,,1.84431791305542,,,,,,,,,,,
306,43559,,,,,1.7568261623382568,,,,,,,,,,,
306,43569,,,,,1.4224390983581543,,,,,,,,,,,
306,43579,,,,,1.79252028465271,,,,,,,,,,,
306,43589,,,,,1.8394150733947754,,,,,,,,,,,
306,306,17.163079237797827,93.14918116543866,,,,,,,,,,,,,,
306,43593,,,,,,1.711342692375183,,,,,,,,,,
307,43599,,,,,1.6739236116409302,,,,,,,,,,,
307,43609,,,,,1.6391487121582031,,,,,,,,,,,
307,43619,,,,,1.6456496715545654,,,,,,,,,,,
307,43629,,,,,1.5304031372070312,,,,,,,,,,,
307,43639,,,,,1.5927670001983643,,,,,,,,,,,
307,43649,,,,,1.599503755569458,,,,,,,,,,,
307,43659,,,,,1.6553423404693604,,,,,,,,,,,
307,43669,,,,,1.368741750717163,,,,,,,,,,,
307,43679,,,,,1.7376660108566284,,,,,,,,,,,
307,43689,,,,,1.648332953453064,,,,,,,,,,,
307,43699,,,,,1.5802944898605347,,,,,,,,,,,
307,43709,,,,,1.965645670890808,,,,,,,,,,,
307,43719,,,,,1.694975733757019,,,,,,,,,,,
307,43729,,,,,1.6971749067306519,,,,,,,,,,,
307,307,14.072235419653676,93.15677424363219,,,,,,,,,,,,,,
307,43735,,,,,,1.7051489353179932,,,,,,,,,,
308,43739,,,,,1.5832464694976807,,,,,,,,,,,
308,43749,,,,,1.7053494453430176,,,,,,,,,,,
308,43759,,,,,1.7793720960617065,,,,,,,,,,,
308,43769,,,,,1.6455141305923462,,,,,,,,,,,
308,43779,,,,,1.6351159811019897,,,,,,,,,,,
308,43789,,,,,1.407392978668213,,,,,,,,,,,
308,43799,,,,,1.8789187669754028,,,,,,,,,,,
308,43809,,,,,1.6523445844650269,,,,,,,,,,,
308,43819,,,,,1.3724620342254639,,,,,,,,,,,
308,43829,,,,,1.7450881004333496,,,,,,,,,,,
308,43839,,,,,1.8721994161605835,,,,,,,,,,,
308,43849,,,,,1.8255168199539185,,,,,,,,,,,
308,43859,,,,,1.7437227964401245,,,,,,,,,,,
308,43869,,,,,1.719482421875,,,,,,,,,,,
308,308,14.357245484379069,93.16479626589461,,,,,,,,,,,,,,
308,43877,,,,,,1.70234215259552,,,,,,,,,,
309,43879,,,,,1.7445420026779175,,,,,,,,,,,
309,43889,,,,,1.69119131565094,,,,,,,,,,,
309,43899,,,,,1.4757235050201416,,,,,,,,,,,
309,43909,,,,,1.6264809370040894,,,,,,,,,,,
309,43919,,,,,1.5466026067733765,,,,,,,,,,,
309,43929,,,,,1.6755248308181763,,,,,,,,,,,
309,43939,,,,,1.7716675996780396,,,,,,,,,,,
309,43949,,,,,1.7709909677505493,,,,,,,,,,,
309,43959,,,,,1.7177152633666992,,,,,,,,,,,
309,43969,,,,,1.644085168838501,,,,,,,,,,,
309,43979,,,,,1.6432000398635864,,,,,,,,,,,
309,43989,,,,,1.7903366088867188,,,,,,,,,,,
309,43999,,,,,1.8193845748901367,,,,,,,,,,,
309,44009,,,,,1.9160195589065552,,,,,,,,,,,
309,44019,,,,,1.7238129377365112,,,,,,,,,,,
309,309,,,0.9846006631851196,0.4071959853172302,,,1.443464579943813,0.5750506520271301,,0.887180745601654,,0.21293599903583527,,3.32066011884991,,0.25740885734558105
309,44019,,,,,,,,,0.887180745601654,,0.21293599903583527,,3.32066011428833,,0.25740885734558105,
309,309,14.9911394392426,93.17261919095999,,,,,,,,,,,,,,
309,44019,,,,,,1.6937185525894165,,,,,,,,,,
310,44029,,,,,1.6414765119552612,,,,,,,,,,,
310,44039,,,,,1.5132914781570435,,,,,,,,,,,
310,44049,,,,,1.6565477848052979,,,,,,,,,,,
310,44059,,,,,1.635243535041809,,,,,,,,,,,
310,44069,,,,,1.744124412536621,,,,,,,,,,,
310,44079,,,,,1.8210585117340088,,,,,,,,,,,
310,44089,,,,,1.7152918577194214,,,,,,,,,,,
310,44099,,,,,1.7976130247116089,,,,,,,,,,,
310,44109,,,,,1.8010324239730835,,,,,,,,,,,
310,44119,,,,,1.8241164684295654,,,,,,,,,,,
310,44129,,,,,1.7401254177093506,,,,,,,,,,,
310,44139,,,,,1.75675630569458,,,,,,,,,,,
310,44149,,,,,1.7893955707550049,,,,,,,,,,,
310,44159,,,,,2.0905308723449707,,,,,,,,,,,
310,310,14.544133191965848,93.18089833557273,,,,,,,,,,,,,,
310,44161,,,,,,1.6954680681228638,,,,,,,,,,
311,44169,,,,,1.7708464860916138,,,,,,,,,,,
311,44179,,,,,1.67120361328125,,,,,,,,,,,
311,44189,,,,,1.6629656553268433,,,,,,,,,,,
311,44199,,,,,1.7034685611724854,,,,,,,,,,,
311,44209,,,,,1.840391755104065,,,,,,,,,,,
311,44219,,,,,1.7187707424163818,,,,,,,,,,,
311,44229,,,,,1.8983995914459229,,,,,,,,,,,
311,44239,,,,,1.7058303356170654,,,,,,,,,,,
311,44249,,,,,1.5240355730056763,,,,,,,,,,,
311,44259,,,,,1.575488567352295,,,,,,,,,,,
311,44269,,,,,1.5519753694534302,,,,,,,,,,,
311,44279,,,,,1.4669870138168335,,,,,,,,,,,
311,44289,,,,,1.5474560260772705,,,,,,,,,,,
311,44299,,,,,1.6155468225479126,,,,,,,,,,,
311,311,14.515003750633555,93.18881853366058,,,,,,,,,,,,,,
311,44303,,,,,,1.6899590492248535,,,,,,,,,,
312,44309,,,,,1.5890841484069824,,,,,,,,,,,
312,44319,,,,,1.6807276010513306,,,,,,,,,,,
312,44329,,,,,1.8335679769515991,,,,,,,,,,,
312,44339,,,,,1.6757214069366455,,,,,,,,,,,
312,44349,,,,,1.67498779296875,,,,,,,,,,,
312,44359,,,,,1.5283819437026978,,,,,,,,,,,
312,44369,,,,,1.6437526941299438,,,,,,,,,,,
312,44379,,,,,1.643943428993225,,,,,,,,,,,
312,44389,,,,,1.9720232486724854,,,,,,,,,,,
312,44399,,,,,1.7159996032714844,,,,,,,,,,,
312,44409,,,,,1.8408148288726807,,,,,,,,,,,
312,44419,,,,,1.636981725692749,,,,,,,,,,,
312,44429,,,,,1.7862060070037842,,,,,,,,,,,
312,44439,,,,,1.6005033254623413,,,,,,,,,,,
312,312,17.449271697108383,93.19688637424191,,,,,,,,,,,,,,
312,44445,,,,,,1.6872986555099487,,,,,,,,,,
313,44449,,,,,1.8234893083572388,,,,,,,,,,,
313,44459,,,,,1.8586848974227905,,,,,,,,,,,
313,44469,,,,,1.6976901292800903,,,,,,,,,,,
313,44479,,,,,1.6481558084487915,,,,,,,,,,,
313,44489,,,,,1.5231159925460815,,,,,,,,,,,
313,44499,,,,,1.7058781385421753,,,,,,,,,,,
313,44509,,,,,1.6531388759613037,,,,,,,,,,,
313,44519,,,,,1.4647283554077148,,,,,,,,,,,
313,44529,,,,,1.8191633224487305,,,,,,,,,,,
313,44539,,,,,1.6716272830963135,,,,,,,,,,,
313,44549,,,,,1.494897484779358,,,,,,,,,,,
313,44559,,,,,1.7747771739959717,,,,,,,,,,,
313,44569,,,,,1.7905733585357666,,,,,,,,,,,
313,44579,,,,,1.7606704235076904,,,,,,,,,,,
313,313,16.598027426037685,93.20397957235285,,,,,,,,,,,,,,
313,44587,,,,,,1.6833049058914185,,,,,,,,,,
314,44589,,,,,1.9015040397644043,,,,,,,,,,,
314,44599,,,,,1.7127183675765991,,,,,,,,,,,
314,44609,,,,,1.6418936252593994,,,,,,,,,,,
314,44619,,,,,1.5317645072937012,,,,,,,,,,,
314,44629,,,,,1.512699842453003,,,,,,,,,,,
314,44639,,,,,1.4361530542373657,,,,,,,,,,,
314,44649,,,,,1.7493789196014404,,,,,,,,,,,
314,44659,,,,,1.7578434944152832,,,,,,,,,,,
314,44669,,,,,1.8468337059020996,,,,,,,,,,,
314,44679,,,,,2.001495838165283,,,,,,,,,,,
314,44689,,,,,1.6327182054519653,,,,,,,,,,,
314,44699,,,,,1.644855260848999,,,,,,,,,,,
314,44709,,,,,1.8427623510360718,,,,,,,,,,,
314,44719,,,,,1.6134588718414307,,,,,,,,,,,
314,44729,,,,,1.4884130954742432,,,,,,,,,,,
314,314,15.834486715121656,93.21183879195611,,,,,,,,,,,,,,
314,44729,,,,,,1.6810353994369507,,,,,,,,,,
315,44739,,,,,1.9050698280334473,,,,,,,,,,,
315,44749,,,,,1.9719103574752808,,,,,,,,,,,
315,44759,,,,,1.6528974771499634,,,,,,,,,,,
315,44769,,,,,1.6310049295425415,,,,,,,,,,,
315,44779,,,,,1.4938454627990723,,,,,,,,,,,
315,44789,,,,,1.7034944295883179,,,,,,,,,,,
315,44799,,,,,1.648148775100708,,,,,,,,,,,
315,44809,,,,,1.7246251106262207,,,,,,,,,,,
315,44819,,,,,1.8520570993423462,,,,,,,,,,,
315,44829,,,,,1.791512131690979,,,,,,,,,,,
315,44839,,,,,1.541880488395691,,,,,,,,,,,
315,44849,,,,,1.602830410003662,,,,,,,,,,,
315,44859,,,,,1.8378492593765259,,,,,,,,,,,
315,44869,,,,,1.7716974020004272,,,,,,,,,,,
315,315,15.437832027684557,93.2193988747423,,,,,,,,,,,,,,
315,44871,,,,,,1.6767226457595825,,,,,,,,,,
316,44879,,,,,1.824079990386963,,,,,,,,,,,
316,44889,,,,,1.6278373003005981,,,,,,,,,,,
316,44899,,,,,1.5457100868225098,,,,,,,,,,,
316,44909,,,,,1.5398728847503662,,,,,,,,,,,
316,44919,,,,,1.627134084701538,,,,,,,,,,,
316,44929,,,,,1.6146126985549927,,,,,,,,,,,
316,44939,,,,,1.5879687070846558,,,,,,,,,,,
316,44949,,,,,1.5313780307769775,,,,,,,,,,,
316,44959,,,,,1.4180874824523926,,,,,,,,,,,
316,44969,,,,,1.69316828250885,,,,,,,,,,,
316,44979,,,,,1.3490164279937744,,,,,,,,,,,
316,44989,,,,,1.832733392715454,,,,,,,,,,,
316,44999,,,,,1.6428648233413696,,,,,,,,,,,
316,45009,,,,,1.7267951965332031,,,,,,,,,,,
316,316,13.227877181375,93.22799216770785,,,,,,,,,,,,,,
316,45013,,,,,,1.6701856851577759,,,,,,,,,,
317,45019,,,,,1.5008364915847778,,,,,,,,,,,
317,45029,,,,,1.822903037071228,,,,,,,,,,,
317,45039,,,,,1.4801976680755615,,,,,,,,,,,
317,45049,,,,,1.5312680006027222,,,,,,,,,,,
317,45059,,,,,1.7452541589736938,,,,,,,,,,,
317,45069,,,,,1.562734842300415,,,,,,,,,,,
317,45079,,,,,1.5926445722579956,,,,,,,,,,,
317,45089,,,,,1.5098389387130737,,,,,,,,,,,
317,45099,,,,,1.53111732006073,,,,,,,,,,,
317,45109,,,,,1.5451384782791138,,,,,,,,,,,
317,45119,,,,,1.7098240852355957,,,,,,,,,,,
317,45129,,,,,1.40663480758667,,,,,,,,,,,
317,45139,,,,,1.437671422958374,,,,,,,,,,,
317,45149,,,,,1.4216512441635132,,,,,,,,,,,
317,317,15.047289395291932,93.23602856772328,,,,,,,,,,,,,,
317,45155,,,,,,1.6630034446716309,,,,,,,,,,
318,45159,,,,,1.5807163715362549,,,,,,,,,,,
318,45169,,,,,1.532726526260376,,,,,,,,,,,
318,45179,,,,,1.871456503868103,,,,,,,,,,,
318,45189,,,,,1.724045991897583,,,,,,,,,,,
318,45199,,,,,2.0468385219573975,,,,,,,,,,,
318,45209,,,,,1.5279061794281006,,,,,,,,,,,
318,45219,,,,,1.7200284004211426,,,,,,,,,,,
318,45229,,,,,1.877288579940796,,,,,,,,,,,
318,45239,,,,,1.6759220361709595,,,,,,,,,,,
318,45249,,,,,1.3853737115859985,,,,,,,,,,,
318,45259,,,,,1.7641483545303345,,,,,,,,,,,
318,45269,,,,,1.762650728225708,,,,,,,,,,,
318,45279,,,,,1.8036510944366455,,,,,,,,,,,
318,45289,,,,,1.7108525037765503,,,,,,,,,,,
318,318,16.706242775990756,93.24389261162491,,,,,,,,,,,,,,
318,45297,,,,,,1.6631277799606323,,,,,,,,,,
319,45299,,,,,1.7830430269241333,,,,,,,,,,,
319,45309,,,,,1.6090365648269653,,,,,,,,,,,
319,45319,,,,,1.4912338256835938,,,,,,,,,,,
319,45329,,,,,1.7869701385498047,,,,,,,,,,,
319,45339,,,,,1.693253993988037,,,,,,,,,,,
319,45349,,,,,1.551147699356079,,,,,,,,,,,
319,45359,,,,,1.566094994544983,,,,,,,,,,,
319,45369,,,,,1.6964119672775269,,,,,,,,,,,
319,45379,,,,,1.676068663597107,,,,,,,,,,,
319,45389,,,,,1.684198260307312,,,,,,,,,,,
319,45399,,,,,1.59025239944458,,,,,,,,,,,
319,45409,,,,,1.7705947160720825,,,,,,,,,,,
319,45419,,,,,1.7264657020568848,,,,,,,,,,,
319,45429,,,,,1.52266263961792,,,,,,,,,,,
319,45439,,,,,1.6058770418167114,,,,,,,,,,,
319,319,,,0.9856619238853455,0.43265601992607117,,,1.4067498111792442,0.5888701677322388,,0.8889726996421814,,0.21538665890693665,,3.354257809568425,,0.25770315527915955
319,45439,,,,,,,,,0.8889726996421814,,0.21538665890693665,,3.3542580604553223,,0.25770315527915955,
319,319,16.615156807088027,93.25073539514428,,,,,,,,,,,,,,
319,45439,,,,,,1.6636326313018799,,,,,,,,,,
320,45449,,,,,1.8114233016967773,,,,,,,,,,,
320,45459,,,,,1.8485448360443115,,,,,,,,,,,
320,45469,,,,,1.4332332611083984,,,,,,,,,,,
320,45479,,,,,1.3919737339019775,,,,,,,,,,,
320,45489,,,,,1.6537407636642456,,,,,,,,,,,
320,45499,,,,,1.6337759494781494,,,,,,,,,,,
320,45509,,,,,1.546444058418274,,,,,,,,,,,
320,45519,,,,,1.8422433137893677,,,,,,,,,,,
320,45529,,,,,1.6003071069717407,,,,,,,,,,,
320,45539,,,,,1.7870162725448608,,,,,,,,,,,
320,45549,,,,,1.483533263206482,,,,,,,,,,,
320,45559,,,,,1.787573218345642,,,,,,,,,,,
320,45569,,,,,1.8552993535995483,,,,,,,,,,,
320,45579,,,,,1.7427141666412354,,,,,,,,,,,
320,320,17.195711014188,93.25870143929724,,,,,,,,,,,,,,
320,45581,,,,,,1.6652898788452148,,,,,,,,,,
321,45589,,,,,1.5151481628417969,,,,,,,,,,,
321,45599,,,,,1.920115351676941,,,,,,,,,,,
321,45609,,,,,1.504868745803833,,,,,,,,,,,
321,45619,,,,,1.5619326829910278,,,,,,,,,,,
321,45629,,,,,1.5293117761611938,,,,,,,,,,,
321,45639,,,,,1.6770349740982056,,,,,,,,,,,
321,45649,,,,,1.439095139503479,,,,,,,,,,,
321,45659,,,,,1.8024526834487915,,,,,,,,,,,
321,45669,,,,,1.7390310764312744,,,,,,,,,,,
321,45679,,,,,1.71522057056427,,,,,,,,,,,
321,45689,,,,,1.5924636125564575,,,,,,,,,,,
321,45699,,,,,1.4940991401672363,,,,,,,,,,,
321,45709,,,,,1.4353089332580566,,,,,,,,,,,
321,45719,,,,,1.3575570583343506,,,,,,,,,,,
321,321,15.496787327634827,93.26680768610161,,,,,,,,,,,,,,
321,45723,,,,,,1.6474273204803467,,,,,,,,,,
322,45729,,,,,1.5546749830245972,,,,,,,,,,,
322,45739,,,,,1.5255825519561768,,,,,,,,,,,
322,45749,,,,,1.5832335948944092,,,,,,,,,,,
322,45759,,,,,1.7730363607406616,,,,,,,,,,,
322,45769,,,,,1.6978857517242432,,,,,,,,,,,
322,45779,,,,,1.8490831851959229,,,,,,,,,,,
322,45789,,,,,1.504093885421753,,,,,,,,,,,
322,45799,,,,,1.5261892080307007,,,,,,,,,,,
322,45809,,,,,1.6404590606689453,,,,,,,,,,,
322,45819,,,,,1.7848217487335205,,,,,,,,,,,
322,45829,,,,,1.4893875122070312,,,,,,,,,,,
322,45839,,,,,1.7505953311920166,,,,,,,,,,,
322,45849,,,,,1.672302007675171,,,,,,,,,,,
322,45859,,,,,1.6359809637069702,,,,,,,,,,,
322,322,13.536075749313282,93.27463778274911,,,,,,,,,,,,,,
322,45865,,,,,,1.647468090057373,,,,,,,,,,
323,45869,,,,,1.6134929656982422,,,,,,,,,,,
323,45879,,,,,1.8322100639343262,,,,,,,,,,,
323,45889,,,,,1.5035347938537598,,,,,,,,,,,
323,45899,,,,,1.635386347770691,,,,,,,,,,,
323,45909,,,,,1.666606068611145,,,,,,,,,,,
323,45919,,,,,1.384019136428833,,,,,,,,,,,
323,45929,,,,,1.584389567375183,,,,,,,,,,,
323,45939,,,,,1.3645390272140503,,,,,,,,,,,
323,45949,,,,,1.5696301460266113,,,,,,,,,,,
323,45959,,,,,1.4981060028076172,,,,,,,,,,,
323,45969,,,,,1.8574678897857666,,,,,,,,,,,
323,45979,,,,,1.6894811391830444,,,,,,,,,,,
323,45989,,,,,1.8346014022827148,,,,,,,,,,,
323,45999,,,,,1.583696961402893,,,,,,,,,,,
323,323,14.955821954772492,93.28276599100955,,,,,,,,,,,,,,
323,46007,,,,,,1.6469721794128418,,,,,,,,,,
324,46009,,,,,1.5165064334869385,,,,,,,,,,,
324,46019,,,,,1.5825071334838867,,,,,,,,,,,
324,46029,,,,,1.7135425806045532,,,,,,,,,,,
324,46039,,,,,1.3512970209121704,,,,,,,,,,,
324,46049,,,,,1.4946666955947876,,,,,,,,,,,
324,46059,,,,,1.7218642234802246,,,,,,,,,,,
324,46069,,,,,1.8161697387695312,,,,,,,,,,,
324,46079,,,,,1.8359872102737427,,,,,,,,,,,
324,46089,,,,,1.80453360080719,,,,,,,,,,,
324,46099,,,,,1.7837657928466797,,,,,,,,,,,
324,46109,,,,,1.5146492719650269,,,,,,,,,,,
324,46119,,,,,1.7037016153335571,,,,,,,,,,,
324,46129,,,,,1.4592564105987549,,,,,,,,,,,
324,46139,,,,,1.8114172220230103,,,,,,,,,,,
324,46149,,,,,1.5904197692871094,,,,,,,,,,,
324,324,15.711431583829697,93.29085174645954,,,,,,,,,,,,,,
324,46149,,,,,,1.6444569826126099,,,,,,,,,,
325,46159,,,,,1.7501612901687622,,,,,,,,,,,
325,46169,,,,,1.7035921812057495,,,,,,,,,,,
325,46179,,,,,1.5087456703186035,,,,,,,,,,,
325,46189,,,,,1.7545974254608154,,,,,,,,,,,
325,46199,,,,,1.4927082061767578,,,,,,,,,,,
325,46209,,,,,1.6475499868392944,,,,,,,,,,,
325,46219,,,,,1.398449420928955,,,,,,,,,,,
325,46229,,,,,1.7228279113769531,,,,,,,,,,,
325,46239,,,,,1.7536150217056274,,,,,,,,,,,
325,46249,,,,,1.6824761629104614,,,,,,,,,,,
325,46259,,,,,1.6331912279129028,,,,,,,,,,,
325,46269,,,,,1.6421951055526733,,,,,,,,,,,
325,46279,,,,,1.8172646760940552,,,,,,,,,,,
325,46289,,,,,1.4878807067871094,,,,,,,,,,,
325,325,14.907078791937826,93.29852468108302,,,,,,,,,,,,,,
325,46291,,,,,,1.6350452899932861,,,,,,,,,,
326,46299,,,,,1.8643712997436523,,,,,,,,,,,
326,46309,,,,,1.6829824447631836,,,,,,,,,,,
326,46319,,,,,1.795426607131958,,,,,,,,,,,
326,46329,,,,,1.527147650718689,,,,,,,,,,,
326,46339,,,,,1.6631897687911987,,,,,,,,,,,
326,46349,,,,,1.5338866710662842,,,,,,,,,,,
326,46359,,,,,1.6580088138580322,,,,,,,,,,,
326,46369,,,,,1.5811595916748047,,,,,,,,,,,
326,46379,,,,,1.8647867441177368,,,,,,,,,,,
326,46389,,,,,1.73430597782135,,,,,,,,,,,
326,46399,,,,,1.4717168807983398,,,,,,,,,,,
326,46409,,,,,1.7272799015045166,,,,,,,,,,,
326,46419,,,,,1.7558181285858154,,,,,,,,,,,
326,46429,,,,,1.6828337907791138,,,,,,,,,,,
326,326,14.307519978053078,93.30641944950519,,,,,,,,,,,,,,
326,46433,,,,,,1.6254329681396484,,,,,,,,,,
327,46439,,,,,1.4458833932876587,,,,,,,,,,,
327,46449,,,,,1.514559268951416,,,,,,,,,,,
327,46459,,,,,1.5062808990478516,,,,,,,,,,,
327,46469,,,,,1.8048118352890015,,,,,,,,,,,
327,46479,,,,,1.8354610204696655,,,,,,,,,,,
327,46489,,,,,1.527154803276062,,,,,,,,,,,
327,46499,,,,,1.5542428493499756,,,,,,,,,,,
327,46509,,,,,1.8291010856628418,,,,,,,,,,,
327,46519,,,,,1.2390726804733276,,,,,,,,,,,
327,46529,,,,,1.571150779724121,,,,,,,,,,,
327,46539,,,,,1.7864876985549927,,,,,,,,,,,
327,46549,,,,,1.7113462686538696,,,,,,,,,,,
327,46559,,,,,1.6586315631866455,,,,,,,,,,,
327,46569,,,,,1.4830281734466553,,,,,,,,,,,
327,327,16.32510616476499,93.31426120685312,,,,,,,,,,,,,,
327,46575,,,,,,1.631950855255127,,,,,,,,,,
328,46579,,,,,1.531819224357605,,,,,,,,,,,
328,46589,,,,,1.7675096988677979,,,,,,,,,,,
328,46599,,,,,1.7098355293273926,,,,,,,,,,,
328,46609,,,,,1.536131501197815,,,,,,,,,,,
328,46619,,,,,1.6436392068862915,,,,,,,,,,,
328,46629,,,,,1.5925484895706177,,,,,,,,,,,
328,46639,,,,,1.9370311498641968,,,,,,,,,,,
328,46649,,,,,1.4374724626541138,,,,,,,,,,,
328,46659,,,,,1.571455478668213,,,,,,,,,,,
328,46669,,,,,1.6360774040222168,,,,,,,,,,,
328,46679,,,,,1.5984362363815308,,,,,,,,,,,
328,46689,,,,,1.7703672647476196,,,,,,,,,,,
328,46699,,,,,1.779378056526184,,,,,,,,,,,
328,46709,,,,,1.780110239982605,,,,,,,,,,,
328,328,14.673091536474892,93.32216909808609,,,,,,,,,,,,,,
328,46717,,,,,,1.6245990991592407,,,,,,,,,,
329,46719,,,,,1.7668395042419434,,,,,,,,,,,
329,46729,,,,,1.4723910093307495,,,,,,,,,,,
329,46739,,,,,1.8822561502456665,,,,,,,,,,,
329,46749,,,,,1.7705864906311035,,,,,,,,,,,
329,46759,,,,,1.724741816520691,,,,,,,,,,,
329,46769,,,,,1.6902308464050293,,,,,,,,,,,
329,46779,,,,,1.5725399255752563,,,,,,,,,,,
329,46789,,,,,1.4657608270645142,,,,,,,,,,,
329,46799,,,,,1.5539779663085938,,,,,,,,,,,
329,46809,,,,,1.7360343933105469,,,,,,,,,,,
329,46819,,,,,1.8228963613510132,,,,,,,,,,,
329,46829,,,,,1.6575560569763184,,,,,,,,,,,
329,46839,,,,,1.667112112045288,,,,,,,,,,,
329,46849,,,,,1.6069804430007935,,,,,,,,,,,
329,46859,,,,,1.5298614501953125,,,,,,,,,,,
329,329,,,0.9866172671318054,0.43583548069000244,,,1.3799925069281769,0.6053431630134583,,0.8864924311637878,,0.2138301432132721,,3.416111101301349,,0.26110678911209106
329,46859,,,,,,,,,0.8864924311637878,,0.2138301432132721,,3.4161102771759033,,0.26110678911209106,
329,329,15.584931281440989,93.33029072589595,,,,,,,,,,,,,,
329,46859,,,,,,1.6267303228378296,,,,,,,,,,
330,46869,,,,,1.4315426349639893,,,,,,,,,,,
330,46879,,,,,1.7135189771652222,,,,,,,,,,,
330,46889,,,,,1.5956456661224365,,,,,,,,,,,
330,46899,,,,,1.6069990396499634,,,,,,,,,,,
330,46909,,,,,1.4655730724334717,,,,,,,,,,,
330,46919,,,,,1.6661312580108643,,,,,,,,,,,
330,46929,,,,,1.4430452585220337,,,,,,,,,,,
330,46939,,,,,1.6444954872131348,,,,,,,,,,,
330,46949,,,,,1.413421630859375,,,,,,,,,,,
330,46959,,,,,1.5638577938079834,,,,,,,,,,,
330,46969,,,,,1.6296920776367188,,,,,,,,,,,
330,46979,,,,,1.7610282897949219,,,,,,,,,,,
330,46989,,,,,1.472084641456604,,,,,,,,,,,
330,46999,,,,,1.557250738143921,,,,,,,,,,,
330,330,15.801857606775048,93.33782889501623,,,,,,,,,,,,,,
330,47001,,,,,,1.620045781135559,,,,,,,,,,
331,47009,,,,,1.4574593305587769,,,,,,,,,,,
331,47019,,,,,1.5919976234436035,,,,,,,,,,,
331,47029,,,,,1.6661648750305176,,,,,,,,,,,
331,47039,,,,,1.9732627868652344,,,,,,,,,,,
331,47049,,,,,1.6468561887741089,,,,,,,,,,,
331,47059,,,,,1.4639214277267456,,,,,,,,,,,
331,47069,,,,,1.731038212776184,,,,,,,,,,,
331,47079,,,,,1.669134497642517,,,,,,,,,,,
331,47089,,,,,1.6578692197799683,,,,,,,,,,,
331,47099,,,,,1.5818313360214233,,,,,,,,,,,
331,47109,,,,,1.3408154249191284,,,,,,,,,,,
331,47119,,,,,1.3034969568252563,,,,,,,,,,,
331,47129,,,,,1.5251384973526,,,,,,,,,,,
331,47139,,,,,1.5517443418502808,,,,,,,,,,,
331,331,15.742467370021423,93.34573868410553,,,,,,,,,,,,,,
331,47143,,,,,,1.6135965585708618,,,,,,,,,,
332,47149,,,,,1.375802993774414,,,,,,,,,,,
332,47159,,,,,1.5066776275634766,,,,,,,,,,,
332,47169,,,,,1.6021734476089478,,,,,,,,,,,
332,47179,,,,,1.6167975664138794,,,,,,,,,,,
332,47189,,,,,1.8636821508407593,,,,,,,,,,,
332,47199,,,,,1.42401123046875,,,,,,,,,,,
332,47209,,,,,1.7082040309906006,,,,,,,,,,,
332,47219,,,,,1.5517849922180176,,,,,,,,,,,
332,47229,,,,,1.6119869947433472,,,,,,,,,,,
332,47239,,,,,1.634291648864746,,,,,,,,,,,
332,47249,,,,,1.7866268157958984,,,,,,,,,,,
332,47259,,,,,1.759779453277588,,,,,,,,,,,
332,47269,,,,,1.6446115970611572,,,,,,,,,,,
332,47279,,,,,1.8526015281677246,,,,,,,,,,,
332,332,15.015820050282727,93.35416392491209,,,,,,,,,,,,,,
332,47285,,,,,,1.6037455797195435,,,,,,,,,,
333,47289,,,,,1.7147386074066162,,,,,,,,,,,
333,47299,,,,,1.4416147470474243,,,,,,,,,,,
333,47309,,,,,1.5557125806808472,,,,,,,,,,,
333,47319,,,,,1.7444452047348022,,,,,,,,,,,
333,47329,,,,,1.4633642435073853,,,,,,,,,,,
333,47339,,,,,1.7143001556396484,,,,,,,,,,,
333,47349,,,,,1.8438256978988647,,,,,,,,,,,
333,47359,,,,,1.638075828552246,,,,,,,,,,,
333,47369,,,,,1.709938883781433,,,,,,,,,,,
333,47379,,,,,1.6366486549377441,,,,,,,,,,,
333,47389,,,,,1.9312506914138794,,,,,,,,,,,
333,47399,,,,,1.4995009899139404,,,,,,,,,,,
333,47409,,,,,1.517151117324829,,,,,,,,,,,
333,47419,,,,,1.331644892692566,,,,,,,,,,,
333,333,15.846343075862027,93.36233776765285,,,,,,,,,,,,,,
333,47427,,,,,,1.6026772260665894,,,,,,,,,,
334,47429,,,,,1.7167174816131592,,,,,,,,,,,
334,47439,,,,,1.597186803817749,,,,,,,,,,,
334,47449,,,,,1.5584087371826172,,,,,,,,,,,
334,47459,,,,,1.6560717821121216,,,,,,,,,,,
334,47469,,,,,1.5197110176086426,,,,,,,,,,,
334,47479,,,,,1.664461612701416,,,,,,,,,,,
334,47489,,,,,1.6166698932647705,,,,,,,,,,,
334,47499,,,,,1.4895739555358887,,,,,,,,,,,
334,47509,,,,,1.3638988733291626,,,,,,,,,,,
334,47519,,,,,1.6134815216064453,,,,,,,,,,,
334,47529,,,,,1.6568796634674072,,,,,,,,,,,
334,47539,,,,,1.8379162549972534,,,,,,,,,,,
334,47549,,,,,1.6472119092941284,,,,,,,,,,,
334,47559,,,,,1.5993276834487915,,,,,,,,,,,
334,47569,,,,,1.5009533166885376,,,,,,,,,,,
334,334,16.186199793149978,93.37005672484948,,,,,,,,,,,,,,
334,47569,,,,,,1.6003118753433228,,,,,,,,,,
335,47579,,,,,1.4685943126678467,,,,,,,,,,,
335,47589,,,,,1.6883361339569092,,,,,,,,,,,
335,47599,,,,,1.6484650373458862,,,,,,,,,,,
335,47609,,,,,1.9527889490127563,,,,,,,,,,,
335,47619,,,,,1.3935188055038452,,,,,,,,,,,
335,47629,,,,,1.42604660987854,,,,,,,,,,,
335,47639,,,,,1.2844524383544922,,,,,,,,,,,
335,47649,,,,,1.772878646850586,,,,,,,,,,,
335,47659,,,,,1.5839763879776,,,,,,,,,,,
335,47669,,,,,1.399229645729065,,,,,,,,,,,
335,47679,,,,,1.5778824090957642,,,,,,,,,,,
335,47689,,,,,1.5255587100982666,,,,,,,,,,,
335,47699,,,,,1.4417527914047241,,,,,,,,,,,
335,47709,,,,,1.7348949909210205,,,,,,,,,,,
335,335,17.380866926071928,93.37778052988875,,,,,,,,,,,,,,
335,47711,,,,,,1.5986393690109253,,,,,,,,,,
336,47719,,,,,1.5073076486587524,,,,,,,,,,,
336,47729,,,,,1.375630259513855,,,,,,,,,,,
336,47739,,,,,1.4962236881256104,,,,,,,,,,,
336,47749,,,,,1.3927770853042603,,,,,,,,,,,
336,47759,,,,,1.5294805765151978,,,,,,,,,,,
336,47769,,,,,1.5111457109451294,,,,,,,,,,,
336,47779,,,,,1.5886293649673462,,,,,,,,,,,
336,47789,,,,,1.7261672019958496,,,,,,,,,,,
336,47799,,,,,1.8063677549362183,,,,,,,,,,,
336,47809,,,,,1.4804000854492188,,,,,,,,,,,
336,47819,,,,,1.5762346982955933,,,,,,,,,,,
336,47829,,,,,1.7802221775054932,,,,,,,,,,,
336,47839,,,,,1.8671875,,,,,,,,,,,
336,47849,,,,,1.426016926765442,,,,,,,,,,,
336,336,15.676862637907679,93.3857905445637,,,,,,,,,,,,,,
336,47853,,,,,,1.5911571979522705,,,,,,,,,,
337,47859,,,,,1.7615517377853394,,,,,,,,,,,
337,47869,,,,,1.5499712228775024,,,,,,,,,,,
337,47879,,,,,1.7324557304382324,,,,,,,,,,,
337,47889,,,,,1.507124900817871,,,,,,,,,,,
337,47899,,,,,1.6218845844268799,,,,,,,,,,,
337,47909,,,,,1.6105055809020996,,,,,,,,,,,
337,47919,,,,,1.580876111984253,,,,,,,,,,,
337,47929,,,,,1.540175437927246,,,,,,,,,,,
337,47939,,,,,1.5992023944854736,,,,,,,,,,,
337,47949,,,,,1.5190917253494263,,,,,,,,,,,
337,47959,,,,,1.1881768703460693,,,,,,,,,,,
337,47969,,,,,1.6122430562973022,,,,,,,,,,,
337,47979,,,,,1.859763503074646,,,,,,,,,,,
337,47989,,,,,1.668520450592041,,,,,,,,,,,
337,337,16.810657558221298,93.39356200277604,,,,,,,,,,,,,,
337,47995,,,,,,1.5940732955932617,,,,,,,,,,
338,47999,,,,,1.5239598751068115,,,,,,,,,,,
338,48009,,,,,1.7904107570648193,,,,,,,,,,,
338,48019,,,,,1.615811824798584,,,,,,,,,,,
338,48029,,,,,1.4662176370620728,,,,,,,,,,,
338,48039,,,,,1.607574701309204,,,,,,,,,,,
338,48049,,,,,1.7413344383239746,,,,,,,,,,,
338,48059,,,,,1.589345932006836,,,,,,,,,,,
338,48069,,,,,1.5091813802719116,,,,,,,,,,,
338,48079,,,,,1.5162076950073242,,,,,,,,,,,
338,48089,,,,,1.523207664489746,,,,,,,,,,,
338,48099,,,,,1.5811103582382202,,,,,,,,,,,
338,48109,,,,,1.483288288116455,,,,,,,,,,,
338,48119,,,,,1.8068615198135376,,,,,,,,,,,
338,48129,,,,,1.4360207319259644,,,,,,,,,,,
338,338,14.916560461833148,93.40135577036503,,,,,,,,,,,,,,
338,48137,,,,,,1.5851434469223022,,,,,,,,,,
339,48139,,,,,1.4462114572525024,,,,,,,,,,,
339,48149,,,,,1.672356128692627,,,,,,,,,,,
339,48159,,,,,1.6265063285827637,,,,,,,,,,,
339,48169,,,,,1.4776469469070435,,,,,,,,,,,
339,48179,,,,,1.3558847904205322,,,,,,,,,,,
339,48189,,,,,1.7333958148956299,,,,,,,,,,,
339,48199,,,,,1.6006548404693604,,,,,,,,,,,
339,48209,,,,,1.4987610578536987,,,,,,,,,,,
339,48219,,,,,1.6320791244506836,,,,,,,,,,,
339,48229,,,,,1.458566665649414,,,,,,,,,,,
339,48239,,,,,1.693522572517395,,,,,,,,,,,
339,48249,,,,,1.525101900100708,,,,,,,,,,,
339,48259,,,,,1.5273516178131104,,,,,,,,,,,
339,48269,,,,,1.7380197048187256,,,,,,,,,,,
339,48279,,,,,1.6870375871658325,,,,,,,,,,,
339,339,,,0.9876313805580139,0.4525724947452545,,,1.3231953469512312,0.6194305419921875,,0.8882508873939514,,0.21403253078460693,,3.41878312734925,,0.2641804814338684
339,48279,,,,,,,,,0.8882508873939514,,0.21403253078460693,,3.4187827110290527,,0.2641804814338684,
339,339,16.226066639250725,93.40937008654711,,,,,,,,,,,,,,
339,48279,,,,,,1.5793828964233398,,,,,,,,,,
340,48289,,,,,1.5412441492080688,,,,,,,,,,,
340,48299,,,,,1.473549723625183,,,,,,,,,,,
340,48309,,,,,1.710700511932373,,,,,,,,,,,
340,48319,,,,,1.8840882778167725,,,,,,,,,,,
340,48329,,,,,1.5733803510665894,,,,,,,,,,,
340,48339,,,,,1.858718991279602,,,,,,,,,,,
340,48349,,,,,1.7309151887893677,,,,,,,,,,,
340,48359,,,,,1.6919171810150146,,,,,,,,,,,
340,48369,,,,,1.837173581123352,,,,,,,,,,,
340,48379,,,,,1.598974585533142,,,,,,,,,,,
340,48389,,,,,1.729888916015625,,,,,,,,,,,
340,48399,,,,,1.5148284435272217,,,,,,,,,,,
340,48409,,,,,1.5778563022613525,,,,,,,,,,,
340,48419,,,,,1.4504379034042358,,,,,,,,,,,
340,340,15.844543489127293,93.41734913919666,,,,,,,,,,,,,,
340,48421,,,,,,1.578391432762146,,,,,,,,,,
341,48429,,,,,1.8396579027175903,,,,,,,,,,,
341,48439,,,,,1.4259432554244995,,,,,,,,,,,
341,48449,,,,,1.415616750717163,,,,,,,,,,,
341,48459,,,,,1.6126713752746582,,,,,,,,,,,
341,48469,,,,,1.560063123703003,,,,,,,,,,,
341,48479,,,,,1.5109580755233765,,,,,,,,,,,
341,48489,,,,,1.5902084112167358,,,,,,,,,,,
341,48499,,,,,1.6395586729049683,,,,,,,,,,,
341,48509,,,,,1.6646925210952759,,,,,,,,,,,
341,48519,,,,,1.5548287630081177,,,,,,,,,,,
341,48529,,,,,1.3482595682144165,,,,,,,,,,,
341,48539,,,,,1.6752370595932007,,,,,,,,,,,
341,48549,,,,,1.6120539903640747,,,,,,,,,,,
341,48559,,,,,1.5807671546936035,,,,,,,,,,,
341,341,14.623287712811395,93.42524762105128,,,,,,,,,,,,,,
341,48563,,,,,,1.574719786643982,,,,,,,,,,
342,48569,,,,,1.5786678791046143,,,,,,,,,,,
342,48579,,,,,1.5593109130859375,,,,,,,,,,,
342,48589,,,,,1.5594757795333862,,,,,,,,,,,
342,48599,,,,,1.412573218345642,,,,,,,,,,,
342,48609,,,,,1.5383001565933228,,,,,,,,,,,
342,48619,,,,,1.5596636533737183,,,,,,,,,,,
342,48629,,,,,1.6236460208892822,,,,,,,,,,,
342,48639,,,,,1.5116015672683716,,,,,,,,,,,
342,48649,,,,,1.3822174072265625,,,,,,,,,,,
342,48659,,,,,1.7108314037322998,,,,,,,,,,,
342,48669,,,,,1.3163617849349976,,,,,,,,,,,
342,48679,,,,,1.678627848625183,,,,,,,,,,,
342,48689,,,,,1.6061553955078125,,,,,,,,,,,
342,48699,,,,,1.8232027292251587,,,,,,,,,,,
342,342,14.985095735439453,93.43323651628297,,,,,,,,,,,,,,
342,48705,,,,,,1.5749244689941406,,,,,,,,,,
343,48709,,,,,1.5746800899505615,,,,,,,,,,,
343,48719,,,,,1.521714448928833,,,,,,,,,,,
343,48729,,,,,1.3786416053771973,,,,,,,,,,,
343,48739,,,,,1.6650019884109497,,,,,,,,,,,
343,48749,,,,,1.6575202941894531,,,,,,,,,,,
343,48759,,,,,1.3832027912139893,,,,,,,,,,,
343,48769,,,,,1.7587859630584717,,,,,,,,,,,
343,48779,,,,,1.2571394443511963,,,,,,,,,,,
343,48789,,,,,1.4371914863586426,,,,,,,,,,,
343,48799,,,,,1.6623437404632568,,,,,,,,,,,
343,48809,,,,,1.6075363159179688,,,,,,,,,,,
343,48819,,,,,1.6449871063232422,,,,,,,,,,,
343,48829,,,,,1.5031397342681885,,,,,,,,,,,
343,48839,,,,,1.474712610244751,,,,,,,,,,,
343,343,17.010246322615945,93.44128246084286,,,,,,,,,,,,,,
343,48847,,,,,,1.5633965730667114,,,,,,,,,,
344,48849,,,,,1.506874680519104,,,,,,,,,,,
344,48859,,,,,1.6737494468688965,,,,,,,,,,,
344,48869,,,,,1.4785104990005493,,,,,,,,,,,
344,48879,,,,,1.4778536558151245,,,,,,,,,,,
344,48889,,,,,1.55122709274292,,,,,,,,,,,
344,48899,,,,,1.3752429485321045,,,,,,,,,,,
344,48909,,,,,1.469962477684021,,,,,,,,,,,
344,48919,,,,,1.6267744302749634,,,,,,,,,,,
344,48929,,,,,1.3825948238372803,,,,,,,,,,,
344,48939,,,,,1.394666314125061,,,,,,,,,,,
344,48949,,,,,1.464390516281128,,,,,,,,,,,
344,48959,,,,,1.648056149482727,,,,,,,,,,,
344,48969,,,,,1.5544615983963013,,,,,,,,,,,
344,48979,,,,,1.4424052238464355,,,,,,,,,,,
344,48989,,,,,1.5469492673873901,,,,,,,,,,,
344,344,15.02548413615118,93.44955973069068,,,,,,,,,,,,,,
344,48989,,,,,,1.5601134300231934,,,,,,,,,,
345,48999,,,,,1.550512671470642,,,,,,,,,,,
345,49009,,,,,1.2463279962539673,,,,,,,,,,,
345,49019,,,,,1.5633158683776855,,,,,,,,,,,
345,49029,,,,,1.5451818704605103,,,,,,,,,,,
345,49039,,,,,1.285299301147461,,,,,,,,,,,
345,49049,,,,,1.5535792112350464,,,,,,,,,,,
345,49059,,,,,1.6480138301849365,,,,,,,,,,,
345,49069,,,,,1.5944916009902954,,,,,,,,,,,
345,49079,,,,,1.3471723794937134,,,,,,,,,,,
345,49089,,,,,1.6699823141098022,,,,,,,,,,,
345,49099,,,,,1.5733517408370972,,,,,,,,,,,
345,49109,,,,,1.6935381889343262,,,,,,,,,,,
345,49119,,,,,1.6659488677978516,,,,,,,,,,,
345,49129,,,,,1.5234851837158203,,,,,,,,,,,
345,345,14.907499730009395,93.45782673474065,,,,,,,,,,,,,,
345,49131,,,,,,1.550944447517395,,,,,,,,,,
346,49139,,,,,1.5395973920822144,,,,,,,,,,,
346,49149,,,,,1.4896981716156006,,,,,,,,,,,
346,49159,,,,,1.5840978622436523,,,,,,,,,,,
346,49169,,,,,1.575989842414856,,,,,,,,,,,
346,49179,,,,,1.7427157163619995,,,,,,,,,,,
346,49189,,,,,1.3817400932312012,,,,,,,,,,,
346,49199,,,,,1.4752017259597778,,,,,,,,,,,
346,49209,,,,,1.462584137916565,,,,,,,,,,,
346,49219,,,,,1.384732961654663,,,,,,,,,,,
346,49229,,,,,1.4450830221176147,,,,,,,,,,,
346,49239,,,,,1.6690211296081543,,,,,,,,,,,
346,49249,,,,,1.418649435043335,,,,,,,,,,,
346,49259,,,,,1.633201003074646,,,,,,,,,,,
346,49269,,,,,1.3792282342910767,,,,,,,,,,,
346,346,16.205036166003932,93.46572483778088,,,,,,,,,,,,,,
346,49273,,,,,,1.557754635810852,,,,,,,,,,
347,49279,,,,,1.3777819871902466,,,,,,,,,,,
347,49289,,,,,1.6705965995788574,,,,,,,,,,,
347,49299,,,,,1.7056962251663208,,,,,,,,,,,
347,49309,,,,,1.5754058361053467,,,,,,,,,,,
347,49319,,,,,1.7825672626495361,,,,,,,,,,,
347,49329,,,,,1.696142554283142,,,,,,,,,,,
347,49339,,,,,1.3744481801986694,,,,,,,,,,,
347,49349,,,,,1.5513999462127686,,,,,,,,,,,
347,49359,,,,,1.4664353132247925,,,,,,,,,,,
347,49369,,,,,1.3191086053848267,,,,,,,,,,,
347,49379,,,,,1.4216588735580444,,,,,,,,,,,
347,49389,,,,,1.5999226570129395,,,,,,,,,,,
347,49399,,,,,1.6250078678131104,,,,,,,,,,,
347,49409,,,,,1.5894421339035034,,,,,,,,,,,
347,347,15.055049899319858,93.47357558438192,,,,,,,,,,,,,,
347,49415,,,,,,1.5510236024856567,,,,,,,,,,
348,49419,,,,,1.6495788097381592,,,,,,,,,,,
348,49429,,,,,1.6090646982192993,,,,,,,,,,,
348,49439,,,,,1.512158751487732,,,,,,,,,,,
348,49449,,,,,1.481069564819336,,,,,,,,,,,
348,49459,,,,,1.3630492687225342,,,,,,,,,,,
348,49469,,,,,1.6813768148422241,,,,,,,,,,,
348,49479,,,,,1.55124831199646,,,,,,,,,,,
348,49489,,,,,1.6749297380447388,,,,,,,,,,,
348,49499,,,,,1.4408482313156128,,,,,,,,,,,
348,49509,,,,,1.5210899114608765,,,,,,,,,,,
348,49519,,,,,1.3713842630386353,,,,,,,,,,,
348,49529,,,,,1.3686927556991577,,,,,,,,,,,
348,49539,,,,,1.5269538164138794,,,,,,,,,,,
348,49549,,,,,1.3939476013183594,,,,,,,,,,,
348,348,14.53413826192977,93.48153052418078,,,,,,,,,,,,,,
348,49557,,,,,,1.548274278640747,,,,,,,,,,
349,49559,,,,,1.6812025308609009,,,,,,,,,,,
349,49569,,,,,1.4550079107284546,,,,,,,,,,,
349,49579,,,,,1.525095820426941,,,,,,,,,,,
349,49589,,,,,1.3000510931015015,,,,,,,,,,,
349,49599,,,,,1.5776253938674927,,,,,,,,,,,
349,49609,,,,,1.655422329902649,,,,,,,,,,,
349,49619,,,,,1.6019566059112549,,,,,,,,,,,
349,49629,,,,,1.5556246042251587,,,,,,,,,,,
349,49639,,,,,1.7459523677825928,,,,,,,,,,,
349,49649,,,,,1.5820950269699097,,,,,,,,,,,
349,49659,,,,,1.5124948024749756,,,,,,,,,,,
349,49669,,,,,1.3834874629974365,,,,,,,,,,,
349,49679,,,,,1.3566570281982422,,,,,,,,,,,
349,49689,,,,,1.3808817863464355,,,,,,,,,,,
349,49699,,,,,1.5896044969558716,,,,,,,,,,,
349,349,,,0.9885624647140503,0.4721534848213196,,,1.2820446763707762,0.6322755813598633,,0.8871639966964722,,0.22046136856079102,,3.4476225841410306,,0.2626863420009613
349,49699,,,,,,,,,0.8871639966964722,,0.22046136856079102,,3.447622537612915,,0.2626863420009613,
349,349,14.901924403541422,93.48974282476459,,,,,,,,,,,,,,
349,49699,,,,,,1.5427849292755127,,,,,,,,,,
350,49709,,,,,1.6569205522537231,,,,,,,,,,,
350,49719,,,,,1.640313982963562,,,,,,,,,,,
350,49729,,,,,1.3702324628829956,,,,,,,,,,,
350,49739,,,,,1.5225787162780762,,,,,,,,,,,
350,49749,,,,,1.4680019617080688,,,,,,,,,,,
350,49759,,,,,1.6516222953796387,,,,,,,,,,,
350,49769,,,,,1.5158129930496216,,,,,,,,,,,
350,49779,,,,,1.35093092918396,,,,,,,,,,,
350,49789,,,,,1.531057596206665,,,,,,,,,,,
350,49799,,,,,1.8125475645065308,,,,,,,,,,,
350,49809,,,,,1.5590311288833618,,,,,,,,,,,
350,49819,,,,,1.587000846862793,,,,,,,,,,,
350,49829,,,,,1.62997567653656,,,,,,,,,,,
350,49839,,,,,1.579856276512146,,,,,,,,,,,
350,350,15.512014621742486,93.4979004842217,,,,,,,,,,,,,,
350,49841,,,,,,1.5395275354385376,,,,,,,,,,
351,49849,,,,,1.5257209539413452,,,,,,,,,,,
351,49859,,,,,1.7566473484039307,,,,,,,,,,,
351,49869,,,,,1.7202095985412598,,,,,,,,,,,
351,49879,,,,,1.4459002017974854,,,,,,,,,,,
351,49889,,,,,1.4505698680877686,,,,,,,,,,,
351,49899,,,,,1.63358736038208,,,,,,,,,,,
351,49909,,,,,1.5630669593811035,,,,,,,,,,,
351,49919,,,,,1.6886471509933472,,,,,,,,,,,
351,49929,,,,,1.4788403511047363,,,,,,,,,,,
351,49939,,,,,1.5430691242218018,,,,,,,,,,,
351,49949,,,,,1.6158294677734375,,,,,,,,,,,
351,49959,,,,,1.3971242904663086,,,,,,,,,,,
351,49969,,,,,1.4354422092437744,,,,,,,,,,,
351,49979,,,,,1.6961379051208496,,,,,,,,,,,
351,351,15.885408095335418,93.50621419136188,,,,,,,,,,,,,,
351,49983,,,,,,1.533577799797058,,,,,,,,,,
352,49989,,,,,1.6632368564605713,,,,,,,,,,,
352,49999,,,,,1.8118599653244019,,,,,,,,,,,
352,50009,,,,,1.4644215106964111,,,,,,,,,,,
352,50019,,,,,1.5960543155670166,,,,,,,,,,,
352,50029,,,,,1.4710036516189575,,,,,,,,,,,
352,50039,,,,,1.3655859231948853,,,,,,,,,,,
352,50049,,,,,1.5264126062393188,,,,,,,,,,,
352,50059,,,,,1.4517157077789307,,,,,,,,,,,
352,50069,,,,,1.464235782623291,,,,,,,,,,,
352,50079,,,,,1.5045830011367798,,,,,,,,,,,
352,50089,,,,,1.587361454963684,,,,,,,,,,,
352,50099,,,,,1.487364649772644,,,,,,,,,,,
352,50109,,,,,1.7445467710494995,,,,,,,,,,,
352,50119,,,,,1.6837899684906006,,,,,,,,,,,
352,352,16.171109734928724,93.51438637280656,,,,,,,,,,,,,,
352,50125,,,,,,1.5303394794464111,,,,,,,,,,
353,50129,,,,,1.37434720993042,,,,,,,,,,,
353,50139,,,,,1.4926201105117798,,,,,,,,,,,
353,50149,,,,,1.4997793436050415,,,,,,,,,,,
353,50159,,,,,1.4589993953704834,,,,,,,,,,,
353,50169,,,,,1.6733187437057495,,,,,,,,,,,
353,50179,,,,,1.7136309146881104,,,,,,,,,,,
353,50189,,,,,1.676871657371521,,,,,,,,,,,
353,50199,,,,,1.6918026208877563,,,,,,,,,,,
353,50209,,,,,1.394525170326233,,,,,,,,,,,
353,50219,,,,,1.3397361040115356,,,,,,,,,,,
353,50229,,,,,1.7011501789093018,,,,,,,,,,,
353,50239,,,,,1.4565800428390503,,,,,,,,,,,
353,50249,,,,,1.4955239295959473,,,,,,,,,,,
353,50259,,,,,1.541327953338623,,,,,,,,,,,
353,353,15.008355446800982,93.52207314327529,,,,,,,,,,,,,,
353,50267,,,,,,1.5291227102279663,,,,,,,,,,
354,50269,,,,,1.326548457145691,,,,,,,,,,,
354,50279,,,,,1.591339349746704,,,,,,,,,,,
354,50289,,,,,1.510744571685791,,,,,,,,,,,
354,50299,,,,,1.4322717189788818,,,,,,,,,,,
354,50309,,,,,1.4644854068756104,,,,,,,,,,,
354,50319,,,,,1.3938387632369995,,,,,,,,,,,
354,50329,,,,,1.4018594026565552,,,,,,,,,,,
354,50339,,,,,1.6110318899154663,,,,,,,,,,,
354,50349,,,,,1.523010492324829,,,,,,,,,,,
354,50359,,,,,1.649658441543579,,,,,,,,,,,
354,50369,,,,,1.4919297695159912,,,,,,,,,,,
354,50379,,,,,1.4550914764404297,,,,,,,,,,,
354,50389,,,,,1.6148738861083984,,,,,,,,,,,
354,50399,,,,,1.552465796470642,,,,,,,,,,,
354,50409,,,,,1.4680180549621582,,,,,,,,,,,
354,354,14.876540962057964,93.53020129827449,,,,,,,,,,,,,,
354,50409,,,,,,1.5279663801193237,,,,,,,,,,
355,50419,,,,,1.568812370300293,,,,,,,,,,,
355,50429,,,,,1.4127044677734375,,,,,,,,,,,
355,50439,,,,,1.3196018934249878,,,,,,,,,,,
355,50449,,,,,1.3952736854553223,,,,,,,,,,,
355,50459,,,,,1.578017234802246,,,,,,,,,,,
355,50469,,,,,1.3664361238479614,,,,,,,,,,,
355,50479,,,,,1.6380186080932617,,,,,,,,,,,
355,50489,,,,,1.4842684268951416,,,,,,,,,,,
355,50499,,,,,1.5083657503128052,,,,,,,,,,,
355,50509,,,,,1.6656290292739868,,,,,,,,,,,
355,50519,,,,,1.3336743116378784,,,,,,,,,,,
355,50529,,,,,1.5443590879440308,,,,,,,,,,,
355,50539,,,,,1.5152642726898193,,,,,,,,,,,
355,50549,,,,,1.5817527770996094,,,,,,,,,,,
355,355,17.48632444047216,93.5381795305627,,,,,,,,,,,,,,
355,50551,,,,,,1.5209877490997314,,,,,,,,,,
356,50559,,,,,1.4717379808425903,,,,,,,,,,,
356,50569,,,,,1.4382836818695068,,,,,,,,,,,
356,50579,,,,,1.4074163436889648,,,,,,,,,,,
356,50589,,,,,1.7355287075042725,,,,,,,,,,,
356,50599,,,,,1.3410569429397583,,,,,,,,,,,
356,50609,,,,,1.399172067642212,,,,,,,,,,,
356,50619,,,,,1.5562244653701782,,,,,,,,,,,
356,50629,,,,,1.3206497430801392,,,,,,,,,,,
356,50639,,,,,1.6002297401428223,,,,,,,,,,,
356,50649,,,,,1.4503636360168457,,,,,,,,,,,
356,50659,,,,,1.4395967721939087,,,,,,,,,,,
356,50669,,,,,1.3456276655197144,,,,,,,,,,,
356,50679,,,,,1.526105523109436,,,,,,,,,,,
356,50689,,,,,1.7403335571289062,,,,,,,,,,,
356,356,14.500113192570874,93.5465319046449,,,,,,,,,,,,,,
356,50693,,,,,,1.512691855430603,,,,,,,,,,
357,50699,,,,,1.7017269134521484,,,,,,,,,,,
357,50709,,,,,1.5773788690567017,,,,,,,,,,,
357,50719,,,,,1.3525893688201904,,,,,,,,,,,
357,50729,,,,,1.6288738250732422,,,,,,,,,,,
357,50739,,,,,1.3582683801651,,,,,,,,,,,
357,50749,,,,,1.3919419050216675,,,,,,,,,,,
357,50759,,,,,1.5810335874557495,,,,,,,,,,,
357,50769,,,,,1.4732928276062012,,,,,,,,,,,
357,50779,,,,,1.7174540758132935,,,,,,,,,,,
357,50789,,,,,1.5575954914093018,,,,,,,,,,,
357,50799,,,,,1.4455372095108032,,,,,,,,,,,
357,50809,,,,,1.4634188413619995,,,,,,,,,,,
357,50819,,,,,1.6750494241714478,,,,,,,,,,,
357,50829,,,,,1.4555702209472656,,,,,,,,,,,
357,357,16.372539228671165,93.55461712737845,,,,,,,,,,,,,,
357,50835,,,,,,1.5189461708068848,,,,,,,,,,
358,50839,,,,,1.4466381072998047,,,,,,,,,,,
358,50849,,,,,1.4031052589416504,,,,,,,,,,,
358,50859,,,,,1.547572135925293,,,,,,,,,,,
358,50869,,,,,1.634014368057251,,,,,,,,,,,
358,50879,,,,,1.643787145614624,,,,,,,,,,,
358,50889,,,,,1.5565115213394165,,,,,,,,,,,
358,50899,,,,,1.2444220781326294,,,,,,,,,,,
358,50909,,,,,1.6042815446853638,,,,,,,,,,,
358,50919,,,,,1.5901495218276978,,,,,,,,,,,
358,50929,,,,,1.4914212226867676,,,,,,,,,,,
358,50939,,,,,1.3132152557373047,,,,,,,,,,,
358,50949,,,,,1.6336121559143066,,,,,,,,,,,
358,50959,,,,,1.3479642868041992,,,,,,,,,,,
358,50969,,,,,1.2742115259170532,,,,,,,,,,,
358,358,14.059155672469782,93.56285139153269,,,,,,,,,,,,,,
358,50977,,,,,,1.5052707195281982,,,,,,,,,,
359,50979,,,,,1.3936227560043335,,,,,,,,,,,
359,50989,,,,,1.5846197605133057,,,,,,,,,,,
359,50999,,,,,1.413621187210083,,,,,,,,,,,
359,51009,,,,,1.5185140371322632,,,,,,,,,,,
359,51019,,,,,1.512207269668579,,,,,,,,,,,
359,51029,,,,,1.3238584995269775,,,,,,,,,,,
359,51039,,,,,1.6409125328063965,,,,,,,,,,,
359,51049,,,,,1.4812787771224976,,,,,,,,,,,
359,51059,,,,,1.4448678493499756,,,,,,,,,,,
359,51069,,,,,1.5789130926132202,,,,,,,,,,,
359,51079,,,,,1.4921250343322754,,,,,,,,,,,
359,51089,,,,,1.61806321144104,,,,,,,,,,,
359,51099,,,,,1.6000726222991943,,,,,,,,,,,
359,51109,,,,,1.5505027770996094,,,,,,,,,,,
359,51119,,,,,1.4708404541015625,,,,,,,,,,,
359,359,,,0.9893679618835449,0.48590385913848877,,,1.2457996084282874,0.6463934779167175,,0.8888256549835205,,0.21697565913200378,,3.476323804076837,,0.2625926434993744
359,51119,,,,,,,,,0.8888256549835205,,0.21697565913200378,,3.4763240814208984,,0.2625926434993744,
359,359,14.707530212652058,93.57109238671927,,,,,,,,,,,,,,
359,51119,,,,,,1.5083402395248413,,,,,,,,,,
360,51129,,,,,1.7008945941925049,,,,,,,,,,,
360,51139,,,,,1.306533932685852,,,,,,,,,,,
360,51149,,,,,1.5517367124557495,,,,,,,,,,,
360,51159,,,,,1.5005265474319458,,,,,,,,,,,
360,51169,,,,,1.468410611152649,,,,,,,,,,,
360,51179,,,,,1.5022354125976562,,,,,,,,,,,
360,51189,,,,,1.2824366092681885,,,,,,,,,,,
360,51199,,,,,1.3595701456069946,,,,,,,,,,,
360,51209,,,,,1.3982408046722412,,,,,,,,,,,
360,51219,,,,,1.5133546590805054,,,,,,,,,,,
360,51229,,,,,1.460300087928772,,,,,,,,,,,
360,51239,,,,,1.4332233667373657,,,,,,,,,,,
360,51249,,,,,1.5424745082855225,,,,,,,,,,,
360,51259,,,,,1.5210541486740112,,,,,,,,,,,
360,360,15.989002271381045,93.57899053982082,,,,,,,,,,,,,,
360,51261,,,,,,1.5033252239227295,,,,,,,,,,
361,51269,,,,,1.5498605966567993,,,,,,,,,,,
361,51279,,,,,1.6353497505187988,,,,,,,,,,,
361,51289,,,,,1.294093132019043,,,,,,,,,,,
361,51299,,,,,1.48052978515625,,,,,,,,,,,
361,51309,,,,,1.613598108291626,,,,,,,,,,,
361,51319,,,,,1.3342558145523071,,,,,,,,,,,
361,51329,,,,,1.384067177772522,,,,,,,,,,,
361,51339,,,,,1.5500904321670532,,,,,,,,,,,
361,51349,,,,,1.5356022119522095,,,,,,,,,,,
361,51359,,,,,1.3814053535461426,,,,,,,,,,,
361,51369,,,,,1.5477651357650757,,,,,,,,,,,
361,51379,,,,,1.454060673713684,,,,,,,,,,,
361,51389,,,,,1.3799141645431519,,,,,,,,,,,
361,51399,,,,,1.3906692266464233,,,,,,,,,,,
361,361,15.704943623766617,93.58684069623693,,,,,,,,,,,,,,
361,51403,,,,,,1.4969758987426758,,,,,,,,,,
362,51409,,,,,1.3949509859085083,,,,,,,,,,,
362,51419,,,,,1.2763283252716064,,,,,,,,,,,
362,51429,,,,,1.6022759675979614,,,,,,,,,,,
362,51439,,,,,1.565346360206604,,,,,,,,,,,
362,51449,,,,,1.424155354499817,,,,,,,,,,,
362,51459,,,,,1.419177770614624,,,,,,,,,,,
362,51469,,,,,1.5638631582260132,,,,,,,,,,,
362,51479,,,,,1.2930117845535278,,,,,,,,,,,
362,51489,,,,,1.364593505859375,,,,,,,,,,,
362,51499,,,,,1.3533153533935547,,,,,,,,,,,
362,51509,,,,,1.662567377090454,,,,,,,,,,,
362,51519,,,,,1.5134243965148926,,,,,,,,,,,
362,51529,,,,,1.5041404962539673,,,,,,,,,,,
362,51539,,,,,1.7656396627426147,,,,,,,,,,,
362,362,15.105424662733014,93.59486530093041,,,,,,,,,,,,,,
362,51545,,,,,,1.4926427602767944,,,,,,,,,,
363,51549,,,,,1.596222162246704,,,,,,,,,,,
363,51559,,,,,1.6596249341964722,,,,,,,,,,,
363,51569,,,,,1.5472593307495117,,,,,,,,,,,
363,51579,,,,,1.5420849323272705,,,,,,,,,,,
363,51589,,,,,1.3994174003601074,,,,,,,,,,,
363,51599,,,,,2.025907516479492,,,,,,,,,,,
363,51609,,,,,1.4767686128616333,,,,,,,,,,,
363,51619,,,,,1.575951337814331,,,,,,,,,,,
363,51629,,,,,1.693894624710083,,,,,,,,,,,
363,51639,,,,,1.5565325021743774,,,,,,,,,,,
363,51649,,,,,1.5020087957382202,,,,,,,,,,,
363,51659,,,,,1.4149378538131714,,,,,,,,,,,
363,51669,,,,,1.5313589572906494,,,,,,,,,,,
363,51679,,,,,1.2587834596633911,,,,,,,,,,,
363,363,16.58876887353068,93.60273999311427,,,,,,,,,,,,,,
363,51687,,,,,,1.4902453422546387,,,,,,,,,,
364,51689,,,,,1.4064877033233643,,,,,,,,,,,
364,51699,,,,,1.6284866333007812,,,,,,,,,,,
364,51709,,,,,1.310307264328003,,,,,,,,,,,
364,51719,,,,,1.6517155170440674,,,,,,,,,,,
364,51729,,,,,1.5683332681655884,,,,,,,,,,,
364,51739,,,,,1.529783844947815,,,,,,,,,,,
364,51749,,,,,1.3846125602722168,,,,,,,,,,,
364,51759,,,,,1.425305962562561,,,,,,,,,,,
364,51769,,,,,1.711126685142517,,,,,,,,,,,
364,51779,,,,,1.341699242591858,,,,,,,,,,,
364,51789,,,,,1.6126513481140137,,,,,,,,,,,
364,51799,,,,,1.4384757280349731,,,,,,,,,,,
364,51809,,,,,1.6475980281829834,,,,,,,,,,,
364,51819,,,,,1.5042824745178223,,,,,,,,,,,
364,51829,,,,,1.3989454507827759,,,,,,,,,,,
364,364,15.540169678510026,93.61071924645604,,,,,,,,,,,,,,
364,51829,,,,,,1.49006187915802,,,,,,,,,,
365,51839,,,,,1.2899116277694702,,,,,,,,,,,
365,51849,,,,,1.4700405597686768,,,,,,,,,,,
365,51859,,,,,1.4476821422576904,,,,,,,,,,,
365,51869,,,,,1.4135318994522095,,,,,,,,,,,
365,51879,,,,,1.4396417140960693,,,,,,,,,,,
365,51889,,,,,1.746517300605774,,,,,,,,,,,
365,51899,,,,,1.524088978767395,,,,,,,,,,,
365,51909,,,,,1.5065078735351562,,,,,,,,,,,
365,51919,,,,,1.4389301538467407,,,,,,,,,,,
365,51929,,,,,1.4938819408416748,,,,,,,,,,,
365,51939,,,,,1.4982668161392212,,,,,,,,,,,
365,51949,,,,,1.367199420928955,,,,,,,,,,,
365,51959,,,,,1.4286234378814697,,,,,,,,,,,
365,51969,,,,,1.373154878616333,,,,,,,,,,,
365,365,16.046506230256714,93.61900430381188,,,,,,,,,,,,,,
365,51971,,,,,,1.4877519607543945,,,,,,,,,,
366,51979,,,,,1.7692503929138184,,,,,,,,,,,
366,51989,,,,,1.4463056325912476,,,,,,,,,,,
366,51999,,,,,1.4611845016479492,,,,,,,,,,,
366,52009,,,,,1.5880714654922485,,,,,,,,,,,
366,52019,,,,,1.448039174079895,,,,,,,,,,,
366,52029,,,,,1.5074862241744995,,,,,,,,,,,
366,52039,,,,,1.654128074645996,,,,,,,,,,,
366,52049,,,,,1.6889582872390747,,,,,,,,,,,
366,52059,,,,,1.346476674079895,,,,,,,,,,,
366,52069,,,,,1.4280648231506348,,,,,,,,,,,
366,52079,,,,,1.6376898288726807,,,,,,,,,,,
366,52089,,,,,1.503051519393921,,,,,,,,,,,
366,52099,,,,,1.5978710651397705,,,,,,,,,,,
366,52109,,,,,1.516739010810852,,,,,,,,,,,
366,366,15.57422072036539,93.62718177176181,,,,,,,,,,,,,,
366,52113,,,,,,1.483702540397644,,,,,,,,,,
367,52119,,,,,1.3299024105072021,,,,,,,,,,,
367,52129,,,,,1.3876432180404663,,,,,,,,,,,
367,52139,,,,,1.6600430011749268,,,,,,,,,,,
367,52149,,,,,1.4241704940795898,,,,,,,,,,,
367,52159,,,,,1.6837764978408813,,,,,,,,,,,
367,52169,,,,,1.7290706634521484,,,,,,,,,,,
367,52179,,,,,1.4317147731781006,,,,,,,,,,,
367,52189,,,,,1.3937890529632568,,,,,,,,,,,
367,52199,,,,,1.4146145582199097,,,,,,,,,,,
367,52209,,,,,1.5380513668060303,,,,,,,,,,,
367,52219,,,,,1.4471083879470825,,,,,,,,,,,
367,52229,,,,,1.3558483123779297,,,,,,,,,,,
367,52239,,,,,1.6873873472213745,,,,,,,,,,,
367,52249,,,,,1.3678878545761108,,,,,,,,,,,
367,367,15.309735670758338,93.63571364170012,,,,,,,,,,,,,,
367,52255,,,,,,1.4759172201156616,,,,,,,,,,
368,52259,,,,,1.4597398042678833,,,,,,,,,,,
368,52269,,,,,1.4980651140213013,,,,,,,,,,,
368,52279,,,,,1.5854638814926147,,,,,,,,,,,
368,52289,,,,,1.475899338722229,,,,,,,,,,,
368,52299,,,,,1.5213968753814697,,,,,,,,,,,
368,52309,,,,,1.3610517978668213,,,,,,,,,,,
368,52319,,,,,1.3635097742080688,,,,,,,,,,,
368,52329,,,,,1.3039164543151855,,,,,,,,,,,
368,52339,,,,,1.323065161705017,,,,,,,,,,,
368,52349,,,,,1.5005903244018555,,,,,,,,,,,
368,52359,,,,,1.3035465478897095,,,,,,,,,,,
368,52369,,,,,1.6121212244033813,,,,,,,,,,,
368,52379,,,,,1.3690005540847778,,,,,,,,,,,
368,52389,,,,,1.648397445678711,,,,,,,,,,,
368,368,15.78333529504383,93.64426498014551,,,,,,,,,,,,,,
368,52397,,,,,,1.4721003770828247,,,,,,,,,,
369,52399,,,,,1.48735773563385,,,,,,,,,,,
369,52409,,,,,1.4157768487930298,,,,,,,,,,,
369,52419,,,,,1.3667988777160645,,,,,,,,,,,
369,52429,,,,,1.4714547395706177,,,,,,,,,,,
369,52439,,,,,1.3225691318511963,,,,,,,,,,,
369,52449,,,,,1.3859946727752686,,,,,,,,,,,
369,52459,,,,,1.445033073425293,,,,,,,,,,,
369,52469,,,,,1.6151928901672363,,,,,,,,,,,
369,52479,,,,,1.4944653511047363,,,,,,,,,,,
369,52489,,,,,1.3630043268203735,,,,,,,,,,,
369,52499,,,,,1.635943055152893,,,,,,,,,,,
369,52509,,,,,1.6744853258132935,,,,,,,,,,,
369,52519,,,,,1.331190824508667,,,,,,,,,,,
369,52529,,,,,1.5880308151245117,,,,,,,,,,,
369,52539,,,,,1.344761610031128,,,,,,,,,,,
369,369,,,0.9900224804878235,0.5011237859725952,,,1.2140093382413635,0.6610206365585327,,0.8902148008346558,,0.2221536934375763,,3.5099896998429787,,0.2669024169445038
369,52539,,,,,,,,,0.8902148008346558,,0.2221536934375763,,3.5099897384643555,,0.2669024169445038,
369,369,16.562577467303246,93.65238127881832,,,,,,,,,,,,,,
369,52539,,,,,,1.4694470167160034,,,,,,,,,,
370,52549,,,,,1.3564250469207764,,,,,,,,,,,
370,52559,,,,,1.3616834878921509,,,,,,,,,,,
370,52569,,,,,1.273573875427246,,,,,,,,,,,
370,52579,,,,,1.5076884031295776,,,,,,,,,,,
370,52589,,,,,1.5711383819580078,,,,,,,,,,,
370,52599,,,,,1.4572443962097168,,,,,,,,,,,
370,52609,,,,,1.3629239797592163,,,,,,,,,,,
370,52619,,,,,1.5455924272537231,,,,,,,,,,,
370,52629,,,,,1.717873215675354,,,,,,,,,,,
370,52639,,,,,1.545876145362854,,,,,,,,,,,
370,52649,,,,,1.480013132095337,,,,,,,,,,,
370,52659,,,,,1.4701637029647827,,,,,,,,,,,
370,52669,,,,,1.4332340955734253,,,,,,,,,,,
370,52679,,,,,1.3193552494049072,,,,,,,,,,,
370,370,15.409972719286626,93.66041699133882,,,,,,,,,,,,,,
370,52681,,,,,,1.464227318763733,,,,,,,,,,
371,52689,,,,,1.3023806810379028,,,,,,,,,,,
371,52699,,,,,1.593260407447815,,,,,,,,,,,
371,52709,,,,,1.3626340627670288,,,,,,,,,,,
371,52719,,,,,1.322346806526184,,,,,,,,,,,
371,52729,,,,,1.664533019065857,,,,,,,,,,,
371,52739,,,,,1.5057225227355957,,,,,,,,,,,
371,52749,,,,,1.385083794593811,,,,,,,,,,,
371,52759,,,,,1.8024286031723022,,,,,,,,,,,
371,52769,,,,,1.4669004678726196,,,,,,,,,,,
371,52779,,,,,1.3900518417358398,,,,,,,,,,,
371,52789,,,,,1.2773138284683228,,,,,,,,,,,
371,52799,,,,,1.4072619676589966,,,,,,,,,,,
371,52809,,,,,1.5153244733810425,,,,,,,,,,,
371,52819,,,,,1.3914415836334229,,,,,,,,,,,
371,371,14.890982056242429,93.6680090739291,,,,,,,,,,,,,,
371,52823,,,,,,1.4615213871002197,,,,,,,,,,
372,52829,,,,,1.3779798746109009,,,,,,,,,,,
372,52839,,,,,1.467558741569519,,,,,,,,,,,
372,52849,,,,,1.3966162204742432,,,,,,,,,,,
372,52859,,,,,1.398451328277588,,,,,,,,,,,
372,52869,,,,,1.4978938102722168,,,,,,,,,,,
372,52879,,,,,1.4937070608139038,,,,,,,,,,,
372,52889,,,,,1.3724344968795776,,,,,,,,,,,
372,52899,,,,,1.4128484725952148,,,,,,,,,,,
372,52909,,,,,1.544277310371399,,,,,,,,,,,
372,52919,,,,,1.2077734470367432,,,,,,,,,,,
372,52929,,,,,1.4325649738311768,,,,,,,,,,,
372,52939,,,,,1.443921685218811,,,,,,,,,,,
372,52949,,,,,1.2936043739318848,,,,,,,,,,,
372,52959,,,,,1.710184931755066,,,,,,,,,,,
372,372,15.185037096568923,93.67607043793652,,,,,,,,,,,,,,
372,52965,,,,,,1.4601339101791382,,,,,,,,,,
373,52969,,,,,1.3120381832122803,,,,,,,,,,,
373,52979,,,,,1.8159220218658447,,,,,,,,,,,
373,52989,,,,,1.1459133625030518,,,,,,,,,,,
373,52999,,,,,1.3998693227767944,,,,,,,,,,,
373,53009,,,,,1.4040958881378174,,,,,,,,,,,
373,53019,,,,,1.5290029048919678,,,,,,,,,,,
373,53029,,,,,1.4495797157287598,,,,,,,,,,,
373,53039,,,,,1.4112685918807983,,,,,,,,,,,
373,53049,,,,,1.5877947807312012,,,,,,,,,,,
373,53059,,,,,1.4994457960128784,,,,,,,,,,,
373,53069,,,,,1.4130302667617798,,,,,,,,,,,
373,53079,,,,,1.418971061706543,,,,,,,,,,,
373,53089,,,,,1.3677089214324951,,,,,,,,,,,
373,53099,,,,,1.4886120557785034,,,,,,,,,,,
373,373,15.611563082080822,93.68436404718652,,,,,,,,,,,,,,
373,53107,,,,,,1.4513260126113892,,,,,,,,,,
374,53109,,,,,1.482606053352356,,,,,,,,,,,
374,53119,,,,,1.4060423374176025,,,,,,,,,,,
374,53129,,,,,1.221591591835022,,,,,,,,,,,
374,53139,,,,,1.4735562801361084,,,,,,,,,,,
374,53149,,,,,1.471336841583252,,,,,,,,,,,
374,53159,,,,,1.5752904415130615,,,,,,,,,,,
374,53169,,,,,1.5485632419586182,,,,,,,,,,,
374,53179,,,,,1.6694811582565308,,,,,,,,,,,
374,53189,,,,,1.3735822439193726,,,,,,,,,,,
374,53199,,,,,1.5982799530029297,,,,,,,,,,,
374,53209,,,,,1.4714900255203247,,,,,,,,,,,
374,53219,,,,,1.2211081981658936,,,,,,,,,,,
374,53229,,,,,1.2710694074630737,,,,,,,,,,,
374,53239,,,,,1.2730629444122314,,,,,,,,,,,
374,53249,,,,,1.1655024290084839,,,,,,,,,,,
374,374,16.583398895521274,93.69199844619261,,,,,,,,,,,,,,
374,53249,,,,,,1.453518271446228,,,,,,,,,,
375,53259,,,,,1.5402791500091553,,,,,,,,,,,
375,53269,,,,,1.4094997644424438,,,,,,,,,,,
375,53279,,,,,1.3872768878936768,,,,,,,,,,,
375,53289,,,,,1.5390764474868774,,,,,,,,,,,
375,53299,,,,,1.4791866540908813,,,,,,,,,,,
375,53309,,,,,1.4044055938720703,,,,,,,,,,,
375,53319,,,,,1.4307085275650024,,,,,,,,,,,
375,53329,,,,,1.635082721710205,,,,,,,,,,,
375,53339,,,,,1.5467275381088257,,,,,,,,,,,
375,53349,,,,,1.3826794624328613,,,,,,,,,,,
375,53359,,,,,1.3869372606277466,,,,,,,,,,,
375,53369,,,,,1.3556408882141113,,,,,,,,,,,
375,53379,,,,,1.5593727827072144,,,,,,,,,,,
375,53389,,,,,1.2734026908874512,,,,,,,,,,,
375,375,17.508023378179356,93.70010687227746,,,,,,,,,,,,,,
375,53391,,,,,,1.4505070447921753,,,,,,,,,,
376,53399,,,,,1.3681684732437134,,,,,,,,,,,
376,53409,,,,,1.4568493366241455,,,,,,,,,,,
376,53419,,,,,1.5442239046096802,,,,,,,,,,,
376,53429,,,,,1.6175988912582397,,,,,,,,,,,
376,53439,,,,,1.7589565515518188,,,,,,,,,,,
376,53449,,,,,1.3118069171905518,,,,,,,,,,,
376,53459,,,,,1.6055456399917603,,,,,,,,,,,
376,53469,,,,,1.4274065494537354,,,,,,,,,,,
376,53479,,,,,1.4145458936691284,,,,,,,,,,,
376,53489,,,,,1.3888745307922363,,,,,,,,,,,
376,53499,,,,,1.5248000621795654,,,,,,,,,,,
376,53509,,,,,1.3214952945709229,,,,,,,,,,,
376,53519,,,,,1.39141845703125,,,,,,,,,,,
376,53529,,,,,1.3118737936019897,,,,,,,,,,,
376,376,15.955868924160368,93.7080805569425,,,,,,,,,,,,,,
376,53533,,,,,,1.4437164068222046,,,,,,,,,,
377,53539,,,,,1.2195543050765991,,,,,,,,,,,
377,53549,,,,,1.4935462474822998,,,,,,,,,,,
377,53559,,,,,1.5236941576004028,,,,,,,,,,,
377,53569,,,,,1.5678454637527466,,,,,,,,,,,
377,53579,,,,,1.490028977394104,,,,,,,,,,,
377,53589,,,,,1.4256455898284912,,,,,,,,,,,
377,53599,,,,,1.505699634552002,,,,,,,,,,,
377,53609,,,,,1.3936904668807983,,,,,,,,,,,
377,53619,,,,,1.5891627073287964,,,,,,,,,,,
377,53629,,,,,1.516891598701477,,,,,,,,,,,
377,53639,,,,,1.4036303758621216,,,,,,,,,,,
377,53649,,,,,1.3202661275863647,,,,,,,,,,,
377,53659,,,,,1.341017723083496,,,,,,,,,,,
377,53669,,,,,1.5236889123916626,,,,,,,,,,,
377,377,14.764094967807605,93.71606725745438,,,,,,,,,,,,,,
377,53675,,,,,,1.4423002004623413,,,,,,,,,,
378,53679,,,,,1.4588803052902222,,,,,,,,,,,
378,53689,,,,,1.2627557516098022,,,,,,,,,,,
378,53699,,,,,1.5778467655181885,,,,,,,,,,,
378,53709,,,,,1.3050744533538818,,,,,,,,,,,
378,53719,,,,,1.4234411716461182,,,,,,,,,,,
378,53729,,,,,1.3265339136123657,,,,,,,,,,,
378,53739,,,,,1.4466415643692017,,,,,,,,,,,
378,53749,,,,,1.5335816144943237,,,,,,,,,,,
378,53759,,,,,1.3813656568527222,,,,,,,,,,,
378,53769,,,,,1.939928650856018,,,,,,,,,,,
378,53779,,,,,1.3945237398147583,,,,,,,,,,,
378,53789,,,,,1.4246675968170166,,,,,,,,,,,
378,53799,,,,,1.4390430450439453,,,,,,,,,,,
378,53809,,,,,1.4214693307876587,,,,,,,,,,,
378,378,16.80842459928074,93.72432332744032,,,,,,,,,,,,,,
378,53817,,,,,,1.4377195835113525,,,,,,,,,,
379,53819,,,,,1.1494039297103882,,,,,,,,,,,
379,53829,,,,,1.277601718902588,,,,,,,,,,,
379,53839,,,,,1.3202520608901978,,,,,,,,,,,
379,53849,,,,,1.288066029548645,,,,,,,,,,,
379,53859,,,,,1.4463876485824585,,,,,,,,,,,
379,53869,,,,,1.5357357263565063,,,,,,,,,,,
379,53879,,,,,1.2741336822509766,,,,,,,,,,,
379,53889,,,,,1.5068670511245728,,,,,,,,,,,
379,53899,,,,,1.3188250064849854,,,,,,,,,,,
379,53909,,,,,1.1671051979064941,,,,,,,,,,,
379,53919,,,,,1.546943187713623,,,,,,,,,,,
379,53929,,,,,1.3140493631362915,,,,,,,,,,,
379,53939,,,,,1.3279088735580444,,,,,,,,,,,
379,53949,,,,,1.234998345375061,,,,,,,,,,,
379,53959,,,,,1.345744252204895,,,,,,,,,,,
379,379,,,0.9909127354621887,0.5136383175849915,,,1.1810766475408487,0.6728809475898743,,0.8895772099494934,,0.22523465752601624,,3.5425681976639494,,0.26607832312583923
379,53959,,,,,,,,,0.8895772099494934,,0.22523465752601624,,3.542567729949951,,0.26607832312583923,
379,379,15.632486442331963,93.73258944589462,,,,,,,,,,,,,,
379,53959,,,,,,1.4325796365737915,,,,,,,,,,
380,53969,,,,,1.461424469947815,,,,,,,,,,,
380,53979,,,,,1.519907832145691,,,,,,,,,,,
380,53989,,,,,1.5537062883377075,,,,,,,,,,,
380,53999,,,,,1.1981120109558105,,,,,,,,,,,
380,54009,,,,,1.4430822134017944,,,,,,,,,,,
380,54019,,,,,1.3203529119491577,,,,,,,,,,,
380,54029,,,,,1.2401313781738281,,,,,,,,,,,
380,54039,,,,,1.2168185710906982,,,,,,,,,,,
380,54049,,,,,1.5164541006088257,,,,,,,,,,,
380,54059,,,,,1.459654450416565,,,,,,,,,,,
380,54069,,,,,1.4329497814178467,,,,,,,,,,,
380,54079,,,,,1.7633090019226074,,,,,,,,,,,
380,54089,,,,,0.994319498538971,,,,,,,,,,,
380,54099,,,,,1.5835200548171997,,,,,,,,,,,
380,380,15.040574725925142,93.74035732520431,,,,,,,,,,,,,,
380,54101,,,,,,1.4277117252349854,,,,,,,,,,
381,54109,,,,,1.3397564888000488,,,,,,,,,,,
381,54119,,,,,1.246860384941101,,,,,,,,,,,
381,54129,,,,,1.440779685974121,,,,,,,,,,,
381,54139,,,,,1.2487688064575195,,,,,,,,,,,
381,54149,,,,,1.391717553138733,,,,,,,,,,,
381,54159,,,,,1.2894518375396729,,,,,,,,,,,
381,54169,,,,,1.4363187551498413,,,,,,,,,,,
381,54179,,,,,1.54751718044281,,,,,,,,,,,
381,54189,,,,,1.4743238687515259,,,,,,,,,,,
381,54199,,,,,1.4974703788757324,,,,,,,,,,,
381,54209,,,,,1.3471410274505615,,,,,,,,,,,
381,54219,,,,,1.3871040344238281,,,,,,,,,,,
381,54229,,,,,1.6529126167297363,,,,,,,,,,,
381,54239,,,,,1.3312313556671143,,,,,,,,,,,
381,381,15.125117154642323,93.74864059466196,,,,,,,,,,,,,,
381,54243,,,,,,1.4247010946273804,,,,,,,,,,
382,54249,,,,,1.5329269170761108,,,,,,,,,,,
382,54259,,,,,1.4733929634094238,,,,,,,,,,,
382,54269,,,,,1.3727359771728516,,,,,,,,,,,
382,54279,,,,,1.6165145635604858,,,,,,,,,,,
382,54289,,,,,1.3502634763717651,,,,,,,,,,,
382,54299,,,,,1.4588247537612915,,,,,,,,,,,
382,54309,,,,,1.2390162944793701,,,,,,,,,,,
382,54319,,,,,1.4143645763397217,,,,,,,,,,,
382,54329,,,,,1.327214002609253,,,,,,,,,,,
382,54339,,,,,1.4366190433502197,,,,,,,,,,,
382,54349,,,,,1.3873857259750366,,,,,,,,,,,
382,54359,,,,,1.4200384616851807,,,,,,,,,,,
382,54369,,,,,1.4071331024169922,,,,,,,,,,,
382,54379,,,,,1.4124282598495483,,,,,,,,,,,
382,382,15.818385697145164,93.75685825619254,,,,,,,,,,,,,,
382,54385,,,,,,1.4183008670806885,,,,,,,,,,
383,54389,,,,,1.4169927835464478,,,,,,,,,,,
383,54399,,,,,1.5455777645111084,,,,,,,,,,,
383,54409,,,,,1.3211407661437988,,,,,,,,,,,
383,54419,,,,,1.3639962673187256,,,,,,,,,,,
383,54429,,,,,1.522125244140625,,,,,,,,,,,
383,54439,,,,,1.3787457942962646,,,,,,,,,,,
383,54449,,,,,1.3344858884811401,,,,,,,,,,,
383,54459,,,,,1.4070981740951538,,,,,,,,,,,
383,54469,,,,,1.7777390480041504,,,,,,,,,,,
383,54479,,,,,1.3526111841201782,,,,,,,,,,,
383,54489,,,,,1.6608788967132568,,,,,,,,,,,
383,54499,,,,,1.6118848323822021,,,,,,,,,,,
383,54509,,,,,1.3759407997131348,,,,,,,,,,,
383,54519,,,,,1.7044645547866821,,,,,,,,,,,
383,383,15.777756204599811,93.76493905172853,,,,,,,,,,,,,,
383,54527,,,,,,1.4202312231063843,,,,,,,,,,
384,54529,,,,,1.2890974283218384,,,,,,,,,,,
384,54539,,,,,1.407627820968628,,,,,,,,,,,
384,54549,,,,,1.5004669427871704,,,,,,,,,,,
384,54559,,,,,1.167094111442566,,,,,,,,,,,
384,54569,,,,,1.3672981262207031,,,,,,,,,,,
384,54579,,,,,1.6145533323287964,,,,,,,,,,,
384,54589,,,,,1.518799901008606,,,,,,,,,,,
384,54599,,,,,1.5626214742660522,,,,,,,,,,,
384,54609,,,,,1.527038812637329,,,,,,,,,,,
384,54619,,,,,1.1967761516571045,,,,,,,,,,,
384,54629,,,,,1.4245779514312744,,,,,,,,,,,
384,54639,,,,,1.5592209100723267,,,,,,,,,,,
384,54649,,,,,1.5208981037139893,,,,,,,,,,,
384,54659,,,,,1.441202998161316,,,,,,,,,,,
384,54669,,,,,1.3763759136199951,,,,,,,,,,,
384,384,15.598242309459279,93.77286037873944,,,,,,,,,,,,,,
384,54669,,,,,,1.4122594594955444,,,,,,,,,,
385,54679,,,,,1.376106858253479,,,,,,,,,,,
385,54689,,,,,1.4446690082550049,,,,,,,,,,,
385,54699,,,,,1.353965163230896,,,,,,,,,,,
385,54709,,,,,1.3607165813446045,,,,,,,,,,,
385,54719,,,,,1.6084532737731934,,,,,,,,,,,
385,54729,,,,,1.510856032371521,,,,,,,,,,,
385,54739,,,,,1.181682825088501,,,,,,,,,,,
385,54749,,,,,1.3848552703857422,,,,,,,,,,,
385,54759,,,,,1.3206136226654053,,,,,,,,,,,
385,54769,,,,,1.4526013135910034,,,,,,,,,,,
385,54779,,,,,1.349328637123108,,,,,,,,,,,
385,54789,,,,,1.5836209058761597,,,,,,,,,,,
385,54799,,,,,1.5458228588104248,,,,,,,,,,,
385,54809,,,,,1.395782470703125,,,,,,,,,,,
385,385,15.235712838530329,93.78116497792747,,,,,,,,,,,,,,
385,54811,,,,,,1.4133926630020142,,,,,,,,,,
386,54819,,,,,1.3868118524551392,,,,,,,,,,,
386,54829,,,,,1.2462722063064575,,,,,,,,,,,
386,54839,,,,,1.3222320079803467,,,,,,,,,,,
386,54849,,,,,1.3498425483703613,,,,,,,,,,,
386,54859,,,,,1.3091033697128296,,,,,,,,,,,
386,54869,,,,,1.4913594722747803,,,,,,,,,,,
386,54879,,,,,1.4119735956192017,,,,,,,,,,,
386,54889,,,,,1.3000515699386597,,,,,,,,,,,
386,54899,,,,,1.3808108568191528,,,,,,,,,,,
386,54909,,,,,1.4441065788269043,,,,,,,,,,,
386,54919,,,,,1.5190832614898682,,,,,,,,,,,
386,54929,,,,,1.4253545999526978,,,,,,,,,,,
386,54939,,,,,1.4157956838607788,,,,,,,,,,,
386,54949,,,,,1.42144775390625,,,,,,,,,,,
386,386,17.657829255023277,93.78944207345515,,,,,,,,,,,,,,
386,54953,,,,,,1.40559983253479,,,,,,,,,,
387,54959,,,,,1.3008166551589966,,,,,,,,,,,
387,54969,,,,,1.5484293699264526,,,,,,,,,,,
387,54979,,,,,1.5181857347488403,,,,,,,,,,,
387,54989,,,,,1.4675216674804688,,,,,,,,,,,
387,54999,,,,,1.4976577758789062,,,,,,,,,,,
387,55009,,,,,1.4818189144134521,,,,,,,,,,,
387,55019,,,,,1.398318886756897,,,,,,,,,,,
387,55029,,,,,1.3874298334121704,,,,,,,,,,,
387,55039,,,,,1.3481730222702026,,,,,,,,,,,
387,55049,,,,,1.544061541557312,,,,,,,,,,,
387,55059,,,,,1.7705599069595337,,,,,,,,,,,
387,55069,,,,,1.2668758630752563,,,,,,,,,,,
387,55079,,,,,1.3791381120681763,,,,,,,,,,,
387,55089,,,,,1.1221405267715454,,,,,,,,,,,
387,387,15.450528320854453,93.79771775536828,,,,,,,,,,,,,,
387,55095,,,,,,1.406188726425171,,,,,,,,,,
388,55099,,,,,1.520983338356018,,,,,,,,,,,
388,55109,,,,,1.3953825235366821,,,,,,,,,,,
388,55119,,,,,1.4410334825515747,,,,,,,,,,,
388,55129,,,,,1.3225017786026,,,,,,,,,,,
388,55139,,,,,1.2836992740631104,,,,,,,,,,,
388,55149,,,,,1.246022343635559,,,,,,,,,,,
388,55159,,,,,1.5411608219146729,,,,,,,,,,,
388,55169,,,,,1.3579702377319336,,,,,,,,,,,
388,55179,,,,,1.5477439165115356,,,,,,,,,,,
388,55189,,,,,1.249665379524231,,,,,,,,,,,
388,55199,,,,,1.5671688318252563,,,,,,,,,,,
388,55209,,,,,1.313922643661499,,,,,,,,,,,
388,55219,,,,,1.4612137079238892,,,,,,,,,,,
388,55229,,,,,1.273368000984192,,,,,,,,,,,
388,388,16.870342230181876,93.80599029669493,,,,,,,,,,,,,,
388,55237,,,,,,1.3962918519973755,,,,,,,,,,
389,55239,,,,,1.4426815509796143,,,,,,,,,,,
389,55249,,,,,1.486497163772583,,,,,,,,,,,
389,55259,,,,,1.3235156536102295,,,,,,,,,,,
389,55269,,,,,1.403342366218567,,,,,,,,,,,
389,55279,,,,,1.386974811553955,,,,,,,,,,,
389,55289,,,,,1.3213260173797607,,,,,,,,,,,
389,55299,,,,,1.1892743110656738,,,,,,,,,,,
389,55309,,,,,1.3625673055648804,,,,,,,,,,,
389,55319,,,,,1.371246576309204,,,,,,,,,,,
389,55329,,,,,1.516278624534607,,,,,,,,,,,
389,55339,,,,,1.4663982391357422,,,,,,,,,,,
389,55349,,,,,1.4122867584228516,,,,,,,,,,,
389,55359,,,,,1.4202364683151245,,,,,,,,,,,
389,55369,,,,,1.4883514642715454,,,,,,,,,,,
389,55379,,,,,1.1710909605026245,,,,,,,,,,,
389,389,,,0.9916644096374512,0.5318740606307983,,,1.1394312723911375,0.6881529092788696,,0.8869646787643433,,0.22676938772201538,,3.6355084113928737,,0.2690679132938385
389,55379,,,,,,,,,0.8869646787643433,,0.22676938772201538,,3.6355080604553223,,0.2690679132938385,
389,389,14.813647740617245,93.81385784324564,,,,,,,,,,,,,,
389,55379,,,,,,1.3999499082565308,,,,,,,,,,
390,55389,,,,,1.384817123413086,,,,,,,,,,,
390,55399,,,,,1.282592535018921,,,,,,,,,,,
390,55409,,,,,1.4906749725341797,,,,,,,,,,,
390,55419,,,,,1.2519317865371704,,,,,,,,,,,
390,55429,,,,,1.3394434452056885,,,,,,,,,,,
390,55439,,,,,1.4513130187988281,,,,,,,,,,,
390,55449,,,,,1.4439414739608765,,,,,,,,,,,
390,55459,,,,,1.4325814247131348,,,,,,,,,,,
390,55469,,,,,1.4408745765686035,,,,,,,,,,,
390,55479,,,,,1.2711971998214722,,,,,,,,,,,
390,55489,,,,,1.279657006263733,,,,,,,,,,,
390,55499,,,,,1.592145562171936,,,,,,,,,,,
390,55509,,,,,1.6226367950439453,,,,,,,,,,,
390,55519,,,,,1.4688427448272705,,,,,,,,,,,
390,390,15.835186611741797,93.82162288134545,,,,,,,,,,,,,,
390,55521,,,,,,1.393766164779663,,,,,,,,,,
391,55529,,,,,1.5505133867263794,,,,,,,,,,,
391,55539,,,,,1.3750362396240234,,,,,,,,,,,
391,55549,,,,,1.6157610416412354,,,,,,,,,,,
391,55559,,,,,1.4114516973495483,,,,,,,,,,,
391,55569,,,,,1.4844417572021484,,,,,,,,,,,
391,55579,,,,,1.1972099542617798,,,,,,,,,,,
391,55589,,,,,1.3429330587387085,,,,,,,,,,,
391,55599,,,,,1.3595526218414307,,,,,,,,,,,
391,55609,,,,,1.3853390216827393,,,,,,,,,,,
391,55619,,,,,1.3846558332443237,,,,,,,,,,,
391,55629,,,,,1.5280187129974365,,,,,,,,,,,
391,55639,,,,,1.340462565422058,,,,,,,,,,,
391,55649,,,,,1.5001877546310425,,,,,,,,,,,
391,55659,,,,,1.3514618873596191,,,,,,,,,,,
391,391,15.78691150450131,93.83006366393676,,,,,,,,,,,,,,
391,55663,,,,,,1.3882049322128296,,,,,,,,,,
392,55669,,,,,1.418381929397583,,,,,,,,,,,
392,55679,,,,,1.3759733438491821,,,,,,,,,,,
392,55689,,,,,1.2128669023513794,,,,,,,,,,,
392,55699,,,,,1.3314781188964844,,,,,,,,,,,
392,55709,,,,,1.431938886642456,,,,,,,,,,,
392,55719,,,,,1.3595424890518188,,,,,,,,,,,
392,55729,,,,,1.4207314252853394,,,,,,,,,,,
392,55739,,,,,1.5940889120101929,,,,,,,,,,,
392,55749,,,,,1.2999942302703857,,,,,,,,,,,
392,55759,,,,,1.5844035148620605,,,,,,,,,,,
392,55769,,,,,1.2615110874176025,,,,,,,,,,,
392,55779,,,,,1.4701287746429443,,,,,,,,,,,
392,55789,,,,,1.087709665298462,,,,,,,,,,,
392,55799,,,,,1.3646953105926514,,,,,,,,,,,
392,392,15.736177725964563,93.83853502897034,,,,,,,,,,,,,,
392,55805,,,,,,1.3891804218292236,,,,,,,,,,
393,55809,,,,,1.460498332977295,,,,,,,,,,,
393,55819,,,,,1.6818972826004028,,,,,,,,,,,
393,55829,,,,,1.4953750371932983,,,,,,,,,,,
393,55839,,,,,1.3886202573776245,,,,,,,,,,,
393,55849,,,,,1.5327794551849365,,,,,,,,,,,
393,55859,,,,,1.5122573375701904,,,,,,,,,,,
393,55869,,,,,1.1977145671844482,,,,,,,,,,,
393,55879,,,,,1.4003578424453735,,,,,,,,,,,
393,55889,,,,,1.449903130531311,,,,,,,,,,,
393,55899,,,,,1.3947161436080933,,,,,,,,,,,
393,55909,,,,,1.2603514194488525,,,,,,,,,,,
393,55919,,,,,1.203858733177185,,,,,,,,,,,
393,55929,,,,,1.3554574251174927,,,,,,,,,,,
393,55939,,,,,1.5157052278518677,,,,,,,,,,,
393,393,16.10340436241677,93.84668627636215,,,,,,,,,,,,,,
393,55947,,,,,,1.3851733207702637,,,,,,,,,,
394,55949,,,,,1.3434116840362549,,,,,,,,,,,
394,55959,,,,,1.3679646253585815,,,,,,,,,,,
394,55969,,,,,1.5367614030838013,,,,,,,,,,,
394,55979,,,,,1.525156021118164,,,,,,,,,,,
394,55989,,,,,1.449768304824829,,,,,,,,,,,
394,55999,,,,,1.4610151052474976,,,,,,,,,,,
394,56009,,,,,1.293496012687683,,,,,,,,,,,
394,56019,,,,,1.2203319072723389,,,,,,,,,,,
394,56029,,,,,1.381331205368042,,,,,,,,,,,
394,56039,,,,,1.3100461959838867,,,,,,,,,,,
394,56049,,,,,1.418200135231018,,,,,,,,,,,
394,56059,,,,,1.4652694463729858,,,,,,,,,,,
394,56069,,,,,1.2054483890533447,,,,,,,,,,,
394,56079,,,,,1.3254586458206177,,,,,,,,,,,
394,56089,,,,,1.3891499042510986,,,,,,,,,,,
394,394,15.881770414200453,93.85433188770918,,,,,,,,,,,,,,
394,56089,,,,,,1.385608434677124,,,,,,,,,,
395,56099,,,,,1.5052975416183472,,,,,,,,,,,
395,56109,,,,,1.1989165544509888,,,,,,,,,,,
395,56119,,,,,1.4409531354904175,,,,,,,,,,,
395,56129,,,,,1.3624861240386963,,,,,,,,,,,
395,56139,,,,,1.207934856414795,,,,,,,,,,,
395,56149,,,,,1.2394381761550903,,,,,,,,,,,
395,56159,,,,,1.2852730751037598,,,,,,,,,,,
395,56169,,,,,1.281667709350586,,,,,,,,,,,
395,56179,,,,,1.3748104572296143,,,,,,,,,,,
395,56189,,,,,1.243208408355713,,,,,,,,,,,
395,56199,,,,,1.2332509756088257,,,,,,,,,,,
395,56209,,,,,1.3794816732406616,,,,,,,,,,,
395,56219,,,,,1.5353655815124512,,,,,,,,,,,
395,56229,,,,,1.2771775722503662,,,,,,,,,,,
395,395,16.239959508592825,93.86219601277784,,,,,,,,,,,,,,
395,56231,,,,,,1.3793526887893677,,,,,,,,,,
396,56239,,,,,1.4521598815917969,,,,,,,,,,,
396,56249,,,,,1.2306103706359863,,,,,,,,,,,
396,56259,,,,,1.4081082344055176,,,,,,,,,,,
396,56269,,,,,1.2901772260665894,,,,,,,,,,,
396,56279,,,,,1.214687466621399,,,,,,,,,,,
396,56289,,,,,1.5688042640686035,,,,,,,,,,,
396,56299,,,,,1.4962289333343506,,,,,,,,,,,
396,56309,,,,,1.645337462425232,,,,,,,,,,,
396,56319,,,,,1.3523893356323242,,,,,,,,,,,
396,56329,,,,,1.4542241096496582,,,,,,,,,,,
396,56339,,,,,1.536218523979187,,,,,,,,,,,
396,56349,,,,,1.3658900260925293,,,,,,,,,,,
396,56359,,,,,1.6501471996307373,,,,,,,,,,,
396,56369,,,,,1.441255807876587,,,,,,,,,,,
396,396,17.1325693028794,93.87034008341996,,,,,,,,,,,,,,
396,56373,,,,,,1.377634048461914,,,,,,,,,,
397,56379,,,,,1.4660825729370117,,,,,,,,,,,
397,56389,,,,,1.4341932535171509,,,,,,,,,,,
397,56399,,,,,1.157590627670288,,,,,,,,,,,
397,56409,,,,,1.4069308042526245,,,,,,,,,,,
397,56419,,,,,1.5142158269882202,,,,,,,,,,,
397,56429,,,,,1.454081416130066,,,,,,,,,,,
397,56439,,,,,1.2519110441207886,,,,,,,,,,,
397,56449,,,,,1.2967056035995483,,,,,,,,,,,
397,56459,,,,,1.4718109369277954,,,,,,,,,,,
397,56469,,,,,1.1267653703689575,,,,,,,,,,,
397,56479,,,,,1.2455204725265503,,,,,,,,,,,
397,56489,,,,,1.383852481842041,,,,,,,,,,,
397,56499,,,,,1.4911539554595947,,,,,,,,,,,
397,56509,,,,,1.4731632471084595,,,,,,,,,,,
397,397,17.385342539604913,93.87816918751817,,,,,,,,,,,,,,
397,56515,,,,,,1.3682979345321655,,,,,,,,,,
398,56519,,,,,1.539031744003296,,,,,,,,,,,
398,56529,,,,,1.429128885269165,,,,,,,,,,,
398,56539,,,,,1.2825679779052734,,,,,,,,,,,
398,56549,,,,,1.7091491222381592,,,,,,,,,,,
398,56559,,,,,1.2513561248779297,,,,,,,,,,,
398,56569,,,,,1.5038615465164185,,,,,,,,,,,
398,56579,,,,,1.4557037353515625,,,,,,,,,,,
398,56589,,,,,1.536025047302246,,,,,,,,,,,
398,56599,,,,,1.4607551097869873,,,,,,,,,,,
398,56609,,,,,1.3656448125839233,,,,,,,,,,,
398,56619,,,,,1.8302477598190308,,,,,,,,,,,
398,56629,,,,,1.437214732170105,,,,,,,,,,,
398,56639,,,,,1.357238531112671,,,,,,,,,,,
398,56649,,,,,1.3542935848236084,,,,,,,,,,,
398,398,16.114845559254345,93.88635253007911,,,,,,,,,,,,,,
398,56657,,,,,,1.368194818496704,,,,,,,,,,
399,56659,,,,,1.5160890817642212,,,,,,,,,,,
399,56669,,,,,1.108292818069458,,,,,,,,,,,
399,56679,,,,,1.3319755792617798,,,,,,,,,,,
399,56689,,,,,1.4462884664535522,,,,,,,,,,,
399,56699,,,,,1.169880986213684,,,,,,,,,,,
399,56709,,,,,1.2980756759643555,,,,,,,,,,,
399,56719,,,,,1.5751179456710815,,,,,,,,,,,
399,56729,,,,,1.5532842874526978,,,,,,,,,,,
399,56739,,,,,1.4495002031326294,,,,,,,,,,,
399,56749,,,,,1.1220349073410034,,,,,,,,,,,
399,56759,,,,,1.3940173387527466,,,,,,,,,,,
399,56769,,,,,1.609028935432434,,,,,,,,,,,
399,56779,,,,,1.2953671216964722,,,,,,,,,,,
399,56789,,,,,1.4881319999694824,,,,,,,,,,,
399,56799,,,,,1.58076012134552,,,,,,,,,,,
399,399,,,0.9923068284988403,0.560452938079834,,,1.1011148078233786,0.702592134475708,,0.8888959884643555,,0.23641757667064667,,3.5986718118798975,,0.26947852969169617
399,56799,,,,,,,,,0.8888959884643555,,0.23641757667064667,,3.5986721515655518,,0.26947852969169617,
399,399,16.68606186408603,93.89454367152008,,,,,,,,,,,,,,
399,56799,,,,,,1.3665162324905396,,,,,,,,,,
400,56809,,,,,1.4051635265350342,,,,,,,,,,,
400,56819,,,,,1.282073974609375,,,,,,,,,,,
400,56829,,,,,1.186648964881897,,,,,,,,,,,
400,56839,,,,,1.5448112487792969,,,,,,,,,,,
400,56849,,,,,1.240904450416565,,,,,,,,,,,
400,56859,,,,,1.2831170558929443,,,,,,,,,,,
400,56869,,,,,1.3441802263259888,,,,,,,,,,,
400,56879,,,,,1.427736759185791,,,,,,,,,,,
400,56889,,,,,1.4119040966033936,,,,,,,,,,,
400,56899,,,,,1.098197102546692,,,,,,,,,,,
400,56909,,,,,1.3843863010406494,,,,,,,,,,,
400,56919,,,,,1.3534581661224365,,,,,,,,,,,
400,56929,,,,,1.4267845153808594,,,,,,,,,,,
400,56939,,,,,1.2843191623687744,,,,,,,,,,,
400,400,17.51773850376725,93.90333762799843,,,,,,,,,,,,,,
400,56941,,,,,,1.3602193593978882,,,,,,,,,,
401,56949,,,,,1.341908574104309,,,,,,,,,,,
401,56959,,,,,1.47095787525177,,,,,,,,,,,
401,56969,,,,,1.2084633111953735,,,,,,,,,,,
401,56979,,,,,1.3104498386383057,,,,,,,,,,,
401,56989,,,,,1.32654869556427,,,,,,,,,,,
401,56999,,,,,1.1637126207351685,,,,,,,,,,,
401,57009,,,,,1.3782789707183838,,,,,,,,,,,
401,57019,,,,,1.2553825378417969,,,,,,,,,,,
401,57029,,,,,1.5012431144714355,,,,,,,,,,,
401,57039,,,,,1.502492070198059,,,,,,,,,,,
401,57049,,,,,1.3703527450561523,,,,,,,,,,,
401,57059,,,,,1.4848624467849731,,,,,,,,,,,
401,57069,,,,,1.2972931861877441,,,,,,,,,,,
401,57079,,,,,1.4622421264648438,,,,,,,,,,,
401,401,14.972675465666024,93.91159812069327,,,,,,,,,,,,,,
401,57083,,,,,,1.3629255294799805,,,,,,,,,,
402,57089,,,,,1.3862745761871338,,,,,,,,,,,
402,57099,,,,,1.4509243965148926,,,,,,,,,,,
402,57109,,,,,1.119936466217041,,,,,,,,,,,
402,57119,,,,,1.5583726167678833,,,,,,,,,,,
402,57129,,,,,1.347170352935791,,,,,,,,,,,
402,57139,,,,,1.3099803924560547,,,,,,,,,,,
402,57149,,,,,1.2326515913009644,,,,,,,,,,,
402,57159,,,,,1.6019747257232666,,,,,,,,,,,
402,57169,,,,,1.3017395734786987,,,,,,,,,,,
402,57179,,,,,1.3791040182113647,,,,,,,,,,,
402,57189,,,,,1.2557517290115356,,,,,,,,,,,
402,57199,,,,,1.373610258102417,,,,,,,,,,,
402,57209,,,,,1.4411026239395142,,,,,,,,,,,
402,57219,,,,,1.1379677057266235,,,,,,,,,,,
402,402,15.346769363705807,93.9194481137912,,,,,,,,,,,,,,
402,57225,,,,,,1.360705852508545,,,,,,,,,,
403,57229,,,,,1.2560759782791138,,,,,,,,,,,
403,57239,,,,,1.2607909440994263,,,,,,,,,,,
403,57249,,,,,1.5082634687423706,,,,,,,,,,,
403,57259,,,,,1.2470141649246216,,,,,,,,,,,
403,57269,,,,,1.162459135055542,,,,,,,,,,,
403,57279,,,,,1.2120563983917236,,,,,,,,,,,
403,57289,,,,,1.1316746473312378,,,,,,,,,,,
403,57299,,,,,1.4000343084335327,,,,,,,,,,,
403,57309,,,,,1.3361361026763916,,,,,,,,,,,
403,57319,,,,,1.3942028284072876,,,,,,,,,,,
403,57329,,,,,1.276559591293335,,,,,,,,,,,
403,57339,,,,,1.3491864204406738,,,,,,,,,,,
403,57349,,,,,1.503339171409607,,,,,,,,,,,
403,57359,,,,,1.5000702142715454,,,,,,,,,,,
403,403,15.98653645516274,93.92754641318892,,,,,,,,,,,,,,
403,57367,,,,,,1.3482447862625122,,,,,,,,,,
404,57369,,,,,1.2502678632736206,,,,,,,,,,,
404,57379,,,,,1.4424608945846558,,,,,,,,,,,
404,57389,,,,,1.3065491914749146,,,,,,,,,,,
404,57399,,,,,1.3664753437042236,,,,,,,,,,,
404,57409,,,,,1.5471924543380737,,,,,,,,,,,
404,57419,,,,,1.5554494857788086,,,,,,,,,,,
404,57429,,,,,1.3723812103271484,,,,,,,,,,,
404,57439,,,,,1.4603968858718872,,,,,,,,,,,
404,57449,,,,,1.177483320236206,,,,,,,,,,,
404,57459,,,,,1.3696426153182983,,,,,,,,,,,
404,57469,,,,,1.2642810344696045,,,,,,,,,,,
404,57479,,,,,1.437981367111206,,,,,,,,,,,
404,57489,,,,,1.2440357208251953,,,,,,,,,,,
404,57499,,,,,1.2927024364471436,,,,,,,,,,,
404,57509,,,,,1.3615642786026,,,,,,,,,,,
404,404,15.328168567404953,93.93578549922513,,,,,,,,,,,,,,
404,57509,,,,,,1.3523977994918823,,,,,,,,,,
405,57519,,,,,1.5041460990905762,,,,,,,,,,,
405,57529,,,,,1.1785104274749756,,,,,,,,,,,
405,57539,,,,,1.4735784530639648,,,,,,,,,,,
405,57549,,,,,1.337319254875183,,,,,,,,,,,
405,57559,,,,,1.3271563053131104,,,,,,,,,,,
405,57569,,,,,1.4107105731964111,,,,,,,,,,,
405,57579,,,,,1.3566220998764038,,,,,,,,,,,
405,57589,,,,,1.1807961463928223,,,,,,,,,,,
405,57599,,,,,1.3941826820373535,,,,,,,,,,,
405,57609,,,,,1.2473435401916504,,,,,,,,,,,
405,57619,,,,,1.5936450958251953,,,,,,,,,,,
405,57629,,,,,1.3542766571044922,,,,,,,,,,,
405,57639,,,,,1.3047066926956177,,,,,,,,,,,
405,57649,,,,,1.281197190284729,,,,,,,,,,,
405,405,15.922482438838317,93.94422474224885,,,,,,,,,,,,,,
405,57651,,,,,,1.3482613563537598,,,,,,,,,,
406,57659,,,,,1.3549093008041382,,,,,,,,,,,
406,57669,,,,,1.3147486448287964,,,,,,,,,,,
406,57679,,,,,1.3220356702804565,,,,,,,,,,,
406,57689,,,,,1.5012258291244507,,,,,,,,,,,
406,57699,,,,,1.318023443222046,,,,,,,,,,,
406,57709,,,,,1.3353793621063232,,,,,,,,,,,
406,57719,,,,,1.301336646080017,,,,,,,,,,,
406,57729,,,,,1.2057666778564453,,,,,,,,,,,
406,57739,,,,,1.2718709707260132,,,,,,,,,,,
406,57749,,,,,1.2856338024139404,,,,,,,,,,,
406,57759,,,,,1.3072689771652222,,,,,,,,,,,
406,57769,,,,,1.280213713645935,,,,,,,,,,,
406,57779,,,,,1.274159550666809,,,,,,,,,,,
406,57789,,,,,1.3504507541656494,,,,,,,,,,,
406,406,16.08059700929502,93.95212551210537,,,,,,,,,,,,,,
406,57793,,,,,,1.338801383972168,,,,,,,,,,
407,57799,,,,,1.406069040298462,,,,,,,,,,,
407,57809,,,,,1.1340223550796509,,,,,,,,,,,
407,57819,,,,,1.3825798034667969,,,,,,,,,,,
407,57829,,,,,1.099888563156128,,,,,,,,,,,
407,57839,,,,,1.4121978282928467,,,,,,,,,,,
407,57849,,,,,1.2608197927474976,,,,,,,,,,,
407,57859,,,,,1.0654979944229126,,,,,,,,,,,
407,57869,,,,,1.5288418531417847,,,,,,,,,,,
407,57879,,,,,1.2480664253234863,,,,,,,,,,,
407,57889,,,,,1.2766278982162476,,,,,,,,,,,
407,57899,,,,,1.2512391805648804,,,,,,,,,,,
407,57909,,,,,1.3745132684707642,,,,,,,,,,,
407,57919,,,,,1.3524693250656128,,,,,,,,,,,
407,57929,,,,,1.5446621179580688,,,,,,,,,,,
407,407,15.204701093884914,93.9606008325767,,,,,,,,,,,,,,
407,57935,,,,,,1.3383293151855469,,,,,,,,,,
408,57939,,,,,1.3895604610443115,,,,,,,,,,,
408,57949,,,,,1.597541332244873,,,,,,,,,,,
408,57959,,,,,1.166330099105835,,,,,,,,,,,
408,57969,,,,,1.2312202453613281,,,,,,,,,,,
408,57979,,,,,1.2159417867660522,,,,,,,,,,,
408,57989,,,,,1.3228318691253662,,,,,,,,,,,
408,57999,,,,,1.3900604248046875,,,,,,,,,,,
408,58009,,,,,1.2897589206695557,,,,,,,,,,,
408,58019,,,,,1.5147849321365356,,,,,,,,,,,
408,58029,,,,,1.5247082710266113,,,,,,,,,,,
408,58039,,,,,1.300315260887146,,,,,,,,,,,
408,58049,,,,,1.2004525661468506,,,,,,,,,,,
408,58059,,,,,1.2251273393630981,,,,,,,,,,,
408,58069,,,,,1.4971134662628174,,,,,,,,,,,
408,408,14.92430305621278,93.96896699796501,,,,,,,,,,,,,,
408,58077,,,,,,1.3374979496002197,,,,,,,,,,
409,58079,,,,,1.4518762826919556,,,,,,,,,,,
409,58089,,,,,1.1886440515518188,,,,,,,,,,,
409,58099,,,,,1.456044316291809,,,,,,,,,,,
409,58109,,,,,1.3147497177124023,,,,,,,,,,,
409,58119,,,,,1.338280439376831,,,,,,,,,,,
409,58129,,,,,1.1678301095962524,,,,,,,,,,,
409,58139,,,,,1.186614751815796,,,,,,,,,,,
409,58149,,,,,1.3495748043060303,,,,,,,,,,,
409,58159,,,,,1.0823140144348145,,,,,,,,,,,
409,58169,,,,,1.235683798789978,,,,,,,,,,,
409,58179,,,,,1.4459186792373657,,,,,,,,,,,
409,58189,,,,,1.2737128734588623,,,,,,,,,,,
409,58199,,,,,1.4058194160461426,,,,,,,,,,,
409,58209,,,,,1.491200566291809,,,,,,,,,,,
409,58219,,,,,1.5145713090896606,,,,,,,,,,,
409,409,,,0.9928308129310608,0.5679351687431335,,,1.0692556072092496,0.715169370174408,,0.888336181640625,,0.23523172736167908,,3.6731056221285643,,0.2695700526237488
409,58219,,,,,,,,,0.888336181640625,,0.23523172736167908,,3.673104763031006,,0.2695700526237488,
409,409,14.492751346583272,93.97714108962786,,,,,,,,,,,,,,
409,58219,,,,,,1.3348369598388672,,,,,,,,,,
410,58229,,,,,1.1507457494735718,,,,,,,,,,,
410,58239,,,,,1.5031585693359375,,,,,,,,,,,
410,58249,,,,,1.2513705492019653,,,,,,,,,,,
410,58259,,,,,1.3205703496932983,,,,,,,,,,,
410,58269,,,,,1.5224111080169678,,,,,,,,,,,
410,58279,,,,,1.3325730562210083,,,,,,,,,,,
410,58289,,,,,1.304616093635559,,,,,,,,,,,
410,58299,,,,,1.4376248121261597,,,,,,,,,,,
410,58309,,,,,1.1935758590698242,,,,,,,,,,,
410,58319,,,,,1.2424743175506592,,,,,,,,,,,
410,58329,,,,,1.4186286926269531,,,,,,,,,,,
410,58339,,,,,1.3083351850509644,,,,,,,,,,,
410,58349,,,,,1.308516025543213,,,,,,,,,,,
410,58359,,,,,1.4613919258117676,,,,,,,,,,,
410,410,16.169227862110436,93.98495587797855,,,,,,,,,,,,,,
410,58361,,,,,,1.3287842273712158,,,,,,,,,,
411,58369,,,,,1.3403011560440063,,,,,,,,,,,
411,58379,,,,,1.4075158834457397,,,,,,,,,,,
411,58389,,,,,1.481031894683838,,,,,,,,,,,
411,58399,,,,,1.1490226984024048,,,,,,,,,,,
411,58409,,,,,1.3559106588363647,,,,,,,,,,,
411,58419,,,,,1.605237364768982,,,,,,,,,,,
411,58429,,,,,1.3645579814910889,,,,,,,,,,,
411,58439,,,,,1.2918893098831177,,,,,,,,,,,
411,58449,,,,,1.073777437210083,,,,,,,,,,,
411,58459,,,,,1.2723631858825684,,,,,,,,,,,
411,58469,,,,,1.398024559020996,,,,,,,,,,,
411,58479,,,,,1.3049263954162598,,,,,,,,,,,
411,58489,,,,,1.386271595954895,,,,,,,,,,,
411,58499,,,,,1.4709140062332153,,,,,,,,,,,
411,411,16.38248700775177,93.99289481512325,,,,,,,,,,,,,,
411,58503,,,,,,1.3243955373764038,,,,,,,,,,
412,58509,,,,,1.1941132545471191,,,,,,,,,,,
412,58519,,,,,1.1735718250274658,,,,,,,,,,,
412,58529,,,,,1.1444246768951416,,,,,,,,,,,
412,58539,,,,,1.3488523960113525,,,,,,,,,,,
412,58549,,,,,1.371412992477417,,,,,,,,,,,
412,58559,,,,,1.2340352535247803,,,,,,,,,,,
412,58569,,,,,1.1737035512924194,,,,,,,,,,,
412,58579,,,,,1.276481032371521,,,,,,,,,,,
412,58589,,,,,1.3628536462783813,,,,,,,,,,,
412,58599,,,,,1.3833043575286865,,,,,,,,,,,
412,58609,,,,,1.429342269897461,,,,,,,,,,,
412,58619,,,,,1.3641020059585571,,,,,,,,,,,
412,58629,,,,,1.0711604356765747,,,,,,,,,,,
412,58639,,,,,1.3995095491409302,,,,,,,,,,,
412,412,14.037841822068275,94.00136192121656,,,,,,,,,,,,,,
412,58645,,,,,,1.3212987184524536,,,,,,,,,,
413,58649,,,,,1.3347610235214233,,,,,,,,,,,
413,58659,,,,,1.090448260307312,,,,,,,,,,,
413,58669,,,,,1.3869036436080933,,,,,,,,,,,
413,58679,,,,,1.2223259210586548,,,,,,,,,,,
413,58689,,,,,1.2837013006210327,,,,,,,,,,,
413,58699,,,,,1.312019944190979,,,,,,,,,,,
413,58709,,,,,1.418548345565796,,,,,,,,,,,
413,58719,,,,,1.337764859199524,,,,,,,,,,,
413,58729,,,,,1.1980719566345215,,,,,,,,,,,
413,58739,,,,,1.319901704788208,,,,,,,,,,,
413,58749,,,,,1.17227303981781,,,,,,,,,,,
413,58759,,,,,1.2975034713745117,,,,,,,,,,,
413,58769,,,,,1.162104845046997,,,,,,,,,,,
413,58779,,,,,1.1123967170715332,,,,,,,,,,,
413,413,14.819317859920844,94.00964579114247,,,,,,,,,,,,,,
413,58787,,,,,,1.3181445598602295,,,,,,,,,,
414,58789,,,,,1.2664538621902466,,,,,,,,,,,
414,58799,,,,,1.3766522407531738,,,,,,,,,,,
414,58809,,,,,1.3199942111968994,,,,,,,,,,,
414,58819,,,,,1.399425983428955,,,,,,,,,,,
414,58829,,,,,1.4037774801254272,,,,,,,,,,,
414,58839,,,,,1.2137101888656616,,,,,,,,,,,
414,58849,,,,,1.4582313299179077,,,,,,,,,,,
414,58859,,,,,1.184213638305664,,,,,,,,,,,
414,58869,,,,,1.1387193202972412,,,,,,,,,,,
414,58879,,,,,1.1727381944656372,,,,,,,,,,,
414,58889,,,,,1.355739712715149,,,,,,,,,,,
414,58899,,,,,1.0282478332519531,,,,,,,,,,,
414,58909,,,,,1.2082254886627197,,,,,,,,,,,
414,58919,,,,,1.4551342725753784,,,,,,,,,,,
414,58929,,,,,1.6172055006027222,,,,,,,,,,,
414,414,14.878066136560228,94.01822978662763,,,,,,,,,,,,,,
414,58929,,,,,,1.3199113607406616,,,,,,,,,,
415,58939,,,,,1.2095245122909546,,,,,,,,,,,
415,58949,,,,,1.3516837358474731,,,,,,,,,,,
415,58959,,,,,1.466086983680725,,,,,,,,,,,
415,58969,,,,,1.5969488620758057,,,,,,,,,,,
415,58979,,,,,1.4837419986724854,,,,,,,,,,,
415,58989,,,,,1.4345542192459106,,,,,,,,,,,
415,58999,,,,,1.377860188484192,,,,,,,,,,,
415,59009,,,,,1.4044911861419678,,,,,,,,,,,
415,59019,,,,,1.3712239265441895,,,,,,,,,,,
415,59029,,,,,1.4184907674789429,,,,,,,,,,,
415,59039,,,,,1.1335618495941162,,,,,,,,,,,
415,59049,,,,,1.0974748134613037,,,,,,,,,,,
415,59059,,,,,1.3581836223602295,,,,,,,,,,,
415,59069,,,,,1.0866466760635376,,,,,,,,,,,
415,415,16.780361741372634,94.02619640669865,,,,,,,,,,,,,,
415,59071,,,,,,1.3118222951889038,,,,,,,,,,
416,59079,,,,,1.3931916952133179,,,,,,,,,,,
416,59089,,,,,1.3645986318588257,,,,,,,,,,,
416,59099,,,,,1.2621691226959229,,,,,,,,,,,
416,59109,,,,,1.06847083568573,,,,,,,,,,,
416,59119,,,,,1.1892967224121094,,,,,,,,,,,
416,59129,,,,,1.1881332397460938,,,,,,,,,,,
416,59139,,,,,1.4675909280776978,,,,,,,,,,,
416,59149,,,,,1.2944583892822266,,,,,,,,,,,
416,59159,,,,,1.4716171026229858,,,,,,,,,,,
416,59169,,,,,1.3420530557632446,,,,,,,,,,,
416,59179,,,,,1.4708950519561768,,,,,,,,,,,
416,59189,,,,,1.3690470457077026,,,,,,,,,,,
416,59199,,,,,1.3546926975250244,,,,,,,,,,,
416,59209,,,,,1.1148290634155273,,,,,,,,,,,
416,416,16.935961987382825,94.03398546656851,,,,,,,,,,,,,,
416,59213,,,,,,1.3157111406326294,,,,,,,,,,
417,59219,,,,,1.2042404413223267,,,,,,,,,,,
417,59229,,,,,1.308541178703308,,,,,,,,,,,
417,59239,,,,,1.309552550315857,,,,,,,,,,,
417,59249,,,,,1.24490487575531,,,,,,,,,,,
417,59259,,,,,1.3563467264175415,,,,,,,,,,,
417,59269,,,,,1.4999831914901733,,,,,,,,,,,
417,59279,,,,,1.3854871988296509,,,,,,,,,,,
417,59289,,,,,0.9612329602241516,,,,,,,,,,,
417,59299,,,,,1.4298173189163208,,,,,,,,,,,
417,59309,,,,,1.0909695625305176,,,,,,,,,,,
417,59319,,,,,1.3551113605499268,,,,,,,,,,,
417,59329,,,,,1.3575985431671143,,,,,,,,,,,
417,59339,,,,,1.1691261529922485,,,,,,,,,,,
417,59349,,,,,1.3699675798416138,,,,,,,,,,,
417,417,15.846861432408753,94.04201632362388,,,,,,,,,,,,,,
417,59355,,,,,,1.3083468675613403,,,,,,,,,,
418,59359,,,,,1.2071058750152588,,,,,,,,,,,
418,59369,,,,,1.2949628829956055,,,,,,,,,,,
418,59379,,,,,1.3114656209945679,,,,,,,,,,,
418,59389,,,,,1.32600736618042,,,,,,,,,,,
418,59399,,,,,1.1320151090621948,,,,,,,,,,,
418,59409,,,,,1.4083279371261597,,,,,,,,,,,
418,59419,,,,,1.3237429857254028,,,,,,,,,,,
418,59429,,,,,1.4297518730163574,,,,,,,,,,,
418,59439,,,,,1.3608046770095825,,,,,,,,,,,
418,59449,,,,,1.5555263757705688,,,,,,,,,,,
418,59459,,,,,1.244608998298645,,,,,,,,,,,
418,59469,,,,,1.2982428073883057,,,,,,,,,,,
418,59479,,,,,1.3183257579803467,,,,,,,,,,,
418,59489,,,,,1.315244436264038,,,,,,,,,,,
418,418,16.380851236518613,94.05005187071046,,,,,,,,,,,,,,
418,59497,,,,,,1.3053624629974365,,,,,,,,,,
419,59499,,,,,1.3664268255233765,,,,,,,,,,,
419,59509,,,,,1.2243636846542358,,,,,,,,,,,
419,59519,,,,,1.163064956665039,,,,,,,,,,,
419,59529,,,,,1.2121238708496094,,,,,,,,,,,
419,59539,,,,,1.393298625946045,,,,,,,,,,,
419,59549,,,,,1.334908127784729,,,,,,,,,,,
419,59559,,,,,1.4728264808654785,,,,,,,,,,,
419,59569,,,,,1.165147304534912,,,,,,,,,,,
419,59579,,,,,1.4114786386489868,,,,,,,,,,,
419,59589,,,,,1.1296175718307495,,,,,,,,,,,
419,59599,,,,,1.3002588748931885,,,,,,,,,,,
419,59609,,,,,1.264761209487915,,,,,,,,,,,
419,59619,,,,,1.5500866174697876,,,,,,,,,,,
419,59629,,,,,1.1604156494140625,,,,,,,,,,,
419,59639,,,,,1.5575798749923706,,,,,,,,,,,
419,419,,,0.9933286309242249,0.5668720602989197,,,1.05819626935064,0.7239078879356384,,0.8885989189147949,,0.22922025620937347,,3.7443530456143983,,0.2717692255973816
419,59639,,,,,,,,,0.8885989189147949,,0.22922025620937347,,3.7443530559539795,,0.2717692255973816,
419,419,16.44625757488022,94.05804413306562,,,,,,,,,,,,,,
419,59639,,,,,,1.3026845455169678,,,,,,,,,,
420,59649,,,,,1.3098373413085938,,,,,,,,,,,
420,59659,,,,,1.261617660522461,,,,,,,,,,,
420,59669,,,,,1.2233425378799438,,,,,,,,,,,
420,59679,,,,,1.2509055137634277,,,,,,,,,,,
420,59689,,,,,1.2540645599365234,,,,,,,,,,,
420,59699,,,,,1.0759685039520264,,,,,,,,,,,
420,59709,,,,,1.3489831686019897,,,,,,,,,,,
420,59719,,,,,1.179922103881836,,,,,,,,,,,
420,59729,,,,,1.3871880769729614,,,,,,,,,,,
420,59739,,,,,1.2484233379364014,,,,,,,,,,,
420,59749,,,,,1.252821445465088,,,,,,,,,,,
420,59759,,,,,1.3291642665863037,,,,,,,,,,,
420,59769,,,,,1.1261277198791504,,,,,,,,,,,
420,59779,,,,,1.2216475009918213,,,,,,,,,,,
420,420,17.911664548685135,94.06638507957365,,,,,,,,,,,,,,
420,59781,,,,,,1.2941563129425049,,,,,,,,,,
421,59789,,,,,1.2142369747161865,,,,,,,,,,,
421,59799,,,,,1.4569576978683472,,,,,,,,,,,
421,59809,,,,,1.1973130702972412,,,,,,,,,,,
421,59819,,,,,1.168702244758606,,,,,,,,,,,
421,59829,,,,,1.1383150815963745,,,,,,,,,,,
421,59839,,,,,1.2978358268737793,,,,,,,,,,,
421,59849,,,,,1.1662770509719849,,,,,,,,,,,
421,59859,,,,,1.1989161968231201,,,,,,,,,,,
421,59869,,,,,1.4505831003189087,,,,,,,,,,,
421,59879,,,,,1.1193336248397827,,,,,,,,,,,
421,59889,,,,,1.2868614196777344,,,,,,,,,,,
421,59899,,,,,1.3510470390319824,,,,,,,,,,,
421,59909,,,,,1.3640248775482178,,,,,,,,,,,
421,59919,,,,,1.68171226978302,,,,,,,,,,,
421,421,15.599183675270094,94.07498518164464,,,,,,,,,,,,,,
421,59923,,,,,,1.2930914163589478,,,,,,,,,,
422,59929,,,,,1.3053207397460938,,,,,,,,,,,
422,59939,,,,,1.448100209236145,,,,,,,,,,,
422,59949,,,,,1.2541123628616333,,,,,,,,,,,
422,59959,,,,,1.349316120147705,,,,,,,,,,,
422,59969,,,,,1.4936226606369019,,,,,,,,,,,
422,59979,,,,,1.1665096282958984,,,,,,,,,,,
422,59989,,,,,1.2187429666519165,,,,,,,,,,,
422,59999,,,,,1.1045609712600708,,,,,,,,,,,
422,60009,,,,,1.0491927862167358,,,,,,,,,,,
422,60019,,,,,1.417195200920105,,,,,,,,,,,
422,60029,,,,,1.2056605815887451,,,,,,,,,,,
422,60039,,,,,1.2937959432601929,,,,,,,,,,,
422,60049,,,,,1.3898059129714966,,,,,,,,,,,
422,60059,,,,,1.2071723937988281,,,,,,,,,,,
422,422,15.726581607057746,94.08367760022422,,,,,,,,,,,,,,
422,60065,,,,,,1.290195345878601,,,,,,,,,,
423,60069,,,,,1.4622448682785034,,,,,,,,,,,
423,60079,,,,,1.3490688800811768,,,,,,,,,,,
423,60089,,,,,1.2342817783355713,,,,,,,,,,,
423,60099,,,,,1.1145156621932983,,,,,,,,,,,
423,60109,,,,,1.1204264163970947,,,,,,,,,,,
423,60119,,,,,1.0790774822235107,,,,,,,,,,,
423,60129,,,,,1.2356183528900146,,,,,,,,,,,
423,60139,,,,,1.3264080286026,,,,,,,,,,,
423,60149,,,,,1.2471858263015747,,,,,,,,,,,
423,60159,,,,,1.3997262716293335,,,,,,,,,,,
423,60169,,,,,1.317158818244934,,,,,,,,,,,
423,60179,,,,,1.345715045928955,,,,,,,,,,,
423,60189,,,,,1.3998394012451172,,,,,,,,,,,
423,60199,,,,,1.2128338813781738,,,,,,,,,,,
423,423,14.977628787019475,94.09168404699209,,,,,,,,,,,,,,
423,60207,,,,,,1.290865421295166,,,,,,,,,,
424,60209,,,,,1.433229684829712,,,,,,,,,,,
424,60219,,,,,1.0497418642044067,,,,,,,,,,,
424,60229,,,,,1.243580937385559,,,,,,,,,,,
424,60239,,,,,1.1577725410461426,,,,,,,,,,,
424,60249,,,,,1.2967394590377808,,,,,,,,,,,
424,60259,,,,,1.1595468521118164,,,,,,,,,,,
424,60269,,,,,0.983113169670105,,,,,,,,,,,
424,60279,,,,,1.3448189496994019,,,,,,,,,,,
424,60289,,,,,1.3005460500717163,,,,,,,,,,,
424,60299,,,,,1.5042921304702759,,,,,,,,,,,
424,60309,,,,,1.3791824579238892,,,,,,,,,,,
424,60319,,,,,1.2885109186172485,,,,,,,,,,,
424,60329,,,,,1.2406034469604492,,,,,,,,,,,
424,60339,,,,,1.3680236339569092,,,,,,,,,,,
424,60349,,,,,1.428915023803711,,,,,,,,,,,
424,424,14.831647695276793,94.10030819923527,,,,,,,,,,,,,,
424,60349,,,,,,1.2803713083267212,,,,,,,,,,
425,60359,,,,,1.333019495010376,,,,,,,,,,,
425,60369,,,,,1.3681981563568115,,,,,,,,,,,
425,60379,,,,,1.3915494680404663,,,,,,,,,,,
425,60389,,,,,1.2189037799835205,,,,,,,,,,,
425,60399,,,,,1.2275526523590088,,,,,,,,,,,
425,60409,,,,,1.4507436752319336,,,,,,,,,,,
425,60419,,,,,1.3510910272598267,,,,,,,,,,,
425,60429,,,,,1.2004978656768799,,,,,,,,,,,
425,60439,,,,,1.2643886804580688,,,,,,,,,,,
425,60449,,,,,1.3275947570800781,,,,,,,,,,,
425,60459,,,,,1.2773957252502441,,,,,,,,,,,
425,60469,,,,,1.1889253854751587,,,,,,,,,,,
425,60479,,,,,1.3759247064590454,,,,,,,,,,,
425,60489,,,,,1.3230619430541992,,,,,,,,,,,
425,425,16.45892007100519,94.10848037874439,,,,,,,,,,,,,,
425,60491,,,,,,1.2858492136001587,,,,,,,,,,
426,60499,,,,,1.1801851987838745,,,,,,,,,,,
426,60509,,,,,1.3760731220245361,,,,,,,,,,,
426,60519,,,,,1.3256635665893555,,,,,,,,,,,
426,60529,,,,,1.1667345762252808,,,,,,,,,,,
426,60539,,,,,1.2373697757720947,,,,,,,,,,,
426,60549,,,,,1.361257553100586,,,,,,,,,,,
426,60559,,,,,1.3127225637435913,,,,,,,,,,,
426,60569,,,,,1.264892339706421,,,,,,,,,,,
426,60579,,,,,1.3192009925842285,,,,,,,,,,,
426,60589,,,,,1.2072993516921997,,,,,,,,,,,
426,60599,,,,,1.1902713775634766,,,,,,,,,,,
426,60609,,,,,1.2766990661621094,,,,,,,,,,,
426,60619,,,,,1.2125855684280396,,,,,,,,,,,
426,60629,,,,,1.3553359508514404,,,,,,,,,,,
426,426,15.681110601785646,94.1169343132622,,,,,,,,,,,,,,
426,60633,,,,,,1.2762399911880493,,,,,,,,,,
427,60639,,,,,1.2202380895614624,,,,,,,,,,,
427,60649,,,,,1.2809951305389404,,,,,,,,,,,
427,60659,,,,,1.2852953672409058,,,,,,,,,,,
427,60669,,,,,1.3061561584472656,,,,,,,,,,,
427,60679,,,,,1.3550214767456055,,,,,,,,,,,
427,60689,,,,,1.1999194622039795,,,,,,,,,,,
427,60699,,,,,1.169182300567627,,,,,,,,,,,
427,60709,,,,,1.4734389781951904,,,,,,,,,,,
427,60719,,,,,1.2907558679580688,,,,,,,,,,,
427,60729,,,,,1.1161929368972778,,,,,,,,,,,
427,60739,,,,,1.1688531637191772,,,,,,,,,,,
427,60749,,,,,1.3374879360198975,,,,,,,,,,,
427,60759,,,,,1.2606456279754639,,,,,,,,,,,
427,60769,,,,,1.2593249082565308,,,,,,,,,,,
427,427,16.807916760686613,94.12492682908317,,,,,,,,,,,,,,
427,60775,,,,,,1.27637779712677,,,,,,,,,,
428,60779,,,,,1.3883410692214966,,,,,,,,,,,
428,60789,,,,,1.2602307796478271,,,,,,,,,,,
428,60799,,,,,1.2138934135437012,,,,,,,,,,,
428,60809,,,,,1.241628885269165,,,,,,,,,,,
428,60819,,,,,1.3630807399749756,,,,,,,,,,,
428,60829,,,,,1.2373014688491821,,,,,,,,,,,
428,60839,,,,,1.252685785293579,,,,,,,,,,,
428,60849,,,,,1.304079532623291,,,,,,,,,,,
428,60859,,,,,1.3281713724136353,,,,,,,,,,,
428,60869,,,,,1.2259193658828735,,,,,,,,,,,
428,60879,,,,,1.3444329500198364,,,,,,,,,,,
428,60889,,,,,1.0600240230560303,,,,,,,,,,,
428,60899,,,,,1.3236892223358154,,,,,,,,,,,
428,60909,,,,,1.646456241607666,,,,,,,,,,,
428,428,16.11730838076788,94.13329744207812,,,,,,,,,,,,,,
428,60917,,,,,,1.2686457633972168,,,,,,,,,,
429,60919,,,,,1.1417838335037231,,,,,,,,,,,
429,60929,,,,,1.1679190397262573,,,,,,,,,,,
429,60939,,,,,1.1195275783538818,,,,,,,,,,,
429,60949,,,,,1.2520837783813477,,,,,,,,,,,
429,60959,,,,,1.0361324548721313,,,,,,,,,,,
429,60969,,,,,1.3680150508880615,,,,,,,,,,,
429,60979,,,,,1.102934718132019,,,,,,,,,,,
429,60989,,,,,1.173187494277954,,,,,,,,,,,
429,60999,,,,,1.4134167432785034,,,,,,,,,,,
429,61009,,,,,1.1314289569854736,,,,,,,,,,,
429,61019,,,,,1.1621428728103638,,,,,,,,,,,
429,61029,,,,,1.0822926759719849,,,,,,,,,,,
429,61039,,,,,1.200086236000061,,,,,,,,,,,
429,61049,,,,,1.071730375289917,,,,,,,,,,,
429,61059,,,,,1.0492336750030518,,,,,,,,,,,
429,429,,,0.9938414692878723,0.5912047028541565,,,1.0104890449261683,0.7388609647750854,,0.8899735808372498,,0.23752516508102417,,3.75287347879945,,0.2720623314380646
429,61059,,,,,,,,,0.8899735808372498,,0.23752516508102417,,3.752873659133911,,0.2720623314380646,
429,429,15.08718300773669,94.14170477719665,,,,,,,,,,,,,,
429,61059,,,,,,1.2637954950332642,,,,,,,,,,
430,61069,,,,,1.5020825862884521,,,,,,,,,,,
430,61079,,,,,1.3640308380126953,,,,,,,,,,,
430,61089,,,,,1.1848455667495728,,,,,,,,,,,
430,61099,,,,,1.185996174812317,,,,,,,,,,,
430,61109,,,,,1.2259671688079834,,,,,,,,,,,
430,61119,,,,,1.1800024509429932,,,,,,,,,,,
430,61129,,,,,1.4621453285217285,,,,,,,,,,,
430,61139,,,,,1.2441281080245972,,,,,,,,,,,
430,61149,,,,,1.2479099035263062,,,,,,,,,,,
430,61159,,,,,1.3394279479980469,,,,,,,,,,,
430,61169,,,,,1.3685815334320068,,,,,,,,,,,
430,61179,,,,,1.1315969228744507,,,,,,,,,,,
430,61189,,,,,1.1199795007705688,,,,,,,,,,,
430,61199,,,,,1.1544826030731201,,,,,,,,,,,
430,430,15.490446517734167,94.14919256686292,,,,,,,,,,,,,,
430,61201,,,,,,1.2630090713500977,,,,,,,,,,
431,61209,,,,,1.291127324104309,,,,,,,,,,,
431,61219,,,,,1.2046000957489014,,,,,,,,,,,
431,61229,,,,,1.1545815467834473,,,,,,,,,,,
431,61239,,,,,1.2974772453308105,,,,,,,,,,,
431,61249,,,,,1.437756896018982,,,,,,,,,,,
431,61259,,,,,1.1854746341705322,,,,,,,,,,,
431,61269,,,,,1.0380445718765259,,,,,,,,,,,
431,61279,,,,,1.4242053031921387,,,,,,,,,,,
431,61289,,,,,1.2302930355072021,,,,,,,,,,,
431,61299,,,,,1.3031758069992065,,,,,,,,,,,
431,61309,,,,,1.1901438236236572,,,,,,,,,,,
431,61319,,,,,1.180719017982483,,,,,,,,,,,
431,61329,,,,,1.093380331993103,,,,,,,,,,,
431,61339,,,,,1.2478482723236084,,,,,,,,,,,
431,431,14.464459154490362,94.15737506675205,,,,,,,,,,,,,,
431,61343,,,,,,1.2600910663604736,,,,,,,,,,
432,61349,,,,,1.197465181350708,,,,,,,,,,,
432,61359,,,,,1.0172725915908813,,,,,,,,,,,
432,61369,,,,,1.3926299810409546,,,,,,,,,,,
432,61379,,,,,1.3175997734069824,,,,,,,,,,,
432,61389,,,,,1.1803436279296875,,,,,,,,,,,
432,61399,,,,,1.4978106021881104,,,,,,,,,,,
432,61409,,,,,1.129721999168396,,,,,,,,,,,
432,61419,,,,,1.2757712602615356,,,,,,,,,,,
432,61429,,,,,1.186204195022583,,,,,,,,,,,
432,61439,,,,,1.2197810411453247,,,,,,,,,,,
432,61449,,,,,1.3903976678848267,,,,,,,,,,,
432,61459,,,,,1.4481571912765503,,,,,,,,,,,
432,61469,,,,,1.293557047843933,,,,,,,,,,,
432,61479,,,,,1.2245534658432007,,,,,,,,,,,
432,432,14.809998719419319,94.16594601009254,,,,,,,,,,,,,,
432,61485,,,,,,1.2552680969238281,,,,,,,,,,
433,61489,,,,,1.2141780853271484,,,,,,,,,,,
433,61499,,,,,1.2280100584030151,,,,,,,,,,,
433,61509,,,,,1.1866211891174316,,,,,,,,,,,
433,61519,,,,,1.3180062770843506,,,,,,,,,,,
433,61529,,,,,1.3625553846359253,,,,,,,,,,,
433,61539,,,,,1.3916974067687988,,,,,,,,,,,
433,61549,,,,,1.2991986274719238,,,,,,,,,,,
433,61559,,,,,1.2282909154891968,,,,,,,,,,,
433,61569,,,,,1.3196884393692017,,,,,,,,,,,
433,61579,,,,,1.3065093755722046,,,,,,,,,,,
433,61589,,,,,1.09095299243927,,,,,,,,,,,
433,61599,,,,,1.1142637729644775,,,,,,,,,,,
433,61609,,,,,1.2494529485702515,,,,,,,,,,,
433,61619,,,,,1.1083083152770996,,,,,,,,,,,
433,433,14.49941243206287,94.17435832919273,,,,,,,,,,,,,,
433,61627,,,,,,1.2543578147888184,,,,,,,,,,
434,61629,,,,,1.3562731742858887,,,,,,,,,,,
434,61639,,,,,1.2162734270095825,,,,,,,,,,,
434,61649,,,,,1.3638007640838623,,,,,,,,,,,
434,61659,,,,,1.1328409910202026,,,,,,,,,,,
434,61669,,,,,1.0038433074951172,,,,,,,,,,,
434,61679,,,,,1.2426855564117432,,,,,,,,,,,
434,61689,,,,,1.1713078022003174,,,,,,,,,,,
434,61699,,,,,1.2275525331497192,,,,,,,,,,,
434,61709,,,,,1.117810606956482,,,,,,,,,,,
434,61719,,,,,1.0822514295578003,,,,,,,,,,,
434,61729,,,,,1.1234006881713867,,,,,,,,,,,
434,61739,,,,,1.2311513423919678,,,,,,,,,,,
434,61749,,,,,1.263662338256836,,,,,,,,,,,
434,61759,,,,,1.4159945249557495,,,,,,,,,,,
434,61769,,,,,1.0480587482452393,,,,,,,,,,,
434,434,15.232950052624592,94.182293866631,,,,,,,,,,,,,,
434,61769,,,,,,1.2529890537261963,,,,,,,,,,
435,61779,,,,,1.3683898448944092,,,,,,,,,,,
435,61789,,,,,1.4039660692214966,,,,,,,,,,,
435,61799,,,,,1.140850305557251,,,,,,,,,,,
435,61809,,,,,1.4074734449386597,,,,,,,,,,,
435,61819,,,,,1.2988697290420532,,,,,,,,,,,
435,61829,,,,,1.174541711807251,,,,,,,,,,,
435,61839,,,,,1.1172536611557007,,,,,,,,,,,
435,61849,,,,,1.2889220714569092,,,,,,,,,,,
435,61859,,,,,1.0589758157730103,,,,,,,,,,,
435,61869,,,,,1.2654529809951782,,,,,,,,,,,
435,61879,,,,,1.3405375480651855,,,,,,,,,,,
435,61889,,,,,1.156533122062683,,,,,,,,,,,
435,61899,,,,,1.2684931755065918,,,,,,,,,,,
435,61909,,,,,1.2402005195617676,,,,,,,,,,,
435,435,16.616889846260555,94.19092352092139,,,,,,,,,,,,,,
435,61911,,,,,,1.2508065700531006,,,,,,,,,,
436,61919,,,,,1.0932369232177734,,,,,,,,,,,
436,61929,,,,,1.1383824348449707,,,,,,,,,,,
436,61939,,,,,1.3726212978363037,,,,,,,,,,,
436,61949,,,,,1.242749810218811,,,,,,,,,,,
436,61959,,,,,1.2083772420883179,,,,,,,,,,,
436,61969,,,,,1.1104539632797241,,,,,,,,,,,
436,61979,,,,,1.191704273223877,,,,,,,,,,,
436,61989,,,,,1.293622612953186,,,,,,,,,,,
436,61999,,,,,1.3306622505187988,,,,,,,,,,,
436,62009,,,,,1.1257749795913696,,,,,,,,,,,
436,62019,,,,,1.2685966491699219,,,,,,,,,,,
436,62029,,,,,1.1942979097366333,,,,,,,,,,,
436,62039,,,,,1.1846511363983154,,,,,,,,,,,
436,62049,,,,,1.355966329574585,,,,,,,,,,,
436,436,15.856443967153568,94.19941084709988,,,,,,,,,,,,,,
436,62053,,,,,,1.2407677173614502,,,,,,,,,,
437,62059,,,,,1.0802149772644043,,,,,,,,,,,
437,62069,,,,,1.1337584257125854,,,,,,,,,,,
437,62079,,,,,1.2501471042633057,,,,,,,,,,,
437,62089,,,,,1.3749243021011353,,,,,,,,,,,
437,62099,,,,,1.3047202825546265,,,,,,,,,,,
437,62109,,,,,1.4066115617752075,,,,,,,,,,,
437,62119,,,,,1.1523643732070923,,,,,,,,,,,
437,62129,,,,,1.360282063484192,,,,,,,,,,,
437,62139,,,,,1.3345966339111328,,,,,,,,,,,
437,62149,,,,,1.272369146347046,,,,,,,,,,,
437,62159,,,,,1.26521897315979,,,,,,,,,,,
437,62169,,,,,1.3825396299362183,,,,,,,,,,,
437,62179,,,,,1.1396540403366089,,,,,,,,,,,
437,62189,,,,,1.3922172784805298,,,,,,,,,,,
437,437,15.828325386482206,94.2074049988292,,,,,,,,,,,,,,
437,62195,,,,,,1.242448329925537,,,,,,,,,,
438,62199,,,,,1.2894035577774048,,,,,,,,,,,
438,62209,,,,,1.218638300895691,,,,,,,,,,,
438,62219,,,,,1.1184601783752441,,,,,,,,,,,
438,62229,,,,,1.1421641111373901,,,,,,,,,,,
438,62239,,,,,1.0954947471618652,,,,,,,,,,,
438,62249,,,,,1.0987107753753662,,,,,,,,,,,
438,62259,,,,,1.1364456415176392,,,,,,,,,,,
438,62269,,,,,1.3215878009796143,,,,,,,,,,,
438,62279,,,,,1.2524126768112183,,,,,,,,,,,
438,62289,,,,,1.1753681898117065,,,,,,,,,,,
438,62299,,,,,1.4341808557510376,,,,,,,,,,,
438,62309,,,,,1.1005185842514038,,,,,,,,,,,
438,62319,,,,,1.203070044517517,,,,,,,,,,,
438,62329,,,,,1.13802170753479,,,,,,,,,,,
438,438,15.71804250842855,94.21515206598622,,,,,,,,,,,,,,
438,62337,,,,,,1.2411311864852905,,,,,,,,,,
439,62339,,,,,1.3068512678146362,,,,,,,,,,,
439,62349,,,,,1.083513855934143,,,,,,,,,,,
439,62359,,,,,1.1528605222702026,,,,,,,,,,,
439,62369,,,,,1.1956228017807007,,,,,,,,,,,
439,62379,,,,,1.164345383644104,,,,,,,,,,,
439,62389,,,,,1.4301315546035767,,,,,,,,,,,
439,62399,,,,,1.1823643445968628,,,,,,,,,,,
439,62409,,,,,1.190276026725769,,,,,,,,,,,
439,62419,,,,,1.2456470727920532,,,,,,,,,,,
439,62429,,,,,1.3211915493011475,,,,,,,,,,,
439,62439,,,,,1.3068838119506836,,,,,,,,,,,
439,62449,,,,,1.2983438968658447,,,,,,,,,,,
439,62459,,,,,1.1583008766174316,,,,,,,,,,,
439,62469,,,,,1.322504997253418,,,,,,,,,,,
439,62479,,,,,1.2934253215789795,,,,,,,,,,,
439,439,,,0.9943667650222778,0.6157949566841125,,,0.9824742309004596,0.7500128149986267,,0.8870612978935242,,0.2388993203639984,,3.819337105264469,,0.2712801694869995
439,62479,,,,,,,,,0.8870612978935242,,0.2388993203639984,,3.819337844848633,,0.2712801694869995,
439,439,14.883067679270365,94.22391813437545,,,,,,,,,,,,,,
439,62479,,,,,,1.2321523427963257,,,,,,,,,,
440,62489,,,,,1.4143062829971313,,,,,,,,,,,
440,62499,,,,,1.2381068468093872,,,,,,,,,,,
440,62509,,,,,1.3208450078964233,,,,,,,,,,,
440,62519,,,,,1.1113536357879639,,,,,,,,,,,
440,62529,,,,,1.330424189567566,,,,,,,,,,,
440,62539,,,,,1.3733956813812256,,,,,,,,,,,
440,62549,,,,,1.25396728515625,,,,,,,,,,,
440,62559,,,,,1.157179355621338,,,,,,,,,,,
440,62569,,,,,1.30727219581604,,,,,,,,,,,
440,62579,,,,,1.2835992574691772,,,,,,,,,,,
440,62589,,,,,1.323744773864746,,,,,,,,,,,
440,62599,,,,,1.328911542892456,,,,,,,,,,,
440,62609,,,,,1.3589838743209839,,,,,,,,,,,
440,62619,,,,,1.2913846969604492,,,,,,,,,,,
440,440,15.50057939366963,94.23259042018354,,,,,,,,,,,,,,
440,62621,,,,,,1.230591058731079,,,,,,,,,,
441,62629,,,,,1.193174958229065,,,,,,,,,,,
441,62639,,,,,1.3295941352844238,,,,,,,,,,,
441,62649,,,,,1.3592884540557861,,,,,,,,,,,
441,62659,,,,,1.3428692817687988,,,,,,,,,,,
441,62669,,,,,1.161520004272461,,,,,,,,,,,
441,62679,,,,,1.2885116338729858,,,,,,,,,,,
441,62689,,,,,1.1312226057052612,,,,,,,,,,,
441,62699,,,,,1.2269734144210815,,,,,,,,,,,
441,62709,,,,,1.2974196672439575,,,,,,,,,,,
441,62719,,,,,1.0988123416900635,,,,,,,,,,,
441,62729,,,,,1.1276180744171143,,,,,,,,,,,
441,62739,,,,,1.133700966835022,,,,,,,,,,,
441,62749,,,,,1.0786598920822144,,,,,,,,,,,
441,62759,,,,,1.248193383216858,,,,,,,,,,,
441,441,16.829466204848742,94.24019289453155,,,,,,,,,,,,,,
441,62763,,,,,,1.23020601272583,,,,,,,,,,
442,62769,,,,,1.1620895862579346,,,,,,,,,,,
442,62779,,,,,1.095855712890625,,,,,,,,,,,
442,62789,,,,,1.2721689939498901,,,,,,,,,,,
442,62799,,,,,1.047220230102539,,,,,,,,,,,
442,62809,,,,,1.130541205406189,,,,,,,,,,,
442,62819,,,,,1.2698861360549927,,,,,,,,,,,
442,62829,,,,,1.2863434553146362,,,,,,,,,,,
442,62839,,,,,1.2669388055801392,,,,,,,,,,,
442,62849,,,,,1.1842719316482544,,,,,,,,,,,
442,62859,,,,,1.3427191972732544,,,,,,,,,,,
442,62869,,,,,1.3576138019561768,,,,,,,,,,,
442,62879,,,,,1.0787972211837769,,,,,,,,,,,
442,62889,,,,,1.275306224822998,,,,,,,,,,,
442,62899,,,,,1.2916975021362305,,,,,,,,,,,
442,442,16.58372822215278,94.24836607948491,,,,,,,,,,,,,,
442,62905,,,,,,1.2251818180084229,,,,,,,,,,
443,62909,,,,,1.2747447490692139,,,,,,,,,,,
443,62919,,,,,1.3371316194534302,,,,,,,,,,,
443,62929,,,,,1.1811468601226807,,,,,,,,,,,
443,62939,,,,,1.3841277360916138,,,,,,,,,,,
443,62949,,,,,1.2017890214920044,,,,,,,,,,,
443,62959,,,,,1.0890371799468994,,,,,,,,,,,
443,62969,,,,,1.1528648138046265,,,,,,,,,,,
443,62979,,,,,1.4007859230041504,,,,,,,,,,,
443,62989,,,,,1.1597042083740234,,,,,,,,,,,
443,62999,,,,,1.018414855003357,,,,,,,,,,,
443,63009,,,,,1.3115267753601074,,,,,,,,,,,
443,63019,,,,,1.3134092092514038,,,,,,,,,,,
443,63029,,,,,1.0632225275039673,,,,,,,,,,,
443,63039,,,,,1.16236412525177,,,,,,,,,,,
443,443,15.87572944668948,94.25644681087444,,,,,,,,,,,,,,
443,63047,,,,,,1.2211148738861084,,,,,,,,,,
444,63049,,,,,1.0434340238571167,,,,,,,,,,,
444,63059,,,,,1.105521321296692,,,,,,,,,,,
444,63069,,,,,1.1212921142578125,,,,,,,,,,,
444,63079,,,,,1.1633343696594238,,,,,,,,,,,
444,63089,,,,,1.1644840240478516,,,,,,,,,,,
444,63099,,,,,1.2592419385910034,,,,,,,,,,,
444,63109,,,,,1.2089455127716064,,,,,,,,,,,
444,63119,,,,,1.2534234523773193,,,,,,,,,,,
444,63129,,,,,1.1266741752624512,,,,,,,,,,,
444,63139,,,,,1.2828752994537354,,,,,,,,,,,
444,63149,,,,,1.2373932600021362,,,,,,,,,,,
444,63159,,,,,1.3188252449035645,,,,,,,,,,,
444,63169,,,,,1.1983609199523926,,,,,,,,,,,
444,63179,,,,,1.4252514839172363,,,,,,,,,,,
444,63189,,,,,1.3612741231918335,,,,,,,,,,,
444,444,15.438635179811557,94.26484439946294,,,,,,,,,,,,,,
444,63189,,,,,,1.219128131866455,,,,,,,,,,
445,63199,,,,,1.2903889417648315,,,,,,,,,,,
445,63209,,,,,1.4016799926757812,,,,,,,,,,,
445,63219,,,,,1.0220650434494019,,,,,,,,,,,
445,63229,,,,,1.328113317489624,,,,,,,,,,,
445,63239,,,,,1.3270328044891357,,,,,,,,,,,
445,63249,,,,,1.1912318468093872,,,,,,,,,,,
445,63259,,,,,1.3016891479492188,,,,,,,,,,,
445,63269,,,,,0.9727339148521423,,,,,,,,,,,
445,63279,,,,,1.2252657413482666,,,,,,,,,,,
445,63289,,,,,1.2358272075653076,,,,,,,,,,,
445,63299,,,,,1.2727625370025635,,,,,,,,,,,
445,63309,,,,,1.1155363321304321,,,,,,,,,,,
445,63319,,,,,1.0940674543380737,,,,,,,,,,,
445,63329,,,,,1.1969109773635864,,,,,,,,,,,
445,445,16.000175454740823,94.27289070415463,,,,,,,,,,,,,,
445,63331,,,,,,1.2178393602371216,,,,,,,,,,
446,63339,,,,,1.3548619747161865,,,,,,,,,,,
446,63349,,,,,1.1096694469451904,,,,,,,,,,,
446,63359,,,,,1.0262478590011597,,,,,,,,,,,
446,63369,,,,,1.184641718864441,,,,,,,,,,,
446,63379,,,,,1.4038975238800049,,,,,,,,,,,
446,63389,,,,,1.2770390510559082,,,,,,,,,,,
446,63399,,,,,1.3645026683807373,,,,,,,,,,,
446,63409,,,,,1.318594217300415,,,,,,,,,,,
446,63419,,,,,1.1827952861785889,,,,,,,,,,,
446,63429,,,,,1.4350254535675049,,,,,,,,,,,
446,63439,,,,,1.25570809841156,,,,,,,,,,,
446,63449,,,,,1.4818813800811768,,,,,,,,,,,
446,63459,,,,,1.1863057613372803,,,,,,,,,,,
446,63469,,,,,1.0935670137405396,,,,,,,,,,,
446,446,14.968839989240708,94.28101422943837,,,,,,,,,,,,,,
446,63473,,,,,,1.2141227722167969,,,,,,,,,,
447,63479,,,,,1.1404703855514526,,,,,,,,,,,
447,63489,,,,,1.2040609121322632,,,,,,,,,,,
447,63499,,,,,1.1895008087158203,,,,,,,,,,,
447,63509,,,,,1.2203515768051147,,,,,,,,,,,
447,63519,,,,,1.3088581562042236,,,,,,,,,,,
447,63529,,,,,1.3056817054748535,,,,,,,,,,,
447,63539,,,,,1.376397967338562,,,,,,,,,,,
447,63549,,,,,1.0799987316131592,,,,,,,,,,,
447,63559,,,,,1.0753304958343506,,,,,,,,,,,
447,63569,,,,,1.2762737274169922,,,,,,,,,,,
447,63579,,,,,1.1405658721923828,,,,,,,,,,,
447,63589,,,,,1.2738639116287231,,,,,,,,,,,
447,63599,,,,,1.2981575727462769,,,,,,,,,,,
447,63609,,,,,1.260197401046753,,,,,,,,,,,
447,447,15.363160700477406,94.28918092349075,,,,,,,,,,,,,,
447,63615,,,,,,1.2134324312210083,,,,,,,,,,
448,63619,,,,,1.2931879758834839,,,,,,,,,,,
448,63629,,,,,1.231023907661438,,,,,,,,,,,
448,63639,,,,,1.1462054252624512,,,,,,,,,,,
448,63649,,,,,1.0980781316757202,,,,,,,,,,,
448,63659,,,,,1.3745520114898682,,,,,,,,,,,
448,63669,,,,,1.0909066200256348,,,,,,,,,,,
448,63679,,,,,1.1663366556167603,,,,,,,,,,,
448,63689,,,,,1.1385290622711182,,,,,,,,,,,
448,63699,,,,,1.324402928352356,,,,,,,,,,,
448,63709,,,,,1.054488182067871,,,,,,,,,,,
448,63719,,,,,1.1541998386383057,,,,,,,,,,,
448,63729,,,,,1.1449313163757324,,,,,,,,,,,
448,63739,,,,,1.1832714080810547,,,,,,,,,,,
448,63749,,,,,1.344932198524475,,,,,,,,,,,
448,448,15.273703122105209,94.2975426504829,,,,,,,,,,,,,,
448,63757,,,,,,1.2117878198623657,,,,,,,,,,
449,63759,,,,,0.907048761844635,,,,,,,,,,,
449,63769,,,,,1.2586702108383179,,,,,,,,,,,
449,63779,,,,,1.048343539237976,,,,,,,,,,,
449,63789,,,,,1.117355227470398,,,,,,,,,,,
449,63799,,,,,1.201010823249817,,,,,,,,,,,
449,63809,,,,,1.2180085182189941,,,,,,,,,,,
449,63819,,,,,1.31467604637146,,,,,,,,,,,
449,63829,,,,,1.3682465553283691,,,,,,,,,,,
449,63839,,,,,1.1294490098953247,,,,,,,,,,,
449,63849,,,,,1.3285937309265137,,,,,,,,,,,
449,63859,,,,,1.1180009841918945,,,,,,,,,,,
449,63869,,,,,1.3471168279647827,,,,,,,,,,,
449,63879,,,,,1.055736780166626,,,,,,,,,,,
449,63889,,,,,1.0009759664535522,,,,,,,,,,,
449,63899,,,,,1.1493195295333862,,,,,,,,,,,
449,449,,,0.9947355389595032,0.6318942904472351,,,0.9371800169633856,0.7646005153656006,,0.8893489837646484,,0.24038481712341309,,3.8361112347670963,,0.26972079277038574
449,63899,,,,,,,,,0.8893489837646484,,0.24038481712341309,,3.8361103534698486,,0.26972079277038574,
449,449,15.551503830301769,94.30562577657528,,,,,,,,,,,,,,
449,63899,,,,,,1.2037346363067627,,,,,,,,,,
450,63909,,,,,1.0524318218231201,,,,,,,,,,,
450,63919,,,,,1.1378122568130493,,,,,,,,,,,
450,63929,,,,,1.0057380199432373,,,,,,,,,,,
450,63939,,,,,1.189290165901184,,,,,,,,,,,
450,63949,,,,,1.1531084775924683,,,,,,,,,,,
450,63959,,,,,1.3119763135910034,,,,,,,,,,,
450,63969,,,,,1.3505395650863647,,,,,,,,,,,
450,63979,,,,,1.1089961528778076,,,,,,,,,,,
450,63989,,,,,1.2770134210586548,,,,,,,,,,,
450,63999,,,,,1.3085918426513672,,,,,,,,,,,
450,64009,,,,,1.0378260612487793,,,,,,,,,,,
450,64019,,,,,1.05531907081604,,,,,,,,,,,
450,64029,,,,,1.2781338691711426,,,,,,,,,,,
450,64039,,,,,1.2845499515533447,,,,,,,,,,,
450,450,15.46589474701743,94.3141620983419,,,,,,,,,,,,,,
450,64041,,,,,,1.1981720924377441,,,,,,,,,,
451,64049,,,,,1.1363475322723389,,,,,,,,,,,
451,64059,,,,,1.044018268585205,,,,,,,,,,,
451,64069,,,,,0.977739155292511,,,,,,,,,,,
451,64079,,,,,1.189650297164917,,,,,,,,,,,
451,64089,,,,,1.1256710290908813,,,,,,,,,,,
451,64099,,,,,1.254520297050476,,,,,,,,,,,
451,64109,,,,,1.1306508779525757,,,,,,,,,,,
451,64119,,,,,1.1630802154541016,,,,,,,,,,,
451,64129,,,,,1.0921276807785034,,,,,,,,,,,
451,64139,,,,,1.2299799919128418,,,,,,,,,,,
451,64149,,,,,1.1779555082321167,,,,,,,,,,,
451,64159,,,,,1.2217564582824707,,,,,,,,,,,
451,64169,,,,,1.2110704183578491,,,,,,,,,,,
451,64179,,,,,1.331645131111145,,,,,,,,,,,
451,451,14.914666697083879,94.3225113538295,,,,,,,,,,,,,,
451,64183,,,,,,1.1966251134872437,,,,,,,,,,
452,64189,,,,,1.1185942888259888,,,,,,,,,,,
452,64199,,,,,1.2769584655761719,,,,,,,,,,,
452,64209,,,,,1.169685959815979,,,,,,,,,,,
452,64219,,,,,1.0980854034423828,,,,,,,,,,,
452,64229,,,,,1.5206799507141113,,,,,,,,,,,
452,64239,,,,,1.2795796394348145,,,,,,,,,,,
452,64249,,,,,1.3638302087783813,,,,,,,,,,,
452,64259,,,,,1.2168872356414795,,,,,,,,,,,
452,64269,,,,,1.458109974861145,,,,,,,,,,,
452,64279,,,,,1.070488691329956,,,,,,,,,,,
452,64289,,,,,1.2171211242675781,,,,,,,,,,,
452,64299,,,,,1.359911322593689,,,,,,,,,,,
452,64309,,,,,1.319487452507019,,,,,,,,,,,
452,64319,,,,,1.1099908351898193,,,,,,,,,,,
452,452,15.236386987525881,94.33060527127462,,,,,,,,,,,,,,
452,64325,,,,,,1.19352126121521,,,,,,,,,,
453,64329,,,,,1.0728187561035156,,,,,,,,,,,
453,64339,,,,,1.094900369644165,,,,,,,,,,,
453,64349,,,,,1.050600290298462,,,,,,,,,,,
453,64359,,,,,1.2602533102035522,,,,,,,,,,,
453,64369,,,,,1.1700423955917358,,,,,,,,,,,
453,64379,,,,,1.1092323064804077,,,,,,,,,,,
453,64389,,,,,1.1155890226364136,,,,,,,,,,,
453,64399,,,,,1.2146965265274048,,,,,,,,,,,
453,64409,,,,,1.2226104736328125,,,,,,,,,,,
453,64419,,,,,1.355624794960022,,,,,,,,,,,
453,64429,,,,,1.1434611082077026,,,,,,,,,,,
453,64439,,,,,1.064962387084961,,,,,,,,,,,
453,64449,,,,,1.2160308361053467,,,,,,,,,,,
453,64459,,,,,1.2635480165481567,,,,,,,,,,,
453,453,16.289476158778392,94.33890911778776,,,,,,,,,,,,,,
453,64467,,,,,,1.1911253929138184,,,,,,,,,,
454,64469,,,,,1.1115100383758545,,,,,,,,,,,
454,64479,,,,,1.3551043272018433,,,,,,,,,,,
454,64489,,,,,1.2072182893753052,,,,,,,,,,,
454,64499,,,,,1.0662460327148438,,,,,,,,,,,
454,64509,,,,,1.1587342023849487,,,,,,,,,,,
454,64519,,,,,1.162385106086731,,,,,,,,,,,
454,64529,,,,,1.198035717010498,,,,,,,,,,,
454,64539,,,,,1.4244462251663208,,,,,,,,,,,
454,64549,,,,,0.9819459319114685,,,,,,,,,,,
454,64559,,,,,1.40542471408844,,,,,,,,,,,
454,64569,,,,,1.2485129833221436,,,,,,,,,,,
454,64579,,,,,1.16360342502594,,,,,,,,,,,
454,64589,,,,,1.0585596561431885,,,,,,,,,,,
454,64599,,,,,1.0361905097961426,,,,,,,,,,,
454,64609,,,,,1.3012800216674805,,,,,,,,,,,
454,454,15.107192247601747,94.34733279012372,,,,,,,,,,,,,,
454,64609,,,,,,1.186113953590393,,,,,,,,,,
455,64619,,,,,1.1700948476791382,,,,,,,,,,,
455,64629,,,,,1.1107624769210815,,,,,,,,,,,
455,64639,,,,,1.2280490398406982,,,,,,,,,,,
455,64649,,,,,1.09901762008667,,,,,,,,,,,
455,64659,,,,,1.2651656866073608,,,,,,,,,,,
455,64669,,,,,0.9569799304008484,,,,,,,,,,,
455,64679,,,,,1.136104702949524,,,,,,,,,,,
455,64689,,,,,1.1951571702957153,,,,,,,,,,,
455,64699,,,,,1.3209195137023926,,,,,,,,,,,
455,64709,,,,,1.2058351039886475,,,,,,,,,,,
455,64719,,,,,1.2200382947921753,,,,,,,,,,,
455,64729,,,,,1.013797402381897,,,,,,,,,,,
455,64739,,,,,1.3185632228851318,,,,,,,,,,,
455,64749,,,,,1.2363048791885376,,,,,,,,,,,
455,455,16.27821084503189,94.35509914795966,,,,,,,,,,,,,,
455,64751,,,,,,1.1879653930664062,,,,,,,,,,
456,64759,,,,,1.065670371055603,,,,,,,,,,,
456,64769,,,,,1.138370394706726,,,,,,,,,,,
456,64779,,,,,1.1009610891342163,,,,,,,,,,,
456,64789,,,,,1.2152358293533325,,,,,,,,,,,
456,64799,,,,,1.0017688274383545,,,,,,,,,,,
456,64809,,,,,1.114877700805664,,,,,,,,,,,
456,64819,,,,,1.1667906045913696,,,,,,,,,,,
456,64829,,,,,1.2781400680541992,,,,,,,,,,,
456,64839,,,,,1.0605324506759644,,,,,,,,,,,
456,64849,,,,,1.180713415145874,,,,,,,,,,,
456,64859,,,,,1.1656090021133423,,,,,,,,,,,
456,64869,,,,,1.1108317375183105,,,,,,,,,,,
456,64879,,,,,1.3222644329071045,,,,,,,,,,,
456,64889,,,,,1.2101432085037231,,,,,,,,,,,
456,456,14.829160395179713,94.36345122976032,,,,,,,,,,,,,,
456,64893,,,,,,1.1859813928604126,,,,,,,,,,
457,64899,,,,,1.10569429397583,,,,,,,,,,,
457,64909,,,,,1.0896869897842407,,,,,,,,,,,
457,64919,,,,,1.3022561073303223,,,,,,,,,,,
457,64929,,,,,1.31260347366333,,,,,,,,,,,
457,64939,,,,,1.108866572380066,,,,,,,,,,,
457,64949,,,,,1.1496084928512573,,,,,,,,,,,
457,64959,,,,,1.0151678323745728,,,,,,,,,,,
457,64969,,,,,1.1441096067428589,,,,,,,,,,,
457,64979,,,,,1.141434907913208,,,,,,,,,,,
457,64989,,,,,1.4119415283203125,,,,,,,,,,,
457,64999,,,,,1.121452808380127,,,,,,,,,,,
457,65009,,,,,1.2274819612503052,,,,,,,,,,,
457,65019,,,,,1.1872811317443848,,,,,,,,,,,
457,65029,,,,,1.2573035955429077,,,,,,,,,,,
457,457,14.925866178318945,94.3719921278092,,,,,,,,,,,,,,
457,65035,,,,,,1.1792830228805542,,,,,,,,,,
458,65039,,,,,1.2536087036132812,,,,,,,,,,,
458,65049,,,,,1.0674514770507812,,,,,,,,,,,
458,65059,,,,,1.3313535451889038,,,,,,,,,,,
458,65069,,,,,1.1640855073928833,,,,,,,,,,,
458,65079,,,,,1.1689692735671997,,,,,,,,,,,
458,65089,,,,,1.1249603033065796,,,,,,,,,,,
458,65099,,,,,1.0022493600845337,,,,,,,,,,,
458,65109,,,,,1.349152684211731,,,,,,,,,,,
458,65119,,,,,1.1642483472824097,,,,,,,,,,,
458,65129,,,,,1.3338298797607422,,,,,,,,,,,
458,65139,,,,,1.250487208366394,,,,,,,,,,,
458,65149,,,,,1.1519155502319336,,,,,,,,,,,
458,65159,,,,,1.108795166015625,,,,,,,,,,,
458,65169,,,,,1.1406197547912598,,,,,,,,,,,
458,458,15.61712109323175,94.38041512070947,,,,,,,,,,,,,,
458,65177,,,,,,1.175360083580017,,,,,,,,,,
459,65179,,,,,1.2650721073150635,,,,,,,,,,,
459,65189,,,,,1.2423312664031982,,,,,,,,,,,
459,65199,,,,,1.137475609779358,,,,,,,,,,,
459,65209,,,,,1.1085104942321777,,,,,,,,,,,
459,65219,,,,,1.1982451677322388,,,,,,,,,,,
459,65229,,,,,1.1418445110321045,,,,,,,,,,,
459,65239,,,,,1.382201910018921,,,,,,,,,,,
459,65249,,,,,0.9536941051483154,,,,,,,,,,,
459,65259,,,,,1.1580283641815186,,,,,,,,,,,
459,65269,,,,,1.057090163230896,,,,,,,,,,,
459,65279,,,,,1.178296685218811,,,,,,,,,,,
459,65289,,,,,1.3170139789581299,,,,,,,,,,,
459,65299,,,,,1.2563613653182983,,,,,,,,,,,
459,65309,,,,,1.2310811281204224,,,,,,,,,,,
459,65319,,,,,1.222029209136963,,,,,,,,,,,
459,459,,,0.995175838470459,0.6465916633605957,,,0.9086071211424894,0.7765235900878906,,0.8874481916427612,,0.24106714129447937,,3.888797251545653,,0.273274302482605
459,65319,,,,,,,,,0.8874481916427612,,0.24106714129447937,,3.8887970447540283,,0.273274302482605,
459,459,15.0646155371944,94.38856341282354,,,,,,,,,,,,,,
459,65319,,,,,,1.1750385761260986,,,,,,,,,,
460,65329,,,,,1.1422325372695923,,,,,,,,,,,
460,65339,,,,,1.1823650598526,,,,,,,,,,,
460,65349,,,,,1.1961687803268433,,,,,,,,,,,
460,65359,,,,,1.3116331100463867,,,,,,,,,,,
460,65369,,,,,1.0421454906463623,,,,,,,,,,,
460,65379,,,,,1.2236398458480835,,,,,,,,,,,
460,65389,,,,,1.225147008895874,,,,,,,,,,,
460,65399,,,,,1.1236573457717896,,,,,,,,,,,
460,65409,,,,,1.3394818305969238,,,,,,,,,,,
460,65419,,,,,1.2609751224517822,,,,,,,,,,,
460,65429,,,,,1.2158069610595703,,,,,,,,,,,
460,65439,,,,,1.302667260169983,,,,,,,,,,,
460,65449,,,,,1.3315725326538086,,,,,,,,,,,
460,65459,,,,,1.206822156906128,,,,,,,,,,,
460,460,16.72888047783725,94.39687001851736,,,,,,,,,,,,,,
460,65461,,,,,,1.1767085790634155,,,,,,,,,,
461,65469,,,,,1.138961911201477,,,,,,,,,,,
461,65479,,,,,1.0281707048416138,,,,,,,,,,,
461,65489,,,,,1.1477060317993164,,,,,,,,,,,
461,65499,,,,,1.132662057876587,,,,,,,,,,,
461,65509,,,,,1.3396718502044678,,,,,,,,,,,
461,65519,,,,,1.0196598768234253,,,,,,,,,,,
461,65529,,,,,1.1504549980163574,,,,,,,,,,,
461,65539,,,,,1.1438292264938354,,,,,,,,,,,
461,65549,,,,,1.320324420928955,,,,,,,,,,,
461,65559,,,,,1.02511727809906,,,,,,,,,,,
461,65569,,,,,1.3147258758544922,,,,,,,,,,,
461,65579,,,,,1.2201159000396729,,,,,,,,,,,
461,65589,,,,,1.1271840333938599,,,,,,,,,,,
461,65599,,,,,1.2036001682281494,,,,,,,,,,,
461,461,16.23604865405638,94.40515605045543,,,,,,,,,,,,,,
461,65603,,,,,,1.1742279529571533,,,,,,,,,,
462,65609,,,,,1.0001325607299805,,,,,,,,,,,
462,65619,,,,,1.0473124980926514,,,,,,,,,,,
462,65629,,,,,1.2066034078598022,,,,,,,,,,,
462,65639,,,,,1.1675816774368286,,,,,,,,,,,
462,65649,,,,,1.2587354183197021,,,,,,,,,,,
462,65659,,,,,1.2865508794784546,,,,,,,,,,,
462,65669,,,,,1.0461982488632202,,,,,,,,,,,
462,65679,,,,,1.1773914098739624,,,,,,,,,,,
462,65689,,,,,1.145601749420166,,,,,,,,,,,
462,65699,,,,,1.1348379850387573,,,,,,,,,,,
462,65709,,,,,1.2321052551269531,,,,,,,,,,,
462,65719,,,,,1.272870421409607,,,,,,,,,,,
462,65729,,,,,1.3472284078598022,,,,,,,,,,,
462,65739,,,,,1.1096768379211426,,,,,,,,,,,
462,462,15.9535215602074,94.41358106214965,,,,,,,,,,,,,,
462,65745,,,,,,1.1635791063308716,,,,,,,,,,
463,65749,,,,,1.2329095602035522,,,,,,,,,,,
463,65759,,,,,1.1971009969711304,,,,,,,,,,,
463,65769,,,,,1.0744898319244385,,,,,,,,,,,
463,65779,,,,,1.2672080993652344,,,,,,,,,,,
463,65789,,,,,1.0810983180999756,,,,,,,,,,,
463,65799,,,,,1.2246031761169434,,,,,,,,,,,
463,65809,,,,,1.1599615812301636,,,,,,,,,,,
463,65819,,,,,1.119018316268921,,,,,,,,,,,
463,65829,,,,,0.961868166923523,,,,,,,,,,,
463,65839,,,,,1.2052167654037476,,,,,,,,,,,
463,65849,,,,,1.047800898551941,,,,,,,,,,,
463,65859,,,,,1.2122559547424316,,,,,,,,,,,
463,65869,,,,,1.0298564434051514,,,,,,,,,,,
463,65879,,,,,1.1731899976730347,,,,,,,,,,,
463,463,14.260351938068709,94.42187508927209,,,,,,,,,,,,,,
463,65887,,,,,,1.169582486152649,,,,,,,,,,
464,65889,,,,,1.2540136575698853,,,,,,,,,,,
464,65899,,,,,0.9669354557991028,,,,,,,,,,,
464,65909,,,,,1.1014944314956665,,,,,,,,,,,
464,65919,,,,,1.2330268621444702,,,,,,,,,,,
464,65929,,,,,1.085897445678711,,,,,,,,,,,
464,65939,,,,,1.0600368976593018,,,,,,,,,,,
464,65949,,,,,1.2418829202651978,,,,,,,,,,,
464,65959,,,,,1.1505213975906372,,,,,,,,,,,
464,65969,,,,,1.3149185180664062,,,,,,,,,,,
464,65979,,,,,1.280792474746704,,,,,,,,,,,
464,65989,,,,,1.1238219738006592,,,,,,,,,,,
464,65999,,,,,1.3308606147766113,,,,,,,,,,,
464,66009,,,,,0.8834311962127686,,,,,,,,,,,
464,66019,,,,,1.0962486267089844,,,,,,,,,,,
464,66029,,,,,1.1520164012908936,,,,,,,,,,,
464,464,17.105962126517387,94.43015728855379,,,,,,,,,,,,,,
464,66029,,,,,,1.160779356956482,,,,,,,,,,
465,66039,,,,,1.321249008178711,,,,,,,,,,,
465,66049,,,,,1.3821988105773926,,,,,,,,,,,
465,66059,,,,,1.0461829900741577,,,,,,,,,,,
465,66069,,,,,0.9918824434280396,,,,,,,,,,,
465,66079,,,,,1.029571771621704,,,,,,,,,,,
465,66089,,,,,1.1411041021347046,,,,,,,,,,,
465,66099,,,,,0.9423078894615173,,,,,,,,,,,
465,66109,,,,,1.240922212600708,,,,,,,,,,,
465,66119,,,,,1.2438910007476807,,,,,,,,,,,
465,66129,,,,,0.9913222193717957,,,,,,,,,,,
465,66139,,,,,1.0717453956604004,,,,,,,,,,,
465,66149,,,,,1.1220283508300781,,,,,,,,,,,
465,66159,,,,,1.1077326536178589,,,,,,,,,,,
465,66169,,,,,1.248190999031067,,,,,,,,,,,
465,465,16.77356789248704,94.4383558424811,,,,,,,,,,,,,,
465,66171,,,,,,1.161780834197998,,,,,,,,,,
466,66179,,,,,1.2602518796920776,,,,,,,,,,,
466,66189,,,,,1.2584682703018188,,,,,,,,,,,
466,66199,,,,,1.3890647888183594,,,,,,,,,,,
466,66209,,,,,1.0766024589538574,,,,,,,,,,,
466,66219,,,,,1.064823031425476,,,,,,,,,,,
466,66229,,,,,1.0879930257797241,,,,,,,,,,,
466,66239,,,,,1.2442653179168701,,,,,,,,,,,
466,66249,,,,,1.079756498336792,,,,,,,,,,,
466,66259,,,,,1.32640540599823,,,,,,,,,,,
466,66269,,,,,1.149031162261963,,,,,,,,,,,
466,66279,,,,,1.2295494079589844,,,,,,,,,,,
466,66289,,,,,1.1306171417236328,,,,,,,,,,,
466,66299,,,,,1.2684383392333984,,,,,,,,,,,
466,66309,,,,,1.1493908166885376,,,,,,,,,,,
466,466,15.927093366331228,94.44669574006227,,,,,,,,,,,,,,
466,66313,,,,,,1.1542611122131348,,,,,,,,,,
467,66319,,,,,1.0814568996429443,,,,,,,,,,,
467,66329,,,,,0.9625975489616394,,,,,,,,,,,
467,66339,,,,,1.0695605278015137,,,,,,,,,,,
467,66349,,,,,1.0996757745742798,,,,,,,,,,,
467,66359,,,,,1.0206725597381592,,,,,,,,,,,
467,66369,,,,,1.208412766456604,,,,,,,,,,,
467,66379,,,,,1.3211276531219482,,,,,,,,,,,
467,66389,,,,,1.3360950946807861,,,,,,,,,,,
467,66399,,,,,1.160767674446106,,,,,,,,,,,
467,66409,,,,,1.1884363889694214,,,,,,,,,,,
467,66419,,,,,1.313277244567871,,,,,,,,,,,
467,66429,,,,,1.226696252822876,,,,,,,,,,,
467,66439,,,,,1.2062748670578003,,,,,,,,,,,
467,66449,,,,,0.9991253614425659,,,,,,,,,,,
467,467,15.131849643650842,94.45503221051926,,,,,,,,,,,,,,
467,66455,,,,,,1.1482397317886353,,,,,,,,,,
468,66459,,,,,1.218968152999878,,,,,,,,,,,
468,66469,,,,,1.2270046472549438,,,,,,,,,,,
468,66479,,,,,1.1401273012161255,,,,,,,,,,,
468,66489,,,,,1.0313831567764282,,,,,,,,,,,
468,66499,,,,,1.1310251951217651,,,,,,,,,,,
468,66509,,,,,1.0779285430908203,,,,,,,,,,,
468,66519,,,,,1.162943959236145,,,,,,,,,,,
468,66529,,,,,1.045584797859192,,,,,,,,,,,
468,66539,,,,,1.179127812385559,,,,,,,,,,,
468,66549,,,,,1.2320001125335693,,,,,,,,,,,
468,66559,,,,,1.0378806591033936,,,,,,,,,,,
468,66569,,,,,1.1308505535125732,,,,,,,,,,,
468,66579,,,,,1.2144161462783813,,,,,,,,,,,
468,66589,,,,,0.9449960589408875,,,,,,,,,,,
468,468,15.66487362298562,94.46287455528073,,,,,,,,,,,,,,
468,66597,,,,,,1.1501834392547607,,,,,,,,,,
469,66599,,,,,1.247394323348999,,,,,,,,,,,
469,66609,,,,,1.129984974861145,,,,,,,,,,,
469,66619,,,,,1.2493257522583008,,,,,,,,,,,
469,66629,,,,,1.224960207939148,,,,,,,,,,,
469,66639,,,,,1.2015888690948486,,,,,,,,,,,
469,66649,,,,,1.1141438484191895,,,,,,,,,,,
469,66659,,,,,1.2232153415679932,,,,,,,,,,,
469,66669,,,,,0.9622159600257874,,,,,,,,,,,
469,66679,,,,,1.1683093309402466,,,,,,,,,,,
469,66689,,,,,1.2442134618759155,,,,,,,,,,,
469,66699,,,,,1.1455413103103638,,,,,,,,,,,
469,66709,,,,,1.133658528327942,,,,,,,,,,,
469,66719,,,,,1.041203260421753,,,,,,,,,,,
469,66729,,,,,1.1069533824920654,,,,,,,,,,,
469,66739,,,,,1.042153239250183,,,,,,,,,,,
469,469,,,0.9955617785453796,0.6574799418449402,,,0.8931507847141831,0.7836634516716003,,0.889214813709259,,0.24390551447868347,,3.9288857564025994,,0.2741551101207733
469,66739,,,,,,,,,0.889214813709259,,0.24390551447868347,,3.9288856983184814,,0.2741551101207733,
469,469,15.852477996333793,94.4711861276862,,,,,,,,,,,,,,
469,66739,,,,,,1.144083857536316,,,,,,,,,,
470,66749,,,,,1.4374650716781616,,,,,,,,,,,
470,66759,,,,,1.0961062908172607,,,,,,,,,,,
470,66769,,,,,1.0545330047607422,,,,,,,,,,,
470,66779,,,,,1.1331285238265991,,,,,,,,,,,
470,66789,,,,,1.1034142971038818,,,,,,,,,,,
470,66799,,,,,1.0849783420562744,,,,,,,,,,,
470,66809,,,,,1.1468425989151,,,,,,,,,,,
470,66819,,,,,0.9939832091331482,,,,,,,,,,,
470,66829,,,,,1.1730891466140747,,,,,,,,,,,
470,66839,,,,,1.0704787969589233,,,,,,,,,,,
470,66849,,,,,1.1811901330947876,,,,,,,,,,,
470,66859,,,,,1.1574429273605347,,,,,,,,,,,
470,66869,,,,,1.0630216598510742,,,,,,,,,,,
470,66879,,,,,1.0195164680480957,,,,,,,,,,,
470,470,16.715838896346558,94.47948884219885,,,,,,,,,,,,,,
470,66881,,,,,,1.1454578638076782,,,,,,,,,,
471,66889,,,,,1.0931174755096436,,,,,,,,,,,
471,66899,,,,,1.1793529987335205,,,,,,,,,,,
471,66909,,,,,1.078291416168213,,,,,,,,,,,
471,66919,,,,,1.0287532806396484,,,,,,,,,,,
471,66929,,,,,1.0426890850067139,,,,,,,,,,,
471,66939,,,,,1.2736736536026,,,,,,,,,,,
471,66949,,,,,0.9429324865341187,,,,,,,,,,,
471,66959,,,,,1.163445234298706,,,,,,,,,,,
471,66969,,,,,1.1233030557632446,,,,,,,,,,,
471,66979,,,,,1.2287688255310059,,,,,,,,,,,
471,66989,,,,,1.1241495609283447,,,,,,,,,,,
471,66999,,,,,1.231805682182312,,,,,,,,,,,
471,67009,,,,,1.10811185836792,,,,,,,,,,,
471,67019,,,,,1.1209267377853394,,,,,,,,,,,
471,471,15.033319275298213,94.4879847581855,,,,,,,,,,,,,,
471,67023,,,,,,1.139417052268982,,,,,,,,,,
472,67029,,,,,0.9168928265571594,,,,,,,,,,,
472,67039,,,,,1.1849929094314575,,,,,,,,,,,
472,67049,,,,,1.102645754814148,,,,,,,,,,,
472,67059,,,,,1.172505497932434,,,,,,,,,,,
472,67069,,,,,1.0554981231689453,,,,,,,,,,,
472,67079,,,,,1.1312226057052612,,,,,,,,,,,
472,67089,,,,,1.1591987609863281,,,,,,,,,,,
472,67099,,,,,0.9849879741668701,,,,,,,,,,,
472,67109,,,,,1.2548518180847168,,,,,,,,,,,
472,67119,,,,,1.1788597106933594,,,,,,,,,,,
472,67129,,,,,1.06747567653656,,,,,,,,,,,
472,67139,,,,,1.1061789989471436,,,,,,,,,,,
472,67149,,,,,0.9491071701049805,,,,,,,,,,,
472,67159,,,,,1.051317572593689,,,,,,,,,,,
472,472,14.105602058546923,94.49686589955415,,,,,,,,,,,,,,
472,67165,,,,,,1.1408240795135498,,,,,,,,,,
473,67169,,,,,1.0855120420455933,,,,,,,,,,,
473,67179,,,,,1.0897644758224487,,,,,,,,,,,
473,67189,,,,,1.083670735359192,,,,,,,,,,,
473,67199,,,,,1.203389048576355,,,,,,,,,,,
473,67209,,,,,1.0573571920394897,,,,,,,,,,,
473,67219,,,,,1.1205977201461792,,,,,,,,,,,
473,67229,,,,,1.2447142601013184,,,,,,,,,,,
473,67239,,,,,0.9763467311859131,,,,,,,,,,,
473,67249,,,,,1.1018785238265991,,,,,,,,,,,
473,67259,,,,,1.1806201934814453,,,,,,,,,,,
473,67269,,,,,1.2647385597229004,,,,,,,,,,,
473,67279,,,,,1.0878840684890747,,,,,,,,,,,
473,67289,,,,,0.9988135099411011,,,,,,,,,,,
473,67299,,,,,1.206443190574646,,,,,,,,,,,
473,473,16.89980661606188,94.50535803267192,,,,,,,,,,,,,,
473,67307,,,,,,1.1367180347442627,,,,,,,,,,
474,67309,,,,,1.1900599002838135,,,,,,,,,,,
474,67319,,,,,1.105053186416626,,,,,,,,,,,
474,67329,,,,,1.1615772247314453,,,,,,,,,,,
474,67339,,,,,1.3543765544891357,,,,,,,,,,,
474,67349,,,,,1.3011749982833862,,,,,,,,,,,
474,67359,,,,,1.0128414630889893,,,,,,,,,,,
474,67369,,,,,1.1910054683685303,,,,,,,,,,,
474,67379,,,,,1.2414002418518066,,,,,,,,,,,
474,67389,,,,,1.1262269020080566,,,,,,,,,,,
474,67399,,,,,1.126885175704956,,,,,,,,,,,
474,67409,,,,,1.0749891996383667,,,,,,,,,,,
474,67419,,,,,1.0207713842391968,,,,,,,,,,,
474,67429,,,,,1.156422734260559,,,,,,,,,,,
474,67439,,,,,1.202831506729126,,,,,,,,,,,
474,67449,,,,,1.3250380754470825,,,,,,,,,,,
474,474,14.507025107364367,94.51349345445281,,,,,,,,,,,,,,
474,67449,,,,,,1.134301781654358,,,,,,,,,,
475,67459,,,,,1.057080864906311,,,,,,,,,,,
475,67469,,,,,1.1506282091140747,,,,,,,,,,,
475,67479,,,,,1.0790451765060425,,,,,,,,,,,
475,67489,,,,,1.1284033060073853,,,,,,,,,,,
475,67499,,,,,1.0947777032852173,,,,,,,,,,,
475,67509,,,,,1.1206283569335938,,,,,,,,,,,
475,67519,,,,,1.2967690229415894,,,,,,,,,,,
475,67529,,,,,1.212348222732544,,,,,,,,,,,
475,67539,,,,,1.074985146522522,,,,,,,,,,,
475,67549,,,,,1.235110878944397,,,,,,,,,,,
475,67559,,,,,1.1548588275909424,,,,,,,,,,,
475,67569,,,,,1.0669723749160767,,,,,,,,,,,
475,67579,,,,,1.0234884023666382,,,,,,,,,,,
475,67589,,,,,1.128065586090088,,,,,,,,,,,
475,475,15.841571503564865,94.52195309515152,,,,,,,,,,,,,,
475,67591,,,,,,1.1273292303085327,,,,,,,,,,
476,67599,,,,,1.1170605421066284,,,,,,,,,,,
476,67609,,,,,1.2006142139434814,,,,,,,,,,,
476,67619,,,,,1.2138279676437378,,,,,,,,,,,
476,67629,,,,,1.145827054977417,,,,,,,,,,,
476,67639,,,,,1.3223528861999512,,,,,,,,,,,
476,67649,,,,,1.129972219467163,,,,,,,,,,,
476,67659,,,,,1.31951105594635,,,,,,,,,,,
476,67669,,,,,0.96486896276474,,,,,,,,,,,
476,67679,,,,,1.5028655529022217,,,,,,,,,,,
476,67689,,,,,1.2415978908538818,,,,,,,,,,,
476,67699,,,,,1.1702505350112915,,,,,,,,,,,
476,67709,,,,,1.015710473060608,,,,,,,,,,,
476,67719,,,,,1.0795958042144775,,,,,,,,,,,
476,67729,,,,,1.1251826286315918,,,,,,,,,,,
476,476,15.30469100016091,94.53046743871705,,,,,,,,,,,,,,
476,67733,,,,,,1.1287764310836792,,,,,,,,,,
477,67739,,,,,0.9898175001144409,,,,,,,,,,,
477,67749,,,,,1.0358681678771973,,,,,,,,,,,
477,67759,,,,,1.1778526306152344,,,,,,,,,,,
477,67769,,,,,1.1333510875701904,,,,,,,,,,,
477,67779,,,,,1.0511939525604248,,,,,,,,,,,
477,67789,,,,,1.0578300952911377,,,,,,,,,,,
477,67799,,,,,1.020763874053955,,,,,,,,,,,
477,67809,,,,,1.0688151121139526,,,,,,,,,,,
477,67819,,,,,1.1733235120773315,,,,,,,,,,,
477,67829,,,,,0.9857772588729858,,,,,,,,,,,
477,67839,,,,,1.031251072883606,,,,,,,,,,,
477,67849,,,,,1.1788065433502197,,,,,,,,,,,
477,67859,,,,,1.1196006536483765,,,,,,,,,,,
477,67869,,,,,1.37540864944458,,,,,,,,,,,
477,477,14.752767532063423,94.53877838886271,,,,,,,,,,,,,,
477,67875,,,,,,1.1240297555923462,,,,,,,,,,
478,67879,,,,,0.8449563384056091,,,,,,,,,,,
478,67889,,,,,0.9912810921669006,,,,,,,,,,,
478,67899,,,,,1.256827712059021,,,,,,,,,,,
478,67909,,,,,1.0229461193084717,,,,,,,,,,,
478,67919,,,,,1.105233073234558,,,,,,,,,,,
478,67929,,,,,1.0904098749160767,,,,,,,,,,,
478,67939,,,,,1.2191965579986572,,,,,,,,,,,
478,67949,,,,,1.1743425130844116,,,,,,,,,,,
478,67959,,,,,1.1746220588684082,,,,,,,,,,,
478,67969,,,,,1.3984296321868896,,,,,,,,,,,
478,67979,,,,,1.145914077758789,,,,,,,,,,,
478,67989,,,,,1.0516926050186157,,,,,,,,,,,
478,67999,,,,,1.2447999715805054,,,,,,,,,,,
478,68009,,,,,1.3238744735717773,,,,,,,,,,,
478,478,16.640022869283627,94.54733449310959,,,,,,,,,,,,,,
478,68017,,,,,,1.1248514652252197,,,,,,,,,,
479,68019,,,,,1.087204098701477,,,,,,,,,,,
479,68029,,,,,1.0041424036026,,,,,,,,,,,
479,68039,,,,,0.9893432259559631,,,,,,,,,,,
479,68049,,,,,1.2156504392623901,,,,,,,,,,,
479,68059,,,,,1.2339427471160889,,,,,,,,,,,
479,68069,,,,,1.3197925090789795,,,,,,,,,,,
479,68079,,,,,1.1193686723709106,,,,,,,,,,,
479,68089,,,,,1.0191468000411987,,,,,,,,,,,
479,68099,,,,,1.1982557773590088,,,,,,,,,,,
479,68109,,,,,1.0499804019927979,,,,,,,,,,,
479,68119,,,,,1.1465378999710083,,,,,,,,,,,
479,68129,,,,,1.0876498222351074,,,,,,,,,,,
479,68139,,,,,1.23155677318573,,,,,,,,,,,
479,68149,,,,,0.9710484147071838,,,,,,,,,,,
479,68159,,,,,1.156725525856018,,,,,,,,,,,
479,479,,,0.9959695339202881,0.6702022552490234,,,0.846074154747031,0.8003873229026794,,0.8873453140258789,,0.24962575733661652,,3.9809391766178366,,0.2741278409957886
479,68159,,,,,,,,,0.8873453140258789,,0.24962575733661652,,3.9809393882751465,,0.2741278409957886,
479,479,15.507036686146646,94.55566870405076,,,,,,,,,,,,,,
479,68159,,,,,,1.1186836957931519,,,,,,,,,,
480,68169,,,,,1.0612127780914307,,,,,,,,,,,
480,68179,,,,,1.1735150814056396,,,,,,,,,,,
480,68189,,,,,1.2350982427597046,,,,,,,,,,,
480,68199,,,,,1.008825421333313,,,,,,,,,,,
480,68209,,,,,1.1115320920944214,,,,,,,,,,,
480,68219,,,,,1.067050814628601,,,,,,,,,,,
480,68229,,,,,1.3403708934783936,,,,,,,,,,,
480,68239,,,,,0.9236431121826172,,,,,,,,,,,
480,68249,,,,,1.0171513557434082,,,,,,,,,,,
480,68259,,,,,1.0806785821914673,,,,,,,,,,,
480,68269,,,,,0.968632698059082,,,,,,,,,,,
480,68279,,,,,1.1781394481658936,,,,,,,,,,,
480,68289,,,,,1.140616536140442,,,,,,,,,,,
480,68299,,,,,1.1234139204025269,,,,,,,,,,,
480,480,14.961166966173133,94.56387197403467,,,,,,,,,,,,,,
480,68301,,,,,,1.1154985427856445,,,,,,,,,,
481,68309,,,,,1.3568060398101807,,,,,,,,,,,
481,68319,,,,,1.031034231185913,,,,,,,,,,,
481,68329,,,,,1.1244474649429321,,,,,,,,,,,
481,68339,,,,,1.1758991479873657,,,,,,,,,,,
481,68349,,,,,1.0609272718429565,,,,,,,,,,,
481,68359,,,,,1.188821792602539,,,,,,,,,,,
481,68369,,,,,1.263300895690918,,,,,,,,,,,
481,68379,,,,,1.0122348070144653,,,,,,,,,,,
481,68389,,,,,1.14164137840271,,,,,,,,,,,
481,68399,,,,,1.0879852771759033,,,,,,,,,,,
481,68409,,,,,1.062938928604126,,,,,,,,,,,
481,68419,,,,,1.1131348609924316,,,,,,,,,,,
481,68429,,,,,0.9114829301834106,,,,,,,,,,,
481,68439,,,,,1.2483285665512085,,,,,,,,,,,
481,481,14.343435328346075,94.57234817309545,,,,,,,,,,,,,,
481,68443,,,,,,1.112311601638794,,,,,,,,,,
482,68449,,,,,1.1463509798049927,,,,,,,,,,,
482,68459,,,,,1.1195012331008911,,,,,,,,,,,
482,68469,,,,,1.2015180587768555,,,,,,,,,,,
482,68479,,,,,1.2389522790908813,,,,,,,,,,,
482,68489,,,,,0.9826874136924744,,,,,,,,,,,
482,68499,,,,,1.2245008945465088,,,,,,,,,,,
482,68509,,,,,0.9806575775146484,,,,,,,,,,,
482,68519,,,,,1.0150800943374634,,,,,,,,,,,
482,68529,,,,,1.039462685585022,,,,,,,,,,,
482,68539,,,,,1.0623201131820679,,,,,,,,,,,
482,68549,,,,,1.2152678966522217,,,,,,,,,,,
482,68559,,,,,1.1500314474105835,,,,,,,,,,,
482,68569,,,,,1.0566771030426025,,,,,,,,,,,
482,68579,,,,,1.055696964263916,,,,,,,,,,,
482,482,16.699305491575437,94.58061016577695,,,,,,,,,,,,,,
482,68585,,,,,,1.1133995056152344,,,,,,,,,,
483,68589,,,,,1.1059354543685913,,,,,,,,,,,
483,68599,,,,,0.9692203402519226,,,,,,,,,,,
483,68609,,,,,1.2763205766677856,,,,,,,,,,,
483,68619,,,,,1.259289026260376,,,,,,,,,,,
483,68629,,,,,1.0637562274932861,,,,,,,,,,,
483,68639,,,,,1.0540759563446045,,,,,,,,,,,
483,68649,,,,,0.9597203731536865,,,,,,,,,,,
483,68659,,,,,1.0112930536270142,,,,,,,,,,,
483,68669,,,,,1.1345360279083252,,,,,,,,,,,
483,68679,,,,,1.0752079486846924,,,,,,,,,,,
483,68689,,,,,1.1725013256072998,,,,,,,,,,,
483,68699,,,,,0.9332438707351685,,,,,,,,,,,
483,68709,,,,,1.2426104545593262,,,,,,,,,,,
483,68719,,,,,1.1995067596435547,,,,,,,,,,,
483,483,16.32619231488584,94.58868726448411,,,,,,,,,,,,,,
483,68727,,,,,,1.105674147605896,,,,,,,,,,
484,68729,,,,,1.1208000183105469,,,,,,,,,,,
484,68739,,,,,1.1249130964279175,,,,,,,,,,,
484,68749,,,,,1.1430143117904663,,,,,,,,,,,
484,68759,,,,,1.098046064376831,,,,,,,,,,,
484,68769,,,,,1.2857547998428345,,,,,,,,,,,
484,68779,,,,,1.1191673278808594,,,,,,,,,,,
484,68789,,,,,1.0087311267852783,,,,,,,,,,,
484,68799,,,,,1.2368634939193726,,,,,,,,,,,
484,68809,,,,,1.3453837633132935,,,,,,,,,,,
484,68819,,,,,1.0203031301498413,,,,,,,,,,,
484,68829,,,,,1.1931111812591553,,,,,,,,,,,
484,68839,,,,,0.9679898619651794,,,,,,,,,,,
484,68849,,,,,1.0955194234848022,,,,,,,,,,,
484,68859,,,,,1.0942625999450684,,,,,,,,,,,
484,68869,,,,,1.1577153205871582,,,,,,,,,,,
484,484,15.330140656415814,94.59708817478572,,,,,,,,,,,,,,
484,68869,,,,,,1.1068506240844727,,,,,,,,,,
485,68879,,,,,1.1779944896697998,,,,,,,,,,,
485,68889,,,,,1.1298118829727173,,,,,,,,,,,
485,68899,,,,,1.1182262897491455,,,,,,,,,,,
485,68909,,,,,1.4034112691879272,,,,,,,,,,,
485,68919,,,,,1.2200318574905396,,,,,,,,,,,
485,68929,,,,,1.2883515357971191,,,,,,,,,,,
485,68939,,,,,1.0332255363464355,,,,,,,,,,,
485,68949,,,,,1.1235601902008057,,,,,,,,,,,
485,68959,,,,,1.1226482391357422,,,,,,,,,,,
485,68969,,,,,1.198477029800415,,,,,,,,,,,
485,68979,,,,,1.0054281949996948,,,,,,,,,,,
485,68989,,,,,1.1312016248703003,,,,,,,,,,,
485,68999,,,,,1.1812456846237183,,,,,,,,,,,
485,69009,,,,,1.183727741241455,,,,,,,,,,,
485,485,17.27178361223527,94.60571029012594,,,,,,,,,,,,,,
485,69011,,,,,,1.0945392847061157,,,,,,,,,,
486,69019,,,,,0.9803777933120728,,,,,,,,,,,
486,69029,,,,,1.0098979473114014,,,,,,,,,,,
486,69039,,,,,0.9401349425315857,,,,,,,,,,,
486,69049,,,,,1.2395403385162354,,,,,,,,,,,
486,69059,,,,,1.1437934637069702,,,,,,,,,,,
486,69069,,,,,1.1317548751831055,,,,,,,,,,,
486,69079,,,,,1.1730364561080933,,,,,,,,,,,
486,69089,,,,,1.108836054801941,,,,,,,,,,,
486,69099,,,,,1.114441156387329,,,,,,,,,,,
486,69109,,,,,1.1497377157211304,,,,,,,,,,,
486,69119,,,,,1.2043588161468506,,,,,,,,,,,
486,69129,,,,,1.1193002462387085,,,,,,,,,,,
486,69139,,,,,1.150011658668518,,,,,,,,,,,
486,69149,,,,,1.0614359378814697,,,,,,,,,,,
486,486,17.148265980205657,94.61407901672037,,,,,,,,,,,,,,
486,69153,,,,,,1.0947139263153076,,,,,,,,,,
487,69159,,,,,1.2028076648712158,,,,,,,,,,,
487,69169,,,,,1.09275484085083,,,,,,,,,,,
487,69179,,,,,0.9921778440475464,,,,,,,,,,,
487,69189,,,,,0.9399707317352295,,,,,,,,,,,
487,69199,,,,,1.1243526935577393,,,,,,,,,,,
487,69209,,,,,1.1852179765701294,,,,,,,,,,,
487,69219,,,,,1.3002831935882568,,,,,,,,,,,
487,69229,,,,,1.0098590850830078,,,,,,,,,,,
487,69239,,,,,1.1757445335388184,,,,,,,,,,,
487,69249,,,,,1.1141084432601929,,,,,,,,,,,
487,69259,,,,,1.071212887763977,,,,,,,,,,,
487,69269,,,,,1.2064388990402222,,,,,,,,,,,
487,69279,,,,,1.023834466934204,,,,,,,,,,,
487,69289,,,,,1.0252567529678345,,,,,,,,,,,
487,487,16.21919335601911,94.6226976419955,,,,,,,,,,,,,,
487,69295,,,,,,1.0975290536880493,,,,,,,,,,
488,69299,,,,,1.1282360553741455,,,,,,,,,,,
488,69309,,,,,1.140170693397522,,,,,,,,,,,
488,69319,,,,,1.1571766138076782,,,,,,,,,,,
488,69329,,,,,1.0528978109359741,,,,,,,,,,,
488,69339,,,,,1.0955166816711426,,,,,,,,,,,
488,69349,,,,,1.1572645902633667,,,,,,,,,,,
488,69359,,,,,1.087873935699463,,,,,,,,,,,
488,69369,,,,,1.0938695669174194,,,,,,,,,,,
488,69379,,,,,1.2351281642913818,,,,,,,,,,,
488,69389,,,,,1.2558664083480835,,,,,,,,,,,
488,69399,,,,,1.2620584964752197,,,,,,,,,,,
488,69409,,,,,0.8353514075279236,,,,,,,,,,,
488,69419,,,,,1.0435240268707275,,,,,,,,,,,
488,69429,,,,,1.2445484399795532,,,,,,,,,,,
488,488,16.965787064715826,94.63056606455748,,,,,,,,,,,,,,
488,69437,,,,,,1.0935375690460205,,,,,,,,,,
489,69439,,,,,1.1393821239471436,,,,,,,,,,,
489,69449,,,,,1.1850887537002563,,,,,,,,,,,
489,69459,,,,,1.0497852563858032,,,,,,,,,,,
489,69469,,,,,1.031301498413086,,,,,,,,,,,
489,69479,,,,,1.143497109413147,,,,,,,,,,,
489,69489,,,,,1.0430437326431274,,,,,,,,,,,
489,69499,,,,,1.2315407991409302,,,,,,,,,,,
489,69509,,,,,1.0341731309890747,,,,,,,,,,,
489,69519,,,,,1.1749992370605469,,,,,,,,,,,
489,69529,,,,,1.0875052213668823,,,,,,,,,,,
489,69539,,,,,1.0558761358261108,,,,,,,,,,,
489,69549,,,,,1.163450002670288,,,,,,,,,,,
489,69559,,,,,1.1058317422866821,,,,,,,,,,,
489,69569,,,,,1.3185718059539795,,,,,,,,,,,
489,69579,,,,,1.0942103862762451,,,,,,,,,,,
489,489,,,0.9962525963783264,0.6869503259658813,,,0.8257097618365271,0.8074629306793213,,0.8901641368865967,,0.24721777439117432,,4.033853280300996,,0.27230867743492126
489,69579,,,,,,,,,0.8901641368865967,,0.24721777439117432,,4.033853054046631,,0.27230867743492126,
489,489,15.788065163941777,94.63865222325806,,,,,,,,,,,,,,
489,69579,,,,,,1.089813470840454,,,,,,,,,,
490,69589,,,,,0.9195382595062256,,,,,,,,,,,
490,69599,,,,,1.0123497247695923,,,,,,,,,,,
490,69609,,,,,1.1680821180343628,,,,,,,,,,,
490,69619,,,,,0.9906361699104309,,,,,,,,,,,
490,69629,,,,,0.9416108727455139,,,,,,,,,,,
490,69639,,,,,1.2697232961654663,,,,,,,,,,,
490,69649,,,,,1.0090343952178955,,,,,,,,,,,
490,69659,,,,,1.1251420974731445,,,,,,,,,,,
490,69669,,,,,1.07689368724823,,,,,,,,,,,
490,69679,,,,,1.0189145803451538,,,,,,,,,,,
490,69689,,,,,1.1189457178115845,,,,,,,,,,,
490,69699,,,,,1.209374189376831,,,,,,,,,,,
490,69709,,,,,1.098029375076294,,,,,,,,,,,
490,69719,,,,,1.091312289237976,,,,,,,,,,,
490,490,16.41554165788028,94.64702774207107,,,,,,,,,,,,,,
490,69721,,,,,,1.0843263864517212,,,,,,,,,,
491,69729,,,,,1.0732653141021729,,,,,,,,,,,
491,69739,,,,,1.1297504901885986,,,,,,,,,,,
491,69749,,,,,1.0040006637573242,,,,,,,,,,,
491,69759,,,,,1.1470810174942017,,,,,,,,,,,
491,69769,,,,,0.9315364360809326,,,,,,,,,,,
491,69779,,,,,1.2847988605499268,,,,,,,,,,,
491,69789,,,,,0.9796664118766785,,,,,,,,,,,
491,69799,,,,,0.9823361039161682,,,,,,,,,,,
491,69809,,,,,1.0521471500396729,,,,,,,,,,,
491,69819,,,,,1.1273906230926514,,,,,,,,,,,
491,69829,,,,,0.8855719566345215,,,,,,,,,,,
491,69839,,,,,1.0105407238006592,,,,,,,,,,,
491,69849,,,,,0.8683954477310181,,,,,,,,,,,
491,69859,,,,,1.1252249479293823,,,,,,,,,,,
491,491,15.455469271213778,94.65523874188428,,,,,,,,,,,,,,
491,69863,,,,,,1.0864018201828003,,,,,,,,,,
492,69869,,,,,1.2781378030776978,,,,,,,,,,,
492,69879,,,,,1.022708773612976,,,,,,,,,,,
492,69889,,,,,1.13540780544281,,,,,,,,,,,
492,69899,,,,,0.968950629234314,,,,,,,,,,,
492,69909,,,,,0.9466475248336792,,,,,,,,,,,
492,69919,,,,,1.2404001951217651,,,,,,,,,,,
492,69929,,,,,1.1110587120056152,,,,,,,,,,,
492,69939,,,,,1.3670934438705444,,,,,,,,,,,
492,69949,,,,,1.0803669691085815,,,,,,,,,,,
492,69959,,,,,1.0445951223373413,,,,,,,,,,,
492,69969,,,,,1.066823959350586,,,,,,,,,,,
492,69979,,,,,1.177886962890625,,,,,,,,,,,
492,69989,,,,,1.0797789096832275,,,,,,,,,,,
492,69999,,,,,1.1931266784667969,,,,,,,,,,,
492,492,15.73615626134159,94.66338101730277,,,,,,,,,,,,,,
492,70005,,,,,,1.0823882818222046,,,,,,,,,,
493,70009,,,,,1.0751203298568726,,,,,,,,,,,
493,70019,,,,,1.073851227760315,,,,,,,,,,,
493,70029,,,,,1.1869654655456543,,,,,,,,,,,
493,70039,,,,,1.0357061624526978,,,,,,,,,,,
493,70049,,,,,1.0240423679351807,,,,,,,,,,,
493,70059,,,,,1.0274063348770142,,,,,,,,,,,
493,70069,,,,,0.9916675090789795,,,,,,,,,,,
493,70079,,,,,0.9378042221069336,,,,,,,,,,,
493,70089,,,,,1.2634152173995972,,,,,,,,,,,
493,70099,,,,,0.8469383120536804,,,,,,,,,,,
493,70109,,,,,1.248608946800232,,,,,,,,,,,
493,70119,,,,,1.1434659957885742,,,,,,,,,,,
493,70129,,,,,1.063954472541809,,,,,,,,,,,
493,70139,,,,,1.1169763803482056,,,,,,,,,,,
493,493,17.10031983004525,94.67128278346462,,,,,,,,,,,,,,
493,70147,,,,,,1.0780668258666992,,,,,,,,,,
494,70149,,,,,1.1379481554031372,,,,,,,,,,,
494,70159,,,,,1.0437201261520386,,,,,,,,,,,
494,70169,,,,,1.1520297527313232,,,,,,,,,,,
494,70179,,,,,1.1539524793624878,,,,,,,,,,,
494,70189,,,,,1.2353166341781616,,,,,,,,,,,
494,70199,,,,,1.1272761821746826,,,,,,,,,,,
494,70209,,,,,1.0362941026687622,,,,,,,,,,,
494,70219,,,,,1.0089023113250732,,,,,,,,,,,
494,70229,,,,,1.2388556003570557,,,,,,,,,,,
494,70239,,,,,1.119997262954712,,,,,,,,,,,
494,70249,,,,,1.2018094062805176,,,,,,,,,,,
494,70259,,,,,0.9423441290855408,,,,,,,,,,,
494,70269,,,,,1.1453464031219482,,,,,,,,,,,
494,70279,,,,,1.0016931295394897,,,,,,,,,,,
494,70289,,,,,1.0423266887664795,,,,,,,,,,,
494,494,14.154442923152809,94.68025389945215,,,,,,,,,,,,,,
494,70289,,,,,,1.0769929885864258,,,,,,,,,,
495,70299,,,,,1.2222952842712402,,,,,,,,,,,
495,70309,,,,,1.228469967842102,,,,,,,,,,,
495,70319,,,,,1.1568375825881958,,,,,,,,,,,
495,70329,,,,,1.042399287223816,,,,,,,,,,,
495,70339,,,,,0.9603443145751953,,,,,,,,,,,
495,70349,,,,,1.0418357849121094,,,,,,,,,,,
495,70359,,,,,1.169298529624939,,,,,,,,,,,
495,70369,,,,,0.9615411162376404,,,,,,,,,,,
495,70379,,,,,0.9257543683052063,,,,,,,,,,,
495,70389,,,,,1.0726208686828613,,,,,,,,,,,
495,70399,,,,,1.0883857011795044,,,,,,,,,,,
495,70409,,,,,1.1159303188323975,,,,,,,,,,,
495,70419,,,,,0.912058413028717,,,,,,,,,,,
495,70429,,,,,0.9794377684593201,,,,,,,,,,,
495,495,16.18777684394432,94.68853080179757,,,,,,,,,,,,,,
495,70431,,,,,,1.068651795387268,,,,,,,,,,
496,70439,,,,,1.23586905002594,,,,,,,,,,,
496,70449,,,,,1.0922271013259888,,,,,,,,,,,
496,70459,,,,,1.2235722541809082,,,,,,,,,,,
496,70469,,,,,1.1202698945999146,,,,,,,,,,,
496,70479,,,,,1.1839311122894287,,,,,,,,,,,
496,70489,,,,,1.1851861476898193,,,,,,,,,,,
496,70499,,,,,0.859079122543335,,,,,,,,,,,
496,70509,,,,,1.036979079246521,,,,,,,,,,,
496,70519,,,,,1.0300074815750122,,,,,,,,,,,
496,70529,,,,,1.024224877357483,,,,,,,,,,,
496,70539,,,,,0.9721652269363403,,,,,,,,,,,
496,70549,,,,,0.928233802318573,,,,,,,,,,,
496,70559,,,,,1.0683149099349976,,,,,,,,,,,
496,70569,,,,,1.0765223503112793,,,,,,,,,,,
496,496,14.425938932611487,94.69699993582033,,,,,,,,,,,,,,
496,70573,,,,,,1.0663989782333374,,,,,,,,,,
497,70579,,,,,1.00482177734375,,,,,,,,,,,
497,70589,,,,,1.2402572631835938,,,,,,,,,,,
497,70599,,,,,1.0653101205825806,,,,,,,,,,,
497,70609,,,,,1.2119300365447998,,,,,,,,,,,
497,70619,,,,,1.1076537370681763,,,,,,,,,,,
497,70629,,,,,1.1146610975265503,,,,,,,,,,,
497,70639,,,,,0.9425889253616333,,,,,,,,,,,
497,70649,,,,,1.1238938570022583,,,,,,,,,,,
497,70659,,,,,1.24732506275177,,,,,,,,,,,
497,70669,,,,,1.391914963722229,,,,,,,,,,,
497,70679,,,,,1.029026985168457,,,,,,,,,,,
497,70689,,,,,1.1052098274230957,,,,,,,,,,,
497,70699,,,,,1.1484260559082031,,,,,,,,,,,
497,70709,,,,,1.1160507202148438,,,,,,,,,,,
497,497,17.750826607918643,94.70519127116208,,,,,,,,,,,,,,
497,70715,,,,,,1.07034170627594,,,,,,,,,,
498,70719,,,,,1.0710945129394531,,,,,,,,,,,
498,70729,,,,,1.0659483671188354,,,,,,,,,,,
498,70739,,,,,1.0560768842697144,,,,,,,,,,,
498,70749,,,,,1.0463035106658936,,,,,,,,,,,
498,70759,,,,,1.0977321863174438,,,,,,,,,,,
498,70769,,,,,0.8180232048034668,,,,,,,,,,,
498,70779,,,,,1.0508650541305542,,,,,,,,,,,
498,70789,,,,,1.0786782503128052,,,,,,,,,,,
498,70799,,,,,1.2217262983322144,,,,,,,,,,,
498,70809,,,,,1.0427857637405396,,,,,,,,,,,
498,70819,,,,,1.2552733421325684,,,,,,,,,,,
498,70829,,,,,1.0771349668502808,,,,,,,,,,,
498,70839,,,,,1.1418046951293945,,,,,,,,,,,
498,70849,,,,,1.1448053121566772,,,,,,,,,,,
498,498,18.00183292665357,94.71323862891906,,,,,,,,,,,,,,
498,70857,,,,,,1.0605614185333252,,,,,,,,,,
499,70859,,,,,0.8866782784461975,,,,,,,,,,,
499,70869,,,,,1.046164870262146,,,,,,,,,,,
499,70879,,,,,1.1131274700164795,,,,,,,,,,,
499,70889,,,,,0.9670760631561279,,,,,,,,,,,
499,70899,,,,,1.0163875818252563,,,,,,,,,,,
499,70909,,,,,1.097159743309021,,,,,,,,,,,
499,70919,,,,,1.0255323648452759,,,,,,,,,,,
499,70929,,,,,1.2539697885513306,,,,,,,,,,,
499,70939,,,,,1.127859115600586,,,,,,,,,,,
499,70949,,,,,0.9288545250892639,,,,,,,,,,,
499,70959,,,,,1.209462285041809,,,,,,,,,,,
499,70969,,,,,1.0641528367996216,,,,,,,,,,,
499,70979,,,,,0.9328218102455139,,,,,,,,,,,
499,70989,,,,,0.9434201121330261,,,,,,,,,,,
499,70999,,,,,1.1283873319625854,,,,,,,,,,,
499,499,,,0.9964648485183716,0.6951220035552979,,,0.798861054982132,0.8156378865242004,,0.8886329531669617,,0.25070977210998535,,4.063593651263082,,0.2760953903198242
499,70999,,,,,,,,,0.8886329531669617,,0.25070977210998535,,4.063593864440918,,0.2760953903198242,
499,499,15.33907896970323,94.72146033034774,,,,,,,,,,,,,,
499,70999,,,,,,1.0626866817474365,,,,,,,,,,
500,71009,,,,,1.1518125534057617,,,,,,,,,,,
500,71019,,,,,1.0653077363967896,,,,,,,,,,,
500,71029,,,,,0.9930031895637512,,,,,,,,,,,
500,71039,,,,,0.9211885333061218,,,,,,,,,,,
500,71049,,,,,1.1140540838241577,,,,,,,,,,,
500,71059,,,,,0.9730708003044128,,,,,,,,,,,
500,71069,,,,,0.9647930860519409,,,,,,,,,,,
500,71079,,,,,1.2782394886016846,,,,,,,,,,,
500,71089,,,,,0.9076249003410339,,,,,,,,,,,
500,71099,,,,,1.0251739025115967,,,,,,,,,,,
500,71109,,,,,1.0016828775405884,,,,,,,,,,,
500,71119,,,,,0.8925530314445496,,,,,,,,,,,
500,71129,,,,,1.0294448137283325,,,,,,,,,,,
500,71139,,,,,1.1570430994033813,,,,,,,,,,,
500,500,14.991473301961761,94.73015908329003,,,,,,,,,,,,,,
500,71141,,,,,,1.06317138671875,,,,,,,,,,
501,71149,,,,,1.0994218587875366,,,,,,,,,,,
501,71159,,,,,0.9756922721862793,,,,,,,,,,,
501,71169,,,,,1.2390129566192627,,,,,,,,,,,
501,71179,,,,,1.1563585996627808,,,,,,,,,,,
501,71189,,,,,1.049039602279663,,,,,,,,,,,
501,71199,,,,,1.1124751567840576,,,,,,,,,,,
501,71209,,,,,1.1018998622894287,,,,,,,,,,,
501,71219,,,,,0.9238759875297546,,,,,,,,,,,
501,71229,,,,,1.088460087776184,,,,,,,,,,,
501,71239,,,,,0.9890450239181519,,,,,,,,,,,
501,71249,,,,,1.0629127025604248,,,,,,,,,,,
501,71259,,,,,1.140950322151184,,,,,,,,,,,
501,71269,,,,,0.9973737597465515,,,,,,,,,,,
501,71279,,,,,1.0690568685531616,,,,,,,,,,,
501,501,15.058871588920763,94.73875171921851,,,,,,,,,,,,,,
501,71283,,,,,,1.0602402687072754,,,,,,,,,,
502,71289,,,,,1.24483060836792,,,,,,,,,,,
502,71299,,,,,1.078259825706482,,,,,,,,,,,
502,71309,,,,,0.923978328704834,,,,,,,,,,,
502,71319,,,,,1.0282560586929321,,,,,,,,,,,
502,71329,,,,,1.1998976469039917,,,,,,,,,,,
502,71339,,,,,1.093457579612732,,,,,,,,,,,
502,71349,,,,,1.0547436475753784,,,,,,,,,,,
502,71359,,,,,1.0824843645095825,,,,,,,,,,,
502,71369,,,,,1.1527584791183472,,,,,,,,,,,
502,71379,,,,,1.1071383953094482,,,,,,,,,,,
502,71389,,,,,0.9469860792160034,,,,,,,,,,,
502,71399,,,,,1.0267184972763062,,,,,,,,,,,
502,71409,,,,,1.2013723850250244,,,,,,,,,,,
502,71419,,,,,1.3146108388900757,,,,,,,,,,,
502,502,16.269248261937676,94.7471577982602,,,,,,,,,,,,,,
502,71425,,,,,,1.049564003944397,,,,,,,,,,
503,71429,,,,,1.012682318687439,,,,,,,,,,,
503,71439,,,,,0.9859487414360046,,,,,,,,,,,
503,71449,,,,,1.0274361371994019,,,,,,,,,,,
503,71459,,,,,1.0782967805862427,,,,,,,,,,,
503,71469,,,,,0.9762029647827148,,,,,,,,,,,
503,71479,,,,,0.881555438041687,,,,,,,,,,,
503,71489,,,,,1.2120038270950317,,,,,,,,,,,
503,71499,,,,,1.0710824728012085,,,,,,,,,,,
503,71509,,,,,1.1507316827774048,,,,,,,,,,,
503,71519,,,,,0.9919189214706421,,,,,,,,,,,
503,71529,,,,,1.1361478567123413,,,,,,,,,,,
503,71539,,,,,1.1821324825286865,,,,,,,,,,,
503,71549,,,,,0.9493858218193054,,,,,,,,,,,
503,71559,,,,,1.1518080234527588,,,,,,,,,,,
503,503,16.15650849468704,94.75583018123766,,,,,,,,,,,,,,
503,71567,,,,,,1.0446895360946655,,,,,,,,,,
504,71569,,,,,1.2338963747024536,,,,,,,,,,,
504,71579,,,,,1.0059212446212769,,,,,,,,,,,
504,71589,,,,,1.0382182598114014,,,,,,,,,,,
504,71599,,,,,1.0541272163391113,,,,,,,,,,,
504,71609,,,,,1.1609889268875122,,,,,,,,,,,
504,71619,,,,,0.9698907136917114,,,,,,,,,,,
504,71629,,,,,0.98276686668396,,,,,,,,,,,
504,71639,,,,,1.1365394592285156,,,,,,,,,,,
504,71649,,,,,1.0608586072921753,,,,,,,,,,,
504,71659,,,,,1.1931438446044922,,,,,,,,,,,
504,71669,,,,,1.1095014810562134,,,,,,,,,,,
504,71679,,,,,1.1649709939956665,,,,,,,,,,,
504,71689,,,,,1.1871356964111328,,,,,,,,,,,
504,71699,,,,,0.987559974193573,,,,,,,,,,,
504,71709,,,,,1.0303746461868286,,,,,,,,,,,
504,504,16.103658211523673,94.76388147933214,,,,,,,,,,,,,,
504,71709,,,,,,1.0514726638793945,,,,,,,,,,
505,71719,,,,,1.054903268814087,,,,,,,,,,,
505,71729,,,,,1.1033841371536255,,,,,,,,,,,
505,71739,,,,,1.0775861740112305,,,,,,,,,,,
505,71749,,,,,0.9870911836624146,,,,,,,,,,,
505,71759,,,,,1.0293824672698975,,,,,,,,,,,
505,71769,,,,,1.00898277759552,,,,,,,,,,,
505,71779,,,,,0.985541045665741,,,,,,,,,,,
505,71789,,,,,0.9237690567970276,,,,,,,,,,,
505,71799,,,,,1.0492905378341675,,,,,,,,,,,
505,71809,,,,,1.0640450716018677,,,,,,,,,,,
505,71819,,,,,1.123903751373291,,,,,,,,,,,
505,71829,,,,,0.9599543809890747,,,,,,,,,,,
505,71839,,,,,0.9303594827651978,,,,,,,,,,,
505,71849,,,,,1.057884931564331,,,,,,,,,,,
505,505,15.939061719293479,94.77219711212362,,,,,,,,,,,,,,
505,71851,,,,,,1.053410291671753,,,,,,,,,,
506,71859,,,,,1.1103867292404175,,,,,,,,,,,
506,71869,,,,,0.8177180290222168,,,,,,,,,,,
506,71879,,,,,0.984444797039032,,,,,,,,,,,
506,71889,,,,,0.923011302947998,,,,,,,,,,,
506,71899,,,,,1.0778554677963257,,,,,,,,,,,
506,71909,,,,,1.136121153831482,,,,,,,,,,,
506,71919,,,,,1.0409512519836426,,,,,,,,,,,
506,71929,,,,,0.9987887144088745,,,,,,,,,,,
506,71939,,,,,0.8827596306800842,,,,,,,,,,,
506,71949,,,,,0.986138105392456,,,,,,,,,,,
506,71959,,,,,1.2102404832839966,,,,,,,,,,,
506,71969,,,,,1.0673243999481201,,,,,,,,,,,
506,71979,,,,,0.883460521697998,,,,,,,,,,,
506,71989,,,,,1.035892128944397,,,,,,,,,,,
506,506,16.776828004596574,94.7804665093974,,,,,,,,,,,,,,
506,71993,,,,,,1.0476562976837158,,,,,,,,,,
507,71999,,,,,1.1718952655792236,,,,,,,,,,,
507,72009,,,,,0.952477753162384,,,,,,,,,,,
507,72019,,,,,1.2016571760177612,,,,,,,,,,,
507,72029,,,,,0.906818151473999,,,,,,,,,,,
507,72039,,,,,1.1386229991912842,,,,,,,,,,,
507,72049,,,,,1.088516116142273,,,,,,,,,,,
507,72059,,,,,0.9951348900794983,,,,,,,,,,,
507,72069,,,,,1.0654494762420654,,,,,,,,,,,
507,72079,,,,,1.1569322347640991,,,,,,,,,,,
507,72089,,,,,0.9700037837028503,,,,,,,,,,,
507,72099,,,,,0.8843978643417358,,,,,,,,,,,
507,72109,,,,,1.1902873516082764,,,,,,,,,,,
507,72119,,,,,1.0155339241027832,,,,,,,,,,,
507,72129,,,,,1.132614254951477,,,,,,,,,,,
507,507,15.492061803215313,94.78876058037916,,,,,,,,,,,,,,
507,72135,,,,,,1.0398640632629395,,,,,,,,,,
508,72139,,,,,0.9007700681686401,,,,,,,,,,,
508,72149,,,,,0.8907931447029114,,,,,,,,,,,
508,72159,,,,,1.1060420274734497,,,,,,,,,,,
508,72169,,,,,1.191030502319336,,,,,,,,,,,
508,72179,,,,,0.8041458129882812,,,,,,,,,,,
508,72189,,,,,0.9648310542106628,,,,,,,,,,,
508,72199,,,,,0.9405117630958557,,,,,,,,,,,
508,72209,,,,,1.2776625156402588,,,,,,,,,,,
508,72219,,,,,0.9937334060668945,,,,,,,,,,,
508,72229,,,,,1.1252955198287964,,,,,,,,,,,
508,72239,,,,,0.9839110970497131,,,,,,,,,,,
508,72249,,,,,0.9409623742103577,,,,,,,,,,,
508,72259,,,,,0.925022542476654,,,,,,,,,,,
508,72269,,,,,0.9562343955039978,,,,,,,,,,,
508,508,14.597386608848412,94.79700290579025,,,,,,,,,,,,,,
508,72277,,,,,,1.0370855331420898,,,,,,,,,,
509,72279,,,,,1.048464298248291,,,,,,,,,,,
509,72289,,,,,1.0866329669952393,,,,,,,,,,,
509,72299,,,,,1.0542885065078735,,,,,,,,,,,
509,72309,,,,,0.9192884564399719,,,,,,,,,,,
509,72319,,,,,0.8416601419448853,,,,,,,,,,,
509,72329,,,,,1.0293294191360474,,,,,,,,,,,
509,72339,,,,,1.1040056943893433,,,,,,,,,,,
509,72349,,,,,1.0221062898635864,,,,,,,,,,,
509,72359,,,,,1.1589338779449463,,,,,,,,,,,
509,72369,,,,,0.8801766037940979,,,,,,,,,,,
509,72379,,,,,1.1009527444839478,,,,,,,,,,,
509,72389,,,,,1.0474727153778076,,,,,,,,,,,
509,72399,,,,,1.0840578079223633,,,,,,,,,,,
509,72409,,,,,1.0794274806976318,,,,,,,,,,,
509,72419,,,,,0.9086421132087708,,,,,,,,,,,
509,509,,,0.9968429207801819,0.7124260663986206,,,0.7727467709192564,0.8306790590286255,,0.8893578052520752,,0.2572249174118042,,4.108774671140982,,0.27993589639663696
509,72419,,,,,,,,,0.8893578052520752,,0.2572249174118042,,4.108774662017822,,0.27993589639663696,
509,509,15.444752215497777,94.80524223284911,,,,,,,,,,,,,,
509,72419,,,,,,1.0314134359359741,,,,,,,,,,
510,72429,,,,,1.0618637800216675,,,,,,,,,,,
510,72439,,,,,1.0020450353622437,,,,,,,,,,,
510,72449,,,,,1.102113962173462,,,,,,,,,,,
510,72459,,,,,1.147249698638916,,,,,,,,,,,
510,72469,,,,,1.1032410860061646,,,,,,,,,,,
510,72479,,,,,0.9947750568389893,,,,,,,,,,,
510,72489,,,,,1.0855391025543213,,,,,,,,,,,
510,72499,,,,,0.9157314300537109,,,,,,,,,,,
510,72509,,,,,1.100831389427185,,,,,,,,,,,
510,72519,,,,,0.8204429149627686,,,,,,,,,,,
510,72529,,,,,0.8604363799095154,,,,,,,,,,,
510,72539,,,,,0.9653684496879578,,,,,,,,,,,
510,72549,,,,,1.0546139478683472,,,,,,,,,,,
510,72559,,,,,0.9793829321861267,,,,,,,,,,,
510,510,17.283266258619918,94.81374057940296,,,,,,,,,,,,,,
510,72561,,,,,,1.0378901958465576,,,,,,,,,,
511,72569,,,,,0.9229453802108765,,,,,,,,,,,
511,72579,,,,,1.2293657064437866,,,,,,,,,,,
511,72589,,,,,0.8288413286209106,,,,,,,,,,,
511,72599,,,,,0.996748149394989,,,,,,,,,,,
511,72609,,,,,0.9343116283416748,,,,,,,,,,,
511,72619,,,,,1.0380343198776245,,,,,,,,,,,
511,72629,,,,,1.1328791379928589,,,,,,,,,,,
511,72639,,,,,0.8967949748039246,,,,,,,,,,,
511,72649,,,,,0.9205652475357056,,,,,,,,,,,
511,72659,,,,,1.1296724081039429,,,,,,,,,,,
511,72669,,,,,0.9728919267654419,,,,,,,,,,,
511,72679,,,,,0.9411437511444092,,,,,,,,,,,
511,72689,,,,,0.9788324236869812,,,,,,,,,,,
511,72699,,,,,0.9546831846237183,,,,,,,,,,,
511,511,14.126635032722284,94.8217924865312,,,,,,,,,,,,,,
511,72703,,,,,,1.0323166847229004,,,,,,,,,,
512,72709,,,,,1.0475690364837646,,,,,,,,,,,
512,72719,,,,,0.8964898586273193,,,,,,,,,,,
512,72729,,,,,1.0294665098190308,,,,,,,,,,,
512,72739,,,,,0.964610755443573,,,,,,,,,,,
512,72749,,,,,1.0102715492248535,,,,,,,,,,,
512,72759,,,,,1.1055147647857666,,,,,,,,,,,
512,72769,,,,,1.1589313745498657,,,,,,,,,,,
512,72779,,,,,1.0407174825668335,,,,,,,,,,,
512,72789,,,,,1.0321584939956665,,,,,,,,,,,
512,72799,,,,,0.9962526559829712,,,,,,,,,,,
512,72809,,,,,1.1142784357070923,,,,,,,,,,,
512,72819,,,,,1.045196771621704,,,,,,,,,,,
512,72829,,,,,1.009027123451233,,,,,,,,,,,
512,72839,,,,,1.151515007019043,,,,,,,,,,,
512,512,15.598028336936844,94.8306483812905,,,,,,,,,,,,,,
512,72845,,,,,,1.0271204710006714,,,,,,,,,,
513,72849,,,,,1.0057001113891602,,,,,,,,,,,
513,72859,,,,,1.0783871412277222,,,,,,,,,,,
513,72869,,,,,1.0716235637664795,,,,,,,,,,,
513,72879,,,,,1.005118727684021,,,,,,,,,,,
513,72889,,,,,1.0601664781570435,,,,,,,,,,,
513,72899,,,,,0.9563855528831482,,,,,,,,,,,
513,72909,,,,,0.9743260741233826,,,,,,,,,,,
513,72919,,,,,1.064157247543335,,,,,,,,,,,
513,72929,,,,,1.1412872076034546,,,,,,,,,,,
513,72939,,,,,0.960830807685852,,,,,,,,,,,
513,72949,,,,,1.0463283061981201,,,,,,,,,,,
513,72959,,,,,0.9538190960884094,,,,,,,,,,,
513,72969,,,,,1.0835322141647339,,,,,,,,,,,
513,72979,,,,,0.8891648054122925,,,,,,,,,,,
513,513,14.61703143002696,94.83935469734536,,,,,,,,,,,,,,
513,72987,,,,,,1.0251866579055786,,,,,,,,,,
514,72989,,,,,1.0030667781829834,,,,,,,,,,,
514,72999,,,,,0.798792839050293,,,,,,,,,,,
514,73009,,,,,1.0809661149978638,,,,,,,,,,,
514,73019,,,,,1.0816980600357056,,,,,,,,,,,
514,73029,,,,,0.955348789691925,,,,,,,,,,,
514,73039,,,,,1.085655927658081,,,,,,,,,,,
514,73049,,,,,0.9215734004974365,,,,,,,,,,,
514,73059,,,,,0.9945034384727478,,,,,,,,,,,
514,73069,,,,,1.1134345531463623,,,,,,,,,,,
514,73079,,,,,0.948927104473114,,,,,,,,,,,
514,73089,,,,,1.0105772018432617,,,,,,,,,,,
514,73099,,,,,1.1242520809173584,,,,,,,,,,,
514,73109,,,,,1.2560304403305054,,,,,,,,,,,
514,73119,,,,,1.052866816520691,,,,,,,,,,,
514,73129,,,,,1.0128663778305054,,,,,,,,,,,
514,514,16.528226817137345,94.84755356415818,,,,,,,,,,,,,,
514,73129,,,,,,1.0252574682235718,,,,,,,,,,
515,73139,,,,,1.1773359775543213,,,,,,,,,,,
515,73149,,,,,1.0462678670883179,,,,,,,,,,,
515,73159,,,,,1.0229295492172241,,,,,,,,,,,
515,73169,,,,,1.0195881128311157,,,,,,,,,,,
515,73179,,,,,0.9707549214363098,,,,,,,,,,,
515,73189,,,,,0.9796415567398071,,,,,,,,,,,
515,73199,,,,,0.9609238505363464,,,,,,,,,,,
515,73209,,,,,1.160934329032898,,,,,,,,,,,
515,73219,,,,,0.9974730610847473,,,,,,,,,,,
515,73229,,,,,0.9534599184989929,,,,,,,,,,,
515,73239,,,,,0.9501304626464844,,,,,,,,,,,
515,73249,,,,,1.090889573097229,,,,,,,,,,,
515,73259,,,,,1.1282062530517578,,,,,,,,,,,
515,73269,,,,,0.9062320590019226,,,,,,,,,,,
515,515,15.131285239741581,94.85591665809181,,,,,,,,,,,,,,
515,73271,,,,,,1.0154567956924438,,,,,,,,,,
516,73279,,,,,0.7999295592308044,,,,,,,,,,,
516,73289,,,,,1.1839730739593506,,,,,,,,,,,
516,73299,,,,,0.9881207346916199,,,,,,,,,,,
516,73309,,,,,1.048309564590454,,,,,,,,,,,
516,73319,,,,,1.0435149669647217,,,,,,,,,,,
516,73329,,,,,1.1759909391403198,,,,,,,,,,,
516,73339,,,,,0.9952743053436279,,,,,,,,,,,
516,73349,,,,,0.9083520174026489,,,,,,,,,,,
516,73359,,,,,1.0189435482025146,,,,,,,,,,,
516,73369,,,,,1.0244652032852173,,,,,,,,,,,
516,73379,,,,,1.0470596551895142,,,,,,,,,,,
516,73389,,,,,1.0171529054641724,,,,,,,,,,,
516,73399,,,,,0.97275310754776,,,,,,,,,,,
516,73409,,,,,0.8340230584144592,,,,,,,,,,,
516,516,15.398824434596087,94.86430057541747,,,,,,,,,,,,,,
516,73413,,,,,,1.0203660726547241,,,,,,,,,,
517,73419,,,,,1.1241825819015503,,,,,,,,,,,
517,73429,,,,,1.0607589483261108,,,,,,,,,,,
517,73439,,,,,1.0503475666046143,,,,,,,,,,,
517,73449,,,,,1.0259603261947632,,,,,,,,,,,
517,73459,,,,,0.9948703050613403,,,,,,,,,,,
517,73469,,,,,0.8394768238067627,,,,,,,,,,,
517,73479,,,,,0.8740440011024475,,,,,,,,,,,
517,73489,,,,,1.1051771640777588,,,,,,,,,,,
517,73499,,,,,1.1148334741592407,,,,,,,,,,,
517,73509,,,,,0.9302540421485901,,,,,,,,,,,
517,73519,,,,,1.1455183029174805,,,,,,,,,,,
517,73529,,,,,1.062434196472168,,,,,,,,,,,
517,73539,,,,,1.106881022453308,,,,,,,,,,,
517,73549,,,,,1.043947458267212,,,,,,,,,,,
517,517,17.97923133952645,94.87234987838087,,,,,,,,,,,,,,
517,73555,,,,,,1.016455054283142,,,,,,,,,,
518,73559,,,,,1.1802303791046143,,,,,,,,,,,
518,73569,,,,,1.082743525505066,,,,,,,,,,,
518,73579,,,,,0.9271756410598755,,,,,,,,,,,
518,73589,,,,,1.1297838687896729,,,,,,,,,,,
518,73599,,,,,0.9581640958786011,,,,,,,,,,,
518,73609,,,,,1.134422779083252,,,,,,,,,,,
518,73619,,,,,1.0838173627853394,,,,,,,,,,,
518,73629,,,,,0.9964033365249634,,,,,,,,,,,
518,73639,,,,,0.8949623107910156,,,,,,,,,,,
518,73649,,,,,1.049961805343628,,,,,,,,,,,
518,73659,,,,,0.8806664943695068,,,,,,,,,,,
518,73669,,,,,1.0388282537460327,,,,,,,,,,,
518,73679,,,,,1.1998873949050903,,,,,,,,,,,
518,73689,,,,,1.119950532913208,,,,,,,,,,,
518,518,15.616049302220055,94.88088054169951,,,,,,,,,,,,,,
518,73697,,,,,,1.0116980075836182,,,,,,,,,,
519,73699,,,,,0.8579034805297852,,,,,,,,,,,
519,73709,,,,,1.0673832893371582,,,,,,,,,,,
519,73719,,,,,0.9266366362571716,,,,,,,,,,,
519,73729,,,,,0.9119623899459839,,,,,,,,,,,
519,73739,,,,,0.9395621418952942,,,,,,,,,,,
519,73749,,,,,1.1096066236495972,,,,,,,,,,,
519,73759,,,,,0.9870584011077881,,,,,,,,,,,
519,73769,,,,,0.9738357067108154,,,,,,,,,,,
519,73779,,,,,0.981512725353241,,,,,,,,,,,
519,73789,,,,,1.0004061460494995,,,,,,,,,,,
519,73799,,,,,0.9983496069908142,,,,,,,,,,,
519,73809,,,,,1.0380476713180542,,,,,,,,,,,
519,73819,,,,,0.9766459465026855,,,,,,,,,,,
519,73829,,,,,1.0302248001098633,,,,,,,,,,,
519,73839,,,,,0.9691789150238037,,,,,,,,,,,
519,519,,,0.9970701336860657,0.7211922407150269,,,0.7430542450606781,0.8387947082519531,,0.8900861144065857,,0.26006150245666504,,4.149189110921354,,0.2784334421157837
519,73839,,,,,,,,,0.8900861144065857,,0.26006150245666504,,4.14918851852417,,0.2784334421157837,
519,519,16.160859417688073,94.88873894433938,,,,,,,,,,,,,,
519,73839,,,,,,1.0115156173706055,,,,,,,,,,
520,73849,,,,,0.9537128806114197,,,,,,,,,,,
520,73859,,,,,0.8188343048095703,,,,,,,,,,,
520,73869,,,,,1.0199636220932007,,,,,,,,,,,
520,73879,,,,,1.1820266246795654,,,,,,,,,,,
520,73889,,,,,0.9140663743019104,,,,,,,,,,,
520,73899,,,,,0.9815736413002014,,,,,,,,,,,
520,73909,,,,,0.7869697213172913,,,,,,,,,,,
520,73919,,,,,0.9112184047698975,,,,,,,,,,,
520,73929,,,,,0.9377776980400085,,,,,,,,,,,
520,73939,,,,,0.9283471703529358,,,,,,,,,,,
520,73949,,,,,1.121176838874817,,,,,,,,,,,
520,73959,,,,,0.7666598558425903,,,,,,,,,,,
520,73969,,,,,1.104254126548767,,,,,,,,,,,
520,73979,,,,,1.141021728515625,,,,,,,,,,,
520,520,15.74699171651761,94.89714178830215,,,,,,,,,,,,,,
520,73981,,,,,,1.0028609037399292,,,,,,,,,,
521,73989,,,,,0.9647324681282043,,,,,,,,,,,
521,73999,,,,,1.048182725906372,,,,,,,,,,,
521,74009,,,,,0.9193456768989563,,,,,,,,,,,
521,74019,,,,,0.946622371673584,,,,,,,,,,,
521,74029,,,,,0.9797669053077698,,,,,,,,,,,
521,74039,,,,,0.8722708225250244,,,,,,,,,,,
521,74049,,,,,0.8781558275222778,,,,,,,,,,,
521,74059,,,,,0.8189705610275269,,,,,,,,,,,
521,74069,,,,,1.0308750867843628,,,,,,,,,,,
521,74079,,,,,1.0370630025863647,,,,,,,,,,,
521,74089,,,,,0.839331865310669,,,,,,,,,,,
521,74099,,,,,1.1677930355072021,,,,,,,,,,,
521,74109,,,,,1.0014227628707886,,,,,,,,,,,
521,74119,,,,,1.1117209196090698,,,,,,,,,,,
521,521,15.013830068309293,94.90570066511177,,,,,,,,,,,,,,
521,74123,,,,,,1.0084763765335083,,,,,,,,,,
522,74129,,,,,1.0593092441558838,,,,,,,,,,,
522,74139,,,,,0.9748679995536804,,,,,,,,,,,
522,74149,,,,,0.8815274834632874,,,,,,,,,,,
522,74159,,,,,1.0606427192687988,,,,,,,,,,,
522,74169,,,,,0.9532479643821716,,,,,,,,,,,
522,74179,,,,,0.978026270866394,,,,,,,,,,,
522,74189,,,,,1.032570719718933,,,,,,,,,,,
522,74199,,,,,1.0417370796203613,,,,,,,,,,,
522,74209,,,,,0.989580512046814,,,,,,,,,,,
522,74219,,,,,0.8740583062171936,,,,,,,,,,,
522,74229,,,,,0.9224987030029297,,,,,,,,,,,
522,74239,,,,,0.8478374481201172,,,,,,,,,,,
522,74249,,,,,0.8759769797325134,,,,,,,,,,,
522,74259,,,,,0.9705753922462463,,,,,,,,,,,
522,522,15.216844553750086,94.91433763794518,,,,,,,,,,,,,,
522,74265,,,,,,1.0029590129852295,,,,,,,,,,
523,74269,,,,,1.019348382949829,,,,,,,,,,,
523,74279,,,,,1.0558167695999146,,,,,,,,,,,
523,74289,,,,,1.0336647033691406,,,,,,,,,,,
523,74299,,,,,0.8443214297294617,,,,,,,,,,,
523,74309,,,,,0.839183509349823,,,,,,,,,,,
523,74319,,,,,0.9669157862663269,,,,,,,,,,,
523,74329,,,,,0.8961709141731262,,,,,,,,,,,
523,74339,,,,,1.1020464897155762,,,,,,,,,,,
523,74349,,,,,0.9705344438552856,,,,,,,,,,,
523,74359,,,,,1.081298828125,,,,,,,,,,,
523,74369,,,,,0.8466154336929321,,,,,,,,,,,
523,74379,,,,,0.9541996717453003,,,,,,,,,,,
523,74389,,,,,0.8578100204467773,,,,,,,,,,,
523,74399,,,,,1.0107786655426025,,,,,,,,,,,
523,523,16.31929085038959,94.9221494269572,,,,,,,,,,,,,,
523,74407,,,,,,1.008398175239563,,,,,,,,,,
524,74409,,,,,1.014500379562378,,,,,,,,,,,
524,74419,,,,,0.9461300373077393,,,,,,,,,,,
524,74429,,,,,0.9996949434280396,,,,,,,,,,,
524,74439,,,,,0.9616967439651489,,,,,,,,,,,
524,74449,,,,,0.9514297842979431,,,,,,,,,,,
524,74459,,,,,1.0445938110351562,,,,,,,,,,,
524,74469,,,,,1.091636061668396,,,,,,,,,,,
524,74479,,,,,0.9346617460250854,,,,,,,,,,,
524,74489,,,,,1.0113180875778198,,,,,,,,,,,
524,74499,,,,,0.7943121194839478,,,,,,,,,,,
524,74509,,,,,0.9674754738807678,,,,,,,,,,,
524,74519,,,,,1.117883563041687,,,,,,,,,,,
524,74529,,,,,1.0022304058074951,,,,,,,,,,,
524,74539,,,,,0.8179290294647217,,,,,,,,,,,
524,74549,,,,,0.9121914505958557,,,,,,,,,,,
524,524,14.344988299198418,94.93038440980973,,,,,,,,,,,,,,
524,74549,,,,,,0.9982115626335144,,,,,,,,,,
525,74559,,,,,0.7874203324317932,,,,,,,,,,,
525,74569,,,,,1.0691719055175781,,,,,,,,,,,
525,74579,,,,,1.0268644094467163,,,,,,,,,,,
525,74589,,,,,1.0647296905517578,,,,,,,,,,,
525,74599,,,,,0.9792011976242065,,,,,,,,,,,
525,74609,,,,,1.1914608478546143,,,,,,,,,,,
525,74619,,,,,1.0528770685195923,,,,,,,,,,,
525,74629,,,,,0.9761349558830261,,,,,,,,,,,
525,74639,,,,,1.2454016208648682,,,,,,,,,,,
525,74649,,,,,0.9443744421005249,,,,,,,,,,,
525,74659,,,,,0.8325037956237793,,,,,,,,,,,
525,74669,,,,,1.0628832578659058,,,,,,,,,,,
525,74679,,,,,1.09589684009552,,,,,,,,,,,
525,74689,,,,,1.1345124244689941,,,,,,,,,,,
525,525,16.75450193839184,94.93848606395788,,,,,,,,,,,,,,
525,74691,,,,,,0.996834397315979,,,,,,,,,,
526,74699,,,,,0.9888513088226318,,,,,,,,,,,
526,74709,,,,,0.9932731986045837,,,,,,,,,,,
526,74719,,,,,1.033219337463379,,,,,,,,,,,
526,74729,,,,,0.9071913957595825,,,,,,,,,,,
526,74739,,,,,1.1851965188980103,,,,,,,,,,,
526,74749,,,,,0.9231470227241516,,,,,,,,,,,
526,74759,,,,,1.0215113162994385,,,,,,,,,,,
526,74769,,,,,1.058332085609436,,,,,,,,,,,
526,74779,,,,,1.0537519454956055,,,,,,,,,,,
526,74789,,,,,0.8229498267173767,,,,,,,,,,,
526,74799,,,,,0.9100773334503174,,,,,,,,,,,
526,74809,,,,,0.873258650302887,,,,,,,,,,,
526,74819,,,,,1.1059192419052124,,,,,,,,,,,
526,74829,,,,,1.1129405498504639,,,,,,,,,,,
526,526,15.580695356194015,94.94672897596539,,,,,,,,,,,,,,
526,74833,,,,,,0.9950655698776245,,,,,,,,,,
527,74839,,,,,0.7406663298606873,,,,,,,,,,,
527,74849,,,,,1.0001319646835327,,,,,,,,,,,
527,74859,,,,,1.038878321647644,,,,,,,,,,,
527,74869,,,,,0.925975501537323,,,,,,,,,,,
527,74879,,,,,1.0479795932769775,,,,,,,,,,,
527,74889,,,,,1.1343815326690674,,,,,,,,,,,
527,74899,,,,,1.24971342086792,,,,,,,,,,,
527,74909,,,,,0.911426842212677,,,,,,,,,,,
527,74919,,,,,1.0263423919677734,,,,,,,,,,,
527,74929,,,,,1.0636355876922607,,,,,,,,,,,
527,74939,,,,,0.909503161907196,,,,,,,,,,,
527,74949,,,,,0.9593273997306824,,,,,,,,,,,
527,74959,,,,,1.0494577884674072,,,,,,,,,,,
527,74969,,,,,1.1267585754394531,,,,,,,,,,,
527,527,15.334577497739012,94.95441793007187,,,,,,,,,,,,,,
527,74975,,,,,,0.9923834204673767,,,,,,,,,,
528,74979,,,,,0.986018717288971,,,,,,,,,,,
528,74989,,,,,1.011015772819519,,,,,,,,,,,
528,74999,,,,,1.0181858539581299,,,,,,,,,,,
528,75009,,,,,1.1440976858139038,,,,,,,,,,,
528,75019,,,,,0.9958341717720032,,,,,,,,,,,
528,75029,,,,,0.9759146571159363,,,,,,,,,,,
528,75039,,,,,1.097952127456665,,,,,,,,,,,
528,75049,,,,,0.9384118914604187,,,,,,,,,,,
528,75059,,,,,0.8438934087753296,,,,,,,,,,,
528,75069,,,,,0.9692568778991699,,,,,,,,,,,
528,75079,,,,,1.2037891149520874,,,,,,,,,,,
528,75089,,,,,0.9925900101661682,,,,,,,,,,,
528,75099,,,,,1.2063082456588745,,,,,,,,,,,
528,75109,,,,,0.9309048056602478,,,,,,,,,,,
528,528,15.232926683528714,94.96286752632363,,,,,,,,,,,,,,
528,75117,,,,,,0.9932288527488708,,,,,,,,,,
529,75119,,,,,1.0650074481964111,,,,,,,,,,,
529,75129,,,,,0.8664753437042236,,,,,,,,,,,
529,75139,,,,,0.9313823580741882,,,,,,,,,,,
529,75149,,,,,0.979804515838623,,,,,,,,,,,
529,75159,,,,,0.9661173820495605,,,,,,,,,,,
529,75169,,,,,0.9745484590530396,,,,,,,,,,,
529,75179,,,,,0.9486522674560547,,,,,,,,,,,
529,75189,,,,,0.9706490635871887,,,,,,,,,,,
529,75199,,,,,1.2096750736236572,,,,,,,,,,,
529,75209,,,,,0.8852177858352661,,,,,,,,,,,
529,75219,,,,,1.034804105758667,,,,,,,,,,,
529,75229,,,,,0.9187715649604797,,,,,,,,,,,
529,75239,,,,,1.1683188676834106,,,,,,,,,,,
529,75249,,,,,0.9395586848258972,,,,,,,,,,,
529,75259,,,,,0.9637174010276794,,,,,,,,,,,
529,529,,,0.9972209930419922,0.7270526885986328,,,0.7417820416639073,0.8437636494636536,,0.8892146348953247,,0.25734323263168335,,4.232912708301933,,0.27945393323898315
529,75259,,,,,,,,,0.8892146348953247,,0.25734323263168335,,4.232913017272949,,0.27945393323898315,
529,529,16.00936184804064,94.97111801145267,,,,,,,,,,,,,,
529,75259,,,,,,0.9865191578865051,,,,,,,,,,
530,75269,,,,,0.8391638994216919,,,,,,,,,,,
530,75279,,,,,0.9320518970489502,,,,,,,,,,,
530,75289,,,,,0.9793443083763123,,,,,,,,,,,
530,75299,,,,,0.8670678734779358,,,,,,,,,,,
530,75309,,,,,0.9542555212974548,,,,,,,,,,,
530,75319,,,,,0.8707305788993835,,,,,,,,,,,
530,75329,,,,,1.1396987438201904,,,,,,,,,,,
530,75339,,,,,1.0162065029144287,,,,,,,,,,,
530,75349,,,,,1.081868290901184,,,,,,,,,,,
530,75359,,,,,0.9679170250892639,,,,,,,,,,,
530,75369,,,,,0.9972456097602844,,,,,,,,,,,
530,75379,,,,,0.9758610129356384,,,,,,,,,,,
530,75389,,,,,1.0830687284469604,,,,,,,,,,,
530,75399,,,,,1.1310371160507202,,,,,,,,,,,
530,530,16.9696989623665,94.97916727786018,,,,,,,,,,,,,,
530,75401,,,,,,0.9883849620819092,,,,,,,,,,
531,75409,,,,,0.9277878403663635,,,,,,,,,,,
531,75419,,,,,0.9130555987358093,,,,,,,,,,,
531,75429,,,,,1.0325721502304077,,,,,,,,,,,
531,75439,,,,,0.8660042881965637,,,,,,,,,,,
531,75449,,,,,1.0075172185897827,,,,,,,,,,,
531,75459,,,,,1.0632399320602417,,,,,,,,,,,
531,75469,,,,,0.9353204369544983,,,,,,,,,,,
531,75479,,,,,0.9511778950691223,,,,,,,,,,,
531,75489,,,,,0.9205929636955261,,,,,,,,,,,
531,75499,,,,,0.9789088368415833,,,,,,,,,,,
531,75509,,,,,1.2208783626556396,,,,,,,,,,,
531,75519,,,,,1.032927393913269,,,,,,,,,,,
531,75529,,,,,1.0653833150863647,,,,,,,,,,,
531,75539,,,,,0.9334452748298645,,,,,,,,,,,
531,531,16.642716384093376,94.98774163999904,,,,,,,,,,,,,,
531,75543,,,,,,0.9831423759460449,,,,,,,,,,
532,75549,,,,,1.1183429956436157,,,,,,,,,,,
532,75559,,,,,0.8632232546806335,,,,,,,,,,,
532,75569,,,,,0.8823570013046265,,,,,,,,,,,
532,75579,,,,,0.8325471878051758,,,,,,,,,,,
532,75589,,,,,0.937821626663208,,,,,,,,,,,
532,75599,,,,,1.0713376998901367,,,,,,,,,,,
532,75609,,,,,0.9875094294548035,,,,,,,,,,,
532,75619,,,,,1.0991406440734863,,,,,,,,,,,
532,75629,,,,,1.031459927558899,,,,,,,,,,,
532,75639,,,,,0.9269691109657288,,,,,,,,,,,
532,75649,,,,,1.034158706665039,,,,,,,,,,,
532,75659,,,,,0.9858338832855225,,,,,,,,,,,
532,75669,,,,,1.1990991830825806,,,,,,,,,,,
532,75679,,,,,1.006310224533081,,,,,,,,,,,
532,532,16.908763780905513,94.99573185619086,,,,,,,,,,,,,,
532,75685,,,,,,0.9795628786087036,,,,,,,,,,
533,75689,,,,,1.1251884698867798,,,,,,,,,,,
533,75699,,,,,1.172202467918396,,,,,,,,,,,
533,75709,,,,,0.8804028034210205,,,,,,,,,,,
533,75719,,,,,1.1650480031967163,,,,,,,,,,,
533,75729,,,,,1.0330113172531128,,,,,,,,,,,
533,75739,,,,,1.0174906253814697,,,,,,,,,,,
533,75749,,,,,1.0073950290679932,,,,,,,,,,,
533,75759,,,,,1.1206930875778198,,,,,,,,,,,
533,75769,,,,,0.8902470469474792,,,,,,,,,,,
533,75779,,,,,0.8718850016593933,,,,,,,,,,,
533,75789,,,,,1.1548532247543335,,,,,,,,,,,
533,75799,,,,,1.101731538772583,,,,,,,,,,,
533,75809,,,,,0.8321932554244995,,,,,,,,,,,
533,75819,,,,,0.9083661437034607,,,,,,,,,,,
533,533,16.52862930320997,95.00384752130597,,,,,,,,,,,,,,
533,75827,,,,,,0.9832320809364319,,,,,,,,,,
534,75829,,,,,1.0244840383529663,,,,,,,,,,,
534,75839,,,,,1.0667654275894165,,,,,,,,,,,
534,75849,,,,,0.9290968775749207,,,,,,,,,,,
534,75859,,,,,0.8922907114028931,,,,,,,,,,,
534,75869,,,,,0.9622147679328918,,,,,,,,,,,
534,75879,,,,,0.9798073172569275,,,,,,,,,,,
534,75889,,,,,1.0092278718948364,,,,,,,,,,,
534,75899,,,,,0.9298733472824097,,,,,,,,,,,
534,75909,,,,,0.8613512516021729,,,,,,,,,,,
534,75919,,,,,1.13497793674469,,,,,,,,,,,
534,75929,,,,,0.9285425543785095,,,,,,,,,,,
534,75939,,,,,0.9078198671340942,,,,,,,,,,,
534,75949,,,,,0.8762292265892029,,,,,,,,,,,
534,75959,,,,,0.7399418354034424,,,,,,,,,,,
534,75969,,,,,0.9798187017440796,,,,,,,,,,,
534,534,15.988393838885186,95.01242850802754,,,,,,,,,,,,,,
534,75969,,,,,,0.9757568836212158,,,,,,,,,,
535,75979,,,,,0.9330892562866211,,,,,,,,,,,
535,75989,,,,,0.9540414810180664,,,,,,,,,,,
535,75999,,,,,1.0812983512878418,,,,,,,,,,,
535,76009,,,,,1.0071008205413818,,,,,,,,,,,
535,76019,,,,,0.9388652443885803,,,,,,,,,,,
535,76029,,,,,0.9644768834114075,,,,,,,,,,,
535,76039,,,,,0.9689792394638062,,,,,,,,,,,
535,76049,,,,,0.9061974883079529,,,,,,,,,,,
535,76059,,,,,1.1295546293258667,,,,,,,,,,,
535,76069,,,,,1.0965052843093872,,,,,,,,,,,
535,76079,,,,,0.9504450559616089,,,,,,,,,,,
535,76089,,,,,1.0262869596481323,,,,,,,,,,,
535,76099,,,,,1.0206321477890015,,,,,,,,,,,
535,76109,,,,,0.9783880114555359,,,,,,,,,,,
535,535,15.085098720197639,95.02068357606221,,,,,,,,,,,,,,
535,76111,,,,,,0.9717671871185303,,,,,,,,,,
536,76119,,,,,0.9327352643013,,,,,,,,,,,
536,76129,,,,,0.899486243724823,,,,,,,,,,,
536,76139,,,,,0.9328776597976685,,,,,,,,,,,
536,76149,,,,,0.8533980846405029,,,,,,,,,,,
536,76159,,,,,0.9416490197181702,,,,,,,,,,,
536,76169,,,,,0.8862664699554443,,,,,,,,,,,
536,76179,,,,,0.892351508140564,,,,,,,,,,,
536,76189,,,,,0.9552199840545654,,,,,,,,,,,
536,76199,,,,,0.9439910054206848,,,,,,,,,,,
536,76209,,,,,0.9414098262786865,,,,,,,,,,,
536,76219,,,,,0.8259307742118835,,,,,,,,,,,
536,76229,,,,,0.9681716561317444,,,,,,,,,,,
536,76239,,,,,0.9691333770751953,,,,,,,,,,,
536,76249,,,,,0.9841679334640503,,,,,,,,,,,
536,536,15.9479205903275,95.02900166827088,,,,,,,,,,,,,,
536,76253,,,,,,0.9674663543701172,,,,,,,,,,
537,76259,,,,,0.9120945334434509,,,,,,,,,,,
537,76269,,,,,0.9685052037239075,,,,,,,,,,,
537,76279,,,,,0.8223423361778259,,,,,,,,,,,
537,76289,,,,,1.0157151222229004,,,,,,,,,,,
537,76299,,,,,0.8841592073440552,,,,,,,,,,,
537,76309,,,,,0.8652493357658386,,,,,,,,,,,
537,76319,,,,,0.866656482219696,,,,,,,,,,,
537,76329,,,,,0.8901246190071106,,,,,,,,,,,
537,76339,,,,,0.8132597804069519,,,,,,,,,,,
537,76349,,,,,0.8771558403968811,,,,,,,,,,,
537,76359,,,,,1.094468593597412,,,,,,,,,,,
537,76369,,,,,1.1361140012741089,,,,,,,,,,,
537,76379,,,,,1.0596866607666016,,,,,,,,,,,
537,76389,,,,,0.9402392506599426,,,,,,,,,,,
537,537,16.48993350658748,95.03757414381357,,,,,,,,,,,,,,
537,76395,,,,,,0.9653642773628235,,,,,,,,,,
538,76399,,,,,0.9647471904754639,,,,,,,,,,,
538,76409,,,,,1.0895012617111206,,,,,,,,,,,
538,76419,,,,,0.8816872835159302,,,,,,,,,,,
538,76429,,,,,0.7661029696464539,,,,,,,,,,,
538,76439,,,,,0.9657270312309265,,,,,,,,,,,
538,76449,,,,,1.0042616128921509,,,,,,,,,,,
538,76459,,,,,0.9242832660675049,,,,,,,,,,,
538,76469,,,,,1.0429401397705078,,,,,,,,,,,
538,76479,,,,,1.0098717212677002,,,,,,,,,,,
538,76489,,,,,1.09271240234375,,,,,,,,,,,
538,76499,,,,,0.9981115460395813,,,,,,,,,,,
538,76509,,,,,1.0339202880859375,,,,,,,,,,,
538,76519,,,,,1.04280686378479,,,,,,,,,,,
538,76529,,,,,1.0212339162826538,,,,,,,,,,,
538,538,17.765496119152974,95.04554997311087,,,,,,,,,,,,,,
538,76537,,,,,,0.9642882347106934,,,,,,,,,,
539,76539,,,,,0.919622004032135,,,,,,,,,,,
539,76549,,,,,1.0277279615402222,,,,,,,,,,,
539,76559,,,,,0.9934113621711731,,,,,,,,,,,
539,76569,,,,,1.0252538919448853,,,,,,,,,,,
539,76579,,,,,0.8559253215789795,,,,,,,,,,,
539,76589,,,,,0.8907430171966553,,,,,,,,,,,
539,76599,,,,,0.8665125966072083,,,,,,,,,,,
539,76609,,,,,0.9650590419769287,,,,,,,,,,,
539,76619,,,,,1.053731918334961,,,,,,,,,,,
539,76629,,,,,0.9640958309173584,,,,,,,,,,,
539,76639,,,,,0.9962840676307678,,,,,,,,,,,
539,76649,,,,,0.9837173223495483,,,,,,,,,,,
539,76659,,,,,1.0102852582931519,,,,,,,,,,,
539,76669,,,,,0.9462539553642273,,,,,,,,,,,
539,76679,,,,,1.1326476335525513,,,,,,,,,,,
539,539,,,0.9974808096885681,0.7485729455947876,,,0.6985714660309292,0.8557772636413574,,0.8904241919517517,,0.2628929615020752,,4.2186994461380705,,0.278645783662796
539,76679,,,,,,,,,0.8904241919517517,,0.2628929615020752,,4.2186994552612305,,0.278645783662796,
539,539,15.80604630777045,95.05377781119441,,,,,,,,,,,,,,
539,76679,,,,,,0.9585071802139282,,,,,,,,,,
540,76689,,,,,1.122450590133667,,,,,,,,,,,
540,76699,,,,,0.9948953986167908,,,,,,,,,,,
540,76709,,,,,0.8183028101921082,,,,,,,,,,,
540,76719,,,,,0.964909017086029,,,,,,,,,,,
540,76729,,,,,0.8863322734832764,,,,,,,,,,,
540,76739,,,,,0.970769464969635,,,,,,,,,,,
540,76749,,,,,0.992206871509552,,,,,,,,,,,
540,76759,,,,,0.8869782090187073,,,,,,,,,,,
540,76769,,,,,1.0434554815292358,,,,,,,,,,,
540,76779,,,,,0.868192195892334,,,,,,,,,,,
540,76789,,,,,0.8682197332382202,,,,,,,,,,,
540,76799,,,,,0.9485146999359131,,,,,,,,,,,
540,76809,,,,,0.8656488060951233,,,,,,,,,,,
540,76819,,,,,0.8857368230819702,,,,,,,,,,,
540,540,17.898952696203004,95.06222768950934,,,,,,,,,,,,,,
540,76821,,,,,,0.9596381783485413,,,,,,,,,,
541,76829,,,,,1.0049487352371216,,,,,,,,,,,
541,76839,,,,,0.9978181719779968,,,,,,,,,,,
541,76849,,,,,0.8421830534934998,,,,,,,,,,,
541,76859,,,,,1.0188652276992798,,,,,,,,,,,
541,76869,,,,,0.9877281188964844,,,,,,,,,,,
541,76879,,,,,0.8393371105194092,,,,,,,,,,,
541,76889,,,,,0.9481627941131592,,,,,,,,,,,
541,76899,,,,,0.9180306792259216,,,,,,,,,,,
541,76909,,,,,0.9966448545455933,,,,,,,,,,,
541,76919,,,,,0.9812951683998108,,,,,,,,,,,
541,76929,,,,,0.8185625076293945,,,,,,,,,,,
541,76939,,,,,0.9428645968437195,,,,,,,,,,,
541,76949,,,,,1.0438647270202637,,,,,,,,,,,
541,76959,,,,,0.7317679524421692,,,,,,,,,,,
541,541,14.878061784741535,95.07111744201238,,,,,,,,,,,,,,
541,76963,,,,,,0.9570918679237366,,,,,,,,,,
542,76969,,,,,0.8845106363296509,,,,,,,,,,,
542,76979,,,,,1.0727903842926025,,,,,,,,,,,
542,76989,,,,,0.9865338802337646,,,,,,,,,,,
542,76999,,,,,1.0724983215332031,,,,,,,,,,,
542,77009,,,,,1.0478310585021973,,,,,,,,,,,
542,77019,,,,,0.993751049041748,,,,,,,,,,,
542,77029,,,,,0.8755955100059509,,,,,,,,,,,
542,77039,,,,,1.0903326272964478,,,,,,,,,,,
542,77049,,,,,0.8737574815750122,,,,,,,,,,,
542,77059,,,,,0.8876000642776489,,,,,,,,,,,
542,77069,,,,,0.891179084777832,,,,,,,,,,,
542,77079,,,,,1.010632038116455,,,,,,,,,,,
542,77089,,,,,1.045011281967163,,,,,,,,,,,
542,77099,,,,,0.809158980846405,,,,,,,,,,,
542,542,16.16056974980596,95.07962382049398,,,,,,,,,,,,,,
542,77105,,,,,,0.9565335512161255,,,,,,,,,,
543,77109,,,,,1.033290982246399,,,,,,,,,,,
543,77119,,,,,0.9735127091407776,,,,,,,,,,,
543,77129,,,,,0.9866631627082825,,,,,,,,,,,
543,77139,,,,,0.8125314712524414,,,,,,,,,,,
543,77149,,,,,0.9019501209259033,,,,,,,,,,,
543,77159,,,,,0.9788489937782288,,,,,,,,,,,
543,77169,,,,,0.911111056804657,,,,,,,,,,,
543,77179,,,,,0.9231970906257629,,,,,,,,,,,
543,77189,,,,,0.9078912734985352,,,,,,,,,,,
543,77199,,,,,0.8339719772338867,,,,,,,,,,,
543,77209,,,,,0.7628182768821716,,,,,,,,,,,
543,77219,,,,,0.9982014298439026,,,,,,,,,,,
543,77229,,,,,0.9506902694702148,,,,,,,,,,,
543,77239,,,,,0.8082485795021057,,,,,,,,,,,
543,543,14.827677251021745,95.08810157300279,,,,,,,,,,,,,,
543,77247,,,,,,0.9517837762832642,,,,,,,,,,
544,77249,,,,,0.822652280330658,,,,,,,,,,,
544,77259,,,,,0.9961079359054565,,,,,,,,,,,
544,77269,,,,,1.0614912509918213,,,,,,,,,,,
544,77279,,,,,0.8260731101036072,,,,,,,,,,,
544,77289,,,,,0.9828889966011047,,,,,,,,,,,
544,77299,,,,,0.8796128034591675,,,,,,,,,,,
544,77309,,,,,1.0158581733703613,,,,,,,,,,,
544,77319,,,,,1.061211347579956,,,,,,,,,,,
544,77329,,,,,1.0345427989959717,,,,,,,,,,,
544,77339,,,,,0.9634208679199219,,,,,,,,,,,
544,77349,,,,,0.9088004231452942,,,,,,,,,,,
544,77359,,,,,1.1039363145828247,,,,,,,,,,,
544,77369,,,,,1.0674887895584106,,,,,,,,,,,
544,77379,,,,,0.789745569229126,,,,,,,,,,,
544,77389,,,,,0.8877676129341125,,,,,,,,,,,
544,544,18.173814058547638,95.09617030671468,,,,,,,,,,,,,,
544,77389,,,,,,0.9508411884307861,,,,,,,,,,
545,77399,,,,,0.9403181076049805,,,,,,,,,,,
545,77409,,,,,0.9256830215454102,,,,,,,,,,,
545,77419,,,,,1.0273467302322388,,,,,,,,,,,
545,77429,,,,,0.7979879379272461,,,,,,,,,,,
545,77439,,,,,1.1133967638015747,,,,,,,,,,,
545,77449,,,,,0.8755035400390625,,,,,,,,,,,
545,77459,,,,,0.829788327217102,,,,,,,,,,,
545,77469,,,,,1.0286791324615479,,,,,,,,,,,
545,77479,,,,,0.9380437731742859,,,,,,,,,,,
545,77489,,,,,0.9819926023483276,,,,,,,,,,,
545,77499,,,,,0.918226957321167,,,,,,,,,,,
545,77509,,,,,0.9268781542778015,,,,,,,,,,,
545,77519,,,,,0.9616498947143555,,,,,,,,,,,
545,77529,,,,,0.8424190282821655,,,,,,,,,,,
545,545,15.168774892728255,95.10438683897227,,,,,,,,,,,,,,
545,77531,,,,,,0.951620876789093,,,,,,,,,,
546,77539,,,,,0.9156898260116577,,,,,,,,,,,
546,77549,,,,,1.0817140340805054,,,,,,,,,,,
546,77559,,,,,1.0747618675231934,,,,,,,,,,,
546,77569,,,,,1.1244271993637085,,,,,,,,,,,
546,77579,,,,,1.0214189291000366,,,,,,,,,,,
546,77589,,,,,0.8326016664505005,,,,,,,,,,,
546,77599,,,,,0.9010272026062012,,,,,,,,,,,
546,77609,,,,,0.7609145045280457,,,,,,,,,,,
546,77619,,,,,1.1173046827316284,,,,,,,,,,,
546,77629,,,,,1.0899107456207275,,,,,,,,,,,
546,77639,,,,,1.0249325037002563,,,,,,,,,,,
546,77649,,,,,0.9038884043693542,,,,,,,,,,,
546,77659,,,,,1.0408141613006592,,,,,,,,,,,
546,77669,,,,,0.9202350974082947,,,,,,,,,,,
546,546,17.002264007971473,95.1127033341578,,,,,,,,,,,,,,
546,77673,,,,,,0.9473443031311035,,,,,,,,,,
547,77679,,,,,1.003207802772522,,,,,,,,,,,
547,77689,,,,,0.8841947913169861,,,,,,,,,,,
547,77699,,,,,1.06476628780365,,,,,,,,,,,
547,77709,,,,,1.0524959564208984,,,,,,,,,,,
547,77719,,,,,0.9446460008621216,,,,,,,,,,,
547,77729,,,,,0.916839063167572,,,,,,,,,,,
547,77739,,,,,0.8531967997550964,,,,,,,,,,,
547,77749,,,,,0.9192800521850586,,,,,,,,,,,
547,77759,,,,,0.9069070219993591,,,,,,,,,,,
547,77769,,,,,0.9064130187034607,,,,,,,,,,,
547,77779,,,,,1.0882110595703125,,,,,,,,,,,
547,77789,,,,,0.8524147868156433,,,,,,,,,,,
547,77799,,,,,0.8733096122741699,,,,,,,,,,,
547,77809,,,,,0.9102268815040588,,,,,,,,,,,
547,547,15.319033911418638,95.12089726336237,,,,,,,,,,,,,,
547,77815,,,,,,0.9418401122093201,,,,,,,,,,
548,77819,,,,,0.970041811466217,,,,,,,,,,,
548,77829,,,,,1.0391833782196045,,,,,,,,,,,
548,77839,,,,,1.0540345907211304,,,,,,,,,,,
548,77849,,,,,0.938424289226532,,,,,,,,,,,
548,77859,,,,,0.8350070118904114,,,,,,,,,,,
548,77869,,,,,1.0132761001586914,,,,,,,,,,,
548,77879,,,,,0.9520108103752136,,,,,,,,,,,
548,77889,,,,,0.74173903465271,,,,,,,,,,,
548,77899,,,,,0.9924037456512451,,,,,,,,,,,
548,77909,,,,,1.001314401626587,,,,,,,,,,,
548,77919,,,,,0.9462460279464722,,,,,,,,,,,
548,77929,,,,,0.7409366965293884,,,,,,,,,,,
548,77939,,,,,0.8726850748062134,,,,,,,,,,,
548,77949,,,,,0.8097389936447144,,,,,,,,,,,
548,548,16.037913779698044,95.1294760310153,,,,,,,,,,,,,,
548,77957,,,,,,0.9385440349578857,,,,,,,,,,
549,77959,,,,,0.8079325556755066,,,,,,,,,,,
549,77969,,,,,0.9674497842788696,,,,,,,,,,,
549,77979,,,,,1.0128530263900757,,,,,,,,,,,
549,77989,,,,,1.073706865310669,,,,,,,,,,,
549,77999,,,,,1.0142590999603271,,,,,,,,,,,
549,78009,,,,,0.8791967630386353,,,,,,,,,,,
549,78019,,,,,0.9341184496879578,,,,,,,,,,,
549,78029,,,,,0.8766169548034668,,,,,,,,,,,
549,78039,,,,,1.0368826389312744,,,,,,,,,,,
549,78049,,,,,1.1538136005401611,,,,,,,,,,,
549,78059,,,,,0.8852880597114563,,,,,,,,,,,
549,78069,,,,,0.7344483733177185,,,,,,,,,,,
549,78079,,,,,0.9623168706893921,,,,,,,,,,,
549,78089,,,,,1.0279533863067627,,,,,,,,,,,
549,78099,,,,,0.952728271484375,,,,,,,,,,,
549,549,,,0.9977134466171265,0.7491534948348999,,,0.6836610645541563,0.86067134141922,,0.8890268802642822,,0.2637558579444885,,4.292795829626979,,0.2792496085166931
549,78099,,,,,,,,,0.8890268802642822,,0.2637558579444885,,4.292796611785889,,0.2792496085166931,
549,549,14.502564242387898,95.13737107419158,,,,,,,,,,,,,,
549,78099,,,,,,0.9408448934555054,,,,,,,,,,
550,78109,,,,,0.9167104959487915,,,,,,,,,,,
550,78119,,,,,0.8349842429161072,,,,,,,,,,,
550,78129,,,,,0.8137930035591125,,,,,,,,,,,
550,78139,,,,,1.0757074356079102,,,,,,,,,,,
550,78149,,,,,0.9363395571708679,,,,,,,,,,,
550,78159,,,,,0.9350846409797668,,,,,,,,,,,
550,78169,,,,,0.9462905526161194,,,,,,,,,,,
550,78179,,,,,0.846343457698822,,,,,,,,,,,
550,78189,,,,,0.8905462622642517,,,,,,,,,,,
550,78199,,,,,0.8460943698883057,,,,,,,,,,,
550,78209,,,,,1.009501576423645,,,,,,,,,,,
550,78219,,,,,1.0663068294525146,,,,,,,,,,,
550,78229,,,,,1.1238186359405518,,,,,,,,,,,
550,78239,,,,,0.8346732258796692,,,,,,,,,,,
550,550,14.466195470190575,95.14612295104612,,,,,,,,,,,,,,
550,78241,,,,,,0.9333907961845398,,,,,,,,,,
551,78249,,,,,0.7940194606781006,,,,,,,,,,,
551,78259,,,,,0.8115264773368835,,,,,,,,,,,
551,78269,,,,,0.9337365031242371,,,,,,,,,,,
551,78279,,,,,1.01602303981781,,,,,,,,,,,
551,78289,,,,,0.9396154284477234,,,,,,,,,,,
551,78299,,,,,0.86942458152771,,,,,,,,,,,
551,78309,,,,,0.9404682517051697,,,,,,,,,,,
551,78319,,,,,0.7899735569953918,,,,,,,,,,,
551,78329,,,,,0.8522769808769226,,,,,,,,,,,
551,78339,,,,,0.7986378073692322,,,,,,,,,,,
551,78349,,,,,0.878307044506073,,,,,,,,,,,
551,78359,,,,,0.9743795394897461,,,,,,,,,,,
551,78369,,,,,1.0322010517120361,,,,,,,,,,,
551,78379,,,,,1.0192958116531372,,,,,,,,,,,
551,551,15.407976842438014,95.15442842740926,,,,,,,,,,,,,,
551,78383,,,,,,0.9310954213142395,,,,,,,,,,
552,78389,,,,,0.8940068483352661,,,,,,,,,,,
552,78399,,,,,0.773108959197998,,,,,,,,,,,
552,78409,,,,,0.9019836783409119,,,,,,,,,,,
552,78419,,,,,0.8066940903663635,,,,,,,,,,,
552,78429,,,,,1.0355733633041382,,,,,,,,,,,
552,78439,,,,,0.9197916984558105,,,,,,,,,,,
552,78449,,,,,0.862148642539978,,,,,,,,,,,
552,78459,,,,,0.8391700387001038,,,,,,,,,,,
552,78469,,,,,0.9290140867233276,,,,,,,,,,,
552,78479,,,,,0.9491608142852783,,,,,,,,,,,
552,78489,,,,,0.935802161693573,,,,,,,,,,,
552,78499,,,,,0.909803569316864,,,,,,,,,,,
552,78509,,,,,1.0217514038085938,,,,,,,,,,,
552,78519,,,,,0.9981834292411804,,,,,,,,,,,
552,552,16.91054942428789,95.16246823154435,,,,,,,,,,,,,,
552,78525,,,,,,0.9307950735092163,,,,,,,,,,
553,78529,,,,,1.0462597608566284,,,,,,,,,,,
553,78539,,,,,0.908901035785675,,,,,,,,,,,
553,78549,,,,,0.8529966473579407,,,,,,,,,,,
553,78559,,,,,1.0571365356445312,,,,,,,,,,,
553,78569,,,,,1.0832422971725464,,,,,,,,,,,
553,78579,,,,,0.7587605714797974,,,,,,,,,,,
553,78589,,,,,0.9487514495849609,,,,,,,,,,,
553,78599,,,,,0.9970141649246216,,,,,,,,,,,
553,78609,,,,,0.9738970994949341,,,,,,,,,,,
553,78619,,,,,0.8334934115409851,,,,,,,,,,,
553,78629,,,,,0.8031740188598633,,,,,,,,,,,
553,78639,,,,,0.6963657736778259,,,,,,,,,,,
553,78649,,,,,0.9542986750602722,,,,,,,,,,,
553,78659,,,,,0.8480165004730225,,,,,,,,,,,
553,553,14.227955296592015,95.17103254184784,,,,,,,,,,,,,,
553,78667,,,,,,0.9244887232780457,,,,,,,,,,
554,78669,,,,,0.964838445186615,,,,,,,,,,,
554,78679,,,,,1.1267138719558716,,,,,,,,,,,
554,78689,,,,,1.0888203382492065,,,,,,,,,,,
554,78699,,,,,0.8509480357170105,,,,,,,,,,,
554,78709,,,,,0.9638335704803467,,,,,,,,,,,
554,78719,,,,,1.0481457710266113,,,,,,,,,,,
554,78729,,,,,1.015020489692688,,,,,,,,,,,
554,78739,,,,,0.9820830225944519,,,,,,,,,,,
554,78749,,,,,0.79100102186203,,,,,,,,,,,
554,78759,,,,,1.1289924383163452,,,,,,,,,,,
554,78769,,,,,1.0306386947631836,,,,,,,,,,,
554,78779,,,,,0.7856312990188599,,,,,,,,,,,
554,78789,,,,,0.8675017952919006,,,,,,,,,,,
554,78799,,,,,0.9676932096481323,,,,,,,,,,,
554,78809,,,,,0.8798130750656128,,,,,,,,,,,
554,554,16.057030710281392,95.17926981327167,,,,,,,,,,,,,,
554,78809,,,,,,0.9294027090072632,,,,,,,,,,
555,78819,,,,,1.1100186109542847,,,,,,,,,,,
555,78829,,,,,0.9219580888748169,,,,,,,,,,,
555,78839,,,,,0.7998022437095642,,,,,,,,,,,
555,78849,,,,,1.001699686050415,,,,,,,,,,,
555,78859,,,,,0.9333333969116211,,,,,,,,,,,
555,78869,,,,,0.8409377932548523,,,,,,,,,,,
555,78879,,,,,0.8192280530929565,,,,,,,,,,,
555,78889,,,,,0.9578604102134705,,,,,,,,,,,
555,78899,,,,,0.7237252593040466,,,,,,,,,,,
555,78909,,,,,0.9837505221366882,,,,,,,,,,,
555,78919,,,,,0.9909380674362183,,,,,,,,,,,
555,78929,,,,,1.0262877941131592,,,,,,,,,,,
555,78939,,,,,0.895467221736908,,,,,,,,,,,
555,78949,,,,,0.9943426251411438,,,,,,,,,,,
555,555,17.14990370892514,95.18722794966685,,,,,,,,,,,,,,
555,78951,,,,,,0.9225209951400757,,,,,,,,,,
556,78959,,,,,0.8213262557983398,,,,,,,,,,,
556,78969,,,,,0.9494857788085938,,,,,,,,,,,
556,78979,,,,,1.0005601644515991,,,,,,,,,,,
556,78989,,,,,0.8745718002319336,,,,,,,,,,,
556,78999,,,,,0.985254168510437,,,,,,,,,,,
556,79009,,,,,0.9136724472045898,,,,,,,,,,,
556,79019,,,,,1.0896915197372437,,,,,,,,,,,
556,79029,,,,,0.84736567735672,,,,,,,,,,,
556,79039,,,,,0.8132497072219849,,,,,,,,,,,
556,79049,,,,,0.9335232377052307,,,,,,,,,,,
556,79059,,,,,0.9309374690055847,,,,,,,,,,,
556,79069,,,,,0.9703771471977234,,,,,,,,,,,
556,79079,,,,,0.9577049016952515,,,,,,,,,,,
556,79089,,,,,0.878305196762085,,,,,,,,,,,
556,556,14.325212154082843,95.19557004754125,,,,,,,,,,,,,,
556,79093,,,,,,0.9264723658561707,,,,,,,,,,
557,79099,,,,,1.0210812091827393,,,,,,,,,,,
557,79109,,,,,0.7208776473999023,,,,,,,,,,,
557,79119,,,,,1.0729866027832031,,,,,,,,,,,
557,79129,,,,,0.9983583092689514,,,,,,,,,,,
557,79139,,,,,0.8547113537788391,,,,,,,,,,,
557,79149,,,,,0.9836634397506714,,,,,,,,,,,
557,79159,,,,,0.9153053164482117,,,,,,,,,,,
557,79169,,,,,1.0133628845214844,,,,,,,,,,,
557,79179,,,,,0.8517588376998901,,,,,,,,,,,
557,79189,,,,,0.8533190488815308,,,,,,,,,,,
557,79199,,,,,0.8320906162261963,,,,,,,,,,,
557,79209,,,,,0.974119246006012,,,,,,,,,,,
557,79219,,,,,0.8330464959144592,,,,,,,,,,,
557,79229,,,,,0.8202857971191406,,,,,,,,,,,
557,557,14.730810376111991,95.20397633226136,,,,,,,,,,,,,,
557,79235,,,,,,0.9193503260612488,,,,,,,,,,
558,79239,,,,,0.9763906598091125,,,,,,,,,,,
558,79249,,,,,0.8633859157562256,,,,,,,,,,,
558,79259,,,,,0.9367132186889648,,,,,,,,,,,
558,79269,,,,,1.15784752368927,,,,,,,,,,,
558,79279,,,,,1.018607258796692,,,,,,,,,,,
558,79289,,,,,0.9293079972267151,,,,,,,,,,,
558,79299,,,,,0.9404494166374207,,,,,,,,,,,
558,79309,,,,,0.9797189235687256,,,,,,,,,,,
558,79319,,,,,0.7707666754722595,,,,,,,,,,,
558,79329,,,,,0.9450881481170654,,,,,,,,,,,
558,79339,,,,,0.8658237457275391,,,,,,,,,,,
558,79349,,,,,0.9472367167472839,,,,,,,,,,,
558,79359,,,,,0.9033544063568115,,,,,,,,,,,
558,79369,,,,,0.926304280757904,,,,,,,,,,,
558,558,16.084266349518604,95.21206049005174,,,,,,,,,,,,,,
558,79377,,,,,,0.9153087139129639,,,,,,,,,,
559,79379,,,,,0.9729465246200562,,,,,,,,,,,
559,79389,,,,,0.9299441576004028,,,,,,,,,,,
559,79399,,,,,0.8301858901977539,,,,,,,,,,,
559,79409,,,,,0.8675795793533325,,,,,,,,,,,
559,79419,,,,,0.9718432426452637,,,,,,,,,,,
559,79429,,,,,1.0964008569717407,,,,,,,,,,,
559,79439,,,,,0.9577471017837524,,,,,,,,,,,
559,79449,,,,,0.9355413317680359,,,,,,,,,,,
559,79459,,,,,1.2406166791915894,,,,,,,,,,,
559,79469,,,,,0.7883614897727966,,,,,,,,,,,
559,79479,,,,,0.833314061164856,,,,,,,,,,,
559,79489,,,,,0.9423102140426636,,,,,,,,,,,
559,79499,,,,,0.776962399482727,,,,,,,,,,,
559,79509,,,,,0.8605235815048218,,,,,,,,,,,
559,79519,,,,,0.9780494570732117,,,,,,,,,,,
559,559,,,0.9978759288787842,0.7598203420639038,,,0.6510495195821361,0.87086421251297,,0.8876432776451111,,0.2591165006160736,,4.321322603797426,,0.2788783311843872
559,79519,,,,,,,,,0.8876432776451111,,0.2591165006160736,,4.321322441101074,,0.2788783311843872,
559,559,16.36607659209849,95.22050889639921,,,,,,,,,,,,,,
559,79519,,,,,,0.9106236100196838,,,,,,,,,,
560,79529,,,,,1.0458183288574219,,,,,,,,,,,
560,79539,,,,,0.9485482573509216,,,,,,,,,,,
560,79549,,,,,1.0140645503997803,,,,,,,,,,,
560,79559,,,,,0.9599670171737671,,,,,,,,,,,
560,79569,,,,,0.9422167539596558,,,,,,,,,,,
560,79579,,,,,1.0021247863769531,,,,,,,,,,,
560,79589,,,,,0.9672715663909912,,,,,,,,,,,
560,79599,,,,,1.0243862867355347,,,,,,,,,,,
560,79609,,,,,0.8684521317481995,,,,,,,,,,,
560,79619,,,,,0.874212920665741,,,,,,,,,,,
560,79629,,,,,0.9094200134277344,,,,,,,,,,,
560,79639,,,,,0.9434866309165955,,,,,,,,,,,
560,79649,,,,,1.0031307935714722,,,,,,,,,,,
560,79659,,,,,0.9983463883399963,,,,,,,,,,,
560,560,15.63392731861135,95.22887482002767,,,,,,,,,,,,,,
560,79661,,,,,,0.9140245318412781,,,,,,,,,,
561,79669,,,,,1.0394586324691772,,,,,,,,,,,
561,79679,,,,,0.991608738899231,,,,,,,,,,,
561,79689,,,,,0.8238651752471924,,,,,,,,,,,
561,79699,,,,,0.8827747702598572,,,,,,,,,,,
561,79709,,,,,0.8306961059570312,,,,,,,,,,,
561,79719,,,,,0.8547446727752686,,,,,,,,,,,
561,79729,,,,,0.8437414169311523,,,,,,,,,,,
561,79739,,,,,0.8425265550613403,,,,,,,,,,,
561,79749,,,,,1.056766152381897,,,,,,,,,,,
561,79759,,,,,0.9209436774253845,,,,,,,,,,,
561,79769,,,,,0.837835431098938,,,,,,,,,,,
561,79779,,,,,0.8251599073410034,,,,,,,,,,,
561,79789,,,,,0.850204348564148,,,,,,,,,,,
561,79799,,,,,0.9098987579345703,,,,,,,,,,,
561,561,14.285056139987205,95.23717373891377,,,,,,,,,,,,,,
561,79803,,,,,,0.9082379937171936,,,,,,,,,,
562,79809,,,,,0.9379560351371765,,,,,,,,,,,
562,79819,,,,,0.9206289649009705,,,,,,,,,,,
562,79829,,,,,0.7293457388877869,,,,,,,,,,,
562,79839,,,,,0.8883327841758728,,,,,,,,,,,
562,79849,,,,,0.9643239974975586,,,,,,,,,,,
562,79859,,,,,0.8754346370697021,,,,,,,,,,,
562,79869,,,,,0.8436238765716553,,,,,,,,,,,
562,79879,,,,,0.9429871439933777,,,,,,,,,,,
562,79889,,,,,1.0095452070236206,,,,,,,,,,,
562,79899,,,,,1.1587390899658203,,,,,,,,,,,
562,79909,,,,,1.0145657062530518,,,,,,,,,,,
562,79919,,,,,0.9042683243751526,,,,,,,,,,,
562,79929,,,,,0.8526713848114014,,,,,,,,,,,
562,79939,,,,,1.0676122903823853,,,,,,,,,,,
562,562,16.973300857462988,95.24552441105727,,,,,,,,,,,,,,
562,79945,,,,,,0.9072237014770508,,,,,,,,,,
563,79949,,,,,1.0078250169754028,,,,,,,,,,,
563,79959,,,,,0.8913730978965759,,,,,,,,,,,
563,79969,,,,,0.8535448908805847,,,,,,,,,,,
563,79979,,,,,0.9009141325950623,,,,,,,,,,,
563,79989,,,,,0.8379572629928589,,,,,,,,,,,
563,79999,,,,,0.8259658813476562,,,,,,,,,,,
563,80009,,,,,0.8736584186553955,,,,,,,,,,,
563,80019,,,,,1.0299267768859863,,,,,,,,,,,
563,80029,,,,,0.8347861170768738,,,,,,,,,,,
563,80039,,,,,0.9204295873641968,,,,,,,,,,,
563,80049,,,,,0.8124624490737915,,,,,,,,,,,
563,80059,,,,,0.8964893221855164,,,,,,,,,,,
563,80069,,,,,1.0024497509002686,,,,,,,,,,,
563,80079,,,,,0.9777096509933472,,,,,,,,,,,
563,563,15.912372131741181,95.25352677597196,,,,,,,,,,,,,,
563,80087,,,,,,0.9051917791366577,,,,,,,,,,
564,80089,,,,,0.8631255626678467,,,,,,,,,,,
564,80099,,,,,0.71221923828125,,,,,,,,,,,
564,80109,,,,,1.134537935256958,,,,,,,,,,,
564,80119,,,,,0.8305613398551941,,,,,,,,,,,
564,80129,,,,,0.7211418151855469,,,,,,,,,,,
564,80139,,,,,0.8726951479911804,,,,,,,,,,,
564,80149,,,,,0.984480082988739,,,,,,,,,,,
564,80159,,,,,0.8987689018249512,,,,,,,,,,,
564,80169,,,,,0.815792977809906,,,,,,,,,,,
564,80179,,,,,0.9581689834594727,,,,,,,,,,,
564,80189,,,,,0.8453232645988464,,,,,,,,,,,
564,80199,,,,,0.8711374998092651,,,,,,,,,,,
564,80209,,,,,0.834541916847229,,,,,,,,,,,
564,80219,,,,,0.9565297365188599,,,,,,,,,,,
564,80229,,,,,0.9610656499862671,,,,,,,,,,,
564,564,14.751827300823333,95.26204140978184,,,,,,,,,,,,,,
564,80229,,,,,,0.9018999934196472,,,,,,,,,,
565,80239,,,,,0.7946658134460449,,,,,,,,,,,
565,80249,,,,,0.8072143197059631,,,,,,,,,,,
565,80259,,,,,0.9225333333015442,,,,,,,,,,,
565,80269,,,,,0.8009191155433655,,,,,,,,,,,
565,80279,,,,,0.7942484617233276,,,,,,,,,,,
565,80289,,,,,0.8339327573776245,,,,,,,,,,,
565,80299,,,,,0.8079949617385864,,,,,,,,,,,
565,80309,,,,,0.8753222227096558,,,,,,,,,,,
565,80319,,,,,0.8675570487976074,,,,,,,,,,,
565,80329,,,,,0.7272512912750244,,,,,,,,,,,
565,80339,,,,,1.0582804679870605,,,,,,,,,,,
565,80349,,,,,0.8106311559677124,,,,,,,,,,,
565,80359,,,,,0.8920555710792542,,,,,,,,,,,
565,80369,,,,,0.8917477130889893,,,,,,,,,,,
565,565,15.949675362122221,95.27028654079164,,,,,,,,,,,,,,
565,80371,,,,,,0.9002360105514526,,,,,,,,,,
566,80379,,,,,0.8051629662513733,,,,,,,,,,,
566,80389,,,,,0.8971683979034424,,,,,,,,,,,
566,80399,,,,,0.926635205745697,,,,,,,,,,,
566,80409,,,,,0.8982939124107361,,,,,,,,,,,
566,80419,,,,,0.7304116487503052,,,,,,,,,,,
566,80429,,,,,0.8852383494377136,,,,,,,,,,,
566,80439,,,,,1.1097124814987183,,,,,,,,,,,
566,80449,,,,,0.938216507434845,,,,,,,,,,,
566,80459,,,,,0.869464099407196,,,,,,,,,,,
566,80469,,,,,0.8955360054969788,,,,,,,,,,,
566,80479,,,,,0.9479355216026306,,,,,,,,,,,
566,80489,,,,,0.8229087591171265,,,,,,,,,,,
566,80499,,,,,1.0532724857330322,,,,,,,,,,,
566,80509,,,,,0.7513079643249512,,,,,,,,,,,
566,566,14.791222170393839,95.27883055753227,,,,,,,,,,,,,,
566,80513,,,,,,0.894821286201477,,,,,,,,,,
567,80519,,,,,0.8872667551040649,,,,,,,,,,,
567,80529,,,,,0.7561039328575134,,,,,,,,,,,
567,80539,,,,,0.7145702242851257,,,,,,,,,,,
567,80549,,,,,0.8573939800262451,,,,,,,,,,,
567,80559,,,,,0.9178094267845154,,,,,,,,,,,
567,80569,,,,,0.8626919388771057,,,,,,,,,,,
567,80579,,,,,0.8543020486831665,,,,,,,,,,,
567,80589,,,,,0.7959955930709839,,,,,,,,,,,
567,80599,,,,,0.9955884218215942,,,,,,,,,,,
567,80609,,,,,0.9494097828865051,,,,,,,,,,,
567,80619,,,,,0.9073840379714966,,,,,,,,,,,
567,80629,,,,,0.8926416039466858,,,,,,,,,,,
567,80639,,,,,0.992310643196106,,,,,,,,,,,
567,80649,,,,,0.9749906659126282,,,,,,,,,,,
567,567,17.207103477294897,95.2868212699487,,,,,,,,,,,,,,
567,80655,,,,,,0.8980128765106201,,,,,,,,,,
568,80659,,,,,0.7919563055038452,,,,,,,,,,,
568,80669,,,,,0.8936141133308411,,,,,,,,,,,
568,80679,,,,,0.9074808955192566,,,,,,,,,,,
568,80689,,,,,0.8027338981628418,,,,,,,,,,,
568,80699,,,,,0.8296555876731873,,,,,,,,,,,
568,80709,,,,,0.9328020811080933,,,,,,,,,,,
568,80719,,,,,0.8255252838134766,,,,,,,,,,,
568,80729,,,,,0.8863747119903564,,,,,,,,,,,
568,80739,,,,,0.9084689021110535,,,,,,,,,,,
568,80749,,,,,0.8614894151687622,,,,,,,,,,,
568,80759,,,,,0.7927926182746887,,,,,,,,,,,
568,80769,,,,,0.8600987792015076,,,,,,,,,,,
568,80779,,,,,0.8256820440292358,,,,,,,,,,,
568,80789,,,,,0.7290180921554565,,,,,,,,,,,
568,568,14.397078633211205,95.29544823367426,,,,,,,,,,,,,,
568,80797,,,,,,0.8937094211578369,,,,,,,,,,
569,80799,,,,,0.8640225529670715,,,,,,,,,,,
569,80809,,,,,0.8665809631347656,,,,,,,,,,,
569,80819,,,,,0.9397109150886536,,,,,,,,,,,
569,80829,,,,,0.7679969072341919,,,,,,,,,,,
569,80839,,,,,0.9252479076385498,,,,,,,,,,,
569,80849,,,,,0.8875309824943542,,,,,,,,,,,
569,80859,,,,,0.8834288716316223,,,,,,,,,,,
569,80869,,,,,0.9699487686157227,,,,,,,,,,,
569,80879,,,,,0.8230739235877991,,,,,,,,,,,
569,80889,,,,,0.743887722492218,,,,,,,,,,,
569,80899,,,,,0.9700706005096436,,,,,,,,,,,
569,80909,,,,,0.984460711479187,,,,,,,,,,,
569,80919,,,,,0.9633366465568542,,,,,,,,,,,
569,80929,,,,,0.8239750266075134,,,,,,,,,,,
569,80939,,,,,0.8699558973312378,,,,,,,,,,,
569,569,,,0.9981284141540527,0.7772473096847534,,,0.6219771992095728,0.8801437020301819,,0.8878413438796997,,0.2626841068267822,,4.362175026110241,,0.28012382984161377
569,80939,,,,,,,,,0.8878413438796997,,0.2626841068267822,,4.362174987792969,,0.28012382984161377,
569,569,14.923361020889336,95.30387300772753,,,,,,,,,,,,,,
569,80939,,,,,,0.8908663988113403,,,,,,,,,,
570,80949,,,,,0.8502076268196106,,,,,,,,,,,
570,80959,,,,,1.044853925704956,,,,,,,,,,,
570,80969,,,,,0.7524532675743103,,,,,,,,,,,
570,80979,,,,,0.8081709742546082,,,,,,,,,,,
570,80989,,,,,0.8322222828865051,,,,,,,,,,,
570,80999,,,,,0.822901725769043,,,,,,,,,,,
570,81009,,,,,0.9556059837341309,,,,,,,,,,,
570,81019,,,,,0.8928229808807373,,,,,,,,,,,
570,81029,,,,,0.892445981502533,,,,,,,,,,,
570,81039,,,,,0.8891408443450928,,,,,,,,,,,
570,81049,,,,,0.855402946472168,,,,,,,,,,,
570,81059,,,,,0.8471529483795166,,,,,,,,,,,
570,81069,,,,,1.1385042667388916,,,,,,,,,,,
570,81079,,,,,0.8311147093772888,,,,,,,,,,,
570,570,15.260384666710248,95.31186807299738,,,,,,,,,,,,,,
570,81081,,,,,,0.8879652619361877,,,,,,,,,,
571,81089,,,,,0.9113549590110779,,,,,,,,,,,
571,81099,,,,,0.9034200310707092,,,,,,,,,,,
571,81109,,,,,0.8785827159881592,,,,,,,,,,,
571,81119,,,,,0.951517641544342,,,,,,,,,,,
571,81129,,,,,0.9261680245399475,,,,,,,,,,,
571,81139,,,,,0.7515212297439575,,,,,,,,,,,
571,81149,,,,,1.0211834907531738,,,,,,,,,,,
571,81159,,,,,0.7277867197990417,,,,,,,,,,,
571,81169,,,,,1.087853193283081,,,,,,,,,,,
571,81179,,,,,0.7598477005958557,,,,,,,,,,,
571,81189,,,,,0.8004843592643738,,,,,,,,,,,
571,81199,,,,,0.900039792060852,,,,,,,,,,,
571,81209,,,,,0.9243965148925781,,,,,,,,,,,
571,81219,,,,,0.9114494323730469,,,,,,,,,,,
571,571,15.626029053237685,95.3201807807363,,,,,,,,,,,,,,
571,81223,,,,,,0.8888079524040222,,,,,,,,,,
572,81229,,,,,0.8324593305587769,,,,,,,,,,,
572,81239,,,,,0.8818089962005615,,,,,,,,,,,
572,81249,,,,,0.7880198359489441,,,,,,,,,,,
572,81259,,,,,0.9933501482009888,,,,,,,,,,,
572,81269,,,,,0.9264211654663086,,,,,,,,,,,
572,81279,,,,,0.9334918856620789,,,,,,,,,,,
572,81289,,,,,0.9308748245239258,,,,,,,,,,,
572,81299,,,,,0.9446180462837219,,,,,,,,,,,
572,81309,,,,,0.8352595567703247,,,,,,,,,,,
572,81319,,,,,0.9332147240638733,,,,,,,,,,,
572,81329,,,,,0.8505999445915222,,,,,,,,,,,
572,81339,,,,,0.9167754650115967,,,,,,,,,,,
572,81349,,,,,0.7719723582267761,,,,,,,,,,,
572,81359,,,,,1.033215880393982,,,,,,,,,,,
572,572,15.12222510525831,95.32854328432956,,,,,,,,,,,,,,
572,81365,,,,,,0.887824535369873,,,,,,,,,,
573,81369,,,,,0.8642200827598572,,,,,,,,,,,
573,81379,,,,,0.8664592504501343,,,,,,,,,,,
573,81389,,,,,0.9822813272476196,,,,,,,,,,,
573,81399,,,,,0.8286455273628235,,,,,,,,,,,
573,81409,,,,,0.8946629166603088,,,,,,,,,,,
573,81419,,,,,0.7895669341087341,,,,,,,,,,,
573,81429,,,,,0.8827918171882629,,,,,,,,,,,
573,81439,,,,,0.726114809513092,,,,,,,,,,,
573,81449,,,,,0.93389493227005,,,,,,,,,,,
573,81459,,,,,0.7806671857833862,,,,,,,,,,,
573,81469,,,,,1.0613665580749512,,,,,,,,,,,
573,81479,,,,,0.9023782014846802,,,,,,,,,,,
573,81489,,,,,0.8460965752601624,,,,,,,,,,,
573,81499,,,,,0.998795747756958,,,,,,,,,,,
573,573,14.453719225222947,95.33684793885631,,,,,,,,,,,,,,
573,81507,,,,,,0.8805331587791443,,,,,,,,,,
574,81509,,,,,0.8272346258163452,,,,,,,,,,,
574,81519,,,,,1.032735824584961,,,,,,,,,,,
574,81529,,,,,0.8972206115722656,,,,,,,,,,,
574,81539,,,,,0.8318713903427124,,,,,,,,,,,
574,81549,,,,,0.7170507907867432,,,,,,,,,,,
574,81559,,,,,0.85856032371521,,,,,,,,,,,
574,81569,,,,,0.962708592414856,,,,,,,,,,,
574,81579,,,,,0.987096905708313,,,,,,,,,,,
574,81589,,,,,1.109680414199829,,,,,,,,,,,
574,81599,,,,,0.9670091271400452,,,,,,,,,,,
574,81609,,,,,0.8000690937042236,,,,,,,,,,,
574,81619,,,,,0.8043636679649353,,,,,,,,,,,
574,81629,,,,,0.7543215155601501,,,,,,,,,,,
574,81639,,,,,0.8171289563179016,,,,,,,,,,,
574,81649,,,,,0.8685342073440552,,,,,,,,,,,
574,574,15.061682967548446,95.3451280847655,,,,,,,,,,,,,,
574,81649,,,,,,0.8833366632461548,,,,,,,,,,
575,81659,,,,,0.8839271068572998,,,,,,,,,,,
575,81669,,,,,0.9331555962562561,,,,,,,,,,,
575,81679,,,,,0.9629858136177063,,,,,,,,,,,
575,81689,,,,,0.8205528855323792,,,,,,,,,,,
575,81699,,,,,0.7781546115875244,,,,,,,,,,,
575,81709,,,,,0.7830674052238464,,,,,,,,,,,
575,81719,,,,,0.8633439540863037,,,,,,,,,,,
575,81729,,,,,0.790149986743927,,,,,,,,,,,
575,81739,,,,,0.9388006925582886,,,,,,,,,,,
575,81749,,,,,0.7508425116539001,,,,,,,,,,,
575,81759,,,,,0.8071305751800537,,,,,,,,,,,
575,81769,,,,,0.8085354566574097,,,,,,,,,,,
575,81779,,,,,0.8866088390350342,,,,,,,,,,,
575,81789,,,,,1.0925812721252441,,,,,,,,,,,
575,575,14.153390797410816,95.35378021892163,,,,,,,,,,,,,,
575,81791,,,,,,0.8767263293266296,,,,,,,,,,
576,81799,,,,,0.8778524398803711,,,,,,,,,,,
576,81809,,,,,0.9296302795410156,,,,,,,,,,,
576,81819,,,,,0.7225136160850525,,,,,,,,,,,
576,81829,,,,,0.955744743347168,,,,,,,,,,,
576,81839,,,,,0.9841470718383789,,,,,,,,,,,
576,81849,,,,,0.7729828953742981,,,,,,,,,,,
576,81859,,,,,0.8016242980957031,,,,,,,,,,,
576,81869,,,,,0.8471958637237549,,,,,,,,,,,
576,81879,,,,,0.775069534778595,,,,,,,,,,,
576,81889,,,,,0.9197277426719666,,,,,,,,,,,
576,81899,,,,,0.8477048277854919,,,,,,,,,,,
576,81909,,,,,0.8201019763946533,,,,,,,,,,,
576,81919,,,,,0.9330872893333435,,,,,,,,,,,
576,81929,,,,,1.0354706048965454,,,,,,,,,,,
576,576,15.612650838199922,95.36227943274135,,,,,,,,,,,,,,
576,81933,,,,,,0.8752083778381348,,,,,,,,,,
577,81939,,,,,0.9028304815292358,,,,,,,,,,,
577,81949,,,,,0.965715765953064,,,,,,,,,,,
577,81959,,,,,0.9373564124107361,,,,,,,,,,,
577,81969,,,,,0.8377073407173157,,,,,,,,,,,
577,81979,,,,,0.7569664716720581,,,,,,,,,,,
577,81989,,,,,0.7530589699745178,,,,,,,,,,,
577,81999,,,,,0.826320469379425,,,,,,,,,,,
577,82009,,,,,0.8600282669067383,,,,,,,,,,,
577,82019,,,,,0.8909193277359009,,,,,,,,,,,
577,82029,,,,,0.8106725811958313,,,,,,,,,,,
577,82039,,,,,0.894091784954071,,,,,,,,,,,
577,82049,,,,,0.690224289894104,,,,,,,,,,,
577,82059,,,,,0.8813191056251526,,,,,,,,,,,
577,82069,,,,,0.9230362772941589,,,,,,,,,,,
577,577,16.76039223987385,95.37024198402943,,,,,,,,,,,,,,
577,82075,,,,,,0.8751606345176697,,,,,,,,,,
578,82079,,,,,0.8548156023025513,,,,,,,,,,,
578,82089,,,,,1.0239204168319702,,,,,,,,,,,
578,82099,,,,,0.8387149572372437,,,,,,,,,,,
578,82109,,,,,0.9661168456077576,,,,,,,,,,,
578,82119,,,,,0.881153404712677,,,,,,,,,,,
578,82129,,,,,0.706578254699707,,,,,,,,,,,
578,82139,,,,,0.8627810478210449,,,,,,,,,,,
578,82149,,,,,0.9472861886024475,,,,,,,,,,,
578,82159,,,,,0.7818840146064758,,,,,,,,,,,
578,82169,,,,,0.7678189873695374,,,,,,,,,,,
578,82179,,,,,0.7725904583930969,,,,,,,,,,,
578,82189,,,,,0.6944359540939331,,,,,,,,,,,
578,82199,,,,,1.005530595779419,,,,,,,,,,,
578,82209,,,,,0.8839160203933716,,,,,,,,,,,
578,578,15.87160318361191,95.3783795537611,,,,,,,,,,,,,,
578,82217,,,,,,0.8717910051345825,,,,,,,,,,
579,82219,,,,,0.8621093034744263,,,,,,,,,,,
579,82229,,,,,0.9204679131507874,,,,,,,,,,,
579,82239,,,,,0.8932122588157654,,,,,,,,,,,
579,82249,,,,,0.8174495697021484,,,,,,,,,,,
579,82259,,,,,0.8504870533943176,,,,,,,,,,,
579,82269,,,,,0.9481228590011597,,,,,,,,,,,
579,82279,,,,,0.7790122628211975,,,,,,,,,,,
579,82289,,,,,0.9713490009307861,,,,,,,,,,,
579,82299,,,,,0.7855508327484131,,,,,,,,,,,
579,82309,,,,,0.7468940019607544,,,,,,,,,,,
579,82319,,,,,0.9166346788406372,,,,,,,,,,,
579,82329,,,,,0.750121533870697,,,,,,,,,,,
579,82339,,,,,0.900216817855835,,,,,,,,,,,
579,82349,,,,,0.9844281077384949,,,,,,,,,,,
579,82359,,,,,0.8165499567985535,,,,,,,,,,,
579,579,,,0.9982308745384216,0.7853348255157471,,,0.6141894001178417,0.8860432505607605,,0.888047456741333,,0.2606154680252075,,4.480436951530223,,0.2792355716228485
579,82359,,,,,,,,,0.888047456741333,,0.2606154680252075,,4.4804368019104,,0.2792355716228485,
579,579,15.334261242635668,95.38695754843336,,,,,,,,,,,,,,
579,82359,,,,,,0.868770182132721,,,,,,,,,,
580,82369,,,,,0.8324781060218811,,,,,,,,,,,
580,82379,,,,,0.7935944199562073,,,,,,,,,,,
580,82389,,,,,1.0382237434387207,,,,,,,,,,,
580,82399,,,,,0.7335456609725952,,,,,,,,,,,
580,82409,,,,,1.0673856735229492,,,,,,,,,,,
580,82419,,,,,0.8977248668670654,,,,,,,,,,,
580,82429,,,,,0.8894817233085632,,,,,,,,,,,
580,82439,,,,,0.8022034168243408,,,,,,,,,,,
580,82449,,,,,0.8637160062789917,,,,,,,,,,,
580,82459,,,,,0.8074466586112976,,,,,,,,,,,
580,82469,,,,,0.8387212753295898,,,,,,,,,,,
580,82479,,,,,0.723640501499176,,,,,,,,,,,
580,82489,,,,,0.8808213472366333,,,,,,,,,,,
580,82499,,,,,0.755792498588562,,,,,,,,,,,
580,580,15.765782047295339,95.39503361582759,,,,,,,,,,,,,,
580,82501,,,,,,0.8738669753074646,,,,,,,,,,
581,82509,,,,,0.8663339614868164,,,,,,,,,,,
581,82519,,,,,0.8391778469085693,,,,,,,,,,,
581,82529,,,,,0.8104895353317261,,,,,,,,,,,
581,82539,,,,,0.8345124125480652,,,,,,,,,,,
581,82549,,,,,0.864020049571991,,,,,,,,,,,
581,82559,,,,,0.7268442511558533,,,,,,,,,,,
581,82569,,,,,0.919585645198822,,,,,,,,,,,
581,82579,,,,,0.9196994304656982,,,,,,,,,,,
581,82589,,,,,0.8198773860931396,,,,,,,,,,,
581,82599,,,,,0.8469805121421814,,,,,,,,,,,
581,82609,,,,,1.0106877088546753,,,,,,,,,,,
581,82619,,,,,0.6362778544425964,,,,,,,,,,,
581,82629,,,,,0.815559983253479,,,,,,,,,,,
581,82639,,,,,0.8968350291252136,,,,,,,,,,,
581,581,16.18107599396117,95.4029162223181,,,,,,,,,,,,,,
581,82643,,,,,,0.8707925081253052,,,,,,,,,,
582,82649,,,,,0.9984363913536072,,,,,,,,,,,
582,82659,,,,,0.8412347435951233,,,,,,,,,,,
582,82669,,,,,0.8019759654998779,,,,,,,,,,,
582,82679,,,,,0.8991057276725769,,,,,,,,,,,
582,82689,,,,,0.8676297068595886,,,,,,,,,,,
582,82699,,,,,0.9399809837341309,,,,,,,,,,,
582,82709,,,,,0.9469040632247925,,,,,,,,,,,
582,82719,,,,,0.8298739194869995,,,,,,,,,,,
582,82729,,,,,0.9555491209030151,,,,,,,,,,,
582,82739,,,,,0.9685890674591064,,,,,,,,,,,
582,82749,,,,,0.8621410727500916,,,,,,,,,,,
582,82759,,,,,0.8782092332839966,,,,,,,,,,,
582,82769,,,,,0.919764518737793,,,,,,,,,,,
582,82779,,,,,0.9682589769363403,,,,,,,,,,,
582,582,15.495896403887299,95.41106141296434,,,,,,,,,,,,,,
582,82785,,,,,,0.8643428087234497,,,,,,,,,,
583,82789,,,,,0.794459879398346,,,,,,,,,,,
583,82799,,,,,0.9724249243736267,,,,,,,,,,,
583,82809,,,,,0.8151313662528992,,,,,,,,,,,
583,82819,,,,,0.7910424470901489,,,,,,,,,,,
583,82829,,,,,0.9456406831741333,,,,,,,,,,,
583,82839,,,,,0.9633859992027283,,,,,,,,,,,
583,82849,,,,,0.9094281792640686,,,,,,,,,,,
583,82859,,,,,0.8694848418235779,,,,,,,,,,,
583,82869,,,,,0.9426910281181335,,,,,,,,,,,
583,82879,,,,,0.9253592491149902,,,,,,,,,,,
583,82889,,,,,0.8832055330276489,,,,,,,,,,,
583,82899,,,,,0.9920185804367065,,,,,,,,,,,
583,82909,,,,,0.8657832145690918,,,,,,,,,,,
583,82919,,,,,0.9564476013183594,,,,,,,,,,,
583,583,16.364813333116214,95.41941634708772,,,,,,,,,,,,,,
583,82927,,,,,,0.8663995862007141,,,,,,,,,,
584,82929,,,,,0.9571912884712219,,,,,,,,,,,
584,82939,,,,,0.9331679344177246,,,,,,,,,,,
584,82949,,,,,0.9213036894798279,,,,,,,,,,,
584,82959,,,,,0.6757366061210632,,,,,,,,,,,
584,82969,,,,,0.8513873219490051,,,,,,,,,,,
584,82979,,,,,0.8906520009040833,,,,,,,,,,,
584,82989,,,,,0.8364614844322205,,,,,,,,,,,
584,82999,,,,,0.8420884609222412,,,,,,,,,,,
584,83009,,,,,0.9355685114860535,,,,,,,,,,,
584,83019,,,,,0.8250256180763245,,,,,,,,,,,
584,83029,,,,,0.7393125891685486,,,,,,,,,,,
584,83039,,,,,0.8154393434524536,,,,,,,,,,,
584,83049,,,,,0.8696526885032654,,,,,,,,,,,
584,83059,,,,,0.7984442710876465,,,,,,,,,,,
584,83069,,,,,0.7958251237869263,,,,,,,,,,,
584,584,14.929553702515896,95.42783257152753,,,,,,,,,,,,,,
584,83069,,,,,,0.8573611974716187,,,,,,,,,,
585,83079,,,,,0.8947566151618958,,,,,,,,,,,
585,83089,,,,,0.8621041178703308,,,,,,,,,,,
585,83099,,,,,0.8243856430053711,,,,,,,,,,,
585,83109,,,,,0.9757985472679138,,,,,,,,,,,
585,83119,,,,,0.6676916480064392,,,,,,,,,,,
585,83129,,,,,0.8080058693885803,,,,,,,,,,,
585,83139,,,,,0.8438753485679626,,,,,,,,,,,
585,83149,,,,,0.7619007229804993,,,,,,,,,,,
585,83159,,,,,0.8812463283538818,,,,,,,,,,,
585,83169,,,,,0.8283193111419678,,,,,,,,,,,
585,83179,,,,,0.8994576930999756,,,,,,,,,,,
585,83189,,,,,0.7004144787788391,,,,,,,,,,,
585,83199,,,,,0.7242733836174011,,,,,,,,,,,
585,83209,,,,,0.9256910681724548,,,,,,,,,,,
585,585,15.098924349655977,95.4361725468008,,,,,,,,,,,,,,
585,83211,,,,,,0.8549997210502625,,,,,,,,,,
586,83219,,,,,1.014403223991394,,,,,,,,,,,
586,83229,,,,,0.8932304978370667,,,,,,,,,,,
586,83239,,,,,0.9048354029655457,,,,,,,,,,,
586,83249,,,,,0.9330124258995056,,,,,,,,,,,
586,83259,,,,,0.7718977332115173,,,,,,,,,,,
586,83269,,,,,0.7618651986122131,,,,,,,,,,,
586,83279,,,,,0.7551196217536926,,,,,,,,,,,
586,83289,,,,,0.7592989802360535,,,,,,,,,,,
586,83299,,,,,0.7593501210212708,,,,,,,,,,,
586,83309,,,,,0.880074143409729,,,,,,,,,,,
586,83319,,,,,0.7392644882202148,,,,,,,,,,,
586,83329,,,,,0.7632763981819153,,,,,,,,,,,
586,83339,,,,,0.85831618309021,,,,,,,,,,,
586,83349,,,,,0.7457602620124817,,,,,,,,,,,
586,586,14.936007944687013,95.4442662161919,,,,,,,,,,,,,,
586,83353,,,,,,0.8527064323425293,,,,,,,,,,
587,83359,,,,,0.9103516936302185,,,,,,,,,,,
587,83369,,,,,0.8651240468025208,,,,,,,,,,,
587,83379,,,,,0.8921627402305603,,,,,,,,,,,
587,83389,,,,,0.9897474646568298,,,,,,,,,,,
587,83399,,,,,0.7472724914550781,,,,,,,,,,,
587,83409,,,,,0.7722370624542236,,,,,,,,,,,
587,83419,,,,,0.8232057094573975,,,,,,,,,,,
587,83429,,,,,0.774046778678894,,,,,,,,,,,
587,83439,,,,,0.7592713832855225,,,,,,,,,,,
587,83449,,,,,0.7397060990333557,,,,,,,,,,,
587,83459,,,,,0.8093088865280151,,,,,,,,,,,
587,83469,,,,,1.0698823928833008,,,,,,,,,,,
587,83479,,,,,0.8870357871055603,,,,,,,,,,,
587,83489,,,,,0.8684560060501099,,,,,,,,,,,
587,587,15.781838570247443,95.45266892044346,,,,,,,,,,,,,,
587,83495,,,,,,0.8524627089500427,,,,,,,,,,
588,83499,,,,,0.8372268676757812,,,,,,,,,,,
588,83509,,,,,0.8943686485290527,,,,,,,,,,,
588,83519,,,,,0.873307466506958,,,,,,,,,,,
588,83529,,,,,0.9773041605949402,,,,,,,,,,,
588,83539,,,,,0.8536838293075562,,,,,,,,,,,
588,83549,,,,,0.9306966662406921,,,,,,,,,,,
588,83559,,,,,0.9448197484016418,,,,,,,,,,,
588,83569,,,,,0.8450563549995422,,,,,,,,,,,
588,83579,,,,,0.9754829406738281,,,,,,,,,,,
588,83589,,,,,0.8834272623062134,,,,,,,,,,,
588,83599,,,,,0.7816029191017151,,,,,,,,,,,
588,83609,,,,,0.87843257188797,,,,,,,,,,,
588,83619,,,,,0.9575982689857483,,,,,,,,,,,
588,83629,,,,,0.7233811616897583,,,,,,,,,,,
588,588,16.400599655319194,95.46081980023057,,,,,,,,,,,,,,
588,83637,,,,,,0.8527113199234009,,,,,,,,,,
589,83639,,,,,0.7504647374153137,,,,,,,,,,,
589,83649,,,,,0.7864105701446533,,,,,,,,,,,
589,83659,,,,,0.8863297700881958,,,,,,,,,,,
589,83669,,,,,0.9164357781410217,,,,,,,,,,,
589,83679,,,,,0.7855173945426941,,,,,,,,,,,
589,83689,,,,,0.7189652919769287,,,,,,,,,,,
589,83699,,,,,0.9129777550697327,,,,,,,,,,,
589,83709,,,,,0.8472723364830017,,,,,,,,,,,
589,83719,,,,,0.7672460675239563,,,,,,,,,,,
589,83729,,,,,1.0002613067626953,,,,,,,,,,,
589,83739,,,,,0.8262159824371338,,,,,,,,,,,
589,83749,,,,,0.7935805320739746,,,,,,,,,,,
589,83759,,,,,0.7481809854507446,,,,,,,,,,,
589,83769,,,,,0.8451231122016907,,,,,,,,,,,
589,83779,,,,,0.9244341254234314,,,,,,,,,,,
589,589,,,0.9983903169631958,0.793548047542572,,,0.5850396117447624,0.8945759534835815,,0.8883483409881592,,0.2596312165260315,,4.513749471732548,,0.27867478132247925
589,83779,,,,,,,,,0.8883483409881592,,0.2596312165260315,,4.513749122619629,,0.27867478132247925,
589,589,13.823450189003912,95.46986145365616,,,,,,,,,,,,,,
589,83779,,,,,,0.8443493843078613,,,,,,,,,,
590,83789,,,,,0.911423921585083,,,,,,,,,,,
590,83799,,,,,0.8016605973243713,,,,,,,,,,,
590,83809,,,,,0.8595150709152222,,,,,,,,,,,
590,83819,,,,,0.9185973405838013,,,,,,,,,,,
590,83829,,,,,0.7423208355903625,,,,,,,,,,,
590,83839,,,,,0.8592383861541748,,,,,,,,,,,
590,83849,,,,,0.7595433592796326,,,,,,,,,,,
590,83859,,,,,0.7730351090431213,,,,,,,,,,,
590,83869,,,,,0.7535983324050903,,,,,,,,,,,
590,83879,,,,,0.9541555643081665,,,,,,,,,,,
590,83889,,,,,0.9181135296821594,,,,,,,,,,,
590,83899,,,,,0.8453730344772339,,,,,,,,,,,
590,83909,,,,,0.8710978031158447,,,,,,,,,,,
590,83919,,,,,0.9455237984657288,,,,,,,,,,,
590,590,16.026831140219375,95.47858451524154,,,,,,,,,,,,,,
590,83921,,,,,,0.8433331251144409,,,,,,,,,,
591,83929,,,,,0.8892964124679565,,,,,,,,,,,
591,83939,,,,,0.8466598391532898,,,,,,,,,,,
591,83949,,,,,0.8649930953979492,,,,,,,,,,,
591,83959,,,,,0.9688127040863037,,,,,,,,,,,
591,83969,,,,,0.9824148416519165,,,,,,,,,,,
591,83979,,,,,0.7590515613555908,,,,,,,,,,,
591,83989,,,,,0.8587003946304321,,,,,,,,,,,
591,83999,,,,,0.7817304134368896,,,,,,,,,,,
591,84009,,,,,0.851518452167511,,,,,,,,,,,
591,84019,,,,,0.923902690410614,,,,,,,,,,,
591,84029,,,,,0.9314072728157043,,,,,,,,,,,
591,84039,,,,,0.8432887196540833,,,,,,,,,,,
591,84049,,,,,0.9119082689285278,,,,,,,,,,,
591,84059,,,,,1.0298017263412476,,,,,,,,,,,
591,591,16.13917920259767,95.48626264656095,,,,,,,,,,,,,,
591,84063,,,,,,0.8448042273521423,,,,,,,,,,
592,84069,,,,,0.9062577486038208,,,,,,,,,,,
592,84079,,,,,0.7556193470954895,,,,,,,,,,,
592,84089,,,,,0.7529101371765137,,,,,,,,,,,
592,84099,,,,,0.8560674786567688,,,,,,,,,,,
592,84109,,,,,0.8054949641227722,,,,,,,,,,,
592,84119,,,,,0.946541965007782,,,,,,,,,,,
592,84129,,,,,0.7353610992431641,,,,,,,,,,,
592,84139,,,,,0.8184466361999512,,,,,,,,,,,
592,84149,,,,,0.7986742854118347,,,,,,,,,,,
592,84159,,,,,0.8342188596725464,,,,,,,,,,,
592,84169,,,,,0.9283771514892578,,,,,,,,,,,
592,84179,,,,,0.8239880204200745,,,,,,,,,,,
592,84189,,,,,0.7145835757255554,,,,,,,,,,,
592,84199,,,,,0.7008063197135925,,,,,,,,,,,
592,592,15.817773166810822,95.49447586285729,,,,,,,,,,,,,,
592,84205,,,,,,0.8479140400886536,,,,,,,,,,
593,84209,,,,,0.7071677446365356,,,,,,,,,,,
593,84219,,,,,0.8644769787788391,,,,,,,,,,,
593,84229,,,,,0.8074162602424622,,,,,,,,,,,
593,84239,,,,,0.717863917350769,,,,,,,,,,,
593,84249,,,,,0.8903191685676575,,,,,,,,,,,
593,84259,,,,,1.0923082828521729,,,,,,,,,,,
593,84269,,,,,0.7879635691642761,,,,,,,,,,,
593,84279,,,,,0.9348196983337402,,,,,,,,,,,
593,84289,,,,,0.8236656785011292,,,,,,,,,,,
593,84299,,,,,0.8820545673370361,,,,,,,,,,,
593,84309,,,,,0.7641299962997437,,,,,,,,,,,
593,84319,,,,,0.7016093134880066,,,,,,,,,,,
593,84329,,,,,0.8048914074897766,,,,,,,,,,,
593,84339,,,,,0.8891025185585022,,,,,,,,,,,
593,593,15.639017726002447,95.50271129141629,,,,,,,,,,,,,,
593,84347,,,,,,0.8391991257667542,,,,,,,,,,
594,84349,,,,,0.8601240515708923,,,,,,,,,,,
594,84359,,,,,0.8109663724899292,,,,,,,,,,,
594,84369,,,,,0.8184369206428528,,,,,,,,,,,
594,84379,,,,,0.9201186299324036,,,,,,,,,,,
594,84389,,,,,0.8615506291389465,,,,,,,,,,,
594,84399,,,,,0.7181470990180969,,,,,,,,,,,
594,84409,,,,,0.7379236221313477,,,,,,,,,,,
594,84419,,,,,0.8466816544532776,,,,,,,,,,,
594,84429,,,,,0.8885917663574219,,,,,,,,,,,
594,84439,,,,,0.9303728938102722,,,,,,,,,,,
594,84449,,,,,0.7381763458251953,,,,,,,,,,,
594,84459,,,,,0.8723429441452026,,,,,,,,,,,
594,84469,,,,,0.7494844794273376,,,,,,,,,,,
594,84479,,,,,0.757304847240448,,,,,,,,,,,
594,84489,,,,,0.9812737703323364,,,,,,,,,,,
594,594,15.033333772808186,95.51092473102594,,,,,,,,,,,,,,
594,84489,,,,,,0.8376619815826416,,,,,,,,,,
595,84499,,,,,0.7768111824989319,,,,,,,,,,,
595,84509,,,,,0.8689050078392029,,,,,,,,,,,
595,84519,,,,,0.7475109100341797,,,,,,,,,,,
595,84529,,,,,0.7326129674911499,,,,,,,,,,,
595,84539,,,,,0.7305694222450256,,,,,,,,,,,
595,84549,,,,,0.7698257565498352,,,,,,,,,,,
595,84559,,,,,0.8658729195594788,,,,,,,,,,,
595,84569,,,,,0.9405792951583862,,,,,,,,,,,
595,84579,,,,,1.084373950958252,,,,,,,,,,,
595,84589,,,,,0.9546915888786316,,,,,,,,,,,
595,84599,,,,,0.8057112097740173,,,,,,,,,,,
595,84609,,,,,1.0032888650894165,,,,,,,,,,,
595,84619,,,,,0.7243994474411011,,,,,,,,,,,
595,84629,,,,,0.8775020241737366,,,,,,,,,,,
595,595,15.569431686455626,95.51913313463214,,,,,,,,,,,,,,
595,84631,,,,,,0.8355421423912048,,,,,,,,,,
596,84639,,,,,0.8830004930496216,,,,,,,,,,,
596,84649,,,,,0.8152341842651367,,,,,,,,,,,
596,84659,,,,,0.8360642790794373,,,,,,,,,,,
596,84669,,,,,0.7523722648620605,,,,,,,,,,,
596,84679,,,,,0.8578726649284363,,,,,,,,,,,
596,84689,,,,,0.9719746708869934,,,,,,,,,,,
596,84699,,,,,1.032411813735962,,,,,,,,,,,
596,84709,,,,,0.9457621574401855,,,,,,,,,,,
596,84719,,,,,0.9101472496986389,,,,,,,,,,,
596,84729,,,,,0.9516082406044006,,,,,,,,,,,
596,84739,,,,,0.7384376525878906,,,,,,,,,,,
596,84749,,,,,0.8973909616470337,,,,,,,,,,,
596,84759,,,,,0.8335978388786316,,,,,,,,,,,
596,84769,,,,,0.6623808741569519,,,,,,,,,,,
596,596,16.441918856716292,95.52756448757835,,,,,,,,,,,,,,
596,84773,,,,,,0.8314498662948608,,,,,,,,,,
597,84779,,,,,0.7394025325775146,,,,,,,,,,,
597,84789,,,,,0.7416043877601624,,,,,,,,,,,
597,84799,,,,,0.969193160533905,,,,,,,,,,,
597,84809,,,,,0.8242537379264832,,,,,,,,,,,
597,84819,,,,,0.8565118312835693,,,,,,,,,,,
597,84829,,,,,0.7495360970497131,,,,,,,,,,,
597,84839,,,,,0.8452537059783936,,,,,,,,,,,
597,84849,,,,,0.8047282099723816,,,,,,,,,,,
597,84859,,,,,0.8548034429550171,,,,,,,,,,,
597,84869,,,,,0.8388833403587341,,,,,,,,,,,
597,84879,,,,,0.6565517783164978,,,,,,,,,,,
597,84889,,,,,0.8349337577819824,,,,,,,,,,,
597,84899,,,,,0.8210444450378418,,,,,,,,,,,
597,84909,,,,,0.8454925417900085,,,,,,,,,,,
597,597,15.130132445892695,95.53628356200547,,,,,,,,,,,,,,
597,84915,,,,,,0.8281661868095398,,,,,,,,,,
598,84919,,,,,0.9347387552261353,,,,,,,,,,,
598,84929,,,,,0.8920454978942871,,,,,,,,,,,
598,84939,,,,,0.8286807537078857,,,,,,,,,,,
598,84949,,,,,0.8512119650840759,,,,,,,,,,,
598,84959,,,,,0.8145380020141602,,,,,,,,,,,
598,84969,,,,,0.8496881127357483,,,,,,,,,,,
598,84979,,,,,0.7825179696083069,,,,,,,,,,,
598,84989,,,,,0.7483416795730591,,,,,,,,,,,
598,84999,,,,,0.7930477857589722,,,,,,,,,,,
598,85009,,,,,0.9051441550254822,,,,,,,,,,,
598,85019,,,,,0.781179666519165,,,,,,,,,,,
598,85029,,,,,0.8604363799095154,,,,,,,,,,,
598,85039,,,,,0.8982442021369934,,,,,,,,,,,
598,85049,,,,,0.7652599811553955,,,,,,,,,,,
598,598,16.695969392947113,95.54475317240501,,,,,,,,,,,,,,
598,85057,,,,,,0.8262566924095154,,,,,,,,,,
599,85059,,,,,1.0369617938995361,,,,,,,,,,,
599,85069,,,,,0.819115400314331,,,,,,,,,,,
599,85079,,,,,0.9057887196540833,,,,,,,,,,,
599,85089,,,,,0.7585099339485168,,,,,,,,,,,
599,85099,,,,,0.8398377895355225,,,,,,,,,,,
599,85109,,,,,0.8725440502166748,,,,,,,,,,,
599,85119,,,,,0.8551205992698669,,,,,,,,,,,
599,85129,,,,,0.836415708065033,,,,,,,,,,,
599,85139,,,,,0.7395101189613342,,,,,,,,,,,
599,85149,,,,,0.9154444932937622,,,,,,,,,,,
599,85159,,,,,0.7222513556480408,,,,,,,,,,,
599,85169,,,,,0.8604212999343872,,,,,,,,,,,
599,85179,,,,,0.7736571431159973,,,,,,,,,,,
599,85189,,,,,0.9147313237190247,,,,,,,,,,,
599,85199,,,,,0.823063313961029,,,,,,,,,,,
599,599,,,0.9985395669937134,0.7985862493515015,,,0.5656787354121556,0.9020002484321594,,0.8884050846099854,,0.2631569504737854,,4.502983398583471,,0.28105297684669495
599,85199,,,,,,,,,0.8884050846099854,,0.2631569504737854,,4.502983093261719,,0.28105297684669495,
599,599,15.323157930732712,95.55305459049441,,,,,,,,,,,,,,
599,85199,,,,,,0.8264846801757812,,,,,,,,,,
600,85209,,,,,0.8119999766349792,,,,,,,,,,,
600,85219,,,,,0.7187334895133972,,,,,,,,,,,
600,85229,,,,,0.7870336174964905,,,,,,,,,,,
600,85239,,,,,0.9600353837013245,,,,,,,,,,,
600,85249,,,,,0.95257568359375,,,,,,,,,,,
600,85259,,,,,0.7043775916099548,,,,,,,,,,,
600,85269,,,,,0.8918522596359253,,,,,,,,,,,
600,85279,,,,,0.7358756065368652,,,,,,,,,,,
600,85289,,,,,0.7127032279968262,,,,,,,,,,,
600,85299,,,,,0.8300870060920715,,,,,,,,,,,
600,85309,,,,,0.8365814089775085,,,,,,,,,,,
600,85319,,,,,0.9190017580986023,,,,,,,,,,,
600,85329,,,,,0.7333055734634399,,,,,,,,,,,
600,85339,,,,,0.8443247675895691,,,,,,,,,,,
600,600,14.173775347562582,95.56157907863428,,,,,,,,,,,,,,
600,85341,,,,,,0.8229565620422363,,,,,,,,,,
601,85349,,,,,0.8874298930168152,,,,,,,,,,,
601,85359,,,,,0.8063204884529114,,,,,,,,,,,
601,85369,,,,,0.8083793520927429,,,,,,,,,,,
601,85379,,,,,0.8049559593200684,,,,,,,,,,,
601,85389,,,,,0.7821492552757263,,,,,,,,,,,
601,85399,,,,,0.9853382110595703,,,,,,,,,,,
601,85409,,,,,0.8304153084754944,,,,,,,,,,,
601,85419,,,,,0.6728172302246094,,,,,,,,,,,
601,85429,,,,,0.7778238654136658,,,,,,,,,,,
601,85439,,,,,0.6636016964912415,,,,,,,,,,,
601,85449,,,,,0.7783555388450623,,,,,,,,,,,
601,85459,,,,,0.8895463347434998,,,,,,,,,,,
601,85469,,,,,0.9228693842887878,,,,,,,,,,,
601,85479,,,,,0.818120539188385,,,,,,,,,,,
601,601,15.377751583812557,95.56980552265739,,,,,,,,,,,,,,
601,85483,,,,,,0.8208795189857483,,,,,,,,,,
602,85489,,,,,0.8225024938583374,,,,,,,,,,,
602,85499,,,,,0.9709985256195068,,,,,,,,,,,
602,85509,,,,,0.9637414216995239,,,,,,,,,,,
602,85519,,,,,0.7818585634231567,,,,,,,,,,,
602,85529,,,,,0.8165618777275085,,,,,,,,,,,
602,85539,,,,,0.780971884727478,,,,,,,,,,,
602,85549,,,,,0.80763179063797,,,,,,,,,,,
602,85559,,,,,0.932107150554657,,,,,,,,,,,
602,85569,,,,,0.8506798148155212,,,,,,,,,,,
602,85579,,,,,0.7578786015510559,,,,,,,,,,,
602,85589,,,,,0.9963988065719604,,,,,,,,,,,
602,85599,,,,,0.8077086210250854,,,,,,,,,,,
602,85609,,,,,0.7207189798355103,,,,,,,,,,,
602,85619,,,,,0.8341444134712219,,,,,,,,,,,
602,602,15.312806975591641,95.57815403810278,,,,,,,,,,,,,,
602,85625,,,,,,0.8187363147735596,,,,,,,,,,
603,85629,,,,,0.7131866812705994,,,,,,,,,,,
603,85639,,,,,0.8932104110717773,,,,,,,,,,,
603,85649,,,,,0.6810322403907776,,,,,,,,,,,
603,85659,,,,,0.8472557067871094,,,,,,,,,,,
603,85669,,,,,0.7374981641769409,,,,,,,,,,,
603,85679,,,,,0.8824817538261414,,,,,,,,,,,
603,85689,,,,,0.8484681248664856,,,,,,,,,,,
603,85699,,,,,0.8249168395996094,,,,,,,,,,,
603,85709,,,,,0.991814374923706,,,,,,,,,,,
603,85719,,,,,0.7707651853561401,,,,,,,,,,,
603,85729,,,,,0.9640077948570251,,,,,,,,,,,
603,85739,,,,,0.9234650731086731,,,,,,,,,,,
603,85749,,,,,0.8012288212776184,,,,,,,,,,,
603,85759,,,,,0.8368990421295166,,,,,,,,,,,
603,603,16.601638633791502,95.58610647503474,,,,,,,,,,,,,,
603,85767,,,,,,0.8222154378890991,,,,,,,,,,
604,85769,,,,,0.9554203748703003,,,,,,,,,,,
604,85779,,,,,0.8215411305427551,,,,,,,,,,,
604,85789,,,,,0.764586865901947,,,,,,,,,,,
604,85799,,,,,0.9029974937438965,,,,,,,,,,,
604,85809,,,,,0.8760867714881897,,,,,,,,,,,
604,85819,,,,,0.787492573261261,,,,,,,,,,,
604,85829,,,,,0.8960999846458435,,,,,,,,,,,
604,85839,,,,,0.9581537246704102,,,,,,,,,,,
604,85849,,,,,0.8267406821250916,,,,,,,,,,,
604,85859,,,,,0.8622519373893738,,,,,,,,,,,
604,85869,,,,,0.895596444606781,,,,,,,,,,,
604,85879,,,,,0.8341131210327148,,,,,,,,,,,
604,85889,,,,,0.9608813524246216,,,,,,,,,,,
604,85899,,,,,0.9705528020858765,,,,,,,,,,,
604,85909,,,,,0.7316656112670898,,,,,,,,,,,
604,604,15.58044732179252,95.5942162815622,,,,,,,,,,,,,,
604,85909,,,,,,0.8153708577156067,,,,,,,,,,
605,85919,,,,,0.7852287292480469,,,,,,,,,,,
605,85929,,,,,0.870887041091919,,,,,,,,,,,
605,85939,,,,,0.6802244186401367,,,,,,,,,,,
605,85949,,,,,0.8281958103179932,,,,,,,,,,,
605,85959,,,,,0.8451771140098572,,,,,,,,,,,
605,85969,,,,,0.6890974044799805,,,,,,,,,,,
605,85979,,,,,0.8133620023727417,,,,,,,,,,,
605,85989,,,,,0.7685379385948181,,,,,,,,,,,
605,85999,,,,,0.8305923342704773,,,,,,,,,,,
605,86009,,,,,0.8885560631752014,,,,,,,,,,,
605,86019,,,,,0.8439891338348389,,,,,,,,,,,
605,86029,,,,,0.7978783845901489,,,,,,,,,,,
605,86039,,,,,0.84236741065979,,,,,,,,,,,
605,86049,,,,,0.6778662204742432,,,,,,,,,,,
605,605,14.349421756740398,95.60244015552051,,,,,,,,,,,,,,
605,86051,,,,,,0.8141908645629883,,,,,,,,,,
606,86059,,,,,0.8836008310317993,,,,,,,,,,,
606,86069,,,,,0.6593881249427795,,,,,,,,,,,
606,86079,,,,,0.8767637610435486,,,,,,,,,,,
606,86089,,,,,0.9509832262992859,,,,,,,,,,,
606,86099,,,,,0.8505958914756775,,,,,,,,,,,
606,86109,,,,,0.7275894284248352,,,,,,,,,,,
606,86119,,,,,0.8514803647994995,,,,,,,,,,,
606,86129,,,,,0.9034593105316162,,,,,,,,,,,
606,86139,,,,,0.8032160997390747,,,,,,,,,,,
606,86149,,,,,0.8325485587120056,,,,,,,,,,,
606,86159,,,,,0.7621973752975464,,,,,,,,,,,
606,86169,,,,,1.0146883726119995,,,,,,,,,,,
606,86179,,,,,0.9418137073516846,,,,,,,,,,,
606,86189,,,,,0.8105877637863159,,,,,,,,,,,
606,606,15.544557993221089,95.61079657997792,,,,,,,,,,,,,,
606,86193,,,,,,0.8127683401107788,,,,,,,,,,
607,86199,,,,,0.8054332733154297,,,,,,,,,,,
607,86209,,,,,0.8835515975952148,,,,,,,,,,,
607,86219,,,,,0.7180168032646179,,,,,,,,,,,
607,86229,,,,,0.8295409679412842,,,,,,,,,,,
607,86239,,,,,0.7487971186637878,,,,,,,,,,,
607,86249,,,,,0.8287484645843506,,,,,,,,,,,
607,86259,,,,,0.7797929048538208,,,,,,,,,,,
607,86269,,,,,0.8113030791282654,,,,,,,,,,,
607,86279,,,,,0.7147048115730286,,,,,,,,,,,
607,86289,,,,,0.6085880994796753,,,,,,,,,,,
607,86299,,,,,0.8013501763343811,,,,,,,,,,,
607,86309,,,,,0.822688102722168,,,,,,,,,,,
607,86319,,,,,0.7193737626075745,,,,,,,,,,,
607,86329,,,,,0.7998031973838806,,,,,,,,,,,
607,607,15.499906535786632,95.61917060137901,,,,,,,,,,,,,,
607,86335,,,,,,0.8119415640830994,,,,,,,,,,
608,86339,,,,,0.9061253666877747,,,,,,,,,,,
608,86349,,,,,0.6595927476882935,,,,,,,,,,,
608,86359,,,,,0.7394735813140869,,,,,,,,,,,
608,86369,,,,,0.878546416759491,,,,,,,,,,,
608,86379,,,,,0.8763492107391357,,,,,,,,,,,
608,86389,,,,,0.8322597146034241,,,,,,,,,,,
608,86399,,,,,0.850962221622467,,,,,,,,,,,
608,86409,,,,,0.8296173810958862,,,,,,,,,,,
608,86419,,,,,0.8553359508514404,,,,,,,,,,,
608,86429,,,,,0.7604149580001831,,,,,,,,,,,
608,86439,,,,,0.9740975499153137,,,,,,,,,,,
608,86449,,,,,0.796757698059082,,,,,,,,,,,
608,86459,,,,,0.6916143894195557,,,,,,,,,,,
608,86469,,,,,0.8221087455749512,,,,,,,,,,,
608,608,15.834766300608242,95.62743212377747,,,,,,,,,,,,,,
608,86477,,,,,,0.809350848197937,,,,,,,,,,
609,86479,,,,,0.7718027234077454,,,,,,,,,,,
609,86489,,,,,0.8230478763580322,,,,,,,,,,,
609,86499,,,,,0.6577016115188599,,,,,,,,,,,
609,86509,,,,,0.8060391545295715,,,,,,,,,,,
609,86519,,,,,0.7595340013504028,,,,,,,,,,,
609,86529,,,,,0.6602108478546143,,,,,,,,,,,
609,86539,,,,,0.9954813718795776,,,,,,,,,,,
609,86549,,,,,0.6396627426147461,,,,,,,,,,,
609,86559,,,,,0.798691987991333,,,,,,,,,,,
609,86569,,,,,0.9284374713897705,,,,,,,,,,,
609,86579,,,,,0.8727032542228699,,,,,,,,,,,
609,86589,,,,,0.7824753522872925,,,,,,,,,,,
609,86599,,,,,0.8214656710624695,,,,,,,,,,,
609,86609,,,,,0.9006366729736328,,,,,,,,,,,
609,86619,,,,,0.7998949885368347,,,,,,,,,,,
609,609,,,0.9986486434936523,0.8069440126419067,,,0.5553830697931862,0.9063624143600464,,0.8879640698432922,,0.25592127442359924,,4.587293371862295,,0.2809738218784332
609,86619,,,,,,,,,0.8879640698432922,,0.25592127442359924,,4.58729362487793,,0.2809738218784332,
609,609,14.100443418249823,95.63586208794499,,,,,,,,,,,,,,
609,86619,,,,,,0.8034183979034424,,,,,,,,,,
610,86629,,,,,0.8618527054786682,,,,,,,,,,,
610,86639,,,,,0.6967757344245911,,,,,,,,,,,
610,86649,,,,,0.8596311807632446,,,,,,,,,,,
610,86659,,,,,0.854833722114563,,,,,,,,,,,
610,86669,,,,,0.8276445865631104,,,,,,,,,,,
610,86679,,,,,0.8730188012123108,,,,,,,,,,,
610,86689,,,,,0.7377164363861084,,,,,,,,,,,
610,86699,,,,,0.8526507616043091,,,,,,,,,,,
610,86709,,,,,0.8102213740348816,,,,,,,,,,,
610,86719,,,,,0.7164083123207092,,,,,,,,,,,
610,86729,,,,,0.874322772026062,,,,,,,,,,,
610,86739,,,,,0.845112681388855,,,,,,,,,,,
610,86749,,,,,0.8411557078361511,,,,,,,,,,,
610,86759,,,,,0.7094168066978455,,,,,,,,,,,
610,610,14.701694160485031,95.6439609240417,,,,,,,,,,,,,,
610,86761,,,,,,0.8064175844192505,,,,,,,,,,
611,86769,,,,,0.7382252812385559,,,,,,,,,,,
611,86779,,,,,0.819817841053009,,,,,,,,,,,
611,86789,,,,,0.7474915981292725,,,,,,,,,,,
611,86799,,,,,0.813897967338562,,,,,,,,,,,
611,86809,,,,,0.7587441205978394,,,,,,,,,,,
611,86819,,,,,0.6109310984611511,,,,,,,,,,,
611,86829,,,,,0.8559802174568176,,,,,,,,,,,
611,86839,,,,,0.8233863711357117,,,,,,,,,,,
611,86849,,,,,0.9863685965538025,,,,,,,,,,,
611,86859,,,,,1.0094358921051025,,,,,,,,,,,
611,86869,,,,,0.7584217190742493,,,,,,,,,,,
611,86879,,,,,0.7561823725700378,,,,,,,,,,,
611,86889,,,,,0.7890998721122742,,,,,,,,,,,
611,86899,,,,,0.7686775326728821,,,,,,,,,,,
611,611,16.418642820579493,95.65201498318898,,,,,,,,,,,,,,
611,86903,,,,,,0.8016881346702576,,,,,,,,,,
612,86909,,,,,0.853723406791687,,,,,,,,,,,
612,86919,,,,,0.6658914089202881,,,,,,,,,,,
612,86929,,,,,0.807398796081543,,,,,,,,,,,
612,86939,,,,,0.8041730523109436,,,,,,,,,,,
612,86949,,,,,0.824866771697998,,,,,,,,,,,
612,86959,,,,,0.8813523650169373,,,,,,,,,,,
612,86969,,,,,0.8786226511001587,,,,,,,,,,,
612,86979,,,,,0.7205052971839905,,,,,,,,,,,
612,86989,,,,,0.7674470543861389,,,,,,,,,,,
612,86999,,,,,0.6402236819267273,,,,,,,,,,,
612,87009,,,,,0.893822968006134,,,,,,,,,,,
612,87019,,,,,0.7117716670036316,,,,,,,,,,,
612,87029,,,,,1.0118639469146729,,,,,,,,,,,
612,87039,,,,,1.037244200706482,,,,,,,,,,,
612,612,15.818487151371968,95.66085108095814,,,,,,,,,,,,,,
612,87045,,,,,,0.7986103892326355,,,,,,,,,,
613,87049,,,,,0.8097261786460876,,,,,,,,,,,
613,87059,,,,,0.8575725555419922,,,,,,,,,,,
613,87069,,,,,0.781717836856842,,,,,,,,,,,
613,87079,,,,,0.7460859417915344,,,,,,,,,,,
613,87089,,,,,0.6619505286216736,,,,,,,,,,,
613,87099,,,,,0.8377712965011597,,,,,,,,,,,
613,87109,,,,,0.7991933822631836,,,,,,,,,,,
613,87119,,,,,0.7390011548995972,,,,,,,,,,,
613,87129,,,,,0.8226591944694519,,,,,,,,,,,
613,87139,,,,,0.9333724975585938,,,,,,,,,,,
613,87149,,,,,0.730687141418457,,,,,,,,,,,
613,87159,,,,,0.7442888617515564,,,,,,,,,,,
613,87169,,,,,0.7842910885810852,,,,,,,,,,,
613,87179,,,,,0.862859308719635,,,,,,,,,,,
613,613,16.112403798491847,95.66918932063281,,,,,,,,,,,,,,
613,87187,,,,,,0.7982880473136902,,,,,,,,,,
614,87189,,,,,0.9152619242668152,,,,,,,,,,,
614,87199,,,,,0.8041372299194336,,,,,,,,,,,
614,87209,,,,,0.7190783619880676,,,,,,,,,,,
614,87219,,,,,0.850234866142273,,,,,,,,,,,
614,87229,,,,,0.7635753750801086,,,,,,,,,,,
614,87239,,,,,0.9171887636184692,,,,,,,,,,,
614,87249,,,,,0.8335632085800171,,,,,,,,,,,
614,87259,,,,,0.7640754580497742,,,,,,,,,,,
614,87269,,,,,0.7922102808952332,,,,,,,,,,,
614,87279,,,,,0.7548240423202515,,,,,,,,,,,
614,87289,,,,,0.8088744878768921,,,,,,,,,,,
614,87299,,,,,0.6914747953414917,,,,,,,,,,,
614,87309,,,,,0.9386768341064453,,,,,,,,,,,
614,87319,,,,,0.8359896540641785,,,,,,,,,,,
614,87329,,,,,0.7276641726493835,,,,,,,,,,,
614,614,14.058173172519878,95.67762996680463,,,,,,,,,,,,,,
614,87329,,,,,,0.7961441278457642,,,,,,,,,,
615,87339,,,,,0.8477457761764526,,,,,,,,,,,
615,87349,,,,,0.9370529055595398,,,,,,,,,,,
615,87359,,,,,0.8149509429931641,,,,,,,,,,,
615,87369,,,,,0.6939213275909424,,,,,,,,,,,
615,87379,,,,,0.7984908819198608,,,,,,,,,,,
615,87389,,,,,0.7388190031051636,,,,,,,,,,,
615,87399,,,,,0.8339619040489197,,,,,,,,,,,
615,87409,,,,,0.793789803981781,,,,,,,,,,,
615,87419,,,,,0.8164172172546387,,,,,,,,,,,
615,87429,,,,,0.78919517993927,,,,,,,,,,,
615,87439,,,,,0.6989185810089111,,,,,,,,,,,
615,87449,,,,,0.7992527484893799,,,,,,,,,,,
615,87459,,,,,0.651334285736084,,,,,,,,,,,
615,87469,,,,,0.8372297286987305,,,,,,,,,,,
615,615,15.430183970477803,95.6864374038271,,,,,,,,,,,,,,
615,87471,,,,,,0.7946248054504395,,,,,,,,,,
616,87479,,,,,0.6360870003700256,,,,,,,,,,,
616,87489,,,,,0.7978526949882507,,,,,,,,,,,
616,87499,,,,,0.701901376247406,,,,,,,,,,,
616,87509,,,,,0.8791616559028625,,,,,,,,,,,
616,87519,,,,,0.7508870363235474,,,,,,,,,,,
616,87529,,,,,0.7739040851593018,,,,,,,,,,,
616,87539,,,,,0.7267961502075195,,,,,,,,,,,
616,87549,,,,,0.7413646578788757,,,,,,,,,,,
616,87559,,,,,0.8172476887702942,,,,,,,,,,,
616,87569,,,,,0.8270846605300903,,,,,,,,,,,
616,87579,,,,,0.7552399039268494,,,,,,,,,,,
616,87589,,,,,0.9716401696205139,,,,,,,,,,,
616,87599,,,,,0.7231636643409729,,,,,,,,,,,
616,87609,,,,,0.8313369750976562,,,,,,,,,,,
616,616,16.076879204330183,95.69439761106821,,,,,,,,,,,,,,
616,87613,,,,,,0.7945379614830017,,,,,,,,,,
617,87619,,,,,0.7199079990386963,,,,,,,,,,,
617,87629,,,,,0.6771919131278992,,,,,,,,,,,
617,87639,,,,,0.9209388494491577,,,,,,,,,,,
617,87649,,,,,0.768630862236023,,,,,,,,,,,
617,87659,,,,,0.6836199760437012,,,,,,,,,,,
617,87669,,,,,0.7314720749855042,,,,,,,,,,,
617,87679,,,,,0.7995706796646118,,,,,,,,,,,
617,87689,,,,,0.7765855193138123,,,,,,,,,,,
617,87699,,,,,0.7790023684501648,,,,,,,,,,,
617,87709,,,,,0.7085984349250793,,,,,,,,,,,
617,87719,,,,,0.9226961135864258,,,,,,,,,,,
617,87729,,,,,0.7758868336677551,,,,,,,,,,,
617,87739,,,,,0.7659016251564026,,,,,,,,,,,
617,87749,,,,,0.8394956588745117,,,,,,,,,,,
617,617,17.113412407848127,95.70262457874385,,,,,,,,,,,,,,
617,87755,,,,,,0.7923043370246887,,,,,,,,,,
618,87759,,,,,0.7269149422645569,,,,,,,,,,,
618,87769,,,,,0.5441786646842957,,,,,,,,,,,
618,87779,,,,,0.7487874627113342,,,,,,,,,,,
618,87789,,,,,0.7855961918830872,,,,,,,,,,,
618,87799,,,,,0.8710924983024597,,,,,,,,,,,
618,87809,,,,,0.7925832867622375,,,,,,,,,,,
618,87819,,,,,0.7651174664497375,,,,,,,,,,,
618,87829,,,,,0.7662150263786316,,,,,,,,,,,
618,87839,,,,,0.7260874509811401,,,,,,,,,,,
618,87849,,,,,0.904151201248169,,,,,,,,,,,
618,87859,,,,,0.8972841501235962,,,,,,,,,,,
618,87869,,,,,0.6867935657501221,,,,,,,,,,,
618,87879,,,,,0.7057591080665588,,,,,,,,,,,
618,87889,,,,,0.861246645450592,,,,,,,,,,,
618,618,14.049130829035922,95.7110808359208,,,,,,,,,,,,,,
618,87897,,,,,,0.7859289646148682,,,,,,,,,,
619,87899,,,,,0.8254812359809875,,,,,,,,,,,
619,87909,,,,,0.8488034605979919,,,,,,,,,,,
619,87919,,,,,0.7518556118011475,,,,,,,,,,,
619,87929,,,,,0.8555302023887634,,,,,,,,,,,
619,87939,,,,,0.7816343307495117,,,,,,,,,,,
619,87949,,,,,0.7232821583747864,,,,,,,,,,,
619,87959,,,,,0.7381638884544373,,,,,,,,,,,
619,87969,,,,,0.864795446395874,,,,,,,,,,,
619,87979,,,,,0.8320684432983398,,,,,,,,,,,
619,87989,,,,,0.7625560760498047,,,,,,,,,,,
619,87999,,,,,0.8853115439414978,,,,,,,,,,,
619,88009,,,,,0.8204169273376465,,,,,,,,,,,
619,88019,,,,,0.6675265431404114,,,,,,,,,,,
619,88029,,,,,0.8655248880386353,,,,,,,,,,,
619,88039,,,,,0.8854815363883972,,,,,,,,,,,
619,619,,,0.998737633228302,0.818872332572937,,,0.5368978554563772,0.9117732644081116,,0.8884416818618774,,0.26836079359054565,,4.634332452501569,,0.27845436334609985
619,88039,,,,,,,,,0.8884416818618774,,0.26836079359054565,,4.634332180023193,,0.27845436334609985,
619,619,16.72941968477252,95.71899420590921,,,,,,,,,,,,,,
619,88039,,,,,,0.790338397026062,,,,,,,,,,
620,88049,,,,,0.7651974558830261,,,,,,,,,,,
620,88059,,,,,0.6883876919746399,,,,,,,,,,,
620,88069,,,,,0.6387062072753906,,,,,,,,,,,
620,88079,,,,,0.7315924167633057,,,,,,,,,,,
620,88089,,,,,0.9023861289024353,,,,,,,,,,,
620,88099,,,,,0.7212617993354797,,,,,,,,,,,
620,88109,,,,,0.8338520526885986,,,,,,,,,,,
620,88119,,,,,0.8424113392829895,,,,,,,,,,,
620,88129,,,,,0.8636846542358398,,,,,,,,,,,
620,88139,,,,,0.8199135661125183,,,,,,,,,,,
620,88149,,,,,0.8579853773117065,,,,,,,,,,,
620,88159,,,,,0.7286671996116638,,,,,,,,,,,
620,88169,,,,,0.7222765684127808,,,,,,,,,,,
620,88179,,,,,0.637488067150116,,,,,,,,,,,
620,620,14.44233168461891,95.72715253361767,,,,,,,,,,,,,,
620,88181,,,,,,0.7856277823448181,,,,,,,,,,
621,88189,,,,,0.8450129628181458,,,,,,,,,,,
621,88199,,,,,0.7539783120155334,,,,,,,,,,,
621,88209,,,,,0.7160140872001648,,,,,,,,,,,
621,88219,,,,,0.8919607400894165,,,,,,,,,,,
621,88229,,,,,0.7991973757743835,,,,,,,,,,,
621,88239,,,,,0.8158639073371887,,,,,,,,,,,
621,88249,,,,,0.6930785179138184,,,,,,,,,,,
621,88259,,,,,0.8551632761955261,,,,,,,,,,,
621,88269,,,,,0.680898904800415,,,,,,,,,,,
621,88279,,,,,0.887217104434967,,,,,,,,,,,
621,88289,,,,,0.8652063608169556,,,,,,,,,,,
621,88299,,,,,0.8265994191169739,,,,,,,,,,,
621,88309,,,,,0.8446317315101624,,,,,,,,,,,
621,88319,,,,,0.7957086563110352,,,,,,,,,,,
621,621,15.103766506377058,95.73515876443,,,,,,,,,,,,,,
621,88323,,,,,,0.7788597941398621,,,,,,,,,,
622,88329,,,,,0.7157600522041321,,,,,,,,,,,
622,88339,,,,,0.7215530276298523,,,,,,,,,,,
622,88349,,,,,0.7804715037345886,,,,,,,,,,,
622,88359,,,,,0.7604571580886841,,,,,,,,,,,
622,88369,,,,,0.7347791194915771,,,,,,,,,,,
622,88379,,,,,0.8364337086677551,,,,,,,,,,,
622,88389,,,,,0.7012199759483337,,,,,,,,,,,
622,88399,,,,,0.815933108329773,,,,,,,,,,,
622,88409,,,,,0.8061003088951111,,,,,,,,,,,
622,88419,,,,,0.8253185749053955,,,,,,,,,,,
622,88429,,,,,0.778287947177887,,,,,,,,,,,
622,88439,,,,,0.7830519080162048,,,,,,,,,,,
622,88449,,,,,0.837779700756073,,,,,,,,,,,
622,88459,,,,,0.7845284938812256,,,,,,,,,,,
622,622,15.234639102264877,95.74335075427857,,,,,,,,,,,,,,
622,88465,,,,,,0.78077632188797,,,,,,,,,,
623,88469,,,,,0.739129900932312,,,,,,,,,,,
623,88479,,,,,0.8897536396980286,,,,,,,,,,,
623,88489,,,,,0.728628396987915,,,,,,,,,,,
623,88499,,,,,0.7325100302696228,,,,,,,,,,,
623,88509,,,,,0.7992199659347534,,,,,,,,,,,
623,88519,,,,,0.950678825378418,,,,,,,,,,,
623,88529,,,,,0.7836268544197083,,,,,,,,,,,
623,88539,,,,,0.8575283885002136,,,,,,,,,,,
623,88549,,,,,0.8893630504608154,,,,,,,,,,,
623,88559,,,,,0.7789961695671082,,,,,,,,,,,
623,88569,,,,,0.875774621963501,,,,,,,,,,,
623,88579,,,,,0.7208892703056335,,,,,,,,,,,
623,88589,,,,,0.735645592212677,,,,,,,,,,,
623,88599,,,,,0.77094966173172,,,,,,,,,,,
623,623,15.874676841262824,95.75190401563513,,,,,,,,,,,,,,
623,88607,,,,,,0.7792189121246338,,,,,,,,,,
624,88609,,,,,0.8316424489021301,,,,,,,,,,,
624,88619,,,,,0.8062452673912048,,,,,,,,,,,
624,88629,,,,,0.7979881167411804,,,,,,,,,,,
624,88639,,,,,0.7353747487068176,,,,,,,,,,,
624,88649,,,,,0.6896569132804871,,,,,,,,,,,
624,88659,,,,,0.7700995206832886,,,,,,,,,,,
624,88669,,,,,0.6976052522659302,,,,,,,,,,,
624,88679,,,,,0.7909303307533264,,,,,,,,,,,
624,88689,,,,,0.7032418847084045,,,,,,,,,,,
624,88699,,,,,0.7584841847419739,,,,,,,,,,,
624,88709,,,,,0.6258411407470703,,,,,,,,,,,
624,88719,,,,,0.8416682481765747,,,,,,,,,,,
624,88729,,,,,0.8899769186973572,,,,,,,,,,,
624,88739,,,,,0.589463472366333,,,,,,,,,,,
624,88749,,,,,0.6643169522285461,,,,,,,,,,,
624,624,14.716604784239863,95.76024089634139,,,,,,,,,,,,,,
624,88749,,,,,,0.7756726741790771,,,,,,,,,,
625,88759,,,,,0.6715501546859741,,,,,,,,,,,
625,88769,,,,,0.7188194394111633,,,,,,,,,,,
625,88779,,,,,0.8076254725456238,,,,,,,,,,,
625,88789,,,,,0.8183355331420898,,,,,,,,,,,
625,88799,,,,,0.7624397873878479,,,,,,,,,,,
625,88809,,,,,0.5849063396453857,,,,,,,,,,,
625,88819,,,,,0.7190446257591248,,,,,,,,,,,
625,88829,,,,,0.7279295325279236,,,,,,,,,,,
625,88839,,,,,0.8209822177886963,,,,,,,,,,,
625,88849,,,,,0.7014659643173218,,,,,,,,,,,
625,88859,,,,,0.6460162997245789,,,,,,,,,,,
625,88869,,,,,0.7366867065429688,,,,,,,,,,,
625,88879,,,,,0.9387141466140747,,,,,,,,,,,
625,88889,,,,,0.7071104049682617,,,,,,,,,,,
625,625,16.304239110481827,95.76837818835162,,,,,,,,,,,,,,
625,88891,,,,,,0.7768993973731995,,,,,,,,,,
626,88899,,,,,0.8247717022895813,,,,,,,,,,,
626,88909,,,,,0.8685337901115417,,,,,,,,,,,
626,88919,,,,,0.741839587688446,,,,,,,,,,,
626,88929,,,,,0.6602358818054199,,,,,,,,,,,
626,88939,,,,,0.9174442291259766,,,,,,,,,,,
626,88949,,,,,0.8073210120201111,,,,,,,,,,,
626,88959,,,,,0.812724769115448,,,,,,,,,,,
626,88969,,,,,0.865686297416687,,,,,,,,,,,
626,88979,,,,,0.7586701512336731,,,,,,,,,,,
626,88989,,,,,0.8666703701019287,,,,,,,,,,,
626,88999,,,,,0.7954031229019165,,,,,,,,,,,
626,89009,,,,,0.8046047687530518,,,,,,,,,,,
626,89019,,,,,0.88182532787323,,,,,,,,,,,
626,89029,,,,,0.7105394005775452,,,,,,,,,,,
626,626,16.66520872746635,95.77679796623538,,,,,,,,,,,,,,
626,89033,,,,,,0.7753392457962036,,,,,,,,,,
627,89039,,,,,0.8780575394630432,,,,,,,,,,,
627,89049,,,,,0.7403663992881775,,,,,,,,,,,
627,89059,,,,,0.7831056118011475,,,,,,,,,,,
627,89069,,,,,0.8052714467048645,,,,,,,,,,,
627,89079,,,,,0.9717400074005127,,,,,,,,,,,
627,89089,,,,,0.7738369703292847,,,,,,,,,,,
627,89099,,,,,0.8101112246513367,,,,,,,,,,,
627,89109,,,,,0.6945419311523438,,,,,,,,,,,
627,89119,,,,,0.7547844052314758,,,,,,,,,,,
627,89129,,,,,0.8054913282394409,,,,,,,,,,,
627,89139,,,,,0.7673603892326355,,,,,,,,,,,
627,89149,,,,,0.7626938223838806,,,,,,,,,,,
627,89159,,,,,0.7517596483230591,,,,,,,,,,,
627,89169,,,,,0.6981292366981506,,,,,,,,,,,
627,627,15.052992884087883,95.78542025611206,,,,,,,,,,,,,,
627,89175,,,,,,0.7684599161148071,,,,,,,,,,
628,89179,,,,,0.8688461184501648,,,,,,,,,,,
628,89189,,,,,0.7394900918006897,,,,,,,,,,,
628,89199,,,,,0.690815806388855,,,,,,,,,,,
628,89209,,,,,0.79063481092453,,,,,,,,,,,
628,89219,,,,,0.8576438426971436,,,,,,,,,,,
628,89229,,,,,0.7517699003219604,,,,,,,,,,,
628,89239,,,,,0.7107048034667969,,,,,,,,,,,
628,89249,,,,,0.7047972083091736,,,,,,,,,,,
628,89259,,,,,0.8092031478881836,,,,,,,,,,,
628,89269,,,,,0.7229508757591248,,,,,,,,,,,
628,89279,,,,,0.7379055023193359,,,,,,,,,,,
628,89289,,,,,0.7743964195251465,,,,,,,,,,,
628,89299,,,,,0.8572161197662354,,,,,,,,,,,
628,89309,,,,,0.7403941750526428,,,,,,,,,,,
628,628,16.104103335919266,95.79387687075119,,,,,,,,,,,,,,
628,89317,,,,,,0.7679022550582886,,,,,,,,,,
629,89319,,,,,0.7008253931999207,,,,,,,,,,,
629,89329,,,,,0.7745011448860168,,,,,,,,,,,
629,89339,,,,,0.74576336145401,,,,,,,,,,,
629,89349,,,,,0.7201475501060486,,,,,,,,,,,
629,89359,,,,,0.7144227623939514,,,,,,,,,,,
629,89369,,,,,0.6153426766395569,,,,,,,,,,,
629,89379,,,,,0.6279296875,,,,,,,,,,,
629,89389,,,,,0.76838219165802,,,,,,,,,,,
629,89399,,,,,0.7626808285713196,,,,,,,,,,,
629,89409,,,,,0.7116677761077881,,,,,,,,,,,
629,89419,,,,,0.7846602201461792,,,,,,,,,,,
629,89429,,,,,0.7325485348701477,,,,,,,,,,,
629,89439,,,,,0.7760204672813416,,,,,,,,,,,
629,89449,,,,,0.9182764291763306,,,,,,,,,,,
629,89459,,,,,0.8281106948852539,,,,,,,,,,,
629,629,,,0.9988923668861389,0.8280875086784363,,,0.5074309876926565,0.9193478226661682,,0.8881527781486511,,0.2643057107925415,,4.66598167498501,,0.2811849117279053
629,89459,,,,,,,,,0.8881527781486511,,0.2643057107925415,,4.665981292724609,,0.2811849117279053,
629,629,15.389956417673446,95.80198655905438,,,,,,,,,,,,,,
629,89459,,,,,,0.7698000073432922,,,,,,,,,,
630,89469,,,,,0.7152712941169739,,,,,,,,,,,
630,89479,,,,,0.8563756942749023,,,,,,,,,,,
630,89489,,,,,0.7983036637306213,,,,,,,,,,,
630,89499,,,,,0.7103661298751831,,,,,,,,,,,
630,89509,,,,,0.741594135761261,,,,,,,,,,,
630,89519,,,,,0.8417410254478455,,,,,,,,,,,
630,89529,,,,,0.6568716168403625,,,,,,,,,,,
630,89539,,,,,0.8113812208175659,,,,,,,,,,,
630,89549,,,,,0.5779338479042053,,,,,,,,,,,
630,89559,,,,,0.7983465194702148,,,,,,,,,,,
630,89569,,,,,0.7296634316444397,,,,,,,,,,,
630,89579,,,,,0.6587775945663452,,,,,,,,,,,
630,89589,,,,,0.8260120749473572,,,,,,,,,,,
630,89599,,,,,0.7603098750114441,,,,,,,,,,,
630,630,15.355776754050131,95.81006523471981,,,,,,,,,,,,,,
630,89601,,,,,,0.7643988132476807,,,,,,,,,,
631,89609,,,,,0.6911637187004089,,,,,,,,,,,
631,89619,,,,,0.7407545447349548,,,,,,,,,,,
631,89629,,,,,0.8319228887557983,,,,,,,,,,,
631,89639,,,,,0.7144291400909424,,,,,,,,,,,
631,89649,,,,,0.7247568964958191,,,,,,,,,,,
631,89659,,,,,0.7156018018722534,,,,,,,,,,,
631,89669,,,,,0.6078707575798035,,,,,,,,,,,
631,89679,,,,,0.7870274186134338,,,,,,,,,,,
631,89689,,,,,0.8082453608512878,,,,,,,,,,,
631,89699,,,,,0.8120684623718262,,,,,,,,,,,
631,89709,,,,,0.7275025844573975,,,,,,,,,,,
631,89719,,,,,0.7987820506095886,,,,,,,,,,,
631,89729,,,,,0.6707910895347595,,,,,,,,,,,
631,89739,,,,,0.5871773958206177,,,,,,,,,,,
631,631,14.548676422502878,95.81875408487589,,,,,,,,,,,,,,
631,89743,,,,,,0.7585707306861877,,,,,,,,,,
632,89749,,,,,0.6755617260932922,,,,,,,,,,,
632,89759,,,,,0.5777314901351929,,,,,,,,,,,
632,89769,,,,,0.794887900352478,,,,,,,,,,,
632,89779,,,,,0.7743648886680603,,,,,,,,,,,
632,89789,,,,,0.8204790949821472,,,,,,,,,,,
632,89799,,,,,0.7756111025810242,,,,,,,,,,,
632,89809,,,,,0.7395538091659546,,,,,,,,,,,
632,89819,,,,,0.7187606692314148,,,,,,,,,,,
632,89829,,,,,0.7509894371032715,,,,,,,,,,,
632,89839,,,,,0.6795016527175903,,,,,,,,,,,
632,89849,,,,,0.7898194789886475,,,,,,,,,,,
632,89859,,,,,0.6701876521110535,,,,,,,,,,,
632,89869,,,,,0.8750622272491455,,,,,,,,,,,
632,89879,,,,,0.8148911595344543,,,,,,,,,,,
632,632,15.834958672390938,95.82730404390767,,,,,,,,,,,,,,
632,89885,,,,,,0.7633494138717651,,,,,,,,,,
633,89889,,,,,0.7528303861618042,,,,,,,,,,,
633,89899,,,,,0.8277447819709778,,,,,,,,,,,
633,89909,,,,,0.8263767957687378,,,,,,,,,,,
633,89919,,,,,0.7836634516716003,,,,,,,,,,,
633,89929,,,,,0.7597231864929199,,,,,,,,,,,
633,89939,,,,,0.725504994392395,,,,,,,,,,,
633,89949,,,,,0.6545111536979675,,,,,,,,,,,
633,89959,,,,,0.6144919395446777,,,,,,,,,,,
633,89969,,,,,0.6831523776054382,,,,,,,,,,,
633,89979,,,,,0.8381596803665161,,,,,,,,,,,
633,89989,,,,,0.6649195551872253,,,,,,,,,,,
633,89999,,,,,0.6886458992958069,,,,,,,,,,,
633,90009,,,,,0.8265130519866943,,,,,,,,,,,
633,90019,,,,,0.7526867389678955,,,,,,,,,,,
633,633,14.941095600530248,95.83529678111863,,,,,,,,,,,,,,
633,90027,,,,,,0.7585412859916687,,,,,,,,,,
634,90029,,,,,0.661597728729248,,,,,,,,,,,
634,90039,,,,,0.7041645646095276,,,,,,,,,,,
634,90049,,,,,0.7677391767501831,,,,,,,,,,,
634,90059,,,,,0.79351806640625,,,,,,,,,,,
634,90069,,,,,0.6750064492225647,,,,,,,,,,,
634,90079,,,,,0.7848241925239563,,,,,,,,,,,
634,90089,,,,,0.7487295269966125,,,,,,,,,,,
634,90099,,,,,0.7771174311637878,,,,,,,,,,,
634,90109,,,,,0.779312789440155,,,,,,,,,,,
634,90119,,,,,0.752274215221405,,,,,,,,,,,
634,90129,,,,,0.6791056394577026,,,,,,,,,,,
634,90139,,,,,0.7496079802513123,,,,,,,,,,,
634,90149,,,,,0.8128389716148376,,,,,,,,,,,
634,90159,,,,,0.7407494187355042,,,,,,,,,,,
634,90169,,,,,0.6674755811691284,,,,,,,,,,,
634,634,15.79437402157402,95.84328254373538,,,,,,,,,,,,,,
634,90169,,,,,,0.7609750032424927,,,,,,,,,,
635,90179,,,,,0.6328608989715576,,,,,,,,,,,
635,90189,,,,,0.7252334356307983,,,,,,,,,,,
635,90199,,,,,0.7594805955886841,,,,,,,,,,,
635,90209,,,,,0.6050244569778442,,,,,,,,,,,
635,90219,,,,,0.7810099720954895,,,,,,,,,,,
635,90229,,,,,0.9317129850387573,,,,,,,,,,,
635,90239,,,,,0.7995701432228088,,,,,,,,,,,
635,90249,,,,,0.8142196536064148,,,,,,,,,,,
635,90259,,,,,0.7491725087165833,,,,,,,,,,,
635,90269,,,,,0.7110075950622559,,,,,,,,,,,
635,90279,,,,,0.7272346615791321,,,,,,,,,,,
635,90289,,,,,0.7066131234169006,,,,,,,,,,,
635,90299,,,,,0.8485026955604553,,,,,,,,,,,
635,90309,,,,,0.7695997357368469,,,,,,,,,,,
635,635,13.589862012599026,95.85143073514583,,,,,,,,,,,,,,
635,90311,,,,,,0.7523936033248901,,,,,,,,,,
636,90319,,,,,0.8953697681427002,,,,,,,,,,,
636,90329,,,,,0.6942817568778992,,,,,,,,,,,
636,90339,,,,,0.6931086778640747,,,,,,,,,,,
636,90349,,,,,0.7173121571540833,,,,,,,,,,,
636,90359,,,,,0.7463618516921997,,,,,,,,,,,
636,90369,,,,,0.7284412384033203,,,,,,,,,,,
636,90379,,,,,0.8995333909988403,,,,,,,,,,,
636,90389,,,,,0.7103354334831238,,,,,,,,,,,
636,90399,,,,,0.7270563244819641,,,,,,,,,,,
636,90409,,,,,0.6498329043388367,,,,,,,,,,,
636,90419,,,,,0.8965836763381958,,,,,,,,,,,
636,90429,,,,,0.8722712993621826,,,,,,,,,,,
636,90439,,,,,0.6945228576660156,,,,,,,,,,,
636,90449,,,,,0.8025030493736267,,,,,,,,,,,
636,636,14.251358141463324,95.85966524506757,,,,,,,,,,,,,,
636,90453,,,,,,0.7546743750572205,,,,,,,,,,
637,90459,,,,,0.7608979344367981,,,,,,,,,,,
637,90469,,,,,0.5913838148117065,,,,,,,,,,,
637,90479,,,,,0.7229461669921875,,,,,,,,,,,
637,90489,,,,,0.8926553130149841,,,,,,,,,,,
637,90499,,,,,0.8679137825965881,,,,,,,,,,,
637,90509,,,,,0.7022544741630554,,,,,,,,,,,
637,90519,,,,,0.7242386937141418,,,,,,,,,,,
637,90529,,,,,0.7707551121711731,,,,,,,,,,,
637,90539,,,,,0.757470965385437,,,,,,,,,,,
637,90549,,,,,0.7064710855484009,,,,,,,,,,,
637,90559,,,,,0.6620047092437744,,,,,,,,,,,
637,90569,,,,,0.8647047877311707,,,,,,,,,,,
637,90579,,,,,0.7049404978752136,,,,,,,,,,,
637,90589,,,,,0.6425095796585083,,,,,,,,,,,
637,637,15.13273947092225,95.86801190001371,,,,,,,,,,,,,,
637,90595,,,,,,0.7463537454605103,,,,,,,,,,
638,90599,,,,,0.7506076693534851,,,,,,,,,,,
638,90609,,,,,0.6705631613731384,,,,,,,,,,,
638,90619,,,,,0.7652006149291992,,,,,,,,,,,
638,90629,,,,,0.6960002779960632,,,,,,,,,,,
638,90639,,,,,0.7749509215354919,,,,,,,,,,,
638,90649,,,,,0.7877596616744995,,,,,,,,,,,
638,90659,,,,,0.8461974859237671,,,,,,,,,,,
638,90669,,,,,0.7545461654663086,,,,,,,,,,,
638,90679,,,,,0.6940804719924927,,,,,,,,,,,
638,90689,,,,,0.8175548911094666,,,,,,,,,,,
638,90699,,,,,0.7378140687942505,,,,,,,,,,,
638,90709,,,,,0.7487816214561462,,,,,,,,,,,
638,90719,,,,,0.8149226903915405,,,,,,,,,,,
638,90729,,,,,0.7756791710853577,,,,,,,,,,,
638,638,14.341255702323464,95.87657737875057,,,,,,,,,,,,,,
638,90737,,,,,,0.7450133562088013,,,,,,,,,,
639,90739,,,,,0.7079913020133972,,,,,,,,,,,
639,90749,,,,,0.8114469051361084,,,,,,,,,,,
639,90759,,,,,0.7356501817703247,,,,,,,,,,,
639,90769,,,,,0.8347117304801941,,,,,,,,,,,
639,90779,,,,,0.7998870611190796,,,,,,,,,,,
639,90789,,,,,0.5862506031990051,,,,,,,,,,,
639,90799,,,,,0.7842731475830078,,,,,,,,,,,
639,90809,,,,,0.7459701299667358,,,,,,,,,,,
639,90819,,,,,0.775326132774353,,,,,,,,,,,
639,90829,,,,,0.7680037021636963,,,,,,,,,,,
639,90839,,,,,0.7309837341308594,,,,,,,,,,,
639,90849,,,,,0.8206957578659058,,,,,,,,,,,
639,90859,,,,,0.8258421421051025,,,,,,,,,,,
639,90869,,,,,0.6663480997085571,,,,,,,,,,,
639,90879,,,,,0.6708276271820068,,,,,,,,,,,
639,639,,,0.9989671111106873,0.833126962184906,,,0.49995835838294217,0.9229090809822083,,0.8876975774765015,,0.2679773271083832,,4.7621117459267985,,0.2873666286468506
639,90879,,,,,,,,,0.8876975774765015,,0.2679773271083832,,4.762111663818359,,0.2873666286468506,
639,639,15.630819892042329,95.88482090326866,,,,,,,,,,,,,,
639,90879,,,,,,0.7479206919670105,,,,,,,,,,
640,90889,,,,,0.8301805853843689,,,,,,,,,,,
640,90899,,,,,0.7656254172325134,,,,,,,,,,,
640,90909,,,,,0.7443163990974426,,,,,,,,,,,
640,90919,,,,,0.8353269696235657,,,,,,,,,,,
640,90929,,,,,0.6593434810638428,,,,,,,,,,,
640,90939,,,,,0.6832836866378784,,,,,,,,,,,
640,90949,,,,,0.7954912185668945,,,,,,,,,,,
640,90959,,,,,0.653276264667511,,,,,,,,,,,
640,90969,,,,,0.6911281943321228,,,,,,,,,,,
640,90979,,,,,0.7887910008430481,,,,,,,,,,,
640,90989,,,,,0.7402088642120361,,,,,,,,,,,
640,90999,,,,,0.8009160161018372,,,,,,,,,,,
640,91009,,,,,0.7104599475860596,,,,,,,,,,,
640,91019,,,,,0.6503362059593201,,,,,,,,,,,
640,640,16.644925886605797,95.89332544392032,,,,,,,,,,,,,,
640,91021,,,,,,0.7439517378807068,,,,,,,,,,
641,91029,,,,,0.6889153718948364,,,,,,,,,,,
641,91039,,,,,0.7228113412857056,,,,,,,,,,,
641,91049,,,,,0.866432785987854,,,,,,,,,,,
641,91059,,,,,0.8170787692070007,,,,,,,,,,,
641,91069,,,,,0.7038882374763489,,,,,,,,,,,
641,91079,,,,,0.8421328663825989,,,,,,,,,,,
641,91089,,,,,0.7454002499580383,,,,,,,,,,,
641,91099,,,,,0.5596253275871277,,,,,,,,,,,
641,91109,,,,,0.6336261630058289,,,,,,,,,,,
641,91119,,,,,0.660369873046875,,,,,,,,,,,
641,91129,,,,,0.8294095993041992,,,,,,,,,,,
641,91139,,,,,0.671011209487915,,,,,,,,,,,
641,91149,,,,,0.755430281162262,,,,,,,,,,,
641,91159,,,,,0.9283577799797058,,,,,,,,,,,
641,641,15.74944782013334,95.90207106831151,,,,,,,,,,,,,,
641,91163,,,,,,0.7387464046478271,,,,,,,,,,
642,91169,,,,,0.5595787763595581,,,,,,,,,,,
642,91179,,,,,0.7464805245399475,,,,,,,,,,,
642,91189,,,,,0.5787768363952637,,,,,,,,,,,
642,91199,,,,,0.7593352198600769,,,,,,,,,,,
642,91209,,,,,0.6335710883140564,,,,,,,,,,,
642,91219,,,,,0.830908477306366,,,,,,,,,,,
642,91229,,,,,0.6263905763626099,,,,,,,,,,,
642,91239,,,,,0.8505527377128601,,,,,,,,,,,
642,91249,,,,,0.7031550407409668,,,,,,,,,,,
642,91259,,,,,0.7944360375404358,,,,,,,,,,,
642,91269,,,,,0.8159888982772827,,,,,,,,,,,
642,91279,,,,,0.8293034434318542,,,,,,,,,,,
642,91289,,,,,0.6680815815925598,,,,,,,,,,,
642,91299,,,,,0.7641635537147522,,,,,,,,,,,
642,642,15.12732381505902,95.91002622816248,,,,,,,,,,,,,,
642,91305,,,,,,0.7394254207611084,,,,,,,,,,
643,91309,,,,,0.7252700924873352,,,,,,,,,,,
643,91319,,,,,0.7548025846481323,,,,,,,,,,,
643,91329,,,,,0.6971766352653503,,,,,,,,,,,
643,91339,,,,,0.6963386535644531,,,,,,,,,,,
643,91349,,,,,0.6832519173622131,,,,,,,,,,,
643,91359,,,,,0.7780210971832275,,,,,,,,,,,
643,91369,,,,,0.7588627338409424,,,,,,,,,,,
643,91379,,,,,0.712826132774353,,,,,,,,,,,
643,91389,,,,,0.8107233047485352,,,,,,,,,,,
643,91399,,,,,0.6058287024497986,,,,,,,,,,,
643,91409,,,,,0.7451817393302917,,,,,,,,,,,
643,91419,,,,,0.7122848629951477,,,,,,,,,,,
643,91429,,,,,0.7859050035476685,,,,,,,,,,,
643,91439,,,,,0.7178614139556885,,,,,,,,,,,
643,643,15.44182461779014,95.91805168664779,,,,,,,,,,,,,,
643,91447,,,,,,0.7377468943595886,,,,,,,,,,
644,91449,,,,,0.7957493662834167,,,,,,,,,,,
644,91459,,,,,0.757400631904602,,,,,,,,,,,
644,91469,,,,,0.6771878600120544,,,,,,,,,,,
644,91479,,,,,0.7149626612663269,,,,,,,,,,,
644,91489,,,,,0.840713620185852,,,,,,,,,,,
644,91499,,,,,0.8590487241744995,,,,,,,,,,,
644,91509,,,,,0.7270655035972595,,,,,,,,,,,
644,91519,,,,,0.6834192276000977,,,,,,,,,,,
644,91529,,,,,0.7832890152931213,,,,,,,,,,,
644,91539,,,,,0.6914998292922974,,,,,,,,,,,
644,91549,,,,,0.7426919937133789,,,,,,,,,,,
644,91559,,,,,0.6153109073638916,,,,,,,,,,,
644,91569,,,,,0.7520062327384949,,,,,,,,,,,
644,91579,,,,,0.661655843257904,,,,,,,,,,,
644,91589,,,,,0.7338723540306091,,,,,,,,,,,
644,644,14.397619249963798,95.92627398308635,,,,,,,,,,,,,,
644,91589,,,,,,0.7367204427719116,,,,,,,,,,
645,91599,,,,,0.687692403793335,,,,,,,,,,,
645,91609,,,,,0.7138614654541016,,,,,,,,,,,
645,91619,,,,,0.6544520258903503,,,,,,,,,,,
645,91629,,,,,0.5981283783912659,,,,,,,,,,,
645,91639,,,,,0.5751479268074036,,,,,,,,,,,
645,91649,,,,,0.7469586133956909,,,,,,,,,,,
645,91659,,,,,0.9203476309776306,,,,,,,,,,,
645,91669,,,,,0.6489223837852478,,,,,,,,,,,
645,91679,,,,,0.8159385323524475,,,,,,,,,,,
645,91689,,,,,0.8342635631561279,,,,,,,,,,,
645,91699,,,,,0.6965286135673523,,,,,,,,,,,
645,91709,,,,,0.7547988891601562,,,,,,,,,,,
645,91719,,,,,0.7819795608520508,,,,,,,,,,,
645,91729,,,,,0.9092501401901245,,,,,,,,,,,
645,645,15.335238238511884,95.93425188509607,,,,,,,,,,,,,,
645,91731,,,,,,0.7367618083953857,,,,,,,,,,
646,91739,,,,,0.7485543489456177,,,,,,,,,,,
646,91749,,,,,0.7092811465263367,,,,,,,,,,,
646,91759,,,,,0.7320101261138916,,,,,,,,,,,
646,91769,,,,,0.713071882724762,,,,,,,,,,,
646,91779,,,,,0.8479124307632446,,,,,,,,,,,
646,91789,,,,,0.9620912671089172,,,,,,,,,,,
646,91799,,,,,0.7188108563423157,,,,,,,,,,,
646,91809,,,,,0.6193506717681885,,,,,,,,,,,
646,91819,,,,,0.7056136727333069,,,,,,,,,,,
646,91829,,,,,0.6369600892066956,,,,,,,,,,,
646,91839,,,,,0.7891302108764648,,,,,,,,,,,
646,91849,,,,,0.8659856915473938,,,,,,,,,,,
646,91859,,,,,0.6910610198974609,,,,,,,,,,,
646,91869,,,,,0.7503889799118042,,,,,,,,,,,
646,646,15.089873107033936,95.94281051317795,,,,,,,,,,,,,,
646,91873,,,,,,0.7326486706733704,,,,,,,,,,
647,91879,,,,,0.6864488124847412,,,,,,,,,,,
647,91889,,,,,0.7729604840278625,,,,,,,,,,,
647,91899,,,,,0.7615951299667358,,,,,,,,,,,
647,91909,,,,,0.5753292441368103,,,,,,,,,,,
647,91919,,,,,0.7360327243804932,,,,,,,,,,,
647,91929,,,,,0.7030816674232483,,,,,,,,,,,
647,91939,,,,,0.6629595756530762,,,,,,,,,,,
647,91949,,,,,0.7747482061386108,,,,,,,,,,,
647,91959,,,,,0.8288798332214355,,,,,,,,,,,
647,91969,,,,,0.8504746556282043,,,,,,,,,,,
647,91979,,,,,0.7828628420829773,,,,,,,,,,,
647,91989,,,,,0.7498683929443359,,,,,,,,,,,
647,91999,,,,,0.7838784456253052,,,,,,,,,,,
647,92009,,,,,0.6629398465156555,,,,,,,,,,,
647,647,15.92071118609146,95.95146995597662,,,,,,,,,,,,,,
647,92015,,,,,,0.7275232672691345,,,,,,,,,,
648,92019,,,,,0.8198969960212708,,,,,,,,,,,
648,92029,,,,,0.6488408446311951,,,,,,,,,,,
648,92039,,,,,0.6742900609970093,,,,,,,,,,,
648,92049,,,,,0.7592741250991821,,,,,,,,,,,
648,92059,,,,,0.6673259735107422,,,,,,,,,,,
648,92069,,,,,0.79344242811203,,,,,,,,,,,
648,92079,,,,,0.662434995174408,,,,,,,,,,,
648,92089,,,,,0.691330075263977,,,,,,,,,,,
648,92099,,,,,0.6476201415061951,,,,,,,,,,,
648,92109,,,,,0.6868430972099304,,,,,,,,,,,
648,92119,,,,,0.7144618034362793,,,,,,,,,,,
648,92129,,,,,0.7407107353210449,,,,,,,,,,,
648,92139,,,,,0.7961775660514832,,,,,,,,,,,
648,92149,,,,,0.7481560111045837,,,,,,,,,,,
648,648,16.872015552413753,95.95932810990371,,,,,,,,,,,,,,
648,92157,,,,,,0.7364596128463745,,,,,,,,,,
649,92159,,,,,0.752581000328064,,,,,,,,,,,
649,92169,,,,,0.7053655982017517,,,,,,,,,,,
649,92179,,,,,0.720659077167511,,,,,,,,,,,
649,92189,,,,,0.6216734647750854,,,,,,,,,,,
649,92199,,,,,0.7552058100700378,,,,,,,,,,,
649,92209,,,,,0.6577123999595642,,,,,,,,,,,
649,92219,,,,,0.7874934077262878,,,,,,,,,,,
649,92229,,,,,0.8535524010658264,,,,,,,,,,,
649,92239,,,,,0.592693567276001,,,,,,,,,,,
649,92249,,,,,0.7135384678840637,,,,,,,,,,,
649,92259,,,,,0.8707537651062012,,,,,,,,,,,
649,92269,,,,,0.81070876121521,,,,,,,,,,,
649,92279,,,,,0.6997956037521362,,,,,,,,,,,
649,92289,,,,,0.6174878478050232,,,,,,,,,,,
649,92299,,,,,0.843531608581543,,,,,,,,,,,
649,649,,,0.9990943074226379,0.8372702598571777,,,0.4834820441030425,0.9287458658218384,,0.8873209357261658,,0.26123860478401184,,4.78395740110047,,0.281620055437088
649,92299,,,,,,,,,0.8873209357261658,,0.26123860478401184,,4.783957481384277,,0.281620055437088,
649,649,16.218076643578847,95.9676276586402,,,,,,,,,,,,,,
649,92299,,,,,,0.7284000515937805,,,,,,,,,,
650,92309,,,,,0.6939353942871094,,,,,,,,,,,
650,92319,,,,,0.4982140362262726,,,,,,,,,,,
650,92329,,,,,0.7251619696617126,,,,,,,,,,,
650,92339,,,,,0.7307459712028503,,,,,,,,,,,
650,92349,,,,,0.796191930770874,,,,,,,,,,,
650,92359,,,,,0.8332532048225403,,,,,,,,,,,
650,92369,,,,,0.7584845423698425,,,,,,,,,,,
650,92379,,,,,0.6864503622055054,,,,,,,,,,,
650,92389,,,,,0.6936512589454651,,,,,,,,,,,
650,92399,,,,,0.6862512230873108,,,,,,,,,,,
650,92409,,,,,0.7017478942871094,,,,,,,,,,,
650,92419,,,,,0.7802531123161316,,,,,,,,,,,
650,92429,,,,,0.7989041209220886,,,,,,,,,,,
650,92439,,,,,0.6783219575881958,,,,,,,,,,,
650,650,14.881190494293962,95.97599657104922,,,,,,,,,,,,,,
650,92441,,,,,,0.7238089442253113,,,,,,,,,,
651,92449,,,,,0.8391643166542053,,,,,,,,,,,
651,92459,,,,,0.7600375413894653,,,,,,,,,,,
651,92469,,,,,0.6472440958023071,,,,,,,,,,,
651,92479,,,,,0.8343343734741211,,,,,,,,,,,
651,92489,,,,,0.547115683555603,,,,,,,,,,,
651,92499,,,,,0.6556342840194702,,,,,,,,,,,
651,92509,,,,,0.7062508463859558,,,,,,,,,,,
651,92519,,,,,0.6538808941841125,,,,,,,,,,,
651,92529,,,,,0.7344874143600464,,,,,,,,,,,
651,92539,,,,,0.7215479612350464,,,,,,,,,,,
651,92549,,,,,0.6583636403083801,,,,,,,,,,,
651,92559,,,,,0.6128731966018677,,,,,,,,,,,
651,92569,,,,,0.8516349792480469,,,,,,,,,,,
651,92579,,,,,0.6747019290924072,,,,,,,,,,,
651,651,15.031736963134696,95.9838807406177,,,,,,,,,,,,,,
651,92583,,,,,,0.7239488363265991,,,,,,,,,,
652,92589,,,,,0.7519126534461975,,,,,,,,,,,
652,92599,,,,,0.8462778925895691,,,,,,,,,,,
652,92609,,,,,0.5908093452453613,,,,,,,,,,,
652,92619,,,,,0.766626238822937,,,,,,,,,,,
652,92629,,,,,0.686072051525116,,,,,,,,,,,
652,92639,,,,,0.7845824956893921,,,,,,,,,,,
652,92649,,,,,0.651974618434906,,,,,,,,,,,
652,92659,,,,,0.6921997666358948,,,,,,,,,,,
652,92669,,,,,0.6921466588973999,,,,,,,,,,,
652,92679,,,,,0.6569865345954895,,,,,,,,,,,
652,92689,,,,,0.7291726469993591,,,,,,,,,,,
652,92699,,,,,0.772975742816925,,,,,,,,,,,
652,92709,,,,,0.7217168807983398,,,,,,,,,,,
652,92719,,,,,0.7531750202178955,,,,,,,,,,,
652,652,14.676639990470468,95.99181351025956,,,,,,,,,,,,,,
652,92725,,,,,,0.722274661064148,,,,,,,,,,
653,92729,,,,,0.6530488729476929,,,,,,,,,,,
653,92739,,,,,0.6516126990318298,,,,,,,,,,,
653,92749,,,,,0.6723582148551941,,,,,,,,,,,
653,92759,,,,,0.7788226008415222,,,,,,,,,,,
653,92769,,,,,0.7280378341674805,,,,,,,,,,,
653,92779,,,,,0.733647346496582,,,,,,,,,,,
653,92789,,,,,0.5848310589790344,,,,,,,,,,,
653,92799,,,,,0.8693632483482361,,,,,,,,,,,
653,92809,,,,,0.7477367520332336,,,,,,,,,,,
653,92819,,,,,0.6486833095550537,,,,,,,,,,,
653,92829,,,,,0.642971932888031,,,,,,,,,,,
653,92839,,,,,0.7904058694839478,,,,,,,,,,,
653,92849,,,,,0.8243692517280579,,,,,,,,,,,
653,92859,,,,,0.6244272589683533,,,,,,,,,,,
653,653,16.724889892251085,96.00033856216355,,,,,,,,,,,,,,
653,92867,,,,,,0.7225175499916077,,,,,,,,,,
654,92869,,,,,0.739743173122406,,,,,,,,,,,
654,92879,,,,,0.700569748878479,,,,,,,,,,,
654,92889,,,,,0.7035797238349915,,,,,,,,,,,
654,92899,,,,,0.7796522378921509,,,,,,,,,,,
654,92909,,,,,0.7673985362052917,,,,,,,,,,,
654,92919,,,,,0.6729317903518677,,,,,,,,,,,
654,92929,,,,,0.6340157985687256,,,,,,,,,,,
654,92939,,,,,0.8314297199249268,,,,,,,,,,,
654,92949,,,,,0.7759715914726257,,,,,,,,,,,
654,92959,,,,,0.672795295715332,,,,,,,,,,,
654,92969,,,,,0.7652899622917175,,,,,,,,,,,
654,92979,,,,,0.6733241081237793,,,,,,,,,,,
654,92989,,,,,0.7652685642242432,,,,,,,,,,,
654,92999,,,,,0.6945309042930603,,,,,,,,,,,
654,93009,,,,,0.6922204494476318,,,,,,,,,,,
654,654,14.941504834291116,96.008960894746,,,,,,,,,,,,,,
654,93009,,,,,,0.7214035391807556,,,,,,,,,,
655,93019,,,,,0.710642397403717,,,,,,,,,,,
655,93029,,,,,0.5710696578025818,,,,,,,,,,,
655,93039,,,,,0.7300564646720886,,,,,,,,,,,
655,93049,,,,,0.8138605952262878,,,,,,,,,,,
655,93059,,,,,0.6604043245315552,,,,,,,,,,,
655,93069,,,,,0.6951436996459961,,,,,,,,,,,
655,93079,,,,,0.6038435101509094,,,,,,,,,,,
655,93089,,,,,0.7698180079460144,,,,,,,,,,,
655,93099,,,,,0.7318581938743591,,,,,,,,,,,
655,93109,,,,,0.6896234154701233,,,,,,,,,,,
655,93119,,,,,0.694031834602356,,,,,,,,,,,
655,93129,,,,,0.6948867440223694,,,,,,,,,,,
655,93139,,,,,0.6030393242835999,,,,,,,,,,,
655,93149,,,,,0.7307374477386475,,,,,,,,,,,
655,655,15.436606394364048,96.01738997203779,,,,,,,,,,,,,,
655,93151,,,,,,0.7155306935310364,,,,,,,,,,
656,93159,,,,,0.6303232312202454,,,,,,,,,,,
656,93169,,,,,0.6939021348953247,,,,,,,,,,,
656,93179,,,,,0.7331339716911316,,,,,,,,,,,
656,93189,,,,,0.7031242251396179,,,,,,,,,,,
656,93199,,,,,0.8429253697395325,,,,,,,,,,,
656,93209,,,,,0.6710339784622192,,,,,,,,,,,
656,93219,,,,,0.6953111290931702,,,,,,,,,,,
656,93229,,,,,0.6368945837020874,,,,,,,,,,,
656,93239,,,,,0.7827925682067871,,,,,,,,,,,
656,93249,,,,,0.713278591632843,,,,,,,,,,,
656,93259,,,,,0.6855081915855408,,,,,,,,,,,
656,93269,,,,,0.8698809146881104,,,,,,,,,,,
656,93279,,,,,0.69820237159729,,,,,,,,,,,
656,93289,,,,,0.7440020442008972,,,,,,,,,,,
656,656,15.670460029105552,96.02554592552953,,,,,,,,,,,,,,
656,93293,,,,,,0.7135158777236938,,,,,,,,,,
657,93299,,,,,0.6701896786689758,,,,,,,,,,,
657,93309,,,,,0.6788681745529175,,,,,,,,,,,
657,93319,,,,,0.7793409824371338,,,,,,,,,,,
657,93329,,,,,0.8467985987663269,,,,,,,,,,,
657,93339,,,,,0.7085203528404236,,,,,,,,,,,
657,93349,,,,,0.5796732902526855,,,,,,,,,,,
657,93359,,,,,0.653919517993927,,,,,,,,,,,
657,93369,,,,,0.7752326726913452,,,,,,,,,,,
657,93379,,,,,0.5416516661643982,,,,,,,,,,,
657,93389,,,,,0.8071717023849487,,,,,,,,,,,
657,93399,,,,,0.693020224571228,,,,,,,,,,,
657,93409,,,,,0.7286428809165955,,,,,,,,,,,
657,93419,,,,,0.6780619025230408,,,,,,,,,,,
657,93429,,,,,0.6754246354103088,,,,,,,,,,,
657,657,13.274156384960214,96.033822552031,,,,,,,,,,,,,,
657,93435,,,,,,0.7151615023612976,,,,,,,,,,
658,93439,,,,,0.6113473773002625,,,,,,,,,,,
658,93449,,,,,0.6086630821228027,,,,,,,,,,,
658,93459,,,,,0.5998339056968689,,,,,,,,,,,
658,93469,,,,,0.9125913977622986,,,,,,,,,,,
658,93479,,,,,0.7608969807624817,,,,,,,,,,,
658,93489,,,,,0.8139125108718872,,,,,,,,,,,
658,93499,,,,,0.7103604674339294,,,,,,,,,,,
658,93509,,,,,0.6331144571304321,,,,,,,,,,,
658,93519,,,,,0.7912663221359253,,,,,,,,,,,
658,93529,,,,,0.6897985935211182,,,,,,,,,,,
658,93539,,,,,0.7832380533218384,,,,,,,,,,,
658,93549,,,,,0.6684411764144897,,,,,,,,,,,
658,93559,,,,,0.6668720841407776,,,,,,,,,,,
658,93569,,,,,0.5833031535148621,,,,,,,,,,,
658,658,14.232820793037751,96.04236456602649,,,,,,,,,,,,,,
658,93577,,,,,,0.7107949256896973,,,,,,,,,,
659,93579,,,,,0.7674023509025574,,,,,,,,,,,
659,93589,,,,,0.6918659806251526,,,,,,,,,,,
659,93599,,,,,0.7153631448745728,,,,,,,,,,,
659,93609,,,,,0.6872859597206116,,,,,,,,,,,
659,93619,,,,,0.7725903987884521,,,,,,,,,,,
659,93629,,,,,0.6423673629760742,,,,,,,,,,,
659,93639,,,,,0.6193979382514954,,,,,,,,,,,
659,93649,,,,,0.8313852548599243,,,,,,,,,,,
659,93659,,,,,0.7043343782424927,,,,,,,,,,,
659,93669,,,,,0.6679383516311646,,,,,,,,,,,
659,93679,,,,,0.7094922661781311,,,,,,,,,,,
659,93689,,,,,0.742133617401123,,,,,,,,,,,
659,93699,,,,,0.6891422271728516,,,,,,,,,,,
659,93709,,,,,0.696226179599762,,,,,,,,,,,
659,93719,,,,,0.683309018611908,,,,,,,,,,,
659,659,,,0.9991946220397949,0.8513934016227722,,,0.45621730893068835,0.9353812336921692,,0.8862779140472412,,0.26229310035705566,,4.812029928577189,,0.2798662483692169
659,93719,,,,,,,,,0.8862779140472412,,0.26229310035705566,,4.812028408050537,,0.2798662483692169,
659,659,13.688907824021127,96.05079095624917,,,,,,,,,,,,,,
659,93719,,,,,,0.7059572339057922,,,,,,,,,,
660,93729,,,,,0.7070711255073547,,,,,,,,,,,
660,93739,,,,,0.577759861946106,,,,,,,,,,,
660,93749,,,,,0.6796647310256958,,,,,,,,,,,
660,93759,,,,,0.7275676727294922,,,,,,,,,,,
660,93769,,,,,0.6162198781967163,,,,,,,,,,,
660,93779,,,,,0.802009105682373,,,,,,,,,,,
660,93789,,,,,0.680989682674408,,,,,,,,,,,
660,93799,,,,,0.766201913356781,,,,,,,,,,,
660,93809,,,,,0.6558266878128052,,,,,,,,,,,
660,93819,,,,,0.6516305208206177,,,,,,,,,,,
660,93829,,,,,0.7572976350784302,,,,,,,,,,,
660,93839,,,,,0.7029523849487305,,,,,,,,,,,
660,93849,,,,,0.6341019868850708,,,,,,,,,,,
660,93859,,,,,0.5949200391769409,,,,,,,,,,,
660,660,16.209086032380423,96.05884111623315,,,,,,,,,,,,,,
660,93861,,,,,,0.7078016996383667,,,,,,,,,,
661,93869,,,,,0.6775292754173279,,,,,,,,,,,
661,93879,,,,,0.7046171426773071,,,,,,,,,,,
661,93889,,,,,0.6686835885047913,,,,,,,,,,,
661,93899,,,,,0.6528729796409607,,,,,,,,,,,
661,93909,,,,,0.583563506603241,,,,,,,,,,,
661,93919,,,,,0.667850911617279,,,,,,,,,,,
661,93929,,,,,0.7270933389663696,,,,,,,,,,,
661,93939,,,,,0.7624605298042297,,,,,,,,,,,
661,93949,,,,,0.6841448545455933,,,,,,,,,,,
661,93959,,,,,0.7095583081245422,,,,,,,,,,,
661,93969,,,,,0.6360076665878296,,,,,,,,,,,
661,93979,,,,,0.6004776358604431,,,,,,,,,,,
661,93989,,,,,0.6549140810966492,,,,,,,,,,,
661,93999,,,,,0.6538819670677185,,,,,,,,,,,
661,661,13.483558954751624,96.06688516973297,,,,,,,,,,,,,,
661,94003,,,,,,0.7059968709945679,,,,,,,,,,
662,94009,,,,,0.7023450136184692,,,,,,,,,,,
662,94019,,,,,0.7429566979408264,,,,,,,,,,,
662,94029,,,,,0.7560240030288696,,,,,,,,,,,
662,94039,,,,,0.6273146867752075,,,,,,,,,,,
662,94049,,,,,0.6875401139259338,,,,,,,,,,,
662,94059,,,,,0.8348245024681091,,,,,,,,,,,
662,94069,,,,,0.5758894085884094,,,,,,,,,,,
662,94079,,,,,0.7565927505493164,,,,,,,,,,,
662,94089,,,,,0.729212760925293,,,,,,,,,,,
662,94099,,,,,0.5426669120788574,,,,,,,,,,,
662,94109,,,,,0.6490454077720642,,,,,,,,,,,
662,94119,,,,,0.6170057654380798,,,,,,,,,,,
662,94129,,,,,0.7570240497589111,,,,,,,,,,,
662,94139,,,,,0.6149643063545227,,,,,,,,,,,
662,662,16.184380859055086,96.07494042785935,,,,,,,,,,,,,,
662,94145,,,,,,0.7040364146232605,,,,,,,,,,
663,94149,,,,,0.6417145133018494,,,,,,,,,,,
663,94159,,,,,0.5920979976654053,,,,,,,,,,,
663,94169,,,,,0.7138494849205017,,,,,,,,,,,
663,94179,,,,,0.6180542707443237,,,,,,,,,,,
663,94189,,,,,0.71201092004776,,,,,,,,,,,
663,94199,,,,,0.6708766222000122,,,,,,,,,,,
663,94209,,,,,0.5992045998573303,,,,,,,,,,,
663,94219,,,,,0.6425572633743286,,,,,,,,,,,
663,94229,,,,,0.6649174094200134,,,,,,,,,,,
663,94239,,,,,0.702237069606781,,,,,,,,,,,
663,94249,,,,,0.7013018727302551,,,,,,,,,,,
663,94259,,,,,0.7636010646820068,,,,,,,,,,,
663,94269,,,,,0.6639065146446228,,,,,,,,,,,
663,94279,,,,,0.6358495354652405,,,,,,,,,,,
663,663,14.750018925573226,96.08314861994629,,,,,,,,,,,,,,
663,94287,,,,,,0.7019925117492676,,,,,,,,,,
664,94289,,,,,0.6860733032226562,,,,,,,,,,,
664,94299,,,,,0.808933675289154,,,,,,,,,,,
664,94309,,,,,0.6343101263046265,,,,,,,,,,,
664,94319,,,,,0.7060386538505554,,,,,,,,,,,
664,94329,,,,,0.675127387046814,,,,,,,,,,,
664,94339,,,,,0.7625826597213745,,,,,,,,,,,
664,94349,,,,,0.5931137800216675,,,,,,,,,,,
664,94359,,,,,0.7120053172111511,,,,,,,,,,,
664,94369,,,,,0.7978079319000244,,,,,,,,,,,
664,94379,,,,,0.6747559309005737,,,,,,,,,,,
664,94389,,,,,0.8092939853668213,,,,,,,,,,,
664,94399,,,,,0.6899213790893555,,,,,,,,,,,
664,94409,,,,,0.7269440293312073,,,,,,,,,,,
664,94419,,,,,0.7474077939987183,,,,,,,,,,,
664,94429,,,,,0.6997849941253662,,,,,,,,,,,
664,664,15.248298290284808,96.09128400110242,,,,,,,,,,,,,,
664,94429,,,,,,0.7016180157661438,,,,,,,,,,
665,94439,,,,,0.642285168170929,,,,,,,,,,,
665,94449,,,,,0.7074320316314697,,,,,,,,,,,
665,94459,,,,,0.768597424030304,,,,,,,,,,,
665,94469,,,,,0.6554340124130249,,,,,,,,,,,
665,94479,,,,,0.6082618832588196,,,,,,,,,,,
665,94489,,,,,0.44974982738494873,,,,,,,,,,,
665,94499,,,,,0.7906089425086975,,,,,,,,,,,
665,94509,,,,,0.7282438278198242,,,,,,,,,,,
665,94519,,,,,0.8228335976600647,,,,,,,,,,,
665,94529,,,,,0.7107222080230713,,,,,,,,,,,
665,94539,,,,,0.7202802896499634,,,,,,,,,,,
665,94549,,,,,0.6198182106018066,,,,,,,,,,,
665,94559,,,,,0.6418351531028748,,,,,,,,,,,
665,94569,,,,,0.6697826981544495,,,,,,,,,,,
665,665,15.111756006540391,96.09933123384411,,,,,,,,,,,,,,
665,94571,,,,,,0.7001121640205383,,,,,,,,,,
666,94579,,,,,0.6889562606811523,,,,,,,,,,,
666,94589,,,,,0.7757290601730347,,,,,,,,,,,
666,94599,,,,,0.7551108598709106,,,,,,,,,,,
666,94609,,,,,0.7593984603881836,,,,,,,,,,,
666,94619,,,,,0.6322535872459412,,,,,,,,,,,
666,94629,,,,,0.6478445529937744,,,,,,,,,,,
666,94639,,,,,0.7034465670585632,,,,,,,,,,,
666,94649,,,,,0.6186782121658325,,,,,,,,,,,
666,94659,,,,,0.7192786931991577,,,,,,,,,,,
666,94669,,,,,0.7231613993644714,,,,,,,,,,,
666,94679,,,,,0.7290864586830139,,,,,,,,,,,
666,94689,,,,,0.6697978973388672,,,,,,,,,,,
666,94699,,,,,0.803019642829895,,,,,,,,,,,
666,94709,,,,,0.677433431148529,,,,,,,,,,,
666,666,14.020680072094004,96.10716168845123,,,,,,,,,,,,,,
666,94713,,,,,,0.6978249549865723,,,,,,,,,,
667,94719,,,,,0.6866995692253113,,,,,,,,,,,
667,94729,,,,,0.66159987449646,,,,,,,,,,,
667,94739,,,,,0.6167389750480652,,,,,,,,,,,
667,94749,,,,,0.7487191557884216,,,,,,,,,,,
667,94759,,,,,0.6317238807678223,,,,,,,,,,,
667,94769,,,,,0.8357535600662231,,,,,,,,,,,
667,94779,,,,,0.5778043270111084,,,,,,,,,,,
667,94789,,,,,0.5929364562034607,,,,,,,,,,,
667,94799,,,,,0.7241535186767578,,,,,,,,,,,
667,94809,,,,,0.634945273399353,,,,,,,,,,,
667,94819,,,,,0.6582508683204651,,,,,,,,,,,
667,94829,,,,,0.6106258034706116,,,,,,,,,,,
667,94839,,,,,0.7530540227890015,,,,,,,,,,,
667,94849,,,,,0.7863600254058838,,,,,,,,,,,
667,667,15.058025192749627,96.11542279660843,,,,,,,,,,,,,,
667,94855,,,,,,0.6956951022148132,,,,,,,,,,
668,94859,,,,,0.814049482345581,,,,,,,,,,,
668,94869,,,,,0.7830742597579956,,,,,,,,,,,
668,94879,,,,,0.6748600602149963,,,,,,,,,,,
668,94889,,,,,0.6227499842643738,,,,,,,,,,,
668,94899,,,,,0.7112240195274353,,,,,,,,,,,
668,94909,,,,,0.6244986057281494,,,,,,,,,,,
668,94919,,,,,0.6887567639350891,,,,,,,,,,,
668,94929,,,,,0.6526629328727722,,,,,,,,,,,
668,94939,,,,,0.7430594563484192,,,,,,,,,,,
668,94949,,,,,0.7237421870231628,,,,,,,,,,,
668,94959,,,,,0.596726655960083,,,,,,,,,,,
668,94969,,,,,0.7599709033966064,,,,,,,,,,,
668,94979,,,,,0.5976780652999878,,,,,,,,,,,
668,94989,,,,,0.7194462418556213,,,,,,,,,,,
668,668,16.501576074353935,96.12395775752556,,,,,,,,,,,,,,
668,94997,,,,,,0.6929518580436707,,,,,,,,,,
669,94999,,,,,0.7468663454055786,,,,,,,,,,,
669,95009,,,,,0.6664575338363647,,,,,,,,,,,
669,95019,,,,,0.6971260905265808,,,,,,,,,,,
669,95029,,,,,0.7131892442703247,,,,,,,,,,,
669,95039,,,,,0.637200117111206,,,,,,,,,,,
669,95049,,,,,0.8302220702171326,,,,,,,,,,,
669,95059,,,,,0.5977219343185425,,,,,,,,,,,
669,95069,,,,,0.796132504940033,,,,,,,,,,,
669,95079,,,,,0.7267690896987915,,,,,,,,,,,
669,95089,,,,,0.7805317640304565,,,,,,,,,,,
669,95099,,,,,0.5417303442955017,,,,,,,,,,,
669,95109,,,,,0.6600009202957153,,,,,,,,,,,
669,95119,,,,,0.5879990458488464,,,,,,,,,,,
669,95129,,,,,0.5979189872741699,,,,,,,,,,,
669,95139,,,,,0.8228886127471924,,,,,,,,,,,
669,669,,,0.999245285987854,0.8588367700576782,,,0.44651958825823096,0.939967155456543,,0.8860228061676025,,0.26470962166786194,,4.82600502426527,,0.2780245244503021
669,95139,,,,,,,,,0.8860228061676025,,0.26470962166786194,,4.826004981994629,,0.2780245244503021,
669,669,15.014203171736371,96.13178287096153,,,,,,,,,,,,,,
669,95139,,,,,,0.691619873046875,,,,,,,,,,
670,95149,,,,,0.6501092314720154,,,,,,,,,,,
670,95159,,,,,0.7558659315109253,,,,,,,,,,,
670,95169,,,,,0.7439336776733398,,,,,,,,,,,
670,95179,,,,,0.6812005639076233,,,,,,,,,,,
670,95189,,,,,0.740303635597229,,,,,,,,,,,
670,95199,,,,,0.5819066166877747,,,,,,,,,,,
670,95209,,,,,0.8247067332267761,,,,,,,,,,,
670,95219,,,,,0.6409869194030762,,,,,,,,,,,
670,95229,,,,,0.5764850974082947,,,,,,,,,,,
670,95239,,,,,0.6581129431724548,,,,,,,,,,,
670,95249,,,,,0.6136409044265747,,,,,,,,,,,
670,95259,,,,,0.7314020395278931,,,,,,,,,,,
670,95269,,,,,0.6340229511260986,,,,,,,,,,,
670,95279,,,,,0.6847597360610962,,,,,,,,,,,
670,670,15.497050002131449,96.14009305441243,,,,,,,,,,,,,,
670,95281,,,,,,0.6945358514785767,,,,,,,,,,
671,95289,,,,,0.651257336139679,,,,,,,,,,,
671,95299,,,,,0.8110774159431458,,,,,,,,,,,
671,95309,,,,,0.6064955592155457,,,,,,,,,,,
671,95319,,,,,0.6887733936309814,,,,,,,,,,,
671,95329,,,,,0.6746331453323364,,,,,,,,,,,
671,95339,,,,,0.8467463254928589,,,,,,,,,,,
671,95349,,,,,0.7112051844596863,,,,,,,,,,,
671,95359,,,,,0.6466861367225647,,,,,,,,,,,
671,95369,,,,,0.7386075258255005,,,,,,,,,,,
671,95379,,,,,0.7193598747253418,,,,,,,,,,,
671,95389,,,,,0.7230499982833862,,,,,,,,,,,
671,95399,,,,,0.8747386932373047,,,,,,,,,,,
671,95409,,,,,0.7241969108581543,,,,,,,,,,,
671,95419,,,,,0.7862914800643921,,,,,,,,,,,
671,671,16.633292780174287,96.14876663699557,,,,,,,,,,,,,,
671,95423,,,,,,0.6937355399131775,,,,,,,,,,
672,95429,,,,,0.6013733744621277,,,,,,,,,,,
672,95439,,,,,0.5855281949043274,,,,,,,,,,,
672,95449,,,,,0.7363012433052063,,,,,,,,,,,
672,95459,,,,,0.6728150844573975,,,,,,,,,,,
672,95469,,,,,0.7530862092971802,,,,,,,,,,,
672,95479,,,,,0.838272750377655,,,,,,,,,,,
672,95489,,,,,0.6835581064224243,,,,,,,,,,,
672,95499,,,,,0.6634763479232788,,,,,,,,,,,
672,95509,,,,,0.6755697727203369,,,,,,,,,,,
672,95519,,,,,0.6747602224349976,,,,,,,,,,,
672,95529,,,,,0.7363799214363098,,,,,,,,,,,
672,95539,,,,,0.7489224076271057,,,,,,,,,,,
672,95549,,,,,0.833830714225769,,,,,,,,,,,
672,95559,,,,,0.6162824630737305,,,,,,,,,,,
672,672,15.91414476115748,96.15697790750929,,,,,,,,,,,,,,
672,95565,,,,,,0.6885203123092651,,,,,,,,,,
673,95569,,,,,0.635613203048706,,,,,,,,,,,
673,95579,,,,,0.4798407256603241,,,,,,,,,,,
673,95589,,,,,0.6383625864982605,,,,,,,,,,,
673,95599,,,,,0.6613105535507202,,,,,,,,,,,
673,95609,,,,,0.71636563539505,,,,,,,,,,,
673,95619,,,,,0.7327587604522705,,,,,,,,,,,
673,95629,,,,,0.6533532738685608,,,,,,,,,,,
673,95639,,,,,0.8100662231445312,,,,,,,,,,,
673,95649,,,,,0.7435840964317322,,,,,,,,,,,
673,95659,,,,,0.6777511239051819,,,,,,,,,,,
673,95669,,,,,0.7438337802886963,,,,,,,,,,,
673,95679,,,,,0.5823370218276978,,,,,,,,,,,
673,95689,,,,,0.7078615427017212,,,,,,,,,,,
673,95699,,,,,0.6664205193519592,,,,,,,,,,,
673,673,13.912418556979045,96.16529223226411,,,,,,,,,,,,,,
673,95707,,,,,,0.6809220910072327,,,,,,,,,,
674,95709,,,,,0.7613202333450317,,,,,,,,,,,
674,95719,,,,,0.6112775802612305,,,,,,,,,,,
674,95729,,,,,0.5741258859634399,,,,,,,,,,,
674,95739,,,,,0.7154157757759094,,,,,,,,,,,
674,95749,,,,,0.693252444267273,,,,,,,,,,,
674,95759,,,,,0.6314217448234558,,,,,,,,,,,
674,95769,,,,,0.7082206606864929,,,,,,,,,,,
674,95779,,,,,0.7591578364372253,,,,,,,,,,,
674,95789,,,,,0.7707169651985168,,,,,,,,,,,
674,95799,,,,,0.616904079914093,,,,,,,,,,,
674,95809,,,,,0.6892725229263306,,,,,,,,,,,
674,95819,,,,,0.6322811245918274,,,,,,,,,,,
674,95829,,,,,0.7130505442619324,,,,,,,,,,,
674,95839,,,,,0.7205408811569214,,,,,,,,,,,
674,95849,,,,,0.7289376854896545,,,,,,,,,,,
674,674,14.562918852624167,96.17415065627016,,,,,,,,,,,,,,
674,95849,,,,,,0.6777267456054688,,,,,,,,,,
675,95859,,,,,0.6055727005004883,,,,,,,,,,,
675,95869,,,,,0.9819676280021667,,,,,,,,,,,
675,95879,,,,,0.6678755879402161,,,,,,,,,,,
675,95889,,,,,0.7179222106933594,,,,,,,,,,,
675,95899,,,,,0.6678827404975891,,,,,,,,,,,
675,95909,,,,,0.7549746036529541,,,,,,,,,,,
675,95919,,,,,0.7450161576271057,,,,,,,,,,,
675,95929,,,,,0.7019514441490173,,,,,,,,,,,
675,95939,,,,,0.7962965965270996,,,,,,,,,,,
675,95949,,,,,0.6647726893424988,,,,,,,,,,,
675,95959,,,,,0.7501696348190308,,,,,,,,,,,
675,95969,,,,,0.7630923986434937,,,,,,,,,,,
675,95979,,,,,0.6242830753326416,,,,,,,,,,,
675,95989,,,,,0.6153294444084167,,,,,,,,,,,
675,675,16.945454358367066,96.1822475586622,,,,,,,,,,,,,,
675,95991,,,,,,0.6798561811447144,,,,,,,,,,
676,95999,,,,,0.6566998362541199,,,,,,,,,,,
676,96009,,,,,0.883594810962677,,,,,,,,,,,
676,96019,,,,,0.6184786558151245,,,,,,,,,,,
676,96029,,,,,0.6271734237670898,,,,,,,,,,,
676,96039,,,,,0.817163348197937,,,,,,,,,,,
676,96049,,,,,0.7360742688179016,,,,,,,,,,,
676,96059,,,,,0.67368483543396,,,,,,,,,,,
676,96069,,,,,0.6118969321250916,,,,,,,,,,,
676,96079,,,,,0.6938689947128296,,,,,,,,,,,
676,96089,,,,,0.7018429636955261,,,,,,,,,,,
676,96099,,,,,0.6694015264511108,,,,,,,,,,,
676,96109,,,,,0.8635464310646057,,,,,,,,,,,
676,96119,,,,,0.8040238618850708,,,,,,,,,,,
676,96129,,,,,0.6128298044204712,,,,,,,,,,,
676,676,15.385039703059677,96.19029535976821,,,,,,,,,,,,,,
676,96133,,,,,,0.678330659866333,,,,,,,,,,
677,96139,,,,,0.6296511888504028,,,,,,,,,,,
677,96149,,,,,0.7389739751815796,,,,,,,,,,,
677,96159,,,,,0.7040528059005737,,,,,,,,,,,
677,96169,,,,,0.6660257577896118,,,,,,,,,,,
677,96179,,,,,0.7132155299186707,,,,,,,,,,,
677,96189,,,,,0.6201601028442383,,,,,,,,,,,
677,96199,,,,,0.7374764680862427,,,,,,,,,,,
677,96209,,,,,0.6779197454452515,,,,,,,,,,,
677,96219,,,,,0.6365038752555847,,,,,,,,,,,
677,96229,,,,,0.7240487337112427,,,,,,,,,,,
677,96239,,,,,0.5132638216018677,,,,,,,,,,,
677,96249,,,,,0.6652540564537048,,,,,,,,,,,
677,96259,,,,,0.5930556058883667,,,,,,,,,,,
677,96269,,,,,0.6429783701896667,,,,,,,,,,,
677,677,14.815521438595091,96.19905651182997,,,,,,,,,,,,,,
677,96275,,,,,,0.6768219470977783,,,,,,,,,,
678,96279,,,,,0.7408878803253174,,,,,,,,,,,
678,96289,,,,,0.7175009846687317,,,,,,,,,,,
678,96299,,,,,0.7960333228111267,,,,,,,,,,,
678,96309,,,,,0.5675910115242004,,,,,,,,,,,
678,96319,,,,,0.6740933060646057,,,,,,,,,,,
678,96329,,,,,0.6576930284500122,,,,,,,,,,,
678,96339,,,,,0.647072434425354,,,,,,,,,,,
678,96349,,,,,0.6096485257148743,,,,,,,,,,,
678,96359,,,,,0.6408857107162476,,,,,,,,,,,
678,96369,,,,,0.8934471607208252,,,,,,,,,,,
678,96379,,,,,0.7037057280540466,,,,,,,,,,,
678,96389,,,,,0.5829178094863892,,,,,,,,,,,
678,96399,,,,,0.5649818181991577,,,,,,,,,,,
678,96409,,,,,0.7144089937210083,,,,,,,,,,,
678,678,15.639295839551213,96.20721046618385,,,,,,,,,,,,,,
678,96417,,,,,,0.6762455105781555,,,,,,,,,,
679,96419,,,,,0.5846538543701172,,,,,,,,,,,
679,96429,,,,,0.5980010628700256,,,,,,,,,,,
679,96439,,,,,0.7056552171707153,,,,,,,,,,,
679,96449,,,,,0.6531359553337097,,,,,,,,,,,
679,96459,,,,,0.6064691543579102,,,,,,,,,,,
679,96469,,,,,0.6022922396659851,,,,,,,,,,,
679,96479,,,,,0.6963521242141724,,,,,,,,,,,
679,96489,,,,,0.6375913619995117,,,,,,,,,,,
679,96499,,,,,0.7135643362998962,,,,,,,,,,,
679,96509,,,,,0.6317797899246216,,,,,,,,,,,
679,96519,,,,,0.6171654462814331,,,,,,,,,,,
679,96529,,,,,0.6437890529632568,,,,,,,,,,,
679,96539,,,,,0.6363767981529236,,,,,,,,,,,
679,96549,,,,,0.8267961740493774,,,,,,,,,,,
679,96559,,,,,0.7453888058662415,,,,,,,,,,,
679,679,,,0.9992929697036743,0.8667184710502625,,,0.42998207770789626,0.9446861147880554,,0.8873977661132812,,0.26856565475463867,,4.919211831323954,,0.284168004989624
679,96559,,,,,,,,,0.8873977661132812,,0.26856565475463867,,4.919211387634277,,0.284168004989624,
679,679,14.72608876365704,96.21521445316964,,,,,,,,,,,,,,
679,96559,,,,,,0.676900327205658,,,,,,,,,,
680,96569,,,,,0.865437388420105,,,,,,,,,,,
680,96579,,,,,0.5445391535758972,,,,,,,,,,,
680,96589,,,,,0.5904817581176758,,,,,,,,,,,
680,96599,,,,,0.6384654641151428,,,,,,,,,,,
680,96609,,,,,0.6705412268638611,,,,,,,,,,,
680,96619,,,,,0.6408383250236511,,,,,,,,,,,
680,96629,,,,,0.6106650233268738,,,,,,,,,,,
680,96639,,,,,0.7990728616714478,,,,,,,,,,,
680,96649,,,,,0.7925872802734375,,,,,,,,,,,
680,96659,,,,,0.7782596945762634,,,,,,,,,,,
680,96669,,,,,0.6136307120323181,,,,,,,,,,,
680,96679,,,,,0.65509033203125,,,,,,,,,,,
680,96689,,,,,0.6576541066169739,,,,,,,,,,,
680,96699,,,,,0.522355318069458,,,,,,,,,,,
680,680,15.380377173422957,96.22336461986272,,,,,,,,,,,,,,
680,96701,,,,,,0.6787040829658508,,,,,,,,,,
681,96709,,,,,0.5856544375419617,,,,,,,,,,,
681,96719,,,,,0.6868793368339539,,,,,,,,,,,
681,96729,,,,,0.6648646593093872,,,,,,,,,,,
681,96739,,,,,0.6928120851516724,,,,,,,,,,,
681,96749,,,,,0.590359091758728,,,,,,,,,,,
681,96759,,,,,0.5568073391914368,,,,,,,,,,,
681,96769,,,,,0.5058154463768005,,,,,,,,,,,
681,96779,,,,,0.6976163983345032,,,,,,,,,,,
681,96789,,,,,0.597703218460083,,,,,,,,,,,
681,96799,,,,,0.6835265755653381,,,,,,,,,,,
681,96809,,,,,0.6107962727546692,,,,,,,,,,,
681,96819,,,,,0.8406600952148438,,,,,,,,,,,
681,96829,,,,,0.6448822617530823,,,,,,,,,,,
681,96839,,,,,0.5956655740737915,,,,,,,,,,,
681,681,14.7947996216228,96.23121312161615,,,,,,,,,,,,,,
681,96843,,,,,,0.6721407771110535,,,,,,,,,,
682,96849,,,,,0.6925027370452881,,,,,,,,,,,
682,96859,,,,,0.6921110153198242,,,,,,,,,,,
682,96869,,,,,0.5311179161071777,,,,,,,,,,,
682,96879,,,,,0.7122053503990173,,,,,,,,,,,
682,96889,,,,,0.6849749088287354,,,,,,,,,,,
682,96899,,,,,0.698961615562439,,,,,,,,,,,
682,96909,,,,,0.7738071084022522,,,,,,,,,,,
682,96919,,,,,0.6467382907867432,,,,,,,,,,,
682,96929,,,,,0.5875575542449951,,,,,,,,,,,
682,96939,,,,,0.6487892270088196,,,,,,,,,,,
682,96949,,,,,0.6552159786224365,,,,,,,,,,,
682,96959,,,,,0.6080431342124939,,,,,,,,,,,
682,96969,,,,,0.6539568901062012,,,,,,,,,,,
682,96979,,,,,0.6817960739135742,,,,,,,,,,,
682,682,14.91877641968595,96.23926514884754,,,,,,,,,,,,,,
682,96985,,,,,,0.6681780815124512,,,,,,,,,,
683,96989,,,,,0.787269115447998,,,,,,,,,,,
683,96999,,,,,0.6655634641647339,,,,,,,,,,,
683,97009,,,,,0.6515394449234009,,,,,,,,,,,
683,97019,,,,,0.6434282660484314,,,,,,,,,,,
683,97029,,,,,0.634086012840271,,,,,,,,,,,
683,97039,,,,,0.6297956109046936,,,,,,,,,,,
683,97049,,,,,0.7480987906455994,,,,,,,,,,,
683,97059,,,,,0.5342025756835938,,,,,,,,,,,
683,97069,,,,,0.7160447239875793,,,,,,,,,,,
683,97079,,,,,0.6830053329467773,,,,,,,,,,,
683,97089,,,,,0.6343410611152649,,,,,,,,,,,
683,97099,,,,,0.8286014199256897,,,,,,,,,,,
683,97109,,,,,0.6488144397735596,,,,,,,,,,,
683,97119,,,,,0.6027405261993408,,,,,,,,,,,
683,683,15.002496483357405,96.24697357049737,,,,,,,,,,,,,,
683,97127,,,,,,0.6718631386756897,,,,,,,,,,
684,97129,,,,,0.7291143536567688,,,,,,,,,,,
684,97139,,,,,0.6020693182945251,,,,,,,,,,,
684,97149,,,,,0.6199489235877991,,,,,,,,,,,
684,97159,,,,,0.7723705768585205,,,,,,,,,,,
684,97169,,,,,0.5874250531196594,,,,,,,,,,,
684,97179,,,,,0.46899449825286865,,,,,,,,,,,
684,97189,,,,,0.7056481838226318,,,,,,,,,,,
684,97199,,,,,0.7250140309333801,,,,,,,,,,,
684,97209,,,,,0.5886200070381165,,,,,,,,,,,
684,97219,,,,,0.6964600682258606,,,,,,,,,,,
684,97229,,,,,0.8330942988395691,,,,,,,,,,,
684,97239,,,,,0.6398255228996277,,,,,,,,,,,
684,97249,,,,,0.6281078457832336,,,,,,,,,,,
684,97259,,,,,0.5969944000244141,,,,,,,,,,,
684,97269,,,,,0.6169953942298889,,,,,,,,,,,
684,684,15.260873992994629,96.25520193510555,,,,,,,,,,,,,,
684,97269,,,,,,0.662190318107605,,,,,,,,,,
685,97279,,,,,0.5259018540382385,,,,,,,,,,,
685,97289,,,,,0.5949072241783142,,,,,,,,,,,
685,97299,,,,,0.6702333688735962,,,,,,,,,,,
685,97309,,,,,0.6308255791664124,,,,,,,,,,,
685,97319,,,,,0.5609411597251892,,,,,,,,,,,
685,97329,,,,,0.7438369393348694,,,,,,,,,,,
685,97339,,,,,0.6590331792831421,,,,,,,,,,,
685,97349,,,,,0.7655227780342102,,,,,,,,,,,
685,97359,,,,,0.6194838285446167,,,,,,,,,,,
685,97369,,,,,0.7898600697517395,,,,,,,,,,,
685,97379,,,,,0.6832250356674194,,,,,,,,,,,
685,97389,,,,,0.5872795581817627,,,,,,,,,,,
685,97399,,,,,0.7269151210784912,,,,,,,,,,,
685,97409,,,,,0.7061837315559387,,,,,,,,,,,
685,685,14.244840507440166,96.26335890626972,,,,,,,,,,,,,,
685,97411,,,,,,0.6604727506637573,,,,,,,,,,
686,97419,,,,,0.6605727076530457,,,,,,,,,,,
686,97429,,,,,0.5926733016967773,,,,,,,,,,,
686,97439,,,,,0.6331495642662048,,,,,,,,,,,
686,97449,,,,,0.7572954893112183,,,,,,,,,,,
686,97459,,,,,0.7193070650100708,,,,,,,,,,,
686,97469,,,,,0.695716917514801,,,,,,,,,,,
686,97479,,,,,0.5826328992843628,,,,,,,,,,,
686,97489,,,,,0.6256195902824402,,,,,,,,,,,
686,97499,,,,,0.6640909910202026,,,,,,,,,,,
686,97509,,,,,0.7528347373008728,,,,,,,,,,,
686,97519,,,,,0.7037131190299988,,,,,,,,,,,
686,97529,,,,,0.6710404753684998,,,,,,,,,,,
686,97539,,,,,0.5998544692993164,,,,,,,,,,,
686,97549,,,,,0.6015326380729675,,,,,,,,,,,
686,686,14.553867811761766,96.27159800329262,,,,,,,,,,,,,,
686,97553,,,,,,0.6676619052886963,,,,,,,,,,
687,97559,,,,,0.5907920598983765,,,,,,,,,,,
687,97569,,,,,0.7302252054214478,,,,,,,,,,,
687,97579,,,,,0.6849052309989929,,,,,,,,,,,
687,97589,,,,,0.6195138692855835,,,,,,,,,,,
687,97599,,,,,0.7422979474067688,,,,,,,,,,,
687,97609,,,,,0.7571613192558289,,,,,,,,,,,
687,97619,,,,,0.706036388874054,,,,,,,,,,,
687,97629,,,,,0.6649879217147827,,,,,,,,,,,
687,97639,,,,,0.7395086288452148,,,,,,,,,,,
687,97649,,,,,0.7019122838973999,,,,,,,,,,,
687,97659,,,,,0.7235583066940308,,,,,,,,,,,
687,97669,,,,,0.7037184238433838,,,,,,,,,,,
687,97679,,,,,0.7747370600700378,,,,,,,,,,,
687,97689,,,,,0.6525598168373108,,,,,,,,,,,
687,687,16.30516026400855,96.27968503548075,,,,,,,,,,,,,,
687,97695,,,,,,0.6592388153076172,,,,,,,,,,
688,97699,,,,,0.6741278171539307,,,,,,,,,,,
688,97709,,,,,0.6496801376342773,,,,,,,,,,,
688,97719,,,,,0.7095348834991455,,,,,,,,,,,
688,97729,,,,,0.587800920009613,,,,,,,,,,,
688,97739,,,,,0.7816648483276367,,,,,,,,,,,
688,97749,,,,,0.7903091311454773,,,,,,,,,,,
688,97759,,,,,0.6334246397018433,,,,,,,,,,,
688,97769,,,,,0.7109451293945312,,,,,,,,,,,
688,97779,,,,,0.6498770117759705,,,,,,,,,,,
688,97789,,,,,0.6348512172698975,,,,,,,,,,,
688,97799,,,,,0.6140402555465698,,,,,,,,,,,
688,97809,,,,,0.6316566467285156,,,,,,,,,,,
688,97819,,,,,0.7216323614120483,,,,,,,,,,,
688,97829,,,,,0.6265559196472168,,,,,,,,,,,
688,688,15.25929483837797,96.28839817383889,,,,,,,,,,,,,,
688,97837,,,,,,0.6583442091941833,,,,,,,,,,
689,97839,,,,,0.6452206373214722,,,,,,,,,,,
689,97849,,,,,0.7156901359558105,,,,,,,,,,,
689,97859,,,,,0.5407341122627258,,,,,,,,,,,
689,97869,,,,,0.6137498021125793,,,,,,,,,,,
689,97879,,,,,0.6986305117607117,,,,,,,,,,,
689,97889,,,,,0.6939685940742493,,,,,,,,,,,
689,97899,,,,,0.8180487751960754,,,,,,,,,,,
689,97909,,,,,0.694191575050354,,,,,,,,,,,
689,97919,,,,,0.6551307439804077,,,,,,,,,,,
689,97929,,,,,0.6991422772407532,,,,,,,,,,,
689,97939,,,,,0.6060184836387634,,,,,,,,,,,
689,97949,,,,,0.6626977920532227,,,,,,,,,,,
689,97959,,,,,0.6857072114944458,,,,,,,,,,,
689,97969,,,,,0.6640785336494446,,,,,,,,,,,
689,97979,,,,,0.5966523885726929,,,,,,,,,,,
689,689,,,0.999377429485321,0.8725200295448303,,,0.4165178593340535,0.948100745677948,,0.8863602876663208,,0.2711724638938904,,4.96781952952852,,0.2824583947658539
689,97979,,,,,,,,,0.8863602876663208,,0.2711724638938904,,4.967819690704346,,0.2824583947658539,
689,689,15.875350094455403,96.2966692472724,,,,,,,,,,,,,,
689,97979,,,,,,0.6575643420219421,,,,,,,,,,
690,97989,,,,,0.7236334085464478,,,,,,,,,,,
690,97999,,,,,0.6936267018318176,,,,,,,,,,,
690,98009,,,,,0.6860008239746094,,,,,,,,,,,
690,98019,,,,,0.5920522212982178,,,,,,,,,,,
690,98029,,,,,0.7849029302597046,,,,,,,,,,,
690,98039,,,,,0.6853533983230591,,,,,,,,,,,
690,98049,,,,,0.5543952584266663,,,,,,,,,,,
690,98059,,,,,0.6768366098403931,,,,,,,,,,,
690,98069,,,,,0.7733221054077148,,,,,,,,,,,
690,98079,,,,,0.6546029448509216,,,,,,,,,,,
690,98089,,,,,0.6303541660308838,,,,,,,,,,,
690,98099,,,,,0.6251720786094666,,,,,,,,,,,
690,98109,,,,,0.6990642547607422,,,,,,,,,,,
690,98119,,,,,0.6357862949371338,,,,,,,,,,,
690,690,15.82349468540097,96.30519633784958,,,,,,,,,,,,,,
690,98121,,,,,,0.6563805937767029,,,,,,,,,,
691,98129,,,,,0.5543199777603149,,,,,,,,,,,
691,98139,,,,,0.6492702960968018,,,,,,,,,,,
691,98149,,,,,0.7382886409759521,,,,,,,,,,,
691,98159,,,,,0.7990840077400208,,,,,,,,,,,
691,98169,,,,,0.5992164611816406,,,,,,,,,,,
691,98179,,,,,0.5811602473258972,,,,,,,,,,,
691,98189,,,,,0.6155542135238647,,,,,,,,,,,
691,98199,,,,,0.5790318846702576,,,,,,,,,,,
691,98209,,,,,0.676885187625885,,,,,,,,,,,
691,98219,,,,,0.6399669051170349,,,,,,,,,,,
691,98229,,,,,0.7448970079421997,,,,,,,,,,,
691,98239,,,,,0.5995665788650513,,,,,,,,,,,
691,98249,,,,,0.7489396333694458,,,,,,,,,,,
691,98259,,,,,0.6398364305496216,,,,,,,,,,,
691,691,14.54105859717663,96.31349673710704,,,,,,,,,,,,,,
691,98263,,,,,,0.6561136841773987,,,,,,,,,,
692,98269,,,,,0.5592719316482544,,,,,,,,,,,
692,98279,,,,,0.588209331035614,,,,,,,,,,,
692,98289,,,,,0.6214413046836853,,,,,,,,,,,
692,98299,,,,,0.6029666066169739,,,,,,,,,,,
692,98309,,,,,0.6667559742927551,,,,,,,,,,,
692,98319,,,,,0.5171870589256287,,,,,,,,,,,
692,98329,,,,,0.5739322304725647,,,,,,,,,,,
692,98339,,,,,0.626447319984436,,,,,,,,,,,
692,98349,,,,,0.6612729430198669,,,,,,,,,,,
692,98359,,,,,0.7099016308784485,,,,,,,,,,,
692,98369,,,,,0.5479909181594849,,,,,,,,,,,
692,98379,,,,,0.7167425155639648,,,,,,,,,,,
692,98389,,,,,0.586444616317749,,,,,,,,,,,
692,98399,,,,,0.6384915113449097,,,,,,,,,,,
692,692,15.554306124698861,96.32185495162189,,,,,,,,,,,,,,
692,98405,,,,,,0.6519233584403992,,,,,,,,,,
693,98409,,,,,0.693936288356781,,,,,,,,,,,
693,98419,,,,,0.7019366025924683,,,,,,,,,,,
693,98429,,,,,0.7324383854866028,,,,,,,,,,,
693,98439,,,,,0.6584062576293945,,,,,,,,,,,
693,98449,,,,,0.6420774459838867,,,,,,,,,,,
693,98459,,,,,0.756115734577179,,,,,,,,,,,
693,98469,,,,,0.5630673766136169,,,,,,,,,,,
693,98479,,,,,0.5864918231964111,,,,,,,,,,,
693,98489,,,,,0.6304007768630981,,,,,,,,,,,
693,98499,,,,,0.6999430656433105,,,,,,,,,,,
693,98509,,,,,0.54848712682724,,,,,,,,,,,
693,98519,,,,,0.6824364066123962,,,,,,,,,,,
693,98529,,,,,0.6998697519302368,,,,,,,,,,,
693,98539,,,,,0.7119609117507935,,,,,,,,,,,
693,693,15.157682312606292,96.33020543897402,,,,,,,,,,,,,,
693,98547,,,,,,0.6496853828430176,,,,,,,,,,
694,98549,,,,,0.7405431866645813,,,,,,,,,,,
694,98559,,,,,0.6154235005378723,,,,,,,,,,,
694,98569,,,,,0.5652648210525513,,,,,,,,,,,
694,98579,,,,,0.707880437374115,,,,,,,,,,,
694,98589,,,,,0.6243184804916382,,,,,,,,,,,
694,98599,,,,,0.6042301654815674,,,,,,,,,,,
694,98609,,,,,0.566447377204895,,,,,,,,,,,
694,98619,,,,,0.710396409034729,,,,,,,,,,,
694,98629,,,,,0.6125234961509705,,,,,,,,,,,
694,98639,,,,,0.6257286071777344,,,,,,,,,,,
694,98649,,,,,0.542448878288269,,,,,,,,,,,
694,98659,,,,,0.7325690984725952,,,,,,,,,,,
694,98669,,,,,0.6973147988319397,,,,,,,,,,,
694,98679,,,,,0.5973836183547974,,,,,,,,,,,
694,98689,,,,,0.6160854697227478,,,,,,,,,,,
694,694,15.065679587530054,96.33817688713468,,,,,,,,,,,,,,
694,98689,,,,,,0.6552076935768127,,,,,,,,,,
695,98699,,,,,0.6635398864746094,,,,,,,,,,,
695,98709,,,,,0.665624737739563,,,,,,,,,,,
695,98719,,,,,0.6133577823638916,,,,,,,,,,,
695,98729,,,,,0.6060102581977844,,,,,,,,,,,
695,98739,,,,,0.628058135509491,,,,,,,,,,,
695,98749,,,,,0.6943766474723816,,,,,,,,,,,
695,98759,,,,,0.649591326713562,,,,,,,,,,,
695,98769,,,,,0.621889591217041,,,,,,,,,,,
695,98779,,,,,0.6572535037994385,,,,,,,,,,,
695,98789,,,,,0.813771665096283,,,,,,,,,,,
695,98799,,,,,0.5747345089912415,,,,,,,,,,,
695,98809,,,,,0.6712186932563782,,,,,,,,,,,
695,98819,,,,,0.7380644083023071,,,,,,,,,,,
695,98829,,,,,0.7071612477302551,,,,,,,,,,,
695,695,15.606433649233308,96.34640798999754,,,,,,,,,,,,,,
695,98831,,,,,,0.6509333252906799,,,,,,,,,,
696,98839,,,,,0.747178316116333,,,,,,,,,,,
696,98849,,,,,0.5948280096054077,,,,,,,,,,,
696,98859,,,,,0.7749260067939758,,,,,,,,,,,
696,98869,,,,,0.6578947305679321,,,,,,,,,,,
696,98879,,,,,0.5671932697296143,,,,,,,,,,,
696,98889,,,,,0.6610378623008728,,,,,,,,,,,
696,98899,,,,,0.7527807950973511,,,,,,,,,,,
696,98909,,,,,0.6704550981521606,,,,,,,,,,,
696,98919,,,,,0.6928890943527222,,,,,,,,,,,
696,98929,,,,,0.6858820915222168,,,,,,,,,,,
696,98939,,,,,0.5929098129272461,,,,,,,,,,,
696,98949,,,,,0.7474187016487122,,,,,,,,,,,
696,98959,,,,,0.7051582932472229,,,,,,,,,,,
696,98969,,,,,0.6157030463218689,,,,,,,,,,,
696,696,13.207810489185503,96.35458802405219,,,,,,,,,,,,,,
696,98973,,,,,,0.6440131664276123,,,,,,,,,,
697,98979,,,,,0.7429723143577576,,,,,,,,,,,
697,98989,,,,,0.7319713234901428,,,,,,,,,,,
697,98999,,,,,0.6139461994171143,,,,,,,,,,,
697,99009,,,,,0.6603426337242126,,,,,,,,,,,
697,99019,,,,,0.6088988780975342,,,,,,,,,,,
697,99029,,,,,0.6967283487319946,,,,,,,,,,,
