epoch,step,train_auc_eval,train_f1_eval,train_loss,train_loss_epoch,train_map_eval,val_auc,val_f1,val_loss,val_map
0,9,,,0.7608433365821838,,,,,,
0,19,,,0.604691207408905,,,,,,
0,29,,,0.5546197295188904,,,,,,
0,39,,,0.5223998427391052,,,,,,
0,49,,,0.4967774450778961,,,,,,
0,59,,,0.47054916620254517,,,,,,
0,69,,,0.45133116841316223,,,,,,
0,79,,,0.4301874041557312,,,,,,
0,89,,,0.4094753563404083,,,,,,
0,99,,,0.3900340497493744,,,,,,
0,109,,,0.37094220519065857,,,,,,
0,115,0.5046297907829285,0.010867769829928875,,0.4712541997432709,0.017368869855999947,,,,
1,119,,,0.345671683549881,,,,,,
1,129,,,0.3277899920940399,,,,,,
1,139,,,0.3167997896671295,,,,,,
1,149,,,0.3015117645263672,,,,,,
1,159,,,0.2876722812652588,,,,,,
1,169,,,0.2718159258365631,,,,,,
1,179,,,0.2627173662185669,,,,,,
1,189,,,0.2508099675178528,,,,,,
1,199,,,0.24173565208911896,,,,,,
1,209,,,0.2310141772031784,,,,,,
1,219,,,0.22689619660377502,,,,,,
1,229,,,0.2145589143037796,,,,,,
1,231,0.5030232667922974,0.00015026579785626382,,0.2702006697654724,0.021150322631001472,,,,
2,239,,,0.2123989313840866,,,,,,
2,249,,,0.20212066173553467,,,,,,
2,259,,,0.19539348781108856,,,,,,
2,269,,,0.1886770874261856,,,,,,
2,279,,,0.17993713915348053,,,,,,
2,289,,,0.17649787664413452,,,,,,
2,299,,,0.16836385428905487,,,,,,
2,309,,,0.16469299793243408,,,,,,
2,319,,,0.16190046072006226,,,,,,
2,329,,,0.15568841993808746,,,,,,
2,339,,,0.15040069818496704,,,,,,
2,347,0.5109212398529053,0.0,,0.17353704571723938,0.023199431598186493,,,,
3,349,,,0.14109055697917938,,,,,,
3,359,,,0.13994376361370087,,,,,,
3,369,,,0.1389133185148239,,,,,,
3,379,,,0.13043463230133057,,,,,,
3,389,,,0.13041327893733978,,,,,,
3,399,,,0.1285783350467682,,,,,,
3,409,,,0.12346535176038742,,,,,,
3,419,,,0.11900506913661957,,,,,,
3,429,,,0.12542295455932617,,,,,,
3,439,,,0.11331573128700256,,,,,,
3,449,,,0.11277386546134949,,,,,,
3,459,,,0.10850416123867035,,,,,,
3,463,0.5210959315299988,0.0,,0.12589973211288452,0.025694338604807854,,,,
4,469,,,0.11231634020805359,,,,,,
4,479,,,0.1107487678527832,,,,,,
4,489,,,0.10562212020158768,,,,,,
4,499,,,0.09924671798944473,,,,,,
4,509,,,0.10467452555894852,,,,,,
4,519,,,0.09997067600488663,,,,,,
4,529,,,0.10150841623544693,,,,,,
4,539,,,0.09820111095905304,,,,,,
4,549,,,0.09633930027484894,,,,,,
4,559,,,0.10058509558439255,,,,,,
4,569,,,0.09236285090446472,,,,,,
4,579,,,0.09225981682538986,,,,,,
4,579,0.5275916457176208,0.0,,0.10056322813034058,0.02806933782994747,,,,
5,589,,,0.09425768256187439,,,,,,
5,599,,,0.09434279054403305,,,,,,
5,609,,,0.08718909323215485,,,,,,
5,619,,,0.0861014723777771,,,,,,
5,629,,,0.08976192772388458,,,,,,
5,639,,,0.08902259916067123,,,,,,
5,649,,,0.08108074963092804,,,,,,
5,659,,,0.08407803624868393,,,,,,
5,669,,,0.08607687801122665,,,,,,
5,679,,,0.08084800094366074,,,,,,
5,689,,,0.07981585711240768,,,,,,
5,695,0.5420395135879517,0.0006738631636835635,,0.08596194535493851,0.030792901292443275,,,,
6,699,,,0.07641210407018661,,,,,,
6,709,,,0.0771995484828949,,,,,,
6,719,,,0.07387560606002808,,,,,,
6,729,,,0.07585133612155914,,,,,,
6,739,,,0.0822843611240387,,,,,,
6,749,,,0.07103002816438675,,,,,,
6,759,,,0.07476980239152908,,,,,,
6,769,,,0.0740509107708931,,,,,,
6,779,,,0.07228174805641174,,,,,,
6,789,,,0.06914815306663513,,,,,,
6,799,,,0.07627169787883759,,,,,,
6,809,,,0.07766623795032501,,,,,,
6,811,0.5549923181533813,0.004598415456712246,,0.07685394585132599,0.034885406494140625,,,,
7,819,,,0.06790584325790405,,,,,,
7,829,,,0.07202519476413727,,,,,,
7,839,,,0.07297151535749435,,,,,,
7,849,,,0.07702582329511642,,,,,,
7,859,,,0.07930131256580353,,,,,,
7,869,,,0.06613685935735703,,,,,,
7,879,,,0.0696176141500473,,,,,,
7,889,,,0.06564617902040482,,,,,,
7,899,,,0.07116476446390152,,,,,,
7,909,,,0.07018198072910309,,,,,,
7,919,,,0.06877241283655167,,,,,,
7,927,0.5660152435302734,0.006833706051111221,,0.0708031877875328,0.03945823013782501,,,,
8,929,,,0.06589965522289276,,,,,,
8,939,,,0.06980067491531372,,,,,,
8,949,,,0.06498969346284866,,,,,,
8,959,,,0.06758569180965424,,,,,,
8,969,,,0.06849967688322067,,,,,,
8,979,,,0.059954799711704254,,,,,,
8,989,,,0.066535584628582,,,,,,
8,999,,,0.058122001588344574,,,,,,
8,1009,,,0.06554766744375229,,,,,,
8,1019,,,0.06434477120637894,,,,,,
8,1029,,,0.06519736349582672,,,,,,
8,1039,,,0.06988364458084106,,,,,,
8,1043,0.5799570679664612,0.007659934461116791,,0.0664997324347496,0.044540874660015106,,,,
9,1049,,,0.06446664780378342,,,,,,
9,1059,,,0.06171558424830437,,,,,,
9,1069,,,0.06448778510093689,,,,,,
9,1079,,,0.06576256453990936,,,,,,
9,1089,,,0.06729137152433395,,,,,,
9,1099,,,0.06662799417972565,,,,,,
9,1109,,,0.06232999637722969,,,,,,
9,1119,,,0.059548769146203995,,,,,,
9,1129,,,0.06702683866024017,,,,,,
9,1139,,,0.05993351712822914,,,,,,
9,1149,,,0.06439302116632462,,,,,,
9,1159,,,0.06192955747246742,,,,,,
9,1159,,,,,,0.5973629355430603,0.0075929914601147175,0.06223404034972191,0.051695387810468674
9,1159,0.5997798442840576,0.00812391098588705,,0.06312916427850723,0.049770720303058624,,,,
10,1169,,,0.06627991050481796,,,,,,
10,1179,,,0.06308156251907349,,,,,,
10,1189,,,0.06483303010463715,,,,,,
10,1199,,,0.058800771832466125,,,,,,
10,1209,,,0.06211027130484581,,,,,,
10,1219,,,0.060582663863897324,,,,,,
10,1229,,,0.057042624801397324,,,,,,
10,1239,,,0.05907909944653511,,,,,,
10,1249,,,0.05670778825879097,,,,,,
10,1259,,,0.05950512737035751,,,,,,
10,1269,,,0.06038854643702507,,,,,,
10,1275,0.6187258958816528,0.008468917571008205,,0.060518376529216766,0.05889712646603584,,,,
11,1279,,,0.05733003839850426,,,,,,
11,1289,,,0.05563319846987724,,,,,,
11,1299,,,0.05430072918534279,,,,,,
11,1309,,,0.05846487358212471,,,,,,
11,1319,,,0.06382004916667938,,,,,,
11,1329,,,0.055192478001117706,,,,,,
11,1339,,,0.05665389075875282,,,,,,
11,1349,,,0.06016213446855545,,,,,,
11,1359,,,0.059418242424726486,,,,,,
11,1369,,,0.05834411829710007,,,,,,
11,1379,,,0.06196879968047142,,,,,,
11,1389,,,0.055995602160692215,,,,,,
11,1391,0.6238090991973877,0.00866775680333376,,0.05825851857662201,0.06508249044418335,,,,
12,1399,,,0.05665445327758789,,,,,,
12,1409,,,0.05851141735911369,,,,,,
12,1419,,,0.06262853741645813,,,,,,
12,1429,,,0.055141765624284744,,,,,,
12,1439,,,0.05159028246998787,,,,,,
12,1449,,,0.054164666682481766,,,,,,
12,1459,,,0.05497024208307266,,,,,,
12,1469,,,0.05314689502120018,,,,,,
12,1479,,,0.058251846581697464,,,,,,
12,1489,,,0.059244632720947266,,,,,,
12,1499,,,0.057463452219963074,,,,,,
12,1507,0.6385610103607178,0.008965146727859974,,0.056457869708538055,0.06895552575588226,,,,
13,1509,,,0.057372480630874634,,,,,,
13,1519,,,0.06220712512731552,,,,,,
13,1529,,,0.05373523011803627,,,,,,
13,1539,,,0.055339209735393524,,,,,,
13,1549,,,0.05505647882819176,,,,,,
13,1559,,,0.05657992511987686,,,,,,
13,1569,,,0.055300842970609665,,,,,,
13,1579,,,0.04987087845802307,,,,,,
13,1589,,,0.05758880823850632,,,,,,
13,1599,,,0.049655281007289886,,,,,,
13,1609,,,0.05076267942786217,,,,,,
13,1619,,,0.06280186772346497,,,,,,
13,1623,0.6535775065422058,0.00919265765696764,,0.05462642386555672,0.07815267890691757,,,,
14,1629,,,0.0487312413752079,,,,,,
14,1639,,,0.053868576884269714,,,,,,
14,1649,,,0.05605406314134598,,,,,,
14,1659,,,0.05420294031500816,,,,,,
14,1669,,,0.053960684686899185,,,,,,
14,1679,,,0.05941896140575409,,,,,,
14,1689,,,0.05423855036497116,,,,,,
14,1699,,,0.05465731769800186,,,,,,
14,1709,,,0.050801608711481094,,,,,,
14,1719,,,0.049606092274188995,,,,,,
14,1729,,,0.05863817036151886,,,,,,
14,1739,,,0.05027849227190018,,,,,,
14,1739,0.6686867475509644,0.009313613176345825,,0.05310148373246193,0.08696000277996063,,,,
15,1749,,,0.05528001859784126,,,,,,
15,1759,,,0.05068843066692352,,,,,,
15,1769,,,0.04644959419965744,,,,,,
15,1779,,,0.052786678075790405,,,,,,
15,1789,,,0.0496300533413887,,,,,,
15,1799,,,0.04823920503258705,,,,,,
15,1809,,,0.052509911358356476,,,,,,
15,1819,,,0.045693717896938324,,,,,,
15,1829,,,0.05033697560429573,,,,,,
15,1839,,,0.057084765285253525,,,,,,
15,1849,,,0.04901634901762009,,,,,,
15,1855,0.685636043548584,0.010229673236608505,,0.05144317075610161,0.101961150765419,,,,
16,1859,,,0.047618135809898376,,,,,,
16,1869,,,0.04609597846865654,,,,,,
16,1879,,,0.05029797554016113,,,,,,
16,1889,,,0.05211583897471428,,,,,,
16,1899,,,0.050159744918346405,,,,,,
16,1909,,,0.052060652524232864,,,,,,
16,1919,,,0.04930347576737404,,,,,,
16,1929,,,0.048656463623046875,,,,,,
16,1939,,,0.04457145929336548,,,,,,
16,1949,,,0.04437120258808136,,,,,,
16,1959,,,0.04792295768857002,,,,,,
16,1969,,,0.055541012436151505,,,,,,
16,1971,0.696171760559082,0.011625134386122227,,0.050304435193538666,0.10511863976716995,,,,
17,1979,,,0.044704657047986984,,,,,,
17,1989,,,0.053759925067424774,,,,,,
17,1999,,,0.04299935698509216,,,,,,
17,2009,,,0.052034731954336166,,,,,,
17,2019,,,0.046590566635131836,,,,,,
17,2029,,,0.050842657685279846,,,,,,
17,2039,,,0.04665888845920563,,,,,,
17,2049,,,0.05360138416290283,,,,,,
17,2059,,,0.04432569444179535,,,,,,
17,2069,,,0.051950693130493164,,,,,,
17,2079,,,0.0481693372130394,,,,,,
17,2087,0.7179451584815979,0.014289717189967632,,0.048688773065805435,0.11879711598157883,,,,
18,2089,,,0.04561951383948326,,,,,,
18,2099,,,0.04848179221153259,,,,,,
18,2109,,,0.04337605834007263,,,,,,
18,2119,,,0.04212163761258125,,,,,,
18,2129,,,0.04515067860484123,,,,,,
18,2139,,,0.043323129415512085,,,,,,
18,2149,,,0.04348432645201683,,,,,,
18,2159,,,0.04472702369093895,,,,,,
18,2169,,,0.05480752885341644,,,,,,
18,2179,,,0.05170315504074097,,,,,,
18,2189,,,0.04464494436979294,,,,,,
18,2199,,,0.044084738940000534,,,,,,
18,2203,0.7350822687149048,0.019806932657957077,,0.04701652750372887,0.13634084165096283,,,,
19,2209,,,0.05069504678249359,,,,,,
19,2219,,,0.043521348387002945,,,,,,
19,2229,,,0.04588301479816437,,,,,,
19,2239,,,0.04176689311861992,,,,,,
19,2249,,,0.04922331124544144,,,,,,
19,2259,,,0.041031304746866226,,,,,,
19,2269,,,0.04450308531522751,,,,,,
19,2279,,,0.04798261448740959,,,,,,
19,2289,,,0.04643063619732857,,,,,,
19,2299,,,0.04693686217069626,,,,,,
19,2309,,,0.04570944234728813,,,,,,
19,2319,,,0.047438863664865494,,,,,,
19,2319,,,,,,0.6736969351768494,0.01798292063176632,0.050741687417030334,0.09722376614809036
19,2319,0.7568681836128235,0.02508641593158245,,0.04548000544309616,0.1516643613576889,,,,
20,2329,,,0.04105853661894798,,,,,,
20,2339,,,0.044312261044979095,,,,,,
20,2349,,,0.045460063964128494,,,,,,
20,2359,,,0.04592928662896156,,,,,,
20,2369,,,0.04486525431275368,,,,,,
20,2379,,,0.04837849736213684,,,,,,
20,2389,,,0.04737899824976921,,,,,,
20,2399,,,0.045173682272434235,,,,,,
20,2409,,,0.04034515842795372,,,,,,
20,2419,,,0.047148995101451874,,,,,,
20,2429,,,0.04487812891602516,,,,,,
20,2435,0.7710877656936646,0.031230319291353226,,0.04407809302210808,0.16396783292293549,,,,
21,2439,,,0.04430186003446579,,,,,,
21,2449,,,0.03979763761162758,,,,,,
21,2459,,,0.04172227904200554,,,,,,
21,2469,,,0.04530917480587959,,,,,,
21,2479,,,0.03949577361345291,,,,,,
21,2489,,,0.04741445928812027,,,,,,
21,2499,,,0.04849663004279137,,,,,,
21,2509,,,0.04372012987732887,,,,,,
21,2519,,,0.039352353662252426,,,,,,
21,2529,,,0.04331878945231438,,,,,,
21,2539,,,0.03900155797600746,,,,,,
21,2549,,,0.042053960263729095,,,,,,
21,2551,0.787861168384552,0.03617054224014282,,0.04271003231406212,0.18216179311275482,,,,
22,2559,,,0.0441812239587307,,,,,,
22,2569,,,0.04416919872164726,,,,,,
22,2579,,,0.046872880309820175,,,,,,
22,2589,,,0.037598248571157455,,,,,,
22,2599,,,0.0422038733959198,,,,,,
22,2609,,,0.04470665380358696,,,,,,
22,2619,,,0.03317585960030556,,,,,,
22,2629,,,0.04151453450322151,,,,,,
22,2639,,,0.04059791937470436,,,,,,
22,2649,,,0.04028688743710518,,,,,,
22,2659,,,0.04241533949971199,,,,,,
22,2667,0.8054124116897583,0.04052767530083656,,0.04130489379167557,0.20391899347305298,,,,
23,2669,,,0.03946276381611824,,,,,,
23,2679,,,0.031837329268455505,,,,,,
23,2689,,,0.04302876442670822,,,,,,
23,2699,,,0.04331694543361664,,,,,,
23,2709,,,0.04076049104332924,,,,,,
23,2719,,,0.041348062455654144,,,,,,
23,2729,,,0.044008590281009674,,,,,,
23,2739,,,0.04577069729566574,,,,,,
23,2749,,,0.03833508864045143,,,,,,
23,2759,,,0.04121064394712448,,,,,,
23,2769,,,0.03159454092383385,,,,,,
23,2779,,,0.04093301296234131,,,,,,
23,2783,0.8236398100852966,0.04625500738620758,,0.039523012936115265,0.2278035581111908,,,,
24,2789,,,0.036977048963308334,,,,,,
24,2799,,,0.03723762929439545,,,,,,
24,2809,,,0.036882441490888596,,,,,,
24,2819,,,0.037917084991931915,,,,,,
24,2829,,,0.034883566200733185,,,,,,
24,2839,,,0.035930950194597244,,,,,,
24,2849,,,0.03602928668260574,,,,,,
24,2859,,,0.03903673589229584,,,,,,
24,2869,,,0.03649063780903816,,,,,,
24,2879,,,0.039316751062870026,,,,,,
24,2889,,,0.03351932764053345,,,,,,
24,2899,,,0.0437624454498291,,,,,,
24,2899,0.8381952047348022,0.05127212405204773,,0.03791598603129387,0.24832871556282043,,,,
25,2909,,,0.04319198429584503,,,,,,
25,2919,,,0.03778897970914841,,,,,,
25,2929,,,0.038253262639045715,,,,,,
25,2939,,,0.03296387195587158,,,,,,
25,2949,,,0.035795483738183975,,,,,,
25,2959,,,0.03718465939164162,,,,,,
25,2969,,,0.03921734541654587,,,,,,
25,2979,,,0.03768124058842659,,,,,,
25,2989,,,0.03744874894618988,,,,,,
25,2999,,,0.04271378740668297,,,,,,
25,3009,,,0.03697286173701286,,,,,,
25,3015,0.8568599224090576,0.06034137308597565,,0.036364149302244186,0.27251723408699036,,,,
26,3019,,,0.03302765637636185,,,,,,
26,3029,,,0.03713461011648178,,,,,,
26,3039,,,0.03446019068360329,,,,,,
26,3049,,,0.03754531219601631,,,,,,
26,3059,,,0.03876842185854912,,,,,,
26,3069,,,0.0354461669921875,,,,,,
26,3079,,,0.04029729217290878,,,,,,
26,3089,,,0.029764212667942047,,,,,,
26,3099,,,0.031952306628227234,,,,,,
26,3109,,,0.032155223190784454,,,,,,
26,3119,,,0.03814262896776199,,,,,,
26,3129,,,0.030864180997014046,,,,,,
26,3131,0.8743048906326294,0.06745363771915436,,0.03505434840917587,0.29398679733276367,,,,
27,3139,,,0.035907894372940063,,,,,,
27,3149,,,0.03772297874093056,,,,,,
27,3159,,,0.0317554734647274,,,,,,
27,3169,,,0.03418802469968796,,,,,,
27,3179,,,0.03433012589812279,,,,,,
27,3189,,,0.028821662068367004,,,,,,
27,3199,,,0.0333087220788002,,,,,,
27,3209,,,0.032578881829977036,,,,,,
27,3219,,,0.02997063659131527,,,,,,
27,3229,,,0.03141868859529495,,,,,,
27,3239,,,0.033942826092243195,,,,,,
27,3247,0.876251220703125,0.07589457929134369,,0.03430921211838722,0.30723127722740173,,,,
28,3249,,,0.034344304352998734,,,,,,
28,3259,,,0.03467167168855667,,,,,,
28,3269,,,0.031847305595874786,,,,,,
28,3279,,,0.037660740315914154,,,,,,
28,3289,,,0.03287387266755104,,,,,,
28,3299,,,0.027698233723640442,,,,,,
28,3309,,,0.026127111166715622,,,,,,
28,3319,,,0.03349616378545761,,,,,,
28,3329,,,0.0323011539876461,,,,,,
28,3339,,,0.028989875689148903,,,,,,
28,3349,,,0.03028181381523609,,,,,,
28,3359,,,0.03104284219443798,,,,,,
28,3363,0.8959155082702637,0.08963792771100998,,0.0323941744863987,0.3354015350341797,,,,
29,3369,,,0.027634629979729652,,,,,,
29,3379,,,0.03152487799525261,,,,,,
29,3389,,,0.030446531251072884,,,,,,
29,3399,,,0.029356174170970917,,,,,,
29,3409,,,0.02504204399883747,,,,,,
29,3419,,,0.031127754598855972,,,,,,
29,3429,,,0.026268040761351585,,,,,,
29,3439,,,0.032664671540260315,,,,,,
29,3449,,,0.032582737505435944,,,,,,
29,3459,,,0.02991659566760063,,,,,,
29,3469,,,0.034366216510534286,,,,,,
29,3479,,,0.02767132967710495,,,,,,
29,3479,,,,,,0.7405505776405334,0.050610870122909546,0.0477115698158741,0.13503432273864746
29,3479,0.9161812663078308,0.10430196672677994,,0.030242040753364563,0.37958580255508423,,,,
30,3489,,,0.02682284265756607,,,,,,
30,3499,,,0.028223425149917603,,,,,,
30,3509,,,0.028888948261737823,,,,,,
30,3519,,,0.027874821797013283,,,,,,
30,3529,,,0.028187017887830734,,,,,,
30,3539,,,0.025456150993704796,,,,,,
30,3549,,,0.02621622383594513,,,,,,
30,3559,,,0.028917616233229637,,,,,,
30,3569,,,0.031277380883693695,,,,,,
30,3579,,,0.027023643255233765,,,,,,
30,3589,,,0.028890211135149002,,,,,,
30,3595,0.9271711111068726,0.11550851166248322,,0.028871741145849228,0.4086579382419586,,,,
31,3599,,,0.027654321864247322,,,,,,
31,3609,,,0.025947757065296173,,,,,,
31,3619,,,0.02771541103720665,,,,,,
31,3629,,,0.02576581947505474,,,,,,
31,3639,,,0.0261438749730587,,,,,,
31,3649,,,0.02783389948308468,,,,,,
31,3659,,,0.026475815102458,,,,,,
31,3669,,,0.026233844459056854,,,,,,
31,3679,,,0.024404251947999,,,,,,
31,3689,,,0.03406084328889847,,,,,,
31,3699,,,0.026658043265342712,,,,,,
31,3709,,,0.021733613684773445,,,,,,
31,3711,0.9408043026924133,0.12733498215675354,,0.027328167110681534,0.44439396262168884,,,,
32,3719,,,0.03271612152457237,,,,,,
32,3729,,,0.02356095425784588,,,,,,
32,3739,,,0.022730281576514244,,,,,,
32,3749,,,0.02721954882144928,,,,,,
32,3759,,,0.0282154344022274,,,,,,
32,3769,,,0.030514299869537354,,,,,,
32,3779,,,0.026480870321393013,,,,,,
32,3789,,,0.02553231082856655,,,,,,
32,3799,,,0.02281072549521923,,,,,,
32,3809,,,0.026744430884718895,,,,,,
32,3819,,,0.033847782760858536,,,,,,
32,3827,0.9510936737060547,0.1372348964214325,,0.02585488185286522,0.47714367508888245,,,,
33,3829,,,0.02520156465470791,,,,,,
33,3839,,,0.025749359279870987,,,,,,
33,3849,,,0.025445451959967613,,,,,,
33,3859,,,0.023368174210190773,,,,,,
33,3869,,,0.021117454394698143,,,,,,
33,3879,,,0.026740729808807373,,,,,,
33,3889,,,0.02525309845805168,,,,,,
33,3899,,,0.02292960323393345,,,,,,
33,3909,,,0.02227436937391758,,,,,,
33,3919,,,0.02112358808517456,,,,,,
33,3929,,,0.023432031273841858,,,,,,
33,3939,,,0.024217072874307632,,,,,,
33,3943,0.9610817432403564,0.1521776020526886,,0.024172509089112282,0.5206772089004517,,,,
34,3949,,,0.021996766328811646,,,,,,
34,3959,,,0.024454815313220024,,,,,,
34,3969,,,0.01946835033595562,,,,,,
34,3979,,,0.022935835644602776,,,,,,
34,3989,,,0.023300141096115112,,,,,,
34,3999,,,0.023527638986706734,,,,,,
34,4009,,,0.021050017327070236,,,,,,
34,4019,,,0.023559024557471275,,,,,,
34,4029,,,0.02192852832376957,,,,,,
34,4039,,,0.02361859194934368,,,,,,
34,4049,,,0.020005328580737114,,,,,,
34,4059,,,0.02271479181945324,,,,,,
34,4059,0.9686381220817566,0.16931432485580444,,0.0225458275526762,0.5679301023483276,,,,
35,4069,,,0.023786015808582306,,,,,,
35,4079,,,0.024232447147369385,,,,,,
35,4089,,,0.02168826386332512,,,,,,
35,4099,,,0.024105479940772057,,,,,,
35,4109,,,0.020631637424230576,,,,,,
35,4119,,,0.016971031203866005,,,,,,
35,4129,,,0.020528608933091164,,,,,,
35,4139,,,0.018466699868440628,,,,,,
35,4149,,,0.021416299045085907,,,,,,
35,4159,,,0.023923533037304878,,,,,,
35,4169,,,0.018633000552654266,,,,,,
35,4175,0.9753375053405762,0.18823862075805664,,0.021044690161943436,0.6039264798164368,,,,
36,4179,,,0.019147787243127823,,,,,,
36,4189,,,0.018412752076983452,,,,,,
36,4199,,,0.019389713183045387,,,,,,
36,4209,,,0.018338387832045555,,,,,,
36,4219,,,0.018989259377121925,,,,,,
36,4229,,,0.018442602828145027,,,,,,
36,4239,,,0.02137315832078457,,,,,,
36,4249,,,0.01976841874420643,,,,,,
36,4259,,,0.018862765282392502,,,,,,
36,4269,,,0.020407579839229584,,,,,,
36,4279,,,0.017091384157538414,,,,,,
36,4289,,,0.018391821533441544,,,,,,
36,4291,0.9825286269187927,0.2088717222213745,,0.019704895094037056,0.655768096446991,,,,
37,4299,,,0.020779283717274666,,,,,,
37,4309,,,0.01827208325266838,,,,,,
37,4319,,,0.018489468842744827,,,,,,
37,4329,,,0.015958692878484726,,,,,,
37,4339,,,0.022848831489682198,,,,,,
37,4349,,,0.016463374719023705,,,,,,
37,4359,,,0.016741257160902023,,,,,,
37,4369,,,0.016893288120627403,,,,,,
37,4379,,,0.01892675645649433,,,,,,
37,4389,,,0.01695919781923294,,,,,,
37,4399,,,0.014838495291769505,,,,,,
37,4407,0.9858717322349548,0.2295818030834198,,0.0183583814650774,0.6894692182540894,,,,
38,4409,,,0.017919357866048813,,,,,,
38,4419,,,0.01578494906425476,,,,,,
38,4429,,,0.020238352939486504,,,,,,
38,4439,,,0.018190603703260422,,,,,,
38,4449,,,0.015073633752763271,,,,,,
38,4459,,,0.013195367529988289,,,,,,
38,4469,,,0.01666516810655594,,,,,,
38,4479,,,0.016227152198553085,,,,,,
38,4489,,,0.018853195011615753,,,,,,
38,4499,,,0.014493127353489399,,,,,,
38,4509,,,0.01421632431447506,,,,,,
38,4519,,,0.016779625788331032,,,,,,
38,4523,0.9883704781532288,0.24935027956962585,,0.017328038811683655,0.7186127305030823,,,,
39,4529,,,0.015066763386130333,,,,,,
39,4539,,,0.016657693311572075,,,,,,
39,4549,,,0.018644260242581367,,,,,,
39,4559,,,0.014439381659030914,,,,,,
39,4569,,,0.01713000051677227,,,,,,
39,4579,,,0.016695590689778328,,,,,,
39,4589,,,0.01970749907195568,,,,,,
39,4599,,,0.017176588997244835,,,,,,
39,4609,,,0.013049519620835781,,,,,,
39,4619,,,0.013155944645404816,,,,,,
39,4629,,,0.018960775807499886,,,,,,
39,4639,,,0.016367420554161072,,,,,,
39,4639,,,,,,0.7654944062232971,0.07961112260818481,0.049223367124795914,0.15297135710716248
39,4639,0.9916598796844482,0.2693624496459961,,0.01621236838400364,0.7546341419219971,,,,
40,4649,,,0.012334194034337997,,,,,,
40,4659,,,0.01783931814134121,,,,,,
40,4669,,,0.013822086155414581,,,,,,
40,4679,,,0.013507118448615074,,,,,,
40,4689,,,0.01585082709789276,,,,,,
40,4699,,,0.01897355727851391,,,,,,
40,4709,,,0.016102571040391922,,,,,,
40,4719,,,0.013632457703351974,,,,,,
40,4729,,,0.013558167032897472,,,,,,
40,4739,,,0.015444790944457054,,,,,,
40,4749,,,0.017802514135837555,,,,,,
40,4755,0.9918896555900574,0.28149110078811646,,0.0158692616969347,0.7732118368148804,,,,
41,4759,,,0.014354593120515347,,,,,,
41,4769,,,0.01679389737546444,,,,,,
41,4779,,,0.015537738800048828,,,,,,
41,4789,,,0.019505875185132027,,,,,,
41,4799,,,0.016062334179878235,,,,,,
41,4809,,,0.018392007797956467,,,,,,
41,4819,,,0.02134089544415474,,,,,,
41,4829,,,0.015033786185085773,,,,,,
41,4839,,,0.018750695511698723,,,,,,
41,4849,,,0.02374902553856373,,,,,,
41,4859,,,0.021483181044459343,,,,,,
41,4869,,,0.017531991004943848,,,,,,
41,4871,0.9873884320259094,0.2621254622936249,,0.018508922308683395,0.6780573129653931,,,,
42,4879,,,0.01956450566649437,,,,,,
42,4889,,,0.029142329469323158,,,,,,
42,4899,,,0.0219582486897707,,,,,,
42,4909,,,0.01909773238003254,,,,,,
42,4919,,,0.0233811903744936,,,,,,
42,4929,,,0.02115168422460556,,,,,,
42,4939,,,0.022982817143201828,,,,,,
42,4949,,,0.01894848234951496,,,,,,
42,4959,,,0.01996506378054619,,,,,,
42,4969,,,0.021676959469914436,,,,,,
42,4979,,,0.021522244438529015,,,,,,
42,4987,0.9808918237686157,0.2304847538471222,,0.021329715847969055,0.5934931039810181,,,,
43,4989,,,0.01731058768928051,,,,,,
43,4999,,,0.012975340709090233,,,,,,
43,5009,,,0.01737123541533947,,,,,,
43,5019,,,0.015587251633405685,,,,,,
43,5029,,,0.013972776010632515,,,,,,
43,5039,,,0.0126601941883564,,,,,,
43,5049,,,0.011522508226335049,,,,,,
43,5059,,,0.016773192211985588,,,,,,
43,5069,,,0.015031814575195312,,,,,,
43,5079,,,0.015419913455843925,,,,,,
43,5089,,,0.01073409989476204,,,,,,
43,5099,,,0.01506157498806715,,,,,,
43,5103,0.9913691282272339,0.31494924426078796,,0.01552649587392807,0.7433396577835083,,,,
44,5109,,,0.00900270789861679,,,,,,
44,5119,,,0.01261837873607874,,,,,,
44,5129,,,0.012147664092481136,,,,,,
44,5139,,,0.013118489645421505,,,,,,
44,5149,,,0.014666544273495674,,,,,,
44,5159,,,0.011538304388523102,,,,,,
44,5169,,,0.013956882059574127,,,,,,
44,5179,,,0.012757883407175541,,,,,,
44,5189,,,0.011849471367895603,,,,,,
44,5199,,,0.01193432230502367,,,,,,
44,5209,,,0.013925112783908844,,,,,,
44,5219,,,0.011291089467704296,,,,,,
44,5219,0.9963627457618713,0.3787635564804077,,0.01251985039561987,0.8309942483901978,,,,
45,5229,,,0.01127108559012413,,,,,,
45,5239,,,0.010738569311797619,,,,,,
45,5249,,,0.01122161466628313,,,,,,
45,5259,,,0.007900940254330635,,,,,,
45,5269,,,0.011871488764882088,,,,,,
45,5279,,,0.013397703878581524,,,,,,
45,5289,,,0.011227991431951523,,,,,,
45,5299,,,0.011889963410794735,,,,,,
45,5309,,,0.012983457185328007,,,,,,
45,5319,,,0.011713612824678421,,,,,,
45,5329,,,0.008877812884747982,,,,,,
45,5335,0.997973620891571,0.42229995131492615,,0.01115281693637371,0.880942702293396,,,,
46,5339,,,0.00929034873843193,,,,,,
46,5349,,,0.007321340963244438,,,,,,
46,5359,,,0.00907279271632433,,,,,,
46,5369,,,0.012450096197426319,,,,,,
46,5379,,,0.009854589588940144,,,,,,
46,5389,,,0.009980309754610062,,,,,,
46,5399,,,0.009005813859403133,,,,,,
46,5409,,,0.011158917099237442,,,,,,
46,5419,,,0.009946719743311405,,,,,,
46,5429,,,0.008598712272942066,,,,,,
46,5439,,,0.009250788949429989,,,,,,
46,5449,,,0.010438820347189903,,,,,,
46,5451,0.998630166053772,0.46419915556907654,,0.010119673795998096,0.91070556640625,,,,
47,5459,,,0.008671101182699203,,,,,,
47,5469,,,0.010121136903762817,,,,,,
47,5479,,,0.008986307308077812,,,,,,
47,5489,,,0.00920123141258955,,,,,,
47,5499,,,0.011797499842941761,,,,,,
47,5509,,,0.00953381322324276,,,,,,
47,5519,,,0.008042328990995884,,,,,,
47,5529,,,0.008350122720003128,,,,,,
47,5539,,,0.011195537634193897,,,,,,
47,5549,,,0.007780816406011581,,,,,,
47,5559,,,0.008195229806005955,,,,,,
47,5567,0.999015748500824,0.5094408988952637,,0.009226729162037373,0.9316862225532532,,,,
48,5569,,,0.009014037437736988,,,,,,
48,5579,,,0.008201821707189083,,,,,,
48,5589,,,0.007277999073266983,,,,,,
48,5599,,,0.008527160622179508,,,,,,
48,5609,,,0.007584551349282265,,,,,,
48,5619,,,0.007601319346576929,,,,,,
48,5629,,,0.00714157847687602,,,,,,
48,5639,,,0.010564255528151989,,,,,,
48,5649,,,0.007658800110220909,,,,,,
48,5659,,,0.008533786050975323,,,,,,
48,5669,,,0.008356893435120583,,,,,,
48,5679,,,0.010155122727155685,,,,,,
48,5683,0.9994325637817383,0.5495316982269287,,0.008500946685671806,0.9479423761367798,,,,
49,5689,,,0.007153939455747604,,,,,,
49,5699,,,0.007263448089361191,,,,,,
49,5709,,,0.009976105764508247,,,,,,
49,5719,,,0.007218645885586739,,,,,,
49,5729,,,0.008093513548374176,,,,,,
49,5739,,,0.006035585887730122,,,,,,
49,5749,,,0.006971159018576145,,,,,,
49,5759,,,0.008407930843532085,,,,,,
49,5769,,,0.009369226172566414,,,,,,
49,5779,,,0.007448022719472647,,,,,,
49,5789,,,0.00731449481099844,,,,,,
49,5799,,,0.007340127602219582,,,,,,
49,5799,,,,,,0.7856330275535583,0.11996563524007797,0.05183826759457588,0.1711006909608841
49,5799,0.9995928406715393,0.5796028971672058,,0.007877234369516373,0.9634205102920532,,,,
50,5809,,,0.007179063744843006,,,,,,
50,5819,,,0.007334456313401461,,,,,,
50,5829,,,0.008501957170665264,,,,,,
50,5839,,,0.007241878658533096,,,,,,
50,5849,,,0.00668844860047102,,,,,,
50,5859,,,0.007479050662368536,,,,,,
50,5869,,,0.007834035903215408,,,,,,
50,5879,,,0.006357526406645775,,,,,,
50,5889,,,0.006632326636463404,,,,,,
50,5899,,,0.0068259029649198055,,,,,,
50,5909,,,0.005989037919789553,,,,,,
50,5915,0.9998145699501038,0.6313905715942383,,0.007210388779640198,0.9707832932472229,,,,
51,5919,,,0.00580955995246768,,,,,,
51,5929,,,0.00561926094815135,,,,,,
51,5939,,,0.00558782322332263,,,,,,
51,5949,,,0.006128552369773388,,,,,,
51,5959,,,0.007092904299497604,,,,,,
51,5969,,,0.006537203211337328,,,,,,
51,5979,,,0.007065250538289547,,,,,,
51,5989,,,0.007244331296533346,,,,,,
51,5999,,,0.007957179099321365,,,,,,
51,6009,,,0.0057937684468925,,,,,,
51,6019,,,0.006505485624074936,,,,,,
51,6029,,,0.0059194378554821014,,,,,,
51,6031,0.9998552799224854,0.6565951108932495,,0.006716095842421055,0.9795917272567749,,,,
52,6039,,,0.005776441190391779,,,,,,
52,6049,,,0.006294205319136381,,,,,,
52,6059,,,0.005787850357592106,,,,,,
52,6069,,,0.0067037842236459255,,,,,,
52,6079,,,0.008108359761536121,,,,,,
52,6089,,,0.007945694029331207,,,,,,
52,6099,,,0.007123854942619801,,,,,,
52,6109,,,0.005763466004282236,,,,,,
52,6119,,,0.006028574425727129,,,,,,
52,6129,,,0.009204977191984653,,,,,,
52,6139,,,0.0048281606286764145,,,,,,
52,6147,0.9998204708099365,0.6807602643966675,,0.006292705424129963,0.9823621511459351,,,,
53,6149,,,0.005750896874815226,,,,,,
53,6159,,,0.0077332197688519955,,,,,,
53,6169,,,0.005922270007431507,,,,,,
53,6179,,,0.003262776881456375,,,,,,
53,6189,,,0.005072230473160744,,,,,,
53,6199,,,0.006774765904992819,,,,,,
53,6209,,,0.004148558713495731,,,,,,
53,6219,,,0.005345374345779419,,,,,,
53,6229,,,0.005871759727597237,,,,,,
53,6239,,,0.005630342289805412,,,,,,
53,6249,,,0.005614901427179575,,,,,,
53,6259,,,0.006743703968822956,,,,,,
53,6263,0.999936044216156,0.7155399918556213,,0.005744093097746372,0.9874250888824463,,,,
54,6269,,,0.005113354884088039,,,,,,
54,6279,,,0.004480045288801193,,,,,,
54,6289,,,0.005729390773922205,,,,,,
54,6299,,,0.005115544889122248,,,,,,
54,6309,,,0.004307993222028017,,,,,,
54,6319,,,0.0042384290136396885,,,,,,
54,6329,,,0.005466011352837086,,,,,,
54,6339,,,0.004927077330648899,,,,,,
54,6349,,,0.0045164464972913265,,,,,,
54,6359,,,0.004811735358089209,,,,,,
54,6369,,,0.0038363118655979633,,,,,,
54,6379,,,0.004764679819345474,,,,,,
54,6379,0.9999526739120483,0.7562152147293091,,0.00524227786809206,0.9889572262763977,,,,
55,6389,,,0.005303608253598213,,,,,,
55,6399,,,0.006321847438812256,,,,,,
55,6409,,,0.004918717313557863,,,,,,
55,6419,,,0.004446467384696007,,,,,,
55,6429,,,0.0042740898206830025,,,,,,
55,6439,,,0.004243660718202591,,,,,,
55,6449,,,0.005995478015393019,,,,,,
55,6459,,,0.004029035102576017,,,,,,
55,6469,,,0.00434980308637023,,,,,,
55,6479,,,0.004251037258654833,,,,,,
55,6489,,,0.004768291022628546,,,,,,
55,6495,0.9999731779098511,0.7845378518104553,,0.004927830770611763,0.9930886626243591,,,,
56,6499,,,0.003969540353864431,,,,,,
56,6509,,,0.004382980056107044,,,,,,
56,6519,,,0.005603871773928404,,,,,,
56,6529,,,0.004500668961554766,,,,,,
56,6539,,,0.005554813891649246,,,,,,
56,6549,,,0.005419278051704168,,,,,,
56,6559,,,0.003457682440057397,,,,,,
56,6569,,,0.004191105719655752,,,,,,
56,6579,,,0.004872678313404322,,,,,,
56,6589,,,0.004778060596436262,,,,,,
56,6599,,,0.004826815333217382,,,,,,
56,6609,,,0.004701016936451197,,,,,,
56,6611,0.9999614953994751,0.8147739768028259,,0.004537502303719521,0.995413601398468,,,,
57,6619,,,0.003943667747080326,,,,,,
57,6629,,,0.003822492202743888,,,,,,
57,6639,,,0.004321232438087463,,,,,,
57,6649,,,0.004708748776465654,,,,,,
57,6659,,,0.004357742145657539,,,,,,
57,6669,,,0.004870112054049969,,,,,,
57,6679,,,0.004920138046145439,,,,,,
57,6689,,,0.005003200378268957,,,,,,
57,6699,,,0.005222827661782503,,,,,,
57,6709,,,0.0053370799869298935,,,,,,
57,6719,,,0.005430890247225761,,,,,,
57,6727,0.9999502897262573,0.8206039071083069,,0.004778124857693911,0.9926032423973083,,,,
58,6729,,,0.0041052913293242455,,,,,,
58,6739,,,0.006559276022017002,,,,,,
58,6749,,,0.006299586500972509,,,,,,
58,6759,,,0.005176602862775326,,,,,,
58,6769,,,0.010978573933243752,,,,,,
58,6779,,,0.008960467763245106,,,,,,
58,6789,,,0.013739913702011108,,,,,,
58,6799,,,0.01195161510258913,,,,,,
58,6809,,,0.023472746834158897,,,,,,
58,6819,,,0.024240469560027122,,,,,,
58,6829,,,0.019069984555244446,,,,,,
58,6839,,,0.02015318162739277,,,,,,
58,6843,0.9928569793701172,0.5840363502502441,,0.013403679244220257,0.8262391090393066,,,,
59,6849,,,0.02315898798406124,,,,,,
59,6859,,,0.02397998236119747,,,,,,
59,6869,,,0.015263109467923641,,,,,,
59,6879,,,0.017798669636249542,,,,,,
59,6889,,,0.01865626871585846,,,,,,
59,6899,,,0.01569255441427231,,,,,,
59,6909,,,0.01537063717842102,,,,,,
59,6919,,,0.015490216203033924,,,,,,
59,6929,,,0.010811086744070053,,,,,,
59,6939,,,0.013207833282649517,,,,,,
59,6949,,,0.016174890100955963,,,,,,
59,6959,,,0.011775988154113293,,,,,,
59,6959,,,,,,0.7958436608314514,0.1349208503961563,0.05629858002066612,0.16093577444553375
59,6959,0.9911478757858276,0.44398173689842224,,0.01562713272869587,0.755088746547699,,,,
60,6969,,,0.008455263450741768,,,,,,
60,6979,,,0.009893422946333885,,,,,,
60,6989,,,0.008436169475317001,,,,,,
60,6999,,,0.010667051188647747,,,,,,
60,7009,,,0.008640890941023827,,,,,,
60,7019,,,0.010292038321495056,,,,,,
60,7029,,,0.008853098377585411,,,,,,
60,7039,,,0.008398253470659256,,,,,,
60,7049,,,0.007902809418737888,,,,,,
60,7059,,,0.006226855795830488,,,,,,
60,7069,,,0.0061766160652041435,,,,,,
60,7075,0.9986281394958496,0.6354535818099976,,0.008708813227713108,0.9172636270523071,,,,
61,7079,,,0.00571028795093298,,,,,,
61,7089,,,0.004546781536191702,,,,,,
61,7099,,,0.007059748750180006,,,,,,
61,7109,,,0.006921937223523855,,,,,,
61,7119,,,0.005131810903549194,,,,,,
61,7129,,,0.005241630133241415,,,,,,
61,7139,,,0.006391906179487705,,,,,,
61,7149,,,0.0059251184575259686,,,,,,
61,7159,,,0.0058289156295359135,,,,,,
61,7169,,,0.006078366190195084,,,,,,
61,7179,,,0.004512260667979717,,,,,,
61,7189,,,0.005424231290817261,,,,,,
61,7191,0.9996890425682068,0.7283420562744141,,0.006051213014870882,0.9694988131523132,,,,
62,7199,,,0.004941845312714577,,,,,,
62,7209,,,0.003971206024289131,,,,,,
62,7219,,,0.006036979611963034,,,,,,
62,7229,,,0.005259282421320677,,,,,,
62,7239,,,0.005100363865494728,,,,,,
62,7249,,,0.006455548573285341,,,,,,
62,7259,,,0.003470437601208687,,,,,,
62,7269,,,0.0036202548071742058,,,,,,
62,7279,,,0.004153697285801172,,,,,,
62,7289,,,0.004232458304613829,,,,,,
62,7299,,,0.0045181759633123875,,,,,,
62,7307,0.9999114274978638,0.8114476203918457,,0.004360034130513668,0.9902156591415405,,,,
63,7309,,,0.0030317760538309813,,,,,,
63,7319,,,0.0030173026025295258,,,,,,
63,7329,,,0.0031523662619292736,,,,,,
63,7339,,,0.003574910806491971,,,,,,
63,7349,,,0.0034228458534926176,,,,,,
63,7359,,,0.004053073935210705,,,,,,
63,7369,,,0.0033893324434757233,,,,,,
63,7379,,,0.002993400441482663,,,,,,
63,7389,,,0.0028922194615006447,,,,,,
63,7399,,,0.0033342984970659018,,,,,,
63,7409,,,0.0038084585685282946,,,,,,
63,7419,,,0.0037684463895857334,,,,,,
63,7423,0.9999895095825195,0.8870999217033386,,0.003468716749921441,0.9972211122512817,,,,
64,7429,,,0.0025174536276608706,,,,,,
64,7439,,,0.0026683504693210125,,,,,,
64,7449,,,0.0022731581702828407,,,,,,
64,7459,,,0.0028883572667837143,,,,,,
64,7469,,,0.003697848180308938,,,,,,
64,7479,,,0.0023848507553339005,,,,,,
64,7489,,,0.002707154955714941,,,,,,
64,7499,,,0.0023381724022328854,,,,,,
64,7509,,,0.0027230437844991684,,,,,,
64,7519,,,0.00356806768104434,,,,,,
64,7529,,,0.0026948200538754463,,,,,,
64,7539,,,0.002861755434423685,,,,,,
64,7539,0.9999955892562866,0.918906569480896,,0.0030140907038003206,0.9995056986808777,,,,
65,7549,,,0.002277260646224022,,,,,,
65,7559,,,0.0022050130646675825,,,,,,
65,7569,,,0.003169952891767025,,,,,,
65,7579,,,0.0024979151785373688,,,,,,
65,7589,,,0.0032149406615644693,,,,,,
65,7599,,,0.002673617796972394,,,,,,
65,7609,,,0.0021029466297477484,,,,,,
65,7619,,,0.003757401602342725,,,,,,
65,7629,,,0.002554000820964575,,,,,,
65,7639,,,0.0028335622046142817,,,,,,
65,7649,,,0.002540941582992673,,,,,,
65,7655,0.9999971389770508,0.9415658712387085,,0.002710449742153287,0.9998632073402405,,,,
66,7659,,,0.002229795092716813,,,,,,
66,7669,,,0.0030058834236115217,,,,,,
66,7679,,,0.003447070950642228,,,,,,
66,7689,,,0.002538216533139348,,,,,,
66,7699,,,0.00199347035959363,,,,,,
66,7709,,,0.002803359879180789,,,,,,
66,7719,,,0.0025659403763711452,,,,,,
66,7729,,,0.0021980497986078262,,,,,,
66,7739,,,0.0029853712767362595,,,,,,
66,7749,,,0.002440602984279394,,,,,,
66,7759,,,0.0024393098428845406,,,,,,
66,7769,,,0.0029103150591254234,,,,,,
66,7771,0.9999986290931702,0.9579415321350098,,0.0024894808884710073,0.9999004602432251,,,,
67,7779,,,0.001782090519554913,,,,,,
67,7789,,,0.0037006100174039602,,,,,,
67,7799,,,0.002723085694015026,,,,,,
67,7809,,,0.002885679481551051,,,,,,
67,7819,,,0.0018546279752627015,,,,,,
67,7829,,,0.0032781646586954594,,,,,,
67,7839,,,0.0021389753092080355,,,,,,
67,7849,,,0.0020297816954553127,,,,,,
67,7859,,,0.002299379324540496,,,,,,
67,7869,,,0.0019587420392781496,,,,,,
67,7879,,,0.0018716822378337383,,,,,,
67,7887,0.9999990463256836,0.9674132466316223,,0.002299712272360921,0.9999184012413025,,,,
68,7889,,,0.002324524335563183,,,,,,
68,7899,,,0.002455017063766718,,,,,,
68,7909,,,0.0025163935497403145,,,,,,
68,7919,,,0.001749070710502565,,,,,,
68,7929,,,0.00159414391964674,,,,,,
68,7939,,,0.002167829778045416,,,,,,
68,7949,,,0.0019080745987594128,,,,,,
68,7959,,,0.002351603237912059,,,,,,
68,7969,,,0.002194597152993083,,,,,,
68,7979,,,0.0021377704106271267,,,,,,
68,7989,,,0.002590363845229149,,,,,,
68,7999,,,0.00143905240111053,,,,,,
68,8003,0.9999995231628418,0.9785491228103638,,0.0021470326464623213,0.9999534487724304,,,,
69,8009,,,0.002054917626082897,,,,,,
69,8019,,,0.0018841858254745603,,,,,,
69,8029,,,0.0020108697935938835,,,,,,
69,8039,,,0.0019623232074081898,,,,,,
69,8049,,,0.0014304850483313203,,,,,,
69,8059,,,0.001694193109869957,,,,,,
69,8069,,,0.002060344209894538,,,,,,
69,8079,,,0.0020390537101775408,,,,,,
69,8089,,,0.0024321582168340683,,,,,,
69,8099,,,0.001512068440206349,,,,,,
69,8109,,,0.0018254423048347235,,,,,,
69,8119,,,0.001917914254590869,,,,,,
69,8119,,,,,,0.7894164323806763,0.1507369577884674,0.06156337261199951,0.1789087951183319
69,8119,0.9999995231628418,0.9795936346054077,,0.0019901804625988007,0.9999553561210632,,,,
70,8129,,,0.0020031402818858624,,,,,,
70,8139,,,0.002330721588805318,,,,,,
70,8149,,,0.0016118272906169295,,,,,,
70,8159,,,0.001706256647594273,,,,,,
70,8169,,,0.001653491286560893,,,,,,
70,8179,,,0.0015855861129239202,,,,,,
70,8189,,,0.0017966502346098423,,,,,,
70,8199,,,0.002027998911216855,,,,,,
70,8209,,,0.0017041447572410107,,,,,,
70,8219,,,0.0019902274943888187,,,,,,
70,8229,,,0.0021207898389548063,,,,,,
70,8235,0.9999998211860657,0.9858263731002808,,0.0018544259946793318,0.9999783039093018,,,,
71,8239,,,0.0018344256095588207,,,,,,
71,8249,,,0.002126127015799284,,,,,,
71,8259,,,0.001662581693381071,,,,,,
71,8269,,,0.0014947495656087995,,,,,,
71,8279,,,0.0018344772979617119,,,,,,
71,8289,,,0.0020920266397297382,,,,,,
71,8299,,,0.0020843250676989555,,,,,,
71,8309,,,0.0014620899455621839,,,,,,
71,8319,,,0.0020602806471288204,,,,,,
71,8329,,,0.0017934121424332261,,,,,,
71,8339,,,0.0019679050892591476,,,,,,
71,8349,,,0.0015237285988405347,,,,,,
71,8351,0.9999999403953552,0.9900731444358826,,0.0017278795130550861,0.9999933242797852,,,,
72,8359,,,0.001446637324988842,,,,,,
72,8369,,,0.0016164036933332682,,,,,,
72,8379,,,0.0020709792152047157,,,,,,
72,8389,,,0.0015562936896458268,,,,,,
72,8399,,,0.0017015133053064346,,,,,,
72,8409,,,0.0022212413605302572,,,,,,
72,8419,,,0.0010885403025895357,,,,,,
72,8429,,,0.0016919365152716637,,,,,,
72,8439,,,0.0017128383042290807,,,,,,
72,8449,,,0.0025063406210392714,,,,,,
72,8459,,,0.0014306710800155997,,,,,,
72,8467,0.9999999403953552,0.9915719628334045,,0.0016226747538894415,0.9999933242797852,,,,
73,8469,,,0.0012526609934866428,,,,,,
73,8479,,,0.0019425252685323358,,,,,,
73,8489,,,0.0019371925154700875,,,,,,
73,8499,,,0.0013410350074991584,,,,,,
73,8509,,,0.0015679694479331374,,,,,,
73,8519,,,0.0012737279757857323,,,,,,
73,8529,,,0.0014758685138076544,,,,,,
73,8539,,,0.0016177743673324585,,,,,,
73,8549,,,0.0011818275088444352,,,,,,
73,8559,,,0.001555186347104609,,,,,,
73,8569,,,0.001511787879280746,,,,,,
73,8579,,,0.0011528775794431567,,,,,,
73,8583,0.9999998211860657,0.9920334219932556,,0.0015424336306750774,0.9999591708183289,,,,
74,8589,,,0.0022021017502993345,,,,,,
74,8599,,,0.0012918268330395222,,,,,,
74,8609,,,0.0009895313996821642,,,,,,
74,8619,,,0.0014133375370875,,,,,,
74,8629,,,0.0012533345725387335,,,,,,
74,8639,,,0.0017114325892180204,,,,,,
74,8649,,,0.0016962987137958407,,,,,,
74,8659,,,0.001536787487566471,,,,,,
74,8669,,,0.0010883852373808622,,,,,,
74,8679,,,0.0010150449816137552,,,,,,
74,8689,,,0.001478876918554306,,,,,,
74,8699,,,0.0017675292911008,,,,,,
74,8699,0.9999988675117493,0.9941170811653137,,0.0014497924130409956,0.9999281167984009,,,,
75,8709,,,0.0010900606866925955,,,,,,
75,8719,,,0.0013999547809362411,,,,,,
75,8729,,,0.0011627438943833113,,,,,,
75,8739,,,0.0021966248750686646,,,,,,
75,8749,,,0.0017049482557922602,,,,,,
75,8759,,,0.0012794127687811852,,,,,,
75,8769,,,0.0012984751956537366,,,,,,
75,8779,,,0.001529982895590365,,,,,,
75,8789,,,0.0017182043520733714,,,,,,
75,8799,,,0.0010991015005856752,,,,,,
75,8809,,,0.0021195223089307547,,,,,,
75,8815,0.9999977946281433,0.9901238083839417,,0.001453746808692813,0.999788761138916,,,,
76,8819,,,0.0015560620231553912,,,,,,
76,8829,,,0.0013593366602435708,,,,,,
76,8839,,,0.002247205004096031,,,,,,
76,8849,,,0.0011337625328451395,,,,,,
76,8859,,,0.0012454908574,,,,,,
76,8869,,,0.0012669955613091588,,,,,,
76,8879,,,0.0010396790457889438,,,,,,
76,8889,,,0.0016514864983037114,,,,,,
76,8899,,,0.0014338783221319318,,,,,,
76,8909,,,0.0014227944193407893,,,,,,
76,8919,,,0.00121676258277148,,,,,,
76,8929,,,0.0015031470684334636,,,,,,
76,8931,0.9999982118606567,0.9926856756210327,,0.0014182011364027858,0.9996546506881714,,,,
77,8939,,,0.0009248559363186359,,,,,,
77,8949,,,0.0016080248169600964,,,,,,
77,8959,,,0.001365433563478291,,,,,,
77,8969,,,0.001169300638139248,,,,,,
77,8979,,,0.0017379099735990167,,,,,,
77,8989,,,0.001884139608591795,,,,,,
77,8999,,,0.0010845132637768984,,,,,,
77,9009,,,0.00106193614192307,,,,,,
77,9019,,,0.0010977234924212098,,,,,,
77,9029,,,0.0013519846834242344,,,,,,
77,9039,,,0.0012478366261348128,,,,,,
77,9047,0.9999997615814209,0.9913879036903381,,0.0013040390331298113,0.9999671578407288,,,,
78,9049,,,0.001397414249368012,,,,,,
78,9059,,,0.0011017395881935954,,,,,,
78,9069,,,0.0018658621702343225,,,,,,
78,9079,,,0.001135204336605966,,,,,,
78,9089,,,0.0010670773917809129,,,,,,
78,9099,,,0.0010797630529850721,,,,,,
78,9109,,,0.000746303005144,,,,,,
78,9119,,,0.0010661437408998609,,,,,,
78,9129,,,0.0012469752691686153,,,,,,
78,9139,,,0.0008787785191088915,,,,,,
78,9149,,,0.00129148387350142,,,,,,
78,9159,,,0.0009685269324108958,,,,,,
78,9163,0.9999995231628418,0.9966669082641602,,0.0011992939980700612,0.9998364448547363,,,,
79,9169,,,0.0012387825408950448,,,,,,
79,9179,,,0.0009284083498641849,,,,,,
79,9189,,,0.0010770553490146995,,,,,,
79,9199,,,0.002092157257720828,,,,,,
79,9209,,,0.001014755922369659,,,,,,
79,9219,,,0.0009065754129551351,,,,,,
79,9229,,,0.0011900648241862655,,,,,,
79,9239,,,0.0012959486339241266,,,,,,
79,9249,,,0.0009347370360046625,,,,,,
79,9259,,,0.0016110525466501713,,,,,,
79,9269,,,0.001412620535120368,,,,,,
79,9279,,,0.0013061505742371082,,,,,,
79,9279,,,,,,0.783635139465332,0.15856941044330597,0.06748369336128235,0.1792391687631607
79,9279,0.9999998211860657,0.9967028498649597,,0.0011817931663244963,0.9999837279319763,,,,
80,9289,,,0.0015050231013447046,,,,,,
80,9299,,,0.0011950223706662655,,,,,,
80,9309,,,0.0009299903176724911,,,,,,
80,9319,,,0.0009824363514780998,,,,,,
80,9329,,,0.001060989685356617,,,,,,
80,9339,,,0.0013454246800392866,,,,,,
80,9349,,,0.0008341825450770557,,,,,,
80,9359,,,0.0010404392378404737,,,,,,
80,9369,,,0.001038790331222117,,,,,,
80,9379,,,0.001093468046747148,,,,,,
80,9389,,,0.0011370209977030754,,,,,,
80,9395,0.9999999403953552,0.9961811304092407,,0.0011361927026882768,0.999993085861206,,,,
81,9399,,,0.0011217159917578101,,,,,,
81,9409,,,0.0008864818955771625,,,,,,
81,9419,,,0.0012344461865723133,,,,,,
81,9429,,,0.0011211205273866653,,,,,,
81,9439,,,0.0009281549137085676,,,,,,
81,9449,,,0.0009304549312219024,,,,,,
81,9459,,,0.0011335497256368399,,,,,,
81,9469,,,0.0009250580333173275,,,,,,
81,9479,,,0.0008462453261017799,,,,,,
81,9489,,,0.0008132983348332345,,,,,,
81,9499,,,0.000942880695220083,,,,,,
81,9509,,,0.0010053508449345827,,,,,,
81,9511,0.9999998211860657,0.9982144832611084,,0.0010313279926776886,0.9999855756759644,,,,
82,9519,,,0.0009587280219420791,,,,,,
82,9529,,,0.0011581557337194681,,,,,,
82,9539,,,0.0007161888643167913,,,,,,
82,9549,,,0.0008359429775737226,,,,,,
82,9559,,,0.0006947240908630192,,,,,,
82,9569,,,0.0008719594916328788,,,,,,
82,9579,,,0.0007337069837376475,,,,,,
82,9589,,,0.0006296481587924063,,,,,,
82,9599,,,0.0008018049411475658,,,,,,
82,9609,,,0.0006811360944993794,,,,,,
82,9619,,,0.000677980191539973,,,,,,
82,9627,1.0,0.9977316856384277,,0.0009218889754265547,1.0,,,,
83,9629,,,0.0007006386877037585,,,,,,
83,9639,,,0.0011593385133892298,,,,,,
83,9649,,,0.0012759556993842125,,,,,,
83,9659,,,0.0006754834903404117,,,,,,
83,9669,,,0.0008455690694972873,,,,,,
83,9679,,,0.0011188504286110401,,,,,,
83,9689,,,0.0011779821943491697,,,,,,
83,9699,,,0.001129423500970006,,,,,,
83,9709,,,0.0006472678505815566,,,,,,
83,9719,,,0.0009482560562901199,,,,,,
83,9729,,,0.0010860508773475885,,,,,,
83,9739,,,0.0007125857518985868,,,,,,
83,9743,0.9999963045120239,0.9993468523025513,,0.0009122091578319669,0.9996348023414612,,,,
84,9749,,,0.0007471141288988292,,,,,,
84,9759,,,0.0006117502925917506,,,,,,
84,9769,,,0.0007536438060924411,,,,,,
84,9779,,,0.0011152446968480945,,,,,,
84,9789,,,0.0010027686366811395,,,,,,
84,9799,,,0.0010459289187565446,,,,,,
84,9809,,,0.0007952713640406728,,,,,,
84,9819,,,0.0010215665679425001,,,,,,
84,9829,,,0.000596808094996959,,,,,,
84,9839,,,0.0008309541153721511,,,,,,
84,9849,,,0.000665913918055594,,,,,,
84,9859,,,0.0007691712817177176,,,,,,
84,9859,1.0,0.9989418983459473,,0.0008232836844399571,0.9999997615814209,,,,
85,9869,,,0.0007275149109773338,,,,,,
85,9879,,,0.0007796986610628664,,,,,,
85,9889,,,0.0007558686775155365,,,,,,
85,9899,,,0.0006654834724031389,,,,,,
85,9909,,,0.0005393645842559636,,,,,,
85,9919,,,0.0007906099781394005,,,,,,
85,9929,,,0.0008572547812946141,,,,,,
85,9939,,,0.0005481034750118852,,,,,,
85,9949,,,0.0008958615362644196,,,,,,
85,9959,,,0.0008685890352353454,,,,,,
85,9969,,,0.0007206688751466572,,,,,,
85,9975,1.0,0.9993774890899658,,0.0007524514803662896,1.0,,,,
86,9979,,,0.0009439989808015525,,,,,,
86,9989,,,0.0004442092322278768,,,,,,
86,9999,,,0.0009554253192618489,,,,,,
86,10009,,,0.0005824320251122117,,,,,,
86,10019,,,0.0011789471609517932,,,,,,
86,10029,,,0.0005913216155022383,,,,,,
86,10039,,,0.0007003770442679524,,,,,,
86,10049,,,0.0008842043462209404,,,,,,
86,10059,,,0.00048105083988048136,,,,,,
86,10069,,,0.0007201234111562371,,,,,,
86,10079,,,0.0005657163565047085,,,,,,
86,10089,,,0.00047073501627892256,,,,,,
86,10091,1.0,0.9998644590377808,,0.0006899943109601736,1.0,,,,
87,10099,,,0.0006644187378697097,,,,,,
87,10109,,,0.0005588181084021926,,,,,,
87,10119,,,0.0005465933354571462,,,,,,
87,10129,,,0.0006476387497968972,,,,,,
87,10139,,,0.00043067376827821136,,,,,,
87,10149,,,0.0007018436444923282,,,,,,
87,10159,,,0.0008061031112447381,,,,,,
87,10169,,,0.000748653372284025,,,,,,
87,10179,,,0.0007541125523857772,,,,,,
87,10189,,,0.0005110682686790824,,,,,,
87,10199,,,0.0006622074288316071,,,,,,
87,10207,1.0,0.9997382164001465,,0.0006377716781571507,1.0,,,,
88,10209,,,0.0008494170033372939,,,,,,
88,10219,,,0.00040681494283489883,,,,,,
88,10229,,,0.0007935921312309802,,,,,,
88,10239,,,0.00044039307977072895,,,,,,
88,10249,,,0.0007993187173269689,,,,,,
88,10259,,,0.0006477903225459158,,,,,,
88,10269,,,0.0005787466652691364,,,,,,
88,10279,,,0.0005845629493705928,,,,,,
88,10289,,,0.0006849381024949253,,,,,,
88,10299,,,0.000615366967394948,,,,,,
88,10309,,,0.001237630844116211,,,,,,
88,10319,,,0.0006056881975382566,,,,,,
88,10323,0.9999999403953552,0.9994484186172485,,0.0006710659363307059,0.9999976754188538,,,,
89,10329,,,0.004096576012670994,,,,,,
89,10339,,,0.011590699665248394,,,,,,
89,10349,,,0.012572105973958969,,,,,,
89,10359,,,0.03456924483180046,,,,,,
89,10369,,,0.02192331850528717,,,,,,
89,10379,,,0.028218260034918785,,,,,,
89,10389,,,0.025693409144878387,,,,,,
89,10399,,,0.02662174589931965,,,,,,
89,10409,,,0.028393343091011047,,,,,,
89,10419,,,0.02080986648797989,,,,,,
89,10429,,,0.016943207010626793,,,,,,
89,10439,,,0.018073251470923424,,,,,,
89,10439,,,,,,0.817625880241394,0.14011484384536743,0.057376258075237274,0.16446949541568756
89,10439,0.9788413643836975,0.4793094992637634,,0.02148818038403988,0.6232459545135498,,,,
90,10449,,,0.01385522447526455,,,,,,
90,10459,,,0.014154555276036263,,,,,,
90,10469,,,0.017640715464949608,,,,,,
90,10479,,,0.011632406152784824,,,,,,
90,10489,,,0.009397737681865692,,,,,,
90,10499,,,0.010922824963927269,,,,,,
90,10509,,,0.005521765910089016,,,,,,
90,10519,,,0.008709333837032318,,,,,,
90,10529,,,0.010557977482676506,,,,,,
90,10539,,,0.007239841390401125,,,,,,
90,10549,,,0.008657664060592651,,,,,,
90,10555,0.9972938895225525,0.677584171295166,,0.009831458330154419,0.8754709362983704,,,,
91,10559,,,0.004309020936489105,,,,,,
91,10569,,,0.003965630661696196,,,,,,
91,10579,,,0.00496442848816514,,,,,,
91,10589,,,0.004611344076693058,,,,,,
91,10599,,,0.00433972617611289,,,,,,
91,10609,,,0.004878724459558725,,,,,,
91,10619,,,0.0037857317365705967,,,,,,
91,10629,,,0.003295130329206586,,,,,,
91,10639,,,0.002932117087766528,,,,,,
91,10649,,,0.002914434764534235,,,,,,
91,10659,,,0.003981791436672211,,,,,,
91,10669,,,0.0030183414928615093,,,,,,
91,10671,0.9998260736465454,0.8972277641296387,,0.003850718028843403,0.9834926128387451,,,,
92,10679,,,0.002288786694407463,,,,,,
92,10689,,,0.0021308246068656445,,,,,,
92,10699,,,0.0024011493660509586,,,,,,
92,10709,,,0.002005398040637374,,,,,,
92,10719,,,0.002046390203759074,,,,,,
92,10729,,,0.0018133856356143951,,,,,,
92,10739,,,0.0016471637645736337,,,,,,
92,10749,,,0.00145142141263932,,,,,,
92,10759,,,0.0015375083312392235,,,,,,
92,10769,,,0.0018258531345054507,,,,,,
92,10779,,,0.001497082062996924,,,,,,
92,10787,0.999986469745636,0.965070366859436,,0.001846400322392583,0.9979483485221863,,,,
93,10789,,,0.0010142511455342174,,,,,,
93,10799,,,0.0008159974822774529,,,,,,
93,10809,,,0.0012826970778405666,,,,,,
93,10819,,,0.0011026982683688402,,,,,,
93,10829,,,0.001048706821165979,,,,,,
93,10839,,,0.0009776328224688768,,,,,,
93,10849,,,0.001571896718814969,,,,,,
93,10859,,,0.0008778206538408995,,,,,,
93,10869,,,0.0010637497762218118,,,,,,
93,10879,,,0.000992625136859715,,,,,,
93,10889,,,0.0011120317503809929,,,,,,
93,10899,,,0.001468307338654995,,,,,,
93,10903,0.9999998211860657,0.9960988163948059,,0.0010641501285135746,0.9999784231185913,,,,
94,10909,,,0.0008431208552792668,,,,,,
94,10919,,,0.0008963511209003627,,,,,,
94,10929,,,0.0008057421655394137,,,,,,
94,10939,,,0.0012007788754999638,,,,,,
94,10949,,,0.0007356823771260679,,,,,,
94,10959,,,0.0008208606159314513,,,,,,
94,10969,,,0.0008616673294454813,,,,,,
94,10979,,,0.0008943483699113131,,,,,,
94,10989,,,0.0009308877633884549,,,,,,
94,10999,,,0.000831515237223357,,,,,,
94,11009,,,0.0006034389371052384,,,,,,
94,11019,,,0.0005904037971049547,,,,,,
94,11019,0.9999999403953552,0.9990922212600708,,0.0008303350186906755,0.9999815225601196,,,,
95,11029,,,0.0008440549718216062,,,,,,
95,11039,,,0.0008539226255379617,,,,,,
95,11049,,,0.0005914976936765015,,,,,,
95,11059,,,0.0007488387636840343,,,,,,
95,11069,,,0.0007582276593893766,,,,,,
95,11079,,,0.0005509796901606023,,,,,,
95,11089,,,0.0007012595888227224,,,,,,
95,11099,,,0.0006169990519993007,,,,,,
95,11109,,,0.0008102880674414337,,,,,,
95,11119,,,0.0006957941222935915,,,,,,
95,11129,,,0.0005402673268690705,,,,,,
95,11135,1.0,1.0,,0.000718199007678777,1.0,,,,
96,11139,,,0.0008305037626996636,,,,,,
96,11149,,,0.000593298114836216,,,,,,
96,11159,,,0.0007283215527422726,,,,,,
96,11169,,,0.0007068862905725837,,,,,,
96,11179,,,0.0008141829166561365,,,,,,
96,11189,,,0.0007063415250740945,,,,,,
96,11199,,,0.0004920813953503966,,,,,,
96,11209,,,0.0007237201207317412,,,,,,
96,11219,,,0.0007249786285683513,,,,,,
96,11229,,,0.0005521271959878504,,,,,,
96,11239,,,0.0007254647207446396,,,,,,
96,11249,,,0.0005368849379010499,,,,,,
96,11251,1.0,1.0,,0.000650766131002456,1.0,,,,
97,11259,,,0.0008104342850856483,,,,,,
97,11269,,,0.0004689682100433856,,,,,,
97,11279,,,0.0005752082797698677,,,,,,
97,11289,,,0.0007589334272779524,,,,,,
97,11299,,,0.0006692918832413852,,,,,,
97,11309,,,0.0006814010557718575,,,,,,
97,11319,,,0.0006845263997092843,,,,,,
97,11329,,,0.0004817972076125443,,,,,,
97,11339,,,0.0005114153027534485,,,,,,
97,11349,,,0.0005826888373121619,,,,,,
97,11359,,,0.0006276806234382093,,,,,,
97,11367,1.0,1.0,,0.0006009946810081601,1.0,,,,
98,11369,,,0.0006533127161674201,,,,,,
98,11379,,,0.0005841838428750634,,,,,,
98,11389,,,0.0004745936603285372,,,,,,
98,11399,,,0.0005112031358294189,,,,,,
98,11409,,,0.0005444448324851692,,,,,,
98,11419,,,0.000600133091211319,,,,,,
98,11429,,,0.0005755678866989911,,,,,,
98,11439,,,0.0006051010568626225,,,,,,
98,11449,,,0.0005815617623738945,,,,,,
98,11459,,,0.0005420417874120176,,,,,,
98,11469,,,0.0005001336103305221,,,,,,
98,11479,,,0.0005883153062313795,,,,,,
98,11483,1.0,1.0,,0.000563984620384872,1.0,,,,
99,11489,,,0.0006736943032592535,,,,,,
99,11499,,,0.0005039522657170892,,,,,,
99,11509,,,0.0004206328303553164,,,,,,
99,11519,,,0.0006414290401153266,,,,,,
99,11529,,,0.0006803639698773623,,,,,,
99,11539,,,0.0003856038674712181,,,,,,
99,11549,,,0.0005122893489897251,,,,,,
99,11559,,,0.0005501919658854604,,,,,,
99,11569,,,0.0006162964273244143,,,,,,
99,11579,,,0.0006287485011853278,,,,,,
99,11589,,,0.00046454372932203114,,,,,,
99,11599,,,0.0004987071733921766,,,,,,
99,11599,,,,,,0.7930757999420166,0.16158312559127808,0.07257217913866043,0.18856757879257202
99,11599,1.0,1.0,,0.000531519646756351,1.0,,,,
100,11609,,,0.00054166279733181,,,,,,
100,11619,,,0.00035161522100679576,,,,,,
100,11629,,,0.0006034382386133075,,,,,,
100,11639,,,0.0004447892715688795,,,,,,
100,11649,,,0.0005564028979279101,,,,,,
100,11659,,,0.0005766308167949319,,,,,,
100,11669,,,0.0004098770150449127,,,,,,
100,11679,,,0.0005786356050521135,,,,,,
100,11689,,,0.0004741303564514965,,,,,,
100,11699,,,0.0003774584911298007,,,,,,
100,11709,,,0.00040166027611121535,,,,,,
100,11715,1.0,1.0,,0.0004988100845366716,1.0,,,,
101,11719,,,0.0003640885406639427,,,,,,
101,11729,,,0.00034394621616229415,,,,,,
101,11739,,,0.00035511990427039564,,,,,,
101,11749,,,0.00040818494744598866,,,,,,
101,11759,,,0.00036482035648077726,,,,,,
101,11769,,,0.0006203511729836464,,,,,,
101,11779,,,0.0004946639528498054,,,,,,
101,11789,,,0.0004773596010636538,,,,,,
101,11799,,,0.0004435958690010011,,,,,,
101,11809,,,0.0004943125532008708,,,,,,
101,11819,,,0.0004450639826245606,,,,,,
101,11829,,,0.00044662258005701005,,,,,,
101,11831,1.0,1.0,,0.0004717953852377832,1.0,,,,
102,11839,,,0.00043140212073922157,,,,,,
102,11849,,,0.00042079054401256144,,,,,,
102,11859,,,0.0005670670652762055,,,,,,
102,11869,,,0.000427731079980731,,,,,,
102,11879,,,0.00041922793025150895,,,,,,
102,11889,,,0.00034036452416330576,,,,,,
102,11899,,,0.000462875614175573,,,,,,
102,11909,,,0.0004308161442168057,,,,,,
102,11919,,,0.00039252545684576035,,,,,,
102,11929,,,0.00043286895379424095,,,,,,
102,11939,,,0.000455984816653654,,,,,,
102,11947,1.0,1.0,,0.0004466519458219409,1.0,,,,
103,11949,,,0.00032584581640549004,,,,,,
103,11959,,,0.0004786263161804527,,,,,,
103,11969,,,0.0004760413139592856,,,,,,
103,11979,,,0.0003250629233662039,,,,,,
103,11989,,,0.00037639981019310653,,,,,,
103,11999,,,0.0005089968908578157,,,,,,
103,12009,,,0.00044193220674060285,,,,,,
103,12019,,,0.0004912366275675595,,,,,,
103,12029,,,0.0005621860036626458,,,,,,
103,12039,,,0.0003304524871055037,,,,,,
103,12049,,,0.0004124061670154333,,,,,,
103,12059,,,0.00047793114208616316,,,,,,
103,12063,1.0,1.0,,0.0004235276719555259,1.0,,,,
104,12069,,,0.0005410625017248094,,,,,,
104,12079,,,0.0004492193111218512,,,,,,
104,12089,,,0.0003204245294909924,,,,,,
104,12099,,,0.0005713632563129067,,,,,,
104,12109,,,0.0002992748050019145,,,,,,
104,12119,,,0.000330913724610582,,,,,,
104,12129,,,0.0004391476104501635,,,,,,
104,12139,,,0.00040818515117280185,,,,,,
104,12149,,,0.00033990919473581016,,,,,,
104,12159,,,0.0003391279897186905,,,,,,
104,12169,,,0.0005339825293049216,,,,,,
104,12179,,,0.0002832447935361415,,,,,,
104,12179,1.0,1.0,,0.00040339099359698594,1.0,,,,
105,12189,,,0.0003197824989911169,,,,,,
105,12199,,,0.0005127072217874229,,,,,,
105,12209,,,0.0004884806694462895,,,,,,
105,12219,,,0.00038166032754816115,,,,,,
105,12229,,,0.00038731726817786694,,,,,,
105,12239,,,0.0003912905231118202,,,,,,
105,12249,,,0.00039873470086604357,,,,,,
105,12259,,,0.00027797382790595293,,,,,,
105,12269,,,0.0003737877123057842,,,,,,
105,12279,,,0.00036707069375552237,,,,,,
105,12289,,,0.0004597470979206264,,,,,,
105,12295,1.0,1.0,,0.00038509356090798974,1.0,,,,
106,12299,,,0.0006429646746255457,,,,,,
106,12309,,,0.00039888033643364906,,,,,,
106,12319,,,0.0003433777019381523,,,,,,
106,12329,,,0.0003911321982741356,,,,,,
106,12339,,,0.0003724232956301421,,,,,,
106,12349,,,0.00032881859806366265,,,,,,
106,12359,,,0.0002979788405355066,,,,,,
106,12369,,,0.0005009117303416133,,,,,,
106,12379,,,0.00031184899853542447,,,,,,
106,12389,,,0.0002803073148243129,,,,,,
106,12399,,,0.00045832915930077434,,,,,,
106,12409,,,0.0002998260024469346,,,,,,
106,12411,1.0,1.0,,0.0003653088060673326,1.0,,,,
107,12419,,,0.0002763629308901727,,,,,,
107,12429,,,0.00028199065127409995,,,,,,
107,12439,,,0.0003357141395099461,,,,,,
107,12449,,,0.00035416713217273355,,,,,,
107,12459,,,0.00029993694624863565,,,,,,
107,12469,,,0.00022463372442871332,,,,,,
107,12479,,,0.0003304016718175262,,,,,,
107,12489,,,0.000387832144042477,,,,,,
107,12499,,,0.0003551170520950109,,,,,,
107,12509,,,0.00041992723708972335,,,,,,
107,12519,,,0.00029674015240743756,,,,,,
107,12527,1.0,1.0,,0.0003486266068648547,1.0,,,,
108,12529,,,0.0003768008027691394,,,,,,
108,12539,,,0.00034775742096826434,,,,,,
108,12549,,,0.0003236670745536685,,,,,,
108,12559,,,0.00035508800647221506,,,,,,
108,12569,,,0.0004728210624307394,,,,,,
108,12579,,,0.00032931528403423727,,,,,,
108,12589,,,0.00024652955471538007,,,,,,
108,12599,,,0.0004172159533482045,,,,,,
108,12609,,,0.00037679975503124297,,,,,,
108,12619,,,0.00027144921477884054,,,,,,
108,12629,,,0.00026061577955260873,,,,,,
108,12639,,,0.0002476212102919817,,,,,,
108,12643,1.0,1.0,,0.00033250206615775824,1.0,,,,
109,12649,,,0.000502050097566098,,,,,,
109,12659,,,0.00027473137015476823,,,,,,
109,12669,,,0.00020917964866384864,,,,,,
109,12679,,,0.0002512698119971901,,,,,,
109,12689,,,0.0002679611789062619,,,,,,
109,12699,,,0.0004002892237622291,,,,,,
109,12709,,,0.00029537000227719545,,,,,,
109,12719,,,0.0002867502917069942,,,,,,
109,12729,,,0.00039084561285562813,,,,,,
109,12739,,,0.00027931848308071494,,,,,,
109,12749,,,0.00033834416535682976,,,,,,
109,12759,,,0.00025807422935031354,,,,,,
109,12759,,,,,,0.7875591516494751,0.1636005938053131,0.07740932703018188,0.1888142079114914
109,12759,1.0,1.0,,0.00031772154034115374,1.0,,,,
110,12769,,,0.0002525394666008651,,,,,,
110,12779,,,0.0002485276199877262,,,,,,
110,12789,,,0.00027231371495872736,,,,,,
110,12799,,,0.0003267313586547971,,,,,,
110,12809,,,0.0003288300649728626,,,,,,
110,12819,,,0.00039533275412395597,,,,,,
110,12829,,,0.0002598258142825216,,,,,,
110,12839,,,0.00025871838442981243,,,,,,
110,12849,,,0.0002486082958057523,,,,,,
110,12859,,,0.00036896110395900905,,,,,,
110,12869,,,0.00030812766635790467,,,,,,
110,12875,1.0,1.0,,0.00030299200443550944,1.0,,,,
111,12879,,,0.0003752166230697185,,,,,,
111,12889,,,0.00033642060589045286,,,,,,
111,12899,,,0.0004356640565674752,,,,,,
111,12909,,,0.00037077878369018435,,,,,,
111,12919,,,0.00022855887073092163,,,,,,
111,12929,,,0.00025523637305013835,,,,,,
111,12939,,,0.0003466180060058832,,,,,,
111,12949,,,0.00030588332447223365,,,,,,
111,12959,,,0.0002993798116222024,,,,,,
111,12969,,,0.00025922845816239715,,,,,,
111,12979,,,0.00024235794262494892,,,,,,
111,12989,,,0.00028703053249046206,,,,,,
111,12991,1.0,1.0,,0.00029093518969602883,1.0,,,,
112,12999,,,0.0002991958463098854,,,,,,
112,13009,,,0.0002646507346071303,,,,,,
112,13019,,,0.00023315288126468658,,,,,,
112,13029,,,0.0003277734504081309,,,,,,
112,13039,,,0.0002935629745479673,,,,,,
112,13049,,,0.00029784219805151224,,,,,,
112,13059,,,0.00038213699008338153,,,,,,
112,13069,,,0.0005854660412296653,,,,,,
112,13079,,,0.0002610346127767116,,,,,,
112,13089,,,0.0003397721447981894,,,,,,
112,13099,,,0.0002310181298526004,,,,,,
112,13107,1.0,0.9998974204063416,,0.0002777765621431172,1.0,,,,
113,13109,,,0.00021173538698349148,,,,,,
113,13119,,,0.00025919717154465616,,,,,,
113,13129,,,0.0001519211509730667,,,,,,
113,13139,,,0.0002492304483894259,,,,,,
113,13149,,,0.0002069321199087426,,,,,,
113,13159,,,0.00020866782870143652,,,,,,
113,13169,,,0.0002277239109389484,,,,,,
113,13179,,,0.0002649281523190439,,,,,,
113,13189,,,0.0003052793617825955,,,,,,
113,13199,,,0.00047619055840186775,,,,,,
113,13209,,,0.00031575592583976686,,,,,,
113,13219,,,0.00026354039437137544,,,,,,
113,13223,1.0,1.0,,0.00026312778936699033,1.0,,,,
114,13229,,,0.0003806050808634609,,,,,,
114,13239,,,0.00027014329680241644,,,,,,
114,13249,,,0.00021814348292537034,,,,,,
114,13259,,,0.0003201187355443835,,,,,,
114,13269,,,0.00021679561177734286,,,,,,
114,13279,,,0.00029132331837899983,,,,,,
114,13289,,,0.0002543090668041259,,,,,,
114,13299,,,0.00015156228619161993,,,,,,
114,13309,,,0.00020223818137310445,,,,,,
114,13319,,,0.00021080249280203134,,,,,,
114,13329,,,0.0001687178883003071,,,,,,
114,13339,,,0.0003147419192828238,,,,,,
114,13339,1.0,1.0,,0.0002514219959266484,1.0,,,,
115,13349,,,0.00031838667928241193,,,,,,
115,13359,,,0.00026380058261565864,,,,,,
115,13369,,,0.0002152875968022272,,,,,,
115,13379,,,0.0001391758123645559,,,,,,
115,13389,,,0.0002406189450994134,,,,,,
115,13399,,,0.00021891629148740321,,,,,,
115,13409,,,0.0001398462482029572,,,,,,
115,13419,,,0.0001749750372255221,,,,,,
115,13429,,,0.0001835247821873054,,,,,,
115,13439,,,0.0002413452457403764,,,,,,
115,13449,,,0.00038883849629200995,,,,,,
115,13455,1.0,1.0,,0.00023899298685137182,1.0,,,,
116,13459,,,0.00038328752270899713,,,,,,
116,13469,,,0.00030307084671221673,,,,,,
116,13479,,,0.00022587900457438082,,,,,,
116,13489,,,0.00020663253962993622,,,,,,
116,13499,,,0.00027155561838299036,,,,,,
116,13509,,,0.00020644153119064867,,,,,,
116,13519,,,0.0002657387813087553,,,,,,
116,13529,,,0.0001994859630940482,,,,,,
116,13539,,,0.00036322540836408734,,,,,,
116,13549,,,0.00025944545632228255,,,,,,
116,13559,,,0.00031998162739910185,,,,,,
116,13569,,,0.00023693610273767263,,,,,,
116,13571,1.0,1.0,,0.0002327263937331736,1.0,,,,
117,13579,,,0.00015531388635281473,,,,,,
117,13589,,,0.0002072684874292463,,,,,,
117,13599,,,0.00027074897661805153,,,,,,
117,13609,,,0.0010246624005958438,,,,,,
117,13619,,,0.003853719914332032,,,,,,
117,13629,,,0.0073892236687242985,,,,,,
117,13639,,,0.010596373118460178,,,,,,
117,13649,,,0.021417398005723953,,,,,,
117,13659,,,0.016346462070941925,,,,,,
117,13669,,,0.019345510751008987,,,,,,
117,13679,,,0.0294109545648098,,,,,,
117,13687,0.9945600628852844,0.7626436948776245,,0.011817005462944508,0.8525592684745789,,,,
118,13689,,,0.018902814015746117,,,,,,
118,13699,,,0.018632695078849792,,,,,,
118,13709,,,0.015407080762088299,,,,,,
118,13719,,,0.013210181146860123,,,,,,
118,13729,,,0.009801899082958698,,,,,,
118,13739,,,0.013202561996877193,,,,,,
118,13749,,,0.015670273452997208,,,,,,
118,13759,,,0.009636539965867996,,,,,,
118,13769,,,0.014780662953853607,,,,,,
118,13779,,,0.010253765620291233,,,,,,
118,13789,,,0.007688731886446476,,,,,,
118,13799,,,0.009711701422929764,,,,,,
118,13803,0.9930641651153564,0.6601141691207886,,0.013399111106991768,0.7963992953300476,,,,
119,13809,,,0.008366065099835396,,,,,,
119,13819,,,0.011892707087099552,,,,,,
119,13829,,,0.005703704431653023,,,,,,
119,13839,,,0.004465814679861069,,,,,,
119,13849,,,0.005426996853202581,,,,,,
119,13859,,,0.0032476289197802544,,,,,,
119,13869,,,0.004068946931511164,,,,,,
119,13879,,,0.0032765462528914213,,,,,,
119,13889,,,0.0027314238250255585,,,,,,
119,13899,,,0.0018661444773897529,,,,,,
119,13909,,,0.0023397787008434534,,,,,,
119,13919,,,0.002732546767219901,,,,,,
119,13919,,,,,,0.8152300119400024,0.17597299814224243,0.06812408566474915,0.18219009041786194
119,13919,0.9995721578598022,0.8999069929122925,,0.004503624048084021,0.9715211987495422,,,,
120,13929,,,0.0016219349345192313,,,,,,
120,13939,,,0.0017458646325394511,,,,,,
120,13949,,,0.0018660119967535138,,,,,,
120,13959,,,0.0012305075069889426,,,,,,
120,13969,,,0.0018690329743549228,,,,,,
120,13979,,,0.0008988860063254833,,,,,,
120,13989,,,0.001412833109498024,,,,,,
120,13999,,,0.0014632083475589752,,,,,,
120,14009,,,0.0009415657259523869,,,,,,
120,14019,,,0.001216203672811389,,,,,,
120,14029,,,0.0010116290068253875,,,,,,
120,14035,0.9999900460243225,0.9806661605834961,,0.001485814107581973,0.9989266395568848,,,,
121,14039,,,0.0012193052098155022,,,,,,
121,14049,,,0.0006284616538323462,,,,,,
121,14059,,,0.0006596405291929841,,,,,,
121,14069,,,0.0007531127776019275,,,,,,
121,14079,,,0.000643200590275228,,,,,,
121,14089,,,0.0005995443789288402,,,,,,
121,14099,,,0.0005048981984145939,,,,,,
121,14109,,,0.0007797571015544236,,,,,,
121,14119,,,0.0007443962385877967,,,,,,
121,14129,,,0.0005812377785332501,,,,,,
121,14139,,,0.0004976385971531272,,,,,,
121,14149,,,0.0006532541592605412,,,,,,
121,14151,0.9999999403953552,0.9968677759170532,,0.0007093400345183909,0.999997615814209,,,,
122,14159,,,0.0006951974355615675,,,,,,
122,14169,,,0.0005037922528572381,,,,,,
122,14179,,,0.0009077844442799687,,,,,,
122,14189,,,0.00036553930840454996,,,,,,
122,14199,,,0.0006597613100893795,,,,,,
122,14209,,,0.0005209817900322378,,,,,,
122,14219,,,0.0005068103782832623,,,,,,
122,14229,,,0.0004267117183189839,,,,,,
122,14239,,,0.0004991235327906907,,,,,,
122,14249,,,0.0003714234917424619,,,,,,
122,14259,,,0.0006300148088485003,,,,,,
122,14267,1.0,0.9999357461929321,,0.0004925512475892901,1.0,,,,
123,14269,,,0.0004718576092272997,,,,,,
123,14279,,,0.0003252296010032296,,,,,,
123,14289,,,0.00043706412543542683,,,,,,
123,14299,,,0.00047246142639778554,,,,,,
123,14309,,,0.00037704696296714246,,,,,,
123,14319,,,0.0003758924431167543,,,,,,
123,14329,,,0.00034930187393911183,,,,,,
123,14339,,,0.0003924196062143892,,,,,,
123,14349,,,0.00033510426874272525,,,,,,
123,14359,,,0.00041772451368160546,,,,,,
123,14369,,,0.0003467132628429681,,,,,,
123,14379,,,0.00033024593722075224,,,,,,
123,14383,1.0,1.0,,0.00041149341268464923,1.0,,,,
124,14389,,,0.00024434830993413925,,,,,,
124,14399,,,0.0004115184710826725,,,,,,
124,14409,,,0.00033009485923685133,,,,,,
124,14419,,,0.00037328185862861574,,,,,,
124,14429,,,0.0004048535483889282,,,,,,
124,14439,,,0.000402197299990803,,,,,,
124,14449,,,0.000311951880576089,,,,,,
124,14459,,,0.0003834586823359132,,,,,,
124,14469,,,0.00040156373870559037,,,,,,
124,14479,,,0.00018268813437316567,,,,,,
124,14489,,,0.0003936246794182807,,,,,,
124,14499,,,0.0003898319264408201,,,,,,
124,14499,1.0,1.0,,0.00037028072983957827,1.0,,,,
125,14509,,,0.00027935454272665083,,,,,,
125,14519,,,0.00036341624218039215,,,,,,
125,14529,,,0.0002977732801809907,,,,,,
125,14539,,,0.00027666956884786487,,,,,,
125,14549,,,0.000442385149654001,,,,,,
125,14559,,,0.00033671624260023236,,,,,,
125,14569,,,0.00042340069194324315,,,,,,
125,14579,,,0.0003022951423190534,,,,,,
125,14589,,,0.0003635464236140251,,,,,,
125,14599,,,0.0005745335947722197,,,,,,
125,14609,,,0.00038494670297950506,,,,,,
125,14615,1.0,1.0,,0.00033733423333615065,1.0,,,,
126,14619,,,0.0003180383355356753,,,,,,
126,14629,,,0.000343883439199999,,,,,,
126,14639,,,0.00031034182757139206,,,,,,
126,14649,,,0.0003773427742999047,,,,,,
126,14659,,,0.00023407675325870514,,,,,,
126,14669,,,0.0004425371007528156,,,,,,
126,14679,,,0.0002577789418864995,,,,,,
126,14689,,,0.00027890779892913997,,,,,,
126,14699,,,0.00033041086862795055,,,,,,
126,14709,,,0.00029780177283100784,,,,,,
126,14719,,,0.00037865040940232575,,,,,,
126,14729,,,0.0004074185562785715,,,,,,
126,14731,1.0,1.0,,0.00031335727544501424,1.0,,,,
127,14739,,,0.0002709670225158334,,,,,,
127,14749,,,0.0003347264137119055,,,,,,
127,14759,,,0.0004276316030882299,,,,,,
127,14769,,,0.00031437401776202023,,,,,,
127,14779,,,0.00025432941038161516,,,,,,
127,14789,,,0.000264360016444698,,,,,,
127,14799,,,0.00021684839157387614,,,,,,
127,14809,,,0.00020194398530293256,,,,,,
127,14819,,,0.0003135243314318359,,,,,,
127,14829,,,0.00026529288152232766,,,,,,
127,14839,,,0.00027552645769901574,,,,,,
127,14847,1.0,1.0,,0.0002947957254946232,1.0,,,,
128,14849,,,0.00020120490808039904,,,,,,
128,14859,,,0.00023826031247153878,,,,,,
128,14869,,,0.0003094749990850687,,,,,,
128,14879,,,0.0002518928376957774,,,,,,
128,14889,,,0.00021658388141077012,,,,,,
128,14899,,,0.00025439070304855704,,,,,,
128,14909,,,0.00023836061882320791,,,,,,
128,14919,,,0.0003170680138282478,,,,,,
128,14929,,,0.00039978534914553165,,,,,,
128,14939,,,0.00022743231966160238,,,,,,
128,14949,,,0.00024026325263548642,,,,,,
128,14959,,,0.000235435800277628,,,,,,
128,14963,1.0,1.0,,0.0002780377399176359,1.0,,,,
129,14969,,,0.00022702016576658934,,,,,,
129,14979,,,0.0002238657616544515,,,,,,
129,14989,,,0.0002765654935501516,,,,,,
129,14999,,,0.00023499957751482725,,,,,,
129,15009,,,0.00025029503740370274,,,,,,
129,15019,,,0.00021906466281507164,,,,,,
129,15029,,,0.0002546104078646749,,,,,,
129,15039,,,0.0002866967406589538,,,,,,
129,15049,,,0.00023202593729365617,,,,,,
129,15059,,,0.00023308921663556248,,,,,,
129,15069,,,0.00029270630329847336,,,,,,
129,15079,,,0.00022374310356099159,,,,,,
129,15079,,,,,,0.7968412637710571,0.16746696829795837,0.07928779721260071,0.19106145203113556
129,15079,1.0,1.0,,0.00026192551013082266,1.0,,,,
130,15089,,,0.0002620283921714872,,,,,,
130,15099,,,0.0002366534317843616,,,,,,
130,15109,,,0.00029586278833448887,,,,,,
130,15119,,,0.00019151796004734933,,,,,,
130,15129,,,0.0002649201487656683,,,,,,
130,15139,,,0.0003441544540692121,,,,,,
130,15149,,,0.00023675149714108557,,,,,,
130,15159,,,0.00023547712771687657,,,,,,
130,15169,,,0.00045068576582707465,,,,,,
130,15179,,,0.0002061822742689401,,,,,,
130,15189,,,0.00026258238358423114,,,,,,
130,15195,1.0,1.0,,0.00024936418049037457,1.0,,,,
131,15199,,,0.0002682514314074069,,,,,,
131,15209,,,0.00023865519324317575,,,,,,
131,15219,,,0.0002171715022996068,,,,,,
131,15229,,,0.0003641064395196736,,,,,,
131,15239,,,0.00021201861090958118,,,,,,
131,15249,,,0.0002117351396009326,,,,,,
131,15259,,,0.00031039182795211673,,,,,,
131,15269,,,0.00021502506569959223,,,,,,
131,15279,,,0.0004055907193105668,,,,,,
131,15289,,,0.00019927213725168258,,,,,,
131,15299,,,0.0002533585939090699,,,,,,
131,15309,,,0.00023555192456115037,,,,,,
131,15311,1.0,1.0,,0.00023668009089305997,1.0,,,,
132,15319,,,0.0003017806448042393,,,,,,
132,15329,,,0.00026169000193476677,,,,,,
132,15339,,,0.0002615063567645848,,,,,,
132,15349,,,0.00021078162535559386,,,,,,
132,15359,,,0.00018682611698750407,,,,,,
132,15369,,,0.00022933284344617277,,,,,,
132,15379,,,0.0002185256453230977,,,,,,
132,15389,,,0.00016672130732331425,,,,,,
132,15399,,,0.00029441434890031815,,,,,,
132,15409,,,0.00020777576719410717,,,,,,
132,15419,,,0.0002704341022763401,,,,,,
132,15427,1.0,1.0,,0.0002260994224343449,1.0,,,,
133,15429,,,0.00020938552916049957,,,,,,
133,15439,,,0.00021276518236845732,,,,,,
133,15449,,,0.0002549887867644429,,,,,,
133,15459,,,0.00023821371723897755,,,,,,
133,15469,,,0.0002693265560083091,,,,,,
133,15479,,,0.0002057376696029678,,,,,,
133,15489,,,0.00017215094703715295,,,,,,
133,15499,,,0.0002492427302058786,,,,,,
133,15509,,,0.00022942331270314753,,,,,,
133,15519,,,0.0002094169904012233,,,,,,
133,15529,,,0.0001681859721429646,,,,,,
133,15539,,,0.0002478216483723372,,,,,,
133,15543,1.0,1.0,,0.00021606122027151287,1.0,,,,
134,15549,,,0.00019186204008292407,,,,,,
134,15559,,,0.00028210770688019693,,,,,,
134,15569,,,0.00019194417109247297,,,,,,
134,15579,,,0.0002008545125136152,,,,,,
134,15589,,,0.00016132464224938303,,,,,,
134,15599,,,0.000268670788500458,,,,,,
134,15609,,,0.00020046246936544776,,,,,,
134,15619,,,0.00014941026165615767,,,,,,
134,15629,,,0.0002771243453025818,,,,,,
134,15639,,,0.00017591984942555428,,,,,,
134,15649,,,0.0002668087254278362,,,,,,
134,15659,,,0.00014221400488168,,,,,,
134,15659,1.0,1.0,,0.00020785085507668555,1.0,,,,
135,15669,,,0.00017663738981354982,,,,,,
135,15679,,,0.00014613548410125077,,,,,,
135,15689,,,0.00017852828023023903,,,,,,
135,15699,,,0.0002109227207256481,,,,,,
135,15709,,,0.00022064699442125857,,,,,,
135,15719,,,0.00031491665868088603,,,,,,
135,15729,,,0.00015792141493875533,,,,,,
135,15739,,,0.00017887803551275283,,,,,,
135,15749,,,0.0001925592659972608,,,,,,
135,15759,,,0.0001772350660758093,,,,,,
135,15769,,,0.00021766724239569157,,,,,,
135,15775,1.0,1.0,,0.00019855782738886774,1.0,,,,
136,15779,,,0.0001956587948370725,,,,,,
136,15789,,,0.00018562011246103793,,,,,,
136,15799,,,0.00016265638987533748,,,,,,
136,15809,,,0.0002569429634604603,,,,,,
136,15819,,,0.00017375439347233623,,,,,,
136,15829,,,0.00017654614930506796,,,,,,
136,15839,,,0.00021154987916816026,,,,,,
136,15849,,,0.0001448631373932585,,,,,,
136,15859,,,0.00018977466970682144,,,,,,
136,15869,,,0.00016309328202623874,,,,,,
136,15879,,,0.00025836325949057937,,,,,,
136,15889,,,0.00022036535665392876,,,,,,
136,15891,1.0,1.0,,0.00019003071065526456,1.0,,,,
137,15899,,,0.00027283382951281965,,,,,,
137,15909,,,0.0001655321684665978,,,,,,
137,15919,,,0.00015356740914285183,,,,,,
137,15929,,,0.00014739828475285321,,,,,,
137,15939,,,0.00017641522572375834,,,,,,
137,15949,,,0.0001507316337665543,,,,,,
137,15959,,,0.00020988118194509298,,,,,,
137,15969,,,0.00018553143308963627,,,,,,
137,15979,,,0.0001931575097842142,,,,,,
137,15989,,,0.00014568152255378664,,,,,,
137,15999,,,0.00017190177459269762,,,,,,
137,16007,1.0,1.0,,0.00018199729674961418,1.0,,,,
138,16009,,,0.00016926362877711654,,,,,,
138,16019,,,0.0001542708050692454,,,,,,
138,16029,,,0.00017709787061903626,,,,,,
138,16039,,,0.00016605140990577638,,,,,,
138,16049,,,0.00017159600974991918,,,,,,
138,16059,,,0.00014601924340240657,,,,,,
138,16069,,,0.00013235144433565438,,,,,,
138,16079,,,0.0001342691102763638,,,,,,
138,16089,,,0.00018091835954692215,,,,,,
138,16099,,,0.00015747964789625257,,,,,,
138,16109,,,0.00010974489850923419,,,,,,
138,16119,,,0.00017968894098885357,,,,,,
138,16123,1.0,1.0,,0.0001754592958604917,1.0,,,,
139,16129,,,0.00015772422193549573,,,,,,
139,16139,,,0.00016280474665109068,,,,,,
139,16149,,,0.000139437077450566,,,,,,
139,16159,,,0.00012969768431503326,,,,,,
139,16169,,,0.0002492901112418622,,,,,,
139,16179,,,0.00015042955055832863,,,,,,
139,16189,,,0.00014391524018719792,,,,,,
139,16199,,,0.00018395377264823765,,,,,,
139,16209,,,0.0001942512026289478,,,,,,
139,16219,,,0.00012101648462703452,,,,,,
139,16229,,,0.00015666955732740462,,,,,,
139,16239,,,0.00018256557814311236,,,,,,
139,16239,,,,,,0.7918902039527893,0.17016297578811646,0.08347281068563461,0.1905604898929596
139,16239,1.0,1.0,,0.00016872846754267812,1.0,,,,
140,16249,,,0.00017230088997166604,,,,,,
140,16259,,,0.00016452072304673493,,,,,,
140,16269,,,0.0001378291635774076,,,,,,
140,16279,,,0.00019452226115390658,,,,,,
140,16289,,,0.00016053782019298524,,,,,,
140,16299,,,0.00016873532149475068,,,,,,
140,16309,,,0.0001419304753653705,,,,,,
140,16319,,,0.00013350951485335827,,,,,,
140,16329,,,0.0001398638414684683,,,,,,
140,16339,,,0.00019258024985902011,,,,,,
140,16349,,,9.943179611582309e-05,,,,,,
140,16355,1.0,1.0,,0.0001620071561774239,1.0,,,,
141,16359,,,0.00022847058426123112,,,,,,
141,16369,,,0.00015639179036952555,,,,,,
141,16379,,,0.00013133036554791033,,,,,,
141,16389,,,0.00012592946586664766,,,,,,
141,16399,,,0.00015231796714942902,,,,,,
141,16409,,,0.0001690974459052086,,,,,,
141,16419,,,0.00013979915820527822,,,,,,
141,16429,,,0.00016589026199653745,,,,,,
141,16439,,,0.00011175493273185566,,,,,,
141,16449,,,0.0001465187524445355,,,,,,
141,16459,,,0.00015198125038295984,,,,,,
141,16469,,,0.00012752017937600613,,,,,,
141,16471,1.0,1.0,,0.00015469944628421217,1.0,,,,
142,16479,,,0.00012288970174267888,,,,,,
142,16489,,,0.00011767823161790147,,,,,,
142,16499,,,0.00018009687482845038,,,,,,
142,16509,,,0.0001460005296394229,,,,,,
142,16519,,,0.00012068023352185264,,,,,,
142,16529,,,0.00014614139217883348,,,,,,
142,16539,,,0.00017272123659495264,,,,,,
142,16549,,,0.00013710452185478061,,,,,,
142,16559,,,0.0001533569156890735,,,,,,
142,16569,,,0.00012313628394622356,,,,,,
142,16579,,,0.00015157982124947011,,,,,,
142,16587,1.0,1.0,,0.00014851625019218773,1.0,,,,
143,16589,,,0.00013698538532480597,,,,,,
143,16599,,,0.00017889727314468473,,,,,,
143,16609,,,0.00010699242557166144,,,,,,
143,16619,,,0.00019453749700915068,,,,,,
143,16629,,,0.00020613783271983266,,,,,,
143,16639,,,0.00012395194789860398,,,,,,
143,16649,,,0.00018358063243795186,,,,,,
143,16659,,,0.00012189329572720453,,,,,,
143,16669,,,0.00021448149345815182,,,,,,
143,16679,,,0.00016464605869259685,,,,,,
143,16689,,,0.000160362251335755,,,,,,
143,16699,,,0.00010768494394142181,,,,,,
143,16703,1.0,1.0,,0.0001424757792847231,1.0,,,,
144,16709,,,0.00013071802095510066,,,,,,
144,16719,,,0.0001370306999888271,,,,,,
144,16729,,,0.00014139420818537474,,,,,,
144,16739,,,0.00012627460819203407,,,,,,
144,16749,,,0.00011935961083509028,,,,,,
144,16759,,,9.139679605141282e-05,,,,,,
144,16769,,,9.747293370310217e-05,,,,,,
144,16779,,,0.0001345075579592958,,,,,,
144,16789,,,0.00012457476987037808,,,,,,
144,16799,,,0.00015627981338184327,,,,,,
144,16809,,,0.00013657020463142544,,,,,,
144,16819,,,0.00011918965901713818,,,,,,
144,16819,1.0,1.0,,0.00013718230184167624,1.0,,,,
145,16829,,,9.939129813574255e-05,,,,,,
145,16839,,,9.547652007313445e-05,,,,,,
145,16849,,,0.00024505279725417495,,,,,,
145,16859,,,0.0001366086071357131,,,,,,
145,16869,,,0.00013799715088680387,,,,,,
145,16879,,,0.00014165994070935994,,,,,,
145,16889,,,0.00013385649072006345,,,,,,
145,16899,,,0.00015779789828229696,,,,,,
145,16909,,,0.00012745728599838912,,,,,,
145,16919,,,0.0001331562380073592,,,,,,
145,16929,,,0.00011291465489193797,,,,,,
145,16935,1.0,1.0,,0.00013169003068469465,1.0,,,,
146,16939,,,0.00013390235835686326,,,,,,
146,16949,,,8.244175114668906e-05,,,,,,
146,16959,,,0.0001167954906122759,,,,,,
146,16969,,,9.523668995825574e-05,,,,,,
146,16979,,,0.00012737595534417778,,,,,,
146,16989,,,0.00013637711526826024,,,,,,
146,16999,,,0.00013747744378633797,,,,,,
146,17009,,,9.126625081989914e-05,,,,,,
146,17019,,,0.00011254361743340269,,,,,,
146,17029,,,0.00017174864478874952,,,,,,
146,17039,,,0.0001587862498126924,,,,,,
146,17049,,,0.00014682702021673322,,,,,,
146,17051,1.0,0.9998378753662109,,0.00013841112377122045,1.0,,,,
147,17059,,,0.0001267993065994233,,,,,,
147,17069,,,0.0001782020553946495,,,,,,
147,17079,,,9.203980152960867e-05,,,,,,
147,17089,,,0.0001277265400858596,,,,,,
147,17099,,,0.00012109351519029588,,,,,,
147,17109,,,0.0001889174454845488,,,,,,
147,17119,,,0.00012640295608434826,,,,,,
147,17129,,,0.00015372240159194916,,,,,,
147,17139,,,0.00018827631720341742,,,,,,
147,17149,,,0.00020615820540115237,,,,,,
147,17159,,,0.0001477908226661384,,,,,,
147,17167,0.9999999403953552,0.9998378753662109,,0.00014630949590355158,0.9999815225601196,,,,
148,17169,,,0.00012919104483444244,,,,,,
148,17179,,,0.00010409814422018826,,,,,,
148,17189,,,0.00013387025683186948,,,,,,
148,17199,,,0.0006627341499552131,,,,,,
148,17209,,,0.00012241279182489961,,,,,,
148,17219,,,0.00010742580343503505,,,,,,
148,17229,,,0.0001597937080077827,,,,,,
148,17239,,,0.00024447523173876107,,,,,,
148,17249,,,0.00011414476466597989,,,,,,
148,17259,,,0.00015572669508401304,,,,,,
148,17269,,,8.903611887944862e-05,,,,,,
148,17279,,,9.64598948485218e-05,,,,,,
148,17283,0.9999997019767761,0.9988728761672974,,0.00015449774218723178,0.999911367893219,,,,
149,17289,,,8.429470472037792e-05,,,,,,
149,17299,,,0.0001972522441064939,,,,,,
149,17309,,,0.002048637019470334,,,,,,
149,17319,,,0.00039453108911402524,,,,,,
149,17329,,,0.0008209538063965738,,,,,,
149,17339,,,0.0004480861243791878,,,,,,
149,17349,,,0.0018402562709525228,,,,,,
149,17359,,,0.015240879729390144,,,,,,
149,17369,,,0.020968973636627197,,,,,,
149,17379,,,0.02120143547654152,,,,,,
149,17389,,,0.024505633860826492,,,,,,
149,17399,,,0.01929214969277382,,,,,,
149,17399,,,,,,0.7942940592765808,0.12258334457874298,0.06512457132339478,0.14140035212039948
149,17399,0.9955835342407227,0.8219994902610779,,0.010229096747934818,0.890169084072113,,,,
150,17409,,,0.01897486299276352,,,,,,
150,17419,,,0.010261386632919312,,,,,,
150,17429,,,0.009814330376684666,,,,,,
150,17439,,,0.012926711700856686,,,,,,
150,17449,,,0.01274115964770317,,,,,,
150,17459,,,0.010685085318982601,,,,,,
150,17469,,,0.012645735405385494,,,,,,
150,17479,,,0.015585034154355526,,,,,,
150,17489,,,0.011407111771404743,,,,,,
150,17499,,,0.008335278369486332,,,,,,
150,17509,,,0.0045644729398190975,,,,,,
150,17515,0.9953317046165466,0.7344893217086792,,0.011378245428204536,0.8496213555335999,,,,
151,17519,,,0.0026264179032295942,,,,,,
151,17529,,,0.002645561471581459,,,,,,
151,17539,,,0.00544145330786705,,,,,,
151,17549,,,0.0030640424229204655,,,,,,
151,17559,,,0.0032441478688269854,,,,,,
151,17569,,,0.004771075677126646,,,,,,
151,17579,,,0.0029157819226384163,,,,,,
151,17589,,,0.005973028019070625,,,,,,
151,17599,,,0.002943797269836068,,,,,,
151,17609,,,0.0019664473365992308,,,,,,
151,17619,,,0.00521285692229867,,,,,,
151,17629,,,0.003591442247852683,,,,,,
151,17631,0.9994576573371887,0.8895416855812073,,0.004732836037874222,0.9626321196556091,,,,
152,17639,,,0.001000768388621509,,,,,,
152,17649,,,0.0021128372754901648,,,,,,
152,17659,,,0.0013298169942572713,,,,,,
152,17669,,,0.0016289305640384555,,,,,,
152,17679,,,0.0012684290995821357,,,,,,
152,17689,,,0.0024289023131132126,,,,,,
152,17699,,,0.001227178261615336,,,,,,
152,17709,,,0.001422828296199441,,,,,,
152,17719,,,0.0009259212529286742,,,,,,
152,17729,,,0.0008371861767955124,,,,,,
152,17739,,,0.000983996782451868,,,,,,
152,17747,0.9999729990959167,0.9775604009628296,,0.0015364675782620907,0.9974528551101685,,,,
153,17749,,,0.0007719193818047643,,,,,,
153,17759,,,0.0007204982684925199,,,,,,
153,17769,,,0.0015434392262250185,,,,,,
153,17779,,,0.0007117560598999262,,,,,,
153,17789,,,0.0005854923510923982,,,,,,
153,17799,,,0.0007049627602100372,,,,,,
153,17809,,,0.0004647699825000018,,,,,,
153,17819,,,0.0004683277802541852,,,,,,
153,17829,,,0.000684536003973335,,,,,,
153,17839,,,0.0004869024851359427,,,,,,
153,17849,,,0.0014162859879434109,,,,,,
153,17859,,,0.0007370164967142045,,,,,,
153,17863,0.9999955296516418,0.9960324764251709,,0.0006977171287871897,0.9992504119873047,,,,
154,17869,,,0.00038873436278663576,,,,,,
154,17879,,,0.0004445301601663232,,,,,,
154,17889,,,0.0004377085715532303,,,,,,
154,17899,,,0.0003959733003284782,,,,,,
154,17909,,,0.000335479446221143,,,,,,
154,17919,,,0.0004982117679901421,,,,,,
154,17929,,,0.0003768212627619505,,,,,,
154,17939,,,0.00041700381552800536,,,,,,
154,17949,,,0.00042184721678495407,,,,,,
154,17959,,,0.00039222690975293517,,,,,,
154,17969,,,0.0003795023658312857,,,,,,
154,17979,,,0.000305298890452832,,,,,,
154,17979,0.9999998211860657,0.9997273087501526,,0.0003662411472760141,0.9999618530273438,,,,
155,17989,,,0.0002926453307736665,,,,,,
155,17999,,,0.0002805445110425353,,,,,,
155,18009,,,0.0002811705053318292,,,,,,
155,18019,,,0.00019013465498574078,,,,,,
155,18029,,,0.0002483959251549095,,,,,,
155,18039,,,0.00024201362975873053,,,,,,
155,18049,,,0.00046168582048267126,,,,,,
155,18059,,,0.0002523981384001672,,,,,,
155,18069,,,0.0002940550330094993,,,,,,
155,18079,,,0.00030904734740033746,,,,,,
155,18089,,,0.0002872757613658905,,,,,,
155,18095,1.0,1.0,,0.00027675562887452543,1.0,,,,
156,18099,,,0.00023383264488074929,,,,,,
156,18109,,,0.0002334977179998532,,,,,,
156,18119,,,0.0002422822144581005,,,,,,
156,18129,,,0.0002241409820271656,,,,,,
156,18139,,,0.00024566813954152167,,,,,,
156,18149,,,0.0002288159157615155,,,,,,
156,18159,,,0.00025714485673233867,,,,,,
156,18169,,,0.00020193052478134632,,,,,,
156,18179,,,0.00018278256175108254,,,,,,
156,18189,,,0.0002479296235833317,,,,,,
156,18199,,,0.00025181437376886606,,,,,,
156,18209,,,0.0002017946244450286,,,,,,
156,18211,1.0,1.0,,0.00024047531769610941,1.0,,,,
157,18219,,,0.00021083348838146776,,,,,,
157,18229,,,0.0002531495993025601,,,,,,
157,18239,,,0.0001896530156955123,,,,,,
157,18249,,,0.0002247704251203686,,,,,,
157,18259,,,0.00021914175886195153,,,,,,
157,18269,,,0.0002143321471521631,,,,,,
157,18279,,,0.00024105505144689232,,,,,,
157,18289,,,0.00023332564160227776,,,,,,
157,18299,,,0.00021505831682588905,,,,,,
157,18309,,,0.0002001249376917258,,,,,,
157,18319,,,0.00022985719260759652,,,,,,
157,18327,1.0,1.0,,0.00021815999934915453,1.0,,,,
158,18329,,,0.00022717774845659733,,,,,,
158,18339,,,0.00020382519869599491,,,,,,
158,18349,,,0.00013793035759590566,,,,,,
158,18359,,,0.00019753334345296025,,,,,,
158,18369,,,0.00018796489166561514,,,,,,
158,18379,,,0.00020044528355356306,,,,,,
158,18389,,,0.00020837968622799963,,,,,,
158,18399,,,0.00020220933947712183,,,,,,
158,18409,,,0.00019238810637034476,,,,,,
158,18419,,,0.0002031021867878735,,,,,,
158,18429,,,0.0001887684193206951,,,,,,
158,18439,,,0.00017427027341909707,,,,,,
158,18443,1.0,1.0,,0.00020130303164478391,1.0,,,,
159,18449,,,0.00024502247106283903,,,,,,
159,18459,,,0.00014710964751429856,,,,,,
159,18469,,,0.00018236295727547258,,,,,,
159,18479,,,0.00020621540897991508,,,,,,
159,18489,,,0.00014024871052242815,,,,,,
159,18499,,,0.00017208543431479484,,,,,,
159,18509,,,0.00017705417121760547,,,,,,
159,18519,,,0.00018357242515776306,,,,,,
159,18529,,,0.00021915175602771342,,,,,,
159,18539,,,0.00018794118659570813,,,,,,
159,18549,,,0.00019142279052175581,,,,,,
159,18559,,,0.00020162925648037344,,,,,,
159,18559,,,,,,0.7931895852088928,0.17591416835784912,0.08335421979427338,0.19425073266029358
159,18559,1.0,1.0,,0.00018784563872031868,1.0,,,,
160,18569,,,0.0003672674938570708,,,,,,
160,18579,,,0.0001265486207557842,,,,,,
160,18589,,,0.00013752118684351444,,,,,,
160,18599,,,0.00017113331705331802,,,,,,
160,18609,,,0.00024454144295305014,,,,,,
160,18619,,,0.00019071254064328969,,,,,,
160,18629,,,0.0001682459405856207,,,,,,
160,18639,,,0.00014373498561326414,,,,,,
160,18649,,,0.0001894672168418765,,,,,,
160,18659,,,0.00015073889517225325,,,,,,
160,18669,,,0.00017886441492009908,,,,,,
160,18675,1.0,1.0,,0.0001765971101121977,1.0,,,,
161,18679,,,0.0001515207113698125,,,,,,
161,18689,,,0.00015091884415596724,,,,,,
161,18699,,,0.00020297541050240397,,,,,,
161,18709,,,0.00016336575208697468,,,,,,
161,18719,,,0.00022407369397114962,,,,,,
161,18729,,,0.00016355045954696834,,,,,,
161,18739,,,0.000177300680661574,,,,,,
161,18749,,,0.00015553839330095798,,,,,,
161,18759,,,0.00022813520627096295,,,,,,
161,18769,,,0.00012641337525565177,,,,,,
161,18779,,,0.0001497165358159691,,,,,,
161,18789,,,0.00020812182629015297,,,,,,
161,18791,1.0,1.0,,0.0001671680511208251,1.0,,,,
162,18799,,,0.00014125417510513216,,,,,,
162,18809,,,0.00011529048788361251,,,,,,
162,18819,,,0.00012725364649668336,,,,,,
162,18829,,,0.00015178628382273018,,,,,,
162,18839,,,0.00023815063468646258,,,,,,
162,18849,,,0.00013016178854741156,,,,,,
162,18859,,,0.0001422754576196894,,,,,,
162,18869,,,0.00014951915363781154,,,,,,
162,18879,,,0.00029540612013079226,,,,,,
162,18889,,,0.00013759362627752125,,,,,,
162,18899,,,0.0001833349233493209,,,,,,
162,18907,1.0,1.0,,0.00015862745931372046,1.0,,,,
163,18909,,,0.0001422177883796394,,,,,,
163,18919,,,0.00020847671839874238,,,,,,
163,18929,,,0.00013338874850887805,,,,,,
163,18939,,,0.00015174501459114254,,,,,,
163,18949,,,0.0001418705505784601,,,,,,
163,18959,,,0.00010958816710626706,,,,,,
163,18969,,,0.00014526637096423656,,,,,,
163,18979,,,0.00012999193859286606,,,,,,
163,18989,,,0.0001139818414230831,,,,,,
163,18999,,,0.00016187538858503103,,,,,,
163,19009,,,0.00017117282550316304,,,,,,
163,19019,,,0.00015929674555081874,,,,,,
163,19023,1.0,1.0,,0.0001509204739704728,1.0,,,,
164,19029,,,0.00014746190572623163,,,,,,
164,19039,,,0.00011458235530881211,,,,,,
164,19049,,,0.00010151271999347955,,,,,,
164,19059,,,0.00016915667220018804,,,,,,
164,19069,,,9.249046706827357e-05,,,,,,
164,19079,,,0.0001226484455401078,,,,,,
164,19089,,,0.00013387789658736438,,,,,,
164,19099,,,0.00014697069127578288,,,,,,
164,19109,,,0.00010155730706173927,,,,,,
164,19119,,,0.00013540976215153933,,,,,,
164,19129,,,0.00015107783838175237,,,,,,
164,19139,,,0.00016321887960657477,,,,,,
164,19139,1.0,1.0,,0.0001438934268662706,1.0,,,,
165,19149,,,0.00012387792230583727,,,,,,
165,19159,,,0.00012121108011342585,,,,,,
165,19169,,,0.00013357910211198032,,,,,,
165,19179,,,0.00014413018652703613,,,,,,
165,19189,,,0.00013747562479693443,,,,,,
165,19199,,,0.0001318591384915635,,,,,,
165,19209,,,0.00017408172425348312,,,,,,
165,19219,,,0.00010000437032431364,,,,,,
165,19229,,,0.00011403574899304658,,,,,,
165,19239,,,0.0001454144949093461,,,,,,
165,19249,,,0.00012881684233434498,,,,,,
165,19255,1.0,1.0,,0.00013735779793933034,1.0,,,,
166,19259,,,0.0002371734008193016,,,,,,
166,19269,,,0.0001617950911168009,,,,,,
166,19279,,,0.00012259514187462628,,,,,,
166,19289,,,0.000125597114674747,,,,,,
166,19299,,,0.00011036947398679331,,,,,,
166,19309,,,0.00015534792328253388,,,,,,
166,19319,,,0.00012982227781321853,,,,,,
166,19329,,,0.00015030382201075554,,,,,,
166,19339,,,0.00014944699069019407,,,,,,
166,19349,,,0.00013698541442863643,,,,,,
166,19359,,,0.00015713038737885654,,,,,,
166,19369,,,9.536411380395293e-05,,,,,,
166,19371,1.0,1.0,,0.00013226771261543036,1.0,,,,
167,19379,,,0.00014416150224860758,,,,,,
167,19389,,,0.0001702890294836834,,,,,,
167,19399,,,0.00012892183440271765,,,,,,
167,19409,,,0.00011270770482951775,,,,,,
167,19419,,,0.00010599676897982135,,,,,,
167,19429,,,0.00016534479800611734,,,,,,
167,19439,,,0.00015453425294253975,,,,,,
167,19449,,,0.00010273852240061387,,,,,,
167,19459,,,0.00013940580538474023,,,,,,
167,19469,,,0.00015519092266913503,,,,,,
167,19479,,,8.238868758780882e-05,,,,,,
167,19487,1.0,1.0,,0.00012696876365225762,1.0,,,,
168,19489,,,0.00014800819917581975,,,,,,
168,19499,,,8.817861089482903e-05,,,,,,
168,19509,,,0.00011933435598621145,,,,,,
168,19519,,,0.00014081792323850095,,,,,,
168,19529,,,0.00012875942047685385,,,,,,
168,19539,,,0.00014326833479572088,,,,,,
168,19549,,,9.949158265953884e-05,,,,,,
168,19559,,,0.00011289525718893856,,,,,,
168,19569,,,9.271052840631455e-05,,,,,,
168,19579,,,0.00013477874745149165,,,,,,
168,19589,,,9.349083848064765e-05,,,,,,
168,19599,,,0.0001294302346650511,,,,,,
168,19603,1.0,1.0,,0.0001212140268762596,1.0,,,,
169,19609,,,7.977192581165582e-05,,,,,,
169,19619,,,0.00012319654342718422,,,,,,
169,19629,,,0.00012762400729116052,,,,,,
169,19639,,,0.0001289274514419958,,,,,,
169,19649,,,0.00012062607856933028,,,,,,
169,19659,,,0.00012850436905864626,,,,,,
169,19669,,,0.00010021500929724425,,,,,,
169,19679,,,0.00012618704931810498,,,,,,
169,19689,,,9.207642870023847e-05,,,,,,
169,19699,,,0.0001225419109687209,,,,,,
169,19709,,,0.0001003606739686802,,,,,,
169,19719,,,0.00012678770872298628,,,,,,
169,19719,,,,,,0.7879721522331238,0.17547784745693207,0.08756133168935776,0.1943121701478958
169,19719,1.0,1.0,,0.00011621344310697168,1.0,,,,
170,19729,,,9.616624447517097e-05,,,,,,
170,19739,,,0.00014126382302492857,,,,,,
170,19749,,,0.00010181732068303972,,,,,,
170,19759,,,0.00014818570343777537,,,,,,
170,19769,,,0.0001370873360428959,,,,,,
170,19779,,,0.0001565790007589385,,,,,,
170,19789,,,6.899185245856643e-05,,,,,,
170,19799,,,0.00011812906450359151,,,,,,
170,19809,,,0.00011176354018971324,,,,,,
170,19819,,,0.0001003044453682378,,,,,,
170,19829,,,0.00011910166358575225,,,,,,
170,19835,1.0,1.0,,0.00011205332702957094,1.0,,,,
171,19839,,,8.558808622183278e-05,,,,,,
171,19849,,,9.333750494988635e-05,,,,,,
171,19859,,,0.00011936383816646412,,,,,,
171,19869,,,0.00014488885062746704,,,,,,
171,19879,,,7.720063877059147e-05,,,,,,
171,19889,,,9.518191654933617e-05,,,,,,
171,19899,,,0.00012998627789784223,,,,,,
171,19909,,,7.311231456696987e-05,,,,,,
171,19919,,,0.00012537837028503418,,,,,,
171,19929,,,0.00010994396870955825,,,,,,
171,19939,,,0.00010280138667440042,,,,,,
171,19949,,,0.0001195622535306029,,,,,,
171,19951,1.0,1.0,,0.00010805758211063221,1.0,,,,
172,19959,,,0.00010303258750354871,,,,,,
172,19969,,,7.562410610262305e-05,,,,,,
172,19979,,,9.024960309034213e-05,,,,,,
172,19989,,,9.884610335575417e-05,,,,,,
172,19999,,,0.00011984789307462052,,,,,,
172,20009,,,5.930603583692573e-05,,,,,,
172,20019,,,0.00010682387801352888,,,,,,
172,20029,,,9.175925515592098e-05,,,,,,
172,20039,,,8.728790999157354e-05,,,,,,
172,20049,,,8.958492253441364e-05,,,,,,
172,20059,,,7.798394653946161e-05,,,,,,
172,20067,1.0,1.0,,0.00010404619388282299,1.0,,,,
173,20069,,,0.00013250470510683954,,,,,,
173,20079,,,9.131775004789233e-05,,,,,,
173,20089,,,0.00010329293581889942,,,,,,
173,20099,,,9.18064615689218e-05,,,,,,
173,20109,,,0.0001116442508646287,,,,,,
173,20119,,,8.73941826284863e-05,,,,,,
173,20129,,,8.980493294075131e-05,,,,,,
173,20139,,,0.00010330860823160037,,,,,,
173,20149,,,8.882325346348807e-05,,,,,,
173,20159,,,9.23715706449002e-05,,,,,,
173,20169,,,7.312039815587923e-05,,,,,,
173,20179,,,9.392826905241236e-05,,,,,,
173,20183,1.0,1.0,,0.0001002143180812709,1.0,,,,
174,20189,,,7.178830855991691e-05,,,,,,
174,20199,,,8.659907325636595e-05,,,,,,
174,20209,,,6.792875501560047e-05,,,,,,
174,20219,,,7.752171950414777e-05,,,,,,
174,20229,,,7.160461245803162e-05,,,,,,
174,20239,,,0.00010438750177854672,,,,,,
174,20249,,,0.00010364437912357971,,,,,,
174,20259,,,0.00012202519428683445,,,,,,
174,20269,,,0.00011674148117890581,,,,,,
174,20279,,,0.00011940384865738451,,,,,,
174,20289,,,6.891123484820127e-05,,,,,,
174,20299,,,0.00010732628288678825,,,,,,
174,20299,1.0,1.0,,9.593104186933488e-05,1.0,,,,
175,20309,,,6.986763764871284e-05,,,,,,
175,20319,,,7.415776781272143e-05,,,,,,
175,20329,,,7.371502579189837e-05,,,,,,
175,20339,,,0.0001226484018843621,,,,,,
175,20349,,,8.180904114851728e-05,,,,,,
175,20359,,,9.097604197449982e-05,,,,,,
175,20369,,,6.438351556425914e-05,,,,,,
175,20379,,,6.76057898090221e-05,,,,,,
175,20389,,,0.00010767039202619344,,,,,,
175,20399,,,8.935552614275366e-05,,,,,,
175,20409,,,0.00013602890248876065,,,,,,
175,20415,1.0,1.0,,9.25963613553904e-05,1.0,,,,
176,20419,,,6.902757741045207e-05,,,,,,
176,20429,,,9.19570738915354e-05,,,,,,
176,20439,,,9.660834621172398e-05,,,,,,
176,20449,,,9.363264689454809e-05,,,,,,
176,20459,,,9.613586735213175e-05,,,,,,
176,20469,,,0.0001236990065081045,,,,,,
176,20479,,,8.45103058964014e-05,,,,,,
176,20489,,,8.956845704233274e-05,,,,,,
176,20499,,,6.602620851481333e-05,,,,,,
176,20509,,,7.157526852097362e-05,,,,,,
176,20519,,,9.260029764845967e-05,,,,,,
176,20529,,,7.29804378352128e-05,,,,,,
176,20531,1.0,1.0,,8.927017188398167e-05,1.0,,,,
177,20539,,,8.606633491581306e-05,,,,,,
177,20549,,,7.457429455826059e-05,,,,,,
177,20559,,,6.25776156084612e-05,,,,,,
177,20569,,,6.559024041052908e-05,,,,,,
177,20579,,,0.00010242290591122583,,,,,,
177,20589,,,9.282021346734837e-05,,,,,,
177,20599,,,0.00013678941468242556,,,,,,
177,20609,,,7.021235069260001e-05,,,,,,
177,20619,,,8.76454432727769e-05,,,,,,
177,20629,,,5.675203647115268e-05,,,,,,
177,20639,,,6.69918954372406e-05,,,,,,
177,20647,1.0,1.0,,8.626548515167087e-05,1.0,,,,
178,20649,,,7.346364145632833e-05,,,,,,
178,20659,,,6.50709553156048e-05,,,,,,
178,20669,,,7.151689351303503e-05,,,,,,
178,20679,,,7.901668141130358e-05,,,,,,
178,20689,,,7.258284313138574e-05,,,,,,
178,20699,,,0.00010923284571617842,,,,,,
178,20709,,,8.287170203402638e-05,,,,,,
178,20719,,,0.00010437518358230591,,,,,,
178,20729,,,0.00010188526357524097,,,,,,
178,20739,,,8.809840801404789e-05,,,,,,
178,20749,,,4.667706889449619e-05,,,,,,
178,20759,,,5.829801375512034e-05,,,,,,
178,20763,1.0,1.0,,8.29438868095167e-05,1.0,,,,
179,20769,,,7.390884275082499e-05,,,,,,
179,20779,,,7.185169670265168e-05,,,,,,
179,20789,,,8.284035720862448e-05,,,,,,
179,20799,,,7.429079414578155e-05,,,,,,
179,20809,,,6.506939098471776e-05,,,,,,
179,20819,,,7.606851431773975e-05,,,,,,
179,20829,,,9.116721048485488e-05,,,,,,
179,20839,,,6.489270890597254e-05,,,,,,
179,20849,,,5.0429523980710655e-05,,,,,,
179,20859,,,5.9984256949974224e-05,,,,,,
179,20869,,,7.627570448676124e-05,,,,,,
179,20879,,,8.177044946933165e-05,,,,,,
179,20879,,,,,,0.7841644883155823,0.1759582757949829,0.0912604108452797,0.1937103122472763
179,20879,1.0,1.0,,7.986726996023208e-05,1.0,,,,
180,20889,,,8.232371328631416e-05,,,,,,
180,20899,,,6.491087697213516e-05,,,,,,
180,20909,,,5.787648478872143e-05,,,,,,
180,20919,,,0.00010130395094165578,,,,,,
180,20929,,,6.13637239439413e-05,,,,,,
180,20939,,,5.773011071141809e-05,,,,,,
180,20949,,,4.9021549784811214e-05,,,,,,
180,20959,,,8.075795631157234e-05,,,,,,
180,20969,,,5.76504971832037e-05,,,,,,
180,20979,,,6.547418888658285e-05,,,,,,
180,20989,,,0.00010017790191341192,,,,,,
180,20995,1.0,1.0,,7.727556658210233e-05,1.0,,,,
181,20999,,,9.169770055450499e-05,,,,,,
181,21009,,,6.622412183787674e-05,,,,,,
181,21019,,,6.119676254456863e-05,,,,,,
181,21029,,,6.823195144534111e-05,,,,,,
181,21039,,,6.942913751117885e-05,,,,,,
181,21049,,,5.9200890973443165e-05,,,,,,
181,21059,,,8.171982335625216e-05,,,,,,
181,21069,,,6.46809785393998e-05,,,,,,
181,21079,,,8.245166100095958e-05,,,,,,
181,21089,,,5.41099943802692e-05,,,,,,
181,21099,,,5.146010153112002e-05,,,,,,
181,21109,,,0.00010063382069347426,,,,,,
181,21111,1.0,1.0,,7.419924077112228e-05,1.0,,,,
182,21119,,,6.833082443336025e-05,,,,,,
182,21129,,,5.887713632546365e-05,,,,,,
182,21139,,,3.885498153977096e-05,,,,,,
182,21149,,,5.140776193002239e-05,,,,,,
182,21159,,,7.037913019303232e-05,,,,,,
182,21169,,,8.11987483757548e-05,,,,,,
182,21179,,,7.228242611745372e-05,,,,,,
182,21189,,,6.413272785721347e-05,,,,,,
182,21199,,,8.274305582745001e-05,,,,,,
182,21209,,,8.764585800236091e-05,,,,,,
182,21219,,,6.017395207891241e-05,,,,,,
182,21227,1.0,1.0,,7.163128611864522e-05,1.0,,,,
183,21229,,,8.012198668438941e-05,,,,,,
183,21239,,,8.454697672277689e-05,,,,,,
183,21249,,,5.7476536312606186e-05,,,,,,
183,21259,,,0.00010871344420593232,,,,,,
183,21269,,,6.625490641454235e-05,,,,,,
183,21279,,,5.194401819608174e-05,,,,,,
183,21289,,,6.128646055003628e-05,,,,,,
183,21299,,,7.370368257397786e-05,,,,,,
183,21309,,,6.285613926593214e-05,,,,,,
183,21319,,,7.968898717081174e-05,,,,,,
183,21329,,,7.055036257952452e-05,,,,,,
183,21339,,,8.575361425755545e-05,,,,,,
183,21343,1.0,1.0,,6.894241232657805e-05,1.0,,,,
184,21349,,,7.159012602642179e-05,,,,,,
184,21359,,,4.7469566197833046e-05,,,,,,
184,21369,,,8.97297213668935e-05,,,,,,
184,21379,,,6.060889063519426e-05,,,,,,
184,21389,,,7.18324154149741e-05,,,,,,
184,21399,,,7.362250471487641e-05,,,,,,
184,21409,,,9.763645357452333e-05,,,,,,
184,21419,,,5.602245801128447e-05,,,,,,
184,21429,,,4.95739805046469e-05,,,,,,
184,21439,,,7.544698746642098e-05,,,,,,
184,21449,,,5.480718027683906e-05,,,,,,
184,21459,,,3.522956831147894e-05,,,,,,
184,21459,1.0,1.0,,6.651467265328392e-05,1.0,,,,
185,21469,,,4.4930238800588995e-05,,,,,,
185,21479,,,7.008011016296223e-05,,,,,,
185,21489,,,4.505526885623112e-05,,,,,,
185,21499,,,6.577096064575016e-05,,,,,,
185,21509,,,5.770961433881894e-05,,,,,,
185,21519,,,9.875941032078117e-05,,,,,,
185,21529,,,7.333452958846465e-05,,,,,,
185,21539,,,7.32071785023436e-05,,,,,,
185,21549,,,7.100430957507342e-05,,,,,,
185,21559,,,5.5823547882027924e-05,,,,,,
185,21569,,,4.985892155673355e-05,,,,,,
185,21575,1.0,1.0,,6.434370880015194e-05,1.0,,,,
186,21579,,,7.440560875693336e-05,,,,,,
186,21589,,,6.58493663650006e-05,,,,,,
186,21599,,,6.0914113419130445e-05,,,,,,
186,21609,,,6.446296902140602e-05,,,,,,
186,21619,,,8.138053090078756e-05,,,,,,
186,21629,,,6.970852700760588e-05,,,,,,
186,21639,,,3.6437999369809404e-05,,,,,,
186,21649,,,5.6568194850115106e-05,,,,,,
186,21659,,,6.740596290910617e-05,,,,,,
186,21669,,,6.603664951398969e-05,,,,,,
186,21679,,,4.897268445347436e-05,,,,,,
186,21689,,,6.338003004202619e-05,,,,,,
186,21691,1.0,1.0,,6.205339741427451e-05,1.0,,,,
187,21699,,,3.746399306692183e-05,,,,,,
187,21709,,,4.989730587112717e-05,,,,,,
187,21719,,,5.530274211196229e-05,,,,,,
187,21729,,,4.247629476594739e-05,,,,,,
187,21739,,,6.672548624919727e-05,,,,,,
187,21749,,,7.247384928632528e-05,,,,,,
187,21759,,,5.967738979961723e-05,,,,,,
187,21769,,,6.103925261413679e-05,,,,,,
187,21779,,,6.0670074162771925e-05,,,,,,
187,21789,,,5.807173511129804e-05,,,,,,
187,21799,,,4.3228690628893673e-05,,,,,,
187,21807,1.0,1.0,,5.984088784316555e-05,1.0,,,,
188,21809,,,6.406998727470636e-05,,,,,,
188,21819,,,6.195093737915158e-05,,,,,,
188,21829,,,6.86263301759027e-05,,,,,,
188,21839,,,5.603304452961311e-05,,,,,,
188,21849,,,7.070079300319776e-05,,,,,,
188,21859,,,6.714732444379479e-05,,,,,,
188,21869,,,4.5353968744166195e-05,,,,,,
188,21879,,,4.4953918404644355e-05,,,,,,
188,21889,,,5.0226477469550446e-05,,,,,,
188,21899,,,9.240967483492568e-05,,,,,,
188,21909,,,5.731159762945026e-05,,,,,,
188,21919,,,9.999705071095377e-05,,,,,,
188,21923,1.0,1.0,,5.948304897174239e-05,1.0,,,,
189,21929,,,6.711704918416217e-05,,,,,,
189,21939,,,4.338100188761018e-05,,,,,,
189,21949,,,4.4526059355121106e-05,,,,,,
189,21959,,,3.251173984608613e-05,,,,,,
189,21969,,,5.64041365578305e-05,,,,,,
189,21979,,,0.0001016367386910133,,,,,,
189,21989,,,4.724497193819843e-05,,,,,,
189,21999,,,5.535452874028124e-05,,,,,,
189,22009,,,5.673528721672483e-05,,,,,,
189,22019,,,7.620234828209504e-05,,,,,,
189,22029,,,4.728400381281972e-05,,,,,,
189,22039,,,6.671851588180289e-05,,,,,,
189,22039,,,,,,0.7818368077278137,0.17541362345218658,0.09517067670822144,0.1926133781671524
189,22039,1.0,1.0,,5.637794311041944e-05,1.0,,,,
190,22049,,,5.4241605539573357e-05,,,,,,
190,22059,,,5.1041679398622364e-05,,,,,,
190,22069,,,3.482144893496297e-05,,,,,,
190,22079,,,7.109464786481112e-05,,,,,,
190,22089,,,5.602582314168103e-05,,,,,,
190,22099,,,4.736629853141494e-05,,,,,,
190,22109,,,6.259883957682177e-05,,,,,,
190,22119,,,4.731303852167912e-05,,,,,,
190,22129,,,4.7919093049131334e-05,,,,,,
190,22139,,,8.028563752304763e-05,,,,,,
190,22149,,,3.483083128230646e-05,,,,,,
190,22155,1.0,1.0,,5.383709503803402e-05,1.0,,,,
191,22159,,,5.8367004385218024e-05,,,,,,
191,22169,,,5.607981438515708e-05,,,,,,
191,22179,,,7.514896424254403e-05,,,,,,
191,22189,,,4.522678500507027e-05,,,,,,
191,22199,,,5.101141141494736e-05,,,,,,
191,22209,,,4.6324454160640016e-05,,,,,,
191,22219,,,3.556821320671588e-05,,,,,,
191,22229,,,3.297208604635671e-05,,,,,,
191,22239,,,7.228490721900016e-05,,,,,,
191,22249,,,4.400945545057766e-05,,,,,,
191,22259,,,5.5016789701767266e-05,,,,,,
191,22269,,,5.51720368093811e-05,,,,,,
191,22271,1.0,1.0,,5.154369864612818e-05,1.0,,,,
192,22279,,,4.622372944140807e-05,,,,,,
192,22289,,,5.3286119509721175e-05,,,,,,
192,22299,,,3.447247945587151e-05,,,,,,
192,22309,,,5.130751378601417e-05,,,,,,
192,22319,,,4.108565190108493e-05,,,,,,
192,22329,,,4.953486495651305e-05,,,,,,
192,22339,,,4.677443575928919e-05,,,,,,
192,22349,,,4.596573853632435e-05,,,,,,
192,22359,,,5.0885413656942546e-05,,,,,,
192,22369,,,5.2514602430164814e-05,,,,,,
192,22379,,,6.871602090541273e-05,,,,,,
192,22387,1.0,1.0,,5.089019759907387e-05,1.0,,,,
193,22389,,,5.416338535724208e-05,,,,,,
193,22399,,,3.262445534346625e-05,,,,,,
193,22409,,,7.450785778928548e-05,,,,,,
193,22419,,,6.739870150340721e-05,,,,,,
193,22429,,,6.586366362171248e-05,,,,,,
193,22439,,,0.001370636047795415,,,,,,
193,22449,,,0.014490656554698944,,,,,,
193,22459,,,0.03635115921497345,,,,,,
193,22469,,,0.020197466015815735,,,,,,
193,22479,,,0.0229035597294569,,,,,,
193,22489,,,0.026831679046154022,,,,,,
193,22499,,,0.014628821983933449,,,,,,
193,22503,0.9944589734077454,0.7951439023017883,,0.011604789644479752,0.8638129234313965,,,,
194,22509,,,0.013174643740057945,,,,,,
194,22519,,,0.018042664974927902,,,,,,
194,22529,,,0.021209290251135826,,,,,,
194,22539,,,0.020408624783158302,,,,,,
194,22549,,,0.009375733323395252,,,,,,
194,22559,,,0.009340563789010048,,,,,,
194,22569,,,0.013136333785951138,,,,,,
194,22579,,,0.005708449520170689,,,,,,
194,22589,,,0.0073049296624958515,,,,,,
194,22599,,,0.01055986899882555,,,,,,
194,22609,,,0.0080213388428092,,,,,,
194,22619,,,0.006034983322024345,,,,,,
194,22619,0.9951409697532654,0.7385707497596741,,0.011867107823491096,0.8556209206581116,,,,
195,22629,,,0.0038145785219967365,,,,,,
195,22639,,,0.0044579776003956795,,,,,,
195,22649,,,0.0033652950078248978,,,,,,
195,22659,,,0.0025201367679983377,,,,,,
195,22669,,,0.0018900178838521242,,,,,,
195,22679,,,0.0014973037177696824,,,,,,
195,22689,,,0.0016963398084044456,,,,,,
195,22699,,,0.002040332183241844,,,,,,
195,22709,,,0.004089555703103542,,,,,,
195,22719,,,0.004316328559070826,,,,,,
195,22729,,,0.005251727532595396,,,,,,
195,22735,0.9997760653495789,0.9455553293228149,,0.003013170789927244,0.9870523810386658,,,,
196,22739,,,0.0010581060778349638,,,,,,
196,22749,,,0.0011630277149379253,,,,,,
196,22759,,,0.0025271086487919092,,,,,,
196,22769,,,0.0013098069466650486,,,,,,
196,22779,,,0.0011801649816334248,,,,,,
196,22789,,,0.0029329066164791584,,,,,,
196,22799,,,0.0008196830749511719,,,,,,
196,22809,,,0.0011041815159842372,,,,,,
196,22819,,,0.0007722916197963059,,,,,,
196,22829,,,0.0020056390203535557,,,,,,
196,22839,,,0.0015666673425585032,,,,,,
196,22849,,,0.0012756178621202707,,,,,,
196,22851,0.9999647736549377,0.9824420809745789,,0.0013803865294903517,0.9980736970901489,,,,
197,22859,,,0.0009036254487000406,,,,,,
197,22869,,,0.0006964693311601877,,,,,,
197,22879,,,0.0005488781025633216,,,,,,
197,22889,,,0.0005140078137628734,,,,,,
197,22899,,,0.0005148537456989288,,,,,,
197,22909,,,0.00036432454362511635,,,,,,
197,22919,,,0.0004683760635089129,,,,,,
197,22929,,,0.00027953620883636177,,,,,,
197,22939,,,0.00029354874277487397,,,,,,
197,22949,,,0.0003375837404746562,,,,,,
197,22959,,,0.0003926611680071801,,,,,,
197,22967,0.9999995231628418,0.9976129531860352,,0.00047470725257880986,0.9999701380729675,,,,
198,22969,,,0.0002294614096172154,,,,,,
198,22979,,,0.00021680837380699813,,,,,,
198,22989,,,0.00026128740864805877,,,,,,
198,22999,,,0.00021852750796824694,,,,,,
198,23009,,,0.0001915756001835689,,,,,,
198,23019,,,0.00031617528293281794,,,,,,
198,23029,,,0.0002028236776823178,,,,,,
198,23039,,,0.000234474558965303,,,,,,
198,23049,,,0.00023058416263666004,,,,,,
198,23059,,,0.00024526313063688576,,,,,,
198,23069,,,0.00023727647203486413,,,,,,
198,23079,,,0.00033131777308881283,,,,,,
198,23083,1.0,0.9999233484268188,,0.00023219146532937884,1.0,,,,
199,23089,,,0.0001552702160552144,,,,,,
199,23099,,,0.00016893648717086762,,,,,,
199,23109,,,0.00016623867850285023,,,,,,
199,23119,,,0.0001512754097348079,,,,,,
199,23129,,,0.0001713513775030151,,,,,,
199,23139,,,0.0001224470033776015,,,,,,
199,23149,,,0.00022546312538906932,,,,,,
199,23159,,,0.00017807869880925864,,,,,,
199,23169,,,0.00022227771114557981,,,,,,
199,23179,,,0.0001822622725740075,,,,,,
199,23189,,,0.00011887039727298543,,,,,,
199,23199,,,0.00018412215285934508,,,,,,
199,23199,,,,,,0.8019106984138489,0.17633208632469177,0.0858338326215744,0.19130130112171173
199,23199,1.0,1.0,,0.0001710819487925619,1.0,,,,
